"logFC","logCPM","PValue","FDR","gene","celltype","bcv","dispersion"
-13.4815048740798,10.8855015449515,7.52297652036689e-27,8.75072628849077e-23,"Igkc","Cd74",0.2,0.04
4.76570398530525,8.45053614768025,1.57022122432077e-16,9.13240664064961e-13,"Cybb","Cd74",0.2,0.04
-11.5271800504073,9.08065518059401,1.61238877317023e-15,6.25176873650537e-12,"Jchain","Cd74",0.2,0.04
-4.77112216913963,10.1603798227522,2.68510287837985e-15,7.80827917032859e-12,"S100a9","Cd74",0.2,0.04
-4.98660227933228,9.81455124398158,1.69721522128297e-14,3.94840149079271e-11,"S100a8","Cd74",0.2,0.04
3.79885409232219,9.66292479159727,2.59354677937138e-14,5.02802268960799e-11,"Apoe","Cd74",0.2,0.04
-10.9227537921343,8.54636873936604,1.43570950914937e-12,2.38573900148936e-09,"Igha","Cd74",0.2,0.04
4.94743287294449,7.03231960457069,1.9099963171885e-12,2.77713464519208e-09,"Gngt2","Cd74",0.2,0.04
4.75714658673909,6.56768085072746,1.70322163434668e-10,2.20131933896895e-07,"Csf1r","Cd74",0.2,0.04
2.97608380585589,8.73236359507751,4.9023977711109e-09,5.7024690873562e-06,"Ifitm3","Cd74",0.2,0.04
9.76671269725556,6.10240505478662,5.74927624192876e-09,6.0795982951014e-06,"Clec4a3","Cd74",0.2,0.04
4.54870312668101,6.06580467617145,1.50713727264673e-08,1.46091839628556e-05,"Sirpa","Cd74",0.2,0.04
3.18720121851883,7.37202255056778,4.9373745847017e-08,4.35667942503781e-05,"Zeb2","Cd74",0.2,0.04
-9.89680721735884,7.65973506884377,5.24359628185431e-08,4.35667942503781e-05,"Ngp","Cd74",0.2,0.04
4.60339686724327,5.84710952147798,8.20481551578342e-08,6.36256093863951e-05,"Cebpb","Cd74",0.2,0.04
5.55223280360686,5.72440488809648,1.67165323717247e-07,0.000121529190342438,"Gal","Cd74",0.2,0.04
2.75401844138348,8.2278106591162,1.84472459443567e-07,0.000126222567543975,"Ifi27l2a","Cd74",0.2,0.04
2.89545581570583,7.64506574914494,2.32119133940379e-07,0.000150000542555249,"Bcl2a1b","Cd74",0.2,0.04
3.9697591305946,6.07592915490668,3.45318342067584e-07,0.000211407523943692,"Cd300c2","Cd74",0.2,0.04
2.1483870707891,10.8292763823415,1.18505329766727e-06,0.000689226997923283,"Lyz2","Cd74",0.2,0.04
4.21703283552855,5.43865426096727,2.40376685247575e-06,0.00133145790609514,"Clec4a1","Cd74",0.2,0.04
-3.21946309687193,8.28659523494215,4.74663534436205e-06,0.00250967556025543,"Camp","Cd74",0.2,0.04
5.70141972854326,5.2173790799869,5.44526776785322e-06,0.00263913977815286,"Ly6a","Cd74",0.2,0.04
4.3544443775736,5.27328079517667,5.44526776785322e-06,0.00263913977815286,"Ccl9","Cd74",0.2,0.04
9.0088669104398,5.08705405213464,8.2813447302768e-06,0.00385314407610319,"Cyp4f18","Cd74",0.2,0.04
-8.8983197718282,6.81089412987578,3.20596805268581e-05,0.0143430078418621,"Ltf","Cd74",0.2,0.04
-2.93305568046562,8.04988531785033,3.67014847231169e-05,0.0158115433444184,"Hist1h2ae","Cd74",0.2,0.04
8.76836790268022,4.80429752921588,4.77658993920414e-05,0.0198433193474366,"Adgre4","Cd74",0.2,0.04
2.74487786376129,6.52564994480125,4.9831261711612e-05,0.0199874909044645,"Smpdl3a","Cd74",0.2,0.04
3.24331179261402,5.7030791808485,5.75183844585803e-05,0.0214061245045902,"Trps1","Cd74",0.2,0.04
3.12987599997952,5.74141187538983,5.75183844585803e-05,0.0214061245045902,"Dkkl1","Cd74",0.2,0.04
3.23079032011256,5.950984875702,5.88889257347735e-05,0.0214061245045902,"Tgfbi","Cd74",0.2,0.04
3.40903733839104,5.37358884964412,7.35111148660181e-05,0.025842462405964,"Hpgd","Cd74",0.2,0.04
3.94041765175668,4.90615890092895,7.55367711316004e-05,0.025842462405964,"Il4i1","Cd74",0.2,0.04
-2.17624606022801,8.96202150938147,8.07051878338336e-05,0.0268217927109472,"Ube2c","Cd74",0.2,0.04
2.87329383336677,6.07399575144255,0.000137914791177502,0.0445618014160196,"Lgmn","Cd74",0.2,0.04
2.1740113257301,7.33253187102309,0.000173131459243343,0.0544287874032044,"Lst1","Cd74",0.2,0.04
-1.80313040944996,9.70118924134893,0.000244767684735825,0.0749246765486083,"Tagln2","Cd74",0.2,0.04
2.69686560489807,6.02524482477101,0.000252157268453525,0.0752075217090103,"Cx3cr1","Cd74",0.2,0.04
8.47959632321906,4.49325183826402,0.00031520810287973,0.0894268451877321,"Klra2","Cd74",0.2,0.04
4.07749603720493,4.69715434234671,0.00031520810287973,0.0894268451877321,"Asph","Cd74",0.2,0.04
-1.95625267383907,8.78846516476646,0.000405718277973905,0.112364643080773,"Hist1h2ap","Cd74",0.2,0.04
2.8114535610484,5.72663595982768,0.000419448279039528,0.113465636785763,"Mfge8","Cd74",0.2,0.04
-2.79203222275822,7.57200275564732,0.000462154503589037,0.122176845130629,"Cenpf","Cd74",0.2,0.04
-8.28773306608862,6.2951038944001,0.000589000101715112,0.152249981847782,"Pold1","Cd74",0.2,0.04
-2.2066957866865,8.1767236839031,0.000636905892342441,0.158517973557391,"Cks2","Cd74",0.2,0.04
1.98397986678568,7.27951007527201,0.000640504191643518,0.158517973557391,"H2-Q7","Cd74",0.2,0.04
2.38723082700132,6.3731607759414,0.000668180828091576,0.161922487340859,"Pbxip1","Cd74",0.2,0.04
2.98876208187324,5.36726885841422,0.000739506464531313,0.175549779498535,"Il13ra1","Cd74",0.2,0.04
1.89422405965386,7.38032819763774,0.000816616207682921,0.189977594555355,"Ltb","Cd74",0.2,0.04
8.31017644307063,4.32497377901945,0.000857570223219348,0.191831862240143,"Sirpb1c","Cd74",0.2,0.04
3.8855001411661,4.55415872380301,0.000857570223219348,0.191831862240143,"Lcp2","Cd74",0.2,0.04
5.67190737205214,4.26164781667173,0.00143700956323242,0.309542504435546,"Gm9733","Cd74",0.2,0.04
3.66397284154511,4.40468582313622,0.00143700956323242,0.309542504435546,"Tnip3","Cd74",0.2,0.04
-7.86048692216753,5.93597690740418,0.00159793251009649,0.326090367674427,"Gar1","Cd74",0.2,0.04
-7.86048692216753,5.93597690740418,0.00159793251009649,0.326090367674427,"Dcaf7","Cd74",0.2,0.04
2.83716321283739,5.26324807085766,0.00159793251009649,0.326090367674427,"Il18r1","Cd74",0.2,0.04
-7.83259426088451,5.91261062485688,0.0023648225458361,0.442549049310195,"Dnttip1","Cd74",0.2,0.04
-7.83259426088451,5.91261062485688,0.0023648225458361,0.442549049310195,"Lrrk1","Cd74",0.2,0.04
-7.83259426088451,5.91261062485688,0.0023648225458361,0.442549049310195,"Map2k1","Cd74",0.2,0.04
-7.83259426088451,5.91261062485688,0.0023648225458361,0.442549049310195,"Ndc80","Cd74",0.2,0.04
-8.06610986597008,6.10856201639898,0.00237037140205092,0.442549049310195,"Retnlg","Cd74",0.2,0.04
4.58920606551427,4.20020392033691,0.00243493287103271,0.442549049310195,"Il7r","Cd74",0.2,0.04
4.05365510886316,4.30660389563806,0.00243493287103271,0.442549049310195,"Fcgr3","Cd74",0.2,0.04
-1.43586174014948,9.768706600203,0.00270309450463213,0.483729158121245,"S100a10","Cd74",0.2,0.04
-3.38544251865186,6.70811189369448,0.00281747405356549,0.496558457440512,"Lcn2","Cd74",0.2,0.04
1.94771376143415,6.66604247502888,0.0032271001499035,0.511103914959381,"Fyb","Cd74",0.2,0.04
-1.49107944601739,9.25489419118293,0.00334442375404368,0.511103914959381,"H2afx","Cd74",0.2,0.04
3.57900187556942,4.6380025994299,0.00334605524595407,0.511103914959381,"Pilra","Cd74",0.2,0.04
3.32634647212056,4.71644628924078,0.00334605524595407,0.511103914959381,"Chd7","Cd74",0.2,0.04
3.11141360714242,4.79012311683673,0.00334605524595407,0.511103914959381,"Sdc4","Cd74",0.2,0.04
-7.99239257846292,6.04662706837563,0.00338513180761866,0.511103914959381,"Ncapg","Cd74",0.2,0.04
-7.99239257846292,6.04662706837563,0.00338513180761866,0.511103914959381,"Mob3a","Cd74",0.2,0.04
-7.99239257846292,6.04662706837563,0.00338513180761866,0.511103914959381,"Adprh","Cd74",0.2,0.04
2.49544230357831,5.40736060278055,0.00338513180761866,0.511103914959381,"Dnmt3a","Cd74",0.2,0.04
2.14138912073478,6.01719638835828,0.00348955402844373,0.511103914959381,"Chka","Cd74",0.2,0.04
-7.74552692211272,5.83975231333338,0.00351515759944554,0.511103914959381,"Ifitm1","Cd74",0.2,0.04
-7.74552692211272,5.83975231333338,0.00351515759944554,0.511103914959381,"Wtap","Cd74",0.2,0.04
-7.74552692211272,5.83975231333338,0.00351515759944554,0.511103914959381,"Pgp","Cd74",0.2,0.04
2.95084587878145,5.04235829462129,0.00351515759944554,0.511103914959381,"Metrnl","Cd74",0.2,0.04
-1.93823352117522,7.76539330645853,0.00396221410271601,0.568993511639415,"Klf4","Cd74",0.2,0.04
3.79183100254874,4.14058577138703,0.00417417063605608,0.578023248078622,"Slamf9","Cd74",0.2,0.04
3.79183100254874,4.14058577138703,0.00417417063605608,0.578023248078622,"Gm5547","Cd74",0.2,0.04
3.79183100254874,4.14058577138703,0.00417417063605608,0.578023248078622,"1700006J14Rik","Cd74",0.2,0.04
2.54902570426732,5.54539538811007,0.00436854826243528,0.590871551030782,"Upf2","Cd74",0.2,0.04
2.37096082328293,5.62484897926107,0.00436854826243528,0.590871551030782,"Nfe2l2","Cd74",0.2,0.04
1.39071559623814,8.4202167820185,0.00482994883422738,0.645769710801528,"Srgn","Cd74",0.2,0.04
1.3398514455596,8.83828654710307,0.00498996501220489,0.6595826479769,"Ctss","Cd74",0.2,0.04
-1.81191219179723,7.86540945110328,0.00505591388839473,0.660790902806825,"Minos1","Cd74",0.2,0.04
-7.68441863569703,5.78869499550061,0.00524730524756346,0.670732468567673,"Wfdc21","Cd74",0.2,0.04
-7.62060705794879,5.73545487367789,0.00524730524756346,0.670732468567673,"Kcnk12","Cd74",0.2,0.04
-3.29154984266404,6.63033761094066,0.00591186124468408,0.739427634388873,"Rab11a","Cd74",0.2,0.04
1.93738394923095,6.24222799638271,0.00591186124468408,0.739427634388873,"Tmcc1","Cd74",0.2,0.04
-2.58796399879478,6.90022206736321,0.00606866913150668,0.750965524868996,"Zmiz1","Cd74",0.2,0.04
-2.23098209159625,7.11700344989814,0.00725996712960258,0.880565217709457,"Sarnp","Cd74",0.2,0.04
-2.07966163500312,7.35920002950233,0.00726738831672179,0.880565217709457,"Cdk1","Cd74",0.2,0.04
-1.5067650929274,8.54156623563517,0.00737480453843558,0.88436831331013,"Tubb4b","Cd74",0.2,0.04
1.58553975894161,7.24768674615439,0.00778765613459806,0.888184827810642,"Ctsc","Cd74",0.2,0.04
-7.58761066446656,5.70795746352097,0.00786477280471941,0.888184827810642,"Gm8186","Cd74",0.2,0.04
-7.55384189903484,5.67984072574512,0.00786477280471941,0.888184827810642,"Sh2d3c","Cd74",0.2,0.04
-7.55384189903484,5.67984072574512,0.00786477280471941,0.888184827810642,"Mrps28","Cd74",0.2,0.04
-7.55384189903484,5.67984072574512,0.00786477280471941,0.888184827810642,"Appl1","Cd74",0.2,0.04
-7.51926373418421,5.65107668363058,0.00786477280471941,0.888184827810642,"Zfp280d","Cd74",0.2,0.04
1.4613706759381,7.62819366229288,0.00818219315622611,0.915146834550213,"Tmem176a","Cd74",0.2,0.04
-1.51226347203731,8.44712887971176,0.00829609972893051,0.919049829018283,"Tmpo","Cd74",0.2,0.04
3.10481917249957,4.58034678654529,0.00839028164338929,0.920714679961361,"Tgfbr2","Cd74",0.2,0.04
-3.08316909835144,6.45811713757214,0.00898543010193235,0.958885531611716,"Ccdc124","Cd74",0.2,0.04
-3.06436530809655,6.44260446899012,0.00898543010193235,0.958885531611716,"Klrk1","Cd74",0.2,0.04
-3.06436530809655,6.44260446899012,0.00898543010193235,0.958885531611716,"Upb1","Cd74",0.2,0.04
-2.5336314250273,6.85594065157372,0.00927011717793314,0.971441468592057,"Sell","Cd74",0.2,0.04
-2.51972243329393,6.84461267198563,0.00927011717793314,0.971441468592057,"St13","Cd74",0.2,0.04
-1.56278204593528,8.13864686649083,0.00952241171764083,0.988970474103554,"Uqcrb","Cd74",0.2,0.04
1.14866047382995,10.1362242155582,0.00961637882319388,0.989891313906117,"H2-K1","Cd74",0.2,0.04
-1.78249565997027,7.64316553766251,0.0098892308658788,1,"Pak1","Cd74",0.2,0.04
2.54462132524485,5.20951266728606,0.0100337229032323,1,"Igsf6","Cd74",0.2,0.04
2.32602242342988,5.30897832050526,0.0100337229032323,1,"Arl5c","Cd74",0.2,0.04
-1.88728265251329,7.49113501830574,0.010695033425192,1,"Chmp2a","Cd74",0.2,0.04
-1.63301841239386,7.90021408111516,0.0108602693263326,1,"Cct5","Cd74",0.2,0.04
-1.53634639133095,8.24412782062741,0.0109231248118085,1,"Snrpd2","Cd74",0.2,0.04
-7.48383641427495,5.62163544869488,0.0118324272465622,1,"Rtl8b","Cd74",0.2,0.04
-7.48383641427495,5.62163544869488,0.0118324272465622,1,"Anln","Cd74",0.2,0.04
-7.48383641427495,5.62163544869488,0.0118324272465622,1,"Vti1b","Cd74",0.2,0.04
-7.44751718072037,5.59148504377233,0.0118324272465622,1,"Ccdc25","Cd74",0.2,0.04
-7.44751718072037,5.59148504377233,0.0118324272465622,1,"Rnf144b","Cd74",0.2,0.04
-7.44751718072037,5.59148504377233,0.0118324272465622,1,"Sbf1","Cd74",0.2,0.04
-7.44751718072037,5.59148504377233,0.0118324272465622,1,"Pum3","Cd74",0.2,0.04
-7.41025996172062,5.56059120513077,0.0118324272465622,1,"D1Ertd622e","Cd74",0.2,0.04
-2.13651933625235,7.04106842382493,0.012652253732398,1,"C1qbp","Cd74",0.2,0.04
7.6348291410964,3.75137184972029,0.0127308484105026,1,"Ace","Cd74",0.2,0.04
3.47171645530616,3.96471748898225,0.0127308484105026,1,"Tspyl3","Cd74",0.2,0.04
3.47171645530616,3.96471748898225,0.0127308484105026,1,"Fam26f","Cd74",0.2,0.04
3.47171645530616,3.96471748898225,0.0127308484105026,1,"Rbpms","Cd74",0.2,0.04
3.47171645530616,3.96471748898225,0.0127308484105026,1,"Ms4a6d","Cd74",0.2,0.04
1.31720630455232,7.95845587925973,0.0127605663056625,1,"Tmem176b","Cd74",0.2,0.04
1.62009387951081,6.82313198041369,0.012963030425032,1,"Wfdc17","Cd74",0.2,0.04
-1.10214006500199,10.728678675671,0.0129946681807125,1,"Ubb","Cd74",0.2,0.04
-1.29406019230178,8.92832537360703,0.0135226592713328,1,"Top2a","Cd74",0.2,0.04
1.08373911028881,10.1712281010972,0.0138432071971199,1,"Fcer1g","Cd74",0.2,0.04
1.28770724511548,8.01934700696968,0.0141947015047393,1,"Ctsb","Cd74",0.2,0.04
2.06969576752839,5.76854915706136,0.0143802242497025,1,"Marcksl1","Cd74",0.2,0.04
-1.42623912908995,8.27604774657182,0.0144082693085604,1,"Smc4","Cd74",0.2,0.04
-1.02901391020792,12.665599674272,0.014686198009636,1,"Tmsb10","Cd74",0.2,0.04
-1.19940335670356,9.39131282903523,0.0147948355903401,1,"Anxa2","Cd74",0.2,0.04
-2.98659906382004,6.37850246608196,0.015305393689328,1,"Snx21","Cd74",0.2,0.04
-1.46646267237974,8.06538559022272,0.0155098731288083,1,"Hist1h1b","Cd74",0.2,0.04
-1.26865017324114,8.9097680857124,0.0160392904854089,1,"Gm10076","Cd74",0.2,0.04
-1.06107293856645,10.8869062650795,0.0161848436261368,1,"Irf8","Cd74",0.2,0.04
-1.74997533090126,7.38313122440451,0.0163423149497345,1,"Arhgap5","Cd74",0.2,0.04
1.82214008782715,6.1748197230467,0.0166546375844885,1,"Trnt1","Cd74",0.2,0.04
1.72970122699298,6.22261223911931,0.0166546375844885,1,"Tbc1d1","Cd74",0.2,0.04
-1.17848285276557,9.42001253858744,0.0167454358866694,1,"S100a11","Cd74",0.2,0.04
-1.16272106695236,9.4087796521184,0.0167515826648359,1,"Atp5e","Cd74",0.2,0.04
-2.40334196906335,6.74995705433687,0.0175390690866382,1,"Srebf2","Cd74",0.2,0.04
-7.37201502086077,5.52891716068355,0.0178622178785732,1,"Tapbpl","Cd74",0.2,0.04
-7.33272855784928,5.49642338073231,0.0178622178785732,1,"Npepps","Cd74",0.2,0.04
-7.33272855784928,5.49642338073231,0.0178622178785732,1,"Cpsf3","Cd74",0.2,0.04
-7.33272855784928,5.49642338073231,0.0178622178785732,1,"Heatr5a","Cd74",0.2,0.04
-7.33272855784928,5.49642338073231,0.0178622178785732,1,"Mcrs1","Cd74",0.2,0.04
-7.33272855784928,5.49642338073231,0.0178622178785732,1,"Rbm4b","Cd74",0.2,0.04
-7.29234225335591,5.46306729706079,0.0178622178785732,1,"Tmem70","Cd74",0.2,0.04
-7.29234225335591,5.46306729706079,0.0178622178785732,1,"Pqlc2","Cd74",0.2,0.04
-7.29234225335591,5.46306729706079,0.0178622178785732,1,"Dock5","Cd74",0.2,0.04
-2.0613781053368,6.98080256610667,0.0183322432778012,1,"Pkib","Cd74",0.2,0.04
1.50375032193729,6.78707082819693,0.0185027111513127,1,"Myb","Cd74",0.2,0.04
-1.17471130213262,9.18418110126166,0.0185148764469458,1,"Arl6ip1","Cd74",0.2,0.04
-1.18366898101442,9.08541420525252,0.0186754890445799,1,"Dynll1","Cd74",0.2,0.04
-1.85284971512594,7.1789736651671,0.0187489763128166,1,"Cops9","Cd74",0.2,0.04
1.41922723421357,7.09806201578859,0.0189024482138272,1,"Bod1l","Cd74",0.2,0.04
1.15085036734612,8.62125812140924,0.0193675697349068,1,"Ptprc","Cd74",0.2,0.04
-2.92539366766135,6.3281144626775,0.019987883914371,1,"Cdkn2c","Cd74",0.2,0.04
2.23918963657153,5.1567647332728,0.0209521105904993,1,"Phf11a","Cd74",0.2,0.04
2.23918963657153,5.1567647332728,0.0209521105904993,1,"Sec14l1","Cd74",0.2,0.04
-1.46359853224543,7.92462909260596,0.0210013746476138,1,"Ndufa7","Cd74",0.2,0.04
-2.26010736064323,6.63378574696704,0.0214439294065342,1,"Commd1","Cd74",0.2,0.04
-7.02294318242821,5.24196591512984,0.0215665482862897,1,"Prkab2","Cd74",0.2,0.04
-7.02294318242821,5.24196591512984,0.0215665482862897,1,"Fxr2","Cd74",0.2,0.04
-7.02294318242821,5.24196591512984,0.0215665482862897,1,"Mink1","Cd74",0.2,0.04
-7.02294318242821,5.24196591512984,0.0215665482862897,1,"Mis12","Cd74",0.2,0.04
-7.02294318242821,5.24196591512984,0.0215665482862897,1,"Evi2","Cd74",0.2,0.04
-7.02294318242821,5.24196591512984,0.0215665482862897,1,"Atxn7l3","Cd74",0.2,0.04
-7.02294318242821,5.24196591512984,0.0215665482862897,1,"Kpna2","Cd74",0.2,0.04
-7.02294318242821,5.24196591512984,0.0215665482862897,1,"Secisbp2","Cd74",0.2,0.04
-7.02294318242821,5.24196591512984,0.0215665482862897,1,"Ctnnd2","Cd74",0.2,0.04
-7.02294318242821,5.24196591512984,0.0215665482862897,1,"Ttc9c","Cd74",0.2,0.04
-6.97271324172309,5.20104753867564,0.0215665482862897,1,"Smim27","Cd74",0.2,0.04
-6.97271324172309,5.20104753867564,0.0215665482862897,1,"Gpbp1l1","Cd74",0.2,0.04
-6.97271324172309,5.20104753867564,0.0215665482862897,1,"Isy1","Cd74",0.2,0.04
-6.97271324172309,5.20104753867564,0.0215665482862897,1,"Ppp5c","Cd74",0.2,0.04
-6.97271324172309,5.20104753867564,0.0215665482862897,1,"Gtf3c1","Cd74",0.2,0.04
-6.97271324172309,5.20104753867564,0.0215665482862897,1,"Ckap2","Cd74",0.2,0.04
-6.97271324172309,5.20104753867564,0.0215665482862897,1,"Cherp","Cd74",0.2,0.04
-6.97271324172309,5.20104753867564,0.0215665482862897,1,"Ecsit","Cd74",0.2,0.04
-6.97271324172309,5.20104753867564,0.0215665482862897,1,"Pno1","Cd74",0.2,0.04
-6.97271324172309,5.20104753867564,0.0215665482862897,1,"Hist1h1d","Cd74",0.2,0.04
-6.97271324172309,5.20104753867564,0.0215665482862897,1,"Bicd2","Cd74",0.2,0.04
-6.97271324172309,5.20104753867564,0.0215665482862897,1,"Rnf44","Cd74",0.2,0.04
-6.97271324172309,5.20104753867564,0.0215665482862897,1,"Tagap","Cd74",0.2,0.04
-6.97271324172309,5.20104753867564,0.0215665482862897,1,"Ss18","Cd74",0.2,0.04
-6.97271324172309,5.20104753867564,0.0215665482862897,1,"Ide","Cd74",0.2,0.04
-6.92067117621372,5.15876781764838,0.0215665482862897,1,"E2f1","Cd74",0.2,0.04
-6.92067117621372,5.15876781764838,0.0215665482862897,1,"Chil3","Cd74",0.2,0.04
-6.92067117621372,5.15876781764838,0.0215665482862897,1,"Sec24d","Cd74",0.2,0.04
-6.92067117621372,5.15876781764838,0.0215665482862897,1,"Eif2b1","Cd74",0.2,0.04
-6.92067117621372,5.15876781764838,0.0215665482862897,1,"Xpc","Cd74",0.2,0.04
-6.92067117621372,5.15876781764838,0.0215665482862897,1,"Med4","Cd74",0.2,0.04
-6.92067117621372,5.15876781764838,0.0215665482862897,1,"Mre11a","Cd74",0.2,0.04
-6.92067117621372,5.15876781764838,0.0215665482862897,1,"Pes1","Cd74",0.2,0.04
-6.92067117621372,5.15876781764838,0.0215665482862897,1,"Cryzl1","Cd74",0.2,0.04
-6.92067117621372,5.15876781764838,0.0215665482862897,1,"Rnf14","Cd74",0.2,0.04
3.09565046963401,4.34685894423235,0.0215665482862897,1,"Adam11","Cd74",0.2,0.04
3.09565046963401,4.34685894423235,0.0215665482862897,1,"Serpinb6a","Cd74",0.2,0.04
3.09565046963401,4.34685894423235,0.0215665482862897,1,"Irf2bpl","Cd74",0.2,0.04
3.09565046963401,4.34685894423235,0.0215665482862897,1,"Ccr6","Cd74",0.2,0.04
3.09565046963401,4.34685894423235,0.0215665482862897,1,"Zfp523","Cd74",0.2,0.04
2.84299506618515,4.43863195907124,0.0215665482862897,1,"Cpeb4","Cd74",0.2,0.04
2.84299506618515,4.43863195907124,0.0215665482862897,1,"Lgals3bp","Cd74",0.2,0.04
2.84299506618515,4.43863195907124,0.0215665482862897,1,"Zfp994","Cd74",0.2,0.04
2.84299506618515,4.43863195907124,0.0215665482862897,1,"Col17a1","Cd74",0.2,0.04
-2.35715933016624,6.7124602917271,0.0216952903340808,1,"Rsu1","Cd74",0.2,0.04
-2.35715933016624,6.7124602917271,0.0216952903340808,1,"Rab11b","Cd74",0.2,0.04
-2.34143064333307,6.69969840459743,0.0216952903340808,1,"Arhgap9","Cd74",0.2,0.04
-1.65141871582777,7.54095800398357,0.0217081794391349,1,"Baz1a","Cd74",0.2,0.04
-1.68113361343774,7.32919957863672,0.0219798434843382,1,"Stx7","Cd74",0.2,0.04
-2.02228701454156,6.94949866900386,0.0220647392202095,1,"Slc35c2","Cd74",0.2,0.04
-1.34354788256291,8.21406845288786,0.0222026423258899,1,"Hnrnpa0","Cd74",0.2,0.04
7.31471459385382,3.52900246215099,0.0226768237312078,1,"Pltp","Cd74",0.2,0.04
7.31471459385382,3.52900246215099,0.0226768237312078,1,"Abi3","Cd74",0.2,0.04
7.31471459385382,3.52900246215099,0.0226768237312078,1,"Gm34084","Cd74",0.2,0.04
4.86844141887415,3.69081691150796,0.0226768237312078,1,"Slc11a1","Cd74",0.2,0.04
4.86844141887415,3.69081691150796,0.0226768237312078,1,"F11r","Cd74",0.2,0.04
4.86844141887415,3.69081691150796,0.0226768237312078,1,"Ear2","Cd74",0.2,0.04
4.86844141887415,3.69081691150796,0.0226768237312078,1,"Chst2","Cd74",0.2,0.04
4.86844141887415,3.69081691150796,0.0226768237312078,1,"Pglyrp2","Cd74",0.2,0.04
4.00726741195727,3.83491791523113,0.0226768237312078,1,"Atg4c","Cd74",0.2,0.04
4.00726741195727,3.83491791523113,0.0226768237312078,1,"Nrgn","Cd74",0.2,0.04
4.00726741195727,3.83491791523113,0.0226768237312078,1,"Tcf7","Cd74",0.2,0.04
-1.20120078116891,8.79460196855924,0.0229252399637919,1,"Aif1","Cd74",0.2,0.04
-0.957655301298643,11.8880644778687,0.0246918278183539,1,"Crip1","Cd74",0.2,0.04
-1.57209332891475,7.47939712492061,0.0249225827657622,1,"Plp2","Cd74",0.2,0.04
1.91809689849254,5.6861035827725,0.0254752966249815,1,"Gm20342","Cd74",0.2,0.04
1.91809689849254,5.6861035827725,0.0254752966249815,1,"Capg","Cd74",0.2,0.04
1.78818119253401,5.75457519818715,0.0254752966249815,1,"AB124611","Cd74",0.2,0.04
-1.66084573580928,7.31333352267045,0.0254850937832878,1,"Sms","Cd74",0.2,0.04
-1.66084573580928,7.31333352267045,0.0254850937832878,1,"Ncf4","Cd74",0.2,0.04
-1.21484570830427,8.58496269602982,0.0255957969257963,1,"Hspe1","Cd74",0.2,0.04
-2.83952519496814,6.25752238169341,0.0261053308212822,1,"Plcg2","Cd74",0.2,0.04
-2.81723504319775,6.2392178829433,0.0261053308212822,1,"Commd4","Cd74",0.2,0.04
1.8789612639537,5.86530794649363,0.0261053308212822,1,"Mrpl38","Cd74",0.2,0.04
-1.98210714642002,6.91735778195124,0.0265520699499783,1,"Aurkb","Cd74",0.2,0.04
-1.96846127577455,6.90645020455975,0.0265520699499783,1,"Pafah1b3","Cd74",0.2,0.04
-2.2262495474153,6.60637981497045,0.0268200670192747,1,"Dbf4","Cd74",0.2,0.04
-2.2262495474153,6.60637981497045,0.0268200670192747,1,"Tcf4","Cd74",0.2,0.04
-7.25079274828542,5.42880298543866,0.0270427099219053,1,"Man1b1","Cd74",0.2,0.04
-7.25079274828542,5.42880298543866,0.0270427099219053,1,"Usp50","Cd74",0.2,0.04
-7.25079274828542,5.42880298543866,0.0270427099219053,1,"Pde7a","Cd74",0.2,0.04
-7.25079274828542,5.42880298543866,0.0270427099219053,1,"Ncbp1","Cd74",0.2,0.04
-7.25079274828542,5.42880298543866,0.0270427099219053,1,"Aimp2","Cd74",0.2,0.04
-7.25079274828542,5.42880298543866,0.0270427099219053,1,"Asna1","Cd74",0.2,0.04
-7.25079274828542,5.42880298543866,0.0270427099219053,1,"Ldlr","Cd74",0.2,0.04
-7.20801104581721,5.39358080567193,0.0270427099219053,1,"Blvra","Cd74",0.2,0.04
-7.20801104581721,5.39358080567193,0.0270427099219053,1,"Tmem268","Cd74",0.2,0.04
-7.20801104581721,5.39358080567193,0.0270427099219053,1,"Hsph1","Cd74",0.2,0.04
-7.20801104581721,5.39358080567193,0.0270427099219053,1,"Ubfd1","Cd74",0.2,0.04
-7.20801104581721,5.39358080567193,0.0270427099219053,1,"Uhrf1bp1l","Cd74",0.2,0.04
-7.20801104581721,5.39358080567193,0.0270427099219053,1,"Rai1","Cd74",0.2,0.04
-7.20801104581721,5.39358080567193,0.0270427099219053,1,"Thoc3","Cd74",0.2,0.04
-7.20801104581721,5.39358080567193,0.0270427099219053,1,"Rcor1","Cd74",0.2,0.04
-7.20801104581721,5.39358080567193,0.0270427099219053,1,"Tob2","Cd74",0.2,0.04
-7.20801104581721,5.39358080567193,0.0270427099219053,1,"Lrch3","Cd74",0.2,0.04
-7.20801104581721,5.39358080567193,0.0270427099219053,1,"Iws1","Cd74",0.2,0.04
-1.14493146253285,8.82014531183273,0.0284799221968733,1,"Ube2s","Cd74",0.2,0.04
-1.3058246539331,8.18592398071049,0.0287567275534648,1,"Atp5g1","Cd74",0.2,0.04
0.992697306056434,9.3086025487677,0.0317890719862801,1,"S100a4","Cd74",0.2,0.04
-1.95468510086491,6.89544265683377,0.0319423479754191,1,"Knstrn","Cd74",0.2,0.04
-1.94077610913154,6.88433326591514,0.0319423479754191,1,"Snrpa1","Cd74",0.2,0.04
2.03601105904421,5.25754145532217,0.0322922385746993,1,"Clec2i","Cd74",0.2,0.04
2.03601105904421,5.25754145532217,0.0322922385746993,1,"Slfn8","Cd74",0.2,0.04
1.94423314951878,5.30487385302315,0.0322922385746993,1,"Golim4","Cd74",0.2,0.04
1.94423314951878,5.30487385302315,0.0322922385746993,1,"Ctsd","Cd74",0.2,0.04
1.94423314951878,5.30487385302315,0.0322922385746993,1,"Samsn1","Cd74",0.2,0.04
-1.86914565627134,6.82718930880065,0.0323643136774293,1,"Parp8","Cd74",0.2,0.04
-1.85438268032337,6.81542643178702,0.0323643136774293,1,"Xiap","Cd74",0.2,0.04
-1.08128696396353,9.11765148952844,0.0325144267545907,1,"Cd48","Cd74",0.2,0.04
1.24241384325257,7.26765324827026,0.0326065787087972,1,"Tpd52","Cd74",0.2,0.04
1.16272976777196,7.87849004579333,0.0333100331834575,1,"Lamp1","Cd74",0.2,0.04
-2.15605266591181,6.54962891759522,0.033533086457341,1,"Smap2","Cd74",0.2,0.04
-2.13795647151764,6.53501452413151,0.033533086457341,1,"Hmgcs1","Cd74",0.2,0.04
-1.37678245637009,7.70414585912413,0.0336417718268545,1,"Pebp1","Cd74",0.2,0.04
1.69688494147138,6.10628962457144,0.0338323320140068,1,"Tmf1","Cd74",0.2,0.04
-2.6507448351171,6.10278468316524,0.0339102218453729,1,"Ddit4","Cd74",0.2,0.04
-2.6507448351171,6.10278468316524,0.0339102218453729,1,"Smim7","Cd74",0.2,0.04
-2.6507448351171,6.10278468316524,0.0339102218453729,1,"Lactb","Cd74",0.2,0.04
-2.62531090593593,6.08199036617729,0.0339102218453729,1,"Nxt1","Cd74",0.2,0.04
-2.62531090593593,6.08199036617729,0.0339102218453729,1,"Ssbp3","Cd74",0.2,0.04
-2.62531090593593,6.08199036617729,0.0339102218453729,1,"Tiam1","Cd74",0.2,0.04
-2.62531090593593,6.08199036617729,0.0339102218453729,1,"Glo1","Cd74",0.2,0.04
1.71052401604119,5.95429310949621,0.0340353545895003,1,"Clip1","Cd74",0.2,0.04
-2.77159417813497,6.20176516196104,0.0340883821040597,1,"Tifa","Cd74",0.2,0.04
-2.77159417813497,6.20176516196104,0.0340883821040597,1,"Egfl8","Cd74",0.2,0.04
-2.74822061412044,6.18259948772639,0.0340883821040597,1,"Cnih1","Cd74",0.2,0.04
-6.86668132593778,5.11503556102373,0.0348666017835272,1,"Fam53a","Cd74",0.2,0.04
-6.86668132593778,5.11503556102373,0.0348666017835272,1,"Copg1","Cd74",0.2,0.04
-6.86668132593778,5.11503556102373,0.0348666017835272,1,"Cebpa","Cd74",0.2,0.04
-6.86668132593778,5.11503556102373,0.0348666017835272,1,"Hbs1l","Cd74",0.2,0.04
-6.86668132593778,5.11503556102373,0.0348666017835272,1,"Dync1li2","Cd74",0.2,0.04
-6.86668132593778,5.11503556102373,0.0348666017835272,1,"Sec24c","Cd74",0.2,0.04
-6.86668132593778,5.11503556102373,0.0348666017835272,1,"Nt5m","Cd74",0.2,0.04
-6.86668132593778,5.11503556102373,0.0348666017835272,1,"Plxdc1","Cd74",0.2,0.04
-6.86668132593778,5.11503556102373,0.0348666017835272,1,"Cltb","Cd74",0.2,0.04
-6.86668132593778,5.11503556102373,0.0348666017835272,1,"Golm1","Cd74",0.2,0.04
-6.86668132593778,5.11503556102373,0.0348666017835272,1,"Ly6c2","Cd74",0.2,0.04
-6.86668132593778,5.11503556102373,0.0348666017835272,1,"Pdcd11","Cd74",0.2,0.04
-6.81059220280909,5.06975022305141,0.0348666017835272,1,"Lin7c","Cd74",0.2,0.04
-6.81059220280909,5.06975022305141,0.0348666017835272,1,"Lpcat4","Cd74",0.2,0.04
-6.81059220280909,5.06975022305141,0.0348666017835272,1,"Rbmx2","Cd74",0.2,0.04
-6.81059220280909,5.06975022305141,0.0348666017835272,1,"Ube3c","Cd74",0.2,0.04
-6.81059220280909,5.06975022305141,0.0348666017835272,1,"Htra2","Cd74",0.2,0.04
-6.81059220280909,5.06975022305141,0.0348666017835272,1,"Arrb1","Cd74",0.2,0.04
-6.81059220280909,5.06975022305141,0.0348666017835272,1,"Dhrs1","Cd74",0.2,0.04
-6.81059220280909,5.06975022305141,0.0348666017835272,1,"Slc25a36","Cd74",0.2,0.04
-6.81059220280909,5.06975022305141,0.0348666017835272,1,"Aff4","Cd74",0.2,0.04
-6.81059220280909,5.06975022305141,0.0348666017835272,1,"Mfng","Cd74",0.2,0.04
-6.81059220280909,5.06975022305141,0.0348666017835272,1,"Tnfrsf13c","Cd74",0.2,0.04
-6.81059220280909,5.06975022305141,0.0348666017835272,1,"Lmf2","Cd74",0.2,0.04
-6.81059220280909,5.06975022305141,0.0348666017835272,1,"Memo1","Cd74",0.2,0.04
-6.81059220280909,5.06975022305141,0.0348666017835272,1,"Ptpn2","Cd74",0.2,0.04
-6.75223392830121,5.02280058525006,0.0348666017835272,1,"Qser1","Cd74",0.2,0.04
-6.75223392830121,5.02280058525006,0.0348666017835272,1,"Prkx","Cd74",0.2,0.04
-6.75223392830121,5.02280058525006,0.0348666017835272,1,"Pex2","Cd74",0.2,0.04
-6.75223392830121,5.02280058525006,0.0348666017835272,1,"Nudt2","Cd74",0.2,0.04
-6.75223392830121,5.02280058525006,0.0348666017835272,1,"Vps37b","Cd74",0.2,0.04
-6.75223392830121,5.02280058525006,0.0348666017835272,1,"Bud23","Cd74",0.2,0.04
-6.75223392830121,5.02280058525006,0.0348666017835272,1,"Fam60a","Cd74",0.2,0.04
-6.75223392830121,5.02280058525006,0.0348666017835272,1,"Klk8","Cd74",0.2,0.04
-6.75223392830121,5.02280058525006,0.0348666017835272,1,"Tmem41b","Cd74",0.2,0.04
-6.75223392830121,5.02280058525006,0.0348666017835272,1,"Rnf150","Cd74",0.2,0.04
-6.75223392830121,5.02280058525006,0.0348666017835272,1,"Prmt7","Cd74",0.2,0.04
-6.75223392830121,5.02280058525006,0.0348666017835272,1,"Ibtk","Cd74",0.2,0.04
-6.75223392830121,5.02280058525006,0.0348666017835272,1,"Mrpl3","Cd74",0.2,0.04
-6.75223392830121,5.02280058525006,0.0348666017835272,1,"Map3k3","Cd74",0.2,0.04
-6.75223392830121,5.02280058525006,0.0348666017835272,1,"Pqlc3","Cd74",0.2,0.04
-6.75223392830121,5.02280058525006,0.0348666017835272,1,"Tmem251","Cd74",0.2,0.04
-6.75223392830121,5.02280058525006,0.0348666017835272,1,"Brf1","Cd74",0.2,0.04
-6.75223392830121,5.02280058525006,0.0348666017835272,1,"Desi1","Cd74",0.2,0.04
-6.75223392830121,5.02280058525006,0.0348666017835272,1,"Nit2","Cd74",0.2,0.04
-6.75223392830121,5.02280058525006,0.0348666017835272,1,"Haao","Cd74",0.2,0.04
-6.75223392830121,5.02280058525006,0.0348666017835272,1,"Eml3","Cd74",0.2,0.04
1.13631008826339,7.7240836686784,0.0352671652223907,1,"Ifitm2","Cd74",0.2,0.04
-1.42989141620678,7.57010535207858,0.0353038126187805,1,"Ppm1m","Cd74",0.2,0.04
-1.3340452895297,7.8264995669179,0.0358234286010387,1,"Pgam1","Cd74",0.2,0.04
1.3409433539333,6.87241883678031,0.0361571871988054,1,"Filip1l","Cd74",0.2,0.04
-1.20145988328513,8.21527184364122,0.0361877096692341,1,"Dnaja1","Cd74",0.2,0.04
1.32709381273116,6.78074171663249,0.0368697721828089,1,"Epsti1","Cd74",0.2,0.04
-1.11887537409072,8.66562763947544,0.0380847442856656,1,"Jpt1","Cd74",0.2,0.04
-1.83946707288436,6.80354700729006,0.0392384893474274,1,"Flt3","Cd74",0.2,0.04
-1.80916510631653,6.77942902101255,0.0392384893474274,1,"Jaml","Cd74",0.2,0.04
-1.80916510631653,6.77942902101255,0.0392384893474274,1,"Ccnb1","Cd74",0.2,0.04
1.38825985249101,6.52861519845872,0.0392384893474274,1,"Mogs","Cd74",0.2,0.04
1.38825985249101,6.52861519845872,0.0392384893474274,1,"Rogdi","Cd74",0.2,0.04
-1.56584501294932,7.23920708311969,0.0396637351196814,1,"Sigmar1","Cd74",0.2,0.04
-1.56584501294932,7.23920708311969,0.0396637351196814,1,"Tifab","Cd74",0.2,0.04
-1.39517300125908,7.54355225119113,0.0399162804999455,1,"Kif23","Cd74",0.2,0.04
4.45642144211705,3.46955146251585,0.0409645848047624,1,"Mfsd9","Cd74",0.2,0.04
4.45642144211705,3.46955146251585,0.0409645848047624,1,"Plcl1","Cd74",0.2,0.04
4.45642144211705,3.46955146251585,0.0409645848047624,1,"Hsd11b1","Cd74",0.2,0.04
4.45642144211705,3.46955146251585,0.0409645848047624,1,"Nebl","Cd74",0.2,0.04
4.45642144211705,3.46955146251585,0.0409645848047624,1,"Mmp23","Cd74",0.2,0.04
4.45642144211705,3.46955146251585,0.0409645848047624,1,"Oas3","Cd74",0.2,0.04
4.45642144211705,3.46955146251585,0.0409645848047624,1,"Oas1a","Cd74",0.2,0.04
4.45642144211705,3.46955146251585,0.0409645848047624,1,"Ceacam16","Cd74",0.2,0.04
4.45642144211705,3.46955146251585,0.0409645848047624,1,"Gm48065","Cd74",0.2,0.04
4.45642144211705,3.46955146251585,0.0409645848047624,1,"Nxpe4","Cd74",0.2,0.04
4.45642144211705,3.46955146251585,0.0409645848047624,1,"Cd300lf","Cd74",0.2,0.04
4.45642144211705,3.46955146251585,0.0409645848047624,1,"Pxdc1","Cd74",0.2,0.04
4.45642144211705,3.46955146251585,0.0409645848047624,1,"Zdhhc23","Cd74",0.2,0.04
4.45642144211705,3.46955146251585,0.0409645848047624,1,"Fas","Cd74",0.2,0.04
3.59524743520017,3.63224309592152,0.0409645848047624,1,"Camsap2","Cd74",0.2,0.04
3.59524743520017,3.63224309592152,0.0409645848047624,1,"Pilrb2","Cd74",0.2,0.04
3.59524743520017,3.63224309592152,0.0409645848047624,1,"Nadsyn1","Cd74",0.2,0.04
3.59524743520017,3.63224309592152,0.0409645848047624,1,"Xdh","Cd74",0.2,0.04
3.59524743520017,3.63224309592152,0.0409645848047624,1,"Hbegf","Cd74",0.2,0.04
3.05969647854906,3.77718503456884,0.0409645848047624,1,"Dcaf6","Cd74",0.2,0.04
3.05969647854906,3.77718503456884,0.0409645848047624,1,"Cd72","Cd74",0.2,0.04
3.05969647854906,3.77718503456884,0.0409645848047624,1,"Csf3r","Cd74",0.2,0.04
3.05969647854906,3.77718503456884,0.0409645848047624,1,"Herc3","Cd74",0.2,0.04
3.05969647854906,3.77718503456884,0.0409645848047624,1,"Sbf2","Cd74",0.2,0.04
3.05969647854906,3.77718503456884,0.0409645848047624,1,"Uba7","Cd74",0.2,0.04
3.05969647854906,3.77718503456884,0.0409645848047624,1,"Chac2","Cd74",0.2,0.04
3.05969647854906,3.77718503456884,0.0409645848047624,1,"Fgd4","Cd74",0.2,0.04
3.05969647854906,3.77718503456884,0.0409645848047624,1,"C3","Cd74",0.2,0.04
3.05969647854906,3.77718503456884,0.0409645848047624,1,"Impact","Cd74",0.2,0.04
-7.163921822043,5.35734699220988,0.0410320311307923,1,"Tex30","Cd74",0.2,0.04
-7.163921822043,5.35734699220988,0.0410320311307923,1,"Cd63","Cd74",0.2,0.04
-7.163921822043,5.35734699220988,0.0410320311307923,1,"Cpox","Cd74",0.2,0.04
-7.163921822043,5.35734699220988,0.0410320311307923,1,"Nfkbil1","Cd74",0.2,0.04
-7.163921822043,5.35734699220988,0.0410320311307923,1,"Sh3gl1","Cd74",0.2,0.04
-7.11844262790688,5.32004318694807,0.0410320311307923,1,"Mrpl44","Cd74",0.2,0.04
-7.11844262790688,5.32004318694807,0.0410320311307923,1,"Fam136a","Cd74",0.2,0.04
-7.11844262790688,5.32004318694807,0.0410320311307923,1,"Srgap3","Cd74",0.2,0.04
-7.11844262790688,5.32004318694807,0.0410320311307923,1,"Slc29a3","Cd74",0.2,0.04
-7.11844262790688,5.32004318694807,0.0410320311307923,1,"2810004N23Rik","Cd74",0.2,0.04
-7.11844262790688,5.32004318694807,0.0410320311307923,1,"Ccdc167","Cd74",0.2,0.04
-7.07148296120884,5.28160590410286,0.0410320311307923,1,"Gle1","Cd74",0.2,0.04
-7.07148296120884,5.28160590410286,0.0410320311307923,1,"Chp1","Cd74",0.2,0.04
-7.07148296120884,5.28160590410286,0.0410320311307923,1,"Jade1","Cd74",0.2,0.04
-7.07148296120884,5.28160590410286,0.0410320311307923,1,"Hist2h2ac","Cd74",0.2,0.04
-7.07148296120884,5.28160590410286,0.0410320311307923,1,"4921524J17Rik","Cd74",0.2,0.04
-7.07148296120884,5.28160590410286,0.0410320311307923,1,"Adam10","Cd74",0.2,0.04
-7.07148296120884,5.28160590410286,0.0410320311307923,1,"Cdkn2aipnl","Cd74",0.2,0.04
-7.07148296120884,5.28160590410286,0.0410320311307923,1,"2610507B11Rik","Cd74",0.2,0.04
2.44103721176806,4.60422710289797,0.0410320311307923,1,"Zyg11b","Cd74",0.2,0.04
2.44103721176806,4.60422710289797,0.0410320311307923,1,"Dmac2","Cd74",0.2,0.04
2.44103721176806,4.60422710289797,0.0410320311307923,1,"Gm10036","Cd74",0.2,0.04
2.27549857680722,4.67945842317058,0.0410320311307923,1,"Cyth3","Cd74",0.2,0.04
2.27549857680722,4.67945842317058,0.0410320311307923,1,"Dse","Cd74",0.2,0.04
2.27549857680722,4.67945842317058,0.0410320311307923,1,"Wdr81","Cd74",0.2,0.04
0.884635834485431,10.7405526487202,0.0411880025647418,1,"H2-D1","Cd74",0.2,0.04
-1.19816362341149,8.1060484314936,0.0411988233648713,1,"Plekho1","Cd74",0.2,0.04
-2.08226475850804,6.49007930886997,0.0419039770926625,1,"Hipk2","Cd74",0.2,0.04
-1.03578715351085,9.03379117466171,0.0422530609922107,1,"Cox6c","Cd74",0.2,0.04
-1.09909720204391,8.65139983451387,0.0430636370829089,1,"Anxa6","Cd74",0.2,0.04
-1.113762828651,8.42975942362009,0.0432568471127911,1,"Cd24a","Cd74",0.2,0.04
1.35445741758577,6.7659785279479,0.0436842254264311,1,"Ngdn","Cd74",0.2,0.04
2.25422013702914,4.93369849439727,0.0439913106172877,1,"Fgr","Cd74",0.2,0.04
2.13109812958503,4.99354794524625,0.0439913106172877,1,"Bcl7a","Cd74",0.2,0.04
2.13109812958503,4.99354794524625,0.0439913106172877,1,"Krt80","Cd74",0.2,0.04
-2.70030581270117,6.14334278855634,0.0444890890976636,1,"Exosc7","Cd74",0.2,0.04
1.66900412040997,5.81912158862584,0.0444890890976636,1,"Selenop","Cd74",0.2,0.04
-2.5994205314961,6.06083691406051,0.0451174651451937,1,"Gna15","Cd74",0.2,0.04
-2.5994205314961,6.06083691406051,0.0451174651451937,1,"Gm47283","Cd74",0.2,0.04
-2.5994205314961,6.06083691406051,0.0451174651451937,1,"Txnl4a","Cd74",0.2,0.04
-2.54620278367634,6.01740206662902,0.0451174651451937,1,"0610030E20Rik","Cd74",0.2,0.04
-2.54620278367634,6.01740206662902,0.0451174651451937,1,"Aco2","Cd74",0.2,0.04
-2.54620278367634,6.01740206662902,0.0451174651451937,1,"Pigx","Cd74",0.2,0.04
1.68225728408695,5.63848081512916,0.0451174651451937,1,"Clec4b1","Cd74",0.2,0.04
1.68225728408695,5.63848081512916,0.0451174651451937,1,"Sdhaf1","Cd74",0.2,0.04
1.68225728408695,5.63848081512916,0.0451174651451937,1,"Tbc1d31","Cd74",0.2,0.04
1.68225728408695,5.63848081512916,0.0451174651451937,1,"Dgcr8","Cd74",0.2,0.04
2.13402652739105,5.20822768603239,0.0452021776641502,1,"Wasl","Cd74",0.2,0.04
2.13402652739105,5.20822768603239,0.0452021776641502,1,"Map3k14","Cd74",0.2,0.04
-1.15744246255689,8.18290612649708,0.0463386403633482,1,"Ndufb7","Cd74",0.2,0.04
0.851468608293662,10.9899370411303,0.0466874309007581,1,"Fth1","Cd74",0.2,0.04
-1.77821300600386,6.75481562720393,0.0475441295162122,1,"Psmd11","Cd74",0.2,0.04
1.31550942475213,6.88598854889621,0.048597148516322,1,"Fam46a","Cd74",0.2,0.04
1.31550942475213,6.88598854889621,0.048597148516322,1,"Brd1","Cd74",0.2,0.04
-0.937392482516584,9.52476500891732,0.0486238705506915,1,"Eif5a","Cd74",0.2,0.04
-1.09988619504565,8.33281100644834,0.0487643601756097,1,"Ldha","Cd74",0.2,0.04
1.37435931485178,6.41474608046005,0.0490281879270485,1,"Chd3","Cd74",0.2,0.04
1.27387606491139,6.80966076003427,0.050097828479252,1,"Msrb1","Cd74",0.2,0.04
-1.03709189946388,8.67665159680592,0.0502383639533133,1,"Capza2","Cd74",0.2,0.04
0.96991879492351,8.56707629383087,0.0509751656617654,1,"Ckb","Cd74",0.2,0.04
-1.59699769787529,6.97729844033817,0.0517280483711128,1,"Bex6","Cd74",0.2,0.04
-2.02433658105464,6.44340734884941,0.0523243385671565,1,"Hist1h1e","Cd74",0.2,0.04
0.820765281633991,11.5830515682769,0.0524655727535003,1,"H2-Eb1","Cd74",0.2,0.04
-1.094836941574,8.32914702638518,0.0525081460259875,1,"Ranbp1","Cd74",0.2,0.04
-1.29671212063697,7.64345916198175,0.0529098290100889,1,"Ybx3","Cd74",0.2,0.04
-0.804197589895469,13.6245708844526,0.0534412150318758,1,"Cst3","Cd74",0.2,0.04
-1.15638233067262,8.07522885644394,0.0534625747732674,1,"Nsa2","Cd74",0.2,0.04
-0.869646998130715,10.2144652870889,0.0547011757761932,1,"Id2","Cd74",0.2,0.04
-1.45238918927414,7.15104629296834,0.0549158008895501,1,"Trappc5","Cd74",0.2,0.04
-1.45238918927414,7.15104629296834,0.0549158008895501,1,"Chchd1","Cd74",0.2,0.04
-1.41930950712333,7.36145011698216,0.0556014529132814,1,"Tsc22d4","Cd74",0.2,0.04
-1.39902162949487,7.34584979496352,0.0556014529132814,1,"1810037I17Rik","Cd74",0.2,0.04
-0.88192240188681,9.96669927475945,0.0558033010979384,1,"Lgals3","Cd74",0.2,0.04
-0.865604793920869,10.2117721608006,0.0558774650211044,1,"Rpl35","Cd74",0.2,0.04
1.55892514700534,5.88016289786488,0.0560417731316982,1,"Atxn7l1","Cd74",0.2,0.04
1.50688308149597,5.90948281804371,0.0560417731316982,1,"Svbp","Cd74",0.2,0.04
1.50688308149597,5.90948281804371,0.0560417731316982,1,"AC163354.1","Cd74",0.2,0.04
-6.69141513068505,4.97406319845589,0.0566303256880976,1,"Asxl1","Cd74",0.2,0.04
-6.69141513068505,4.97406319845589,0.0566303256880976,1,"Ncoa6","Cd74",0.2,0.04
-6.69141513068505,4.97406319845589,0.0566303256880976,1,"AI839979","Cd74",0.2,0.04
-6.69141513068505,4.97406319845589,0.0566303256880976,1,"Opa3","Cd74",0.2,0.04
-6.69141513068505,4.97406319845589,0.0566303256880976,1,"Slco3a1","Cd74",0.2,0.04
-6.69141513068505,4.97406319845589,0.0566303256880976,1,"Chid1","Cd74",0.2,0.04
-6.69141513068505,4.97406319845589,0.0566303256880976,1,"Rhobtb2","Cd74",0.2,0.04
-6.69141513068505,4.97406319845589,0.0566303256880976,1,"Smim5","Cd74",0.2,0.04
-6.69141513068505,4.97406319845589,0.0566303256880976,1,"Hist1h2ab","Cd74",0.2,0.04
-6.69141513068505,4.97406319845589,0.0566303256880976,1,"Ift27","Cd74",0.2,0.04
-6.69141513068505,4.97406319845589,0.0566303256880976,1,"Kpna1","Cd74",0.2,0.04
-6.69141513068505,4.97406319845589,0.0566303256880976,1,"Sgo1","Cd74",0.2,0.04
-6.69141513068505,4.97406319845589,0.0566303256880976,1,"Timm21","Cd74",0.2,0.04
-6.62791915898367,4.92340053031355,0.0566303256880976,1,"Ciz1","Cd74",0.2,0.04
-6.62791915898367,4.92340053031355,0.0566303256880976,1,"Slpi","Cd74",0.2,0.04
-6.62791915898367,4.92340053031355,0.0566303256880976,1,"Mospd1","Cd74",0.2,0.04
-6.62791915898367,4.92340053031355,0.0566303256880976,1,"Ids","Cd74",0.2,0.04
-6.62791915898367,4.92340053031355,0.0566303256880976,1,"Usp45","Cd74",0.2,0.04
-6.62791915898367,4.92340053031355,0.0566303256880976,1,"E130309D02Rik","Cd74",0.2,0.04
-6.62791915898367,4.92340053031355,0.0566303256880976,1,"Man2a2","Cd74",0.2,0.04
-6.62791915898367,4.92340053031355,0.0566303256880976,1,"Pex3","Cd74",0.2,0.04
-6.62791915898367,4.92340053031355,0.0566303256880976,1,"Terf2","Cd74",0.2,0.04
-6.62791915898367,4.92340053031355,0.0566303256880976,1,"Pibf1","Cd74",0.2,0.04
-6.62791915898367,4.92340053031355,0.0566303256880976,1,"Sqstm1","Cd74",0.2,0.04
-6.62791915898367,4.92340053031355,0.0566303256880976,1,"Galnt10","Cd74",0.2,0.04
-6.62791915898367,4.92340053031355,0.0566303256880976,1,"Pigs","Cd74",0.2,0.04
-6.62791915898367,4.92340053031355,0.0566303256880976,1,"Fam58b","Cd74",0.2,0.04
-6.62791915898367,4.92340053031355,0.0566303256880976,1,"Ero1lb","Cd74",0.2,0.04
-6.62791915898367,4.92340053031355,0.0566303256880976,1,"Xrcc6","Cd74",0.2,0.04
-6.62791915898367,4.92340053031355,0.0566303256880976,1,"Socs6","Cd74",0.2,0.04
3.08203418798811,4.08273300415863,0.0566303256880976,1,"Gm26853","Cd74",0.2,0.04
3.08203418798811,4.08273300415863,0.0566303256880976,1,"Bcl2a1a","Cd74",0.2,0.04
3.08203418798811,4.08273300415863,0.0566303256880976,1,"Asb2","Cd74",0.2,0.04
2.77553592239143,4.19087457197912,0.0566303256880976,1,"Ctse","Cd74",0.2,0.04
2.77553592239143,4.19087457197912,0.0566303256880976,1,"Mastl","Cd74",0.2,0.04
2.77553592239143,4.19087457197912,0.0566303256880976,1,"Lrp8","Cd74",0.2,0.04
2.77553592239143,4.19087457197912,0.0566303256880976,1,"Sdc3","Cd74",0.2,0.04
2.77553592239143,4.19087457197912,0.0566303256880976,1,"Tnfrsf1b","Cd74",0.2,0.04
2.77553592239143,4.19087457197912,0.0566303256880976,1,"Isg15","Cd74",0.2,0.04
2.77553592239143,4.19087457197912,0.0566303256880976,1,"Ctsl","Cd74",0.2,0.04
2.77553592239143,4.19087457197912,0.0566303256880976,1,"Naip5","Cd74",0.2,0.04
2.77553592239143,4.19087457197912,0.0566303256880976,1,"Zbtb21","Cd74",0.2,0.04
2.77553592239143,4.19087457197912,0.0566303256880976,1,"Tcf7l2","Cd74",0.2,0.04
2.52288051894257,4.29062560242097,0.0566303256880976,1,"Ankzf1","Cd74",0.2,0.04
2.52288051894257,4.29062560242097,0.0566303256880976,1,"Tbl2","Cd74",0.2,0.04
2.52288051894257,4.29062560242097,0.0566303256880976,1,"Nat6","Cd74",0.2,0.04
2.52288051894257,4.29062560242097,0.0566303256880976,1,"Eno3","Cd74",0.2,0.04
2.52288051894257,4.29062560242097,0.0566303256880976,1,"Arf2","Cd74",0.2,0.04
2.52288051894257,4.29062560242097,0.0566303256880976,1,"Ifi27","Cd74",0.2,0.04
-1.3363878975244,7.2977792395322,0.0574029028912133,1,"Mrpl42","Cd74",0.2,0.04
-2.67573813479933,6.12323172692573,0.0580100081893485,1,"Ankrd10","Cd74",0.2,0.04
-2.67573813479933,6.12323172692573,0.0580100081893485,1,"Atp6v0d1","Cd74",0.2,0.04
1.10153376098817,7.48648210292018,0.0592037303839875,1,"Hexb","Cd74",0.2,0.04
-2.51883917882172,5.9950937272035,0.059973578356584,1,"Apobr","Cd74",0.2,0.04
-2.51883917882172,5.9950937272035,0.059973578356584,1,"Arf3","Cd74",0.2,0.04
-2.4909465175387,5.97237226865534,0.059973578356584,1,"Atic","Cd74",0.2,0.04
-2.4909465175387,5.97237226865534,0.059973578356584,1,"Med13l","Cd74",0.2,0.04
-2.4909465175387,5.97237226865534,0.059973578356584,1,"Scd2","Cd74",0.2,0.04
-2.46250393793194,5.9492223206802,0.059973578356584,1,"Sgo2a","Cd74",0.2,0.04
-2.46250393793194,5.9492223206802,0.059973578356584,1,"Mrpl48","Cd74",0.2,0.04
-2.46250393793194,5.9492223206802,0.059973578356584,1,"Polr2h","Cd74",0.2,0.04
-0.982504045112174,8.70433287264598,0.0605660639781954,1,"Tkt","Cd74",0.2,0.04
1.06647977776966,7.43400116800964,0.0609898277845381,1,"Prcp","Cd74",0.2,0.04
-0.97291990719779,8.76102920287566,0.0610651097901013,1,"Calm2","Cd74",0.2,0.04
1.85794617805982,5.35037405910665,0.0618006707791585,1,"Etv3","Cd74",0.2,0.04
1.85794617805982,5.35037405910665,0.0618006707791585,1,"Gm5617","Cd74",0.2,0.04
1.69946408706257,5.43639684913923,0.0618006707791585,1,"Lfng","Cd74",0.2,0.04
1.69946408706257,5.43639684913923,0.0618006707791585,1,"Nol8","Cd74",0.2,0.04
-0.837127022073159,10.3729760521389,0.0621892380003457,1,"Tubb5","Cd74",0.2,0.04
2.62806220120701,4.52416427295075,0.0623388434335588,1,"Cysltr1","Cd74",0.2,0.04
2.62806220120701,4.52416427295075,0.0623388434335588,1,"Itpr2","Cd74",0.2,0.04
2.62806220120701,4.52416427295075,0.0623388434335588,1,"Nupr1","Cd74",0.2,0.04
2.62806220120701,4.52416427295075,0.0623388434335588,1,"Rab31","Cd74",0.2,0.04
-0.833274791745422,10.4615337328168,0.0628280583870305,1,"Lgals1","Cd74",0.2,0.04
1.81448375942322,5.15710378900263,0.0632342788214804,1,"Tor1aip2","Cd74",0.2,0.04
1.81448375942322,5.15710378900263,0.0632342788214804,1,"Tgfbr1","Cd74",0.2,0.04
1.81448375942322,5.15710378900263,0.0632342788214804,1,"Psme4","Cd74",0.2,0.04
-1.40438481225267,7.11386538275928,0.0638362512988135,1,"Macf1","Cd74",0.2,0.04
0.819625738702538,10.0934179906417,0.0638773595964136,1,"B2m","Cd74",0.2,0.04
-1.09463834978642,8.1369290586439,0.064272099004547,1,"AC140186.1","Cd74",0.2,0.04
-2.00449851423153,6.42744044632134,0.0652687431543615,1,"Rnd3","Cd74",0.2,0.04
-1.98438385230597,6.41125964274093,0.0652687431543615,1,"Mis18a","Cd74",0.2,0.04
-1.96398477315429,6.39485914335623,0.0652687431543615,1,"Snrpb2","Cd74",0.2,0.04
1.42318414643771,6.11329627332998,0.0652687431543615,1,"Nabp2","Cd74",0.2,0.04
-1.3040209066349,7.27299235264239,0.0657830586313224,1,"Fkbp4","Cd74",0.2,0.04
-0.994680567239541,8.50339131151491,0.066852121068111,1,"Pitpna","Cd74",0.2,0.04
-1.19170008268561,7.71958967245285,0.0672036628366241,1,"Kctd14","Cd74",0.2,0.04
-0.81170997279919,10.4993844688463,0.0680175355079488,1,"Hsp90ab1","Cd74",0.2,0.04
-0.825261359644188,10.3075772359628,0.0681043914360464,1,"H2afy","Cd74",0.2,0.04
-1.85742464537963,6.30934114514245,0.0683736162398161,1,"Atp11b","Cd74",0.2,0.04
-1.85742464537963,6.30934114514245,0.0683736162398161,1,"Tnrc18","Cd74",0.2,0.04
-1.10082183903797,8.034399989496,0.0692372233888283,1,"Hmgn2","Cd74",0.2,0.04
-1.69779655971744,6.69097381649042,0.0696284377556366,1,"Mtch2","Cd74",0.2,0.04
-1.68116103648084,6.67778651124742,0.0696284377556366,1,"Ankrd13a","Cd74",0.2,0.04
-1.68116103648084,6.67778651124742,0.0696284377556366,1,"Vps36","Cd74",0.2,0.04
1.30601238456943,6.45315784966528,0.0696284377556366,1,"Ncoa7","Cd74",0.2,0.04
-1.51471173787803,6.91281115903461,0.0723694331662247,1,"Naa38","Cd74",0.2,0.04
-1.48620601248368,6.89051494050106,0.0723694331662247,1,"Psmd7","Cd74",0.2,0.04
-0.883853649310944,9.21400319069063,0.0728255573656243,1,"Tuba1b","Cd74",0.2,0.04
1.28453148840527,6.33483303684468,0.0730843593059278,1,"Ctsa","Cd74",0.2,0.04
-1.26662392496585,7.44564779757643,0.0733450536737434,1,"Vapa","Cd74",0.2,0.04
6.90269461709671,3.28432043721292,0.075101738808731,1,"Epha4","Cd74",0.2,0.04
6.90269461709671,3.28432043721292,0.075101738808731,1,"Aif1l","Cd74",0.2,0.04
6.90269461709671,3.28432043721292,0.075101738808731,1,"Ptger3","Cd74",0.2,0.04
6.90269461709671,3.28432043721292,0.075101738808731,1,"Plag1","Cd74",0.2,0.04
6.90269461709671,3.28432043721292,0.075101738808731,1,"Lilra5","Cd74",0.2,0.04
6.90269461709671,3.28432043721292,0.075101738808731,1,"Aire","Cd74",0.2,0.04
6.90269461709671,3.28432043721292,0.075101738808731,1,"Lrp1","Cd74",0.2,0.04
6.90269461709671,3.28432043721292,0.075101738808731,1,"Rnase4","Cd74",0.2,0.04
6.90269461709671,3.28432043721292,0.075101738808731,1,"Itgb5","Cd74",0.2,0.04
6.90269461709671,3.28432043721292,0.075101738808731,1,"Ms4a7","Cd74",0.2,0.04
1.1074978760659,7.09111246775806,0.0753392530341189,1,"Clec12a","Cd74",0.2,0.04
-1.29306850517974,7.26461333344589,0.0753392530341189,1,"Rbpj","Cd74",0.2,0.04
1.49958424026153,5.741165650672,0.0755371255304214,1,"Zfp740","Cd74",0.2,0.04
-0.931014109751988,8.73158911732846,0.0759777335856619,1,"Pycard","Cd74",0.2,0.04
-1.11903525765805,7.6653807920194,0.0770632780467709,1,"Bub3","Cd74",0.2,0.04
-2.43348931929789,5.92562765156446,0.0796048708144927,1,"Pira2","Cd74",0.2,0.04
-2.43348931929789,5.92562765156446,0.0796048708144927,1,"Ogdh","Cd74",0.2,0.04
-2.43348931929789,5.92562765156446,0.0796048708144927,1,"Hells","Cd74",0.2,0.04
-2.40387917876691,5.90157110313024,0.0796048708144927,1,"Ddx18","Cd74",0.2,0.04
-2.40387917876691,5.90157110313024,0.0796048708144927,1,"Tes","Cd74",0.2,0.04
-2.40387917876691,5.90157110313024,0.0796048708144927,1,"Ascc1","Cd74",0.2,0.04
-2.40387917876691,5.90157110313024,0.0796048708144927,1,"Cd300lg","Cd74",0.2,0.04
-2.37364855711461,5.87703451944918,0.0796048708144927,1,"Taf13","Cd74",0.2,0.04
-2.37364855711461,5.87703451944918,0.0796048708144927,1,"Mfsd10","Cd74",0.2,0.04
-2.37364855711461,5.87703451944918,0.0796048708144927,1,"Nfu1","Cd74",0.2,0.04
-2.37364855711461,5.87703451944918,0.0796048708144927,1,"Sdf2","Cd74",0.2,0.04
-2.37364855711461,5.87703451944918,0.0796048708144927,1,"BC017643","Cd74",0.2,0.04
-2.37364855711461,5.87703451944918,0.0796048708144927,1,"Mctp1","Cd74",0.2,0.04
1.55668112230528,5.51652040240746,0.0796048708144927,1,"Phc3","Cd74",0.2,0.04
1.49026138804813,5.55460719330838,0.0796048708144927,1,"Crtc3","Cd74",0.2,0.04
1.49026138804813,5.55460719330838,0.0796048708144927,1,"BC004004","Cd74",0.2,0.04
-0.969143355307394,8.40771998410656,0.0811239911742429,1,"Psme2","Cd74",0.2,0.04
-1.94329311807284,6.37823291766039,0.0813077284300527,1,"Chtop","Cd74",0.2,0.04
-1.94329311807284,6.37823291766039,0.0813077284300527,1,"Immt","Cd74",0.2,0.04
-1.92230037218618,6.36137468653911,0.0813077284300527,1,"Coro1c","Cd74",0.2,0.04
-1.01107861967281,8.1757053737281,0.0817371805795694,1,"Ndufa2","Cd74",0.2,0.04
-1.03506969697897,8.09354063120068,0.0819452264863694,1,"Man2b1","Cd74",0.2,0.04
-1.06255600373834,8.00638298987579,0.0821491175935947,1,"Cldnd1","Cd74",0.2,0.04
0.897767210668048,8.0602162310709,0.0839535540768914,1,"Ifngr1","Cd74",0.2,0.04
-1.64730322325291,6.65096778418116,0.0841249098572357,1,"Ttc7","Cd74",0.2,0.04
-1.61263168458601,6.62353412826529,0.0841249098572357,1,"Pbx1","Cd74",0.2,0.04
-1.61263168458601,6.62353412826529,0.0841249098572357,1,"Ubl3","Cd74",0.2,0.04
-1.07894316796016,7.7753847058712,0.0853173270882935,1,"Ccdc88a","Cd74",0.2,0.04
-1.07125798678533,7.76971029845094,0.0853173270882935,1,"Arpp19","Cd74",0.2,0.04
-1.45712567951424,6.8677927272569,0.0854796856518306,1,"Bcl7c","Cd74",0.2,0.04
-1.45712567951424,6.8677927272569,0.0854796856518306,1,"R3hdm4","Cd74",0.2,0.04
-1.44236270356627,6.85626665456116,0.0854796856518306,1,"Ebp","Cd74",0.2,0.04
1.14837998827226,6.66325078478218,0.0854796856518306,1,"Pnrc1","Cd74",0.2,0.04
-1.09397692185108,7.64674453373724,0.0856430823332137,1,"Mrps14","Cd74",0.2,0.04
-1.09397692185108,7.64674453373724,0.0856430823332137,1,"Vrk1","Cd74",0.2,0.04
-1.14033386413068,7.52573574682365,0.0859304506312247,1,"Sp100","Cd74",0.2,0.04
-1.35472799158496,7.07548098560602,0.0860630886948672,1,"Itpr1","Cd74",0.2,0.04
-1.35472799158496,7.07548098560602,0.0860630886948672,1,"Ssr1","Cd74",0.2,0.04
-1.35472799158496,7.07548098560602,0.0860630886948672,1,"Cyc1","Cd74",0.2,0.04
-1.19778220750234,7.39348434198975,0.0861436691300297,1,"Mrps24","Cd74",0.2,0.04
-1.25970340586154,7.23911400700956,0.0862225244013532,1,"Raph1","Cd74",0.2,0.04
-1.25970340586154,7.23911400700956,0.0862225244013532,1,"Rpn2","Cd74",0.2,0.04
-1.2484080007339,7.23049046577869,0.0862225244013532,1,"Lyn","Cd74",0.2,0.04
1.40811336201022,5.9659194166875,0.086227685794701,1,"Trmt1","Cd74",0.2,0.04
1.40811336201022,5.9659194166875,0.086227685794701,1,"Icam1","Cd74",0.2,0.04
1.40811336201022,5.9659194166875,0.086227685794701,1,"Bcl2a1d","Cd74",0.2,0.04
-1.83513449360924,6.29148662761785,0.086227685794701,1,"Sp3","Cd74",0.2,0.04
-1.83513449360924,6.29148662761785,0.086227685794701,1,"Ap2a2","Cd74",0.2,0.04
-1.83513449360924,6.29148662761785,0.086227685794701,1,"Sh3bp1","Cd74",0.2,0.04
-1.83513449360924,6.29148662761785,0.086227685794701,1,"Tcerg1","Cd74",0.2,0.04
-1.81249453942249,6.27336446400209,0.086227685794701,1,"Naa10","Cd74",0.2,0.04
-1.78949362854646,6.25496655860282,0.086227685794701,1,"Smu1","Cd74",0.2,0.04
-0.954458049799288,8.39726272853332,0.0866718928746245,1,"Cks1b","Cd74",0.2,0.04
-0.867491280655034,8.96836584875327,0.0871172940089062,1,"Atp5f1","Cd74",0.2,0.04
-1.09419179407285,7.78665249004471,0.0908353924705814,1,"Wdr1","Cd74",0.2,0.04
0.980258987288043,7.55007132701407,0.0915987443511963,1,"Atp2b1","Cd74",0.2,0.04
1.38950526685691,5.80482656151187,0.091812305918561,1,"Washc4","Cd74",0.2,0.04
-6.56149942472652,4.87065874888835,0.0922986509761439,1,"Retreg2","Cd74",0.2,0.04
-6.56149942472652,4.87065874888835,0.0922986509761439,1,"Enah","Cd74",0.2,0.04
-6.56149942472652,4.87065874888835,0.0922986509761439,1,"Rrp15","Cd74",0.2,0.04
-6.56149942472652,4.87065874888835,0.0922986509761439,1,"Scai","Cd74",0.2,0.04
-6.56149942472652,4.87065874888835,0.0922986509761439,1,"Mfap1a","Cd74",0.2,0.04
-6.56149942472652,4.87065874888835,0.0922986509761439,1,"Zfp639","Cd74",0.2,0.04
-6.56149942472652,4.87065874888835,0.0922986509761439,1,"Setdb1","Cd74",0.2,0.04
-6.56149942472652,4.87065874888835,0.0922986509761439,1,"Ccnc","Cd74",0.2,0.04
-6.56149942472652,4.87065874888835,0.0922986509761439,1,"Kcnab2","Cd74",0.2,0.04
-6.56149942472652,4.87065874888835,0.0922986509761439,1,"Aff1","Cd74",0.2,0.04
-6.56149942472652,4.87065874888835,0.0922986509761439,1,"Irf2bp1","Cd74",0.2,0.04
-6.56149942472652,4.87065874888835,0.0922986509761439,1,"Tubgcp5","Cd74",0.2,0.04
-6.56149942472652,4.87065874888835,0.0922986509761439,1,"Ppp2cb","Cd74",0.2,0.04
-6.56149942472652,4.87065874888835,0.0922986509761439,1,"Atp13a1","Cd74",0.2,0.04
-6.56149942472652,4.87065874888835,0.0922986509761439,1,"Mvd","Cd74",0.2,0.04
-6.56149942472652,4.87065874888835,0.0922986509761439,1,"Cryl1","Cd74",0.2,0.04
-6.56149942472652,4.87065874888835,0.0922986509761439,1,"Lsm11","Cd74",0.2,0.04
-6.56149942472652,4.87065874888835,0.0922986509761439,1,"Drg2","Cd74",0.2,0.04
-6.56149942472652,4.87065874888835,0.0922986509761439,1,"Lgals9","Cd74",0.2,0.04
-6.56149942472652,4.87065874888835,0.0922986509761439,1,"G6pc3","Cd74",0.2,0.04
-6.56149942472652,4.87065874888835,0.0922986509761439,1,"Hist1h3c","Cd74",0.2,0.04
-6.56149942472652,4.87065874888835,0.0922986509761439,1,"Ttc33","Cd74",0.2,0.04
-6.56149942472652,4.87065874888835,0.0922986509761439,1,"Irak4","Cd74",0.2,0.04
-6.56149942472652,4.87065874888835,0.0922986509761439,1,"Hlcs","Cd74",0.2,0.04
-6.56149942472652,4.87065874888835,0.0922986509761439,1,"Tomm6","Cd74",0.2,0.04
-6.56149942472652,4.87065874888835,0.0922986509761439,1,"Pigf","Cd74",0.2,0.04
-6.56149942472652,4.87065874888835,0.0922986509761439,1,"Gm17018","Cd74",0.2,0.04
-6.56149942472652,4.87065874888835,0.0922986509761439,1,"Shoc2","Cd74",0.2,0.04
-6.49187361869113,4.81566505316144,0.0922986509761439,1,"Zfand2b","Cd74",0.2,0.04
-6.49187361869113,4.81566505316144,0.0922986509761439,1,"Tmem127","Cd74",0.2,0.04
-6.49187361869113,4.81566505316144,0.0922986509761439,1,"Slc39a1","Cd74",0.2,0.04
-6.49187361869113,4.81566505316144,0.0922986509761439,1,"Trmt13","Cd74",0.2,0.04
-6.49187361869113,4.81566505316144,0.0922986509761439,1,"Ubap1","Cd74",0.2,0.04
-6.49187361869113,4.81566505316144,0.0922986509761439,1,"Fbxo42","Cd74",0.2,0.04
-6.49187361869113,4.81566505316144,0.0922986509761439,1,"Ankib1","Cd74",0.2,0.04
-6.49187361869113,4.81566505316144,0.0922986509761439,1,"Srrd","Cd74",0.2,0.04
-6.49187361869113,4.81566505316144,0.0922986509761439,1,"Cpsf4","Cd74",0.2,0.04
-6.49187361869113,4.81566505316144,0.0922986509761439,1,"Ppp1r14a","Cd74",0.2,0.04
-6.49187361869113,4.81566505316144,0.0922986509761439,1,"Actr6","Cd74",0.2,0.04
-6.49187361869113,4.81566505316144,0.0922986509761439,1,"Mars","Cd74",0.2,0.04
-6.49187361869113,4.81566505316144,0.0922986509761439,1,"Mrps31","Cd74",0.2,0.04
-6.49187361869113,4.81566505316144,0.0922986509761439,1,"Smad1","Cd74",0.2,0.04
-6.49187361869113,4.81566505316144,0.0922986509761439,1,"Apeh","Cd74",0.2,0.04
-6.49187361869113,4.81566505316144,0.0922986509761439,1,"Trak1","Cd74",0.2,0.04
-6.49187361869113,4.81566505316144,0.0922986509761439,1,"Trim7","Cd74",0.2,0.04
-6.49187361869113,4.81566505316144,0.0922986509761439,1,"Flot2","Cd74",0.2,0.04
-6.49187361869113,4.81566505316144,0.0922986509761439,1,"Srek1ip1","Cd74",0.2,0.04
-6.49187361869113,4.81566505316144,0.0922986509761439,1,"Prr5","Cd74",0.2,0.04
-6.49187361869113,4.81566505316144,0.0922986509761439,1,"Mettl7a1","Cd74",0.2,0.04
-6.49187361869113,4.81566505316144,0.0922986509761439,1,"Naa60","Cd74",0.2,0.04
-6.49187361869113,4.81566505316144,0.0922986509761439,1,"Dgcr6","Cd74",0.2,0.04
-6.49187361869113,4.81566505316144,0.0922986509761439,1,"Snx4","Cd74",0.2,0.04
-6.49187361869113,4.81566505316144,0.0922986509761439,1,"B4galt4","Cd74",0.2,0.04
-6.49187361869113,4.81566505316144,0.0922986509761439,1,"E4f1","Cd74",0.2,0.04
-6.49187361869113,4.81566505316144,0.0922986509761439,1,"Metrn","Cd74",0.2,0.04
-6.49187361869113,4.81566505316144,0.0922986509761439,1,"Mad2l1bp","Cd74",0.2,0.04
-6.49187361869113,4.81566505316144,0.0922986509761439,1,"Nedd4l","Cd74",0.2,0.04
-6.49187361869113,4.81566505316144,0.0922986509761439,1,"Hdhd2","Cd74",0.2,0.04
-6.49187361869113,4.81566505316144,0.0922986509761439,1,"Ldb1","Cd74",0.2,0.04
-6.41871645996923,4.7582244345675,0.0922986509761439,1,"Cnnm4","Cd74",0.2,0.04
-6.41871645996923,4.7582244345675,0.0922986509761439,1,"Usp40","Cd74",0.2,0.04
-6.41871645996923,4.7582244345675,0.0922986509761439,1,"Plaa","Cd74",0.2,0.04
-6.41871645996923,4.7582244345675,0.0922986509761439,1,"Ptpn12","Cd74",0.2,0.04
-6.41871645996923,4.7582244345675,0.0922986509761439,1,"Slc4a2","Cd74",0.2,0.04
-6.41871645996923,4.7582244345675,0.0922986509761439,1,"Ung","Cd74",0.2,0.04
-6.41871645996923,4.7582244345675,0.0922986509761439,1,"Tmem43","Cd74",0.2,0.04
-6.41871645996923,4.7582244345675,0.0922986509761439,1,"Kptn","Cd74",0.2,0.04
-6.41871645996923,4.7582244345675,0.0922986509761439,1,"Sphk2","Cd74",0.2,0.04
-6.41871645996923,4.7582244345675,0.0922986509761439,1,"Bet1l","Cd74",0.2,0.04
-6.41871645996923,4.7582244345675,0.0922986509761439,1,"Oraov1","Cd74",0.2,0.04
-6.41871645996923,4.7582244345675,0.0922986509761439,1,"Rnf41","Cd74",0.2,0.04
-6.41871645996923,4.7582244345675,0.0922986509761439,1,"Xab2","Cd74",0.2,0.04
-6.41871645996923,4.7582244345675,0.0922986509761439,1,"Galnt7","Cd74",0.2,0.04
-6.41871645996923,4.7582244345675,0.0922986509761439,1,"Ecd","Cd74",0.2,0.04
-6.41871645996923,4.7582244345675,0.0922986509761439,1,"Wdhd1","Cd74",0.2,0.04
-6.41871645996923,4.7582244345675,0.0922986509761439,1,"Mmp8","Cd74",0.2,0.04
-6.41871645996923,4.7582244345675,0.0922986509761439,1,"Rab3d","Cd74",0.2,0.04
-6.41871645996923,4.7582244345675,0.0922986509761439,1,"Tbc1d9b","Cd74",0.2,0.04
-6.41871645996923,4.7582244345675,0.0922986509761439,1,"Pitpnc1","Cd74",0.2,0.04
-6.41871645996923,4.7582244345675,0.0922986509761439,1,"Amz2","Cd74",0.2,0.04
-6.41871645996923,4.7582244345675,0.0922986509761439,1,"Dcxr","Cd74",0.2,0.04
-6.41871645996923,4.7582244345675,0.0922986509761439,1,"Iars","Cd74",0.2,0.04
-6.41871645996923,4.7582244345675,0.0922986509761439,1,"Prpf39","Cd74",0.2,0.04
-6.41871645996923,4.7582244345675,0.0922986509761439,1,"Lrr1","Cd74",0.2,0.04
-6.41871645996923,4.7582244345675,0.0922986509761439,1,"Riox1","Cd74",0.2,0.04
-6.41871645996923,4.7582244345675,0.0922986509761439,1,"Rnf113a2","Cd74",0.2,0.04
-6.41871645996923,4.7582244345675,0.0922986509761439,1,"Rrm2b","Cd74",0.2,0.04
-6.41871645996923,4.7582244345675,0.0922986509761439,1,"Aaas","Cd74",0.2,0.04
-6.41871645996923,4.7582244345675,0.0922986509761439,1,"Spidr","Cd74",0.2,0.04
-6.41871645996923,4.7582244345675,0.0922986509761439,1,"Med20","Cd74",0.2,0.04
-6.41871645996923,4.7582244345675,0.0922986509761439,1,"Haus1","Cd74",0.2,0.04
2.12701420405511,4.7503918871982,0.0923262088967114,1,"Zfyve19","Cd74",0.2,0.04
2.12701420405511,4.7503918871982,0.0923262088967114,1,"Bcl3","Cd74",0.2,0.04
2.12701420405511,4.7503918871982,0.0923262088967114,1,"Elk3","Cd74",0.2,0.04
2.12701420405511,4.7503918871982,0.0923262088967114,1,"Tmem19","Cd74",0.2,0.04
2.12701420405511,4.7503918871982,0.0923262088967114,1,"Rab11fip2","Cd74",0.2,0.04
1.86927402327062,4.8811019251306,0.0923262088967114,1,"Snapin","Cd74",0.2,0.04
1.86927402327062,4.8811019251306,0.0923262088967114,1,"Zfp26","Cd74",0.2,0.04
1.86927402327062,4.8811019251306,0.0923262088967114,1,"Tmem106c","Cd74",0.2,0.04
-1.01645123389313,7.85640701260636,0.0931578598230383,1,"Ddx39b","Cd74",0.2,0.04
-0.960836161747017,8.31973098010087,0.0933770782824884,1,"Rpl13a","Cd74",0.2,0.04
-0.95562268955551,8.31600835476104,0.0933770782824884,1,"Cox7b","Cd74",0.2,0.04
1.338852938899,6.16158911282319,0.0946878444889179,1,"Tmem243","Cd74",0.2,0.04
2.12092266452548,4.46942657699758,0.094716842521096,1,"Sh2d1b1","Cd74",0.2,0.04
2.12092266452548,4.46942657699758,0.094716842521096,1,"Blvrb","Cd74",0.2,0.04
2.12092266452548,4.46942657699758,0.094716842521096,1,"Dhx58","Cd74",0.2,0.04
2.12092266452548,4.46942657699758,0.094716842521096,1,"Donson","Cd74",0.2,0.04
2.12092266452548,4.46942657699758,0.094716842521096,1,"Tmem242","Cd74",0.2,0.04
1.95538402956464,4.55019563696111,0.094716842521096,1,"Vps18","Cd74",0.2,0.04
1.95538402956464,4.55019563696111,0.094716842521096,1,"Miga1","Cd74",0.2,0.04
1.95538402956464,4.55019563696111,0.094716842521096,1,"Nol9","Cd74",0.2,0.04
1.95538402956464,4.55019563696111,0.094716842521096,1,"Trim34a","Cd74",0.2,0.04
1.95538402956464,4.55019563696111,0.094716842521096,1,"Ccpg1","Cd74",0.2,0.04
1.95538402956464,4.55019563696111,0.094716842521096,1,"Socs7","Cd74",0.2,0.04
1.95538402956464,4.55019563696111,0.094716842521096,1,"Trim65","Cd74",0.2,0.04
1.95538402956464,4.55019563696111,0.094716842521096,1,"Acot13","Cd74",0.2,0.04
1.95538402956464,4.55019563696111,0.094716842521096,1,"Dcaf5","Cd74",0.2,0.04
1.95538402956464,4.55019563696111,0.094716842521096,1,"Lmbr1l","Cd74",0.2,0.04
1.95538402956464,4.55019563696111,0.094716842521096,1,"Agpat4","Cd74",0.2,0.04
1.05606155320974,6.9308034885345,0.0947833523340269,1,"Atp1b3","Cd74",0.2,0.04
-1.07702625014577,7.63415483076092,0.0951302554799361,1,"Kif5b","Cd74",0.2,0.04
-1.12186412664613,7.51190139930695,0.0962283117929814,1,"Uba52","Cd74",0.2,0.04
-1.11253982409505,7.50492286184936,0.0962283117929814,1,"Lbr","Cd74",0.2,0.04
-1.15691708013937,7.36260815712009,0.0973926814167155,1,"Cdkn2d","Cd74",0.2,0.04
-1.23702346128215,7.2218034859704,0.09859957811311,1,"Prc1","Cd74",0.2,0.04
-0.966571925953008,8.04391356716316,0.0992337456318949,1,"Myl12a","Cd74",0.2,0.04
-1.29015249054187,7.02568186939685,0.0997931678570834,1,"Ddx17","Cd74",0.2,0.04
-1.42744709612726,6.84462769840418,0.100850326497024,1,"Cops6","Cd74",0.2,0.04
-1.42744709612726,6.84462769840418,0.100850326497024,1,"Dock2","Cd74",0.2,0.04
-1.39714512955942,6.82100202462823,0.100850326497024,1,"Cdc20","Cd74",0.2,0.04
1.22880357493364,6.07092114290599,0.101120592594142,1,"Nenf","Cd74",0.2,0.04
1.22880357493364,6.07092114290599,0.101120592594142,1,"Dck","Cd74",0.2,0.04
1.22880357493364,6.07092114290599,0.101120592594142,1,"Adgre5","Cd74",0.2,0.04
-1.90099764340884,6.34427790853498,0.101120592594142,1,"Slc9a3r1","Cd74",0.2,0.04
-1.87937563983035,6.32693576515532,0.101120592594142,1,"Meaf6","Cd74",0.2,0.04
-1.87937563983035,6.32693576515532,0.101120592594142,1,"Mcm7","Cd74",0.2,0.04
-1.87937563983035,6.32693576515532,0.101120592594142,1,"Slc46a3","Cd74",0.2,0.04
-1.87937563983035,6.32693576515532,0.101120592594142,1,"Csnk1g2","Cd74",0.2,0.04
-1.87937563983035,6.32693576515532,0.101120592594142,1,"Map2k3","Cd74",0.2,0.04
-1.87937563983035,6.32693576515532,0.101120592594142,1,"Rpp21","Cd74",0.2,0.04
1.18075723821367,6.39499610581231,0.101499836886466,1,"Rb1cc1","Cd74",0.2,0.04
-0.847465729244613,8.67332651195579,0.101706117461917,1,"Abracl","Cd74",0.2,0.04
-0.706419008279479,11.2816644032428,0.102008788631907,1,"Rps26","Cd74",0.2,0.04
-1.0091547352751,7.85106944386367,0.102086408707164,1,"Atp5k","Cd74",0.2,0.04
-0.69863266336083,11.4204762664476,0.10287363790138,1,"Ppia","Cd74",0.2,0.04
1.62630692834067,5.47714623581159,0.105439901504063,1,"Dennd4a","Cd74",0.2,0.04
-2.34277089235121,5.85199866859654,0.105439901504063,1,"Api5","Cd74",0.2,0.04
-2.34277089235121,5.85199866859654,0.105439901504063,1,"Glmp","Cd74",0.2,0.04
-2.34277089235121,5.85199866859654,0.105439901504063,1,"Rpp25l","Cd74",0.2,0.04
-2.34277089235121,5.85199866859654,0.105439901504063,1,"Cdk14","Cd74",0.2,0.04
-2.34277089235121,5.85199866859654,0.105439901504063,1,"Hk2","Cd74",0.2,0.04
-2.34277089235121,5.85199866859654,0.105439901504063,1,"Tet3","Cd74",0.2,0.04
-2.34277089235121,5.85199866859654,0.105439901504063,1,"Hdac2","Cd74",0.2,0.04
-2.34277089235121,5.85199866859654,0.105439901504063,1,"Eef1e1","Cd74",0.2,0.04
-2.31121787948479,5.82644315661615,0.105439901504063,1,"Cdk2","Cd74",0.2,0.04
-0.922260133773788,8.11179212420401,0.105841989762763,1,"Uqcr10","Cd74",0.2,0.04
-1.50331843434565,6.53724295171124,0.108378696843745,1,"Dkc1","Cd74",0.2,0.04
-1.50331843434565,6.53724295171124,0.108378696843745,1,"Trappc4","Cd74",0.2,0.04
-1.50331843434565,6.53724295171124,0.108378696843745,1,"Scamp2","Cd74",0.2,0.04
-1.48426631918081,6.52223571305278,0.108378696843745,1,"Snrnp27","Cd74",0.2,0.04
-1.46495923241943,6.50703771877443,0.108378696843745,1,"Agpat5","Cd74",0.2,0.04
-1.46495923241943,6.50703771877443,0.108378696843745,1,"Trpv2","Cd74",0.2,0.04
-1.46495923241943,6.50703771877443,0.108378696843745,1,"Vav1","Cd74",0.2,0.04
1.14735877797996,6.27381769165807,0.108378696843745,1,"Ddx41","Cd74",0.2,0.04
-1.76612006453193,6.23628444775172,0.108539012545616,1,"Mrps25","Cd74",0.2,0.04
-1.76612006453193,6.23628444775172,0.108539012545616,1,"Psmd12","Cd74",0.2,0.04
-1.74236157303576,6.21730927735854,0.108539012545616,1,"Cyld","Cd74",0.2,0.04
-1.74236157303576,6.21730927735854,0.108539012545616,1,"Nudt3","Cd74",0.2,0.04
-1.74236157303576,6.21730927735854,0.108539012545616,1,"Zeb1","Cd74",0.2,0.04
-1.71820526311266,6.19803177873668,0.108539012545616,1,"Fam133b","Cd74",0.2,0.04
-1.71820526311266,6.19803177873668,0.108539012545616,1,"Gatad1","Cd74",0.2,0.04
-1.71820526311266,6.19803177873668,0.108539012545616,1,"Ppp1r35","Cd74",0.2,0.04
-1.71820526311266,6.19803177873668,0.108539012545616,1,"Bid","Cd74",0.2,0.04
-1.71820526311266,6.19803177873668,0.108539012545616,1,"Cpsf2","Cd74",0.2,0.04
-1.71820526311266,6.19803177873668,0.108539012545616,1,"Rin3","Cd74",0.2,0.04
-1.71820526311266,6.19803177873668,0.108539012545616,1,"Ddb1","Cd74",0.2,0.04
-0.891545699754042,8.27040811002602,0.110183160591313,1,"Tomm7","Cd74",0.2,0.04
-1.20232068583955,7.19535215070703,0.112653431294427,1,"Tm9sf3","Cd74",0.2,0.04
-1.19056508295973,7.18640153869163,0.112653431294427,1,"Camk1d","Cd74",0.2,0.04
1.72270584989779,5.2070189975732,0.113724162062005,1,"Tmem230","Cd74",0.2,0.04
1.63641887843883,5.25493305329315,0.113724162062005,1,"Chd6","Cd74",0.2,0.04
1.63641887843883,5.25493305329315,0.113724162062005,1,"Abhd11","Cd74",0.2,0.04
1.63641887843883,5.25493305329315,0.113724162062005,1,"Ltbr","Cd74",0.2,0.04
1.63641887843883,5.25493305329315,0.113724162062005,1,"Arhgef7","Cd74",0.2,0.04
1.55500274102427,5.30099620558873,0.113724162062005,1,"Abcg1","Cd74",0.2,0.04
1.55500274102427,5.30099620558873,0.113724162062005,1,"Atg12","Cd74",0.2,0.04
-1.27688315063271,7.01546543698566,0.115590140656623,1,"Znrd1","Cd74",0.2,0.04
-0.675277556508755,11.2993476356805,0.115677901346985,1,"Hspa8","Cd74",0.2,0.04
-0.699565828382692,10.4604413953492,0.117668263647537,1,"Cfl1","Cd74",0.2,0.04
-1.36619302924675,6.79689678658574,0.118829518634956,1,"Ndufa5","Cd74",0.2,0.04
-1.35046434241358,6.7846580986575,0.118829518634956,1,"Sys1","Cd74",0.2,0.04
-1.35046434241358,6.7846580986575,0.118829518634956,1,"Cenpe","Cd74",0.2,0.04
-1.35046434241358,6.7846580986575,0.118829518634956,1,"Dcun1d5","Cd74",0.2,0.04
-1.0552918669649,7.46215994902199,0.120437481671372,1,"Hspd1","Cd74",0.2,0.04
-1.55901014735525,6.58116664349053,0.122264993579936,1,"Bub1b","Cd74",0.2,0.04
-1.55901014735525,6.58116664349053,0.122264993579936,1,"Osgep","Cd74",0.2,0.04
-1.54068408007039,6.56670393510074,0.122264993579936,1,"Psip1","Cd74",0.2,0.04
1.65067512145565,4.99923648113943,0.123084780529072,1,"Pxmp4","Cd74",0.2,0.04
1.65067512145565,4.99923648113943,0.123084780529072,1,"Tigd2","Cd74",0.2,0.04
1.65067512145565,4.99923648113943,0.123084780529072,1,"Lrp6","Cd74",0.2,0.04
1.65067512145565,4.99923648113943,0.123084780529072,1,"Snrk","Cd74",0.2,0.04
1.65067512145565,4.99923648113943,0.123084780529072,1,"Dhx57","Cd74",0.2,0.04
1.65067512145565,4.99923648113943,0.123084780529072,1,"Ctdp1","Cd74",0.2,0.04
1.5526596531088,5.05428173433818,0.123084780529072,1,"Tspan14","Cd74",0.2,0.04
1.5526596531088,5.05428173433818,0.123084780529072,1,"Zfp367","Cd74",0.2,0.04
1.5526596531088,5.05428173433818,0.123084780529072,1,"Pcyt1a","Cd74",0.2,0.04
1.5526596531088,5.05428173433818,0.123084780529072,1,"Dus3l","Cd74",0.2,0.04
-0.891395831302831,8.08969972547727,0.123319860249622,1,"Dock10","Cd74",0.2,0.04
-0.891395831302831,8.08969972547727,0.123319860249622,1,"Fbl","Cd74",0.2,0.04
-1.11486059790341,7.33090101208457,0.124201898931867,1,"Btg2","Cd74",0.2,0.04
-0.727663059805903,9.51968431627633,0.12486481118728,1,"Sub1","Cd74",0.2,0.04
-0.975693371452683,7.69939963320021,0.125911249354458,1,"Ppfia4","Cd74",0.2,0.04
-0.975693371452683,7.69939963320021,0.125911249354458,1,"Hmgn1","Cd74",0.2,0.04
-0.914629877180895,8.00647058732437,0.126429601549637,1,"Psmb5","Cd74",0.2,0.04
-1.28577658296034,6.73440052030771,0.126945433155756,1,"Slc31a2","Cd74",0.2,0.04
-1.28577658296034,6.73440052030771,0.126945433155756,1,"Snrnp40","Cd74",0.2,0.04
-1.28577658296034,6.73440052030771,0.126945433155756,1,"Anapc13","Cd74",0.2,0.04
-1.26914105972374,6.72149618603314,0.126945433155756,1,"Smarcc1","Cd74",0.2,0.04
-1.26914105972374,6.72149618603314,0.126945433155756,1,"Plec","Cd74",0.2,0.04
1.42676541634675,5.5914864206262,0.127280866783699,1,"Dgkz","Cd74",0.2,0.04
1.36594661873059,5.62723080687358,0.127280866783699,1,"Mapkap1","Cd74",0.2,0.04
1.36594661873059,5.62723080687358,0.127280866783699,1,"Slc7a1","Cd74",0.2,0.04
1.36594661873059,5.62723080687358,0.127280866783699,1,"Crebrf","Cd74",0.2,0.04
1.36594661873059,5.62723080687358,0.127280866783699,1,"Mrps10","Cd74",0.2,0.04
-0.643197189987111,12.0680120800017,0.127990574953012,1,"Rps29","Cd74",0.2,0.04
-0.832207213691428,8.3886063934834,0.129105243440498,1,"Ahnak","Cd74",0.2,0.04
-0.998182667066645,7.57577380110066,0.129924607852346,1,"Dctpp1","Cd74",0.2,0.04
-0.661095359919706,10.7889009087527,0.130442667527909,1,"Sh3bgrl3","Cd74",0.2,0.04
-1.44539025689225,6.49164405141908,0.131632762443942,1,"Pih1d1","Cd74",0.2,0.04
-1.44539025689225,6.49164405141908,0.131632762443942,1,"Cklf","Cd74",0.2,0.04
-1.42555219006914,6.47604960313277,0.131632762443942,1,"Spag7","Cd74",0.2,0.04
-1.42555219006914,6.47604960313277,0.131632762443942,1,"Morc3","Cd74",0.2,0.04
1.22093523053429,6.23028532862093,0.131632762443942,1,"Ppp1r7","Cd74",0.2,0.04
0.828858128045197,7.99203213502554,0.133040519339463,1,"Pnn","Cd74",0.2,0.04
-1.23632675177486,6.98427528121086,0.133727063174126,1,"Tmem55b","Cd74",0.2,0.04
-1.22255057686523,6.97369281106233,0.133727063174126,1,"Knl1","Cd74",0.2,0.04
-1.20864158513186,6.96301462010681,0.133727063174126,1,"Ankrd12","Cd74",0.2,0.04
-0.650728384286055,11.0440666404575,0.134189701095524,1,"Rpl14","Cd74",0.2,0.04
-1.02579284296715,7.44018062544395,0.134589979660756,1,"Lamtor4","Cd74",0.2,0.04
-0.847189922777767,8.23900867761368,0.135476795627421,1,"Anxa1","Cd74",0.2,0.04
-0.711890758358184,9.44275129200661,0.135930661479752,1,"Ppib","Cd74",0.2,0.04
-1.69363758521082,6.17844224253826,0.136304219168977,1,"Dguok","Cd74",0.2,0.04
-1.69363758521082,6.17844224253826,0.136304219168977,1,"Fam117a","Cd74",0.2,0.04
-1.69363758521082,6.17844224253826,0.136304219168977,1,"Smarcd2","Cd74",0.2,0.04
-1.69363758521082,6.17844224253826,0.136304219168977,1,"Ptprcap","Cd74",0.2,0.04
-1.66864428552859,6.15853049061945,0.136304219168977,1,"Ckap4","Cd74",0.2,0.04
-1.64321035634742,6.13828584563591,0.136304219168977,1,"Mad2l1","Cd74",0.2,0.04
-1.64321035634742,6.13828584563591,0.136304219168977,1,"Esco2","Cd74",0.2,0.04
-1.64321035634742,6.13828584563591,0.136304219168977,1,"Card19","Cd74",0.2,0.04
-1.64321035634742,6.13828584563591,0.136304219168977,1,"Mxd3","Cd74",0.2,0.04
-1.64321035634742,6.13828584563591,0.136304219168977,1,"Wdr89","Cd74",0.2,0.04
-1.64321035634742,6.13828584563591,0.136304219168977,1,"Rnps1","Cd74",0.2,0.04
-1.64321035634742,6.13828584563591,0.136304219168977,1,"Mta3","Cd74",0.2,0.04
-1.64321035634742,6.13828584563591,0.136304219168977,1,"Slc3a2","Cd74",0.2,0.04
1.23869348186179,5.89410707833301,0.136304219168977,1,"Vcpip1","Cd74",0.2,0.04
1.23869348186179,5.89410707833301,0.136304219168977,1,"N4bp1","Cd74",0.2,0.04
1.23869348186179,5.89410707833301,0.136304219168977,1,"Ifnar1","Cd74",0.2,0.04
-0.887940306919041,7.9872947474704,0.136950081566719,1,"Ccnd3","Cd74",0.2,0.04
-0.715741961012204,9.41082606239071,0.137705902061366,1,"Ran","Cd74",0.2,0.04
-0.959131876410195,7.68726183704166,0.138586544497914,1,"Tcp1","Cd74",0.2,0.04
-0.801621130973297,8.51108732969167,0.139060788841958,1,"Atp6v1g1","Cd74",0.2,0.04
-0.853115672299278,8.15571730533403,0.139235303301188,1,"Kctd12","Cd74",0.2,0.04
-2.27895931460297,5.80034633274893,0.139260305315864,1,"Fmnl2","Cd74",0.2,0.04
-2.27895931460297,5.80034633274893,0.139260305315864,1,"Timm50","Cd74",0.2,0.04
-2.27895931460297,5.80034633274893,0.139260305315864,1,"Arl2bp","Cd74",0.2,0.04
-2.27895931460297,5.80034633274893,0.139260305315864,1,"Srek1","Cd74",0.2,0.04
-2.27895931460297,5.80034633274893,0.139260305315864,1,"Marf1","Cd74",0.2,0.04
-2.27895931460297,5.80034633274893,0.139260305315864,1,"Def6","Cd74",0.2,0.04
-2.24596292112074,5.77368518484119,0.139260305315864,1,"Cse1l","Cd74",0.2,0.04
-2.24596292112074,5.77368518484119,0.139260305315864,1,"Ruvbl2","Cd74",0.2,0.04
-2.24596292112074,5.77368518484119,0.139260305315864,1,"Orai3","Cd74",0.2,0.04
-2.24596292112074,5.77368518484119,0.139260305315864,1,"0610010K14Rik","Cd74",0.2,0.04
-2.24596292112074,5.77368518484119,0.139260305315864,1,"Poldip3","Cd74",0.2,0.04
-2.21219415568903,5.74643522368835,0.139260305315864,1,"Terf1","Cd74",0.2,0.04
-2.21219415568903,5.74643522368835,0.139260305315864,1,"Mllt10","Cd74",0.2,0.04
-2.21219415568903,5.74643522368835,0.139260305315864,1,"Rpia","Cd74",0.2,0.04
-2.21219415568903,5.74643522368835,0.139260305315864,1,"AI467606","Cd74",0.2,0.04
1.33515382268429,5.42935449758122,0.139260305315864,1,"Emsy","Cd74",0.2,0.04
1.33515382268429,5.42935449758122,0.139260305315864,1,"Abcc1","Cd74",0.2,0.04
1.33515382268429,5.42935449758122,0.139260305315864,1,"Cpt1a","Cd74",0.2,0.04
1.33515382268429,5.42935449758122,0.139260305315864,1,"Capn1","Cd74",0.2,0.04
-1.33456228492346,6.77229188491548,0.139805242795878,1,"Ube2a","Cd74",0.2,0.04
-1.31848299215603,6.75979543225508,0.139805242795878,1,"Anxa7","Cd74",0.2,0.04
1.03313612686845,6.61087276348055,0.139805242795878,1,"Dynll2","Cd74",0.2,0.04
6.32374829293433,3.01039947712871,0.13984461709212,1,"Gpr45","Cd74",0.2,0.04
6.32374829293433,3.01039947712871,0.13984461709212,1,"Fcgr4","Cd74",0.2,0.04
6.32374829293433,3.01039947712871,0.13984461709212,1,"Ccdc173","Cd74",0.2,0.04
6.32374829293433,3.01039947712871,0.13984461709212,1,"Tnks1bp1","Cd74",0.2,0.04
6.32374829293433,3.01039947712871,0.13984461709212,1,"Mdk","Cd74",0.2,0.04
6.32374829293433,3.01039947712871,0.13984461709212,1,"Foxs1","Cd74",0.2,0.04
6.32374829293433,3.01039947712871,0.13984461709212,1,"Mafb","Cd74",0.2,0.04
6.32374829293433,3.01039947712871,0.13984461709212,1,"Sirpb1a","Cd74",0.2,0.04
6.32374829293433,3.01039947712871,0.13984461709212,1,"Gm5150","Cd74",0.2,0.04
6.32374829293433,3.01039947712871,0.13984461709212,1,"P2ry13","Cd74",0.2,0.04
6.32374829293433,3.01039947712871,0.13984461709212,1,"Sucnr1","Cd74",0.2,0.04
6.32374829293433,3.01039947712871,0.13984461709212,1,"Fcgr1","Cd74",0.2,0.04
6.32374829293433,3.01039947712871,0.13984461709212,1,"Lef1","Cd74",0.2,0.04
6.32374829293433,3.01039947712871,0.13984461709212,1,"Zfyve9","Cd74",0.2,0.04
6.32374829293433,3.01039947712871,0.13984461709212,1,"Arhgef10l","Cd74",0.2,0.04
6.32374829293433,3.01039947712871,0.13984461709212,1,"Hgf","Cd74",0.2,0.04
6.32374829293433,3.01039947712871,0.13984461709212,1,"Flt1","Cd74",0.2,0.04
6.32374829293433,3.01039947712871,0.13984461709212,1,"1500009L16Rik","Cd74",0.2,0.04
6.32374829293433,3.01039947712871,0.13984461709212,1,"Timp3","Cd74",0.2,0.04
6.32374829293433,3.01039947712871,0.13984461709212,1,"Podnl1","Cd74",0.2,0.04
6.32374829293433,3.01039947712871,0.13984461709212,1,"Cldn10","Cd74",0.2,0.04
6.32374829293433,3.01039947712871,0.13984461709212,1,"Zfp202","Cd74",0.2,0.04
6.32374829293433,3.01039947712871,0.13984461709212,1,"Gm2415","Cd74",0.2,0.04
6.32374829293433,3.01039947712871,0.13984461709212,1,"Il9r","Cd74",0.2,0.04
6.32374829293433,3.01039947712871,0.13984461709212,1,"Gdpd1","Cd74",0.2,0.04
6.32374829293433,3.01039947712871,0.13984461709212,1,"Cd300e","Cd74",0.2,0.04
6.32374829293433,3.01039947712871,0.13984461709212,1,"Slc12a7","Cd74",0.2,0.04
6.32374829293433,3.01039947712871,0.13984461709212,1,"Mccc2","Cd74",0.2,0.04
6.32374829293433,3.01039947712871,0.13984461709212,1,"Adamts6","Cd74",0.2,0.04
6.32374829293433,3.01039947712871,0.13984461709212,1,"Serpina12","Cd74",0.2,0.04
6.32374829293433,3.01039947712871,0.13984461709212,1,"Maff","Cd74",0.2,0.04
6.32374829293433,3.01039947712871,0.13984461709212,1,"St3gal6","Cd74",0.2,0.04
6.32374829293433,3.01039947712871,0.13984461709212,1,"Pla2g7","Cd74",0.2,0.04
6.32374829293433,3.01039947712871,0.13984461709212,1,"Trem2","Cd74",0.2,0.04
6.32374829293433,3.01039947712871,0.13984461709212,1,"Pcdhb22","Cd74",0.2,0.04
3.87747511795466,3.22603630453638,0.13984461709212,1,"Pard3b","Cd74",0.2,0.04
3.87747511795466,3.22603630453638,0.13984461709212,1,"Pask","Cd74",0.2,0.04
3.87747511795466,3.22603630453638,0.13984461709212,1,"Prnp","Cd74",0.2,0.04
3.87747511795466,3.22603630453638,0.13984461709212,1,"Fitm2","Cd74",0.2,0.04
3.87747511795466,3.22603630453638,0.13984461709212,1,"Jade3","Cd74",0.2,0.04
3.87747511795466,3.22603630453638,0.13984461709212,1,"Gab3","Cd74",0.2,0.04
3.87747511795466,3.22603630453638,0.13984461709212,1,"Hook1","Cd74",0.2,0.04
3.87747511795466,3.22603630453638,0.13984461709212,1,"Cd38","Cd74",0.2,0.04
3.87747511795466,3.22603630453638,0.13984461709212,1,"Ppp1r9a","Cd74",0.2,0.04
3.87747511795466,3.22603630453638,0.13984461709212,1,"Zc3hav1l","Cd74",0.2,0.04
3.87747511795466,3.22603630453638,0.13984461709212,1,"Hpgds","Cd74",0.2,0.04
3.87747511795466,3.22603630453638,0.13984461709212,1,"Axl","Cd74",0.2,0.04
3.87747511795466,3.22603630453638,0.13984461709212,1,"Zfp74","Cd74",0.2,0.04
3.87747511795466,3.22603630453638,0.13984461709212,1,"Rab20","Cd74",0.2,0.04
3.87747511795466,3.22603630453638,0.13984461709212,1,"Zfp709","Cd74",0.2,0.04
3.87747511795466,3.22603630453638,0.13984461709212,1,"Abca5","Cd74",0.2,0.04
3.87747511795466,3.22603630453638,0.13984461709212,1,"Homer1","Cd74",0.2,0.04
3.87747511795466,3.22603630453638,0.13984461709212,1,"Gm19951","Cd74",0.2,0.04
3.87747511795466,3.22603630453638,0.13984461709212,1,"Dglucy","Cd74",0.2,0.04
3.87747511795466,3.22603630453638,0.13984461709212,1,"C230037L18Rik","Cd74",0.2,0.04
3.87747511795466,3.22603630453638,0.13984461709212,1,"Krt7","Cd74",0.2,0.04
3.87747511795466,3.22603630453638,0.13984461709212,1,"1700066B19Rik","Cd74",0.2,0.04
3.87747511795466,3.22603630453638,0.13984461709212,1,"Lipo3","Cd74",0.2,0.04
3.01630111103778,3.4120815606372,0.13984461709212,1,"Wnt6","Cd74",0.2,0.04
3.01630111103778,3.4120815606372,0.13984461709212,1,"Ifi214","Cd74",0.2,0.04
3.01630111103778,3.4120815606372,0.13984461709212,1,"Slc2a6","Cd74",0.2,0.04
3.01630111103778,3.4120815606372,0.13984461709212,1,"Wdr34","Cd74",0.2,0.04
3.01630111103778,3.4120815606372,0.13984461709212,1,"Zeb2os","Cd74",0.2,0.04
3.01630111103778,3.4120815606372,0.13984461709212,1,"Zmat1","Cd74",0.2,0.04
3.01630111103778,3.4120815606372,0.13984461709212,1,"D3Ertd751e","Cd74",0.2,0.04
3.01630111103778,3.4120815606372,0.13984461709212,1,"Zfp991","Cd74",0.2,0.04
3.01630111103778,3.4120815606372,0.13984461709212,1,"Pf4","Cd74",0.2,0.04
3.01630111103778,3.4120815606372,0.13984461709212,1,"Abcg3","Cd74",0.2,0.04
3.01630111103778,3.4120815606372,0.13984461709212,1,"Smo","Cd74",0.2,0.04
3.01630111103778,3.4120815606372,0.13984461709212,1,"Dbp","Cd74",0.2,0.04
3.01630111103778,3.4120815606372,0.13984461709212,1,"Arntl","Cd74",0.2,0.04
3.01630111103778,3.4120815606372,0.13984461709212,1,"4930430F08Rik","Cd74",0.2,0.04
3.01630111103778,3.4120815606372,0.13984461709212,1,"Lig4","Cd74",0.2,0.04
3.01630111103778,3.4120815606372,0.13984461709212,1,"Zfp219","Cd74",0.2,0.04
3.01630111103778,3.4120815606372,0.13984461709212,1,"Abhd4","Cd74",0.2,0.04
3.01630111103778,3.4120815606372,0.13984461709212,1,"Ets1","Cd74",0.2,0.04
3.01630111103778,3.4120815606372,0.13984461709212,1,"Thy1","Cd74",0.2,0.04
3.01630111103778,3.4120815606372,0.13984461709212,1,"Usp28","Cd74",0.2,0.04
3.01630111103778,3.4120815606372,0.13984461709212,1,"Rora","Cd74",0.2,0.04
3.01630111103778,3.4120815606372,0.13984461709212,1,"Nicn1","Cd74",0.2,0.04
3.01630111103778,3.4120815606372,0.13984461709212,1,"Mks1","Cd74",0.2,0.04
3.01630111103778,3.4120815606372,0.13984461709212,1,"Cmah","Cd74",0.2,0.04
3.01630111103778,3.4120815606372,0.13984461709212,1,"Irf4","Cd74",0.2,0.04
3.01630111103778,3.4120815606372,0.13984461709212,1,"Pigh","Cd74",0.2,0.04
3.01630111103778,3.4120815606372,0.13984461709212,1,"Mtss1","Cd74",0.2,0.04
3.01630111103778,3.4120815606372,0.13984461709212,1,"Parp10","Cd74",0.2,0.04
3.01630111103778,3.4120815606372,0.13984461709212,1,"Pdgfb","Cd74",0.2,0.04
3.01630111103778,3.4120815606372,0.13984461709212,1,"Cd80","Cd74",0.2,0.04
3.01630111103778,3.4120815606372,0.13984461709212,1,"Tiam2","Cd74",0.2,0.04
3.01630111103778,3.4120815606372,0.13984461709212,1,"Zfp52","Cd74",0.2,0.04
3.01630111103778,3.4120815606372,0.13984461709212,1,"Tnf","Cd74",0.2,0.04
-1.06050502111124,7.29002581462146,0.140074899804309,1,"Bptf","Cd74",0.2,0.04
-1.06050502111124,7.29002581462146,0.140074899804309,1,"Uqcc2","Cd74",0.2,0.04
-0.89845586938639,7.88718680050536,0.141401252972207,1,"Luc7l2","Cd74",0.2,0.04
1.18725406986315,6.09570203194338,0.142547490391782,1,"Ttyh3","Cd74",0.2,0.04
1.10758130235829,6.14367575182801,0.142547490391782,1,"Adipor1","Cd74",0.2,0.04
-1.13701113227166,6.90812384798697,0.142593656876252,1,"Rcc2","Cd74",0.2,0.04
-0.694515464421595,9.53002813494099,0.143282878535786,1,"Emp3","Cd74",0.2,0.04
2.30794765396443,4.38316090375323,0.143685221306379,1,"Mgat5","Cd74",0.2,0.04
2.30794765396443,4.38316090375323,0.143685221306379,1,"Primpol","Cd74",0.2,0.04
-0.970913983982249,7.55565065842701,0.143960415974149,1,"Nusap1","Cd74",0.2,0.04
-0.631189647801873,11.0956996539923,0.144313910701525,1,"Vim","Cd74",0.2,0.04
0.979339232510481,6.87152760657614,0.14481454033577,1,"Runx1","Cd74",0.2,0.04
-0.830198500735545,8.22701655015854,0.145046536814257,1,"H2afj","Cd74",0.2,0.04
-0.918590996760496,7.7850599627022,0.146512892814217,1,"Banf1","Cd74",0.2,0.04
-0.644706059804015,10.4584948570953,0.146571960414079,1,"Rps28","Cd74",0.2,0.04
-1.10547924154365,7.12176692642364,0.146607081946586,1,"Pid1","Cd74",0.2,0.04
-1.10547924154365,7.12176692642364,0.146607081946586,1,"Cuta","Cd74",0.2,0.04
1.11193145807071,6.29495676844508,0.146999959641275,1,"Zc3h18","Cd74",0.2,0.04
1.07735329322007,6.31569879341886,0.146999959641275,1,"Ccl6","Cd74",0.2,0.04
1.07735329322007,6.31569879341886,0.146999959641275,1,"Zfp36l1","Cd74",0.2,0.04
-0.867594025855787,7.97270546150708,0.148280260810142,1,"Uqcr11","Cd74",0.2,0.04
-1.23528324649581,6.69525834073388,0.15025198136708,1,"Ckap5","Cd74",0.2,0.04
-1.23528324649581,6.69525834073388,0.15025198136708,1,"Tuba1c","Cd74",0.2,0.04
-1.21805163003525,6.68191835029393,0.15025198136708,1,"Etfa","Cd74",0.2,0.04
-1.21805163003525,6.68191835029393,0.15025198136708,1,"Gmnn","Cd74",0.2,0.04
1.0530716022198,6.47037907386899,0.15025198136708,1,"Eif2a","Cd74",0.2,0.04
1.0228409805675,6.48843919739668,0.15025198136708,1,"Iscu","Cd74",0.2,0.04
1.0228409805675,6.48843919739668,0.15025198136708,1,"Kras","Cd74",0.2,0.04
1.0228409805675,6.48843919739668,0.15025198136708,1,"Pirb","Cd74",0.2,0.04
1.0228409805675,6.48843919739668,0.15025198136708,1,"Jmjd1c","Cd74",0.2,0.04
1.0228409805675,6.48843919739668,0.15025198136708,1,"Twistnb","Cd74",0.2,0.04
0.993230840036518,6.50620580063224,0.15025198136708,1,"Synj1","Cd74",0.2,0.04
-0.80966656081421,8.29498537276528,0.150504596737382,1,"Swi5","Cd74",0.2,0.04
-6.34165050638654,4.69811571764896,0.15069115124609,1,"Tns1","Cd74",0.2,0.04
-6.34165050638654,4.69811571764896,0.15069115124609,1,"Gpcpd1","Cd74",0.2,0.04
-6.34165050638654,4.69811571764896,0.15069115124609,1,"Kif3b","Cd74",0.2,0.04
-6.34165050638654,4.69811571764896,0.15069115124609,1,"Wdr13","Cd74",0.2,0.04
-6.34165050638654,4.69811571764896,0.15069115124609,1,"Haus7","Cd74",0.2,0.04
-6.34165050638654,4.69811571764896,0.15069115124609,1,"Phtf1","Cd74",0.2,0.04
-6.34165050638654,4.69811571764896,0.15069115124609,1,"Psrc1","Cd74",0.2,0.04
-6.34165050638654,4.69811571764896,0.15069115124609,1,"0610037L13Rik","Cd74",0.2,0.04
-6.34165050638654,4.69811571764896,0.15069115124609,1,"Eri3","Cd74",0.2,0.04
-6.34165050638654,4.69811571764896,0.15069115124609,1,"Snrnp35","Cd74",0.2,0.04
-6.34165050638654,4.69811571764896,0.15069115124609,1,"Cdk8","Cd74",0.2,0.04
-6.34165050638654,4.69811571764896,0.15069115124609,1,"Klhdc10","Cd74",0.2,0.04
-6.34165050638654,4.69811571764896,0.15069115124609,1,"Stambp","Cd74",0.2,0.04
-6.34165050638654,4.69811571764896,0.15069115124609,1,"Nkg7","Cd74",0.2,0.04
-6.34165050638654,4.69811571764896,0.15069115124609,1,"Tbc1d17","Cd74",0.2,0.04
-6.34165050638654,4.69811571764896,0.15069115124609,1,"Csrp3","Cd74",0.2,0.04
-6.34165050638654,4.69811571764896,0.15069115124609,1,"Nfrkb","Cd74",0.2,0.04
-6.34165050638654,4.69811571764896,0.15069115124609,1,"Srprb","Cd74",0.2,0.04
-6.34165050638654,4.69811571764896,0.15069115124609,1,"Arih2","Cd74",0.2,0.04
-6.34165050638654,4.69811571764896,0.15069115124609,1,"Sp2","Cd74",0.2,0.04
-6.34165050638654,4.69811571764896,0.15069115124609,1,"Cdkal1","Cd74",0.2,0.04
-6.34165050638654,4.69811571764896,0.15069115124609,1,"Rnaset2a","Cd74",0.2,0.04
-6.34165050638654,4.69811571764896,0.15069115124609,1,"Gtf2h4","Cd74",0.2,0.04
-6.34165050638654,4.69811571764896,0.15069115124609,1,"Fam98a","Cd74",0.2,0.04
-6.34165050638654,4.69811571764896,0.15069115124609,1,"Mtpap","Cd74",0.2,0.04
-6.34165050638654,4.69811571764896,0.15069115124609,1,"Rfx3","Cd74",0.2,0.04
-6.34165050638654,4.69811571764896,0.15069115124609,1,"Nhlrc2","Cd74",0.2,0.04
-6.26023436897198,4.63508667836907,0.15069115124609,1,"Cnnm3","Cd74",0.2,0.04
-6.26023436897198,4.63508667836907,0.15069115124609,1,"Gpr35","Cd74",0.2,0.04
-6.26023436897198,4.63508667836907,0.15069115124609,1,"Acad9","Cd74",0.2,0.04
-6.26023436897198,4.63508667836907,0.15069115124609,1,"Hax1","Cd74",0.2,0.04
-6.26023436897198,4.63508667836907,0.15069115124609,1,"Pogz","Cd74",0.2,0.04
-6.26023436897198,4.63508667836907,0.15069115124609,1,"Prpf3","Cd74",0.2,0.04
-6.26023436897198,4.63508667836907,0.15069115124609,1,"Adora3","Cd74",0.2,0.04
-6.26023436897198,4.63508667836907,0.15069115124609,1,"Kyat3","Cd74",0.2,0.04
-6.26023436897198,4.63508667836907,0.15069115124609,1,"Nbn","Cd74",0.2,0.04
-6.26023436897198,4.63508667836907,0.15069115124609,1,"Rnf11","Cd74",0.2,0.04
-6.26023436897198,4.63508667836907,0.15069115124609,1,"Rad54l","Cd74",0.2,0.04
-6.26023436897198,4.63508667836907,0.15069115124609,1,"Cenps","Cd74",0.2,0.04
-6.26023436897198,4.63508667836907,0.15069115124609,1,"Haus3","Cd74",0.2,0.04
-6.26023436897198,4.63508667836907,0.15069115124609,1,"Lias","Cd74",0.2,0.04
-6.26023436897198,4.63508667836907,0.15069115124609,1,"Ppat","Cd74",0.2,0.04
-6.26023436897198,4.63508667836907,0.15069115124609,1,"Prkab1","Cd74",0.2,0.04
-6.26023436897198,4.63508667836907,0.15069115124609,1,"Zkscan1","Cd74",0.2,0.04
-6.26023436897198,4.63508667836907,0.15069115124609,1,"Ints13","Cd74",0.2,0.04
-6.26023436897198,4.63508667836907,0.15069115124609,1,"Med25","Cd74",0.2,0.04
-6.26023436897198,4.63508667836907,0.15069115124609,1,"Anpep","Cd74",0.2,0.04
-6.26023436897198,4.63508667836907,0.15069115124609,1,"Zfp553","Cd74",0.2,0.04
-6.26023436897198,4.63508667836907,0.15069115124609,1,"Pstk","Cd74",0.2,0.04
-6.26023436897198,4.63508667836907,0.15069115124609,1,"Amd1","Cd74",0.2,0.04
-6.26023436897198,4.63508667836907,0.15069115124609,1,"Naf1","Cd74",0.2,0.04
-6.26023436897198,4.63508667836907,0.15069115124609,1,"Usp38","Cd74",0.2,0.04
-6.26023436897198,4.63508667836907,0.15069115124609,1,"G430095P16Rik","Cd74",0.2,0.04
-6.26023436897198,4.63508667836907,0.15069115124609,1,"Papd5","Cd74",0.2,0.04
-6.26023436897198,4.63508667836907,0.15069115124609,1,"Oaf","Cd74",0.2,0.04
-6.26023436897198,4.63508667836907,0.15069115124609,1,"Dnajc13","Cd74",0.2,0.04
-6.26023436897198,4.63508667836907,0.15069115124609,1,"Rbm15b","Cd74",0.2,0.04
-6.26023436897198,4.63508667836907,0.15069115124609,1,"Epm2aip1","Cd74",0.2,0.04
-6.26023436897198,4.63508667836907,0.15069115124609,1,"Zcchc10","Cd74",0.2,0.04
-6.26023436897198,4.63508667836907,0.15069115124609,1,"Hist1h2be","Cd74",0.2,0.04
-6.26023436897198,4.63508667836907,0.15069115124609,1,"S1pr3","Cd74",0.2,0.04
-6.26023436897198,4.63508667836907,0.15069115124609,1,"Ttc32","Cd74",0.2,0.04
-6.26023436897198,4.63508667836907,0.15069115124609,1,"Gcat","Cd74",0.2,0.04
-6.26023436897198,4.63508667836907,0.15069115124609,1,"Cdip1","Cd74",0.2,0.04
-6.26023436897198,4.63508667836907,0.15069115124609,1,"Neurl1b","Cd74",0.2,0.04
-6.26023436897198,4.63508667836907,0.15069115124609,1,"Rad9a","Cd74",0.2,0.04
-6.17394739751302,4.56884796973512,0.15069115124609,1,"3110009E18Rik","Cd74",0.2,0.04
-6.17394739751302,4.56884796973512,0.15069115124609,1,"Zbtb37","Cd74",0.2,0.04
-6.17394739751302,4.56884796973512,0.15069115124609,1,"Pou2f1","Cd74",0.2,0.04
-6.17394739751302,4.56884796973512,0.15069115124609,1,"D730003I15Rik","Cd74",0.2,0.04
-6.17394739751302,4.56884796973512,0.15069115124609,1,"Tmem141","Cd74",0.2,0.04
-6.17394739751302,4.56884796973512,0.15069115124609,1,"Med14","Cd74",0.2,0.04
-6.17394739751302,4.56884796973512,0.15069115124609,1,"Gfm1","Cd74",0.2,0.04
-6.17394739751302,4.56884796973512,0.15069115124609,1,"Arnt","Cd74",0.2,0.04
-6.17394739751302,4.56884796973512,0.15069115124609,1,"Polr1e","Cd74",0.2,0.04
-6.17394739751302,4.56884796973512,0.15069115124609,1,"Dhcr24","Cd74",0.2,0.04
-6.17394739751302,4.56884796973512,0.15069115124609,1,"Spata6","Cd74",0.2,0.04
-6.17394739751302,4.56884796973512,0.15069115124609,1,"Tlr12","Cd74",0.2,0.04
-6.17394739751302,4.56884796973512,0.15069115124609,1,"2700038G22Rik","Cd74",0.2,0.04
-6.17394739751302,4.56884796973512,0.15069115124609,1,"Zdhhc4","Cd74",0.2,0.04
-6.17394739751302,4.56884796973512,0.15069115124609,1,"Pradc1","Cd74",0.2,0.04
-6.17394739751302,4.56884796973512,0.15069115124609,1,"Alms1","Cd74",0.2,0.04
-6.17394739751302,4.56884796973512,0.15069115124609,1,"Arrdc4","Cd74",0.2,0.04
-6.17394739751302,4.56884796973512,0.15069115124609,1,"Tmem135","Cd74",0.2,0.04
-6.17394739751302,4.56884796973512,0.15069115124609,1,"C2cd3","Cd74",0.2,0.04
-6.17394739751302,4.56884796973512,0.15069115124609,1,"Tubgcp2","Cd74",0.2,0.04
-6.17394739751302,4.56884796973512,0.15069115124609,1,"Thap2","Cd74",0.2,0.04
-6.17394739751302,4.56884796973512,0.15069115124609,1,"Mon2","Cd74",0.2,0.04
-6.17394739751302,4.56884796973512,0.15069115124609,1,"Tubgcp3","Cd74",0.2,0.04
-6.17394739751302,4.56884796973512,0.15069115124609,1,"Cln8","Cd74",0.2,0.04
-6.17394739751302,4.56884796973512,0.15069115124609,1,"Ist1","Cd74",0.2,0.04
-6.17394739751302,4.56884796973512,0.15069115124609,1,"Cenpn","Cd74",0.2,0.04
-6.17394739751302,4.56884796973512,0.15069115124609,1,"Ap5m1","Cd74",0.2,0.04
-6.17394739751302,4.56884796973512,0.15069115124609,1,"Tinf2","Cd74",0.2,0.04
-6.17394739751302,4.56884796973512,0.15069115124609,1,"Kctd9","Cd74",0.2,0.04
-6.17394739751302,4.56884796973512,0.15069115124609,1,"Nudt16","Cd74",0.2,0.04
-6.17394739751302,4.56884796973512,0.15069115124609,1,"Ppp2r3d","Cd74",0.2,0.04
-6.17394739751302,4.56884796973512,0.15069115124609,1,"Hist3h2ba","Cd74",0.2,0.04
-6.17394739751302,4.56884796973512,0.15069115124609,1,"Srebf1","Cd74",0.2,0.04
-6.17394739751302,4.56884796973512,0.15069115124609,1,"Rhot1","Cd74",0.2,0.04
-6.17394739751302,4.56884796973512,0.15069115124609,1,"Rnft1","Cd74",0.2,0.04
-6.17394739751302,4.56884796973512,0.15069115124609,1,"Naglu","Cd74",0.2,0.04
-6.17394739751302,4.56884796973512,0.15069115124609,1,"Psmc3ip","Cd74",0.2,0.04
-6.17394739751302,4.56884796973512,0.15069115124609,1,"Tmem101","Cd74",0.2,0.04
-6.17394739751302,4.56884796973512,0.15069115124609,1,"Tsen54","Cd74",0.2,0.04
-6.17394739751302,4.56884796973512,0.15069115124609,1,"Hist1h2ac","Cd74",0.2,0.04
-6.17394739751302,4.56884796973512,0.15069115124609,1,"Dtd2","Cd74",0.2,0.04
-6.17394739751302,4.56884796973512,0.15069115124609,1,"Gemin2","Cd74",0.2,0.04
-6.17394739751302,4.56884796973512,0.15069115124609,1,"Mthfd1","Cd74",0.2,0.04
-6.17394739751302,4.56884796973512,0.15069115124609,1,"Zfyve26","Cd74",0.2,0.04
-6.17394739751302,4.56884796973512,0.15069115124609,1,"Mta1","Cd74",0.2,0.04
-6.17394739751302,4.56884796973512,0.15069115124609,1,"Klf10","Cd74",0.2,0.04
-6.17394739751302,4.56884796973512,0.15069115124609,1,"Gtse1","Cd74",0.2,0.04
-6.17394739751302,4.56884796973512,0.15069115124609,1,"Tfap4","Cd74",0.2,0.04
-6.17394739751302,4.56884796973512,0.15069115124609,1,"Urb1","Cd74",0.2,0.04
-6.17394739751302,4.56884796973512,0.15069115124609,1,"Pkmyt1","Cd74",0.2,0.04
-6.17394739751302,4.56884796973512,0.15069115124609,1,"Sft2d3","Cd74",0.2,0.04
-6.17394739751302,4.56884796973512,0.15069115124609,1,"Cdc25c","Cd74",0.2,0.04
-6.17394739751302,4.56884796973512,0.15069115124609,1,"Mus81","Cd74",0.2,0.04
-6.17394739751302,4.56884796973512,0.15069115124609,1,"Pcnx3","Cd74",0.2,0.04
-6.17394739751302,4.56884796973512,0.15069115124609,1,"Exosc1","Cd74",0.2,0.04
2.67001421123101,3.90779174140064,0.15069115124609,1,"Qsox1","Cd74",0.2,0.04
2.67001421123101,3.90779174140064,0.15069115124609,1,"Dgkq","Cd74",0.2,0.04
2.67001421123101,3.90779174140064,0.15069115124609,1,"Apobec1","Cd74",0.2,0.04
2.67001421123101,3.90779174140064,0.15069115124609,1,"Pofut2","Cd74",0.2,0.04
2.67001421123101,3.90779174140064,0.15069115124609,1,"Vill","Cd74",0.2,0.04
2.67001421123101,3.90779174140064,0.15069115124609,1,"Gda","Cd74",0.2,0.04
2.36351594563433,4.02658280951641,0.15069115124609,1,"Atg9a","Cd74",0.2,0.04
2.36351594563433,4.02658280951641,0.15069115124609,1,"Ifih1","Cd74",0.2,0.04
2.36351594563433,4.02658280951641,0.15069115124609,1,"Tmem185a","Cd74",0.2,0.04
2.36351594563433,4.02658280951641,0.15069115124609,1,"Zfp688","Cd74",0.2,0.04
2.36351594563433,4.02658280951641,0.15069115124609,1,"Acadsb","Cd74",0.2,0.04
2.36351594563433,4.02658280951641,0.15069115124609,1,"Hace1","Cd74",0.2,0.04
2.36351594563433,4.02658280951641,0.15069115124609,1,"Ubxn8","Cd74",0.2,0.04
2.36351594563433,4.02658280951641,0.15069115124609,1,"Parp6","Cd74",0.2,0.04
2.36351594563433,4.02658280951641,0.15069115124609,1,"Smg8","Cd74",0.2,0.04
2.36351594563433,4.02658280951641,0.15069115124609,1,"Asb13","Cd74",0.2,0.04
2.36351594563433,4.02658280951641,0.15069115124609,1,"Cd83","Cd74",0.2,0.04
0.978918276763613,6.64300395115882,0.152672703835771,1,"Stat3","Cd74",0.2,0.04
-0.70424793236238,9.13532897807057,0.153560726442345,1,"Rhoa","Cd74",0.2,0.04
-2.06861221837481,5.63099817744772,0.153584596199261,1,"Tbc1d8","Cd74",0.2,0.04
-2.06861221837481,5.63099817744772,0.153584596199261,1,"Upf3b","Cd74",0.2,0.04
-2.06861221837481,5.63099817744772,0.153584596199261,1,"Mospd2","Cd74",0.2,0.04
-2.06861221837481,5.63099817744772,0.153584596199261,1,"Ktn1","Cd74",0.2,0.04
-2.06861221837481,5.63099817744772,0.153584596199261,1,"Paxbp1","Cd74",0.2,0.04
-2.06861221837481,5.63099817744772,0.153584596199261,1,"H2-Ob","Cd74",0.2,0.04
-2.06861221837481,5.63099817744772,0.153584596199261,1,"Ddx3y","Cd74",0.2,0.04
-2.03036727751495,5.60037529615081,0.153584596199261,1,"Pqbp1","Cd74",0.2,0.04
-2.03036727751495,5.60037529615081,0.153584596199261,1,"Shc1","Cd74",0.2,0.04
-2.03036727751495,5.60037529615081,0.153584596199261,1,"2510039O18Rik","Cd74",0.2,0.04
-2.03036727751495,5.60037529615081,0.153584596199261,1,"Ints11","Cd74",0.2,0.04
-2.03036727751495,5.60037529615081,0.153584596199261,1,"Sbds","Cd74",0.2,0.04
-2.03036727751495,5.60037529615081,0.153584596199261,1,"Adgrg5","Cd74",0.2,0.04
-2.03036727751495,5.60037529615081,0.153584596199261,1,"Xcr1","Cd74",0.2,0.04
-2.03036727751495,5.60037529615081,0.153584596199261,1,"C330027C09Rik","Cd74",0.2,0.04
-1.99108081450346,5.56897736516591,0.153584596199261,1,"Clasp1","Cd74",0.2,0.04
-1.99108081450346,5.56897736516591,0.153584596199261,1,"Arl6ip6","Cd74",0.2,0.04
-1.99108081450346,5.56897736516591,0.153584596199261,1,"Plcb2","Cd74",0.2,0.04
-1.99108081450346,5.56897736516591,0.153584596199261,1,"Ythdf1","Cd74",0.2,0.04
-1.99108081450346,5.56897736516591,0.153584596199261,1,"Hspa4l","Cd74",0.2,0.04
-1.99108081450346,5.56897736516591,0.153584596199261,1,"Ankle2","Cd74",0.2,0.04
-1.99108081450346,5.56897736516591,0.153584596199261,1,"Slc8b1","Cd74",0.2,0.04
-1.99108081450346,5.56897736516591,0.153584596199261,1,"Klrd1","Cd74",0.2,0.04
-1.99108081450346,5.56897736516591,0.153584596199261,1,"Dnajb1","Cd74",0.2,0.04
-1.99108081450346,5.56897736516591,0.153584596199261,1,"Ccm2","Cd74",0.2,0.04
-1.99108081450346,5.56897736516591,0.153584596199261,1,"Helz","Cd74",0.2,0.04
-1.99108081450346,5.56897736516591,0.153584596199261,1,"Fasn","Cd74",0.2,0.04
-1.99108081450346,5.56897736516591,0.153584596199261,1,"Sp1","Cd74",0.2,0.04
-0.701511404993128,9.21532859715495,0.153713599850556,1,"Sumo2","Cd74",0.2,0.04
-1.19459719063545,6.95223893043437,0.154502083512358,1,"Far1","Cd74",0.2,0.04
-1.18041473117141,6.94136391447049,0.154502083512358,1,"Suclg1","Cd74",0.2,0.04
-1.18041473117141,6.94136391447049,0.154502083512358,1,"Sdhd","Cd74",0.2,0.04
-1.18041473117141,6.94136391447049,0.154502083512358,1,"Erh","Cd74",0.2,0.04
-1.1660914652411,6.93038769308101,0.154502083512358,1,"Cox17","Cd74",0.2,0.04
0.942757044469715,6.78284758863796,0.154502083512358,1,"Cd82","Cd74",0.2,0.04
-0.847045526403337,8.05806035160797,0.154656116995647,1,"Cenpa","Cd74",0.2,0.04
-0.84059698790703,8.05347042246048,0.154656116995647,1,"Rexo2","Cd74",0.2,0.04
-0.680749140670459,9.3877711640464,0.156481293331062,1,"H2-DMb1","Cd74",0.2,0.04
0.886697532587452,7.0279753825118,0.15698139508372,1,"Olfm1","Cd74",0.2,0.04
-0.624799725811335,10.6717458219702,0.157051064680412,1,"Rpl22","Cd74",0.2,0.04
-1.04938376194796,7.28167724423811,0.157821111959834,1,"Mtch1","Cd74",0.2,0.04
-1.38503844899191,6.44423692049336,0.159529945389573,1,"Net1","Cd74",0.2,0.04
-1.38503844899191,6.44423692049336,0.159529945389573,1,"Rab24","Cd74",0.2,0.04
-1.34335404802379,6.41155460844391,0.159529945389573,1,"Ece1","Cd74",0.2,0.04
-1.34335404802379,6.41155460844391,0.159529945389573,1,"Tnfrsf13b","Cd74",0.2,0.04
-0.73763340158759,8.65871851361768,0.160200791356969,1,"Anxa5","Cd74",0.2,0.04
-0.769406267147913,8.41861244747192,0.16047104941437,1,"Cyb5a","Cd74",0.2,0.04
-0.655305808751303,9.76550545030529,0.162282919319448,1,"Calr","Cd74",0.2,0.04
-1.30222246881322,6.74716594082284,0.164205243783069,1,"Mrpl12","Cd74",0.2,0.04
-1.12224815632369,6.89683219030874,0.165497433581218,1,"Ptbp1","Cd74",0.2,0.04
-1.0674194750227,7.09294064124796,0.166955956246211,1,"5031439G07Rik","Cd74",0.2,0.04
-0.969037783338737,7.22151075605668,0.167327967867491,1,"Maz","Cd74",0.2,0.04
-0.957185604061173,7.21265747582536,0.167327967867491,1,"Tuba4a","Cd74",0.2,0.04
-0.957185604061173,7.21265747582536,0.167327967867491,1,"Bin1","Cd74",0.2,0.04
-0.985498433835051,7.41021931956394,0.167655211096975,1,"Pgk1","Cd74",0.2,0.04
-0.985498433835051,7.41021931956394,0.167655211096975,1,"Psmb10","Cd74",0.2,0.04
-0.638964619198165,9.85734581374778,0.169490801920419,1,"Arpc1b","Cd74",0.2,0.04
-0.702123383316419,8.90606547373032,0.170474184608298,1,"Rnase6","Cd74",0.2,0.04
-1.61731998190759,6.11769709814602,0.17068433395339,1,"Traf3ip3","Cd74",0.2,0.04
-1.61731998190759,6.11769709814602,0.17068433395339,1,"Hnrnph2","Cd74",0.2,0.04
-1.61731998190759,6.11769709814602,0.17068433395339,1,"Gatad2b","Cd74",0.2,0.04
-1.61731998190759,6.11769709814602,0.17068433395339,1,"Acot7","Cd74",0.2,0.04
-1.61731998190759,6.11769709814602,0.17068433395339,1,"Trabd","Cd74",0.2,0.04
-1.61731998190759,6.11769709814602,0.17068433395339,1,"Pqlc1","Cd74",0.2,0.04
-1.59095647933805,6.09675247097328,0.17068433395339,1,"Unc50","Cd74",0.2,0.04
-1.59095647933805,6.09675247097328,0.17068433395339,1,"Rnf167","Cd74",0.2,0.04
1.75583823063612,4.94159278459442,0.170870418600775,1,"Mob1b","Cd74",0.2,0.04
1.75583823063612,4.94159278459442,0.170870418600775,1,"Ap2a1","Cd74",0.2,0.04
1.75583823063612,4.94159278459442,0.170870418600775,1,"Wwp2","Cd74",0.2,0.04
1.75583823063612,4.94159278459442,0.170870418600775,1,"Vps53","Cd74",0.2,0.04
1.75583823063612,4.94159278459442,0.170870418600775,1,"Hps1","Cd74",0.2,0.04
-0.804458624549249,8.12127615695228,0.172343047521104,1,"Fam105a","Cd74",0.2,0.04
-0.727963654209078,8.59099791277285,0.173399985214301,1,"Iqgap1","Cd74",0.2,0.04
0.761216763476875,7.85870982083799,0.173581166490169,1,"Prdx5","Cd74",0.2,0.04
-0.744707327595469,8.47172523045338,0.174629981824959,1,"Ywhah","Cd74",0.2,0.04
-0.601270407224961,10.5560233117008,0.175054198692322,1,"Coro1a","Cd74",0.2,0.04
-0.620567920386984,9.84556600086551,0.175539256196426,1,"Cdc42","Cd74",0.2,0.04
-0.924288575699903,7.5213247894146,0.176339253970695,1,"Tnfaip8","Cd74",0.2,0.04
-0.647863338701659,9.43445318139695,0.176635110868037,1,"Selplg","Cd74",0.2,0.04
-0.669816776752762,9.19434661125545,0.177220258271326,1,"Psme1","Cd74",0.2,0.04
-1.2006117078289,6.66842647785119,0.177496256849098,1,"1110004F10Rik","Cd74",0.2,0.04
-1.2006117078289,6.66842647785119,0.177496256849098,1,"Lta4h","Cd74",0.2,0.04
-1.18295838194655,6.65477920034871,0.177496256849098,1,"Hat1","Cd74",0.2,0.04
-1.18295838194655,6.65477920034871,0.177496256849098,1,"Wbp11","Cd74",0.2,0.04
-1.16508636499232,6.64097287193562,0.177496256849098,1,"Cpne3","Cd74",0.2,0.04
-1.16508636499232,6.64097287193562,0.177496256849098,1,"Rchy1","Cd74",0.2,0.04
-1.16508636499232,6.64097287193562,0.177496256849098,1,"Nr3c1","Cd74",0.2,0.04
-1.01549616166116,7.25626897208285,0.177624855959478,1,"Racgap1","Cd74",0.2,0.04
-1.00402106993463,7.24767566243016,0.177624855959478,1,"Mrpl51","Cd74",0.2,0.04
-1.00402106993463,7.24767566243016,0.177624855959478,1,"Plekhj1","Cd74",0.2,0.04
-1.0150590443183,7.05337043051603,0.178174836364704,1,"Degs1","Cd74",0.2,0.04
-1.0150590443183,7.05337043051603,0.178174836364704,1,"Ctnna1","Cd74",0.2,0.04
-1.00166652441739,7.04326570614699,0.178174836364704,1,"Slamf7","Cd74",0.2,0.04
-1.00166652441739,7.04326570614699,0.178174836364704,1,"Prkar1a","Cd74",0.2,0.04
-0.726660551348508,8.52621774744696,0.178776687848724,1,"Snrpf","Cd74",0.2,0.04
-0.603700757745629,10.062866496093,0.183234281469446,1,"Rps17","Cd74",0.2,0.04
-2.17761599083839,5.7185703548825,0.183239218697509,1,"Sf3b4","Cd74",0.2,0.04
-2.17761599083839,5.7185703548825,0.183239218697509,1,"Efcab14","Cd74",0.2,0.04
-2.17761599083839,5.7185703548825,0.183239218697509,1,"Srm","Cd74",0.2,0.04
-2.17761599083839,5.7185703548825,0.183239218697509,1,"Arhgef18","Cd74",0.2,0.04
-2.17761599083839,5.7185703548825,0.183239218697509,1,"Fam208a","Cd74",0.2,0.04
-2.17761599083839,5.7185703548825,0.183239218697509,1,"Reep4","Cd74",0.2,0.04
-2.17761599083839,5.7185703548825,0.183239218697509,1,"Myo5a","Cd74",0.2,0.04
-2.17761599083839,5.7185703548825,0.183239218697509,1,"Sypl","Cd74",0.2,0.04
-2.14218867092914,5.69006273651141,0.183239218697509,1,"Vamp4","Cd74",0.2,0.04
-2.14218867092914,5.69006273651141,0.183239218697509,1,"Pfdn4","Cd74",0.2,0.04
-2.14218867092914,5.69006273651141,0.183239218697509,1,"Ap1ar","Cd74",0.2,0.04
-2.14218867092914,5.69006273651141,0.183239218697509,1,"Msmo1","Cd74",0.2,0.04
-2.14218867092914,5.69006273651141,0.183239218697509,1,"Zfp330","Cd74",0.2,0.04
-2.14218867092914,5.69006273651141,0.183239218697509,1,"Zfp322a","Cd74",0.2,0.04
-2.14218867092914,5.69006273651141,0.183239218697509,1,"Btla","Cd74",0.2,0.04
-2.14218867092914,5.69006273651141,0.183239218697509,1,"Thoc6","Cd74",0.2,0.04
-2.14218867092914,5.69006273651141,0.183239218697509,1,"Ppp6r3","Cd74",0.2,0.04
-2.10586943737455,5.66088262079638,0.183239218697509,1,"Dido1","Cd74",0.2,0.04
-2.10586943737455,5.66088262079638,0.183239218697509,1,"Hmgb3","Cd74",0.2,0.04
-2.10586943737455,5.66088262079638,0.183239218697509,1,"Fam241a","Cd74",0.2,0.04
-2.10586943737455,5.66088262079638,0.183239218697509,1,"Ilf3","Cd74",0.2,0.04
-2.10586943737455,5.66088262079638,0.183239218697509,1,"Hmbs","Cd74",0.2,0.04
1.47793678744158,5.34534263299066,0.183239218697509,1,"Plekhb2","Cd74",0.2,0.04
1.47793678744158,5.34534263299066,0.183239218697509,1,"Pdxdc1","Cd74",0.2,0.04
1.40477962871968,5.38809264094915,0.183239218697509,1,"Soat1","Cd74",0.2,0.04
1.40477962871968,5.38809264094915,0.183239218697509,1,"Dr1","Cd74",0.2,0.04
-0.866273141342097,7.47875803752961,0.185888528908561,1,"Ifi205","Cd74",0.2,0.04
-0.605510136032742,9.93156697420091,0.185944568320825,1,"Tspo","Cd74",0.2,0.04
0.794739765340366,7.26691431656801,0.18685686612008,1,"Pkn1","Cd74",0.2,0.04
-0.954521441854845,7.38723452033377,0.18685686612008,1,"H13","Cd74",0.2,0.04
-0.954521441854845,7.38723452033377,0.18685686612008,1,"Alcam","Cd74",0.2,0.04
-0.933494317540222,7.37165655772021,0.18685686612008,1,"Fam69a","Cd74",0.2,0.04
-0.811891239432142,7.93289257862261,0.187662287644439,1,"Rnh1","Cd74",0.2,0.04
0.792575701532324,7.17840908054713,0.187853163299953,1,"Cxcr4","Cd74",0.2,0.04
-0.945235248414557,7.20373665535586,0.188866421669001,1,"Sumo3","Cd74",0.2,0.04
-0.933185076335408,7.19474722737887,0.188866421669001,1,"Cbfb","Cd74",0.2,0.04
-0.933185076335408,7.19474722737887,0.188866421669001,1,"Zfp207","Cd74",0.2,0.04
1.30758834422271,5.66190679387338,0.189130807500508,1,"Sdhaf4","Cd74",0.2,0.04
1.30758834422271,5.66190679387338,0.189130807500508,1,"Ptpn22","Cd74",0.2,0.04
1.30758834422271,5.66190679387338,0.189130807500508,1,"Cdc42ep3","Cd74",0.2,0.04
1.30758834422271,5.66190679387338,0.189130807500508,1,"Dmxl1","Cd74",0.2,0.04
1.25149922109402,5.6955752399418,0.189130807500508,1,"Cyb5r1","Cd74",0.2,0.04
1.25149922109402,5.6955752399418,0.189130807500508,1,"Ccdc174","Cd74",0.2,0.04
1.19750937081808,5.72829202349555,0.189130807500508,1,"Cd79b","Cd74",0.2,0.04
1.19750937081808,5.72829202349555,0.189130807500508,1,"Faf2","Cd74",0.2,0.04
1.19750937081808,5.72829202349555,0.189130807500508,1,"Gpr65","Cd74",0.2,0.04
-0.661564099786984,9.06420494488669,0.189485593841127,1,"Hnrnpa1","Cd74",0.2,0.04
-0.754164868040293,8.17359926989849,0.189896537650221,1,"Srsf7","Cd74",0.2,0.04
-0.649278789720171,9.18080600377834,0.190164252767974,1,"H2-DMa","Cd74",0.2,0.04
-1.07703058231684,6.86229281430423,0.191757594488563,1,"Rnf187","Cd74",0.2,0.04
-1.04607848200417,6.83869039055966,0.191757594488563,1,"Rock2","Cd74",0.2,0.04
1.14625462102762,5.94995700325743,0.191834632415699,1,"Ap1s2","Cd74",0.2,0.04
1.14625462102762,5.94995700325743,0.191834632415699,1,"Nsmce3","Cd74",0.2,0.04
1.80689965681253,4.62610770269657,0.191850839783707,1,"Slc25a40","Cd74",0.2,0.04
1.80689965681253,4.62610770269657,0.191850839783707,1,"2610318N02Rik","Cd74",0.2,0.04
1.80689965681253,4.62610770269657,0.191850839783707,1,"Kdm5d","Cd74",0.2,0.04
1.80689965681253,4.62610770269657,0.191850839783707,1,"Mxi1","Cd74",0.2,0.04
1.67228148347214,4.69769793588853,0.191850839783707,1,"Stk25","Cd74",0.2,0.04
1.67228148347214,4.69769793588853,0.191850839783707,1,"Olfr433","Cd74",0.2,0.04
1.67228148347214,4.69769793588853,0.191850839783707,1,"Trp53bp1","Cd74",0.2,0.04
1.67228148347214,4.69769793588853,0.191850839783707,1,"Uvssa","Cd74",0.2,0.04
1.67228148347214,4.69769793588853,0.191850839783707,1,"Tmem156","Cd74",0.2,0.04
1.67228148347214,4.69769793588853,0.191850839783707,1,"Blm","Cd74",0.2,0.04
1.67228148347214,4.69769793588853,0.191850839783707,1,"Sowahc","Cd74",0.2,0.04
1.67228148347214,4.69769793588853,0.191850839783707,1,"Cby1","Cd74",0.2,0.04
1.67228148347214,4.69769793588853,0.191850839783707,1,"Ppp2r5d","Cd74",0.2,0.04
1.67228148347214,4.69769793588853,0.191850839783707,1,"Zfyve27","Cd74",0.2,0.04
1.54915947602803,4.76541854226757,0.191850839783707,1,"Cfh","Cd74",0.2,0.04
1.54915947602803,4.76541854226757,0.191850839783707,1,"Lair1","Cd74",0.2,0.04
1.54915947602803,4.76541854226757,0.191850839783707,1,"Atp1a3","Cd74",0.2,0.04
1.54915947602803,4.76541854226757,0.191850839783707,1,"Git1","Cd74",0.2,0.04
1.54915947602803,4.76541854226757,0.191850839783707,1,"Serpina3g","Cd74",0.2,0.04
1.54915947602803,4.76541854226757,0.191850839783707,1,"Treml4","Cd74",0.2,0.04
1.54915947602803,4.76541854226757,0.191850839783707,1,"Npc1","Cd74",0.2,0.04
-0.557453828528285,11.4947569718578,0.192005684746003,1,"Rpl37","Cd74",0.2,0.04
0.935773641795708,6.54089595570663,0.192495100000103,1,"Zfp292","Cd74",0.2,0.04
-1.32205131924645,6.3948722452471,0.192851580574632,1,"L1cam","Cd74",0.2,0.04
-1.30042931566797,6.37795385474173,0.192851580574632,1,"Actl6a","Cd74",0.2,0.04
-1.30042931566797,6.37795385474173,0.192851580574632,1,"Hdac1","Cd74",0.2,0.04
-1.30042931566797,6.37795385474173,0.192851580574632,1,"Gm10073","Cd74",0.2,0.04
-1.30042931566797,6.37795385474173,0.192851580574632,1,"Hist1h4i","Cd74",0.2,0.04
-1.27847832121724,6.36079267996437,0.192851580574632,1,"Creld2","Cd74",0.2,0.04
-1.27847832121724,6.36079267996437,0.192851580574632,1,"Uhrf2","Cd74",0.2,0.04
1.06933636149844,6.1669125241842,0.192851580574632,1,"Trip12","Cd74",0.2,0.04
1.03207914249869,6.18967632976915,0.192851580574632,1,"Nrbp1","Cd74",0.2,0.04
0.978329569424307,6.37568547851607,0.192936325183763,1,"Gm26917","Cd74",0.2,0.04
-0.633929718485662,9.32174563374062,0.19294763073315,1,"Npc2","Cd74",0.2,0.04
-0.895572462408863,7.50023529450197,0.194918384208448,1,"Commd8","Cd74",0.2,0.04
-0.623365499047596,9.20307720866146,0.196227183827337,1,"Eif4a1","Cd74",0.2,0.04
0.720136505218405,7.75723175369525,0.197165270717908,1,"Bclaf1","Cd74",0.2,0.04
-0.824159770516298,7.83373044846907,0.197165270717908,1,"Sri","Cd74",0.2,0.04
-0.824159770516298,7.83373044846907,0.197165270717908,1,"Pnp","Cd74",0.2,0.04
-0.816515311179083,7.82824831135082,0.197165270717908,1,"Sdf2l1","Cd74",0.2,0.04
-0.980793386218558,7.23029753864827,0.199680210887966,1,"Vasp","Cd74",0.2,0.04
-0.805205342389921,7.70304471081645,0.200284616245539,1,"Slc25a4","Cd74",0.2,0.04
-0.788254670684612,7.69084407082573,0.200284616245539,1,"Smchd1","Cd74",0.2,0.04
-0.542160159608894,11.8547491406176,0.200942619698092,1,"Rpl28","Cd74",0.2,0.04
-0.658755216335246,8.87701500308092,0.202145800541053,1,"Hspa5","Cd74",0.2,0.04
-0.97450264546045,7.02279105283698,0.203331780911113,1,"Snx2","Cd74",0.2,0.04
-0.600494602311621,9.53125230078155,0.204019021452218,1,"Srsf3","Cd74",0.2,0.04
-0.558781301191724,10.5592205669619,0.205159402164047,1,"Rpl38","Cd74",0.2,0.04
-0.681595132960873,8.62058252232604,0.205937536567207,1,"Atpif1","Cd74",0.2,0.04
-1.9506945100101,5.53676502244542,0.206492439708772,1,"P2ry10","Cd74",0.2,0.04
-1.9506945100101,5.53676502244542,0.206492439708772,1,"Fam102b","Cd74",0.2,0.04
-1.9506945100101,5.53676502244542,0.206492439708772,1,"Tm2d1","Cd74",0.2,0.04
-1.9506945100101,5.53676502244542,0.206492439708772,1,"E2f2","Cd74",0.2,0.04
-1.9506945100101,5.53676502244542,0.206492439708772,1,"Nrf1","Cd74",0.2,0.04
-1.9506945100101,5.53676502244542,0.206492439708772,1,"Cd22","Cd74",0.2,0.04
-1.9506945100101,5.53676502244542,0.206492439708772,1,"Tmem126a","Cd74",0.2,0.04
-1.9506945100101,5.53676502244542,0.206492439708772,1,"Usp47","Cd74",0.2,0.04
-1.9506945100101,5.53676502244542,0.206492439708772,1,"Tspan31","Cd74",0.2,0.04
-1.9506945100101,5.53676502244542,0.206492439708772,1,"Myo9a","Cd74",0.2,0.04
-1.9506945100101,5.53676502244542,0.206492439708772,1,"Chd3os","Cd74",0.2,0.04
-1.9506945100101,5.53676502244542,0.206492439708772,1,"Utp18","Cd74",0.2,0.04
-1.9506945100101,5.53676502244542,0.206492439708772,1,"H1f0","Cd74",0.2,0.04
-1.9506945100101,5.53676502244542,0.206492439708772,1,"Ehmt2","Cd74",0.2,0.04
-1.9506945100101,5.53676502244542,0.206492439708772,1,"Carnmt1","Cd74",0.2,0.04
-1.9091450049396,5.50369587521678,0.206492439708772,1,"Gripap1","Cd74",0.2,0.04
-1.9091450049396,5.50369587521678,0.206492439708772,1,"Sec22b","Cd74",0.2,0.04
-1.9091450049396,5.50369587521678,0.206492439708772,1,"Otud4","Cd74",0.2,0.04
-1.9091450049396,5.50369587521678,0.206492439708772,1,"Tbc1d9","Cd74",0.2,0.04
-1.9091450049396,5.50369587521678,0.206492439708772,1,"Dhps","Cd74",0.2,0.04
-1.9091450049396,5.50369587521678,0.206492439708772,1,"Anxa11","Cd74",0.2,0.04
-1.9091450049396,5.50369587521678,0.206492439708772,1,"Txndc16","Cd74",0.2,0.04
-1.9091450049396,5.50369587521678,0.206492439708772,1,"Cdca2","Cd74",0.2,0.04
-1.9091450049396,5.50369587521678,0.206492439708772,1,"Hyou1","Cd74",0.2,0.04
-1.9091450049396,5.50369587521678,0.206492439708772,1,"Zpr1","Cd74",0.2,0.04
-1.9091450049396,5.50369587521678,0.206492439708772,1,"Inf2","Cd74",0.2,0.04
-1.9091450049396,5.50369587521678,0.206492439708772,1,"Ptger4","Cd74",0.2,0.04
-1.9091450049396,5.50369587521678,0.206492439708772,1,"Smad2","Cd74",0.2,0.04
-1.86636330247139,5.46972418291905,0.206492439708772,1,"Gorasp2","Cd74",0.2,0.04
-1.86636330247139,5.46972418291905,0.206492439708772,1,"Zbtb46","Cd74",0.2,0.04
-1.86636330247139,5.46972418291905,0.206492439708772,1,"Man1a2","Cd74",0.2,0.04
-1.86636330247139,5.46972418291905,0.206492439708772,1,"Rbm28","Cd74",0.2,0.04
-1.86636330247139,5.46972418291905,0.206492439708772,1,"Copg2","Cd74",0.2,0.04
-1.86636330247139,5.46972418291905,0.206492439708772,1,"Spty2d1","Cd74",0.2,0.04
-1.86636330247139,5.46972418291905,0.206492439708772,1,"Cep57l1","Cd74",0.2,0.04
-1.86636330247139,5.46972418291905,0.206492439708772,1,"Fndc3a","Cd74",0.2,0.04
-1.86636330247139,5.46972418291905,0.206492439708772,1,"Cep128","Cd74",0.2,0.04
-1.86636330247139,5.46972418291905,0.206492439708772,1,"Btbd9","Cd74",0.2,0.04
1.46088174358338,5.10694644787721,0.206492439708772,1,"Acsl1","Cd74",0.2,0.04
1.46088174358338,5.10694644787721,0.206492439708772,1,"Cant1","Cd74",0.2,0.04
1.46088174358338,5.10694644787721,0.206492439708772,1,"Fars2","Cd74",0.2,0.04
1.46088174358338,5.10694644787721,0.206492439708772,1,"Bop1","Cd74",0.2,0.04
1.37459477212442,5.15742257158009,0.206492439708772,1,"Parp14","Cd74",0.2,0.04
1.37459477212442,5.15742257158009,0.206492439708772,1,"Pknox1","Cd74",0.2,0.04
1.37459477212442,5.15742257158009,0.206492439708772,1,"Vps51","Cd74",0.2,0.04
1.37459477212442,5.15742257158009,0.206492439708772,1,"Lipa","Cd74",0.2,0.04
1.29317863470986,5.20588004317695,0.206492439708772,1,"Ints14","Cd74",0.2,0.04
1.29317863470986,5.20588004317695,0.206492439708772,1,"Opa1","Cd74",0.2,0.04
-0.767692897447523,8.00176356049992,0.207865570234173,1,"Vdac2","Cd74",0.2,0.04
-0.667818007309028,8.66994313148287,0.209052018089849,1,"Ubc","Cd74",0.2,0.04
-1.14699017059815,6.62700371824121,0.209224384467693,1,"Ilk","Cd74",0.2,0.04
-1.12866410331328,6.61286783031328,0.209224384467693,1,"Pip4k2a","Cd74",0.2,0.04
-1.12866410331328,6.61286783031328,0.209224384467693,1,"Aprt","Cd74",0.2,0.04
-1.12866410331328,6.61286783031328,0.209224384467693,1,"Lyst","Cd74",0.2,0.04
-1.11010224784344,6.59856115819695,0.209224384467693,1,"Baz2b","Cd74",0.2,0.04
-1.11010224784344,6.59856115819695,0.209224384467693,1,"Ndufb6","Cd74",0.2,0.04
-1.11010224784344,6.59856115819695,0.209224384467693,1,"Idh2","Cd74",0.2,0.04
-1.11010224784344,6.59856115819695,0.209224384467693,1,"Itsn2","Cd74",0.2,0.04
-0.684047666109136,8.49706701708446,0.210054203043865,1,"Birc5","Cd74",0.2,0.04
-0.699075892955087,8.13514780628466,0.210633644088012,1,"Syngr2","Cd74",0.2,0.04
-0.647706369781402,8.86964222153268,0.210852605703058,1,"Rpl27","Cd74",0.2,0.04
-0.562648879756294,10.2521921869378,0.210879128791852,1,"Serf2","Cd74",0.2,0.04
1.26873408842714,5.46922597648971,0.211732599198294,1,"Pag1","Cd74",0.2,0.04
1.26873408842714,5.46922597648971,0.211732599198294,1,"Plekho2","Cd74",0.2,0.04
1.20523811672576,5.50779566102655,0.211732599198294,1,"9430038I01Rik","Cd74",0.2,0.04
1.20523811672576,5.50779566102655,0.211732599198294,1,"Pkp3","Cd74",0.2,0.04
1.20523811672576,5.50779566102655,0.211732599198294,1,"Cd81","Cd74",0.2,0.04
1.20523811672576,5.50779566102655,0.211732599198294,1,"Txndc11","Cd74",0.2,0.04
1.1444193191096,5.54514405269941,0.211732599198294,1,"Tgoln1","Cd74",0.2,0.04
1.1444193191096,5.54514405269941,0.211732599198294,1,"Ireb2","Cd74",0.2,0.04
1.1444193191096,5.54514405269941,0.211732599198294,1,"Med9","Cd74",0.2,0.04
1.1444193191096,5.54514405269941,0.211732599198294,1,"Ubxn6","Cd74",0.2,0.04
1.01783418971472,6.02889645304519,0.212448194908801,1,"Cr1l","Cd74",0.2,0.04
1.01783418971472,6.02889645304519,0.212448194908801,1,"Snrnp25","Cd74",0.2,0.04
0.977447885221349,6.05403441217033,0.212448194908801,1,"Srpk2","Cd74",0.2,0.04
0.977447885221349,6.05403441217033,0.212448194908801,1,"Vmp1","Cd74",0.2,0.04
0.977447885221349,6.05403441217033,0.212448194908801,1,"Pbx2","Cd74",0.2,0.04
0.977447885221349,6.05403441217033,0.212448194908801,1,"Gtf2f1","Cd74",0.2,0.04
-0.810109802768699,7.57867418295189,0.212753052459245,1,"Rab7b","Cd74",0.2,0.04
-0.791521074910767,7.56520899782345,0.212753052459245,1,"Nudt21","Cd74",0.2,0.04
0.740226194302578,7.4628918136057,0.212753052459245,1,"Rbm5","Cd74",0.2,0.04
1.14546730530871,5.76010856748316,0.213002714443838,1,"Aim2","Cd74",0.2,0.04
1.14546730530871,5.76010856748316,0.213002714443838,1,"Sfswap","Cd74",0.2,0.04
1.14546730530871,5.76010856748316,0.213002714443838,1,"Ptpro","Cd74",0.2,0.04
1.09523736460359,5.7910722969355,0.213002714443838,1,"Ly9","Cd74",0.2,0.04
1.09523736460359,5.7910722969355,0.213002714443838,1,"Dcaf13","Cd74",0.2,0.04
1.04669758582296,5.82122703951254,0.213002714443838,1,"Alkbh1","Cd74",0.2,0.04
1.04669758582296,5.82122703951254,0.213002714443838,1,"AI413582","Cd74",0.2,0.04
-1.56410223408782,6.07543958055011,0.213002714443838,1,"Plk4","Cd74",0.2,0.04
-1.56410223408782,6.07543958055011,0.213002714443838,1,"Gm9844","Cd74",0.2,0.04
-1.53673862923321,6.053745394932,0.213002714443838,1,"Ncapd2","Cd74",0.2,0.04
-1.53673862923321,6.053745394932,0.213002714443838,1,"Tep1","Cd74",0.2,0.04
-1.50884596795019,6.03165618814119,0.213002714443838,1,"Timm8a1","Cd74",0.2,0.04
-1.50884596795019,6.03165618814119,0.213002714443838,1,"Polr2i","Cd74",0.2,0.04
-1.50884596795019,6.03165618814119,0.213002714443838,1,"Trappc2l","Cd74",0.2,0.04
-1.50884596795019,6.03165618814119,0.213002714443838,1,"Pdhb","Cd74",0.2,0.04
-1.50884596795019,6.03165618814119,0.213002714443838,1,"Cnot8","Cd74",0.2,0.04
-1.50884596795019,6.03165618814119,0.213002714443838,1,"Hmox2","Cd74",0.2,0.04
-1.50884596795019,6.03165618814119,0.213002714443838,1,"Uhrf1","Cd74",0.2,0.04
-0.655045122923208,8.77193393557024,0.214770142773686,1,"Cbfa2t3","Cd74",0.2,0.04
-0.697570819286291,8.36899530793369,0.21489394618448,1,"Ndufb11","Cd74",0.2,0.04
0.750483805638203,7.37700894684377,0.215255734576018,1,"Krcc1","Cd74",0.2,0.04
0.735412377654804,7.38567096981928,0.215255734576018,1,"Pou2f2","Cd74",0.2,0.04
-0.733296298689382,7.97748598054125,0.216663855796432,1,"Alyref","Cd74",0.2,0.04
1.89592767720733,4.23593968434825,0.217137789484305,1,"Fubp3","Cd74",0.2,0.04
1.89592767720733,4.23593968434825,0.217137789484305,1,"Arfgef2","Cd74",0.2,0.04
1.89592767720733,4.23593968434825,0.217137789484305,1,"Fndc3b","Cd74",0.2,0.04
1.89592767720733,4.23593968434825,0.217137789484305,1,"Rint1","Cd74",0.2,0.04
1.89592767720733,4.23593968434825,0.217137789484305,1,"Tpst1","Cd74",0.2,0.04
1.89592767720733,4.23593968434825,0.217137789484305,1,"Parp12","Cd74",0.2,0.04
1.89592767720733,4.23593968434825,0.217137789484305,1,"Trappc11","Cd74",0.2,0.04
1.89592767720733,4.23593968434825,0.217137789484305,1,"Nek1","Cd74",0.2,0.04
1.89592767720733,4.23593968434825,0.217137789484305,1,"Fbxl8","Cd74",0.2,0.04
1.89592767720733,4.23593968434825,0.217137789484305,1,"Havcr2","Cd74",0.2,0.04
1.89592767720733,4.23593968434825,0.217137789484305,1,"Ttc37","Cd74",0.2,0.04
1.89592767720733,4.23593968434825,0.217137789484305,1,"Ppp1r13b","Cd74",0.2,0.04
1.89592767720733,4.23593968434825,0.217137789484305,1,"Skp2","Cd74",0.2,0.04
1.89592767720733,4.23593968434825,0.217137789484305,1,"Ank","Cd74",0.2,0.04
1.89592767720733,4.23593968434825,0.217137789484305,1,"Slc26a2","Cd74",0.2,0.04
1.89592767720733,4.23593968434825,0.217137789484305,1,"Arl2","Cd74",0.2,0.04
1.70890268776838,4.32916724165294,0.217137789484305,1,"Ttc17","Cd74",0.2,0.04
1.70890268776838,4.32916724165294,0.217137789484305,1,"Mcub","Cd74",0.2,0.04
1.70890268776838,4.32916724165294,0.217137789484305,1,"Iqce","Cd74",0.2,0.04
1.70890268776838,4.32916724165294,0.217137789484305,1,"Mgst1","Cd74",0.2,0.04
1.70890268776838,4.32916724165294,0.217137789484305,1,"Plpp5","Cd74",0.2,0.04
1.70890268776838,4.32916724165294,0.217137789484305,1,"Phykpl","Cd74",0.2,0.04
1.70890268776838,4.32916724165294,0.217137789484305,1,"Senp5","Cd74",0.2,0.04
1.70890268776838,4.32916724165294,0.217137789484305,1,"Nrg2","Cd74",0.2,0.04
-0.771102470106452,7.67851439109695,0.218796758604769,1,"Lsm4","Cd74",0.2,0.04
-0.857387865909131,7.31543664487725,0.220944034683974,1,"Txnl1","Cd74",0.2,0.04
-0.579406466299893,9.51771095838906,0.221555573797772,1,"Ifi203","Cd74",0.2,0.04
-1.030349795171,6.82670921358029,0.2217692069541,1,"Cd44","Cd74",0.2,0.04
-1.01444773768088,6.81460472699851,0.2217692069541,1,"Fbxo5","Cd74",0.2,0.04
-0.998368444913454,6.80237433322511,0.2217692069541,1,"Ift20","Cd74",0.2,0.04
-0.745828834808088,7.77771660305239,0.22415180970756,1,"Trir","Cd74",0.2,0.04
0.771565642586209,7.09545710661262,0.224189485903478,1,"Creg1","Cd74",0.2,0.04
-0.699866205380243,8.29655884865923,0.224265134416307,1,"Zfp706","Cd74",0.2,0.04
0.787335257701444,6.98450642069492,0.227749798097885,1,"Laptm4a","Cd74",0.2,0.04
0.787335257701444,6.98450642069492,0.227749798097885,1,"Safb2","Cd74",0.2,0.04
-0.816078553686618,7.44205947842169,0.227792044832577,1,"Gng2","Cd74",0.2,0.04
-0.795501303952105,7.4270499149763,0.227792044832577,1,"Rwdd1","Cd74",0.2,0.04
-0.58208013525028,9.28804880531036,0.230282509792165,1,"Atp5g2","Cd74",0.2,0.04
-0.932773084321035,6.99139179938117,0.231666444768647,1,"Prdx4","Cd74",0.2,0.04
-0.932773084321035,6.99139179938117,0.231666444768647,1,"Usf2","Cd74",0.2,0.04
-0.932773084321035,6.99139179938117,0.231666444768647,1,"Med30","Cd74",0.2,0.04
-0.918590624857,6.98073532594434,0.231666444768647,1,"Cap1","Cd74",0.2,0.04
0.805742977675117,6.86456378734549,0.231666444768647,1,"Mrps12","Cd74",0.2,0.04
-0.573099007719904,9.31768478380958,0.231901731273852,1,"Sec61b","Cd74",0.2,0.04
-0.654817865555121,8.26552473680345,0.23229252145849,1,"Ccdc12","Cd74",0.2,0.04
-1.25618816944686,6.34338167331142,0.232452672846237,1,"Larp7","Cd74",0.2,0.04
-1.25618816944686,6.34338167331142,0.232452672846237,1,"Kdelr2","Cd74",0.2,0.04
-1.25618816944686,6.34338167331142,0.232452672846237,1,"Arl11","Cd74",0.2,0.04
-1.25618816944686,6.34338167331142,0.232452672846237,1,"Tmem30a","Cd74",0.2,0.04
-1.25618816944686,6.34338167331142,0.232452672846237,1,"Mrps34","Cd74",0.2,0.04
-1.23354821526011,6.32571347978913,0.232452672846237,1,"Ccnl2","Cd74",0.2,0.04
-1.23354821526011,6.32571347978913,0.232452672846237,1,"Sec13","Cd74",0.2,0.04
-1.23354821526011,6.32571347978913,0.232452672846237,1,"Zfp422","Cd74",0.2,0.04
-1.23354821526011,6.32571347978913,0.232452672846237,1,"Spcs3","Cd74",0.2,0.04
-1.23354821526011,6.32571347978913,0.232452672846237,1,"Lrrfip2","Cd74",0.2,0.04
-0.712257689862761,7.96267403089657,0.233216638658079,1,"Grb2","Cd74",0.2,0.04
-0.627861384658958,8.58426750610309,0.234023165953508,1,"Ywhaz","Cd74",0.2,0.04
1.33056057421307,4.89073860394814,0.235949906641285,1,"Neurl3","Cd74",0.2,0.04
1.33056057421307,4.89073860394814,0.235949906641285,1,"Dstyk","Cd74",0.2,0.04
1.33056057421307,4.89073860394814,0.235949906641285,1,"Frmd4a","Cd74",0.2,0.04
1.33056057421307,4.89073860394814,0.235949906641285,1,"Pex16","Cd74",0.2,0.04
1.33056057421307,4.89073860394814,0.235949906641285,1,"Tlr2","Cd74",0.2,0.04
1.33056057421307,4.89073860394814,0.235949906641285,1,"Chil5","Cd74",0.2,0.04
1.33056057421307,4.89073860394814,0.235949906641285,1,"Strip1","Cd74",0.2,0.04
1.33056057421307,4.89073860394814,0.235949906641285,1,"Prr12","Cd74",0.2,0.04
1.33056057421307,4.89073860394814,0.235949906641285,1,"Mbd6","Cd74",0.2,0.04
1.33056057421307,4.89073860394814,0.235949906641285,1,"Hmgn3","Cd74",0.2,0.04
1.33056057421307,4.89073860394814,0.235949906641285,1,"Fnip1","Cd74",0.2,0.04
1.33056057421307,4.89073860394814,0.235949906641285,1,"Spns3","Cd74",0.2,0.04
1.33056057421307,4.89073860394814,0.235949906641285,1,"Pnpla8","Cd74",0.2,0.04
1.33056057421307,4.89073860394814,0.235949906641285,1,"Ino80c","Cd74",0.2,0.04
0.876237170890842,6.70454467547223,0.23598523391146,1,"Jak1","Cd74",0.2,0.04
0.876237170890842,6.70454467547223,0.23598523391146,1,"Cnpy3","Cd74",0.2,0.04
0.827513183065906,6.73405516586443,0.23598523391146,1,"Ubn1","Cd74",0.2,0.04
0.827513183065906,6.73405516586443,0.23598523391146,1,"Hcfc1r1","Cd74",0.2,0.04
-0.500491521704574,11.9215806247568,0.23683845692742,1,"Rpl39","Cd74",0.2,0.04
-0.736173906232861,7.65345625282977,0.238827619134449,1,"Ppt1","Cd74",0.2,0.04
-1.3915480075261,5.93904742230083,0.238912467101842,1,"Nifk","Cd74",0.2,0.04
-1.3915480075261,5.93904742230083,0.238912467101842,1,"Aldh9a1","Cd74",0.2,0.04
-1.3915480075261,5.93904742230083,0.238912467101842,1,"Ensa","Cd74",0.2,0.04
-1.3915480075261,5.93904742230083,0.238912467101842,1,"Rab43","Cd74",0.2,0.04
-1.3915480075261,5.93904742230083,0.238912467101842,1,"Ndufaf8","Cd74",0.2,0.04
-1.3915480075261,5.93904742230083,0.238912467101842,1,"Hist1h4d","Cd74",0.2,0.04
-1.3915480075261,5.93904742230083,0.238912467101842,1,"Zbtb20","Cd74",0.2,0.04
-1.3606703427627,5.91474917956521,0.238912467101842,1,"Rnpepl1","Cd74",0.2,0.04
-1.3606703427627,5.91474917956521,0.238912467101842,1,"Sass6","Cd74",0.2,0.04
-1.3606703427627,5.91474917956521,0.238912467101842,1,"Rfc5","Cd74",0.2,0.04
-1.3606703427627,5.91474917956521,0.238912467101842,1,"Zc3hav1","Cd74",0.2,0.04
-1.3606703427627,5.91474917956521,0.238912467101842,1,"Magohb","Cd74",0.2,0.04
-1.3606703427627,5.91474917956521,0.238912467101842,1,"Zmynd11","Cd74",0.2,0.04
-1.32911732989628,5.88995585383375,0.238912467101842,1,"Nek7","Cd74",0.2,0.04
-1.32911732989628,5.88995585383375,0.238912467101842,1,"Kif5a","Cd74",0.2,0.04
-1.32911732989628,5.88995585383375,0.238912467101842,1,"Gmfb","Cd74",0.2,0.04
-1.32911732989628,5.88995585383375,0.238912467101842,1,"Zdhhc3","Cd74",0.2,0.04
-1.32911732989628,5.88995585383375,0.238912467101842,1,"Nup88","Cd74",0.2,0.04
-1.32911732989628,5.88995585383375,0.238912467101842,1,"Slc35b1","Cd74",0.2,0.04
-1.32911732989628,5.88995585383375,0.238912467101842,1,"Zbtb1","Cd74",0.2,0.04
-1.32911732989628,5.88995585383375,0.238912467101842,1,"Nmral1","Cd74",0.2,0.04
-0.871376585649553,7.14873179248024,0.239662104947199,1,"Rab7","Cd74",0.2,0.04
-0.871376585649553,7.14873179248024,0.239662104947199,1,"Zfp91","Cd74",0.2,0.04
1.07332971636987,5.34057355895024,0.239948870163316,1,"Trmt1l","Cd74",0.2,0.04
1.07332971636987,5.34057355895024,0.239948870163316,1,"Itga6","Cd74",0.2,0.04
1.07332971636987,5.34057355895024,0.239948870163316,1,"Cds2","Cd74",0.2,0.04
1.07332971636987,5.34057355895024,0.239948870163316,1,"Exosc9","Cd74",0.2,0.04
1.07332971636987,5.34057355895024,0.239948870163316,1,"Agtrap","Cd74",0.2,0.04
1.07332971636987,5.34057355895024,0.239948870163316,1,"Mtf2","Cd74",0.2,0.04
1.07332971636987,5.34057355895024,0.239948870163316,1,"Exoc4","Cd74",0.2,0.04
1.07332971636987,5.34057355895024,0.239948870163316,1,"Slc29a1","Cd74",0.2,0.04
1.07332971636987,5.34057355895024,0.239948870163316,1,"Foxn2","Cd74",0.2,0.04
-0.673900044943985,8.11764581359028,0.240595522314275,1,"Nudc","Cd74",0.2,0.04
0.880517375658074,6.57452022993964,0.240754266487985,1,"Trafd1","Cd74",0.2,0.04
-0.590578110562415,8.9732014413763,0.240938976999056,1,"Rpl22l1","Cd74",0.2,0.04
-0.514962932487031,10.5322609407822,0.241931169298297,1,"Rpl5","Cd74",0.2,0.04
-0.58253309594455,9.01213416526556,0.242713499045165,1,"Plbd1","Cd74",0.2,0.04
-0.579144296444654,9.00991544449143,0.242713499045165,1,"Atp5b","Cd74",0.2,0.04
0.684314173699128,7.49486315263275,0.242739982476404,1,"Ube2b","Cd74",0.2,0.04
-0.591156072804259,8.8320876340871,0.245089391372698,1,"Snrpe","Cd74",0.2,0.04
-6.08216948798759,4.49906548718117,0.245787508828574,1,"Cnot11","Cd74",0.2,0.04
-6.08216948798759,4.49906548718117,0.245787508828574,1,"Coq10b","Cd74",0.2,0.04
-6.08216948798759,4.49906548718117,0.245787508828574,1,"Kctd18","Cd74",0.2,0.04
-6.08216948798759,4.49906548718117,0.245787508828574,1,"Zfp281","Cd74",0.2,0.04
-6.08216948798759,4.49906548718117,0.245787508828574,1,"Suco","Cd74",0.2,0.04
-6.08216948798759,4.49906548718117,0.245787508828574,1,"Tmem203","Cd74",0.2,0.04
-6.08216948798759,4.49906548718117,0.245787508828574,1,"Nup35","Cd74",0.2,0.04
-6.08216948798759,4.49906548718117,0.245787508828574,1,"Crls1","Cd74",0.2,0.04
-6.08216948798759,4.49906548718117,0.245787508828574,1,"Slc35a3","Cd74",0.2,0.04
-6.08216948798759,4.49906548718117,0.245787508828574,1,"Tbck","Cd74",0.2,0.04
-6.08216948798759,4.49906548718117,0.245787508828574,1,"Ints12","Cd74",0.2,0.04
-6.08216948798759,4.49906548718117,0.245787508828574,1,"Ndc1","Cd74",0.2,0.04
-6.08216948798759,4.49906548718117,0.245787508828574,1,"Cep104","Cd74",0.2,0.04
-6.08216948798759,4.49906548718117,0.245787508828574,1,"Tmem214","Cd74",0.2,0.04
-6.08216948798759,4.49906548718117,0.245787508828574,1,"Eif2b4","Cd74",0.2,0.04
-6.08216948798759,4.49906548718117,0.245787508828574,1,"Sgcb","Cd74",0.2,0.04
-6.08216948798759,4.49906548718117,0.245787508828574,1,"Chek2","Cd74",0.2,0.04
-6.08216948798759,4.49906548718117,0.245787508828574,1,"Fam216a","Cd74",0.2,0.04
-6.08216948798759,4.49906548718117,0.245787508828574,1,"Aacs","Cd74",0.2,0.04
-6.08216948798759,4.49906548718117,0.245787508828574,1,"Fam220a","Cd74",0.2,0.04
-6.08216948798759,4.49906548718117,0.245787508828574,1,"Akr1b10","Cd74",0.2,0.04
-6.08216948798759,4.49906548718117,0.245787508828574,1,"Bcl2l13","Cd74",0.2,0.04
-6.08216948798759,4.49906548718117,0.245787508828574,1,"Zfp384","Cd74",0.2,0.04
-6.08216948798759,4.49906548718117,0.245787508828574,1,"Vkorc1","Cd74",0.2,0.04
-6.08216948798759,4.49906548718117,0.245787508828574,1,"Armc5","Cd74",0.2,0.04
-6.08216948798759,4.49906548718117,0.245787508828574,1,"Mtg1","Cd74",0.2,0.04
-6.08216948798759,4.49906548718117,0.245787508828574,1,"Pnpla2","Cd74",0.2,0.04
-6.08216948798759,4.49906548718117,0.245787508828574,1,"Hddc2","Cd74",0.2,0.04
-6.08216948798759,4.49906548718117,0.245787508828574,1,"Smim24","Cd74",0.2,0.04
-6.08216948798759,4.49906548718117,0.245787508828574,1,"Bloc1s1","Cd74",0.2,0.04
-6.08216948798759,4.49906548718117,0.245787508828574,1,"Kbtbd11","Cd74",0.2,0.04
-6.08216948798759,4.49906548718117,0.245787508828574,1,"Adgrg1","Cd74",0.2,0.04
-6.08216948798759,4.49906548718117,0.245787508828574,1,"Terf2ip","Cd74",0.2,0.04
-6.08216948798759,4.49906548718117,0.245787508828574,1,"Cdt1","Cd74",0.2,0.04
-6.08216948798759,4.49906548718117,0.245787508828574,1,"Fbxo34","Cd74",0.2,0.04
-6.08216948798759,4.49906548718117,0.245787508828574,1,"Pck2","Cd74",0.2,0.04
-6.08216948798759,4.49906548718117,0.245787508828574,1,"Fam160b2","Cd74",0.2,0.04
-6.08216948798759,4.49906548718117,0.245787508828574,1,"Rnf219","Cd74",0.2,0.04
-6.08216948798759,4.49906548718117,0.245787508828574,1,"Ppp2r1b","Cd74",0.2,0.04
-6.08216948798759,4.49906548718117,0.245787508828574,1,"Pgm3","Cd74",0.2,0.04
-6.08216948798759,4.49906548718117,0.245787508828574,1,"Dbr1","Cd74",0.2,0.04
-6.08216948798759,4.49906548718117,0.245787508828574,1,"Tex264","Cd74",0.2,0.04
-6.08216948798759,4.49906548718117,0.245787508828574,1,"Cdc25a","Cd74",0.2,0.04
-6.08216948798759,4.49906548718117,0.245787508828574,1,"Brip1os","Cd74",0.2,0.04
-6.08216948798759,4.49906548718117,0.245787508828574,1,"Kat2a","Cd74",0.2,0.04
-6.08216948798759,4.49906548718117,0.245787508828574,1,"Rab37","Cd74",0.2,0.04
-6.08216948798759,4.49906548718117,0.245787508828574,1,"Dimt1","Cd74",0.2,0.04
-6.08216948798759,4.49906548718117,0.245787508828574,1,"Itga1","Cd74",0.2,0.04
-6.08216948798759,4.49906548718117,0.245787508828574,1,"Mnat1","Cd74",0.2,0.04
-6.08216948798759,4.49906548718117,0.245787508828574,1,"Gpr68","Cd74",0.2,0.04
-6.08216948798759,4.49906548718117,0.245787508828574,1,"Micall1","Cd74",0.2,0.04
-6.08216948798759,4.49906548718117,0.245787508828574,1,"Mcat","Cd74",0.2,0.04
-6.08216948798759,4.49906548718117,0.245787508828574,1,"Wdr5b","Cd74",0.2,0.04
-6.08216948798759,4.49906548718117,0.245787508828574,1,"Paqr4","Cd74",0.2,0.04
-6.08216948798759,4.49906548718117,0.245787508828574,1,"Rab44","Cd74",0.2,0.04
-6.08216948798759,4.49906548718117,0.245787508828574,1,"Atg2a","Cd74",0.2,0.04
-6.08216948798759,4.49906548718117,0.245787508828574,1,"Men1","Cd74",0.2,0.04
-5.98415401964075,4.42535066684688,0.245787508828574,1,"Bard1","Cd74",0.2,0.04
-5.98415401964075,4.42535066684688,0.245787508828574,1,"Hdac4","Cd74",0.2,0.04
-5.98415401964075,4.42535066684688,0.245787508828574,1,"Zcchc2","Cd74",0.2,0.04
-5.98415401964075,4.42535066684688,0.245787508828574,1,"Zdhhc5","Cd74",0.2,0.04
-5.98415401964075,4.42535066684688,0.245787508828574,1,"Accs","Cd74",0.2,0.04
-5.98415401964075,4.42535066684688,0.245787508828574,1,"Bloc1s6","Cd74",0.2,0.04
-5.98415401964075,4.42535066684688,0.245787508828574,1,"Prps1","Cd74",0.2,0.04
-5.98415401964075,4.42535066684688,0.245787508828574,1,"Ints3","Cd74",0.2,0.04
-5.98415401964075,4.42535066684688,0.245787508828574,1,"Wrap73","Cd74",0.2,0.04
-5.98415401964075,4.42535066684688,0.245787508828574,1,"Mlxip","Cd74",0.2,0.04
-5.98415401964075,4.42535066684688,0.245787508828574,1,"Vps33a","Cd74",0.2,0.04
-5.98415401964075,4.42535066684688,0.245787508828574,1,"Zfp655","Cd74",0.2,0.04
-5.98415401964075,4.42535066684688,0.245787508828574,1,"Pianp","Cd74",0.2,0.04
-5.98415401964075,4.42535066684688,0.245787508828574,1,"Cd27","Cd74",0.2,0.04
-5.98415401964075,4.42535066684688,0.245787508828574,1,"3010003L21Rik","Cd74",0.2,0.04
-5.98415401964075,4.42535066684688,0.245787508828574,1,"Ffar2","Cd74",0.2,0.04
-5.98415401964075,4.42535066684688,0.245787508828574,1,"Abhd17c","Cd74",0.2,0.04
-5.98415401964075,4.42535066684688,0.245787508828574,1,"Sh2b1","Cd74",0.2,0.04
-5.98415401964075,4.42535066684688,0.245787508828574,1,"Ptdss2","Cd74",0.2,0.04
-5.98415401964075,4.42535066684688,0.245787508828574,1,"Rmnd1","Cd74",0.2,0.04
-5.98415401964075,4.42535066684688,0.245787508828574,1,"Lemd3","Cd74",0.2,0.04
-5.98415401964075,4.42535066684688,0.245787508828574,1,"Palld","Cd74",0.2,0.04
-5.98415401964075,4.42535066684688,0.245787508828574,1,"Dcaf15","Cd74",0.2,0.04
-5.98415401964075,4.42535066684688,0.245787508828574,1,"Tmem110","Cd74",0.2,0.04
-5.98415401964075,4.42535066684688,0.245787508828574,1,"Rnf31","Cd74",0.2,0.04
-5.98415401964075,4.42535066684688,0.245787508828574,1,"Lrch1","Cd74",0.2,0.04
-5.98415401964075,4.42535066684688,0.245787508828574,1,"Gramd1b","Cd74",0.2,0.04
-5.98415401964075,4.42535066684688,0.245787508828574,1,"Dag1","Cd74",0.2,0.04
-5.98415401964075,4.42535066684688,0.245787508828574,1,"Slc36a3os","Cd74",0.2,0.04
-5.98415401964075,4.42535066684688,0.245787508828574,1,"Cisd3","Cd74",0.2,0.04
-5.98415401964075,4.42535066684688,0.245787508828574,1,"1810032O08Rik","Cd74",0.2,0.04
-5.98415401964075,4.42535066684688,0.245787508828574,1,"Wrnip1","Cd74",0.2,0.04
-5.98415401964075,4.42535066684688,0.245787508828574,1,"Slc34a1","Cd74",0.2,0.04
-5.98415401964075,4.42535066684688,0.245787508828574,1,"Prr7","Cd74",0.2,0.04
-5.98415401964075,4.42535066684688,0.245787508828574,1,"Pdlim7","Cd74",0.2,0.04
-5.98415401964075,4.42535066684688,0.245787508828574,1,"Caml","Cd74",0.2,0.04
-5.98415401964075,4.42535066684688,0.245787508828574,1,"Cenpo","Cd74",0.2,0.04
-5.98415401964075,4.42535066684688,0.245787508828574,1,"Dock4","Cd74",0.2,0.04
-5.98415401964075,4.42535066684688,0.245787508828574,1,"2700049A03Rik","Cd74",0.2,0.04
-5.98415401964075,4.42535066684688,0.245787508828574,1,"Gpatch2l","Cd74",0.2,0.04
-5.98415401964075,4.42535066684688,0.245787508828574,1,"Wdr70","Cd74",0.2,0.04
-5.98415401964075,4.42535066684688,0.245787508828574,1,"Rnf19a","Cd74",0.2,0.04
-5.98415401964075,4.42535066684688,0.245787508828574,1,"Wdyhv1","Cd74",0.2,0.04
-5.98415401964075,4.42535066684688,0.245787508828574,1,"Mroh1","Cd74",0.2,0.04
-5.98415401964075,4.42535066684688,0.245787508828574,1,"Mief1","Cd74",0.2,0.04
-5.98415401964075,4.42535066684688,0.245787508828574,1,"Troap","Cd74",0.2,0.04
-5.98415401964075,4.42535066684688,0.245787508828574,1,"Rarg","Cd74",0.2,0.04
-5.98415401964075,4.42535066684688,0.245787508828574,1,"Lztr1","Cd74",0.2,0.04
-5.98415401964075,4.42535066684688,0.245787508828574,1,"Cep19","Cd74",0.2,0.04
-5.98415401964075,4.42535066684688,0.245787508828574,1,"N6amt1","Cd74",0.2,0.04
-5.98415401964075,4.42535066684688,0.245787508828574,1,"Nme4","Cd74",0.2,0.04
-5.98415401964075,4.42535066684688,0.245787508828574,1,"Rnf8","Cd74",0.2,0.04
-5.98415401964075,4.42535066684688,0.245787508828574,1,"0610009O20Rik","Cd74",0.2,0.04
-5.98415401964075,4.42535066684688,0.245787508828574,1,"Commd10","Cd74",0.2,0.04
-5.98415401964075,4.42535066684688,0.245787508828574,1,"Dym","Cd74",0.2,0.04
-5.98415401964075,4.42535066684688,0.245787508828574,1,"Atp9b","Cd74",0.2,0.04
-5.98415401964075,4.42535066684688,0.245787508828574,1,"Plcb3","Cd74",0.2,0.04
-5.98415401964075,4.42535066684688,0.245787508828574,1,"Ms4a2","Cd74",0.2,0.04
-5.87899091046027,4.34724800676512,0.245787508828574,1,"Dis3l2","Cd74",0.2,0.04
-5.87899091046027,4.34724800676512,0.245787508828574,1,"Tmem206","Cd74",0.2,0.04
-5.87899091046027,4.34724800676512,0.245787508828574,1,"Pfkfb3","Cd74",0.2,0.04
-5.87899091046027,4.34724800676512,0.245787508828574,1,"Wdsub1","Cd74",0.2,0.04
-5.87899091046027,4.34724800676512,0.245787508828574,1,"Dph6","Cd74",0.2,0.04
-5.87899091046027,4.34724800676512,0.245787508828574,1,"Stard9","Cd74",0.2,0.04
-5.87899091046027,4.34724800676512,0.245787508828574,1,"Ubr1","Cd74",0.2,0.04
-5.87899091046027,4.34724800676512,0.245787508828574,1,"Ciao1","Cd74",0.2,0.04
-5.87899091046027,4.34724800676512,0.245787508828574,1,"BC029722","Cd74",0.2,0.04
-5.87899091046027,4.34724800676512,0.245787508828574,1,"Arfgap1","Cd74",0.2,0.04
-5.87899091046027,4.34724800676512,0.245787508828574,1,"Atp7a","Cd74",0.2,0.04
-5.87899091046027,4.34724800676512,0.245787508828574,1,"Syap1","Cd74",0.2,0.04
-5.87899091046027,4.34724800676512,0.245787508828574,1,"Fmo5","Cd74",0.2,0.04
-5.87899091046027,4.34724800676512,0.245787508828574,1,"Rnpc3","Cd74",0.2,0.04
-5.87899091046027,4.34724800676512,0.245787508828574,1,"Mettl14","Cd74",0.2,0.04
-5.87899091046027,4.34724800676512,0.245787508828574,1,"Otud6b","Cd74",0.2,0.04
-5.87899091046027,4.34724800676512,0.245787508828574,1,"Dnajc25","Cd74",0.2,0.04
-5.87899091046027,4.34724800676512,0.245787508828574,1,"Alad","Cd74",0.2,0.04
-5.87899091046027,4.34724800676512,0.245787508828574,1,"Tfip11","Cd74",0.2,0.04
-5.87899091046027,4.34724800676512,0.245787508828574,1,"Naa25","Cd74",0.2,0.04
-5.87899091046027,4.34724800676512,0.245787508828574,1,"Auts2","Cd74",0.2,0.04
-5.87899091046027,4.34724800676512,0.245787508828574,1,"Tecpr1","Cd74",0.2,0.04
-5.87899091046027,4.34724800676512,0.245787508828574,1,"1600020E01Rik","Cd74",0.2,0.04
-5.87899091046027,4.34724800676512,0.245787508828574,1,"Gata2","Cd74",0.2,0.04
-5.87899091046027,4.34724800676512,0.245787508828574,1,"Gm20696","Cd74",0.2,0.04
-5.87899091046027,4.34724800676512,0.245787508828574,1,"Nop2","Cd74",0.2,0.04
-5.87899091046027,4.34724800676512,0.245787508828574,1,"Tmem126b","Cd74",0.2,0.04
-5.87899091046027,4.34724800676512,0.245787508828574,1,"Rab30","Cd74",0.2,0.04
-5.87899091046027,4.34724800676512,0.245787508828574,1,"Coa4","Cd74",0.2,0.04
-5.87899091046027,4.34724800676512,0.245787508828574,1,"Clpb","Cd74",0.2,0.04
-5.87899091046027,4.34724800676512,0.245787508828574,1,"Nedd1","Cd74",0.2,0.04
-5.87899091046027,4.34724800676512,0.245787508828574,1,"Heatr3","Cd74",0.2,0.04
-5.87899091046027,4.34724800676512,0.245787508828574,1,"Tlr11","Cd74",0.2,0.04
-5.87899091046027,4.34724800676512,0.245787508828574,1,"Ska3","Cd74",0.2,0.04
-5.87899091046027,4.34724800676512,0.245787508828574,1,"Cog3","Cd74",0.2,0.04
-5.87899091046027,4.34724800676512,0.245787508828574,1,"Gtf2f2","Cd74",0.2,0.04
-5.87899091046027,4.34724800676512,0.245787508828574,1,"Zfp560","Cd74",0.2,0.04
-5.87899091046027,4.34724800676512,0.245787508828574,1,"Tspan3","Cd74",0.2,0.04
-5.87899091046027,4.34724800676512,0.245787508828574,1,"Hmg20a","Cd74",0.2,0.04
-5.87899091046027,4.34724800676512,0.245787508828574,1,"Gm48855","Cd74",0.2,0.04
-5.87899091046027,4.34724800676512,0.245787508828574,1,"Leo1","Cd74",0.2,0.04
-5.87899091046027,4.34724800676512,0.245787508828574,1,"Rad54l2","Cd74",0.2,0.04
-5.87899091046027,4.34724800676512,0.245787508828574,1,"Traip","Cd74",0.2,0.04
-5.87899091046027,4.34724800676512,0.245787508828574,1,"Gmppb","Cd74",0.2,0.04
-5.87899091046027,4.34724800676512,0.245787508828574,1,"Adora2b","Cd74",0.2,0.04
-5.87899091046027,4.34724800676512,0.245787508828574,1,"Dhrs13","Cd74",0.2,0.04
-5.87899091046027,4.34724800676512,0.245787508828574,1,"Nploc4","Cd74",0.2,0.04
-5.87899091046027,4.34724800676512,0.245787508828574,1,"Gm49359","Cd74",0.2,0.04
-5.87899091046027,4.34724800676512,0.245787508828574,1,"Poc5","Cd74",0.2,0.04
-5.87899091046027,4.34724800676512,0.245787508828574,1,"Coq6","Cd74",0.2,0.04
-5.87899091046027,4.34724800676512,0.245787508828574,1,"Gm20604","Cd74",0.2,0.04
-5.87899091046027,4.34724800676512,0.245787508828574,1,"Zfyve21","Cd74",0.2,0.04
-5.87899091046027,4.34724800676512,0.245787508828574,1,"Mtmr12","Cd74",0.2,0.04
-5.87899091046027,4.34724800676512,0.245787508828574,1,"Lrrc14","Cd74",0.2,0.04
-5.87899091046027,4.34724800676512,0.245787508828574,1,"Qtrt2","Cd74",0.2,0.04
-5.87899091046027,4.34724800676512,0.245787508828574,1,"Dscr3","Cd74",0.2,0.04
-5.87899091046027,4.34724800676512,0.245787508828574,1,"Prss30","Cd74",0.2,0.04
-5.87899091046027,4.34724800676512,0.245787508828574,1,"Hmga1","Cd74",0.2,0.04
-5.87899091046027,4.34724800676512,0.245787508828574,1,"Lrpprc","Cd74",0.2,0.04
-5.87899091046027,4.34724800676512,0.245787508828574,1,"Rprd1a","Cd74",0.2,0.04
-5.87899091046027,4.34724800676512,0.245787508828574,1,"Prelid2","Cd74",0.2,0.04
-5.87899091046027,4.34724800676512,0.245787508828574,1,"Syvn1","Cd74",0.2,0.04
-5.87899091046027,4.34724800676512,0.245787508828574,1,"Pprc1","Cd74",0.2,0.04
-1.09129845758855,6.58407950412815,0.246018347588415,1,"Akr7a5","Cd74",0.2,0.04
-1.0722463424237,6.56941851531392,0.246018347588415,1,"Nde1","Cd74",0.2,0.04
-1.0722463424237,6.56941851531392,0.246018347588415,1,"Prpf19","Cd74",0.2,0.04
-1.05293925566232,6.55457367626893,0.246018347588415,1,"Add3","Cd74",0.2,0.04
0.946776556557886,6.3949784785057,0.246018347588415,1,"Lamp2","Cd74",0.2,0.04
0.946776556557886,6.3949784785057,0.246018347588415,1,"Anapc15","Cd74",0.2,0.04
0.885668270142191,6.43258264873478,0.246018347588415,1,"Knop1","Cd74",0.2,0.04
-0.812025173895801,7.28204992881331,0.246248818683518,1,"Glrx3","Cd74",0.2,0.04
-0.701271449775275,7.8543893851031,0.247327768061975,1,"Rrbp1","Cd74",0.2,0.04
-0.607013620041366,8.62905607790804,0.248060889685654,1,"Dbi","Cd74",0.2,0.04
-0.676496853555079,7.93756231315108,0.250884181655853,1,"Eif2s2","Cd74",0.2,0.04
-0.676496853555079,7.93756231315108,0.250884181655853,1,"Nol7","Cd74",0.2,0.04
-0.785101561706412,7.41947184741626,0.251764135464192,1,"Hck","Cd74",0.2,0.04
-0.785101561706412,7.41947184741626,0.251764135464192,1,"Pa2g4","Cd74",0.2,0.04
-0.785101561706412,7.41947184741626,0.251764135464192,1,"Arglu1","Cd74",0.2,0.04
-0.785101561706412,7.41947184741626,0.251764135464192,1,"2410015M20Rik","Cd74",0.2,0.04
0.995759908944106,6.21198598972213,0.251805242825121,1,"Cd300a","Cd74",0.2,0.04
0.995759908944106,6.21198598972213,0.251805242825121,1,"AC149090.1","Cd74",0.2,0.04
0.960332589034854,6.23385923699822,0.251805242825121,1,"Cnot4","Cd74",0.2,0.04
-0.675112616331248,8.03048953983191,0.254073232592849,1,"Nop10","Cd74",0.2,0.04
-0.533696787931709,9.68790123562798,0.254307415408056,1,"Taldo1","Cd74",0.2,0.04
-0.982107921570634,6.79001535237636,0.255945696251589,1,"Hmmr","Cd74",0.2,0.04
-0.982107921570634,6.79001535237636,0.255945696251589,1,"BC005537","Cd74",0.2,0.04
-0.965662035717757,6.77752501878757,0.255945696251589,1,"Senp6","Cd74",0.2,0.04
-0.94902651248116,6.76490047734091,0.255945696251589,1,"Snx5","Cd74",0.2,0.04
-0.94902651248116,6.76490047734091,0.255945696251589,1,"Eif3b","Cd74",0.2,0.04
0.775975324217306,6.63882288513088,0.255945696251589,1,"Cd68","Cd74",0.2,0.04
-0.734273117780616,7.52385203634558,0.25644667265815,1,"Arpc5l","Cd74",0.2,0.04
-1.0896979613662,6.21384795971188,0.258092511857811,1,"Ap1s3","Cd74",0.2,0.04
-1.0896979613662,6.21384795971188,0.258092511857811,1,"Nsmaf","Cd74",0.2,0.04
-1.0896979613662,6.21384795971188,0.258092511857811,1,"Coro2a","Cd74",0.2,0.04
-1.0896979613662,6.21384795971188,0.258092511857811,1,"Utp11","Cd74",0.2,0.04
-1.0896979613662,6.21384795971188,0.258092511857811,1,"Fgl2","Cd74",0.2,0.04
-1.0896979613662,6.21384795971188,0.258092511857811,1,"Unc119b","Cd74",0.2,0.04
-1.0896979613662,6.21384795971188,0.258092511857811,1,"Sec61a1","Cd74",0.2,0.04
-1.0896979613662,6.21384795971188,0.258092511857811,1,"Lig1","Cd74",0.2,0.04
-1.0896979613662,6.21384795971188,0.258092511857811,1,"Babam1","Cd74",0.2,0.04
-1.0896979613662,6.21384795971188,0.258092511857811,1,"Rassf1","Cd74",0.2,0.04
-1.0896979613662,6.21384795971188,0.258092511857811,1,"Myc","Cd74",0.2,0.04
-1.0896979613662,6.21384795971188,0.258092511857811,1,"Chd1","Cd74",0.2,0.04
1.05938369478521,6.00318865964637,0.258092511857811,1,"Setd5","Cd74",0.2,0.04
1.05938369478521,6.00318865964637,0.258092511857811,1,"E2f4","Cd74",0.2,0.04
-0.557296124614284,9.19837617053975,0.258735694771103,1,"Psma7","Cd74",0.2,0.04
-0.589159620856063,8.61711212937556,0.260097838786664,1,"Cycs","Cd74",0.2,0.04
-0.718387303162227,7.64072171252305,0.2604696575763,1,"Srp14","Cd74",0.2,0.04
0.85605812961121,6.45091573264082,0.26276559982407,1,"Trappc3","Cd74",0.2,0.04
0.85605812961121,6.45091573264082,0.26276559982407,1,"Gm15987","Cd74",0.2,0.04
0.798600931370399,6.48669471717974,0.26276559982407,1,"Ep400","Cd74",0.2,0.04
0.798600931370399,6.48669471717974,0.26276559982407,1,"Ddx21","Cd74",0.2,0.04
0.753239575301342,7.10630228202576,0.262838727274092,1,"Clec2d","Cd74",0.2,0.04
-0.904267358926683,6.96998086053172,0.263482910540878,1,"Coa3","Cd74",0.2,0.04
-0.889800462556707,6.95912654940543,0.263482910540878,1,"Mcm3","Cd74",0.2,0.04
-0.889800462556707,6.95912654940543,0.263482910540878,1,"Ssr2","Cd74",0.2,0.04
-0.875187025957245,6.94817048602023,0.263482910540878,1,"Wdr83os","Cd74",0.2,0.04
-5.19379192932833,3.8677079341228,0.264705882352941,1,"Nhej1","Cd74",0.2,0.04
-5.19379192932833,3.8677079341228,0.264705882352941,1,"Dyrk3","Cd74",0.2,0.04
-5.19379192932833,3.8677079341228,0.264705882352941,1,"Tsen15","Cd74",0.2,0.04
-5.19379192932833,3.8677079341228,0.264705882352941,1,"BC055324","Cd74",0.2,0.04
-5.19379192932833,3.8677079341228,0.264705882352941,1,"Mettl18","Cd74",0.2,0.04
-5.19379192932833,3.8677079341228,0.264705882352941,1,"Nme7","Cd74",0.2,0.04
-5.19379192932833,3.8677079341228,0.264705882352941,1,"Trp53bp2","Cd74",0.2,0.04
-5.19379192932833,3.8677079341228,0.264705882352941,1,"Tatdn3","Cd74",0.2,0.04
-5.19379192932833,3.8677079341228,0.264705882352941,1,"Phpt1","Cd74",0.2,0.04
-5.19379192932833,3.8677079341228,0.264705882352941,1,"Camsap1","Cd74",0.2,0.04
-5.19379192932833,3.8677079341228,0.264705882352941,1,"Crat","Cd74",0.2,0.04
-5.19379192932833,3.8677079341228,0.264705882352941,1,"Ptges2","Cd74",0.2,0.04
-5.19379192932833,3.8677079341228,0.264705882352941,1,"Pbx3","Cd74",0.2,0.04
-5.19379192932833,3.8677079341228,0.264705882352941,1,"Ddb2","Cd74",0.2,0.04
-5.19379192932833,3.8677079341228,0.264705882352941,1,"Zfp770","Cd74",0.2,0.04
-5.19379192932833,3.8677079341228,0.264705882352941,1,"Btbd3","Cd74",0.2,0.04
-5.19379192932833,3.8677079341228,0.264705882352941,1,"Gss","Cd74",0.2,0.04
-5.19379192932833,3.8677079341228,0.264705882352941,1,"Uqcc1","Cd74",0.2,0.04
-5.19379192932833,3.8677079341228,0.264705882352941,1,"Slc17a9","Cd74",0.2,0.04
-5.19379192932833,3.8677079341228,0.264705882352941,1,"Slc9a7","Cd74",0.2,0.04
-5.19379192932833,3.8677079341228,0.264705882352941,1,"Xlr4a","Cd74",0.2,0.04
-5.19379192932833,3.8677079341228,0.264705882352941,1,"Xlr4b","Cd74",0.2,0.04
-5.19379192932833,3.8677079341228,0.264705882352941,1,"Fam3a","Cd74",0.2,0.04
-5.19379192932833,3.8677079341228,0.264705882352941,1,"Zdhhc15","Cd74",0.2,0.04
-5.19379192932833,3.8677079341228,0.264705882352941,1,"Atg4a","Cd74",0.2,0.04
-5.19379192932833,3.8677079341228,0.264705882352941,1,"E2f5","Cd74",0.2,0.04
-5.19379192932833,3.8677079341228,0.264705882352941,1,"Cpa3","Cd74",0.2,0.04
-5.19379192932833,3.8677079341228,0.264705882352941,1,"Prcc","Cd74",0.2,0.04
-5.19379192932833,3.8677079341228,0.264705882352941,1,"Adam15","Cd74",0.2,0.04
-5.19379192932833,3.8677079341228,0.264705882352941,1,"Otud7b","Cd74",0.2,0.04
-5.19379192932833,3.8677079341228,0.264705882352941,1,"Chd1l","Cd74",0.2,0.04
-5.19379192932833,3.8677079341228,0.264705882352941,1,"Wdr47","Cd74",0.2,0.04
-5.19379192932833,3.8677079341228,0.264705882352941,1,"Aco1","Cd74",0.2,0.04
-5.19379192932833,3.8677079341228,0.264705882352941,1,"Kif24","Cd74",0.2,0.04
-5.19379192932833,3.8677079341228,0.264705882352941,1,"Trmt10b","Cd74",0.2,0.04
-5.19379192932833,3.8677079341228,0.264705882352941,1,"Acot11","Cd74",0.2,0.04
-5.19379192932833,3.8677079341228,0.264705882352941,1,"Mob3c","Cd74",0.2,0.04
-5.19379192932833,3.8677079341228,0.264705882352941,1,"Tmem69","Cd74",0.2,0.04
-5.19379192932833,3.8677079341228,0.264705882352941,1,"Mterf1a","Cd74",0.2,0.04
-5.19379192932833,3.8677079341228,0.264705882352941,1,"Pus7","Cd74",0.2,0.04
-5.19379192932833,3.8677079341228,0.264705882352941,1,"Agap3","Cd74",0.2,0.04
-5.19379192932833,3.8677079341228,0.264705882352941,1,"Supt7l","Cd74",0.2,0.04
-5.19379192932833,3.8677079341228,0.264705882352941,1,"Cds1","Cd74",0.2,0.04
-5.19379192932833,3.8677079341228,0.264705882352941,1,"2610524H06Rik","Cd74",0.2,0.04
-5.19379192932833,3.8677079341228,0.264705882352941,1,"Sumf2","Cd74",0.2,0.04
-5.19379192932833,3.8677079341228,0.264705882352941,1,"Herc6","Cd74",0.2,0.04
-5.19379192932833,3.8677079341228,0.264705882352941,1,"Ift122","Cd74",0.2,0.04
-5.19379192932833,3.8677079341228,0.264705882352941,1,"Gabarapl1","Cd74",0.2,0.04
-5.19379192932833,3.8677079341228,0.264705882352941,1,"Nfkbid","Cd74",0.2,0.04
-5.19379192932833,3.8677079341228,0.264705882352941,1,"Cd33","Cd74",0.2,0.04
-5.19379192932833,3.8677079341228,0.264705882352941,1,"Fuz","Cd74",0.2,0.04
-5.19379192932833,3.8677079341228,0.264705882352941,1,"Gm44752","Cd74",0.2,0.04
-5.19379192932833,3.8677079341228,0.264705882352941,1,"Xndc1","Cd74",0.2,0.04
-5.19379192932833,3.8677079341228,0.264705882352941,1,"Akip1","Cd74",0.2,0.04
-5.19379192932833,3.8677079341228,0.264705882352941,1,"Wdr11","Cd74",0.2,0.04
-5.19379192932833,3.8677079341228,0.264705882352941,1,"Cd151","Cd74",0.2,0.04
-5.19379192932833,3.8677079341228,0.264705882352941,1,"Gopc","Cd74",0.2,0.04
-5.19379192932833,3.8677079341228,0.264705882352941,1,"Mier2","Cd74",0.2,0.04
-5.19379192932833,3.8677079341228,0.264705882352941,1,"Parpbp","Cd74",0.2,0.04
-5.19379192932833,3.8677079341228,0.264705882352941,1,"Chpt1","Cd74",0.2,0.04
-5.19379192932833,3.8677079341228,0.264705882352941,1,"Tmtc3","Cd74",0.2,0.04
-5.19379192932833,3.8677079341228,0.264705882352941,1,"Cd209d","Cd74",0.2,0.04
-5.19379192932833,3.8677079341228,0.264705882352941,1,"Cers4","Cd74",0.2,0.04
-5.19379192932833,3.8677079341228,0.264705882352941,1,"Dcun1d2","Cd74",0.2,0.04
-5.19379192932833,3.8677079341228,0.264705882352941,1,"Gm45250","Cd74",0.2,0.04
-5.19379192932833,3.8677079341228,0.264705882352941,1,"Zfp930","Cd74",0.2,0.04
-5.19379192932833,3.8677079341228,0.264705882352941,1,"Ano8","Cd74",0.2,0.04
-5.19379192932833,3.8677079341228,0.264705882352941,1,"Cks1brt","Cd74",0.2,0.04
-5.19379192932833,3.8677079341228,0.264705882352941,1,"Pskh1","Cd74",0.2,0.04
-5.19379192932833,3.8677079341228,0.264705882352941,1,"Zfp821","Cd74",0.2,0.04
-5.19379192932833,3.8677079341228,0.264705882352941,1,"Ccser2","Cd74",0.2,0.04
-5.19379192932833,3.8677079341228,0.264705882352941,1,"Mtmr9","Cd74",0.2,0.04
-5.19379192932833,3.8677079341228,0.264705882352941,1,"Kbtbd7","Cd74",0.2,0.04
-5.19379192932833,3.8677079341228,0.264705882352941,1,"Pcca","Cd74",0.2,0.04
-5.19379192932833,3.8677079341228,0.264705882352941,1,"Tbc1d2b","Cd74",0.2,0.04
-5.19379192932833,3.8677079341228,0.264705882352941,1,"Ptpn23","Cd74",0.2,0.04
-5.19379192932833,3.8677079341228,0.264705882352941,1,"Ccr9","Cd74",0.2,0.04
-5.19379192932833,3.8677079341228,0.264705882352941,1,"Rnf185","Cd74",0.2,0.04
-5.19379192932833,3.8677079341228,0.264705882352941,1,"Rhbdd3","Cd74",0.2,0.04
-5.19379192932833,3.8677079341228,0.264705882352941,1,"Tbrg4","Cd74",0.2,0.04
-5.19379192932833,3.8677079341228,0.264705882352941,1,"Sh3bp5l","Cd74",0.2,0.04
-5.19379192932833,3.8677079341228,0.264705882352941,1,"Neurl4","Cd74",0.2,0.04
-5.19379192932833,3.8677079341228,0.264705882352941,1,"Rflnb","Cd74",0.2,0.04
-5.19379192932833,3.8677079341228,0.264705882352941,1,"Mrm3","Cd74",0.2,0.04
-5.19379192932833,3.8677079341228,0.264705882352941,1,"Tbkbp1","Cd74",0.2,0.04
-5.19379192932833,3.8677079341228,0.264705882352941,1,"Ormdl3","Cd74",0.2,0.04
-5.19379192932833,3.8677079341228,0.264705882352941,1,"Thra","Cd74",0.2,0.04
-5.19379192932833,3.8677079341228,0.264705882352941,1,"Aarsd1","Cd74",0.2,0.04
-5.19379192932833,3.8677079341228,0.264705882352941,1,"1700052K11Rik","Cd74",0.2,0.04
-5.19379192932833,3.8677079341228,0.264705882352941,1,"Hist1h3i","Cd74",0.2,0.04
-5.19379192932833,3.8677079341228,0.264705882352941,1,"Fbxw17","Cd74",0.2,0.04
-5.19379192932833,3.8677079341228,0.264705882352941,1,"Ctla2a","Cd74",0.2,0.04
-5.19379192932833,3.8677079341228,0.264705882352941,1,"Platr25","Cd74",0.2,0.04
-5.19379192932833,3.8677079341228,0.264705882352941,1,"Zfp58","Cd74",0.2,0.04
-5.19379192932833,3.8677079341228,0.264705882352941,1,"Mrps27","Cd74",0.2,0.04
-5.19379192932833,3.8677079341228,0.264705882352941,1,"Ahr","Cd74",0.2,0.04
-5.19379192932833,3.8677079341228,0.264705882352941,1,"Rdh12","Cd74",0.2,0.04
-5.19379192932833,3.8677079341228,0.264705882352941,1,"Numb","Cd74",0.2,0.04
-5.19379192932833,3.8677079341228,0.264705882352941,1,"Arel1","Cd74",0.2,0.04
-5.19379192932833,3.8677079341228,0.264705882352941,1,"Cipc","Cd74",0.2,0.04
-5.19379192932833,3.8677079341228,0.264705882352941,1,"Tedc1","Cd74",0.2,0.04
-5.19379192932833,3.8677079341228,0.264705882352941,1,"Sp4","Cd74",0.2,0.04
-5.19379192932833,3.8677079341228,0.264705882352941,1,"Pop1","Cd74",0.2,0.04
-5.19379192932833,3.8677079341228,0.264705882352941,1,"Slc25a32","Cd74",0.2,0.04
-5.19379192932833,3.8677079341228,0.264705882352941,1,"Foxred2","Cd74",0.2,0.04
-5.19379192932833,3.8677079341228,0.264705882352941,1,"Josd1","Cd74",0.2,0.04
-5.19379192932833,3.8677079341228,0.264705882352941,1,"Spryd3","Cd74",0.2,0.04
-5.19379192932833,3.8677079341228,0.264705882352941,1,"Cldn1","Cd74",0.2,0.04
-5.19379192932833,3.8677079341228,0.264705882352941,1,"Fbxo45","Cd74",0.2,0.04
-5.19379192932833,3.8677079341228,0.264705882352941,1,"Wdr53","Cd74",0.2,0.04
-5.19379192932833,3.8677079341228,0.264705882352941,1,"Ccdc58","Cd74",0.2,0.04
-5.19379192932833,3.8677079341228,0.264705882352941,1,"Dynlt1c","Cd74",0.2,0.04
-5.19379192932833,3.8677079341228,0.264705882352941,1,"Ift140","Cd74",0.2,0.04
-5.19379192932833,3.8677079341228,0.264705882352941,1,"Dnph1","Cd74",0.2,0.04
-5.19379192932833,3.8677079341228,0.264705882352941,1,"Kdm4b","Cd74",0.2,0.04
-5.19379192932833,3.8677079341228,0.264705882352941,1,"Tnfsf9","Cd74",0.2,0.04
-5.19379192932833,3.8677079341228,0.264705882352941,1,"Ddx11","Cd74",0.2,0.04
-5.19379192932833,3.8677079341228,0.264705882352941,1,"Dtwd2","Cd74",0.2,0.04
-5.19379192932833,3.8677079341228,0.264705882352941,1,"Ccdc85b","Cd74",0.2,0.04
-5.19379192932833,3.8677079341228,0.264705882352941,1,"Atl3","Cd74",0.2,0.04
-5.19379192932833,3.8677079341228,0.264705882352941,1,"Ermp1","Cd74",0.2,0.04
-5.19379192932833,3.8677079341228,0.264705882352941,1,"Frat2","Cd74",0.2,0.04
-5.19379192932833,3.8677079341228,0.264705882352941,1,"Cox15","Cd74",0.2,0.04
-5.19379192932833,3.8677079341228,0.264705882352941,1,"Hps6","Cd74",0.2,0.04
-5.19379192932833,3.8677079341228,0.264705882352941,1,"Ccdc186","Cd74",0.2,0.04
-1.48040338834343,6.00915749039595,0.264725179487719,1,"Plk1","Cd74",0.2,0.04
-1.48040338834343,6.00915749039595,0.264725179487719,1,"Tbc1d10b","Cd74",0.2,0.04
-1.48040338834343,6.00915749039595,0.264725179487719,1,"3830406C13Rik","Cd74",0.2,0.04
-1.48040338834343,6.00915749039595,0.264725179487719,1,"Idi1","Cd74",0.2,0.04
-1.48040338834343,6.00915749039595,0.264725179487719,1,"Zfp516","Cd74",0.2,0.04
-1.45138876970938,5.98623403391546,0.264725179487719,1,"Timm17b","Cd74",0.2,0.04
-1.45138876970938,5.98623403391546,0.264725179487719,1,"Ino80e","Cd74",0.2,0.04
-1.45138876970938,5.98623403391546,0.264725179487719,1,"Arl10","Cd74",0.2,0.04
-1.45138876970938,5.98623403391546,0.264725179487719,1,"Yipf3","Cd74",0.2,0.04
-1.4217786291784,5.96286969361985,0.264725179487719,1,"Acbd6","Cd74",0.2,0.04
-1.4217786291784,5.96286969361985,0.264725179487719,1,"Ifi211","Cd74",0.2,0.04
-1.4217786291784,5.96286969361985,0.264725179487719,1,"Npepl1","Cd74",0.2,0.04
-1.4217786291784,5.96286969361985,0.264725179487719,1,"Kmt2c","Cd74",0.2,0.04
-1.4217786291784,5.96286969361985,0.264725179487719,1,"Gsk3a","Cd74",0.2,0.04
-1.4217786291784,5.96286969361985,0.264725179487719,1,"Tnrc6a","Cd74",0.2,0.04
-1.4217786291784,5.96286969361985,0.264725179487719,1,"Mark3","Cd74",0.2,0.04
-1.4217786291784,5.96286969361985,0.264725179487719,1,"Nubp2","Cd74",0.2,0.04
-1.4217786291784,5.96286969361985,0.264725179487719,1,"Atf6b","Cd74",0.2,0.04
-1.4217786291784,5.96286969361985,0.264725179487719,1,"Nars","Cd74",0.2,0.04
-1.4217786291784,5.96286969361985,0.264725179487719,1,"Sssca1","Cd74",0.2,0.04
-1.4217786291784,5.96286969361985,0.264725179487719,1,"Stx5a","Cd74",0.2,0.04
-1.4217786291784,5.96286969361985,0.264725179487719,1,"Hhex","Cd74",0.2,0.04
-0.685859929415136,7.84351176212593,0.267020467214627,1,"Sptssa","Cd74",0.2,0.04
-0.678091989000922,7.83803458722964,0.267020467214627,1,"Psma1","Cd74",0.2,0.04
0.613089752277713,7.99729569275333,0.267613907266912,1,"Sumo1","Cd74",0.2,0.04
-0.500354856990787,10.1579720034477,0.267679124370299,1,"Clic1","Cd74",0.2,0.04
-0.594849252708287,8.43652837973653,0.267920903372019,1,"Atp5o.1","Cd74",0.2,0.04
0.639817646848733,7.59594156291799,0.269144597233425,1,"Zfand6","Cd74",0.2,0.04
-0.845892175401713,7.12980501436029,0.269374410536869,1,"Ivns1abp","Cd74",0.2,0.04
-0.845892175401713,7.12980501436029,0.269374410536869,1,"Xbp1","Cd74",0.2,0.04
-0.832979144821977,7.1202250714896,0.269374410536869,1,"F630028O10Rik","Cd74",0.2,0.04
0.74792821535116,7.00807826529791,0.269374410536869,1,"BC028528","Cd74",0.2,0.04
0.74792821535116,7.00807826529791,0.269374410536869,1,"Nsd3","Cd74",0.2,0.04
0.728621128589781,7.01967372694125,0.269374410536869,1,"Ptpn1","Cd74",0.2,0.04
-0.661940573088022,7.92736425741725,0.26972095027718,1,"Ndufb5","Cd74",0.2,0.04
-0.47821838816202,11.0228464982395,0.270130556951318,1,"Rpl12","Cd74",0.2,0.04
0.858989265270273,6.29702317184177,0.270484410034264,1,"Rbm6","Cd74",0.2,0.04
0.826730700388454,6.31730903923582,0.270484410034264,1,"Ms4a6b","Cd74",0.2,0.04
-0.471264757421736,11.3149045511143,0.273173672951615,1,"Hmgb2","Cd74",0.2,0.04
-0.641799558011726,8.09539412119174,0.27427051838562,1,"Snrpg","Cd74",0.2,0.04
-1.82227407869719,5.4348004977675,0.275998822358522,1,"Rtl8a","Cd74",0.2,0.04
-1.82227407869719,5.4348004977675,0.275998822358522,1,"Larp1b","Cd74",0.2,0.04
-1.82227407869719,5.4348004977675,0.275998822358522,1,"Vav3","Cd74",0.2,0.04
-1.82227407869719,5.4348004977675,0.275998822358522,1,"Mrpl50","Cd74",0.2,0.04
-1.82227407869719,5.4348004977675,0.275998822358522,1,"Tmem57","Cd74",0.2,0.04
-1.82227407869719,5.4348004977675,0.275998822358522,1,"Abcf2","Cd74",0.2,0.04
-1.82227407869719,5.4348004977675,0.275998822358522,1,"Galnt11","Cd74",0.2,0.04
-1.82227407869719,5.4348004977675,0.275998822358522,1,"Ascc3","Cd74",0.2,0.04
-1.82227407869719,5.4348004977675,0.275998822358522,1,"Ube2g2","Cd74",0.2,0.04
-1.82227407869719,5.4348004977675,0.275998822358522,1,"Kat6a","Cd74",0.2,0.04
-1.82227407869719,5.4348004977675,0.275998822358522,1,"Aatf","Cd74",0.2,0.04
-1.82227407869719,5.4348004977675,0.275998822358522,1,"Zcchc9","Cd74",0.2,0.04
-1.82227407869719,5.4348004977675,0.275998822358522,1,"G2e3","Cd74",0.2,0.04
-1.82227407869719,5.4348004977675,0.275998822358522,1,"Synj2bp","Cd74",0.2,0.04
-1.82227407869719,5.4348004977675,0.275998822358522,1,"March2","Cd74",0.2,0.04
-1.82227407869719,5.4348004977675,0.275998822358522,1,"Gpatch11","Cd74",0.2,0.04
-1.82227407869719,5.4348004977675,0.275998822358522,1,"Ska1","Cd74",0.2,0.04
-1.82227407869719,5.4348004977675,0.275998822358522,1,"Xpnpep1","Cd74",0.2,0.04
-1.77679488456107,5.3988712559035,0.275998822358522,1,"Anapc1","Cd74",0.2,0.04
-1.77679488456107,5.3988712559035,0.275998822358522,1,"Pmvk","Cd74",0.2,0.04
-1.77679488456107,5.3988712559035,0.275998822358522,1,"Virma","Cd74",0.2,0.04
-1.77679488456107,5.3988712559035,0.275998822358522,1,"Arhgef39","Cd74",0.2,0.04
-1.77679488456107,5.3988712559035,0.275998822358522,1,"Rfc3","Cd74",0.2,0.04
-1.77679488456107,5.3988712559035,0.275998822358522,1,"1190007I07Rik","Cd74",0.2,0.04
-1.77679488456107,5.3988712559035,0.275998822358522,1,"Smim19","Cd74",0.2,0.04
-1.77679488456107,5.3988712559035,0.275998822358522,1,"Nup153","Cd74",0.2,0.04
-1.77679488456107,5.3988712559035,0.275998822358522,1,"Ddx23","Cd74",0.2,0.04
-1.77679488456107,5.3988712559035,0.275998822358522,1,"Gcsam","Cd74",0.2,0.04
-0.742736306539016,7.38865525516944,0.277937431418117,1,"Btg1","Cd74",0.2,0.04
-0.742736306539016,7.38865525516944,0.277937431418117,1,"Pten","Cd74",0.2,0.04
-0.513184602755695,9.62077117712069,0.278282719633936,1,"Ms4a6c","Cd74",0.2,0.04
0.938161422209861,6.07862705813245,0.279244756297596,1,"Hltf","Cd74",0.2,0.04
0.899916481350004,6.10269738327311,0.279244756297596,1,"Epb41l2","Cd74",0.2,0.04
0.86265926235026,6.1262669746341,0.279244756297596,1,"Gria3","Cd74",0.2,0.04
-1.21054730438407,6.30778041903527,0.279244756297596,1,"Pbk","Cd74",0.2,0.04
-1.18717374036954,6.28957446601454,0.279244756297596,1,"Rnaseh2b","Cd74",0.2,0.04
-1.18717374036954,6.28957446601454,0.279244756297596,1,"Asap1","Cd74",0.2,0.04
-1.16341524887337,6.27108723026908,0.279244756297596,1,"Uvrag","Cd74",0.2,0.04
-1.16341524887337,6.27108723026908,0.279244756297596,1,"Hirip3","Cd74",0.2,0.04
-1.16341524887337,6.27108723026908,0.279244756297596,1,"Tial1","Cd74",0.2,0.04
-1.16341524887337,6.27108723026908,0.279244756297596,1,"Gtf3c6","Cd74",0.2,0.04
-1.16341524887337,6.27108723026908,0.279244756297596,1,"Gatad2a","Cd74",0.2,0.04
-0.544687524181527,8.94315537264961,0.280538393618676,1,"Mndal","Cd74",0.2,0.04
-0.724506975793987,7.516813723005,0.281129771041222,1,"Csk","Cd74",0.2,0.04
-0.724506975793987,7.516813723005,0.281129771041222,1,"Pak2","Cd74",0.2,0.04
0.690765223170049,7.04249758975616,0.281406579596898,1,"Dpp4","Cd74",0.2,0.04
0.690765223170049,7.04249758975616,0.281406579596898,1,"Ikzf1","Cd74",0.2,0.04
-0.464710648154154,11.1978888391734,0.281809143125026,1,"Rps27","Cd74",0.2,0.04
-0.51345323519828,9.44478869652483,0.28186139359359,1,"Atp5h","Cd74",0.2,0.04
-0.454593181751672,11.7846725262682,0.282543207990555,1,"Rpl35a","Cd74",0.2,0.04
0.803754691569732,6.74851550139212,0.285117324438677,1,"Ythdc1","Cd74",0.2,0.04
0.803754691569732,6.74851550139212,0.285117324438677,1,"Zfp644","Cd74",0.2,0.04
0.803754691569732,6.74851550139212,0.285117324438677,1,"Klf13","Cd74",0.2,0.04
0.780381127555202,6.76278625885563,0.285117324438677,1,"Atp6ap2","Cd74",0.2,0.04
-0.571081898849417,8.6050471244307,0.285712426057023,1,"Nedd8","Cd74",0.2,0.04
-0.561427643019636,8.655171024753,0.286680236595111,1,"Nucks1","Cd74",0.2,0.04
-0.654534019284516,7.82144652797374,0.28807128355022,1,"Cdca8","Cd74",0.2,0.04
-0.654534019284516,7.82144652797374,0.28807128355022,1,"Ube2l3","Cd74",0.2,0.04
0.68337121874128,7.33162126009373,0.288108918034705,1,"Ccar1","Cd74",0.2,0.04
0.653069252173444,7.34941284468539,0.288108918034705,1,"Prpf38b","Cd74",0.2,0.04
-1.03337028013515,6.53954030067553,0.288483965512137,1,"Itch","Cd74",0.2,0.04
-1.03337028013515,6.53954030067553,0.288483965512137,1,"Cdk6","Cd74",0.2,0.04
-1.03337028013515,6.53954030067553,0.288483965512137,1,"Ccni","Cd74",0.2,0.04
-1.01353221331204,6.52431352273118,0.288483965512137,1,"Strbp","Cd74",0.2,0.04
0.999737919124918,5.85061337735102,0.289175799326644,1,"Ddhd1","Cd74",0.2,0.04
0.954258724988794,5.87926895713593,0.289175799326644,1,"Phrf1","Cd74",0.2,0.04
0.954258724988794,5.87926895713593,0.289175799326644,1,"Rabep1","Cd74",0.2,0.04
0.954258724988794,5.87926895713593,0.289175799326644,1,"Syk","Cd74",0.2,0.04
0.910169501214593,5.90722876415215,0.289175799326644,1,"Hint2","Cd74",0.2,0.04
0.910169501214593,5.90722876415215,0.289175799326644,1,"Itgal","Cd74",0.2,0.04
0.910169501214593,5.90722876415215,0.289175799326644,1,"Eif2ak2","Cd74",0.2,0.04
-0.63237985873167,7.90669617741262,0.289781221726934,1,"Zyx","Cd74",0.2,0.04
-0.5408442820531,8.89495805202213,0.290632075764718,1,"Spi1","Cd74",0.2,0.04
-0.5408442820531,8.89495805202213,0.290632075764718,1,"Sec61g","Cd74",0.2,0.04
-0.619942428832724,7.99210754057073,0.291278886484974,1,"2010107E04Rik","Cd74",0.2,0.04
-0.446533683675139,11.7372962570357,0.291594645168345,1,"Rps12","Cd74",0.2,0.04
-0.454308113131663,10.966825398851,0.293673069798274,1,"Rpl10a","Cd74",0.2,0.04
-0.932196927378134,6.7521387795959,0.294710695686241,1,"Tmem147","Cd74",0.2,0.04
-0.915168699253227,6.73923687970948,0.294710695686241,1,"Vps35","Cd74",0.2,0.04
-0.915168699253227,6.73923687970948,0.294710695686241,1,"Adcy7","Cd74",0.2,0.04
-0.915168699253227,6.73923687970948,0.294710695686241,1,"Lsm12","Cd74",0.2,0.04
-0.897937082792668,6.72619163013202,0.294710695686241,1,"Uchl3","Cd74",0.2,0.04
-0.593980258162153,8.29814651765095,0.295764696654247,1,"Psma3","Cd74",0.2,0.04
-0.588316509008992,8.29429688380858,0.295764696654247,1,"Sfpq","Cd74",0.2,0.04
-0.582630437380199,8.29043458413348,0.295764696654247,1,"Gltp","Cd74",0.2,0.04
0.690964940548012,7.23805542204764,0.295897599224907,1,"Psmd4","Cd74",0.2,0.04
0.658625124437767,7.25722278404622,0.295897599224907,1,"9930111J21Rik2","Cd74",0.2,0.04
-0.562532901275687,8.54045082503069,0.298730800273868,1,"Fam49b","Cd74",0.2,0.04
-0.860424050009274,6.93711070901211,0.299089425527356,1,"Hjurp","Cd74",0.2,0.04
-0.845508442570264,6.92594520009071,0.299089425527356,1,"Hes6","Cd74",0.2,0.04
-0.845508442570264,6.92594520009071,0.299089425527356,1,"Mcm6","Cd74",0.2,0.04
-0.845508442570264,6.92594520009071,0.299089425527356,1,"Srrt","Cd74",0.2,0.04
-0.845508442570264,6.92594520009071,0.299089425527356,1,"Pum2","Cd74",0.2,0.04
-0.830437014586865,6.91467188182998,0.299089425527356,1,"Tmco1","Cd74",0.2,0.04
-0.830437014586865,6.91467188182998,0.299089425527356,1,"Ubn2","Cd74",0.2,0.04
-0.830437014586865,6.91467188182998,0.299089425527356,1,"Mob1a","Cd74",0.2,0.04
0.734740262492421,6.79077888878793,0.299089425527356,1,"Il6ra","Cd74",0.2,0.04
0.690499116271309,6.81807086080747,0.299089425527356,1,"R3hdm1","Cd74",0.2,0.04
0.690499116271309,6.81807086080747,0.299089425527356,1,"Ash1l","Cd74",0.2,0.04
-1.29685876501446,5.86464717656711,0.30030984727682,1,"Fundc1","Cd74",0.2,0.04
-1.29685876501446,5.86464717656711,0.30030984727682,1,"Kif4","Cd74",0.2,0.04
-1.29685876501446,5.86464717656711,0.30030984727682,1,"Ccdc107","Cd74",0.2,0.04
-1.29685876501446,5.86464717656711,0.30030984727682,1,"Prpf38a","Cd74",0.2,0.04
-1.29685876501446,5.86464717656711,0.30030984727682,1,"Gas2l3","Cd74",0.2,0.04
-1.29685876501446,5.86464717656711,0.30030984727682,1,"Slfn5","Cd74",0.2,0.04
-1.29685876501446,5.86464717656711,0.30030984727682,1,"Fam162a","Cd74",0.2,0.04
-1.29685876501446,5.86464717656711,0.30030984727682,1,"Acaa2","Cd74",0.2,0.04
-1.29685876501446,5.86464717656711,0.30030984727682,1,"Tnks2","Cd74",0.2,0.04
-1.26386237153223,5.83880162777297,0.30030984727682,1,"Rfxap","Cd74",0.2,0.04
-1.26386237153223,5.83880162777297,0.30030984727682,1,"Osbpl9","Cd74",0.2,0.04
-1.26386237153223,5.83880162777297,0.30030984727682,1,"Mrto4","Cd74",0.2,0.04
-1.26386237153223,5.83880162777297,0.30030984727682,1,"Mrpl35","Cd74",0.2,0.04
-1.26386237153223,5.83880162777297,0.30030984727682,1,"Tmem238","Cd74",0.2,0.04
-1.26386237153223,5.83880162777297,0.30030984727682,1,"Nudt4","Cd74",0.2,0.04
-1.26386237153223,5.83880162777297,0.30030984727682,1,"Zfhx3","Cd74",0.2,0.04
-1.26386237153223,5.83880162777297,0.30030984727682,1,"Emc2","Cd74",0.2,0.04
-1.23009360610052,5.81239633171174,0.30030984727682,1,"Odf2","Cd74",0.2,0.04
-1.23009360610052,5.81239633171174,0.30030984727682,1,"Cdca7","Cd74",0.2,0.04
-1.23009360610052,5.81239633171174,0.30030984727682,1,"Gid8","Cd74",0.2,0.04
-1.23009360610052,5.81239633171174,0.30030984727682,1,"Gmps","Cd74",0.2,0.04
-1.23009360610052,5.81239633171174,0.30030984727682,1,"Itpripl2","Cd74",0.2,0.04
-1.23009360610052,5.81239633171174,0.30030984727682,1,"Kif22","Cd74",0.2,0.04
-1.23009360610052,5.81239633171174,0.30030984727682,1,"Il3ra","Cd74",0.2,0.04
-1.23009360610052,5.81239633171174,0.30030984727682,1,"Srpr","Cd74",0.2,0.04
-1.23009360610052,5.81239633171174,0.30030984727682,1,"Gps1","Cd74",0.2,0.04
-1.23009360610052,5.81239633171174,0.30030984727682,1,"Lpcat1","Cd74",0.2,0.04
-1.23009360610052,5.81239633171174,0.30030984727682,1,"Itgb1bp1","Cd74",0.2,0.04
-1.23009360610052,5.81239633171174,0.30030984727682,1,"Tbc1d10c","Cd74",0.2,0.04
1.08606104460172,5.5813445180377,0.30030984727682,1,"Dctn6","Cd74",0.2,0.04
1.08606104460172,5.5813445180377,0.30030984727682,1,"Fcho1","Cd74",0.2,0.04
1.02997192147303,5.61646410127157,0.30030984727682,1,"Atf6","Cd74",0.2,0.04
1.02997192147303,5.61646410127157,0.30030984727682,1,"Capn2","Cd74",0.2,0.04
1.02997192147303,5.61646410127157,0.30030984727682,1,"Rnf114","Cd74",0.2,0.04
1.02997192147303,5.61646410127157,0.30030984727682,1,"P2ry14","Cd74",0.2,0.04
1.02997192147303,5.61646410127157,0.30030984727682,1,"Rnf6","Cd74",0.2,0.04
1.02997192147303,5.61646410127157,0.30030984727682,1,"Ap3d1","Cd74",0.2,0.04
1.02997192147303,5.61646410127157,0.30030984727682,1,"Slc30a5","Cd74",0.2,0.04
1.02997192147303,5.61646410127157,0.30030984727682,1,"Pam16","Cd74",0.2,0.04
0.97598207119709,5.65056422492375,0.30030984727682,1,"Camk2d","Cd74",0.2,0.04
0.97598207119709,5.65056422492375,0.30030984727682,1,"Zfc3h1","Cd74",0.2,0.04
0.97598207119709,5.65056422492375,0.30030984727682,1,"Il10ra","Cd74",0.2,0.04
0.602415718495764,7.61743900574488,0.301313845617433,1,"Thrap3","Cd74",0.2,0.04
-0.806801084606468,7.10082543457157,0.302271281658001,1,"Rsrc2","Cd74",0.2,0.04
-0.793531744697307,7.09100298017098,0.302271281658001,1,"Hnrnpdl","Cd74",0.2,0.04
-0.793531744697307,7.09100298017098,0.302271281658001,1,"Rnf7","Cd74",0.2,0.04
-0.793531744697307,7.09100298017098,0.302271281658001,1,"Spop","Cd74",0.2,0.04
-0.523004665277859,8.9290318734367,0.302377666311182,1,"Cox5b","Cd74",0.2,0.04
-0.440821545824501,11.2968332471719,0.30358666359685,1,"Rpl6","Cd74",0.2,0.04
-0.765189708022345,7.24767628508094,0.304644506876304,1,"Rbm8a","Cd74",0.2,0.04
-0.75323935237573,7.23892151760612,0.304644506876304,1,"Tsn","Cd74",0.2,0.04
-0.75323935237573,7.23892151760612,0.304644506876304,1,"Lbh","Cd74",0.2,0.04
0.699618038070588,7.1381962337526,0.304644506876304,1,"Rasa4","Cd74",0.2,0.04
-0.431005655770868,12.013319627549,0.306029102020905,1,"Rps8","Cd74",0.2,0.04
0.437988266611407,10.99737945917,0.306422988408047,1,"Ftl1","Cd74",0.2,0.04
-0.731947711815296,7.38082151014142,0.306452548588973,1,"Rock1","Cd74",0.2,0.04
-0.721077830826651,7.37293446770312,0.306452548588973,1,"Lsm3","Cd74",0.2,0.04
-0.721077830826651,7.37293446770312,0.306452548588973,1,"Pbrm1","Cd74",0.2,0.04
-0.694805507752353,7.49543873579919,0.307854389121234,1,"Tra2b","Cd74",0.2,0.04
-0.684767562279223,7.48822518910031,0.307854389121234,1,"Rasgrp2","Cd74",0.2,0.04
0.750982024535076,6.65432626328554,0.30990857408973,1,"Phf3","Cd74",0.2,0.04
0.726414346633235,6.66961373203668,0.30990857408973,1,"Mkln1","Cd74",0.2,0.04
0.726414346633235,6.66961373203668,0.30990857408973,1,"Rsf1","Cd74",0.2,0.04
0.702258036710141,6.68469131950021,0.30990857408973,1,"Jund","Cd74",0.2,0.04
-0.462764769057387,9.99595666055684,0.311761691144099,1,"Psmb8","Cd74",0.2,0.04
-1.06426403218503,6.19414356133268,0.31230350412863,1,"Gapvd1","Cd74",0.2,0.04
-1.06426403218503,6.19414356133268,0.31230350412863,1,"Acot9","Cd74",0.2,0.04
-1.06426403218503,6.19414356133268,0.31230350412863,1,"Gsdme","Cd74",0.2,0.04
-1.06426403218503,6.19414356133268,0.31230350412863,1,"Hook3","Cd74",0.2,0.04
-1.06426403218503,6.19414356133268,0.31230350412863,1,"Cmc2","Cd74",0.2,0.04
-1.06426403218503,6.19414356133268,0.31230350412863,1,"Dph3","Cd74",0.2,0.04
-1.06426403218503,6.19414356133268,0.31230350412863,1,"Nelfe","Cd74",0.2,0.04
-1.06426403218503,6.19414356133268,0.31230350412863,1,"Etf1","Cd74",0.2,0.04
-1.0383736577452,6.17410960142687,0.31230350412863,1,"Tiprl","Cd74",0.2,0.04
-1.0383736577452,6.17410960142687,0.31230350412863,1,"Gnai3","Cd74",0.2,0.04
-1.0383736577452,6.17410960142687,0.31230350412863,1,"Vrk2","Cd74",0.2,0.04
-1.0383736577452,6.17410960142687,0.31230350412863,1,"Flii","Cd74",0.2,0.04
-1.0383736577452,6.17410960142687,0.31230350412863,1,"Usp25","Cd74",0.2,0.04
-1.01201015517566,6.15373496186758,0.31230350412863,1,"Stk17b","Cd74",0.2,0.04
-1.01201015517566,6.15373496186758,0.31230350412863,1,"Polr3k","Cd74",0.2,0.04
-1.01201015517566,6.15373496186758,0.31230350412863,1,"Sema4a","Cd74",0.2,0.04
-1.01201015517566,6.15373496186758,0.31230350412863,1,"Mtmr14","Cd74",0.2,0.04
-1.01201015517566,6.15373496186758,0.31230350412863,1,"Fyn","Cd74",0.2,0.04
-1.01201015517566,6.15373496186758,0.31230350412863,1,"Smarcb1","Cd74",0.2,0.04
-1.01201015517566,6.15373496186758,0.31230350412863,1,"Blmh","Cd74",0.2,0.04
-1.01201015517566,6.15373496186758,0.31230350412863,1,"Brd9","Cd74",0.2,0.04
0.785451989182522,5.98724839826204,0.31230350412863,1,"Irf7","Cd74",0.2,0.04
0.785451989182522,5.98724839826204,0.31230350412863,1,"Znrf1","Cd74",0.2,0.04
1.21611268112717,5.25247001085392,0.312308126727794,1,"Dnpep","Cd74",0.2,0.04
1.21611268112717,5.25247001085392,0.312308126727794,1,"Trpm7","Cd74",0.2,0.04
1.21611268112717,5.25247001085392,0.312308126727794,1,"Dynlt3","Cd74",0.2,0.04
1.21611268112717,5.25247001085392,0.312308126727794,1,"Spp1","Cd74",0.2,0.04
1.21611268112717,5.25247001085392,0.312308126727794,1,"Upf1","Cd74",0.2,0.04
1.21611268112717,5.25247001085392,0.312308126727794,1,"Gm49336","Cd74",0.2,0.04
1.14295552240526,5.297327488457,0.312308126727794,1,"Gt(ROSA)26Sor","Cd74",0.2,0.04
1.14295552240526,5.297327488457,0.312308126727794,1,"Hp","Cd74",0.2,0.04
1.14295552240526,5.297327488457,0.312308126727794,1,"Cep57","Cd74",0.2,0.04
1.14295552240526,5.297327488457,0.312308126727794,1,"Gpank1","Cd74",0.2,0.04
1.14295552240526,5.297327488457,0.312308126727794,1,"Atl2","Cd74",0.2,0.04
1.14295552240526,5.297327488457,0.312308126727794,1,"Rela","Cd74",0.2,0.04
0.477570106132722,9.16765891503984,0.313916297159149,1,"Atox1","Cd74",0.2,0.04
0.709569013424937,7.03114594146838,0.314537115033166,1,"Fam32a","Cd74",0.2,0.04
0.63108868617575,7.17930340790867,0.315850463373098,1,"Dnajc3","Cd74",0.2,0.04
-0.423716126942851,11.6346541845456,0.317990823410554,1,"Rpl17","Cd74",0.2,0.04
-0.910031342489352,6.44509451938803,0.318789138139629,1,"Mlf2","Cd74",0.2,0.04
-0.910031342489352,6.44509451938803,0.318789138139629,1,"Rbm42","Cd74",0.2,0.04
-0.910031342489352,6.44509451938803,0.318789138139629,1,"Lmo1","Cd74",0.2,0.04
-0.910031342489352,6.44509451938803,0.318789138139629,1,"Hras","Cd74",0.2,0.04
-0.888409338910864,6.428593855704,0.318789138139629,1,"Fam129a","Cd74",0.2,0.04
-0.888409338910864,6.428593855704,0.318789138139629,1,"Prpf8","Cd74",0.2,0.04
-0.888409338910864,6.428593855704,0.318789138139629,1,"Dync1h1","Cd74",0.2,0.04
-0.888409338910864,6.428593855704,0.318789138139629,1,"Atxn10","Cd74",0.2,0.04
-0.418554898466124,12.3030474839427,0.318971927134228,1,"Ptma","Cd74",0.2,0.04
-0.417237596939407,12.0354199982959,0.321981716026755,1,"Rps3a1","Cd74",0.2,0.04
-0.808549556070702,6.65869725870178,0.322470320047532,1,"Ppp3ca","Cd74",0.2,0.04
-0.808549556070702,6.65869725870178,0.322470320047532,1,"Gng12","Cd74",0.2,0.04
-0.808549556070702,6.65869725870178,0.322470320047532,1,"St3gal4","Cd74",0.2,0.04
-0.808549556070702,6.65869725870178,0.322470320047532,1,"Spg21","Cd74",0.2,0.04
0.770708270087379,6.50415949877334,0.322470320047532,1,"Ehd4","Cd74",0.2,0.04
0.770708270087379,6.50415949877334,0.322470320047532,1,"Emc8","Cd74",0.2,0.04
0.770708270087379,6.50415949877334,0.322470320047532,1,"Elmo1","Cd74",0.2,0.04
0.716490419982539,6.53828357913065,0.322470320047532,1,"Cyfip2","Cd74",0.2,0.04
0.716490419982539,6.53828357913065,0.322470320047532,1,"Scpep1","Cd74",0.2,0.04
1.43572368339354,4.82965501708207,0.323451739300794,1,"Stx6","Cd74",0.2,0.04
1.43572368339354,4.82965501708207,0.323451739300794,1,"Golga1","Cd74",0.2,0.04
1.43572368339354,4.82965501708207,0.323451739300794,1,"Trp53rka","Cd74",0.2,0.04
1.43572368339354,4.82965501708207,0.323451739300794,1,"Spata2","Cd74",0.2,0.04
1.43572368339354,4.82965501708207,0.323451739300794,1,"Dnase1l1","Cd74",0.2,0.04
1.43572368339354,4.82965501708207,0.323451739300794,1,"Gnl2","Cd74",0.2,0.04
1.43572368339354,4.82965501708207,0.323451739300794,1,"Srd5a3","Cd74",0.2,0.04
1.43572368339354,4.82965501708207,0.323451739300794,1,"Mad1l1","Cd74",0.2,0.04
1.43572368339354,4.82965501708207,0.323451739300794,1,"Atg7","Cd74",0.2,0.04
1.43572368339354,4.82965501708207,0.323451739300794,1,"Itfg2","Cd74",0.2,0.04
1.43572368339354,4.82965501708207,0.323451739300794,1,"Cars","Cd74",0.2,0.04
1.43572368339354,4.82965501708207,0.323451739300794,1,"Stx11","Cd74",0.2,0.04
1.43572368339354,4.82965501708207,0.323451739300794,1,"Vps13c","Cd74",0.2,0.04
1.43572368339354,4.82965501708207,0.323451739300794,1,"Vps54","Cd74",0.2,0.04
1.43572368339354,4.82965501708207,0.323451739300794,1,"Adssl1","Cd74",0.2,0.04
1.43572368339354,4.82965501708207,0.323451739300794,1,"6030458C11Rik","Cd74",0.2,0.04
-0.451392384019787,9.92504728331447,0.323876365695901,1,"Gapdh","Cd74",0.2,0.04
-0.69706332523601,7.0198181466875,0.325815276137462,1,"Lmo2","Cd74",0.2,0.04
2.11086054218547,4.13547037218356,0.325868652055929,1,"Brox","Cd74",0.2,0.04
2.11086054218547,4.13547037218356,0.325868652055929,1,"Mrrf","Cd74",0.2,0.04
2.11086054218547,4.13547037218356,0.325868652055929,1,"Cep152","Cd74",0.2,0.04
2.11086054218547,4.13547037218356,0.325868652055929,1,"Zmym6","Cd74",0.2,0.04
2.11086054218547,4.13547037218356,0.325868652055929,1,"Guf1","Cd74",0.2,0.04
2.11086054218547,4.13547037218356,0.325868652055929,1,"Gimap1","Cd74",0.2,0.04
2.11086054218547,4.13547037218356,0.325868652055929,1,"Gpatch1","Cd74",0.2,0.04
2.11086054218547,4.13547037218356,0.325868652055929,1,"Hsf2","Cd74",0.2,0.04
2.11086054218547,4.13547037218356,0.325868652055929,1,"Klhl36","Cd74",0.2,0.04
2.11086054218547,4.13547037218356,0.325868652055929,1,"Dlg4","Cd74",0.2,0.04
2.11086054218547,4.13547037218356,0.325868652055929,1,"Pigw","Cd74",0.2,0.04
2.11086054218547,4.13547037218356,0.325868652055929,1,"Dok3","Cd74",0.2,0.04
2.11086054218547,4.13547037218356,0.325868652055929,1,"Golga5","Cd74",0.2,0.04
2.11086054218547,4.13547037218356,0.325868652055929,1,"Tmem65","Cd74",0.2,0.04
2.11086054218547,4.13547037218356,0.325868652055929,1,"Arhgap39","Cd74",0.2,0.04
0.617909089066938,7.08674918338105,0.326474838328016,1,"Neat1","Cd74",0.2,0.04
-0.406565194587174,13.406614910257,0.327304584726748,1,"Actb","Cd74",0.2,0.04
0.873710064982602,5.71592723550056,0.327413195281991,1,"Eif2s3x","Cd74",0.2,0.04
0.873710064982602,5.71592723550056,0.327413195281991,1,"Atp6v1a","Cd74",0.2,0.04
-0.433071883657711,10.5541984863232,0.328076509278076,1,"H3f3b","Cd74",0.2,0.04
-0.441355962505938,10.0639042360699,0.328510724791217,1,"Gnai2","Cd74",0.2,0.04
-0.559659361223046,8.27485692438383,0.330648343037408,1,"G3bp1","Cd74",0.2,0.04
-0.548035193655825,8.2669897282451,0.330648343037408,1,"Ramp1","Cd74",0.2,0.04
-0.56636253978289,8.2050305332853,0.331216052510426,1,"Cnbp","Cd74",0.2,0.04
-0.567396649116117,8.1272312483948,0.331813207904779,1,"Psmb3","Cd74",0.2,0.04
-0.594556295347772,7.88033317493417,0.333785485162406,1,"Taf10","Cd74",0.2,0.04
-1.13925893895028,6.2523099335926,0.334166373439495,1,"Ppa2","Cd74",0.2,0.04
-1.13925893895028,6.2523099335926,0.334166373439495,1,"Bccip","Cd74",0.2,0.04
-1.13925893895028,6.2523099335926,0.334166373439495,1,"Leprotl1","Cd74",0.2,0.04
-1.13925893895028,6.2523099335926,0.334166373439495,1,"Wbp4","Cd74",0.2,0.04
-1.11469126104843,6.23323338598296,0.334166373439495,1,"Exosc3","Cd74",0.2,0.04
-1.11469126104843,6.23323338598296,0.334166373439495,1,"Cdkn1b","Cd74",0.2,0.04
-1.11469126104843,6.23323338598296,0.334166373439495,1,"Map4k1","Cd74",0.2,0.04
-1.11469126104843,6.23323338598296,0.334166373439495,1,"Il16","Cd74",0.2,0.04
-0.606231647673903,7.78754181232604,0.334499709573647,1,"Pld4","Cd74",0.2,0.04
-0.628488744573703,7.69447511442485,0.335235905612107,1,"Mdh1","Cd74",0.2,0.04
-0.664479684650765,7.47366178968543,0.336730905950754,1,"Eif3c","Cd74",0.2,0.04
-0.654227746297771,7.46631073675755,0.336730905950754,1,"Cct7","Cd74",0.2,0.04
-0.654227746297771,7.46631073675755,0.336730905950754,1,"Txndc17","Cd74",0.2,0.04
-0.654227746297771,7.46631073675755,0.336730905950754,1,"Smc3","Cd74",0.2,0.04
-0.973018472234804,6.49325934333666,0.337232761598042,1,"Samm50","Cd74",0.2,0.04
-0.973018472234804,6.49325934333666,0.337232761598042,1,"Usp7","Cd74",0.2,0.04
-0.973018472234804,6.49325934333666,0.337232761598042,1,"Rab1b","Cd74",0.2,0.04
-0.95232681715335,6.47742122700352,0.337232761598042,1,"Parvg","Cd74",0.2,0.04
-0.95232681715335,6.47742122700352,0.337232761598042,1,"Sra1","Cd74",0.2,0.04
0.795177687522033,6.33723344703728,0.337232761598042,1,"Nrp1","Cd74",0.2,0.04
0.795177687522033,6.33723344703728,0.337232761598042,1,"Nrip1","Cd74",0.2,0.04
0.764300022758639,6.35680907759537,0.337232761598042,1,"2810474O19Rik","Cd74",0.2,0.04
0.764300022758639,6.35680907759537,0.337232761598042,1,"Nfya","Cd74",0.2,0.04
0.734069401106339,6.37604796441232,0.337232761598042,1,"Fcgr2b","Cd74",0.2,0.04
0.734069401106339,6.37604796441232,0.337232761598042,1,"Rnf166","Cd74",0.2,0.04
-0.880497160586323,6.71299977706436,0.338486666545203,1,"Chic2","Cd74",0.2,0.04
-0.880497160586323,6.71299977706436,0.338486666545203,1,"Ndufa9","Cd74",0.2,0.04
-0.880497160586323,6.71299977706436,0.338486666545203,1,"Pstpip1","Cd74",0.2,0.04
-0.862843834703965,6.69965795565971,0.338486666545203,1,"Cops5","Cd74",0.2,0.04
-0.862843834703965,6.69965795565971,0.338486666545203,1,"Thoc2","Cd74",0.2,0.04
-0.862843834703965,6.69965795565971,0.338486666545203,1,"Aldh2","Cd74",0.2,0.04
-0.862843834703965,6.69965795565971,0.338486666545203,1,"Lockd","Cd74",0.2,0.04
-0.862843834703965,6.69965795565971,0.338486666545203,1,"Mapk1","Cd74",0.2,0.04
-0.862843834703965,6.69965795565971,0.338486666545203,1,"Vars","Cd74",0.2,0.04
-0.739199170929821,7.05086167153302,0.338580727961277,1,"Imp3","Cd74",0.2,0.04
0.660782036450831,6.95269876832254,0.338580727961277,1,"Sbno1","Cd74",0.2,0.04
-0.815206476002428,6.90328861535126,0.338791036779335,1,"Idh3g","Cd74",0.2,0.04
-0.815206476002428,6.90328861535126,0.338791036779335,1,"Ubald2","Cd74",0.2,0.04
-0.815206476002428,6.90328861535126,0.338791036779335,1,"Nipbl","Cd74",0.2,0.04
-0.799813431446146,6.89179319788583,0.338791036779335,1,"Stx16","Cd74",0.2,0.04
-0.799813431446146,6.89179319788583,0.338791036779335,1,"Krit1","Cd74",0.2,0.04
-0.799813431446146,6.89179319788583,0.338791036779335,1,"Gabarapl2","Cd74",0.2,0.04
-0.784254375689759,6.88018336025019,0.338791036779335,1,"Zmat2","Cd74",0.2,0.04
-0.443686778087388,9.70940979685053,0.34002251025433,1,"Pabpc1","Cd74",0.2,0.04
0.530400846279728,7.65918667395153,0.343656103026535,1,"Mef2c","Cd74",0.2,0.04
-0.467287777687552,9.17803560171146,0.344334494081561,1,"Dek","Cd74",0.2,0.04
1.00690998211272,5.38231721517632,0.345266794314099,1,"Cers6","Cd74",0.2,0.04
1.00690998211272,5.38231721517632,0.345266794314099,1,"Lnpk","Cd74",0.2,0.04
1.00690998211272,5.38231721517632,0.345266794314099,1,"Itpa","Cd74",0.2,0.04
1.00690998211272,5.38231721517632,0.345266794314099,1,"Mecp2","Cd74",0.2,0.04
1.00690998211272,5.38231721517632,0.345266794314099,1,"Hsdl2","Cd74",0.2,0.04
1.00690998211272,5.38231721517632,0.345266794314099,1,"Zdhhc21","Cd74",0.2,0.04
1.00690998211272,5.38231721517632,0.345266794314099,1,"Adprhl2","Cd74",0.2,0.04
1.00690998211272,5.38231721517632,0.345266794314099,1,"Tfam","Cd74",0.2,0.04
1.00690998211272,5.38231721517632,0.345266794314099,1,"Brip1","Cd74",0.2,0.04
1.00690998211272,5.38231721517632,0.345266794314099,1,"Mfsd5","Cd74",0.2,0.04
1.00690998211272,5.38231721517632,0.345266794314099,1,"Map3k11","Cd74",0.2,0.04
0.943414010411346,5.4226569072738,0.345266794314099,1,"Ints7","Cd74",0.2,0.04
0.943414010411346,5.4226569072738,0.345266794314099,1,"Zdhhc12","Cd74",0.2,0.04
0.943414010411346,5.4226569072738,0.345266794314099,1,"Stard7","Cd74",0.2,0.04
0.943414010411346,5.4226569072738,0.345266794314099,1,"Sec23b","Cd74",0.2,0.04
0.943414010411346,5.4226569072738,0.345266794314099,1,"AI314180","Cd74",0.2,0.04
0.943414010411346,5.4226569072738,0.345266794314099,1,"Anxa4","Cd74",0.2,0.04
0.943414010411346,5.4226569072738,0.345266794314099,1,"Lin37","Cd74",0.2,0.04
0.943414010411346,5.4226569072738,0.345266794314099,1,"Herc4","Cd74",0.2,0.04
0.943414010411346,5.4226569072738,0.345266794314099,1,"Mast3","Cd74",0.2,0.04
0.943414010411346,5.4226569072738,0.345266794314099,1,"2210016F16Rik","Cd74",0.2,0.04
0.943414010411346,5.4226569072738,0.345266794314099,1,"Smarca2","Cd74",0.2,0.04
-0.397125858647083,12.1291359704139,0.345702506840688,1,"Rpl13","Cd74",0.2,0.04
-0.401357540104587,11.4908634702919,0.347508719579201,1,"Rpl41","Cd74",0.2,0.04
0.580811741217367,7.30369960333242,0.347845460611182,1,"Mrps33","Cd74",0.2,0.04
-0.437356378906688,9.6800300237777,0.348084201021695,1,"Ybx1","Cd74",0.2,0.04
-0.482973654452896,8.99045106923686,0.348468911804608,1,"Smdt1","Cd74",0.2,0.04
-0.43965091245964,9.65551891080088,0.348704274379047,1,"Hnrnpf","Cd74",0.2,0.04
-0.530421422617028,8.25508884604662,0.349359185251862,1,"Anp32e","Cd74",0.2,0.04
-0.42177650603109,10.1099507515429,0.350391918831875,1,"Npm1","Cd74",0.2,0.04
-0.547921599482276,8.03073345452004,0.35402657608856,1,"Wdfy4","Cd74",0.2,0.04
-0.547921599482276,8.03073345452004,0.35402657608856,1,"Cct4","Cd74",0.2,0.04
0.826340028795672,6.14935612518689,0.354831968026715,1,"Hipk1","Cd74",0.2,0.04
0.826340028795672,6.14935612518689,0.354831968026715,1,"Nr2c2ap","Cd74",0.2,0.04
0.826340028795672,6.14935612518689,0.354831968026715,1,"Arcn1","Cd74",0.2,0.04
0.826340028795672,6.14935612518689,0.354831968026715,1,"Malt1","Cd74",0.2,0.04
0.647002062334547,6.43185564701316,0.354836493517952,1,"Tcea1","Cd74",0.2,0.04
0.647002062334547,6.43185564701316,0.354836493517952,1,"Scarb2","Cd74",0.2,0.04
0.647002062334547,6.43185564701316,0.354836493517952,1,"Emc3","Cd74",0.2,0.04
-0.45741532412273,9.01583324575222,0.355811677655908,1,"Capzb","Cd74",0.2,0.04
-0.394644524026401,11.4206224614809,0.356380889696428,1,"Rps7","Cd74",0.2,0.04
-0.579144774987634,7.86961788127313,0.357832418781564,1,"Ptbp3","Cd74",0.2,0.04
-0.601845952680301,7.42883683012189,0.357983042272381,1,"Tra2a","Cd74",0.2,0.04
-0.591137437503164,7.42119372207881,0.357983042272381,1,"Csde1","Cd74",0.2,0.04
-0.427086564739672,9.82018713785241,0.358825341702479,1,"Eef2","Cd74",0.2,0.04
-0.607622007151476,7.29095782299044,0.360371515407295,1,"Hprt","Cd74",0.2,0.04
-0.607622007151476,7.29095782299044,0.360371515407295,1,"Rhog","Cd74",0.2,0.04
-0.593132156806461,7.66955091699977,0.362373553607846,1,"Arhgap45","Cd74",0.2,0.04
-0.653896279362886,7.16639567568454,0.362958666824636,1,"Aurkaip1","Cd74",0.2,0.04
-0.653896279362886,7.16639567568454,0.362958666824636,1,"Frg1","Cd74",0.2,0.04
-0.64098324878315,7.15700182747799,0.362958666824636,1,"Ppm1g","Cd74",0.2,0.04
0.376900254270551,13.2221494658902,0.36333985904207,1,"mt-Atp6","Cd74",0.2,0.04
-0.626008326176713,7.57486271230888,0.364984523939971,1,"Tmem256","Cd74",0.2,0.04
-0.606800882947702,7.56122871180911,0.364984523939971,1,"Rnf130","Cd74",0.2,0.04
-0.668273162935717,6.99865110389533,0.365737410686623,1,"Mrps15","Cd74",0.2,0.04
-0.668273162935717,6.99865110389533,0.365737410686623,1,"Sdf4","Cd74",0.2,0.04
-0.668273162935717,6.99865110389533,0.365737410686623,1,"Taf1d","Cd74",0.2,0.04
-1.72983521786303,5.36187831077359,0.366108882722305,1,"Usp37","Cd74",0.2,0.04
-1.72983521786303,5.36187831077359,0.366108882722305,1,"Igsf8","Cd74",0.2,0.04
-1.72983521786303,5.36187831077359,0.366108882722305,1,"Nup160","Cd74",0.2,0.04
-1.72983521786303,5.36187831077359,0.366108882722305,1,"Mfap1b","Cd74",0.2,0.04
-1.72983521786303,5.36187831077359,0.366108882722305,1,"Hmgn5","Cd74",0.2,0.04
-1.72983521786303,5.36187831077359,0.366108882722305,1,"Wdr3","Cd74",0.2,0.04
-1.72983521786303,5.36187831077359,0.366108882722305,1,"Pithd1","Cd74",0.2,0.04
-1.72983521786303,5.36187831077359,0.366108882722305,1,"Mboat7","Cd74",0.2,0.04
-1.72983521786303,5.36187831077359,0.366108882722305,1,"9030624J02Rik","Cd74",0.2,0.04
-1.72983521786303,5.36187831077359,0.366108882722305,1,"Ginm1","Cd74",0.2,0.04
-1.72983521786303,5.36187831077359,0.366108882722305,1,"Arhgef40","Cd74",0.2,0.04
-1.72983521786303,5.36187831077359,0.366108882722305,1,"Ranbp9","Cd74",0.2,0.04
-1.72983521786303,5.36187831077359,0.366108882722305,1,"Kidins220","Cd74",0.2,0.04
-1.72983521786303,5.36187831077359,0.366108882722305,1,"Arhgap31","Cd74",0.2,0.04
-1.72983521786303,5.36187831077359,0.366108882722305,1,"Cxxc1","Cd74",0.2,0.04
-1.68129543908239,5.32375839867239,0.366108882722305,1,"Urm1","Cd74",0.2,0.04
-1.68129543908239,5.32375839867239,0.366108882722305,1,"Tubgcp4","Cd74",0.2,0.04
-1.68129543908239,5.32375839867239,0.366108882722305,1,"Diaph2","Cd74",0.2,0.04
-1.68129543908239,5.32375839867239,0.366108882722305,1,"Rsbn1","Cd74",0.2,0.04
-1.68129543908239,5.32375839867239,0.366108882722305,1,"Depdc1a","Cd74",0.2,0.04
-1.68129543908239,5.32375839867239,0.366108882722305,1,"Egln2","Cd74",0.2,0.04
-1.68129543908239,5.32375839867239,0.366108882722305,1,"Sipa1l3","Cd74",0.2,0.04
-1.68129543908239,5.32375839867239,0.366108882722305,1,"Mrps11","Cd74",0.2,0.04
-1.68129543908239,5.32375839867239,0.366108882722305,1,"Bckdk","Cd74",0.2,0.04
-1.68129543908239,5.32375839867239,0.366108882722305,1,"Mob2","Cd74",0.2,0.04
-1.68129543908239,5.32375839867239,0.366108882722305,1,"Palm","Cd74",0.2,0.04
-1.68129543908239,5.32375839867239,0.366108882722305,1,"Cd209a","Cd74",0.2,0.04
-1.68129543908239,5.32375839867239,0.366108882722305,1,"Kpna3","Cd74",0.2,0.04
-1.68129543908239,5.32375839867239,0.366108882722305,1,"Xpo7","Cd74",0.2,0.04
-1.68129543908239,5.32375839867239,0.366108882722305,1,"Prpsap2","Cd74",0.2,0.04
-1.68129543908239,5.32375839867239,0.366108882722305,1,"Atxn3","Cd74",0.2,0.04
-1.68129543908239,5.32375839867239,0.366108882722305,1,"Rbbp8","Cd74",0.2,0.04
-1.68129543908239,5.32375839867239,0.366108882722305,1,"Brms1","Cd74",0.2,0.04
-1.68129543908239,5.32375839867239,0.366108882722305,1,"Sdhaf2","Cd74",0.2,0.04
-1.68129543908239,5.32375839867239,0.366108882722305,1,"Arhgap19","Cd74",0.2,0.04
-1.63106549837728,5.28444252427856,0.366108882722305,1,"1500011K16Rik","Cd74",0.2,0.04
-1.63106549837728,5.28444252427856,0.366108882722305,1,"Cdc25b","Cd74",0.2,0.04
-1.63106549837728,5.28444252427856,0.366108882722305,1,"Tm9sf4","Cd74",0.2,0.04
-1.63106549837728,5.28444252427856,0.366108882722305,1,"Stau1","Cd74",0.2,0.04
-1.63106549837728,5.28444252427856,0.366108882722305,1,"Rlim","Cd74",0.2,0.04
-1.63106549837728,5.28444252427856,0.366108882722305,1,"Slc25a51","Cd74",0.2,0.04
-1.63106549837728,5.28444252427856,0.366108882722305,1,"Tmem51","Cd74",0.2,0.04
-1.63106549837728,5.28444252427856,0.366108882722305,1,"Hsd17b11","Cd74",0.2,0.04
-1.63106549837728,5.28444252427856,0.366108882722305,1,"Sart3","Cd74",0.2,0.04
-1.63106549837728,5.28444252427856,0.366108882722305,1,"Vkorc1l1","Cd74",0.2,0.04
-1.63106549837728,5.28444252427856,0.366108882722305,1,"Adap1","Cd74",0.2,0.04
-1.63106549837728,5.28444252427856,0.366108882722305,1,"Usp5","Cd74",0.2,0.04
-1.63106549837728,5.28444252427856,0.366108882722305,1,"Klrb1f","Cd74",0.2,0.04
-1.63106549837728,5.28444252427856,0.366108882722305,1,"Nccrp1","Cd74",0.2,0.04
-1.63106549837728,5.28444252427856,0.366108882722305,1,"Mesd","Cd74",0.2,0.04
-1.63106549837728,5.28444252427856,0.366108882722305,1,"Sgpl1","Cd74",0.2,0.04
-1.63106549837728,5.28444252427856,0.366108882722305,1,"Bora","Cd74",0.2,0.04
-1.63106549837728,5.28444252427856,0.366108882722305,1,"Zbtb44","Cd74",0.2,0.04
-1.63106549837728,5.28444252427856,0.366108882722305,1,"Exosc4","Cd74",0.2,0.04
-1.63106549837728,5.28444252427856,0.366108882722305,1,"Zfp263","Cd74",0.2,0.04
-1.63106549837728,5.28444252427856,0.366108882722305,1,"Lmf1","Cd74",0.2,0.04
-1.63106549837728,5.28444252427856,0.366108882722305,1,"Ndfip1","Cd74",0.2,0.04
1.23254510586622,4.94895597876795,0.366108882722305,1,"Ccne1","Cd74",0.2,0.04
1.23254510586622,4.94895597876795,0.366108882722305,1,"Wdr73","Cd74",0.2,0.04
1.23254510586622,4.94895597876795,0.366108882722305,1,"Qrsl1","Cd74",0.2,0.04
1.23254510586622,4.94895597876795,0.366108882722305,1,"Aars","Cd74",0.2,0.04
1.23254510586622,4.94895597876795,0.366108882722305,1,"Kri1","Cd74",0.2,0.04
1.23254510586622,4.94895597876795,0.366108882722305,1,"Utp6","Cd74",0.2,0.04
1.23254510586622,4.94895597876795,0.366108882722305,1,"Mrpl45","Cd74",0.2,0.04
1.23254510586622,4.94895597876795,0.366108882722305,1,"Cmpk2","Cd74",0.2,0.04
1.23254510586622,4.94895597876795,0.366108882722305,1,"Syne2","Cd74",0.2,0.04
1.23254510586622,4.94895597876795,0.366108882722305,1,"Zbtb11","Cd74",0.2,0.04
1.14076719634079,5.00455686833314,0.366108882722305,1,"Cd34","Cd74",0.2,0.04
1.14076719634079,5.00455686833314,0.366108882722305,1,"Zfp512","Cd74",0.2,0.04
1.14076719634079,5.00455686833314,0.366108882722305,1,"Tmem248","Cd74",0.2,0.04
1.14076719634079,5.00455686833314,0.366108882722305,1,"Parp11","Cd74",0.2,0.04
1.14076719634079,5.00455686833314,0.366108882722305,1,"Itgam","Cd74",0.2,0.04
1.14076719634079,5.00455686833314,0.366108882722305,1,"Ado","Cd74",0.2,0.04
1.14076719634079,5.00455686833314,0.366108882722305,1,"Pik3ip1","Cd74",0.2,0.04
1.14076719634079,5.00455686833314,0.366108882722305,1,"Erlec1","Cd74",0.2,0.04
1.14076719634079,5.00455686833314,0.366108882722305,1,"Pank3","Cd74",0.2,0.04
1.14076719634079,5.00455686833314,0.366108882722305,1,"Fkbp1b","Cd74",0.2,0.04
1.14076719634079,5.00455686833314,0.366108882722305,1,"Nudt14","Cd74",0.2,0.04
1.14076719634079,5.00455686833314,0.366108882722305,1,"Dexi","Cd74",0.2,0.04
1.14076719634079,5.00455686833314,0.366108882722305,1,"Osbpl11","Cd74",0.2,0.04
1.14076719634079,5.00455686833314,0.366108882722305,1,"App","Cd74",0.2,0.04
1.14076719634079,5.00455686833314,0.366108882722305,1,"Bach1","Cd74",0.2,0.04
1.14076719634079,5.00455686833314,0.366108882722305,1,"Map4k2","Cd74",0.2,0.04
1.05448022488183,5.05776011039962,0.366108882722305,1,"Pigk","Cd74",0.2,0.04
1.05448022488183,5.05776011039962,0.366108882722305,1,"Ctps","Cd74",0.2,0.04
1.05448022488183,5.05776011039962,0.366108882722305,1,"Kpna6","Cd74",0.2,0.04
1.05448022488183,5.05776011039962,0.366108882722305,1,"Brpf1","Cd74",0.2,0.04
1.05448022488183,5.05776011039962,0.366108882722305,1,"Zfp787","Cd74",0.2,0.04
1.05448022488183,5.05776011039962,0.366108882722305,1,"Trim30d","Cd74",0.2,0.04
1.05448022488183,5.05776011039962,0.366108882722305,1,"Mapkapk3","Cd74",0.2,0.04
1.05448022488183,5.05776011039962,0.366108882722305,1,"Fbxl20","Cd74",0.2,0.04
1.05448022488183,5.05776011039962,0.366108882722305,1,"Nedd9","Cd74",0.2,0.04
1.05448022488183,5.05776011039962,0.366108882722305,1,"Ndufaf7","Cd74",0.2,0.04
-0.388587227148132,11.2577555164434,0.367214271272114,1,"Rpl15","Cd74",0.2,0.04
0.509955611188964,7.7423076004466,0.367926715020658,1,"Srrm1","Cd74",0.2,0.04
0.678499545213967,6.6995648063607,0.368668152180149,1,"Commd3","Cd74",0.2,0.04
0.632125070323405,6.72872144263303,0.368668152180149,1,"Clk1","Cd74",0.2,0.04
-0.736544338599039,6.8446435805429,0.368668152180149,1,"Dnajc9","Cd74",0.2,0.04
-0.72028381525622,6.83255194482067,0.368668152180149,1,"Irf5","Cd74",0.2,0.04
-0.703837929403343,6.82033344768852,0.368668152180149,1,"Nop56","Cd74",0.2,0.04
-0.703837929403343,6.82033344768852,0.368668152180149,1,"Mcm5","Cd74",0.2,0.04
-0.476638850479831,8.70630031570135,0.369882075883984,1,"Aes","Cd74",0.2,0.04
-0.789987700600854,6.64471951081414,0.371638913172736,1,"Romo1","Cd74",0.2,0.04
-0.789987700600854,6.64471951081414,0.371638913172736,1,"Oat","Cd74",0.2,0.04
-0.789987700600854,6.64471951081414,0.371638913172736,1,"Tmem109","Cd74",0.2,0.04
-0.771183910345966,6.63057311655809,0.371638913172736,1,"Tpx2","Cd74",0.2,0.04
-0.771183910345966,6.63057311655809,0.371638913172736,1,"Morf4l2","Cd74",0.2,0.04
-0.771183910345966,6.63057311655809,0.371638913172736,1,"Huwe1","Cd74",0.2,0.04
-0.771183910345966,6.63057311655809,0.371638913172736,1,"Snrpa","Cd74",0.2,0.04
-0.752131795181122,6.61625392739596,0.371638913172736,1,"Yif1b","Cd74",0.2,0.04
-0.752131795181122,6.61625392739596,0.371638913172736,1,"Hpf1","Cd74",0.2,0.04
-0.382296813902051,11.4506691883694,0.371938595409662,1,"Rpl26","Cd74",0.2,0.04
-0.518006943311733,7.92173106675442,0.372671030385888,1,"Srsf9","Cd74",0.2,0.04
-0.376397362057622,11.8320814856042,0.37290065777244,1,"Rps4x","Cd74",0.2,0.04
0.68956938512184,6.23727425818473,0.374371519358052,1,"Nras","Cd74",0.2,0.04
0.68956938512184,6.23727425818473,0.374371519358052,1,"Srsf4","Cd74",0.2,0.04
0.68956938512184,6.23727425818473,0.374371519358052,1,"Csnk2a2","Cd74",0.2,0.04
0.68956938512184,6.23727425818473,0.374371519358052,1,"Acly","Cd74",0.2,0.04
-0.866458344460139,6.41185984924932,0.374371519358052,1,"Rbmxl1","Cd74",0.2,0.04
-0.866458344460139,6.41185984924932,0.374371519358052,1,"Snapc5","Cd74",0.2,0.04
-0.866458344460139,6.41185984924932,0.374371519358052,1,"Dap","Cd74",0.2,0.04
-0.866458344460139,6.41185984924932,0.374371519358052,1,"Bbip1","Cd74",0.2,0.04
-0.844168192689753,6.39488581065557,0.374371519358052,1,"Rad50","Cd74",0.2,0.04
-0.821528238503003,6.37766476236223,0.374371519358052,1,"Eif3j1","Cd74",0.2,0.04
-0.821528238503003,6.37766476236223,0.374371519358052,1,"AC160336.1","Cd74",0.2,0.04
-0.821528238503003,6.37766476236223,0.374371519358052,1,"Milr1","Cd74",0.2,0.04
-0.821528238503003,6.37766476236223,0.374371519358052,1,"Kdm2a","Cd74",0.2,0.04
-0.679380689610725,7.18495747122315,0.374591191852543,1,"Drap1","Cd74",0.2,0.04
-0.666694754757345,7.17571380891096,0.374591191852543,1,"Spag9","Cd74",0.2,0.04
0.60025576318458,7.09753530781742,0.374591191852543,1,"Ccdc34","Cd74",0.2,0.04
0.60025576318458,7.09753530781742,0.374591191852543,1,"Ndufv3","Cd74",0.2,0.04
0.565584224517676,7.11879117108145,0.374591191852543,1,"Psmc4","Cd74",0.2,0.04
-1.19551544124988,5.7854069415583,0.375259826420189,1,"Slc25a12","Cd74",0.2,0.04
-1.19551544124988,5.7854069415583,0.375259826420189,1,"Scarb1","Cd74",0.2,0.04
-1.19551544124988,5.7854069415583,0.375259826420189,1,"Zfp800","Cd74",0.2,0.04
-1.19551544124988,5.7854069415583,0.375259826420189,1,"Ric8a","Cd74",0.2,0.04
-1.19551544124988,5.7854069415583,0.375259826420189,1,"Reep3","Cd74",0.2,0.04
-1.19551544124988,5.7854069415583,0.375259826420189,1,"Prim1","Cd74",0.2,0.04
-1.19551544124988,5.7854069415583,0.375259826420189,1,"Ap1m1","Cd74",0.2,0.04
-1.19551544124988,5.7854069415583,0.375259826420189,1,"Coa6","Cd74",0.2,0.04
-1.16008812134063,5.75780751158972,0.375259826420189,1,"Sdhc","Cd74",0.2,0.04
-1.16008812134063,5.75780751158972,0.375259826420189,1,"Ccng2","Cd74",0.2,0.04
-1.16008812134063,5.75780751158972,0.375259826420189,1,"Ahcyl2","Cd74",0.2,0.04
-1.16008812134063,5.75780751158972,0.375259826420189,1,"Sgta","Cd74",0.2,0.04
-1.16008812134063,5.75780751158972,0.375259826420189,1,"Gmip","Cd74",0.2,0.04
-1.16008812134063,5.75780751158972,0.375259826420189,1,"Mzt1","Cd74",0.2,0.04
-1.16008812134063,5.75780751158972,0.375259826420189,1,"Ap1b1","Cd74",0.2,0.04
-1.16008812134063,5.75780751158972,0.375259826420189,1,"Gxylt1","Cd74",0.2,0.04
0.867387798746382,5.93452536531278,0.37618002215316,1,"Pnkd","Cd74",0.2,0.04
0.867387798746382,5.93452536531278,0.37618002215316,1,"Ubac2","Cd74",0.2,0.04
0.867387798746382,5.93452536531278,0.37618002215316,1,"Rel","Cd74",0.2,0.04
0.867387798746382,5.93452536531278,0.37618002215316,1,"Taok1","Cd74",0.2,0.04
0.867387798746382,5.93452536531278,0.37618002215316,1,"Gpr141","Cd74",0.2,0.04
0.82583829367589,5.96118912512966,0.37618002215316,1,"Mysm1","Cd74",0.2,0.04
0.82583829367589,5.96118912512966,0.37618002215316,1,"Lap3","Cd74",0.2,0.04
0.82583829367589,5.96118912512966,0.37618002215316,1,"Nfkbib","Cd74",0.2,0.04
0.82583829367589,5.96118912512966,0.37618002215316,1,"Cyb5r3","Cd74",0.2,0.04
0.82583829367589,5.96118912512966,0.37618002215316,1,"Tomm70a","Cd74",0.2,0.04
0.82583829367589,5.96118912512966,0.37618002215316,1,"Ankhd1","Cd74",0.2,0.04
-0.985155909925437,6.13300796035205,0.37618002215316,1,"Zfp106","Cd74",0.2,0.04
-0.985155909925437,6.13300796035205,0.37618002215316,1,"Ppp6r1","Cd74",0.2,0.04
-0.985155909925437,6.13300796035205,0.37618002215316,1,"Hikeshi","Cd74",0.2,0.04
-0.985155909925437,6.13300796035205,0.37618002215316,1,"Sar1a","Cd74",0.2,0.04
-0.985155909925437,6.13300796035205,0.37618002215316,1,"Setd3","Cd74",0.2,0.04
-0.985155909925437,6.13300796035205,0.37618002215316,1,"Ppil2","Cd74",0.2,0.04
-0.985155909925437,6.13300796035205,0.37618002215316,1,"Sipa1","Cd74",0.2,0.04
-0.957792305070823,6.11191631192608,0.37618002215316,1,"Gatm","Cd74",0.2,0.04
-0.957792305070823,6.11191631192608,0.37618002215316,1,"Ppih","Cd74",0.2,0.04
-0.957792305070823,6.11191631192608,0.37618002215316,1,"Swap70","Cd74",0.2,0.04
-0.929899643787803,6.0904470871902,0.37618002215316,1,"Fam107b","Cd74",0.2,0.04
-0.929899643787803,6.0904470871902,0.37618002215316,1,"Yipf1","Cd74",0.2,0.04
-0.929899643787803,6.0904470871902,0.37618002215316,1,"Ociad1","Cd74",0.2,0.04
-0.929899643787803,6.0904470871902,0.37618002215316,1,"Pan3","Cd74",0.2,0.04
-0.929899643787803,6.0904470871902,0.37618002215316,1,"Ruvbl1","Cd74",0.2,0.04
-0.929899643787803,6.0904470871902,0.37618002215316,1,"Nup62","Cd74",0.2,0.04
-0.929899643787803,6.0904470871902,0.37618002215316,1,"Cs","Cd74",0.2,0.04
-0.929899643787803,6.0904470871902,0.37618002215316,1,"Tusc3","Cd74",0.2,0.04
-0.929899643787803,6.0904470871902,0.37618002215316,1,"Orc6","Cd74",0.2,0.04
-0.929899643787803,6.0904470871902,0.37618002215316,1,"Ghitm","Cd74",0.2,0.04
-0.929899643787803,6.0904470871902,0.37618002215316,1,"Vezf1","Cd74",0.2,0.04
-0.929899643787803,6.0904470871902,0.37618002215316,1,"Mrpl13","Cd74",0.2,0.04
-0.929899643787803,6.0904470871902,0.37618002215316,1,"Atf1","Cd74",0.2,0.04
-0.929899643787803,6.0904470871902,0.37618002215316,1,"Dynlt1f","Cd74",0.2,0.04
-0.929899643787803,6.0904470871902,0.37618002215316,1,"Ppil1","Cd74",0.2,0.04
-0.387289362923141,10.7588360470961,0.376498322231076,1,"Rpl36","Cd74",0.2,0.04
0.537851224192896,7.41777544635702,0.37749775323949,1,"Hspa4","Cd74",0.2,0.04
-0.725290179196453,7.04060581253849,0.378521118894881,1,"Fut7","Cd74",0.2,0.04
-0.711245784700045,7.03025853150131,0.378521118894881,1,"Arhgef1","Cd74",0.2,0.04
-0.547873651804939,7.94227828180326,0.379881699405091,1,"Cct8","Cd74",0.2,0.04
-0.496811995514993,8.43514159914835,0.3807207829619,1,"Park7","Cd74",0.2,0.04
-0.369540371314497,11.992878466183,0.381117258488132,1,"Rps27a","Cd74",0.2,0.04
-0.547681945987625,7.63761939885072,0.38274529678191,1,"Cnih4","Cd74",0.2,0.04
-0.768525688856584,6.86845676412447,0.38288015763059,1,"Nsmce1","Cd74",0.2,0.04
-0.768525688856584,6.86845676412447,0.38288015763059,1,"Kif11","Cd74",0.2,0.04
-0.563566842513781,7.85880252079793,0.383307427002626,1,"Rbm25","Cd74",0.2,0.04
-0.476251869292105,8.21864048048035,0.383499917822774,1,"Ywhaq","Cd74",0.2,0.04
-0.388153294267037,10.3007671026637,0.385378538100466,1,"Naca","Cd74",0.2,0.04
-0.491473366756809,8.1542752984069,0.38665757303498,1,"Pdia3","Cd74",0.2,0.04
-0.557632797327044,7.52642150932066,0.386886448533081,1,"Mapre1","Cd74",0.2,0.04
-0.547594851853914,7.51933204136269,0.386886448533081,1,"Timm13","Cd74",0.2,0.04
-0.547594851853914,7.51933204136269,0.386886448533081,1,"Twf2","Cd74",0.2,0.04
-0.547594851853914,7.51933204136269,0.386886448533081,1,"Usmg5","Cd74",0.2,0.04
0.690126917412998,6.55495925743072,0.387679730788051,1,"Cnot6l","Cd74",0.2,0.04
0.664236542973171,6.57138767142784,0.387679730788051,1,"Irf9","Cd74",0.2,0.04
1.54336405280753,4.41610069180842,0.388527115232798,1,"Tsc1","Cd74",0.2,0.04
1.54336405280753,4.41610069180842,0.388527115232798,1,"Mrpl47","Cd74",0.2,0.04
1.54336405280753,4.41610069180842,0.388527115232798,1,"Ift80","Cd74",0.2,0.04
1.54336405280753,4.41610069180842,0.388527115232798,1,"Daglb","Cd74",0.2,0.04
1.54336405280753,4.41610069180842,0.388527115232798,1,"Fadd","Cd74",0.2,0.04
1.54336405280753,4.41610069180842,0.388527115232798,1,"Pip4k2c","Cd74",0.2,0.04
1.54336405280753,4.41610069180842,0.388527115232798,1,"Cyp4v3","Cd74",0.2,0.04
1.54336405280753,4.41610069180842,0.388527115232798,1,"Cdadc1","Cd74",0.2,0.04
1.54336405280753,4.41610069180842,0.388527115232798,1,"4931406C07Rik","Cd74",0.2,0.04
1.54336405280753,4.41610069180842,0.388527115232798,1,"Trip4","Cd74",0.2,0.04
1.54336405280753,4.41610069180842,0.388527115232798,1,"Pus10","Cd74",0.2,0.04
1.54336405280753,4.41610069180842,0.388527115232798,1,"Coil","Cd74",0.2,0.04
1.54336405280753,4.41610069180842,0.388527115232798,1,"Jdp2","Cd74",0.2,0.04
1.54336405280753,4.41610069180842,0.388527115232798,1,"Fbxo4","Cd74",0.2,0.04
1.54336405280753,4.41610069180842,0.388527115232798,1,"Gtpbp8","Cd74",0.2,0.04
1.54336405280753,4.41610069180842,0.388527115232798,1,"Abhd10","Cd74",0.2,0.04
1.54336405280753,4.41610069180842,0.388527115232798,1,"Fam234a","Cd74",0.2,0.04
1.54336405280753,4.41610069180842,0.388527115232798,1,"Prr3","Cd74",0.2,0.04
1.39487968005543,4.49751447032529,0.388527115232798,1,"Tmem185b","Cd74",0.2,0.04
1.39487968005543,4.49751447032529,0.388527115232798,1,"Dusp2","Cd74",0.2,0.04
1.39487968005543,4.49751447032529,0.388527115232798,1,"Zdhhc9","Cd74",0.2,0.04
1.39487968005543,4.49751447032529,0.388527115232798,1,"Stk26","Cd74",0.2,0.04
1.39487968005543,4.49751447032529,0.388527115232798,1,"Zmym3","Cd74",0.2,0.04
1.39487968005543,4.49751447032529,0.388527115232798,1,"Jakmip1","Cd74",0.2,0.04
1.39487968005543,4.49751447032529,0.388527115232798,1,"Hoxa7","Cd74",0.2,0.04
1.39487968005543,4.49751447032529,0.388527115232798,1,"Necap1","Cd74",0.2,0.04
1.39487968005543,4.49751447032529,0.388527115232798,1,"Ppp1r37","Cd74",0.2,0.04
1.39487968005543,4.49751447032529,0.388527115232798,1,"Unc45a","Cd74",0.2,0.04
1.39487968005543,4.49751447032529,0.388527115232798,1,"Sigirr","Cd74",0.2,0.04
1.39487968005543,4.49751447032529,0.388527115232798,1,"Ipmk","Cd74",0.2,0.04
1.39487968005543,4.49751447032529,0.388527115232798,1,"Cenpj","Cd74",0.2,0.04
1.39487968005543,4.49751447032529,0.388527115232798,1,"Usp32","Cd74",0.2,0.04
1.39487968005543,4.49751447032529,0.388527115232798,1,"Arl4a","Cd74",0.2,0.04
1.39487968005543,4.49751447032529,0.388527115232798,1,"H2-Q6","Cd74",0.2,0.04
1.39487968005543,4.49751447032529,0.388527115232798,1,"Zbtb14","Cd74",0.2,0.04
1.39487968005543,4.49751447032529,0.388527115232798,1,"Elp2","Cd74",0.2,0.04
1.26026150671504,4.57404950390693,0.388527115232798,1,"Rev1","Cd74",0.2,0.04
1.26026150671504,4.57404950390693,0.388527115232798,1,"Rabif","Cd74",0.2,0.04
1.26026150671504,4.57404950390693,0.388527115232798,1,"Nup188","Cd74",0.2,0.04
1.26026150671504,4.57404950390693,0.388527115232798,1,"Ube2h","Cd74",0.2,0.04
1.26026150671504,4.57404950390693,0.388527115232798,1,"Iffo1","Cd74",0.2,0.04
1.26026150671504,4.57404950390693,0.388527115232798,1,"Recql","Cd74",0.2,0.04
1.26026150671504,4.57404950390693,0.388527115232798,1,"Mark4","Cd74",0.2,0.04
1.26026150671504,4.57404950390693,0.388527115232798,1,"Man1a","Cd74",0.2,0.04
1.26026150671504,4.57404950390693,0.388527115232798,1,"Supv3l1","Cd74",0.2,0.04
1.26026150671504,4.57404950390693,0.388527115232798,1,"Pan2","Cd74",0.2,0.04
1.26026150671504,4.57404950390693,0.388527115232798,1,"Mmaa","Cd74",0.2,0.04
1.26026150671504,4.57404950390693,0.388527115232798,1,"Rnf135","Cd74",0.2,0.04
1.26026150671504,4.57404950390693,0.388527115232798,1,"Vipas39","Cd74",0.2,0.04
1.26026150671504,4.57404950390693,0.388527115232798,1,"Crkl","Cd74",0.2,0.04
1.26026150671504,4.57404950390693,0.388527115232798,1,"Svil","Cd74",0.2,0.04
1.26026150671504,4.57404950390693,0.388527115232798,1,"Pggt1b","Cd74",0.2,0.04
1.26026150671504,4.57404950390693,0.388527115232798,1,"Rps6kb2","Cd74",0.2,0.04
1.26026150671504,4.57404950390693,0.388527115232798,1,"Sfxn2","Cd74",0.2,0.04
-0.360586574168591,12.2779283997173,0.390715303842659,1,"Rps11","Cd74",0.2,0.04
0.602853858997434,6.98838569943686,0.390866330637995,1,"Mrpl24","Cd74",0.2,0.04
0.602853858997434,6.98838569943686,0.390866330637995,1,"Stap1","Cd74",0.2,0.04
-0.569478961790798,7.40575367650396,0.391537978856847,1,"Lsm5","Cd74",0.2,0.04
0.550824705794958,7.32174410100366,0.391537978856847,1,"Itgb1","Cd74",0.2,0.04
-0.498587793807389,7.9970021777371,0.393897407301758,1,"Mpp6","Cd74",0.2,0.04
-0.498587793807389,7.9970021777371,0.393897407301758,1,"Psma2","Cd74",0.2,0.04
-0.595769827873912,7.28243075875817,0.396797830708001,1,"Ndufa12","Cd74",0.2,0.04
-0.595769827873912,7.28243075875817,0.396797830708001,1,"Arid4a","Cd74",0.2,0.04
-0.510442646574456,7.91653670964748,0.398074716448026,1,"Eif3i","Cd74",0.2,0.04
-0.510442646574456,7.91653670964748,0.398074716448026,1,"Sf3b2","Cd74",0.2,0.04
0.746165526171033,6.01272970157126,0.398137575224092,1,"Rad23b","Cd74",0.2,0.04
0.746165526171033,6.01272970157126,0.398137575224092,1,"Map7d1","Cd74",0.2,0.04
0.746165526171033,6.01272970157126,0.398137575224092,1,"Fam172a","Cd74",0.2,0.04
0.707920585311177,6.03765786824414,0.398137575224092,1,"Sgk1","Cd74",0.2,0.04
0.707920585311177,6.03765786824414,0.398137575224092,1,"Slc43a2","Cd74",0.2,0.04
0.707920585311177,6.03765786824414,0.398137575224092,1,"Mrpl27","Cd74",0.2,0.04
0.707920585311177,6.03765786824414,0.398137575224092,1,"Gfer","Cd74",0.2,0.04
-5.76555511782578,4.26421879909392,0.398816130225675,1,"Tgfbrap1","Cd74",0.2,0.04
-5.76555511782578,4.26421879909392,0.398816130225675,1,"Carf","Cd74",0.2,0.04
-5.76555511782578,4.26421879909392,0.398816130225675,1,"Dnajc24","Cd74",0.2,0.04
-5.76555511782578,4.26421879909392,0.398816130225675,1,"Ivd","Cd74",0.2,0.04
-5.76555511782578,4.26421879909392,0.398816130225675,1,"Mgme1","Cd74",0.2,0.04
-5.76555511782578,4.26421879909392,0.398816130225675,1,"Cd93","Cd74",0.2,0.04
-5.76555511782578,4.26421879909392,0.398816130225675,1,"Rap2c","Cd74",0.2,0.04
-5.76555511782578,4.26421879909392,0.398816130225675,1,"Amer1","Cd74",0.2,0.04
-5.76555511782578,4.26421879909392,0.398816130225675,1,"Rapgef2","Cd74",0.2,0.04
-5.76555511782578,4.26421879909392,0.398816130225675,1,"Tmem64","Cd74",0.2,0.04
-5.76555511782578,4.26421879909392,0.398816130225675,1,"3110043O21Rik","Cd74",0.2,0.04
-5.76555511782578,4.26421879909392,0.398816130225675,1,"Il11ra1","Cd74",0.2,0.04
-5.76555511782578,4.26421879909392,0.398816130225675,1,"Trmo","Cd74",0.2,0.04
-5.76555511782578,4.26421879909392,0.398816130225675,1,"Mtap","Cd74",0.2,0.04
-5.76555511782578,4.26421879909392,0.398816130225675,1,"Ago3","Cd74",0.2,0.04
-5.76555511782578,4.26421879909392,0.398816130225675,1,"Aunip","Cd74",0.2,0.04
-5.76555511782578,4.26421879909392,0.398816130225675,1,"Nipal3","Cd74",0.2,0.04
-5.76555511782578,4.26421879909392,0.398816130225675,1,"Gm26825","Cd74",0.2,0.04
-5.76555511782578,4.26421879909392,0.398816130225675,1,"Chpf2","Cd74",0.2,0.04
-5.76555511782578,4.26421879909392,0.398816130225675,1,"Tnip2","Cd74",0.2,0.04
-5.76555511782578,4.26421879909392,0.398816130225675,1,"Anxa3","Cd74",0.2,0.04
-5.76555511782578,4.26421879909392,0.398816130225675,1,"Wdfy3","Cd74",0.2,0.04
-5.76555511782578,4.26421879909392,0.398816130225675,1,"Rabgef1","Cd74",0.2,0.04
-5.76555511782578,4.26421879909392,0.398816130225675,1,"Ift22","Cd74",0.2,0.04
-5.76555511782578,4.26421879909392,0.398816130225675,1,"Lrch4","Cd74",0.2,0.04
-5.76555511782578,4.26421879909392,0.398816130225675,1,"Bpgm","Cd74",0.2,0.04
-5.76555511782578,4.26421879909392,0.398816130225675,1,"Eif2ak3","Cd74",0.2,0.04
-5.76555511782578,4.26421879909392,0.398816130225675,1,"Hmces","Cd74",0.2,0.04
-5.76555511782578,4.26421879909392,0.398816130225675,1,"Ulbp1","Cd74",0.2,0.04
-5.76555511782578,4.26421879909392,0.398816130225675,1,"Slc25a16","Cd74",0.2,0.04
-5.76555511782578,4.26421879909392,0.398816130225675,1,"Prss57","Cd74",0.2,0.04
-5.76555511782578,4.26421879909392,0.398816130225675,1,"Pcid2","Cd74",0.2,0.04
-5.76555511782578,4.26421879909392,0.398816130225675,1,"Mon1b","Cd74",0.2,0.04
-5.76555511782578,4.26421879909392,0.398816130225675,1,"Exoc8","Cd74",0.2,0.04
-5.76555511782578,4.26421879909392,0.398816130225675,1,"Ndst2","Cd74",0.2,0.04
-5.76555511782578,4.26421879909392,0.398816130225675,1,"Sfmbt1","Cd74",0.2,0.04
-5.76555511782578,4.26421879909392,0.398816130225675,1,"Ltb4r1","Cd74",0.2,0.04
-5.76555511782578,4.26421879909392,0.398816130225675,1,"Rpl36a-ps1","Cd74",0.2,0.04
-5.76555511782578,4.26421879909392,0.398816130225675,1,"Jrkl","Cd74",0.2,0.04
-5.76555511782578,4.26421879909392,0.398816130225675,1,"1700017B05Rik","Cd74",0.2,0.04
-5.76555511782578,4.26421879909392,0.398816130225675,1,"Oaz2","Cd74",0.2,0.04
-5.76555511782578,4.26421879909392,0.398816130225675,1,"Alas1","Cd74",0.2,0.04
-5.76555511782578,4.26421879909392,0.398816130225675,1,"Ulk2","Cd74",0.2,0.04
-5.76555511782578,4.26421879909392,0.398816130225675,1,"Cenpv","Cd74",0.2,0.04
-5.76555511782578,4.26421879909392,0.398816130225675,1,"Dvl2","Cd74",0.2,0.04
-5.76555511782578,4.26421879909392,0.398816130225675,1,"Nlk","Cd74",0.2,0.04
-5.76555511782578,4.26421879909392,0.398816130225675,1,"Retreg3","Cd74",0.2,0.04
-5.76555511782578,4.26421879909392,0.398816130225675,1,"Brca1","Cd74",0.2,0.04
-5.76555511782578,4.26421879909392,0.398816130225675,1,"Slc25a10","Cd74",0.2,0.04
-5.76555511782578,4.26421879909392,0.398816130225675,1,"Heatr1","Cd74",0.2,0.04
-5.76555511782578,4.26421879909392,0.398816130225675,1,"A530099J19Rik","Cd74",0.2,0.04
-5.76555511782578,4.26421879909392,0.398816130225675,1,"Hist1h2af","Cd74",0.2,0.04
-5.76555511782578,4.26421879909392,0.398816130225675,1,"Hist1h2bf","Cd74",0.2,0.04
-5.76555511782578,4.26421879909392,0.398816130225675,1,"Hist1h2bb","Cd74",0.2,0.04
-5.76555511782578,4.26421879909392,0.398816130225675,1,"Gtf2h2","Cd74",0.2,0.04
-5.76555511782578,4.26421879909392,0.398816130225675,1,"Il31ra","Cd74",0.2,0.04
-5.76555511782578,4.26421879909392,0.398816130225675,1,"Stk3","Cd74",0.2,0.04
-5.76555511782578,4.26421879909392,0.398816130225675,1,"Trappc9","Cd74",0.2,0.04
-5.76555511782578,4.26421879909392,0.398816130225675,1,"Ccdc134","Cd74",0.2,0.04
-5.76555511782578,4.26421879909392,0.398816130225675,1,"Chkb","Cd74",0.2,0.04
-5.76555511782578,4.26421879909392,0.398816130225675,1,"Mkl2","Cd74",0.2,0.04
-5.76555511782578,4.26421879909392,0.398816130225675,1,"Psmg1","Cd74",0.2,0.04
-5.76555511782578,4.26421879909392,0.398816130225675,1,"Narfl","Cd74",0.2,0.04
-5.76555511782578,4.26421879909392,0.398816130225675,1,"Fance","Cd74",0.2,0.04
-5.76555511782578,4.26421879909392,0.398816130225675,1,"Mib1","Cd74",0.2,0.04
-5.76555511782578,4.26421879909392,0.398816130225675,1,"Mzb1","Cd74",0.2,0.04
-5.76555511782578,4.26421879909392,0.398816130225675,1,"Smim3","Cd74",0.2,0.04
-5.76555511782578,4.26421879909392,0.398816130225675,1,"Klc2","Cd74",0.2,0.04
-5.76555511782578,4.26421879909392,0.398816130225675,1,"Patl1","Cd74",0.2,0.04
-5.76555511782578,4.26421879909392,0.398816130225675,1,"Ffar4","Cd74",0.2,0.04
-5.76555511782578,4.26421879909392,0.398816130225675,1,"Mfsd13a","Cd74",0.2,0.04
-5.64243311038167,4.17561960362571,0.398816130225675,1,"Kdelc1","Cd74",0.2,0.04
-5.64243311038167,4.17561960362571,0.398816130225675,1,"Akt3","Cd74",0.2,0.04
-5.64243311038167,4.17561960362571,0.398816130225675,1,"Gpatch2","Cd74",0.2,0.04
-5.64243311038167,4.17561960362571,0.398816130225675,1,"Sapcd2","Cd74",0.2,0.04
-5.64243311038167,4.17561960362571,0.398816130225675,1,"Surf6","Cd74",0.2,0.04
-5.64243311038167,4.17561960362571,0.398816130225675,1,"Med22","Cd74",0.2,0.04
-5.64243311038167,4.17561960362571,0.398816130225675,1,"Fam129b","Cd74",0.2,0.04
-5.64243311038167,4.17561960362571,0.398816130225675,1,"Traf1","Cd74",0.2,0.04
-5.64243311038167,4.17561960362571,0.398816130225675,1,"Zbtb6","Cd74",0.2,0.04
-5.64243311038167,4.17561960362571,0.398816130225675,1,"Rmdn3","Cd74",0.2,0.04
-5.64243311038167,4.17561960362571,0.398816130225675,1,"Vps39","Cd74",0.2,0.04
-5.64243311038167,4.17561960362571,0.398816130225675,1,"Zscan29","Cd74",0.2,0.04
-5.64243311038167,4.17561960362571,0.398816130225675,1,"Tasp1","Cd74",0.2,0.04
-5.64243311038167,4.17561960362571,0.398816130225675,1,"Dsn1","Cd74",0.2,0.04
-5.64243311038167,4.17561960362571,0.398816130225675,1,"Mmp9","Cd74",0.2,0.04
-5.64243311038167,4.17561960362571,0.398816130225675,1,"Slc9a8","Cd74",0.2,0.04
-5.64243311038167,4.17561960362571,0.398816130225675,1,"Osbpl2","Cd74",0.2,0.04
-5.64243311038167,4.17561960362571,0.398816130225675,1,"Cul4b","Cd74",0.2,0.04
-5.64243311038167,4.17561960362571,0.398816130225675,1,"Pls3","Cd74",0.2,0.04
-5.64243311038167,4.17561960362571,0.398816130225675,1,"Abcb7","Cd74",0.2,0.04
-5.64243311038167,4.17561960362571,0.398816130225675,1,"Gprasp1","Cd74",0.2,0.04
-5.64243311038167,4.17561960362571,0.398816130225675,1,"Tdrkh","Cd74",0.2,0.04
-5.64243311038167,4.17561960362571,0.398816130225675,1,"Zfp687","Cd74",0.2,0.04
-5.64243311038167,4.17561960362571,0.398816130225675,1,"Acp6","Cd74",0.2,0.04
-5.64243311038167,4.17561960362571,0.398816130225675,1,"Ampd2","Cd74",0.2,0.04
-5.64243311038167,4.17561960362571,0.398816130225675,1,"Alg14","Cd74",0.2,0.04
-5.64243311038167,4.17561960362571,0.398816130225675,1,"Elovl6","Cd74",0.2,0.04
-5.64243311038167,4.17561960362571,0.398816130225675,1,"Fam206a","Cd74",0.2,0.04
-5.64243311038167,4.17561960362571,0.398816130225675,1,"Tle1","Cd74",0.2,0.04
-5.64243311038167,4.17561960362571,0.398816130225675,1,"AU022252","Cd74",0.2,0.04
-5.64243311038167,4.17561960362571,0.398816130225675,1,"Mtf1","Cd74",0.2,0.04
-5.64243311038167,4.17561960362571,0.398816130225675,1,"Eya3","Cd74",0.2,0.04
-5.64243311038167,4.17561960362571,0.398816130225675,1,"Dffa","Cd74",0.2,0.04
-5.64243311038167,4.17561960362571,0.398816130225675,1,"Pank4","Cd74",0.2,0.04
-5.64243311038167,4.17561960362571,0.398816130225675,1,"Slc35e2","Cd74",0.2,0.04
-5.64243311038167,4.17561960362571,0.398816130225675,1,"9430015G10Rik","Cd74",0.2,0.04
-5.64243311038167,4.17561960362571,0.398816130225675,1,"Wdr86","Cd74",0.2,0.04
-5.64243311038167,4.17561960362571,0.398816130225675,1,"Tmem129","Cd74",0.2,0.04
-5.64243311038167,4.17561960362571,0.398816130225675,1,"Arap2","Cd74",0.2,0.04
-5.64243311038167,4.17561960362571,0.398816130225675,1,"Gnpda2","Cd74",0.2,0.04
-5.64243311038167,4.17561960362571,0.398816130225675,1,"Ddx51","Cd74",0.2,0.04
-5.64243311038167,4.17561960362571,0.398816130225675,1,"Ogfod2","Cd74",0.2,0.04
-5.64243311038167,4.17561960362571,0.398816130225675,1,"Slc25a13","Cd74",0.2,0.04
-5.64243311038167,4.17561960362571,0.398816130225675,1,"Avl9","Cd74",0.2,0.04
-5.64243311038167,4.17561960362571,0.398816130225675,1,"Zfp110","Cd74",0.2,0.04
-5.64243311038167,4.17561960362571,0.398816130225675,1,"Zbtb45","Cd74",0.2,0.04
-5.64243311038167,4.17561960362571,0.398816130225675,1,"Mosmo","Cd74",0.2,0.04
-5.64243311038167,4.17561960362571,0.398816130225675,1,"Mthfd1l","Cd74",0.2,0.04
-5.64243311038167,4.17561960362571,0.398816130225675,1,"Dnajb12","Cd74",0.2,0.04
-5.64243311038167,4.17561960362571,0.398816130225675,1,"Brf2","Cd74",0.2,0.04
-5.64243311038167,4.17561960362571,0.398816130225675,1,"Tmem161a","Cd74",0.2,0.04
-5.64243311038167,4.17561960362571,0.398816130225675,1,"Fut11","Cd74",0.2,0.04
-5.64243311038167,4.17561960362571,0.398816130225675,1,"Oxnad1","Cd74",0.2,0.04
-5.64243311038167,4.17561960362571,0.398816130225675,1,"Tpm3-rs7","Cd74",0.2,0.04
-5.64243311038167,4.17561960362571,0.398816130225675,1,"Zw10","Cd74",0.2,0.04
-5.64243311038167,4.17561960362571,0.398816130225675,1,"Zwilch","Cd74",0.2,0.04
-5.64243311038167,4.17561960362571,0.398816130225675,1,"Mtfmt","Cd74",0.2,0.04
-5.64243311038167,4.17561960362571,0.398816130225675,1,"Rwdd2a","Cd74",0.2,0.04
-5.64243311038167,4.17561960362571,0.398816130225675,1,"Mthfs","Cd74",0.2,0.04
-5.64243311038167,4.17561960362571,0.398816130225675,1,"Rnf215","Cd74",0.2,0.04
-5.64243311038167,4.17561960362571,0.398816130225675,1,"Nf2","Cd74",0.2,0.04
-5.64243311038167,4.17561960362571,0.398816130225675,1,"Thg1l","Cd74",0.2,0.04
-5.64243311038167,4.17561960362571,0.398816130225675,1,"B3galnt2","Cd74",0.2,0.04
-5.64243311038167,4.17561960362571,0.398816130225675,1,"Ftl1-ps1","Cd74",0.2,0.04
-5.64243311038167,4.17561960362571,0.398816130225675,1,"Atg10","Cd74",0.2,0.04
-5.64243311038167,4.17561960362571,0.398816130225675,1,"Jmy","Cd74",0.2,0.04
-5.64243311038167,4.17561960362571,0.398816130225675,1,"Togaram1","Cd74",0.2,0.04
-5.64243311038167,4.17561960362571,0.398816130225675,1,"Cox16","Cd74",0.2,0.04
-5.64243311038167,4.17561960362571,0.398816130225675,1,"Rida","Cd74",0.2,0.04
-5.64243311038167,4.17561960362571,0.398816130225675,1,"Sgsm3","Cd74",0.2,0.04
-5.64243311038167,4.17561960362571,0.398816130225675,1,"Snx29","Cd74",0.2,0.04
-5.64243311038167,4.17561960362571,0.398816130225675,1,"Dgcr14","Cd74",0.2,0.04
-5.64243311038167,4.17561960362571,0.398816130225675,1,"Slc35a5","Cd74",0.2,0.04
-5.64243311038167,4.17561960362571,0.398816130225675,1,"Dzip3","Cd74",0.2,0.04
-5.64243311038167,4.17561960362571,0.398816130225675,1,"Ermard","Cd74",0.2,0.04
-5.64243311038167,4.17561960362571,0.398816130225675,1,"Zfp53","Cd74",0.2,0.04
-5.64243311038167,4.17561960362571,0.398816130225675,1,"Trip10","Cd74",0.2,0.04
-5.64243311038167,4.17561960362571,0.398816130225675,1,"Strn","Cd74",0.2,0.04
-5.64243311038167,4.17561960362571,0.398816130225675,1,"2700062C07Rik","Cd74",0.2,0.04
-5.64243311038167,4.17561960362571,0.398816130225675,1,"Fbxo38","Cd74",0.2,0.04
-5.64243311038167,4.17561960362571,0.398816130225675,1,"Fam210a","Cd74",0.2,0.04
-5.64243311038167,4.17561960362571,0.398816130225675,1,"4930503L19Rik","Cd74",0.2,0.04
-5.64243311038167,4.17561960362571,0.398816130225675,1,"Gm6563","Cd74",0.2,0.04
-5.64243311038167,4.17561960362571,0.398816130225675,1,"Rpl9-ps6","Cd74",0.2,0.04
-5.50781493704128,4.08067328114741,0.398816130225675,1,"Nemp2","Cd74",0.2,0.04
-5.50781493704128,4.08067328114741,0.398816130225675,1,"Adam23","Cd74",0.2,0.04
-5.50781493704128,4.08067328114741,0.398816130225675,1,"Pigc","Cd74",0.2,0.04
-5.50781493704128,4.08067328114741,0.398816130225675,1,"Pdss1","Cd74",0.2,0.04
-5.50781493704128,4.08067328114741,0.398816130225675,1,"Coq4","Cd74",0.2,0.04
-5.50781493704128,4.08067328114741,0.398816130225675,1,"Zbtb34","Cd74",0.2,0.04
-5.50781493704128,4.08067328114741,0.398816130225675,1,"Pdk1","Cd74",0.2,0.04
-5.50781493704128,4.08067328114741,0.398816130225675,1,"Slc35c1","Cd74",0.2,0.04
-5.50781493704128,4.08067328114741,0.398816130225675,1,"Haus2","Cd74",0.2,0.04
-5.50781493704128,4.08067328114741,0.398816130225675,1,"Gins1","Cd74",0.2,0.04
-5.50781493704128,4.08067328114741,0.398816130225675,1,"Rpgr","Cd74",0.2,0.04
-5.50781493704128,4.08067328114741,0.398816130225675,1,"Efnb1","Cd74",0.2,0.04
-5.50781493704128,4.08067328114741,0.398816130225675,1,"Gnl3l","Cd74",0.2,0.04
-5.50781493704128,4.08067328114741,0.398816130225675,1,"Car2","Cd74",0.2,0.04
-5.50781493704128,4.08067328114741,0.398816130225675,1,"Rab33b","Cd74",0.2,0.04
-5.50781493704128,4.08067328114741,0.398816130225675,1,"Rfx5","Cd74",0.2,0.04
-5.50781493704128,4.08067328114741,0.398816130225675,1,"Ssx2ip","Cd74",0.2,0.04
-5.50781493704128,4.08067328114741,0.398816130225675,1,"Ints8","Cd74",0.2,0.04
-5.50781493704128,4.08067328114741,0.398816130225675,1,"Coq3","Cd74",0.2,0.04
-5.50781493704128,4.08067328114741,0.398816130225675,1,"Gne","Cd74",0.2,0.04
-5.50781493704128,4.08067328114741,0.398816130225675,1,"Aldh1b1","Cd74",0.2,0.04
-5.50781493704128,4.08067328114741,0.398816130225675,1,"Pde4b","Cd74",0.2,0.04
-5.50781493704128,4.08067328114741,0.398816130225675,1,"Btf3l4","Cd74",0.2,0.04
-5.50781493704128,4.08067328114741,0.398816130225675,1,"Zbtb8a","Cd74",0.2,0.04
-5.50781493704128,4.08067328114741,0.398816130225675,1,"Gm13012","Cd74",0.2,0.04
-5.50781493704128,4.08067328114741,0.398816130225675,1,"Gpr157","Cd74",0.2,0.04
-5.50781493704128,4.08067328114741,0.398816130225675,1,"Dffb","Cd74",0.2,0.04
-5.50781493704128,4.08067328114741,0.398816130225675,1,"Fbxw8","Cd74",0.2,0.04
-5.50781493704128,4.08067328114741,0.398816130225675,1,"Mrm2","Cd74",0.2,0.04
-5.50781493704128,4.08067328114741,0.398816130225675,1,"Pms2","Cd74",0.2,0.04
-5.50781493704128,4.08067328114741,0.398816130225675,1,"Pot1a","Cd74",0.2,0.04
-5.50781493704128,4.08067328114741,0.398816130225675,1,"Lancl2","Cd74",0.2,0.04
-5.50781493704128,4.08067328114741,0.398816130225675,1,"Mkrn2","Cd74",0.2,0.04
-5.50781493704128,4.08067328114741,0.398816130225675,1,"Mical3","Cd74",0.2,0.04
-5.50781493704128,4.08067328114741,0.398816130225675,1,"Atn1","Cd74",0.2,0.04
-5.50781493704128,4.08067328114741,0.398816130225675,1,"Spsb2","Cd74",0.2,0.04
-5.50781493704128,4.08067328114741,0.398816130225675,1,"D6Wsu163e","Cd74",0.2,0.04
-5.50781493704128,4.08067328114741,0.398816130225675,1,"Erf","Cd74",0.2,0.04
-5.50781493704128,4.08067328114741,0.398816130225675,1,"Dhdh","Cd74",0.2,0.04
-5.50781493704128,4.08067328114741,0.398816130225675,1,"2900076A07Rik","Cd74",0.2,0.04
-5.50781493704128,4.08067328114741,0.398816130225675,1,"Trim30b","Cd74",0.2,0.04
-5.50781493704128,4.08067328114741,0.398816130225675,1,"Ppfibp2","Cd74",0.2,0.04
-5.50781493704128,4.08067328114741,0.398816130225675,1,"2310057M21Rik","Cd74",0.2,0.04
-5.50781493704128,4.08067328114741,0.398816130225675,1,"Map3k5","Cd74",0.2,0.04
-5.50781493704128,4.08067328114741,0.398816130225675,1,"Tet1","Cd74",0.2,0.04
-5.50781493704128,4.08067328114741,0.398816130225675,1,"Klf16","Cd74",0.2,0.04
-5.50781493704128,4.08067328114741,0.398816130225675,1,"Fbxo7","Cd74",0.2,0.04
-5.50781493704128,4.08067328114741,0.398816130225675,1,"Cdk17","Cd74",0.2,0.04
-5.50781493704128,4.08067328114741,0.398816130225675,1,"Atp23","Cd74",0.2,0.04
-5.50781493704128,4.08067328114741,0.398816130225675,1,"Fcor","Cd74",0.2,0.04
-5.50781493704128,4.08067328114741,0.398816130225675,1,"Tmco3","Cd74",0.2,0.04
-5.50781493704128,4.08067328114741,0.398816130225675,1,"Adam9","Cd74",0.2,0.04
-5.50781493704128,4.08067328114741,0.398816130225675,1,"Dnase1l3","Cd74",0.2,0.04
-5.50781493704128,4.08067328114741,0.398816130225675,1,"Ccar2","Cd74",0.2,0.04
-5.50781493704128,4.08067328114741,0.398816130225675,1,"Pde4a","Cd74",0.2,0.04
-5.50781493704128,4.08067328114741,0.398816130225675,1,"Qtrt1","Cd74",0.2,0.04
-5.50781493704128,4.08067328114741,0.398816130225675,1,"Chek1","Cd74",0.2,0.04
-5.50781493704128,4.08067328114741,0.398816130225675,1,"Stoml1","Cd74",0.2,0.04
-5.50781493704128,4.08067328114741,0.398816130225675,1,"Nprl2","Cd74",0.2,0.04
-5.50781493704128,4.08067328114741,0.398816130225675,1,"Nme6","Cd74",0.2,0.04
-5.50781493704128,4.08067328114741,0.398816130225675,1,"Zkscan17","Cd74",0.2,0.04
-5.50781493704128,4.08067328114741,0.398816130225675,1,"Elac2","Cd74",0.2,0.04
-5.50781493704128,4.08067328114741,0.398816130225675,1,"Hoxb4","Cd74",0.2,0.04
-5.50781493704128,4.08067328114741,0.398816130225675,1,"Cdc6","Cd74",0.2,0.04
-5.50781493704128,4.08067328114741,0.398816130225675,1,"Cdc42ep4","Cd74",0.2,0.04
-5.50781493704128,4.08067328114741,0.398816130225675,1,"Acox1","Cd74",0.2,0.04
-5.50781493704128,4.08067328114741,0.398816130225675,1,"Rfng","Cd74",0.2,0.04
-5.50781493704128,4.08067328114741,0.398816130225675,1,"Hist1h2bm","Cd74",0.2,0.04
-5.50781493704128,4.08067328114741,0.398816130225675,1,"Hist1h3a","Cd74",0.2,0.04
-5.50781493704128,4.08067328114741,0.398816130225675,1,"Dapk1","Cd74",0.2,0.04
-5.50781493704128,4.08067328114741,0.398816130225675,1,"Arrdc3","Cd74",0.2,0.04
-5.50781493704128,4.08067328114741,0.398816130225675,1,"Gapt","Cd74",0.2,0.04
-5.50781493704128,4.08067328114741,0.398816130225675,1,"Wdcp","Cd74",0.2,0.04
-5.50781493704128,4.08067328114741,0.398816130225675,1,"Adck1","Cd74",0.2,0.04
-5.50781493704128,4.08067328114741,0.398816130225675,1,"Tecpr2","Cd74",0.2,0.04
-5.50781493704128,4.08067328114741,0.398816130225675,1,"Ly6g","Cd74",0.2,0.04
-5.50781493704128,4.08067328114741,0.398816130225675,1,"Clec16a","Cd74",0.2,0.04
-5.50781493704128,4.08067328114741,0.398816130225675,1,"Cblb","Cd74",0.2,0.04
-5.50781493704128,4.08067328114741,0.398816130225675,1,"Zbtb11os1","Cd74",0.2,0.04
-5.50781493704128,4.08067328114741,0.398816130225675,1,"Zfp944","Cd74",0.2,0.04
-5.50781493704128,4.08067328114741,0.398816130225675,1,"Mdc1","Cd74",0.2,0.04
-5.50781493704128,4.08067328114741,0.398816130225675,1,"Arhgap12","Cd74",0.2,0.04
-5.50781493704128,4.08067328114741,0.398816130225675,1,"Slc39a6","Cd74",0.2,0.04
-5.50781493704128,4.08067328114741,0.398816130225675,1,"Wdr36","Cd74",0.2,0.04
-5.50781493704128,4.08067328114741,0.398816130225675,1,"Wdr55","Cd74",0.2,0.04
-5.50781493704128,4.08067328114741,0.398816130225675,1,"Ric1","Cd74",0.2,0.04
-5.50781493704128,4.08067328114741,0.398816130225675,1,"Sh3pxd2a","Cd74",0.2,0.04
-5.50781493704128,4.08067328114741,0.398816130225675,1,"Fam45a","Cd74",0.2,0.04
2.48075015438667,3.57555561636157,0.398816130225675,1,"Mgat4a","Cd74",0.2,0.04
2.48075015438667,3.57555561636157,0.398816130225675,1,"Gm10138","Cd74",0.2,0.04
2.48075015438667,3.57555561636157,0.398816130225675,1,"Rem1","Cd74",0.2,0.04
2.48075015438667,3.57555561636157,0.398816130225675,1,"Renbp","Cd74",0.2,0.04
2.48075015438667,3.57555561636157,0.398816130225675,1,"Ikbkg","Cd74",0.2,0.04
2.48075015438667,3.57555561636157,0.398816130225675,1,"Fcrl1","Cd74",0.2,0.04
2.48075015438667,3.57555561636157,0.398816130225675,1,"Mex3a","Cd74",0.2,0.04
2.48075015438667,3.57555561636157,0.398816130225675,1,"Fpgt","Cd74",0.2,0.04
2.48075015438667,3.57555561636157,0.398816130225675,1,"Itgb3bp","Cd74",0.2,0.04
2.48075015438667,3.57555561636157,0.398816130225675,1,"Slc35d1","Cd74",0.2,0.04
2.48075015438667,3.57555561636157,0.398816130225675,1,"Skint3","Cd74",0.2,0.04
2.48075015438667,3.57555561636157,0.398816130225675,1,"Agbl3","Cd74",0.2,0.04
2.48075015438667,3.57555561636157,0.398816130225675,1,"Zfp235","Cd74",0.2,0.04
2.48075015438667,3.57555561636157,0.398816130225675,1,"Wdr62","Cd74",0.2,0.04
2.48075015438667,3.57555561636157,0.398816130225675,1,"Dpy19l3","Cd74",0.2,0.04
2.48075015438667,3.57555561636157,0.398816130225675,1,"Gga2","Cd74",0.2,0.04
2.48075015438667,3.57555561636157,0.398816130225675,1,"Ipcef1","Cd74",0.2,0.04
2.48075015438667,3.57555561636157,0.398816130225675,1,"Appl2","Cd74",0.2,0.04
2.48075015438667,3.57555561636157,0.398816130225675,1,"Adat1","Cd74",0.2,0.04
2.48075015438667,3.57555561636157,0.398816130225675,1,"Zcchc24","Cd74",0.2,0.04
2.48075015438667,3.57555561636157,0.398816130225675,1,"Gpr137c","Cd74",0.2,0.04
2.48075015438667,3.57555561636157,0.398816130225675,1,"Sdr39u1","Cd74",0.2,0.04
2.48075015438667,3.57555561636157,0.398816130225675,1,"Spa17","Cd74",0.2,0.04
2.48075015438667,3.57555561636157,0.398816130225675,1,"Nlrx1","Cd74",0.2,0.04
2.48075015438667,3.57555561636157,0.398816130225675,1,"Aste1","Cd74",0.2,0.04
2.48075015438667,3.57555561636157,0.398816130225675,1,"Pdlim4","Cd74",0.2,0.04
2.48075015438667,3.57555561636157,0.398816130225675,1,"Smyd4","Cd74",0.2,0.04
2.48075015438667,3.57555561636157,0.398816130225675,1,"Tubd1","Cd74",0.2,0.04
2.48075015438667,3.57555561636157,0.398816130225675,1,"Rhob","Cd74",0.2,0.04
2.48075015438667,3.57555561636157,0.398816130225675,1,"Rad51b","Cd74",0.2,0.04
2.48075015438667,3.57555561636157,0.398816130225675,1,"Cbx7","Cd74",0.2,0.04
2.48075015438667,3.57555561636157,0.398816130225675,1,"Tef","Cd74",0.2,0.04
2.48075015438667,3.57555561636157,0.398816130225675,1,"Arsa","Cd74",0.2,0.04
2.48075015438667,3.57555561636157,0.398816130225675,1,"Fmnl3","Cd74",0.2,0.04
2.48075015438667,3.57555561636157,0.398816130225675,1,"3110001I22Rik","Cd74",0.2,0.04
2.48075015438667,3.57555561636157,0.398816130225675,1,"Nfkbiz","Cd74",0.2,0.04
2.48075015438667,3.57555561636157,0.398816130225675,1,"Igf2r","Cd74",0.2,0.04
2.48075015438667,3.57555561636157,0.398816130225675,1,"Tnfrsf12a","Cd74",0.2,0.04
2.48075015438667,3.57555561636157,0.398816130225675,1,"Slc15a3","Cd74",0.2,0.04
2.48075015438667,3.57555561636157,0.398816130225675,1,"Fbxl15","Cd74",0.2,0.04
2.09106788706862,3.72125020285283,0.398816130225675,1,"Ccdc93","Cd74",0.2,0.04
2.09106788706862,3.72125020285283,0.398816130225675,1,"Cry2","Cd74",0.2,0.04
2.09106788706862,3.72125020285283,0.398816130225675,1,"Cd40","Cd74",0.2,0.04
2.09106788706862,3.72125020285283,0.398816130225675,1,"Zfp64","Cd74",0.2,0.04
2.09106788706862,3.72125020285283,0.398816130225675,1,"Rtel1","Cd74",0.2,0.04
2.09106788706862,3.72125020285283,0.398816130225675,1,"Siah1b","Cd74",0.2,0.04
2.09106788706862,3.72125020285283,0.398816130225675,1,"Galnt12","Cd74",0.2,0.04
2.09106788706862,3.72125020285283,0.398816130225675,1,"Med18","Cd74",0.2,0.04
2.09106788706862,3.72125020285283,0.398816130225675,1,"Emilin1","Cd74",0.2,0.04
2.09106788706862,3.72125020285283,0.398816130225675,1,"Fosl2","Cd74",0.2,0.04
2.09106788706862,3.72125020285283,0.398816130225675,1,"Hvcn1","Cd74",0.2,0.04
2.09106788706862,3.72125020285283,0.398816130225675,1,"Sdhaf3","Cd74",0.2,0.04
2.09106788706862,3.72125020285283,0.398816130225675,1,"Qpctl","Cd74",0.2,0.04
2.09106788706862,3.72125020285283,0.398816130225675,1,"Zfp607a","Cd74",0.2,0.04
2.09106788706862,3.72125020285283,0.398816130225675,1,"Zfp143","Cd74",0.2,0.04
2.09106788706862,3.72125020285283,0.398816130225675,1,"Glce","Cd74",0.2,0.04
2.09106788706862,3.72125020285283,0.398816130225675,1,"Spred2","Cd74",0.2,0.04
2.09106788706862,3.72125020285283,0.398816130225675,1,"Papolg","Cd74",0.2,0.04
2.09106788706862,3.72125020285283,0.398816130225675,1,"Pld2","Cd74",0.2,0.04
2.09106788706862,3.72125020285283,0.398816130225675,1,"Baiap2","Cd74",0.2,0.04
2.09106788706862,3.72125020285283,0.398816130225675,1,"Galc","Cd74",0.2,0.04
2.09106788706862,3.72125020285283,0.398816130225675,1,"Lifr","Cd74",0.2,0.04
2.09106788706862,3.72125020285283,0.398816130225675,1,"Angpt1","Cd74",0.2,0.04
2.09106788706862,3.72125020285283,0.398816130225675,1,"Wrb","Cd74",0.2,0.04
2.09106788706862,3.72125020285283,0.398816130225675,1,"Zfp945","Cd74",0.2,0.04
2.09106788706862,3.72125020285283,0.398816130225675,1,"Unkl","Cd74",0.2,0.04
2.09106788706862,3.72125020285283,0.398816130225675,1,"Ubtd1","Cd74",0.2,0.04
1.78456962147194,3.85258163913711,0.398816130225675,1,"Taf1a","Cd74",0.2,0.04
1.78456962147194,3.85258163913711,0.398816130225675,1,"Dusp10","Cd74",0.2,0.04
1.78456962147194,3.85258163913711,0.398816130225675,1,"Fam78a","Cd74",0.2,0.04
1.78456962147194,3.85258163913711,0.398816130225675,1,"Cd302","Cd74",0.2,0.04
1.78456962147194,3.85258163913711,0.398816130225675,1,"Ldlrad3","Cd74",0.2,0.04
1.78456962147194,3.85258163913711,0.398816130225675,1,"Elp4","Cd74",0.2,0.04
1.78456962147194,3.85258163913711,0.398816130225675,1,"Arl14ep","Cd74",0.2,0.04
1.78456962147194,3.85258163913711,0.398816130225675,1,"Ahcy","Cd74",0.2,0.04
1.78456962147194,3.85258163913711,0.398816130225675,1,"Mocs3","Cd74",0.2,0.04
1.78456962147194,3.85258163913711,0.398816130225675,1,"Mgst2","Cd74",0.2,0.04
1.78456962147194,3.85258163913711,0.398816130225675,1,"Ccne2","Cd74",0.2,0.04
1.78456962147194,3.85258163913711,0.398816130225675,1,"Trim32","Cd74",0.2,0.04
1.78456962147194,3.85258163913711,0.398816130225675,1,"Alg6","Cd74",0.2,0.04
1.78456962147194,3.85258163913711,0.398816130225675,1,"Dph2","Cd74",0.2,0.04
1.78456962147194,3.85258163913711,0.398816130225675,1,"Zfp992","Cd74",0.2,0.04
1.78456962147194,3.85258163913711,0.398816130225675,1,"Zfp513","Cd74",0.2,0.04
1.78456962147194,3.85258163913711,0.398816130225675,1,"Zkscan14","Cd74",0.2,0.04
1.78456962147194,3.85258163913711,0.398816130225675,1,"Inafm1","Cd74",0.2,0.04
1.78456962147194,3.85258163913711,0.398816130225675,1,"Rnf122","Cd74",0.2,0.04
1.78456962147194,3.85258163913711,0.398816130225675,1,"Dpep2","Cd74",0.2,0.04
1.78456962147194,3.85258163913711,0.398816130225675,1,"Ipo4","Cd74",0.2,0.04
1.78456962147194,3.85258163913711,0.398816130225675,1,"Gpr180","Cd74",0.2,0.04
1.78456962147194,3.85258163913711,0.398816130225675,1,"Msantd4","Cd74",0.2,0.04
1.78456962147194,3.85258163913711,0.398816130225675,1,"Hyal1","Cd74",0.2,0.04
1.78456962147194,3.85258163913711,0.398816130225675,1,"0610010F05Rik","Cd74",0.2,0.04
1.78456962147194,3.85258163913711,0.398816130225675,1,"Acaca","Cd74",0.2,0.04
1.78456962147194,3.85258163913711,0.398816130225675,1,"Jup","Cd74",0.2,0.04
1.78456962147194,3.85258163913711,0.398816130225675,1,"Tmem106a","Cd74",0.2,0.04
1.78456962147194,3.85258163913711,0.398816130225675,1,"D11Wsu47e","Cd74",0.2,0.04
1.78456962147194,3.85258163913711,0.398816130225675,1,"Pcnx4","Cd74",0.2,0.04
1.78456962147194,3.85258163913711,0.398816130225675,1,"Pmm1","Cd74",0.2,0.04
1.78456962147194,3.85258163913711,0.398816130225675,1,"Guca1a","Cd74",0.2,0.04
1.78456962147194,3.85258163913711,0.398816130225675,1,"Tgif1","Cd74",0.2,0.04
1.78456962147194,3.85258163913711,0.398816130225675,1,"Emilin2","Cd74",0.2,0.04
1.78456962147194,3.85258163913711,0.398816130225675,1,"Rom1","Cd74",0.2,0.04
-0.405160615116957,9.46784666535079,0.399178512565759,1,"Alox5ap","Cd74",0.2,0.04
-0.416578644503559,9.10847862410237,0.399429675234111,1,"Ndufa4","Cd74",0.2,0.04
-0.39856499510663,9.60376881551665,0.399869444403525,1,"Gnb2","Cd74",0.2,0.04
0.469389292630489,7.96046951194988,0.400707315909797,1,"Eif4h","Cd74",0.2,0.04
0.923940005687717,5.68370129645948,0.402638814235118,1,"Fam110a","Cd74",0.2,0.04
0.923940005687717,5.68370129645948,0.402638814235118,1,"Tvp23b","Cd74",0.2,0.04
0.923940005687717,5.68370129645948,0.402638814235118,1,"Wbp2","Cd74",0.2,0.04
0.923940005687717,5.68370129645948,0.402638814235118,1,"Acvrl1","Cd74",0.2,0.04
-0.614805188567641,7.13798185190653,0.402789298136974,1,"Slc25a11","Cd74",0.2,0.04
-0.60153584865848,7.12835307523383,0.402789298136974,1,"Sept9","Cd74",0.2,0.04
-0.60153584865848,7.12835307523383,0.402789298136974,1,"Matr3","Cd74",0.2,0.04
0.513501345202365,7.51551416040696,0.404956969683878,1,"G3bp2","Cd74",0.2,0.04
-0.631038197688719,7.30782510611757,0.407394576977298,1,"Inpp5d","Cd74",0.2,0.04
-0.631038197688719,7.30782510611757,0.407394576977298,1,"1110008F13Rik","Cd74",0.2,0.04
-0.631038197688719,7.30782510611757,0.407394576977298,1,"Dnajb11","Cd74",0.2,0.04
0.534036716652738,7.2381730330236,0.407394576977298,1,"Tram1","Cd74",0.2,0.04
0.51847766089635,7.24768106901215,0.407394576977298,1,"Rab21","Cd74",0.2,0.04
-0.465620787828613,8.1368526106272,0.409240171342957,1,"Ndufb9","Cd74",0.2,0.04
-0.638896750388284,6.97709026591274,0.409668664615798,1,"Tap2","Cd74",0.2,0.04
0.585490903795697,6.88345879455064,0.409668664615798,1,"Nadk","Cd74",0.2,0.04
0.675444641941306,6.41356065209073,0.4103559557269,1,"Yme1l1","Cd74",0.2,0.04
0.675444641941306,6.41356065209073,0.4103559557269,1,"Neil3","Cd74",0.2,0.04
-0.449023031768506,8.40348179536337,0.413502669549228,1,"Snrpd1","Cd74",0.2,0.04
0.419096961857903,8.36175280374226,0.413502669549228,1,"Vamp8","Cd74",0.2,0.04
-0.361087464908313,10.497350566199,0.413519128244675,1,"Oaz1","Cd74",0.2,0.04
-0.519708259307119,7.61802684788102,0.413651289823849,1,"Snrnp70","Cd74",0.2,0.04
-0.510261849882976,7.61142112636802,0.413651289823849,1,"BC035044","Cd74",0.2,0.04
-0.510261849882976,7.61142112636802,0.413651289823849,1,"Tmed3","Cd74",0.2,0.04
-0.467504624918898,8.0593061586634,0.413943741646028,1,"Limd2","Cd74",0.2,0.04
-0.405949079496208,9.063287822545,0.414561175657759,1,"Cox5a","Cd74",0.2,0.04
-0.389048839840356,9.51555434427739,0.414698385721752,1,"Rpl31","Cd74",0.2,0.04
-0.687202406166746,6.80798536001127,0.4176344672555,1,"Cdc26","Cd74",0.2,0.04
-0.687202406166746,6.80798536001127,0.4176344672555,1,"Ywhag","Cd74",0.2,0.04
-0.670372821063719,6.79550486429832,0.4176344672555,1,"Psmd14","Cd74",0.2,0.04
-0.670372821063719,6.79550486429832,0.4176344672555,1,"Zcchc6","Cd74",0.2,0.04
-0.653344592938812,6.78288905087693,0.4176344672555,1,"Rab32","Cd74",0.2,0.04
-0.44977296095303,8.33946244570854,0.417738155513896,1,"Selenow","Cd74",0.2,0.04
-0.537486574993146,7.51219861241797,0.420188230984707,1,"Nme1","Cd74",0.2,0.04
0.525969199519849,6.92089507915731,0.422293767964602,1,"Celf1","Cd74",0.2,0.04
0.525969199519849,6.92089507915731,0.422293767964602,1,"Nisch","Cd74",0.2,0.04
-0.369796727487022,9.93942468032041,0.423019924552829,1,"Stmn1","Cd74",0.2,0.04
-0.487508839286939,7.90081196785597,0.424872380369429,1,"Naga","Cd74",0.2,0.04
0.548555996392769,7.12926513672936,0.425433348655554,1,"Pold4","Cd74",0.2,0.04
0.531726411289742,7.13963917132515,0.425433348655554,1,"Eif6","Cd74",0.2,0.04
0.531726411289742,7.13963917132515,0.425433348655554,1,"Srpk1","Cd74",0.2,0.04
0.531726411289742,7.13963917132515,0.425433348655554,1,"Runx2","Cd74",0.2,0.04
-0.732824708419743,6.60175764137096,0.42693642860378,1,"Rtcb","Cd74",0.2,0.04
-0.713255732892569,6.58707979551219,0.42693642860378,1,"Mrpl54","Cd74",0.2,0.04
-0.713255732892569,6.58707979551219,0.42693642860378,1,"Naa50","Cd74",0.2,0.04
-0.693417666069459,6.5722157577667,0.42693642860378,1,"Plek","Cd74",0.2,0.04
0.619109401051527,6.44985635638392,0.42693642860378,1,"Cnot3","Cd74",0.2,0.04
0.619109401051527,6.44985635638392,0.42693642860378,1,"Ypel3","Cd74",0.2,0.04
0.591745796196912,6.4675721515833,0.42693642860378,1,"Topbp1","Cd74",0.2,0.04
0.591745796196912,6.4675721515833,0.42693642860378,1,"Wac","Cd74",0.2,0.04
-0.445254935132472,8.1978872155803,0.427370183873837,1,"Sf3b1","Cd74",0.2,0.04
-0.547490375888125,7.39010369584034,0.427631798277179,1,"Ndufab1","Cd74",0.2,0.04
-0.536369116724845,7.38219811072554,0.427631798277179,1,"Pafah1b1","Cd74",0.2,0.04
-0.525161461017436,7.37423776659495,0.427631798277179,1,"Abhd17a","Cd74",0.2,0.04
-0.395710493661032,9.05682912639815,0.427705002077239,1,"Reep5","Cd74",0.2,0.04
-0.392281420764494,9.05466851571064,0.427705002077239,1,"Cmtm7","Cd74",0.2,0.04
0.825170286201968,5.74728993387807,0.427714020552826,1,"Fabp5","Cd74",0.2,0.04
0.825170286201968,5.74728993387807,0.427714020552826,1,"Ubr4","Cd74",0.2,0.04
0.825170286201968,5.74728993387807,0.427714020552826,1,"Gpn1","Cd74",0.2,0.04
0.825170286201968,5.74728993387807,0.427714020552826,1,"Klhl5","Cd74",0.2,0.04
0.825170286201968,5.74728993387807,0.427714020552826,1,"Rcbtb2","Cd74",0.2,0.04
0.825170286201968,5.74728993387807,0.427714020552826,1,"Casp1","Cd74",0.2,0.04
0.825170286201968,5.74728993387807,0.427714020552826,1,"Mindy2","Cd74",0.2,0.04
0.825170286201968,5.74728993387807,0.427714020552826,1,"Usp19","Cd74",0.2,0.04
0.825170286201968,5.74728993387807,0.427714020552826,1,"Ccr5","Cd74",0.2,0.04
0.825170286201968,5.74728993387807,0.427714020552826,1,"Yae1d1","Cd74",0.2,0.04
0.825170286201968,5.74728993387807,0.427714020552826,1,"Larp4","Cd74",0.2,0.04
0.778210619503928,5.77783365845213,0.427714020552826,1,"Lrwd1","Cd74",0.2,0.04
0.778210619503928,5.77783365845213,0.427714020552826,1,"Kmt5b","Cd74",0.2,0.04
0.732731425367804,5.80759940502454,0.427714020552826,1,"Ubp1","Cd74",0.2,0.04
-0.337748117126865,11.4468589612712,0.428792588272645,1,"Rpl18","Cd74",0.2,0.04
-0.394626739713128,9.01658069475154,0.430946463076684,1,"Lcp1","Cd74",0.2,0.04
-0.339433380105437,11.2037526263896,0.431222721235818,1,"Rps21","Cd74",0.2,0.04
-0.47474500379781,7.79743710341625,0.431271613871001,1,"Snu13","Cd74",0.2,0.04
0.609485116136655,6.74301503142054,0.431624842991313,1,"Rfc1","Cd74",0.2,0.04
0.609485116136655,6.74301503142054,0.431624842991313,1,"Zfp638","Cd74",0.2,0.04
0.587194964366269,6.75712542081286,0.431624842991313,1,"Mcrip1","Cd74",0.2,0.04
-0.445922719984813,8.12361165838626,0.432877982433309,1,"Psmd8","Cd74",0.2,0.04
-0.400448461297988,8.80417971215111,0.434272329485358,1,"Atp5a1","Cd74",0.2,0.04
-0.386417970322711,9.26789640567614,0.434422983378353,1,"Ucp2","Cd74",0.2,0.04
-0.559617630130001,7.25646423778335,0.43618628593426,1,"Capza1","Cd74",0.2,0.04
-0.559617630130001,7.25646423778335,0.43618628593426,1,"Spn","Cd74",0.2,0.04
-0.559617630130001,7.25646423778335,0.43618628593426,1,"Mrpl28","Cd74",0.2,0.04
-0.547362737815261,7.24767692189689,0.43618628593426,1,"P4hb","Cd74",0.2,0.04
-0.798527327626971,6.36018942193082,0.437875061184897,1,"Dctn2","Cd74",0.2,0.04
-0.775153763612441,6.34245218421319,0.437875061184897,1,"Ptpra","Cd74",0.2,0.04
-0.775153763612441,6.34245218421319,0.437875061184897,1,"Commd7","Cd74",0.2,0.04
-0.775153763612441,6.34245218421319,0.437875061184897,1,"Zcchc11","Cd74",0.2,0.04
-0.775153763612441,6.34245218421319,0.437875061184897,1,"Suz12","Cd74",0.2,0.04
-0.775153763612441,6.34245218421319,0.437875061184897,1,"Ap3b1","Cd74",0.2,0.04
-0.751395272116267,6.32444510216583,0.437875061184897,1,"Pdcl3","Cd74",0.2,0.04
-0.751395272116267,6.32444510216583,0.437875061184897,1,"Hsd17b12","Cd74",0.2,0.04
-0.751395272116267,6.32444510216583,0.437875061184897,1,"Ogfr","Cd74",0.2,0.04
-0.751395272116267,6.32444510216583,0.437875061184897,1,"Tacc3","Cd74",0.2,0.04
-0.751395272116267,6.32444510216583,0.437875061184897,1,"Gars","Cd74",0.2,0.04
-0.751395272116267,6.32444510216583,0.437875061184897,1,"Kdm5a","Cd74",0.2,0.04
-0.751395272116267,6.32444510216583,0.437875061184897,1,"Cmas","Cd74",0.2,0.04
-0.751395272116267,6.32444510216583,0.437875061184897,1,"Med21","Cd74",0.2,0.04
-0.751395272116267,6.32444510216583,0.437875061184897,1,"Calhm2","Cd74",0.2,0.04
0.722565778604071,6.21592649640759,0.437875061184897,1,"Chd8","Cd74",0.2,0.04
0.722565778604071,6.21592649640759,0.437875061184897,1,"Zc3h13","Cd74",0.2,0.04
0.722565778604071,6.21592649640759,0.437875061184897,1,"Stk10","Cd74",0.2,0.04
-0.495674898473287,7.71048225536275,0.438445698914658,1,"Bsg","Cd74",0.2,0.04
-0.486809007551114,7.7043355178458,0.438445698914658,1,"Pnisr","Cd74",0.2,0.04
-1.34976738733924,5.06700796844257,0.439101014633991,1,"Bmpr2","Cd74",0.2,0.04
-1.34976738733924,5.06700796844257,0.439101014633991,1,"Atp2b4","Cd74",0.2,0.04
-1.34976738733924,5.06700796844257,0.439101014633991,1,"Timm10","Cd74",0.2,0.04
-1.34976738733924,5.06700796844257,0.439101014633991,1,"Slc12a6","Cd74",0.2,0.04
-1.34976738733924,5.06700796844257,0.439101014633991,1,"Phf20","Cd74",0.2,0.04
-1.34976738733924,5.06700796844257,0.439101014633991,1,"1810030O07Rik","Cd74",0.2,0.04
-1.34976738733924,5.06700796844257,0.439101014633991,1,"Isg20l2","Cd74",0.2,0.04
-1.34976738733924,5.06700796844257,0.439101014633991,1,"Smim8","Cd74",0.2,0.04
-1.34976738733924,5.06700796844257,0.439101014633991,1,"Mob3b","Cd74",0.2,0.04
-1.34976738733924,5.06700796844257,0.439101014633991,1,"Dhdds","Cd74",0.2,0.04
-1.34976738733924,5.06700796844257,0.439101014633991,1,"Paxip1","Cd74",0.2,0.04
-1.34976738733924,5.06700796844257,0.439101014633991,1,"Tbc1d14","Cd74",0.2,0.04
-1.34976738733924,5.06700796844257,0.439101014633991,1,"Zfp511","Cd74",0.2,0.04
-1.34976738733924,5.06700796844257,0.439101014633991,1,"Sirt3","Cd74",0.2,0.04
-1.34976738733924,5.06700796844257,0.439101014633991,1,"Tmem263","Cd74",0.2,0.04
-1.34976738733924,5.06700796844257,0.439101014633991,1,"Cdc16","Cd74",0.2,0.04
-1.34976738733924,5.06700796844257,0.439101014633991,1,"Cfap97","Cd74",0.2,0.04
-1.34976738733924,5.06700796844257,0.439101014633991,1,"Ccdc82","Cd74",0.2,0.04
-1.34976738733924,5.06700796844257,0.439101014633991,1,"Aaed1","Cd74",0.2,0.04
-1.34976738733924,5.06700796844257,0.439101014633991,1,"Map4k5","Cd74",0.2,0.04
-1.34976738733924,5.06700796844257,0.439101014633991,1,"Plekhg3","Cd74",0.2,0.04
-1.34976738733924,5.06700796844257,0.439101014633991,1,"Ptgr2","Cd74",0.2,0.04
-1.34976738733924,5.06700796844257,0.439101014633991,1,"Gpaa1","Cd74",0.2,0.04
-1.34976738733924,5.06700796844257,0.439101014633991,1,"Gramd4","Cd74",0.2,0.04
-1.34976738733924,5.06700796844257,0.439101014633991,1,"Nagpa","Cd74",0.2,0.04
-1.34976738733924,5.06700796844257,0.439101014633991,1,"Adamts10","Cd74",0.2,0.04
-1.34976738733924,5.06700796844257,0.439101014633991,1,"Ppm1b","Cd74",0.2,0.04
-1.34976738733924,5.06700796844257,0.439101014633991,1,"Slc25a28","Cd74",0.2,0.04
-1.28627141563786,5.01864078388309,0.439101014633991,1,"Tfe3","Cd74",0.2,0.04
-1.28627141563786,5.01864078388309,0.439101014633991,1,"Urod","Cd74",0.2,0.04
-1.28627141563786,5.01864078388309,0.439101014633991,1,"Scmh1","Cd74",0.2,0.04
-1.28627141563786,5.01864078388309,0.439101014633991,1,"Pink1","Cd74",0.2,0.04
-1.28627141563786,5.01864078388309,0.439101014633991,1,"Prkag2","Cd74",0.2,0.04
-1.28627141563786,5.01864078388309,0.439101014633991,1,"Pgm1","Cd74",0.2,0.04
-1.28627141563786,5.01864078388309,0.439101014633991,1,"Golga3","Cd74",0.2,0.04
-1.28627141563786,5.01864078388309,0.439101014633991,1,"Brap","Cd74",0.2,0.04
-1.28627141563786,5.01864078388309,0.439101014633991,1,"Asl","Cd74",0.2,0.04
-1.28627141563786,5.01864078388309,0.439101014633991,1,"Mepce","Cd74",0.2,0.04
-1.28627141563786,5.01864078388309,0.439101014633991,1,"Card11","Cd74",0.2,0.04
-1.28627141563786,5.01864078388309,0.439101014633991,1,"Gmcl1","Cd74",0.2,0.04
-1.28627141563786,5.01864078388309,0.439101014633991,1,"Cd3eap","Cd74",0.2,0.04
-1.28627141563786,5.01864078388309,0.439101014633991,1,"Pop4","Cd74",0.2,0.04
-1.28627141563786,5.01864078388309,0.439101014633991,1,"Pold3","Cd74",0.2,0.04
-1.28627141563786,5.01864078388309,0.439101014633991,1,"Stim1","Cd74",0.2,0.04
-1.28627141563786,5.01864078388309,0.439101014633991,1,"Nup93","Cd74",0.2,0.04
-1.28627141563786,5.01864078388309,0.439101014633991,1,"St3gal2","Cd74",0.2,0.04
-1.28627141563786,5.01864078388309,0.439101014633991,1,"Nop9","Cd74",0.2,0.04
-1.28627141563786,5.01864078388309,0.439101014633991,1,"Nfe2l1","Cd74",0.2,0.04
-1.28627141563786,5.01864078388309,0.439101014633991,1,"Pip4k2b","Cd74",0.2,0.04
-1.28627141563786,5.01864078388309,0.439101014633991,1,"Fdxr","Cd74",0.2,0.04
-1.28627141563786,5.01864078388309,0.439101014633991,1,"Spin1","Cd74",0.2,0.04
-1.28627141563786,5.01864078388309,0.439101014633991,1,"Ndufaf2","Cd74",0.2,0.04
-1.28627141563786,5.01864078388309,0.439101014633991,1,"Paip1","Cd74",0.2,0.04
-1.28627141563786,5.01864078388309,0.439101014633991,1,"Serhl","Cd74",0.2,0.04
-1.28627141563786,5.01864078388309,0.439101014633991,1,"Twf1","Cd74",0.2,0.04
-1.28627141563786,5.01864078388309,0.439101014633991,1,"2310039H08Rik","Cd74",0.2,0.04
-1.28627141563786,5.01864078388309,0.439101014633991,1,"Apc","Cd74",0.2,0.04
-1.28627141563786,5.01864078388309,0.439101014633991,1,"Osbp","Cd74",0.2,0.04
-1.28627141563786,5.01864078388309,0.439101014633991,1,"Abhd17b","Cd74",0.2,0.04
0.918540597455965,4.77934682684144,0.439101014633991,1,"Nabp1","Cd74",0.2,0.04
0.918540597455965,4.77934682684144,0.439101014633991,1,"Mfsd6","Cd74",0.2,0.04
0.918540597455965,4.77934682684144,0.439101014633991,1,"Xpr1","Cd74",0.2,0.04
0.918540597455965,4.77934682684144,0.439101014633991,1,"Cwc22","Cd74",0.2,0.04
0.918540597455965,4.77934682684144,0.439101014633991,1,"Itgav","Cd74",0.2,0.04
0.918540597455965,4.77934682684144,0.439101014633991,1,"Ndufaf1","Cd74",0.2,0.04
0.918540597455965,4.77934682684144,0.439101014633991,1,"Plagl2","Cd74",0.2,0.04
0.918540597455965,4.77934682684144,0.439101014633991,1,"Mybl2","Cd74",0.2,0.04
0.918540597455965,4.77934682684144,0.439101014633991,1,"Pmepa1","Cd74",0.2,0.04
0.918540597455965,4.77934682684144,0.439101014633991,1,"Fam92a","Cd74",0.2,0.04
0.918540597455965,4.77934682684144,0.439101014633991,1,"Bloc1s4","Cd74",0.2,0.04
0.918540597455965,4.77934682684144,0.439101014633991,1,"Grsf1","Cd74",0.2,0.04
0.918540597455965,4.77934682684144,0.439101014633991,1,"Ddx55","Cd74",0.2,0.04
0.918540597455965,4.77934682684144,0.439101014633991,1,"Brca2","Cd74",0.2,0.04
0.918540597455965,4.77934682684144,0.439101014633991,1,"N4bp2l1","Cd74",0.2,0.04
0.918540597455965,4.77934682684144,0.439101014633991,1,"Umad1","Cd74",0.2,0.04
0.918540597455965,4.77934682684144,0.439101014633991,1,"Paf1","Cd74",0.2,0.04
0.918540597455965,4.77934682684144,0.439101014633991,1,"Ostm1","Cd74",0.2,0.04
0.918540597455965,4.77934682684144,0.439101014633991,1,"Tysnd1","Cd74",0.2,0.04
0.918540597455965,4.77934682684144,0.439101014633991,1,"Slmap","Cd74",0.2,0.04
0.918540597455965,4.77934682684144,0.439101014633991,1,"Gpr18","Cd74",0.2,0.04
0.918540597455965,4.77934682684144,0.439101014633991,1,"Nbeal2","Cd74",0.2,0.04
0.918540597455965,4.77934682684144,0.439101014633991,1,"Slc25a38","Cd74",0.2,0.04
0.918540597455965,4.77934682684144,0.439101014633991,1,"Bnip1","Cd74",0.2,0.04
0.918540597455965,4.77934682684144,0.439101014633991,1,"Wiz","Cd74",0.2,0.04
0.918540597455965,4.77934682684144,0.439101014633991,1,"Aldh3b1","Cd74",0.2,0.04
0.918540597455965,4.77934682684144,0.439101014633991,1,"Sfxn3","Cd74",0.2,0.04
0.52231923755972,6.79840376490459,0.445005737011904,1,"Rnpep","Cd74",0.2,0.04
0.52231923755972,6.79840376490459,0.445005737011904,1,"Setd2","Cd74",0.2,0.04
0.52231923755972,6.79840376490459,0.445005737011904,1,"Fen1","Cd74",0.2,0.04
0.436394797269249,7.91744730543151,0.445643902720725,1,"Ms4a4c","Cd74",0.2,0.04
-0.393570779030195,8.84570203589742,0.445948765130747,1,"Cox6b1","Cd74",0.2,0.04
-0.588143328757569,7.11864328271077,0.446123117943605,1,"Mrps16","Cd74",0.2,0.04
-0.339975442302197,10.4124979479135,0.446416325900604,1,"Rpl7a","Cd74",0.2,0.04
-0.500753179820948,7.60477721470562,0.446545387681352,1,"Plin2","Cd74",0.2,0.04
0.462974889890149,7.54567100291261,0.446545387681352,1,"Grk3","Cd74",0.2,0.04
-0.3963466852566,8.80155688381004,0.450306835487766,1,"Scand1","Cd74",0.2,0.04
-0.901457064181043,6.06858666683402,0.450755070290174,1,"Arhgap11a","Cd74",0.2,0.04
-0.901457064181043,6.06858666683402,0.450755070290174,1,"Ckap2l","Cd74",0.2,0.04
-0.901457064181043,6.06858666683402,0.450755070290174,1,"Zbtb8os","Cd74",0.2,0.04
-0.901457064181043,6.06858666683402,0.450755070290174,1,"Fam98c","Cd74",0.2,0.04
-0.901457064181043,6.06858666683402,0.450755070290174,1,"Idh3a","Cd74",0.2,0.04
-0.901457064181043,6.06858666683402,0.450755070290174,1,"Drg1","Cd74",0.2,0.04
-0.901457064181043,6.06858666683402,0.450755070290174,1,"Hmgcr","Cd74",0.2,0.04
-0.901457064181043,6.06858666683402,0.450755070290174,1,"Tmed7","Cd74",0.2,0.04
-0.872442445546992,6.0463206921392,0.450755070290174,1,"Lypla1","Cd74",0.2,0.04
-0.872442445546992,6.0463206921392,0.450755070290174,1,"Aspm","Cd74",0.2,0.04
-0.872442445546992,6.0463206921392,0.450755070290174,1,"Tlk1","Cd74",0.2,0.04
-0.872442445546992,6.0463206921392,0.450755070290174,1,"Fundc2","Cd74",0.2,0.04
-0.872442445546992,6.0463206921392,0.450755070290174,1,"Pop5","Cd74",0.2,0.04
-0.872442445546992,6.0463206921392,0.450755070290174,1,"Gemin7","Cd74",0.2,0.04
-0.872442445546992,6.0463206921392,0.450755070290174,1,"Tomm40","Cd74",0.2,0.04
-0.872442445546992,6.0463206921392,0.450755070290174,1,"Pnkp","Cd74",0.2,0.04
-0.872442445546992,6.0463206921392,0.450755070290174,1,"Samd1","Cd74",0.2,0.04
-0.872442445546992,6.0463206921392,0.450755070290174,1,"Impa2","Cd74",0.2,0.04
-0.842832305016011,6.0236340109268,0.450755070290174,1,"Rif1","Cd74",0.2,0.04
-0.842832305016011,6.0236340109268,0.450755070290174,1,"Rae1","Cd74",0.2,0.04
-0.842832305016011,6.0236340109268,0.450755070290174,1,"Rsrc1","Cd74",0.2,0.04
-0.842832305016011,6.0236340109268,0.450755070290174,1,"Etv6","Cd74",0.2,0.04
-0.842832305016011,6.0236340109268,0.450755070290174,1,"Acer3","Cd74",0.2,0.04
-0.842832305016011,6.0236340109268,0.450755070290174,1,"Cmtm3","Cd74",0.2,0.04
-0.842832305016011,6.0236340109268,0.450755070290174,1,"Mat2b","Cd74",0.2,0.04
-0.354218863443655,9.70435124630158,0.452088894923751,1,"Anp32b","Cd74",0.2,0.04
-0.377200894489862,8.9229707554575,0.452842956933183,1,"Ppp1ca","Cd74",0.2,0.04
-0.448456589971006,7.87411790007426,0.453098132963759,1,"Eif4g2","Cd74",0.2,0.04
-0.315189316843672,12.1588499715274,0.454039826087837,1,"Rpl32","Cd74",0.2,0.04
-0.496329982245251,7.4832136676062,0.455763629105722,1,"Ndufv2","Cd74",0.2,0.04
-0.48585472825694,7.47585161718316,0.455763629105722,1,"Llph","Cd74",0.2,0.04
0.6257578073736,6.27879858192237,0.455892345145071,1,"Ergic2","Cd74",0.2,0.04
0.594880142610205,6.29900306793358,0.455892345145071,1,"Kpna4","Cd74",0.2,0.04
0.594880142610205,6.29900306793358,0.455892345145071,1,"Rps6kb1","Cd74",0.2,0.04
-0.342638902465393,9.72158929766951,0.456375221421272,1,"Arpc3","Cd74",0.2,0.04
0.39846092302794,8.17229903350103,0.456511777103298,1,"Samhd1","Cd74",0.2,0.04
0.503084616340068,7.25710657835095,0.456630781053768,1,"Fuca1","Cd74",0.2,0.04
0.503084616340068,7.25710657835095,0.456630781053768,1,"Gm26740","Cd74",0.2,0.04
0.493540608757078,7.05643412124484,0.457372015120547,1,"Grpel1","Cd74",0.2,0.04
0.613809314109767,6.60353162015164,0.457585664185782,1,"Arl1","Cd74",0.2,0.04
-0.439296473757744,8.11916415524328,0.457591926210664,1,"Uqcrq","Cd74",0.2,0.04
-0.608909714965875,6.95512038067252,0.457811373338933,1,"Cbl","Cd74",0.2,0.04
-0.608909714965875,6.95512038067252,0.457811373338933,1,"Higd1a","Cd74",0.2,0.04
-0.593679176381438,6.94397703516463,0.457811373338933,1,"Cntrl","Cd74",0.2,0.04
-0.593679176381438,6.94397703516463,0.457811373338933,1,"Ccna2","Cd74",0.2,0.04
-0.593679176381438,6.94397703516463,0.457811373338933,1,"Pdap1","Cd74",0.2,0.04
-0.593679176381438,6.94397703516463,0.457811373338933,1,"Siglecg","Cd74",0.2,0.04
-0.578286131825156,6.93272529716373,0.457811373338933,1,"Fkbp1a","Cd74",0.2,0.04
-0.578286131825156,6.93272529716373,0.457811373338933,1,"Sae1","Cd74",0.2,0.04
-0.578286131825156,6.93272529716373,0.457811373338933,1,"Phip","Cd74",0.2,0.04
-0.315159881925471,11.6173812720344,0.458650016227875,1,"Rpl21","Cd74",0.2,0.04
-0.384838113239654,8.697656436917,0.459927378530955,1,"Atp5j","Cd74",0.2,0.04
0.305007203140851,13.4358492566014,0.46132565600385,1,"Cd74","Cd74",0.2,0.04
-0.38558296057235,8.84061462945964,0.46185470240229,1,"Tma7","Cd74",0.2,0.04
-0.38157240498268,8.83806275128116,0.46185470240229,1,"H2afv","Cd74",0.2,0.04
-0.369844860023709,9.0790958262085,0.464805963479771,1,"Cox7c","Cd74",0.2,0.04
-1.12376888778604,5.72957035524845,0.465630136200709,1,"Esf1","Cd74",0.2,0.04
-1.12376888778604,5.72957035524845,0.465630136200709,1,"Camta1","Cd74",0.2,0.04
-1.12376888778604,5.72957035524845,0.465630136200709,1,"Pitpnb","Cd74",0.2,0.04
-1.12376888778604,5.72957035524845,0.465630136200709,1,"Med29","Cd74",0.2,0.04
-1.12376888778604,5.72957035524845,0.465630136200709,1,"Mical1","Cd74",0.2,0.04
-1.12376888778604,5.72957035524845,0.465630136200709,1,"Mdm2","Cd74",0.2,0.04
-1.12376888778604,5.72957035524845,0.465630136200709,1,"Gga1","Cd74",0.2,0.04
-1.12376888778604,5.72957035524845,0.465630136200709,1,"Khsrp","Cd74",0.2,0.04
-1.0865116687863,5.70066588717033,0.465630136200709,1,"Coa5","Cd74",0.2,0.04
-1.0865116687863,5.70066588717033,0.465630136200709,1,"Cab39","Cd74",0.2,0.04
-1.0865116687863,5.70066588717033,0.465630136200709,1,"Anapc2","Cd74",0.2,0.04
-1.0865116687863,5.70066588717033,0.465630136200709,1,"Gpd2","Cd74",0.2,0.04
-1.0865116687863,5.70066588717033,0.465630136200709,1,"Aurka","Cd74",0.2,0.04
-1.0865116687863,5.70066588717033,0.465630136200709,1,"Elf4","Cd74",0.2,0.04
-1.0865116687863,5.70066588717033,0.465630136200709,1,"Lyl1","Cd74",0.2,0.04
-1.0865116687863,5.70066588717033,0.465630136200709,1,"Dusp22","Cd74",0.2,0.04
-1.0865116687863,5.70066588717033,0.465630136200709,1,"Rasa1","Cd74",0.2,0.04
-1.0865116687863,5.70066588717033,0.465630136200709,1,"Dnajc21","Cd74",0.2,0.04
-1.0865116687863,5.70066588717033,0.465630136200709,1,"Crybg3","Cd74",0.2,0.04
-1.0865116687863,5.70066588717033,0.465630136200709,1,"BC003965","Cd74",0.2,0.04
-1.0865116687863,5.70066588717033,0.465630136200709,1,"Ebi3","Cd74",0.2,0.04
-1.04826672792644,5.67106244695372,0.465630136200709,1,"Tceal9","Cd74",0.2,0.04
-1.04826672792644,5.67106244695372,0.465630136200709,1,"Tcf3","Cd74",0.2,0.04
-1.04826672792644,5.67106244695372,0.465630136200709,1,"Cep83","Cd74",0.2,0.04
-1.04826672792644,5.67106244695372,0.465630136200709,1,"Zkscan3","Cd74",0.2,0.04
-1.04826672792644,5.67106244695372,0.465630136200709,1,"Uimc1","Cd74",0.2,0.04
-1.04826672792644,5.67106244695372,0.465630136200709,1,"Slc38a9","Cd74",0.2,0.04
-1.04826672792644,5.67106244695372,0.465630136200709,1,"Eif2b2","Cd74",0.2,0.04
-1.04826672792644,5.67106244695372,0.465630136200709,1,"Senp1","Cd74",0.2,0.04
-1.04826672792644,5.67106244695372,0.465630136200709,1,"Ubr2","Cd74",0.2,0.04
-1.04826672792644,5.67106244695372,0.465630136200709,1,"Hars","Cd74",0.2,0.04
-1.04826672792644,5.67106244695372,0.465630136200709,1,"Hdac3","Cd74",0.2,0.04
0.882595212795187,5.46168185090417,0.465630136200709,1,"Cnppd1","Cd74",0.2,0.04
0.882595212795187,5.46168185090417,0.465630136200709,1,"Ext2","Cd74",0.2,0.04
0.882595212795187,5.46168185090417,0.465630136200709,1,"Acads","Cd74",0.2,0.04
0.882595212795187,5.46168185090417,0.465630136200709,1,"Sgf29","Cd74",0.2,0.04
0.882595212795187,5.46168185090417,0.465630136200709,1,"Icosl","Cd74",0.2,0.04
0.882595212795187,5.46168185090417,0.465630136200709,1,"Hist1h2bc","Cd74",0.2,0.04
0.882595212795187,5.46168185090417,0.465630136200709,1,"Jpt2","Cd74",0.2,0.04
0.824236938287302,5.49947313935689,0.465630136200709,1,"Txlna","Cd74",0.2,0.04
0.824236938287302,5.49947313935689,0.465630136200709,1,"Tmem192","Cd74",0.2,0.04
0.824236938287302,5.49947313935689,0.465630136200709,1,"Mrpl22","Cd74",0.2,0.04
0.824236938287302,5.49947313935689,0.465630136200709,1,"Nsf","Cd74",0.2,0.04
0.824236938287302,5.49947313935689,0.465630136200709,1,"Rnf213","Cd74",0.2,0.04
0.824236938287302,5.49947313935689,0.465630136200709,1,"Ldah","Cd74",0.2,0.04
0.824236938287302,5.49947313935689,0.465630136200709,1,"Trim26","Cd74",0.2,0.04
0.824236938287302,5.49947313935689,0.465630136200709,1,"Ccdc88b","Cd74",0.2,0.04
0.768147815158619,5.53610469368736,0.465630136200709,1,"Cep170","Cd74",0.2,0.04
0.768147815158619,5.53610469368736,0.465630136200709,1,"Hscb","Cd74",0.2,0.04
0.768147815158619,5.53610469368736,0.465630136200709,1,"Calu","Cd74",0.2,0.04
0.768147815158619,5.53610469368736,0.465630136200709,1,"Ppp2r2d","Cd74",0.2,0.04
0.768147815158619,5.53610469368736,0.465630136200709,1,"Cers5","Cd74",0.2,0.04
0.768147815158619,5.53610469368736,0.465630136200709,1,"Taf7","Cd74",0.2,0.04
0.361920461454776,8.56976662282486,0.470975933519259,1,"Mcl1","Cd74",0.2,0.04
-0.636112976478254,6.77013491385723,0.471767039678036,1,"Nop58","Cd74",0.2,0.04
-0.636112976478254,6.77013491385723,0.471767039678036,1,"Pet100","Cd74",0.2,0.04
-0.618673054271909,6.75723934687534,0.471767039678036,1,"Dtymk","Cd74",0.2,0.04
-0.618673054271909,6.75723934687534,0.471767039678036,1,"Cop1","Cd74",0.2,0.04
-0.618673054271909,6.75723934687534,0.471767039678036,1,"Pdcd6ip","Cd74",0.2,0.04
-0.601019728389551,6.74419913859976,0.471767039678036,1,"Mrpl36","Cd74",0.2,0.04
0.541326834788658,6.65006582562022,0.471767039678037,1,"Cdk12","Cd74",0.2,0.04
0.541326834788658,6.65006582562022,0.471767039678037,1,"Hectd1","Cd74",0.2,0.04
0.517953270774128,6.6651536303842,0.471767039678037,1,"Mplkip","Cd74",0.2,0.04
-0.373638446505668,8.73958737515808,0.472087990597143,1,"Ptms","Cd74",0.2,0.04
-0.440059920383926,7.95720774901007,0.473469894676575,1,"Batf3","Cd74",0.2,0.04
-0.440059920383926,7.95720774901007,0.473469894676575,1,"Ndufb8","Cd74",0.2,0.04
0.353211752458682,8.97145090192175,0.47370860039422,1,"Arpc5","Cd74",0.2,0.04
-0.354374239101113,9.31365646531033,0.475263921144263,1,"Itgb7","Cd74",0.2,0.04
0.414254425226826,7.79823247905477,0.475839721474908,1,"Dnajc8","Cd74",0.2,0.04
-0.39959667574113,8.37094142890567,0.476317979393958,1,"Calm3","Cd74",0.2,0.04
0.410408818425674,7.65549320019072,0.478492979300353,1,"Irf2bp2","Cd74",0.2,0.04
-0.522536165735394,7.22989826373619,0.478643044737926,1,"Ezh2","Cd74",0.2,0.04
-0.522536165735394,7.22989826373619,0.478643044737926,1,"Rala","Cd74",0.2,0.04
-0.522536165735394,7.22989826373619,0.478643044737926,1,"Ralbp1","Cd74",0.2,0.04
-0.509960809462292,7.2209047280979,0.478643044737926,1,"Ndufa3","Cd74",0.2,0.04
-0.509960809462292,7.2209047280979,0.478643044737926,1,"Elavl1","Cd74",0.2,0.04
-0.509960809462292,7.2209047280979,0.478643044737926,1,"Supt16","Cd74",0.2,0.04
0.498645002200268,7.16009522895612,0.478643044737926,1,"Mrpl43","Cd74",0.2,0.04
-0.319839812479548,10.227145545519,0.478733822375667,1,"Myl6","Cd74",0.2,0.04
0.300321536222095,11.2720018785632,0.479048928649357,1,"mt-Nd4","Cd74",0.2,0.04
-0.352490824224286,9.28004776922831,0.479250483374986,1,"Nap1l1","Cd74",0.2,0.04
0.408054758960504,7.93387000346105,0.479958024622339,1,"Cd53","Cd74",0.2,0.04
-1.57902343286791,5.24385525138814,0.480955038087911,1,"Nit1","Cd74",0.2,0.04
-1.57902343286791,5.24385525138814,0.480955038087911,1,"Dnajc1","Cd74",0.2,0.04
-1.57902343286791,5.24385525138814,0.480955038087911,1,"Arfgap2","Cd74",0.2,0.04
-1.57902343286791,5.24385525138814,0.480955038087911,1,"Snx12","Cd74",0.2,0.04
-1.57902343286791,5.24385525138814,0.480955038087911,1,"2410004B18Rik","Cd74",0.2,0.04
-1.57902343286791,5.24385525138814,0.480955038087911,1,"Nup54","Cd74",0.2,0.04
-1.57902343286791,5.24385525138814,0.480955038087911,1,"P2rx4","Cd74",0.2,0.04
-1.57902343286791,5.24385525138814,0.480955038087911,1,"Gigyf1","Cd74",0.2,0.04
-1.57902343286791,5.24385525138814,0.480955038087911,1,"Pex5","Cd74",0.2,0.04
-1.57902343286791,5.24385525138814,0.480955038087911,1,"Gramd1a","Cd74",0.2,0.04
-1.57902343286791,5.24385525138814,0.480955038087911,1,"Prr14","Cd74",0.2,0.04
-1.57902343286791,5.24385525138814,0.480955038087911,1,"Fam207a","Cd74",0.2,0.04
-1.57902343286791,5.24385525138814,0.480955038087911,1,"Nup37","Cd74",0.2,0.04
-1.57902343286791,5.24385525138814,0.480955038087911,1,"Scoc","Cd74",0.2,0.04
-1.57902343286791,5.24385525138814,0.480955038087911,1,"Herpud2","Cd74",0.2,0.04
-1.57902343286791,5.24385525138814,0.480955038087911,1,"Rab39","Cd74",0.2,0.04
-1.57902343286791,5.24385525138814,0.480955038087911,1,"Arid3b","Cd74",0.2,0.04
-1.57902343286791,5.24385525138814,0.480955038087911,1,"Aagab","Cd74",0.2,0.04
-1.57902343286791,5.24385525138814,0.480955038087911,1,"Trp53i13","Cd74",0.2,0.04
-1.57902343286791,5.24385525138814,0.480955038087911,1,"Lrrk2","Cd74",0.2,0.04
-1.57902343286791,5.24385525138814,0.480955038087911,1,"Lsg1","Cd74",0.2,0.04
-1.57902343286791,5.24385525138814,0.480955038087911,1,"Snx9","Cd74",0.2,0.04
-1.57902343286791,5.24385525138814,0.480955038087911,1,"Amdhd2","Cd74",0.2,0.04
-1.52503358259196,5.20191388075836,0.480955038087911,1,"Aven","Cd74",0.2,0.04
-1.52503358259196,5.20191388075836,0.480955038087911,1,"Wdr76","Cd74",0.2,0.04
-1.52503358259196,5.20191388075836,0.480955038087911,1,"Bcor","Cd74",0.2,0.04
-1.52503358259196,5.20191388075836,0.480955038087911,1,"Pgrmc1","Cd74",0.2,0.04
-1.52503358259196,5.20191388075836,0.480955038087911,1,"Pef1","Cd74",0.2,0.04
-1.52503358259196,5.20191388075836,0.480955038087911,1,"Gmeb1","Cd74",0.2,0.04
-1.52503358259196,5.20191388075836,0.480955038087911,1,"Lzic","Cd74",0.2,0.04
-1.52503358259196,5.20191388075836,0.480955038087911,1,"Lcorl","Cd74",0.2,0.04
-1.52503358259196,5.20191388075836,0.480955038087911,1,"Uri1","Cd74",0.2,0.04
-1.52503358259196,5.20191388075836,0.480955038087911,1,"Katna1","Cd74",0.2,0.04
-1.52503358259196,5.20191388075836,0.480955038087911,1,"Ap3m1","Cd74",0.2,0.04
-1.52503358259196,5.20191388075836,0.480955038087911,1,"Smim4","Cd74",0.2,0.04
-1.52503358259196,5.20191388075836,0.480955038087911,1,"Ap1g2","Cd74",0.2,0.04
-1.52503358259196,5.20191388075836,0.480955038087911,1,"Wdfy2","Cd74",0.2,0.04
-1.52503358259196,5.20191388075836,0.480955038087911,1,"1110059G10Rik","Cd74",0.2,0.04
-1.52503358259196,5.20191388075836,0.480955038087911,1,"Stat5b","Cd74",0.2,0.04
-1.52503358259196,5.20191388075836,0.480955038087911,1,"Hif1a","Cd74",0.2,0.04
-1.52503358259196,5.20191388075836,0.480955038087911,1,"Cinp","Cd74",0.2,0.04
-1.52503358259196,5.20191388075836,0.480955038087911,1,"Atf7","Cd74",0.2,0.04
-1.52503358259196,5.20191388075836,0.480955038087911,1,"Msh2","Cd74",0.2,0.04
-1.52503358259196,5.20191388075836,0.480955038087911,1,"Thoc1","Cd74",0.2,0.04
-1.46894445946328,5.15852749281304,0.480955038087911,1,"Tada1","Cd74",0.2,0.04
-1.46894445946328,5.15852749281304,0.480955038087911,1,"Ahctf1","Cd74",0.2,0.04
-1.46894445946328,5.15852749281304,0.480955038087911,1,"Dnlz","Cd74",0.2,0.04
-1.46894445946328,5.15852749281304,0.480955038087911,1,"Wdr5","Cd74",0.2,0.04
-1.46894445946328,5.15852749281304,0.480955038087911,1,"Pisd","Cd74",0.2,0.04
-1.46894445946328,5.15852749281304,0.480955038087911,1,"Uba6","Cd74",0.2,0.04
-1.46894445946328,5.15852749281304,0.480955038087911,1,"Anapc7","Cd74",0.2,0.04
-1.46894445946328,5.15852749281304,0.480955038087911,1,"Nomo1","Cd74",0.2,0.04
-1.46894445946328,5.15852749281304,0.480955038087911,1,"Rpgrip1","Cd74",0.2,0.04
-1.46894445946328,5.15852749281304,0.480955038087911,1,"Zdhhc20","Cd74",0.2,0.04
-1.46894445946328,5.15852749281304,0.480955038087911,1,"Ebpl","Cd74",0.2,0.04
-1.46894445946328,5.15852749281304,0.480955038087911,1,"Fbxl3","Cd74",0.2,0.04
-1.46894445946328,5.15852749281304,0.480955038087911,1,"Ddx10","Cd74",0.2,0.04
-1.46894445946328,5.15852749281304,0.480955038087911,1,"Etaa1","Cd74",0.2,0.04
-1.46894445946328,5.15852749281304,0.480955038087911,1,"Prorsd1","Cd74",0.2,0.04
-1.46894445946328,5.15852749281304,0.480955038087911,1,"Hist3h2a","Cd74",0.2,0.04
-1.46894445946328,5.15852749281304,0.480955038087911,1,"Cfl2","Cd74",0.2,0.04
-1.46894445946328,5.15852749281304,0.480955038087911,1,"Tfeb","Cd74",0.2,0.04
-1.46894445946328,5.15852749281304,0.480955038087911,1,"Rpl27-ps3","Cd74",0.2,0.04
-1.46894445946328,5.15852749281304,0.480955038087911,1,"Tshz1","Cd74",0.2,0.04
-0.45224641552517,7.5709682154763,0.481479658799231,1,"Chd4","Cd74",0.2,0.04
0.308365556785394,10.5005585945507,0.481551716766403,1,"Tyrobp","Cd74",0.2,0.04
0.50666211275847,6.93309511084162,0.481824570699423,1,"Evi2a","Cd74",0.2,0.04
0.487609997593626,6.94516103514157,0.481824570699423,1,"Akap9","Cd74",0.2,0.04
0.487609997593626,6.94516103514157,0.481824570699423,1,"Ncf1","Cd74",0.2,0.04
0.487609997593626,6.94516103514157,0.481824570699423,1,"Mpo","Cd74",0.2,0.04
-0.440517666118268,7.8687039936048,0.482781242530104,1,"U2af1","Cd74",0.2,0.04
-0.432534813773433,7.86326447272322,0.482781242530104,1,"Fgd2","Cd74",0.2,0.04
0.383714609245375,7.81625317217001,0.482781242530104,1,"Chmp4b","Cd74",0.2,0.04
-0.297651689415305,11.6881091112874,0.483282341277961,1,"H3f3a","Cd74",0.2,0.04
-0.419233149722958,8.1057181284817,0.483400054024833,1,"Selenof","Cd74",0.2,0.04
1.53191421802308,3.97207121601729,0.483528402784784,1,"Pea15a","Cd74",0.2,0.04
1.53191421802308,3.97207121601729,0.483528402784784,1,"Tmem63a","Cd74",0.2,0.04
1.53191421802308,3.97207121601729,0.483528402784784,1,"Gemin8","Cd74",0.2,0.04
1.53191421802308,3.97207121601729,0.483528402784784,1,"Mfsd8","Cd74",0.2,0.04
1.53191421802308,3.97207121601729,0.483528402784784,1,"Noct","Cd74",0.2,0.04
1.53191421802308,3.97207121601729,0.483528402784784,1,"Ctso","Cd74",0.2,0.04
1.53191421802308,3.97207121601729,0.483528402784784,1,"Slc25a44","Cd74",0.2,0.04
1.53191421802308,3.97207121601729,0.483528402784784,1,"Cox18","Cd74",0.2,0.04
1.53191421802308,3.97207121601729,0.483528402784784,1,"Exoc6b","Cd74",0.2,0.04
1.53191421802308,3.97207121601729,0.483528402784784,1,"Ccp110","Cd74",0.2,0.04
1.53191421802308,3.97207121601729,0.483528402784784,1,"Nlrc5","Cd74",0.2,0.04
1.53191421802308,3.97207121601729,0.483528402784784,1,"Dhodh","Cd74",0.2,0.04
1.53191421802308,3.97207121601729,0.483528402784784,1,"Cdk10","Cd74",0.2,0.04
1.53191421802308,3.97207121601729,0.483528402784784,1,"Mir17hg","Cd74",0.2,0.04
1.53191421802308,3.97207121601729,0.483528402784784,1,"Zfp317","Cd74",0.2,0.04
1.53191421802308,3.97207121601729,0.483528402784784,1,"A530017D24Rik","Cd74",0.2,0.04
1.53191421802308,3.97207121601729,0.483528402784784,1,"Per1","Cd74",0.2,0.04
1.53191421802308,3.97207121601729,0.483528402784784,1,"Tmem199","Cd74",0.2,0.04
1.53191421802308,3.97207121601729,0.483528402784784,1,"Unk","Cd74",0.2,0.04
1.53191421802308,3.97207121601729,0.483528402784784,1,"Usp36","Cd74",0.2,0.04
1.53191421802308,3.97207121601729,0.483528402784784,1,"Zfp934","Cd74",0.2,0.04
1.53191421802308,3.97207121601729,0.483528402784784,1,"Ipo11","Cd74",0.2,0.04
1.53191421802308,3.97207121601729,0.483528402784784,1,"C030006K11Rik","Cd74",0.2,0.04
1.53191421802308,3.97207121601729,0.483528402784784,1,"Msh5","Cd74",0.2,0.04
1.53191421802308,3.97207121601729,0.483528402784784,1,"Tnfrsf21","Cd74",0.2,0.04
1.53191421802308,3.97207121601729,0.483528402784784,1,"Slc14a1","Cd74",0.2,0.04
1.31698135304494,4.08163262305563,0.483528402784784,1,"Ddx31","Cd74",0.2,0.04
1.31698135304494,4.08163262305563,0.483528402784784,1,"Fahd2a","Cd74",0.2,0.04
1.31698135304494,4.08163262305563,0.483528402784784,1,"1700037H04Rik","Cd74",0.2,0.04
1.31698135304494,4.08163262305563,0.483528402784784,1,"Cd99l2","Cd74",0.2,0.04
1.31698135304494,4.08163262305563,0.483528402784784,1,"Ddx20","Cd74",0.2,0.04
1.31698135304494,4.08163262305563,0.483528402784784,1,"Osgin2","Cd74",0.2,0.04
1.31698135304494,4.08163262305563,0.483528402784784,1,"Tstd2","Cd74",0.2,0.04
1.31698135304494,4.08163262305563,0.483528402784784,1,"Cep135","Cd74",0.2,0.04
1.31698135304494,4.08163262305563,0.483528402784784,1,"Antxr2","Cd74",0.2,0.04
1.31698135304494,4.08163262305563,0.483528402784784,1,"Alkbh4","Cd74",0.2,0.04
1.31698135304494,4.08163262305563,0.483528402784784,1,"Rpusd3","Cd74",0.2,0.04
1.31698135304494,4.08163262305563,0.483528402784784,1,"Usp18","Cd74",0.2,0.04
1.31698135304494,4.08163262305563,0.483528402784784,1,"Vwf","Cd74",0.2,0.04
1.31698135304494,4.08163262305563,0.483528402784784,1,"Kcnk6","Cd74",0.2,0.04
1.31698135304494,4.08163262305563,0.483528402784784,1,"Grwd1","Cd74",0.2,0.04
1.31698135304494,4.08163262305563,0.483528402784784,1,"Efl1","Cd74",0.2,0.04
1.31698135304494,4.08163262305563,0.483528402784784,1,"Hbb-bs","Cd74",0.2,0.04
1.31698135304494,4.08163262305563,0.483528402784784,1,"Inpp5f","Cd74",0.2,0.04
1.31698135304494,4.08163262305563,0.483528402784784,1,"Tspan32","Cd74",0.2,0.04
1.31698135304494,4.08163262305563,0.483528402784784,1,"Btbd2","Cd74",0.2,0.04
1.31698135304494,4.08163262305563,0.483528402784784,1,"Dtx3","Cd74",0.2,0.04
1.31698135304494,4.08163262305563,0.483528402784784,1,"Usb1","Cd74",0.2,0.04
1.31698135304494,4.08163262305563,0.483528402784784,1,"Gins3","Cd74",0.2,0.04
1.31698135304494,4.08163262305563,0.483528402784784,1,"Setd6","Cd74",0.2,0.04
1.31698135304494,4.08163262305563,0.483528402784784,1,"Phlpp2","Cd74",0.2,0.04
1.31698135304494,4.08163262305563,0.483528402784784,1,"Foxred1","Cd74",0.2,0.04
1.31698135304494,4.08163262305563,0.483528402784784,1,"Tbc1d10a","Cd74",0.2,0.04
1.31698135304494,4.08163262305563,0.483528402784784,1,"Jade2","Cd74",0.2,0.04
1.31698135304494,4.08163262305563,0.483528402784784,1,"Grap","Cd74",0.2,0.04
1.31698135304494,4.08163262305563,0.483528402784784,1,"Gosr1","Cd74",0.2,0.04
1.31698135304494,4.08163262305563,0.483528402784784,1,"Rab11fip4","Cd74",0.2,0.04
1.31698135304494,4.08163262305563,0.483528402784784,1,"Atp6v0a1","Cd74",0.2,0.04
1.31698135304494,4.08163262305563,0.483528402784784,1,"Ube2o","Cd74",0.2,0.04
1.31698135304494,4.08163262305563,0.483528402784784,1,"Mtr","Cd74",0.2,0.04
1.31698135304494,4.08163262305563,0.483528402784784,1,"Hk3","Cd74",0.2,0.04
1.31698135304494,4.08163262305563,0.483528402784784,1,"B4galt7","Cd74",0.2,0.04
1.31698135304494,4.08163262305563,0.483528402784784,1,"Ankmy2","Cd74",0.2,0.04
1.31698135304494,4.08163262305563,0.483528402784784,1,"AC163018.1","Cd74",0.2,0.04
1.31698135304494,4.08163262305563,0.483528402784784,1,"Krt18","Cd74",0.2,0.04
1.31698135304494,4.08163262305563,0.483528402784784,1,"Dgkg","Cd74",0.2,0.04
1.31698135304494,4.08163262305563,0.483528402784784,1,"Chtf18","Cd74",0.2,0.04
1.31698135304494,4.08163262305563,0.483528402784784,1,"Dusp1","Cd74",0.2,0.04
1.31698135304494,4.08163262305563,0.483528402784784,1,"Cyp4f16","Cd74",0.2,0.04
1.31698135304494,4.08163262305563,0.483528402784784,1,"H2-Q4","Cd74",0.2,0.04
1.12995636360599,4.18275254492234,0.483528402784784,1,"Nif3l1","Cd74",0.2,0.04
1.12995636360599,4.18275254492234,0.483528402784784,1,"Yod1","Cd74",0.2,0.04
1.12995636360599,4.18275254492234,0.483528402784784,1,"Ifi204","Cd74",0.2,0.04
1.12995636360599,4.18275254492234,0.483528402784784,1,"Smyd3","Cd74",0.2,0.04
1.12995636360599,4.18275254492234,0.483528402784784,1,"Dclre1c","Cd74",0.2,0.04
1.12995636360599,4.18275254492234,0.483528402784784,1,"Rpap1","Cd74",0.2,0.04
1.12995636360599,4.18275254492234,0.483528402784784,1,"Spg11","Cd74",0.2,0.04
1.12995636360599,4.18275254492234,0.483528402784784,1,"Gm43672","Cd74",0.2,0.04
1.12995636360599,4.18275254492234,0.483528402784784,1,"Gm15952","Cd74",0.2,0.04
1.12995636360599,4.18275254492234,0.483528402784784,1,"Ctbs","Cd74",0.2,0.04
1.12995636360599,4.18275254492234,0.483528402784784,1,"Rmdn1","Cd74",0.2,0.04
1.12995636360599,4.18275254492234,0.483528402784784,1,"Ssh1","Cd74",0.2,0.04
1.12995636360599,4.18275254492234,0.483528402784784,1,"Prkrip1","Cd74",0.2,0.04
1.12995636360599,4.18275254492234,0.483528402784784,1,"Cnpy4","Cd74",0.2,0.04
1.12995636360599,4.18275254492234,0.483528402784784,1,"Kbtbd2","Cd74",0.2,0.04
1.12995636360599,4.18275254492234,0.483528402784784,1,"Gcfc2","Cd74",0.2,0.04
1.12995636360599,4.18275254492234,0.483528402784784,1,"Rad18","Cd74",0.2,0.04
1.12995636360599,4.18275254492234,0.483528402784784,1,"Tcp11l2","Cd74",0.2,0.04
1.12995636360599,4.18275254492234,0.483528402784784,1,"Zfp653","Cd74",0.2,0.04
1.12995636360599,4.18275254492234,0.483528402784784,1,"Cln6","Cd74",0.2,0.04
1.12995636360599,4.18275254492234,0.483528402784784,1,"Ublcp1","Cd74",0.2,0.04
1.12995636360599,4.18275254492234,0.483528402784784,1,"Xaf1","Cd74",0.2,0.04
1.12995636360599,4.18275254492234,0.483528402784784,1,"Tmc6","Cd74",0.2,0.04
1.12995636360599,4.18275254492234,0.483528402784784,1,"Lgals8","Cd74",0.2,0.04
1.12995636360599,4.18275254492234,0.483528402784784,1,"6720427I07Rik","Cd74",0.2,0.04
1.12995636360599,4.18275254492234,0.483528402784784,1,"Nln","Cd74",0.2,0.04
1.12995636360599,4.18275254492234,0.483528402784784,1,"Tmem18","Cd74",0.2,0.04
1.12995636360599,4.18275254492234,0.483528402784784,1,"Stxbp6","Cd74",0.2,0.04
1.12995636360599,4.18275254492234,0.483528402784784,1,"Brms1l","Cd74",0.2,0.04
1.12995636360599,4.18275254492234,0.483528402784784,1,"Drosha","Cd74",0.2,0.04
1.12995636360599,4.18275254492234,0.483528402784784,1,"Zc3h3","Cd74",0.2,0.04
1.12995636360599,4.18275254492234,0.483528402784784,1,"Grina","Cd74",0.2,0.04
1.12995636360599,4.18275254492234,0.483528402784784,1,"Acvr1b","Cd74",0.2,0.04
1.12995636360599,4.18275254492234,0.483528402784784,1,"Carhsp1","Cd74",0.2,0.04
1.12995636360599,4.18275254492234,0.483528402784784,1,"Sec22a","Cd74",0.2,0.04
1.12995636360599,4.18275254492234,0.483528402784784,1,"Dopey2","Cd74",0.2,0.04
1.12995636360599,4.18275254492234,0.483528402784784,1,"A630089N07Rik","Cd74",0.2,0.04
1.12995636360599,4.18275254492234,0.483528402784784,1,"Ddah2","Cd74",0.2,0.04
1.12995636360599,4.18275254492234,0.483528402784784,1,"Zfp119a","Cd74",0.2,0.04
1.12995636360599,4.18275254492234,0.483528402784784,1,"Zfp35","Cd74",0.2,0.04
1.12995636360599,4.18275254492234,0.483528402784784,1,"Nudt22","Cd74",0.2,0.04
1.12995636360599,4.18275254492234,0.483528402784784,1,"AI606181","Cd74",0.2,0.04
1.12995636360599,4.18275254492234,0.483528402784784,1,"Got1","Cd74",0.2,0.04
-0.38700336787019,8.48384095724512,0.483792683272483,1,"Celf2","Cd74",0.2,0.04
-0.381827305230975,8.48047635591952,0.483792683272483,1,"Nfkb1","Cd74",0.2,0.04
-0.300678204030593,11.3665482735033,0.484615511060496,1,"Rpl10","Cd74",0.2,0.04
-0.311738035383708,10.3659125069277,0.484987360066131,1,"Rpl23a","Cd74",0.2,0.04
0.297829050214186,11.1924573402776,0.485094757538332,1,"mt-Nd1","Cd74",0.2,0.04
-0.295143215851358,11.5867719571221,0.487014308618356,1,"Rps3","Cd74",0.2,0.04
0.43467444176673,7.1998906859372,0.488704226235938,1,"Hp1bp3","Cd74",0.2,0.04
0.43467444176673,7.1998906859372,0.488704226235938,1,"Rp9","Cd74",0.2,0.04
-0.673303004143895,6.55716071842275,0.488736372963061,1,"Nrros","Cd74",0.2,0.04
-0.652903924992223,6.54190968098575,0.488736372963061,1,"Ube3a","Cd74",0.2,0.04
-0.652903924992223,6.54190968098575,0.488736372963061,1,"Nudcd2","Cd74",0.2,0.04
-0.652903924992223,6.54190968098575,0.488736372963061,1,"Pura","Cd74",0.2,0.04
-0.632212269910769,6.52645745246426,0.488736372963061,1,"Tnrc6c","Cd74",0.2,0.04
0.450615006601557,7.55308098987945,0.489560746418087,1,"Shisa5","Cd74",0.2,0.04
0.670663366311433,6.06205618617938,0.49163394706312,1,"Rap2b","Cd74",0.2,0.04
0.670663366311433,6.06205618617938,0.49163394706312,1,"E2f8","Cd74",0.2,0.04
0.670663366311433,6.06205618617938,0.49163394706312,1,"Mettl9","Cd74",0.2,0.04
0.670663366311433,6.06205618617938,0.49163394706312,1,"Gtf2a1","Cd74",0.2,0.04
0.670663366311433,6.06205618617938,0.49163394706312,1,"Psmc1","Cd74",0.2,0.04
0.670663366311433,6.06205618617938,0.49163394706312,1,"Rictor","Cd74",0.2,0.04
0.634344132756845,6.08594652249182,0.49163394706312,1,"Stxbp3","Cd74",0.2,0.04
0.634344132756845,6.08594652249182,0.49163394706312,1,"Tcf12","Cd74",0.2,0.04
0.598916812847593,6.1093494358409,0.49163394706312,1,"Cir1","Cd74",0.2,0.04
0.598916812847593,6.1093494358409,0.49163394706312,1,"Aup1","Cd74",0.2,0.04
0.598916812847593,6.1093494358409,0.49163394706312,1,"Cstb","Cd74",0.2,0.04
0.598916812847593,6.1093494358409,0.49163394706312,1,"Kmt2a","Cd74",0.2,0.04
0.611885958668187,5.63968893908758,0.491848682865428,1,"Lman2l","Cd74",0.2,0.04
0.611885958668187,5.63968893908758,0.491848682865428,1,"Usf1","Cd74",0.2,0.04
0.611885958668187,5.63968893908758,0.491848682865428,1,"Pom121","Cd74",0.2,0.04
0.611885958668187,5.63968893908758,0.491848682865428,1,"Ankrd40","Cd74",0.2,0.04
0.611885958668187,5.63968893908758,0.491848682865428,1,"Fam49a","Cd74",0.2,0.04
-0.339863825961526,9.17022609846928,0.492452312075475,1,"Serbp1","Cd74",0.2,0.04
-0.547203274890994,7.08901350289764,0.493091387153373,1,"Ikbkb","Cd74",0.2,0.04
-0.547203274890994,7.08901350289764,0.493091387153373,1,"Atad2","Cd74",0.2,0.04
-0.533294283157625,7.07896514881513,0.493091387153373,1,"Mrpl57","Cd74",0.2,0.04
-0.519249888661218,7.06882833400568,0.493091387153373,1,"Sla","Cd74",0.2,0.04
-0.423888307919376,7.76253299225777,0.493230923154985,1,"Cytip","Cd74",0.2,0.04
0.407042149772009,7.73177509052755,0.493230923154985,1,"Purb","Cd74",0.2,0.04
-0.314426133284884,10.0645371972655,0.49338311451404,1,"Gm42418","Cd74",0.2,0.04
-0.293478371274628,11.4070640968635,0.493549778441213,1,"Rpl37a","Cd74",0.2,0.04
-0.475302857930627,7.46844199565923,0.493673242630759,1,"Gsn","Cd74",0.2,0.04
-0.475302857930627,7.46844199565923,0.493673242630759,1,"Tomm5","Cd74",0.2,0.04
-0.475302857930627,7.46844199565923,0.493673242630759,1,"Metap2","Cd74",0.2,0.04
-0.475302857930627,7.46844199565923,0.493673242630759,1,"Ptges3","Cd74",0.2,0.04
0.436746110343782,7.39105960577206,0.493673242630759,1,"Top2b","Cd74",0.2,0.04
0.423100239698314,7.39942126317033,0.493673242630759,1,"Fgfr1op2","Cd74",0.2,0.04
0.282862098258727,13.3099388044306,0.49484438160869,1,"mt-Co3","Cd74",0.2,0.04
-0.366984114054351,8.6862151643827,0.496086033915838,1,"Rbx1","Cd74",0.2,0.04
-0.362485875726345,8.68333743277702,0.496086033915838,1,"Eif3k","Cd74",0.2,0.04
-0.29053488863745,11.4415413095545,0.497195724132892,1,"Rpl3","Cd74",0.2,0.04
0.390355737265342,7.58939191401619,0.497411645434439,1,"Tap1","Cd74",0.2,0.04
-0.289923201601255,11.4972058921881,0.497523093465832,1,"Rpl30","Cd74",0.2,0.04
-0.29262621134738,10.9344852577161,0.500800104169348,1,"Psap","Cd74",0.2,0.04
-0.335955350396403,9.20263562384426,0.501103015823495,1,"Clta","Cd74",0.2,0.04
-0.291527966161861,11.0786706166525,0.502727772075145,1,"Rps6","Cd74",0.2,0.04
0.364851601645504,8.34429927461425,0.503705040022481,1,"Psmb2","Cd74",0.2,0.04
0.564891550946686,6.48501196766314,0.503738533369118,1,"Eif2s3y","Cd74",0.2,0.04
0.538528048377146,6.50218432982035,0.503738533369118,1,"Kdm7a","Cd74",0.2,0.04
0.538528048377146,6.50218432982035,0.503738533369118,1,"Numa1","Cd74",0.2,0.04
0.538528048377146,6.50218432982035,0.503738533369118,1,"Msl1","Cd74",0.2,0.04
0.512637673937319,6.51909737789706,0.503738533369118,1,"Kpnb1","Cd74",0.2,0.04
-0.28886239031257,10.9323328201214,0.509313652069917,1,"Rack1","Cd74",0.2,0.04
5.34164774334582,2.69643187813133,0.509803921568627,1,"4930403P22Rik","Cd74",0.2,0.04
5.34164774334582,2.69643187813133,0.509803921568627,1,"Slc9a2","Cd74",0.2,0.04
5.34164774334582,2.69643187813133,0.509803921568627,1,"Dpp10","Cd74",0.2,0.04
5.34164774334582,2.69643187813133,0.509803921568627,1,"Rasal2","Cd74",0.2,0.04
5.34164774334582,2.69643187813133,0.509803921568627,1,"Gm15853","Cd74",0.2,0.04
5.34164774334582,2.69643187813133,0.509803921568627,1,"Ifi206","Cd74",0.2,0.04
5.34164774334582,2.69643187813133,0.509803921568627,1,"Ifi213","Cd74",0.2,0.04
5.34164774334582,2.69643187813133,0.509803921568627,1,"Lefty1","Cd74",0.2,0.04
5.34164774334582,2.69643187813133,0.509803921568627,1,"Atf3","Cd74",0.2,0.04
5.34164774334582,2.69643187813133,0.509803921568627,1,"Optn","Cd74",0.2,0.04
5.34164774334582,2.69643187813133,0.509803921568627,1,"Slc34a3","Cd74",0.2,0.04
5.34164774334582,2.69643187813133,0.509803921568627,1,"Stxbp1","Cd74",0.2,0.04
5.34164774334582,2.69643187813133,0.509803921568627,1,"Cobll1","Cd74",0.2,0.04
5.34164774334582,2.69643187813133,0.509803921568627,1,"Nr1h3","Cd74",0.2,0.04
5.34164774334582,2.69643187813133,0.509803921568627,1,"Mapk8ip1","Cd74",0.2,0.04
5.34164774334582,2.69643187813133,0.509803921568627,1,"Rasgrp1","Cd74",0.2,0.04
5.34164774334582,2.69643187813133,0.509803921568627,1,"Gm10762","Cd74",0.2,0.04
5.34164774334582,2.69643187813133,0.509803921568627,1,"Il1b","Cd74",0.2,0.04
5.34164774334582,2.69643187813133,0.509803921568627,1,"Adam33","Cd74",0.2,0.04
5.34164774334582,2.69643187813133,0.509803921568627,1,"Napb","Cd74",0.2,0.04
5.34164774334582,2.69643187813133,0.509803921568627,1,"Gm14286","Cd74",0.2,0.04
5.34164774334582,2.69643187813133,0.509803921568627,1,"Bcas1","Cd74",0.2,0.04
5.34164774334582,2.69643187813133,0.509803921568627,1,"Zfp965","Cd74",0.2,0.04
5.34164774334582,2.69643187813133,0.509803921568627,1,"Zfp970","Cd74",0.2,0.04
5.34164774334582,2.69643187813133,0.509803921568627,1,"Gm14820","Cd74",0.2,0.04
5.34164774334582,2.69643187813133,0.509803921568627,1,"Slc38a5","Cd74",0.2,0.04
5.34164774334582,2.69643187813133,0.509803921568627,1,"Chst7","Cd74",0.2,0.04
5.34164774334582,2.69643187813133,0.509803921568627,1,"Phka1","Cd74",0.2,0.04
5.34164774334582,2.69643187813133,0.509803921568627,1,"Tspan6","Cd74",0.2,0.04
5.34164774334582,2.69643187813133,0.509803921568627,1,"Tceal1","Cd74",0.2,0.04
5.34164774334582,2.69643187813133,0.509803921568627,1,"Slc25a53","Cd74",0.2,0.04
5.34164774334582,2.69643187813133,0.509803921568627,1,"Ribc1","Cd74",0.2,0.04
5.34164774334582,2.69643187813133,0.509803921568627,1,"Sirpb1b","Cd74",0.2,0.04
5.34164774334582,2.69643187813133,0.509803921568627,1,"Tnfsf10","Cd74",0.2,0.04
5.34164774334582,2.69643187813133,0.509803921568627,1,"Gm37305","Cd74",0.2,0.04
5.34164774334582,2.69643187813133,0.509803921568627,1,"Syt11","Cd74",0.2,0.04
5.34164774334582,2.69643187813133,0.509803921568627,1,"S100a3","Cd74",0.2,0.04
5.34164774334582,2.69643187813133,0.509803921568627,1,"6330562C20Rik","Cd74",0.2,0.04
5.34164774334582,2.69643187813133,0.509803921568627,1,"Cd101","Cd74",0.2,0.04
5.34164774334582,2.69643187813133,0.509803921568627,1,"Rhoc","Cd74",0.2,0.04
5.34164774334582,2.69643187813133,0.509803921568627,1,"Arhgap29","Cd74",0.2,0.04
5.34164774334582,2.69643187813133,0.509803921568627,1,"Gbp3","Cd74",0.2,0.04
5.34164774334582,2.69643187813133,0.509803921568627,1,"Spag8","Cd74",0.2,0.04
5.34164774334582,2.69643187813133,0.509803921568627,1,"Cyp2j9","Cd74",0.2,0.04
5.34164774334582,2.69643187813133,0.509803921568627,1,"Angptl3","Cd74",0.2,0.04
5.34164774334582,2.69643187813133,0.509803921568627,1,"Mmachc","Cd74",0.2,0.04
5.34164774334582,2.69643187813133,0.509803921568627,1,"Matn1","Cd74",0.2,0.04
5.34164774334582,2.69643187813133,0.509803921568627,1,"Id3","Cd74",0.2,0.04
5.34164774334582,2.69643187813133,0.509803921568627,1,"Tcea3","Cd74",0.2,0.04
5.34164774334582,2.69643187813133,0.509803921568627,1,"Kazn","Cd74",0.2,0.04
5.34164774334582,2.69643187813133,0.509803921568627,1,"Prom1","Cd74",0.2,0.04
5.34164774334582,2.69643187813133,0.509803921568627,1,"Fam184b","Cd74",0.2,0.04
5.34164774334582,2.69643187813133,0.509803921568627,1,"Tbc1d19","Cd74",0.2,0.04
5.34164774334582,2.69643187813133,0.509803921568627,1,"Oasl2","Cd74",0.2,0.04
5.34164774334582,2.69643187813133,0.509803921568627,1,"1110006O24Rik","Cd74",0.2,0.04
5.34164774334582,2.69643187813133,0.509803921568627,1,"Ufsp1","Cd74",0.2,0.04
5.34164774334582,2.69643187813133,0.509803921568627,1,"Dnaaf5","Cd74",0.2,0.04
5.34164774334582,2.69643187813133,0.509803921568627,1,"Gm16120","Cd74",0.2,0.04
5.34164774334582,2.69643187813133,0.509803921568627,1,"Tcf7l1","Cd74",0.2,0.04
5.34164774334582,2.69643187813133,0.509803921568627,1,"Gm43936","Cd74",0.2,0.04
5.34164774334582,2.69643187813133,0.509803921568627,1,"Magi1","Cd74",0.2,0.04
5.34164774334582,2.69643187813133,0.509803921568627,1,"Mitf","Cd74",0.2,0.04
5.34164774334582,2.69643187813133,0.509803921568627,1,"Lhfpl4","Cd74",0.2,0.04
5.34164774334582,2.69643187813133,0.509803921568627,1,"Pparg","Cd74",0.2,0.04
5.34164774334582,2.69643187813133,0.509803921568627,1,"2810454H06Rik","Cd74",0.2,0.04
5.34164774334582,2.69643187813133,0.509803921568627,1,"Rep15","Cd74",0.2,0.04
5.34164774334582,2.69643187813133,0.509803921568627,1,"Rasl2-9","Cd74",0.2,0.04
5.34164774334582,2.69643187813133,0.509803921568627,1,"Zfp773","Cd74",0.2,0.04
5.34164774334582,2.69643187813133,0.509803921568627,1,"Zfp112","Cd74",0.2,0.04
5.34164774334582,2.69643187813133,0.509803921568627,1,"Plaur","Cd74",0.2,0.04
5.34164774334582,2.69643187813133,0.509803921568627,1,"Pld3","Cd74",0.2,0.04
5.34164774334582,2.69643187813133,0.509803921568627,1,"Catsperg1","Cd74",0.2,0.04
5.34164774334582,2.69643187813133,0.509803921568627,1,"Zfp568","Cd74",0.2,0.04
5.34164774334582,2.69643187813133,0.509803921568627,1,"Zfp14","Cd74",0.2,0.04
5.34164774334582,2.69643187813133,0.509803921568627,1,"Rgs9bp","Cd74",0.2,0.04
5.34164774334582,2.69643187813133,0.509803921568627,1,"A030001D20Rik","Cd74",0.2,0.04
5.34164774334582,2.69643187813133,0.509803921568627,1,"Fam83e","Cd74",0.2,0.04
5.34164774334582,2.69643187813133,0.509803921568627,1,"Siglech","Cd74",0.2,0.04
5.34164774334582,2.69643187813133,0.509803921568627,1,"Ttll13","Cd74",0.2,0.04
5.34164774334582,2.69643187813133,0.509803921568627,1,"Fah","Cd74",0.2,0.04
5.34164774334582,2.69643187813133,0.509803921568627,1,"Spon1","Cd74",0.2,0.04
5.34164774334582,2.69643187813133,0.509803921568627,1,"Slc5a11","Cd74",0.2,0.04
5.34164774334582,2.69643187813133,0.509803921568627,1,"Il27","Cd74",0.2,0.04
5.34164774334582,2.69643187813133,0.509803921568627,1,"Nkx1-2","Cd74",0.2,0.04
5.34164774334582,2.69643187813133,0.509803921568627,1,"Adam12","Cd74",0.2,0.04
5.34164774334582,2.69643187813133,0.509803921568627,1,"Fam196a","Cd74",0.2,0.04
5.34164774334582,2.69643187813133,0.509803921568627,1,"Ifitm5","Cd74",0.2,0.04
5.34164774334582,2.69643187813133,0.509803921568627,1,"Cttn","Cd74",0.2,0.04
5.34164774334582,2.69643187813133,0.509803921568627,1,"Slc35d3","Cd74",0.2,0.04
5.34164774334582,2.69643187813133,0.509803921568627,1,"Traf3ip2","Cd74",0.2,0.04
5.34164774334582,2.69643187813133,0.509803921568627,1,"Msl3l2","Cd74",0.2,0.04
5.34164774334582,2.69643187813133,0.509803921568627,1,"Gzmm","Cd74",0.2,0.04
5.34164774334582,2.69643187813133,0.509803921568627,1,"Dram1","Cd74",0.2,0.04
5.34164774334582,2.69643187813133,0.509803921568627,1,"Tbc1d30","Cd74",0.2,0.04
5.34164774334582,2.69643187813133,0.509803921568627,1,"A130077B15Rik","Cd74",0.2,0.04
5.34164774334582,2.69643187813133,0.509803921568627,1,"F10","Cd74",0.2,0.04
5.34164774334582,2.69643187813133,0.509803921568627,1,"Gm9951","Cd74",0.2,0.04
5.34164774334582,2.69643187813133,0.509803921568627,1,"A430057M04Rik","Cd74",0.2,0.04
5.34164774334582,2.69643187813133,0.509803921568627,1,"Fam213a","Cd74",0.2,0.04
5.34164774334582,2.69643187813133,0.509803921568627,1,"Gm15601","Cd74",0.2,0.04
5.34164774334582,2.69643187813133,0.509803921568627,1,"Gm4285","Cd74",0.2,0.04
5.34164774334582,2.69643187813133,0.509803921568627,1,"Piwil4","Cd74",0.2,0.04
5.34164774334582,2.69643187813133,0.509803921568627,1,"1700012B09Rik","Cd74",0.2,0.04
5.34164774334582,2.69643187813133,0.509803921568627,1,"Ccdc159","Cd74",0.2,0.04
5.34164774334582,2.69643187813133,0.509803921568627,1,"Bmper","Cd74",0.2,0.04
5.34164774334582,2.69643187813133,0.509803921568627,1,"Dixdc1","Cd74",0.2,0.04
5.34164774334582,2.69643187813133,0.509803921568627,1,"Neil1","Cd74",0.2,0.04
5.34164774334582,2.69643187813133,0.509803921568627,1,"Car12","Cd74",0.2,0.04
5.34164774334582,2.69643187813133,0.509803921568627,1,"Lysmd2","Cd74",0.2,0.04
5.34164774334582,2.69643187813133,0.509803921568627,1,"Gm17477","Cd74",0.2,0.04
5.34164774334582,2.69643187813133,0.509803921568627,1,"Nmnat3","Cd74",0.2,0.04
5.34164774334582,2.69643187813133,0.509803921568627,1,"Amt","Cd74",0.2,0.04
5.34164774334582,2.69643187813133,0.509803921568627,1,"Pomgnt2","Cd74",0.2,0.04
5.34164774334582,2.69643187813133,0.509803921568627,1,"Gal3st1","Cd74",0.2,0.04
5.34164774334582,2.69643187813133,0.509803921568627,1,"Ranbp17","Cd74",0.2,0.04
5.34164774334582,2.69643187813133,0.509803921568627,1,"Ebf1","Cd74",0.2,0.04
5.34164774334582,2.69643187813133,0.509803921568627,1,"Gm12184","Cd74",0.2,0.04
5.34164774334582,2.69643187813133,0.509803921568627,1,"Gm12258","Cd74",0.2,0.04
5.34164774334582,2.69643187813133,0.509803921568627,1,"Cldn7","Cd74",0.2,0.04
5.34164774334582,2.69643187813133,0.509803921568627,1,"Smtnl2","Cd74",0.2,0.04
5.34164774334582,2.69643187813133,0.509803921568627,1,"Lrrc46","Cd74",0.2,0.04
5.34164774334582,2.69643187813133,0.509803921568627,1,"Ghdc","Cd74",0.2,0.04
5.34164774334582,2.69643187813133,0.509803921568627,1,"Hsd17b1","Cd74",0.2,0.04
5.34164774334582,2.69643187813133,0.509803921568627,1,"Acbd4","Cd74",0.2,0.04
5.34164774334582,2.69643187813133,0.509803921568627,1,"1810010H24Rik","Cd74",0.2,0.04
5.34164774334582,2.69643187813133,0.509803921568627,1,"Abca9","Cd74",0.2,0.04
5.34164774334582,2.69643187813133,0.509803921568627,1,"Gm47882","Cd74",0.2,0.04
5.34164774334582,2.69643187813133,0.509803921568627,1,"Gm31834","Cd74",0.2,0.04
5.34164774334582,2.69643187813133,0.509803921568627,1,"Gm34788","Cd74",0.2,0.04
5.34164774334582,2.69643187813133,0.509803921568627,1,"Gm36445","Cd74",0.2,0.04
5.34164774334582,2.69643187813133,0.509803921568627,1,"Zfp456","Cd74",0.2,0.04
5.34164774334582,2.69643187813133,0.509803921568627,1,"F2rl1","Cd74",0.2,0.04
5.34164774334582,2.69643187813133,0.509803921568627,1,"F2r","Cd74",0.2,0.04
5.34164774334582,2.69643187813133,0.509803921568627,1,"Arhgef28","Cd74",0.2,0.04
5.34164774334582,2.69643187813133,0.509803921568627,1,"2610204G07Rik","Cd74",0.2,0.04
5.34164774334582,2.69643187813133,0.509803921568627,1,"Pde4d","Cd74",0.2,0.04
5.34164774334582,2.69643187813133,0.509803921568627,1,"AC153140.2","Cd74",0.2,0.04
5.34164774334582,2.69643187813133,0.509803921568627,1,"Pnma1","Cd74",0.2,0.04
5.34164774334582,2.69643187813133,0.509803921568627,1,"Ism2","Cd74",0.2,0.04
5.34164774334582,2.69643187813133,0.509803921568627,1,"Clmn","Cd74",0.2,0.04
5.34164774334582,2.69643187813133,0.509803921568627,1,"Dlk1","Cd74",0.2,0.04
5.34164774334582,2.69643187813133,0.509803921568627,1,"Rapgef5","Cd74",0.2,0.04
5.34164774334582,2.69643187813133,0.509803921568627,1,"Mapk12","Cd74",0.2,0.04
5.34164774334582,2.69643187813133,0.509803921568627,1,"Npff","Cd74",0.2,0.04
5.34164774334582,2.69643187813133,0.509803921568627,1,"Il1rap","Cd74",0.2,0.04
5.34164774334582,2.69643187813133,0.509803921568627,1,"Hes1","Cd74",0.2,0.04
5.34164774334582,2.69643187813133,0.509803921568627,1,"Fstl1","Cd74",0.2,0.04
5.34164774334582,2.69643187813133,0.509803921568627,1,"Gm15966","Cd74",0.2,0.04
5.34164774334582,2.69643187813133,0.509803921568627,1,"Gm1604a","Cd74",0.2,0.04
5.34164774334582,2.69643187813133,0.509803921568627,1,"Ccdc78","Cd74",0.2,0.04
5.34164774334582,2.69643187813133,0.509803921568627,1,"Pnpla1","Cd74",0.2,0.04
5.34164774334582,2.69643187813133,0.509803921568627,1,"Gm28043","Cd74",0.2,0.04
5.34164774334582,2.69643187813133,0.509803921568627,1,"Treml1","Cd74",0.2,0.04
5.34164774334582,2.69643187813133,0.509803921568627,1,"Zfp521","Cd74",0.2,0.04
5.34164774334582,2.69643187813133,0.509803921568627,1,"Fhod3","Cd74",0.2,0.04
5.34164774334582,2.69643187813133,0.509803921568627,1,"Gm26533","Cd74",0.2,0.04
5.34164774334582,2.69643187813133,0.509803921568627,1,"Camk4","Cd74",0.2,0.04
5.34164774334582,2.69643187813133,0.509803921568627,1,"Pcdhb14","Cd74",0.2,0.04
5.34164774334582,2.69643187813133,0.509803921568627,1,"Prelid3a","Cd74",0.2,0.04
5.34164774334582,2.69643187813133,0.509803921568627,1,"Pcx","Cd74",0.2,0.04
5.34164774334582,2.69643187813133,0.509803921568627,1,"Gm42067","Cd74",0.2,0.04
5.34164774334582,2.69643187813133,0.509803921568627,1,"Cdc42ep2","Cd74",0.2,0.04
5.34164774334582,2.69643187813133,0.509803921568627,1,"Tmem132a","Cd74",0.2,0.04
5.34164774334582,2.69643187813133,0.509803921568627,1,"Adrb1","Cd74",0.2,0.04
5.34164774334582,2.69643187813133,0.509803921568627,1,"B230217O12Rik","Cd74",0.2,0.04
5.34164774334582,2.69643187813133,0.509803921568627,1,"Nanos1","Cd74",0.2,0.04
-5.00676693988938,3.74702061720477,0.509803921568627,1,"Sema4c","Cd74",0.2,0.04
-5.00676693988938,3.74702061720477,0.509803921568627,1,"Gm16152","Cd74",0.2,0.04
-5.00676693988938,3.74702061720477,0.509803921568627,1,"Tyw5","Cd74",0.2,0.04
-5.00676693988938,3.74702061720477,0.509803921568627,1,"Stk11ip","Cd74",0.2,0.04
-5.00676693988938,3.74702061720477,0.509803921568627,1,"Agap1","Cd74",0.2,0.04
-5.00676693988938,3.74702061720477,0.509803921568627,1,"Scly","Cd74",0.2,0.04
-5.00676693988938,3.74702061720477,0.509803921568627,1,"Zranb3","Cd74",0.2,0.04
-5.00676693988938,3.74702061720477,0.509803921568627,1,"Slc41a1","Cd74",0.2,0.04
-5.00676693988938,3.74702061720477,0.509803921568627,1,"Gm9530","Cd74",0.2,0.04
-5.00676693988938,3.74702061720477,0.509803921568627,1,"Atp1b1","Cd74",0.2,0.04
-5.00676693988938,3.74702061720477,0.509803921568627,1,"Cnst","Cd74",0.2,0.04
-5.00676693988938,3.74702061720477,0.509803921568627,1,"Tprn","Cd74",0.2,0.04
-5.00676693988938,3.74702061720477,0.509803921568627,1,"Tbc1d13","Cd74",0.2,0.04
-5.00676693988938,3.74702061720477,0.509803921568627,1,"Asb6","Cd74",0.2,0.04
-5.00676693988938,3.74702061720477,0.509803921568627,1,"Usp20","Cd74",0.2,0.04
-5.00676693988938,3.74702061720477,0.509803921568627,1,"Fpgs","Cd74",0.2,0.04
-5.00676693988938,3.74702061720477,0.509803921568627,1,"Zbtb43","Cd74",0.2,0.04
-5.00676693988938,3.74702061720477,0.509803921568627,1,"Gpr155","Cd74",0.2,0.04
-5.00676693988938,3.74702061720477,0.509803921568627,1,"Sestd1","Cd74",0.2,0.04
-5.00676693988938,3.74702061720477,0.509803921568627,1,"Ambra1","Cd74",0.2,0.04
-5.00676693988938,3.74702061720477,0.509803921568627,1,"Nat10","Cd74",0.2,0.04
-5.00676693988938,3.74702061720477,0.509803921568627,1,"Ppip5k1","Cd74",0.2,0.04
-5.00676693988938,3.74702061720477,0.509803921568627,1,"Zc3h6","Cd74",0.2,0.04
-5.00676693988938,3.74702061720477,0.509803921568627,1,"Mcm8","Cd74",0.2,0.04
-5.00676693988938,3.74702061720477,0.509803921568627,1,"Ttpal","Cd74",0.2,0.04
-5.00676693988938,3.74702061720477,0.509803921568627,1,"Clcn5","Cd74",0.2,0.04
-5.00676693988938,3.74702061720477,0.509803921568627,1,"Zbtb33","Cd74",0.2,0.04
-5.00676693988938,3.74702061720477,0.509803921568627,1,"Slc25a14","Cd74",0.2,0.04
-5.00676693988938,3.74702061720477,0.509803921568627,1,"Nsdhl","Cd74",0.2,0.04
-5.00676693988938,3.74702061720477,0.509803921568627,1,"Armcx5","Cd74",0.2,0.04
-5.00676693988938,3.74702061720477,0.509803921568627,1,"Bhlhb9","Cd74",0.2,0.04
-5.00676693988938,3.74702061720477,0.509803921568627,1,"Rbm41","Cd74",0.2,0.04
-5.00676693988938,3.74702061720477,0.509803921568627,1,"Cog6","Cd74",0.2,0.04
-5.00676693988938,3.74702061720477,0.509803921568627,1,"Rorc","Cd74",0.2,0.04
-5.00676693988938,3.74702061720477,0.509803921568627,1,"Tspan2","Cd74",0.2,0.04
-5.00676693988938,3.74702061720477,0.509803921568627,1,"Sort1","Cd74",0.2,0.04
-5.00676693988938,3.74702061720477,0.509803921568627,1,"Rbm12b2","Cd74",0.2,0.04
-5.00676693988938,3.74702061720477,0.509803921568627,1,"Ahdc1","Cd74",0.2,0.04
-5.00676693988938,3.74702061720477,0.509803921568627,1,"Zbtb17","Cd74",0.2,0.04
-5.00676693988938,3.74702061720477,0.509803921568627,1,"Plod1","Cd74",0.2,0.04
-5.00676693988938,3.74702061720477,0.509803921568627,1,"Cptp","Cd74",0.2,0.04
-5.00676693988938,3.74702061720477,0.509803921568627,1,"Pusl1","Cd74",0.2,0.04
-5.00676693988938,3.74702061720477,0.509803921568627,1,"Acap3","Cd74",0.2,0.04
-5.00676693988938,3.74702061720477,0.509803921568627,1,"Phtf2","Cd74",0.2,0.04
-5.00676693988938,3.74702061720477,0.509803921568627,1,"Mthfd2l","Cd74",0.2,0.04
-5.00676693988938,3.74702061720477,0.509803921568627,1,"Vsig10","Cd74",0.2,0.04
-5.00676693988938,3.74702061720477,0.509803921568627,1,"Rhof","Cd74",0.2,0.04
-5.00676693988938,3.74702061720477,0.509803921568627,1,"Zscan21","Cd74",0.2,0.04
-5.00676693988938,3.74702061720477,0.509803921568627,1,"Snx8","Cd74",0.2,0.04
-5.00676693988938,3.74702061720477,0.509803921568627,1,"Mios","Cd74",0.2,0.04
-5.00676693988938,3.74702061720477,0.509803921568627,1,"Rbsn","Cd74",0.2,0.04
-5.00676693988938,3.74702061720477,0.509803921568627,1,"Cd163","Cd74",0.2,0.04
-5.00676693988938,3.74702061720477,0.509803921568627,1,"Clec1a","Cd74",0.2,0.04
-5.00676693988938,3.74702061720477,0.509803921568627,1,"Gpr19","Cd74",0.2,0.04
-5.00676693988938,3.74702061720477,0.509803921568627,1,"Rassf8","Cd74",0.2,0.04
-5.00676693988938,3.74702061720477,0.509803921568627,1,"Gm14548","Cd74",0.2,0.04
-5.00676693988938,3.74702061720477,0.509803921568627,1,"Arhgap35","Cd74",0.2,0.04
-5.00676693988938,3.74702061720477,0.509803921568627,1,"Rab4b","Cd74",0.2,0.04
-5.00676693988938,3.74702061720477,0.509803921568627,1,"Cep89","Cd74",0.2,0.04
-5.00676693988938,3.74702061720477,0.509803921568627,1,"Zfp715","Cd74",0.2,0.04
-5.00676693988938,3.74702061720477,0.509803921568627,1,"Pik3c2a","Cd74",0.2,0.04
-5.00676693988938,3.74702061720477,0.509803921568627,1,"Rexo5","Cd74",0.2,0.04
-5.00676693988938,3.74702061720477,0.509803921568627,1,"Polr3e","Cd74",0.2,0.04
-5.00676693988938,3.74702061720477,0.509803921568627,1,"Gdpd3","Cd74",0.2,0.04
-5.00676693988938,3.74702061720477,0.509803921568627,1,"Zfp668","Cd74",0.2,0.04
-5.00676693988938,3.74702061720477,0.509803921568627,1,"Edrf1","Cd74",0.2,0.04
-5.00676693988938,3.74702061720477,0.509803921568627,1,"1810043G02Rik","Cd74",0.2,0.04
-5.00676693988938,3.74702061720477,0.509803921568627,1,"Zfp873","Cd74",0.2,0.04
-5.00676693988938,3.74702061720477,0.509803921568627,1,"Cradd","Cd74",0.2,0.04
-5.00676693988938,3.74702061720477,0.509803921568627,1,"Pnpla6","Cd74",0.2,0.04
-5.00676693988938,3.74702061720477,0.509803921568627,1,"Cd209e","Cd74",0.2,0.04
-5.00676693988938,3.74702061720477,0.509803921568627,1,"Irs2","Cd74",0.2,0.04
-5.00676693988938,3.74702061720477,0.509803921568627,1,"Zfp703","Cd74",0.2,0.04
-5.00676693988938,3.74702061720477,0.509803921568627,1,"Sugp1","Cd74",0.2,0.04
-5.00676693988938,3.74702061720477,0.509803921568627,1,"Tmem221","Cd74",0.2,0.04
-5.00676693988938,3.74702061720477,0.509803921568627,1,"Zfp617","Cd74",0.2,0.04
-5.00676693988938,3.74702061720477,0.509803921568627,1,"Zfp276","Cd74",0.2,0.04
-5.00676693988938,3.74702061720477,0.509803921568627,1,"Comtd1","Cd74",0.2,0.04
-5.00676693988938,3.74702061720477,0.509803921568627,1,"Rab2b","Cd74",0.2,0.04
-5.00676693988938,3.74702061720477,0.509803921568627,1,"Gm27010","Cd74",0.2,0.04
-5.00676693988938,3.74702061720477,0.509803921568627,1,"Snx19","Cd74",0.2,0.04
-5.00676693988938,3.74702061720477,0.509803921568627,1,"Tirap","Cd74",0.2,0.04
-5.00676693988938,3.74702061720477,0.509803921568627,1,"Bace1","Cd74",0.2,0.04
-5.00676693988938,3.74702061720477,0.509803921568627,1,"Ice2","Cd74",0.2,0.04
-5.00676693988938,3.74702061720477,0.509803921568627,1,"Tmem115","Cd74",0.2,0.04
-5.00676693988938,3.74702061720477,0.509803921568627,1,"Ano10","Cd74",0.2,0.04
-5.00676693988938,3.74702061720477,0.509803921568627,1,"Ccr1","Cd74",0.2,0.04
-5.00676693988938,3.74702061720477,0.509803921568627,1,"Tcn2","Cd74",0.2,0.04
-5.00676693988938,3.74702061720477,0.509803921568627,1,"Eral1","Cd74",0.2,0.04
-5.00676693988938,3.74702061720477,0.509803921568627,1,"Aldoc","Cd74",0.2,0.04
-5.00676693988938,3.74702061720477,0.509803921568627,1,"Gm11423","Cd74",0.2,0.04
-5.00676693988938,3.74702061720477,0.509803921568627,1,"Pex12","Cd74",0.2,0.04
-5.00676693988938,3.74702061720477,0.509803921568627,1,"Mmp28","Cd74",0.2,0.04
-5.00676693988938,3.74702061720477,0.509803921568627,1,"Bcas3","Cd74",0.2,0.04
-5.00676693988938,3.74702061720477,0.509803921568627,1,"Acsf2","Cd74",0.2,0.04
-5.00676693988938,3.74702061720477,0.509803921568627,1,"Dcakd","Cd74",0.2,0.04
-5.00676693988938,3.74702061720477,0.509803921568627,1,"Tmc8","Cd74",0.2,0.04
-5.00676693988938,3.74702061720477,0.509803921568627,1,"Cep131","Cd74",0.2,0.04
-5.00676693988938,3.74702061720477,0.509803921568627,1,"Oxld1","Cd74",0.2,0.04
-5.00676693988938,3.74702061720477,0.509803921568627,1,"Gm32036","Cd74",0.2,0.04
-5.00676693988938,3.74702061720477,0.509803921568627,1,"Hist1h4h","Cd74",0.2,0.04
-5.00676693988938,3.74702061720477,0.509803921568627,1,"Gmds","Cd74",0.2,0.04
-5.00676693988938,3.74702061720477,0.509803921568627,1,"Slc22a23","Cd74",0.2,0.04
-5.00676693988938,3.74702061720477,0.509803921568627,1,"Lyrm4","Cd74",0.2,0.04
-5.00676693988938,3.74702061720477,0.509803921568627,1,"Bloc1s5","Cd74",0.2,0.04
-5.00676693988938,3.74702061720477,0.509803921568627,1,"Atxn1","Cd74",0.2,0.04
-5.00676693988938,3.74702061720477,0.509803921568627,1,"Zfp429","Cd74",0.2,0.04
-5.00676693988938,3.74702061720477,0.509803921568627,1,"Wdr41","Cd74",0.2,0.04
-5.00676693988938,3.74702061720477,0.509803921568627,1,"Gm6169","Cd74",0.2,0.04
-5.00676693988938,3.74702061720477,0.509803921568627,1,"1110008L16Rik","Cd74",0.2,0.04
-5.00676693988938,3.74702061720477,0.509803921568627,1,"Actn1","Cd74",0.2,0.04
-5.00676693988938,3.74702061720477,0.509803921568627,1,"Spata7","Cd74",0.2,0.04
-5.00676693988938,3.74702061720477,0.509803921568627,1,"2410089E03Rik","Cd74",0.2,0.04
-5.00676693988938,3.74702061720477,0.509803921568627,1,"Deptor","Cd74",0.2,0.04
-5.00676693988938,3.74702061720477,0.509803921568627,1,"Zfp7","Cd74",0.2,0.04
-5.00676693988938,3.74702061720477,0.509803921568627,1,"1700037C18Rik","Cd74",0.2,0.04
-5.00676693988938,3.74702061720477,0.509803921568627,1,"Ercc4","Cd74",0.2,0.04
-5.00676693988938,3.74702061720477,0.509803921568627,1,"Smpd4","Cd74",0.2,0.04
-5.00676693988938,3.74702061720477,0.509803921568627,1,"Hspbap1","Cd74",0.2,0.04
-5.00676693988938,3.74702061720477,0.509803921568627,1,"Gtf2e1","Cd74",0.2,0.04
-5.00676693988938,3.74702061720477,0.509803921568627,1,"Ccdc191","Cd74",0.2,0.04
-5.00676693988938,3.74702061720477,0.509803921568627,1,"Cep97","Cd74",0.2,0.04
-5.00676693988938,3.74702061720477,0.509803921568627,1,"Tfb1m","Cd74",0.2,0.04
-5.00676693988938,3.74702061720477,0.509803921568627,1,"Synj2","Cd74",0.2,0.04
-5.00676693988938,3.74702061720477,0.509803921568627,1,"9030025P20Rik","Cd74",0.2,0.04
-5.00676693988938,3.74702061720477,0.509803921568627,1,"Rab26os","Cd74",0.2,0.04
-5.00676693988938,3.74702061720477,0.509803921568627,1,"Rpusd1","Cd74",0.2,0.04
-5.00676693988938,3.74702061720477,0.509803921568627,1,"Itpr3","Cd74",0.2,0.04
-5.00676693988938,3.74702061720477,0.509803921568627,1,"Fkbpl","Cd74",0.2,0.04
-5.00676693988938,3.74702061720477,0.509803921568627,1,"Neu1","Cd74",0.2,0.04
-5.00676693988938,3.74702061720477,0.509803921568627,1,"Aars2","Cd74",0.2,0.04
-5.00676693988938,3.74702061720477,0.509803921568627,1,"Trem3","Cd74",0.2,0.04
-5.00676693988938,3.74702061720477,0.509803921568627,1,"Gm4707","Cd74",0.2,0.04
-5.00676693988938,3.74702061720477,0.509803921568627,1,"Mpp7","Cd74",0.2,0.04
-5.00676693988938,3.74702061720477,0.509803921568627,1,"Gypc","Cd74",0.2,0.04
-5.00676693988938,3.74702061720477,0.509803921568627,1,"Dnajc18","Cd74",0.2,0.04
-5.00676693988938,3.74702061720477,0.509803921568627,1,"Trim36","Cd74",0.2,0.04
-5.00676693988938,3.74702061720477,0.509803921568627,1,"Cep120","Cd74",0.2,0.04
-5.00676693988938,3.74702061720477,0.509803921568627,1,"1500015A07Rik","Cd74",0.2,0.04
-5.00676693988938,3.74702061720477,0.509803921568627,1,"4930481A15Rik","Cd74",0.2,0.04
-5.00676693988938,3.74702061720477,0.509803921568627,1,"Tjp2","Cd74",0.2,0.04
-4.79183407491124,3.61445150669788,0.509803921568627,1,"Tsga10","Cd74",0.2,0.04
-4.79183407491124,3.61445150669788,0.509803921568627,1,"Stradb","Cd74",0.2,0.04
-4.79183407491124,3.61445150669788,0.509803921568627,1,"Gmppa","Cd74",0.2,0.04
-4.79183407491124,3.61445150669788,0.509803921568627,1,"A530032D15Rik","Cd74",0.2,0.04
-4.79183407491124,3.61445150669788,0.509803921568627,1,"Sh3bp4","Cd74",0.2,0.04
-4.79183407491124,3.61445150669788,0.509803921568627,1,"Slc35f5","Cd74",0.2,0.04
-4.79183407491124,3.61445150669788,0.509803921568627,1,"Rnasel","Cd74",0.2,0.04
-4.79183407491124,3.61445150669788,0.509803921568627,1,"Ralgps2","Cd74",0.2,0.04
-4.79183407491124,3.61445150669788,0.509803921568627,1,"Arl5b","Cd74",0.2,0.04
-4.79183407491124,3.61445150669788,0.509803921568627,1,"Fam69b","Cd74",0.2,0.04
-4.79183407491124,3.61445150669788,0.509803921568627,1,"Gtf3c5","Cd74",0.2,0.04
-4.79183407491124,3.61445150669788,0.509803921568627,1,"Slc27a4","Cd74",0.2,0.04
-4.79183407491124,3.61445150669788,0.509803921568627,1,"Naif1","Cd74",0.2,0.04
-4.79183407491124,3.61445150669788,0.509803921568627,1,"Bahd1","Cd74",0.2,0.04
-4.79183407491124,3.61445150669788,0.509803921568627,1,"Slc30a4","Cd74",0.2,0.04
-4.79183407491124,3.61445150669788,0.509803921568627,1,"1810024B03Rik","Cd74",0.2,0.04
-4.79183407491124,3.61445150669788,0.509803921568627,1,"Rnf24","Cd74",0.2,0.04
-4.79183407491124,3.61445150669788,0.509803921568627,1,"Entpd6","Cd74",0.2,0.04
-4.79183407491124,3.61445150669788,0.509803921568627,1,"2900093K20Rik","Cd74",0.2,0.04
-4.79183407491124,3.61445150669788,0.509803921568627,1,"Gmeb2","Cd74",0.2,0.04
-4.79183407491124,3.61445150669788,0.509803921568627,1,"Fam199x","Cd74",0.2,0.04
-4.79183407491124,3.61445150669788,0.509803921568627,1,"Cdkl5","Cd74",0.2,0.04
-4.79183407491124,3.61445150669788,0.509803921568627,1,"Trappc2","Cd74",0.2,0.04
-4.79183407491124,3.61445150669788,0.509803921568627,1,"Zc2hc1a","Cd74",0.2,0.04
-4.79183407491124,3.61445150669788,0.509803921568627,1,"Hist2h2aa1","Cd74",0.2,0.04
-4.79183407491124,3.61445150669788,0.509803921568627,1,"Gm42722","Cd74",0.2,0.04
-4.79183407491124,3.61445150669788,0.509803921568627,1,"Usp53","Cd74",0.2,0.04
-4.79183407491124,3.61445150669788,0.509803921568627,1,"Zgrf1","Cd74",0.2,0.04
-4.79183407491124,3.61445150669788,0.509803921568627,1,"Rad54b","Cd74",0.2,0.04
-4.79183407491124,3.61445150669788,0.509803921568627,1,"Pdp1","Cd74",0.2,0.04
-4.79183407491124,3.61445150669788,0.509803921568627,1,"Pigo","Cd74",0.2,0.04
-4.79183407491124,3.61445150669788,0.509803921568627,1,"Ccdc180","Cd74",0.2,0.04
-4.79183407491124,3.61445150669788,0.509803921568627,1,"Gng10","Cd74",0.2,0.04
-4.79183407491124,3.61445150669788,0.509803921568627,1,"Megf9","Cd74",0.2,0.04
-4.79183407491124,3.61445150669788,0.509803921568627,1,"Dennd4c","Cd74",0.2,0.04
-4.79183407491124,3.61445150669788,0.509803921568627,1,"Pgm2","Cd74",0.2,0.04
-4.79183407491124,3.61445150669788,0.509803921568627,1,"Cpt2","Cd74",0.2,0.04
-4.79183407491124,3.61445150669788,0.509803921568627,1,"Hectd3","Cd74",0.2,0.04
-4.79183407491124,3.61445150669788,0.509803921568627,1,"Sytl1","Cd74",0.2,0.04
-4.79183407491124,3.61445150669788,0.509803921568627,1,"Sh2d5","Cd74",0.2,0.04
-4.79183407491124,3.61445150669788,0.509803921568627,1,"Pramef8","Cd74",0.2,0.04
-4.79183407491124,3.61445150669788,0.509803921568627,1,"Mthfr","Cd74",0.2,0.04
-4.79183407491124,3.61445150669788,0.509803921568627,1,"Klhl21","Cd74",0.2,0.04
-4.79183407491124,3.61445150669788,0.509803921568627,1,"Klhl7","Cd74",0.2,0.04
-4.79183407491124,3.61445150669788,0.509803921568627,1,"Xrcc2","Cd74",0.2,0.04
-4.79183407491124,3.61445150669788,0.509803921568627,1,"Tada2b","Cd74",0.2,0.04
-4.79183407491124,3.61445150669788,0.509803921568627,1,"Clnk","Cd74",0.2,0.04
-4.79183407491124,3.61445150669788,0.509803921568627,1,"Cpeb2","Cd74",0.2,0.04
-4.79183407491124,3.61445150669788,0.509803921568627,1,"Tlr1","Cd74",0.2,0.04
-4.79183407491124,3.61445150669788,0.509803921568627,1,"Gm15446","Cd74",0.2,0.04
-4.79183407491124,3.61445150669788,0.509803921568627,1,"Zfp932","Cd74",0.2,0.04
-4.79183407491124,3.61445150669788,0.509803921568627,1,"2410131K14Rik","Cd74",0.2,0.04
-4.79183407491124,3.61445150669788,0.509803921568627,1,"Rbm19","Cd74",0.2,0.04
-4.79183407491124,3.61445150669788,0.509803921568627,1,"Kntc1","Cd74",0.2,0.04
-4.79183407491124,3.61445150669788,0.509803921568627,1,"Ssc4d","Cd74",0.2,0.04
-4.79183407491124,3.61445150669788,0.509803921568627,1,"9130604C24Rik","Cd74",0.2,0.04
-4.79183407491124,3.61445150669788,0.509803921568627,1,"Fscn1","Cd74",0.2,0.04
-4.79183407491124,3.61445150669788,0.509803921568627,1,"Zkscan5","Cd74",0.2,0.04
-4.79183407491124,3.61445150669788,0.509803921568627,1,"Impdh1","Cd74",0.2,0.04
-4.79183407491124,3.61445150669788,0.509803921568627,1,"Creb3l2","Cd74",0.2,0.04
-4.79183407491124,3.61445150669788,0.509803921568627,1,"Gstk1","Cd74",0.2,0.04
-4.79183407491124,3.61445150669788,0.509803921568627,1,"Zfp777","Cd74",0.2,0.04
-4.79183407491124,3.61445150669788,0.509803921568627,1,"Chn2","Cd74",0.2,0.04
-4.79183407491124,3.61445150669788,0.509803921568627,1,"Tacstd2","Cd74",0.2,0.04
-4.79183407491124,3.61445150669788,0.509803921568627,1,"Shq1","Cd74",0.2,0.04
-4.79183407491124,3.61445150669788,0.509803921568627,1,"Fancd2","Cd74",0.2,0.04
-4.79183407491124,3.61445150669788,0.509803921568627,1,"Tsen2","Cd74",0.2,0.04
-4.79183407491124,3.61445150669788,0.509803921568627,1,"Slc2a3","Cd74",0.2,0.04
-4.79183407491124,3.61445150669788,0.509803921568627,1,"Tigar","Cd74",0.2,0.04
-4.79183407491124,3.61445150669788,0.509803921568627,1,"Bcl2l14","Cd74",0.2,0.04
-4.79183407491124,3.61445150669788,0.509803921568627,1,"Bbc3","Cd74",0.2,0.04
-4.79183407491124,3.61445150669788,0.509803921568627,1,"Mypopos","Cd74",0.2,0.04
-4.79183407491124,3.61445150669788,0.509803921568627,1,"Cd177","Cd74",0.2,0.04
-4.79183407491124,3.61445150669788,0.509803921568627,1,"Sertad1","Cd74",0.2,0.04
-4.79183407491124,3.61445150669788,0.509803921568627,1,"2610021A01Rik","Cd74",0.2,0.04
-4.79183407491124,3.61445150669788,0.509803921568627,1,"Svip","Cd74",0.2,0.04
-4.79183407491124,3.61445150669788,0.509803921568627,1,"Rab38","Cd74",0.2,0.04
-4.79183407491124,3.61445150669788,0.509803921568627,1,"Zfp629","Cd74",0.2,0.04
-4.79183407491124,3.61445150669788,0.509803921568627,1,"Uros","Cd74",0.2,0.04
-4.79183407491124,3.61445150669788,0.509803921568627,1,"Tspan4","Cd74",0.2,0.04
-4.79183407491124,3.61445150669788,0.509803921568627,1,"Adat2","Cd74",0.2,0.04
-4.79183407491124,3.61445150669788,0.509803921568627,1,"Mtfr2","Cd74",0.2,0.04
-4.79183407491124,3.61445150669788,0.509803921568627,1,"Ahi1","Cd74",0.2,0.04
-4.79183407491124,3.61445150669788,0.509803921568627,1,"Tube1","Cd74",0.2,0.04
-4.79183407491124,3.61445150669788,0.509803921568627,1,"Lss","Cd74",0.2,0.04
-4.79183407491124,3.61445150669788,0.509803921568627,1,"Slc19a1","Cd74",0.2,0.04
-4.79183407491124,3.61445150669788,0.509803921568627,1,"Suox","Cd74",0.2,0.04
-4.79183407491124,3.61445150669788,0.509803921568627,1,"Alg11","Cd74",0.2,0.04
-4.79183407491124,3.61445150669788,0.509803921568627,1,"2010320M18Rik","Cd74",0.2,0.04
-4.79183407491124,3.61445150669788,0.509803921568627,1,"Gm10282","Cd74",0.2,0.04
-4.79183407491124,3.61445150669788,0.509803921568627,1,"Cacna1a","Cd74",0.2,0.04
-4.79183407491124,3.61445150669788,0.509803921568627,1,"Gm42031","Cd74",0.2,0.04
-4.79183407491124,3.61445150669788,0.509803921568627,1,"Rrad","Cd74",0.2,0.04
-4.79183407491124,3.61445150669788,0.509803921568627,1,"Cmtr2","Cd74",0.2,0.04
-4.79183407491124,3.61445150669788,0.509803921568627,1,"Taf1c","Cd74",0.2,0.04
-4.79183407491124,3.61445150669788,0.509803921568627,1,"Acsf3","Cd74",0.2,0.04
-4.79183407491124,3.61445150669788,0.509803921568627,1,"2810455O05Rik","Cd74",0.2,0.04
-4.79183407491124,3.61445150669788,0.509803921568627,1,"Gm26759","Cd74",0.2,0.04
-4.79183407491124,3.61445150669788,0.509803921568627,1,"Oxsm","Cd74",0.2,0.04
-4.79183407491124,3.61445150669788,0.509803921568627,1,"Gm26782","Cd74",0.2,0.04
-4.79183407491124,3.61445150669788,0.509803921568627,1,"Zfhx2","Cd74",0.2,0.04
-4.79183407491124,3.61445150669788,0.509803921568627,1,"Panx1","Cd74",0.2,0.04
-4.79183407491124,3.61445150669788,0.509803921568627,1,"Angptl6","Cd74",0.2,0.04
-4.79183407491124,3.61445150669788,0.509803921568627,1,"S1pr2","Cd74",0.2,0.04
-4.79183407491124,3.61445150669788,0.509803921568627,1,"Bbs9","Cd74",0.2,0.04
-4.79183407491124,3.61445150669788,0.509803921568627,1,"Fdxacb1","Cd74",0.2,0.04
-4.79183407491124,3.61445150669788,0.509803921568627,1,"Zc3h12c","Cd74",0.2,0.04
-4.79183407491124,3.61445150669788,0.509803921568627,1,"Mpi","Cd74",0.2,0.04
-4.79183407491124,3.61445150669788,0.509803921568627,1,"Bckdhb","Cd74",0.2,0.04
-4.79183407491124,3.61445150669788,0.509803921568627,1,"Bsn","Cd74",0.2,0.04
-4.79183407491124,3.61445150669788,0.509803921568627,1,"4833445I07Rik","Cd74",0.2,0.04
-4.79183407491124,3.61445150669788,0.509803921568627,1,"Gm9888","Cd74",0.2,0.04
-4.79183407491124,3.61445150669788,0.509803921568627,1,"Sh3pxd2b","Cd74",0.2,0.04
-4.79183407491124,3.61445150669788,0.509803921568627,1,"Ifi47","Cd74",0.2,0.04
-4.79183407491124,3.61445150669788,0.509803921568627,1,"Llgl1","Cd74",0.2,0.04
-4.79183407491124,3.61445150669788,0.509803921568627,1,"Mief2","Cd74",0.2,0.04
-4.79183407491124,3.61445150669788,0.509803921568627,1,"Cox10","Cd74",0.2,0.04
-4.79183407491124,3.61445150669788,0.509803921568627,1,"Tmem107","Cd74",0.2,0.04
-4.79183407491124,3.61445150669788,0.509803921568627,1,"Wrap53","Cd74",0.2,0.04
-4.79183407491124,3.61445150669788,0.509803921568627,1,"Adap2os","Cd74",0.2,0.04
-4.79183407491124,3.61445150669788,0.509803921568627,1,"Nle1","Cd74",0.2,0.04
-4.79183407491124,3.61445150669788,0.509803921568627,1,"Cox11","Cd74",0.2,0.04
-4.79183407491124,3.61445150669788,0.509803921568627,1,"B230217C12Rik","Cd74",0.2,0.04
-4.79183407491124,3.61445150669788,0.509803921568627,1,"BC030867","Cd74",0.2,0.04
-4.79183407491124,3.61445150669788,0.509803921568627,1,"Plekhm1","Cd74",0.2,0.04
-4.79183407491124,3.61445150669788,0.509803921568627,1,"Taco1","Cd74",0.2,0.04
-4.79183407491124,3.61445150669788,0.509803921568627,1,"Polg2","Cd74",0.2,0.04
-4.79183407491124,3.61445150669788,0.509803921568627,1,"Hist1h4c","Cd74",0.2,0.04
-4.79183407491124,3.61445150669788,0.509803921568627,1,"Cep72","Cd74",0.2,0.04
-4.79183407491124,3.61445150669788,0.509803921568627,1,"Mblac2","Cd74",0.2,0.04
-4.79183407491124,3.61445150669788,0.509803921568627,1,"Ercc8","Cd74",0.2,0.04
-4.79183407491124,3.61445150669788,0.509803921568627,1,"Immp2l","Cd74",0.2,0.04
-4.79183407491124,3.61445150669788,0.509803921568627,1,"Mpp5","Cd74",0.2,0.04
-4.79183407491124,3.61445150669788,0.509803921568627,1,"Rdh11","Cd74",0.2,0.04
-4.79183407491124,3.61445150669788,0.509803921568627,1,"Entpd5","Cd74",0.2,0.04
-4.79183407491124,3.61445150669788,0.509803921568627,1,"Zbtb42","Cd74",0.2,0.04
-4.79183407491124,3.61445150669788,0.509803921568627,1,"Btbd6","Cd74",0.2,0.04
-4.79183407491124,3.61445150669788,0.509803921568627,1,"Ankrd46","Cd74",0.2,0.04
-4.79183407491124,3.61445150669788,0.509803921568627,1,"Nudcd1","Cd74",0.2,0.04
-4.79183407491124,3.61445150669788,0.509803921568627,1,"Gpt","Cd74",0.2,0.04
-4.79183407491124,3.61445150669788,0.509803921568627,1,"Fam109b","Cd74",0.2,0.04
-4.79183407491124,3.61445150669788,0.509803921568627,1,"Tubgcp6","Cd74",0.2,0.04
-4.79183407491124,3.61445150669788,0.509803921568627,1,"Rhebl1","Cd74",0.2,0.04
-4.79183407491124,3.61445150669788,0.509803921568627,1,"Zfp597","Cd74",0.2,0.04
-4.79183407491124,3.61445150669788,0.509803921568627,1,"Mettl22","Cd74",0.2,0.04
-4.79183407491124,3.61445150669788,0.509803921568627,1,"Rmi2","Cd74",0.2,0.04
-4.79183407491124,3.61445150669788,0.509803921568627,1,"Rrn3","Cd74",0.2,0.04
-4.79183407491124,3.61445150669788,0.509803921568627,1,"Polq","Cd74",0.2,0.04
-4.79183407491124,3.61445150669788,0.509803921568627,1,"Zfp213","Cd74",0.2,0.04
-4.79183407491124,3.61445150669788,0.509803921568627,1,"Fahd1","Cd74",0.2,0.04
-4.79183407491124,3.61445150669788,0.509803921568627,1,"Gnptg","Cd74",0.2,0.04
-4.79183407491124,3.61445150669788,0.509803921568627,1,"Notch4","Cd74",0.2,0.04
-4.79183407491124,3.61445150669788,0.509803921568627,1,"Ier3","Cd74",0.2,0.04
-4.79183407491124,3.61445150669788,0.509803921568627,1,"Znrd1as","Cd74",0.2,0.04
-4.79183407491124,3.61445150669788,0.509803921568627,1,"Gabbr1","Cd74",0.2,0.04
-4.79183407491124,3.61445150669788,0.509803921568627,1,"Taf8","Cd74",0.2,0.04
-4.79183407491124,3.61445150669788,0.509803921568627,1,"Slc30a6","Cd74",0.2,0.04
-4.79183407491124,3.61445150669788,0.509803921568627,1,"Rasgrp3","Cd74",0.2,0.04
-4.79183407491124,3.61445150669788,0.509803921568627,1,"Morn2","Cd74",0.2,0.04
-4.79183407491124,3.61445150669788,0.509803921568627,1,"C330018D20Rik","Cd74",0.2,0.04
-4.79183407491124,3.61445150669788,0.509803921568627,1,"Wdr7","Cd74",0.2,0.04
-4.79183407491124,3.61445150669788,0.509803921568627,1,"Tubb6","Cd74",0.2,0.04
-4.79183407491124,3.61445150669788,0.509803921568627,1,"Spire1","Cd74",0.2,0.04
-4.79183407491124,3.61445150669788,0.509803921568627,1,"Poli","Cd74",0.2,0.04
-4.79183407491124,3.61445150669788,0.509803921568627,1,"Kcng2","Cd74",0.2,0.04
-4.79183407491124,3.61445150669788,0.509803921568627,1,"Clcf1","Cd74",0.2,0.04
-4.79183407491124,3.61445150669788,0.509803921568627,1,"Ankrd13d","Cd74",0.2,0.04
-4.79183407491124,3.61445150669788,0.509803921568627,1,"Lbhd1","Cd74",0.2,0.04
-4.79183407491124,3.61445150669788,0.509803921568627,1,"Gm8369","Cd74",0.2,0.04
-4.79183407491124,3.61445150669788,0.509803921568627,1,"Dtx4","Cd74",0.2,0.04
-4.79183407491124,3.61445150669788,0.509803921568627,1,"Cbwd1","Cd74",0.2,0.04
-4.79183407491124,3.61445150669788,0.509803921568627,1,"Mirt1","Cd74",0.2,0.04
-4.53917867146238,3.46747701614873,0.509803921568627,1,"Ly96","Cd74",0.2,0.04
-4.53917867146238,3.46747701614873,0.509803921568627,1,"Trak2","Cd74",0.2,0.04
-4.53917867146238,3.46747701614873,0.509803921568627,1,"Ttll4","Cd74",0.2,0.04
-4.53917867146238,3.46747701614873,0.509803921568627,1,"Traf3ip1","Cd74",0.2,0.04
-4.53917867146238,3.46747701614873,0.509803921568627,1,"Phlpp1","Cd74",0.2,0.04
-4.53917867146238,3.46747701614873,0.509803921568627,1,"Ddx59","Cd74",0.2,0.04
-4.53917867146238,3.46747701614873,0.509803921568627,1,"Mettl13","Cd74",0.2,0.04
-4.53917867146238,3.46747701614873,0.509803921568627,1,"Hsd17b7","Cd74",0.2,0.04
-4.53917867146238,3.46747701614873,0.509803921568627,1,"Nos1ap","Cd74",0.2,0.04
-4.53917867146238,3.46747701614873,0.509803921568627,1,"Slamf6","Cd74",0.2,0.04
-4.53917867146238,3.46747701614873,0.509803921568627,1,"Dusp23","Cd74",0.2,0.04
-4.53917867146238,3.46747701614873,0.509803921568627,1,"Nsun6","Cd74",0.2,0.04
-4.53917867146238,3.46747701614873,0.509803921568627,1,"Dpp7","Cd74",0.2,0.04
-4.53917867146238,3.46747701614873,0.509803921568627,1,"Ak8","Cd74",0.2,0.04
-4.53917867146238,3.46747701614873,0.509803921568627,1,"Mbd5","Cd74",0.2,0.04
-4.53917867146238,3.46747701614873,0.509803921568627,1,"Metap1d","Cd74",0.2,0.04
-4.53917867146238,3.46747701614873,0.509803921568627,1,"Rbm45","Cd74",0.2,0.04
-4.53917867146238,3.46747701614873,0.509803921568627,1,"Acp2","Cd74",0.2,0.04
-4.53917867146238,3.46747701614873,0.509803921568627,1,"Harbi1","Cd74",0.2,0.04
-4.53917867146238,3.46747701614873,0.509803921568627,1,"Prr5l","Cd74",0.2,0.04
-4.53917867146238,3.46747701614873,0.509803921568627,1,"Pdhx","Cd74",0.2,0.04
-4.53917867146238,3.46747701614873,0.509803921568627,1,"Depdc7","Cd74",0.2,0.04
-4.53917867146238,3.46747701614873,0.509803921568627,1,"Slc28a2","Cd74",0.2,0.04
-4.53917867146238,3.46747701614873,0.509803921568627,1,"Polr1b","Cd74",0.2,0.04
-4.53917867146238,3.46747701614873,0.509803921568627,1,"Stk35","Cd74",0.2,0.04
-4.53917867146238,3.46747701614873,0.509803921568627,1,"1110034G24Rik","Cd74",0.2,0.04
-4.53917867146238,3.46747701614873,0.509803921568627,1,"Samd10","Cd74",0.2,0.04
-4.53917867146238,3.46747701614873,0.509803921568627,1,"Rnf113a1","Cd74",0.2,0.04
-4.53917867146238,3.46747701614873,0.509803921568627,1,"Gk","Cd74",0.2,0.04
-4.53917867146238,3.46747701614873,0.509803921568627,1,"Foxo4","Cd74",0.2,0.04
-4.53917867146238,3.46747701614873,0.509803921568627,1,"Hdac8","Cd74",0.2,0.04
-4.53917867146238,3.46747701614873,0.509803921568627,1,"Jpx","Cd74",0.2,0.04
-4.53917867146238,3.46747701614873,0.509803921568627,1,"Ftx","Cd74",0.2,0.04
-4.53917867146238,3.46747701614873,0.509803921568627,1,"Nxt2","Cd74",0.2,0.04
-4.53917867146238,3.46747701614873,0.509803921568627,1,"Tceanc","Cd74",0.2,0.04
-4.53917867146238,3.46747701614873,0.509803921568627,1,"Gm8797","Cd74",0.2,0.04
-4.53917867146238,3.46747701614873,0.509803921568627,1,"Snx16","Cd74",0.2,0.04
-4.53917867146238,3.46747701614873,0.509803921568627,1,"Tnik","Cd74",0.2,0.04
-4.53917867146238,3.46747701614873,0.509803921568627,1,"Foxo1","Cd74",0.2,0.04
-4.53917867146238,3.46747701614873,0.509803921568627,1,"Mindy1","Cd74",0.2,0.04
-4.53917867146238,3.46747701614873,0.509803921568627,1,"Hist2h2bb","Cd74",0.2,0.04
-4.53917867146238,3.46747701614873,0.509803921568627,1,"Tmem167b","Cd74",0.2,0.04
-4.53917867146238,3.46747701614873,0.509803921568627,1,"Tspan5","Cd74",0.2,0.04
-4.53917867146238,3.46747701614873,0.509803921568627,1,"4930519L02Rik","Cd74",0.2,0.04
-4.53917867146238,3.46747701614873,0.509803921568627,1,"2610301B20Rik","Cd74",0.2,0.04
-4.53917867146238,3.46747701614873,0.509803921568627,1,"Tstd3","Cd74",0.2,0.04
-4.53917867146238,3.46747701614873,0.509803921568627,1,"Ccl27a","Cd74",0.2,0.04
-4.53917867146238,3.46747701614873,0.509803921568627,1,"Slc44a1","Cd74",0.2,0.04
-4.53917867146238,3.46747701614873,0.509803921568627,1,"Szt2","Cd74",0.2,0.04
-4.53917867146238,3.46747701614873,0.509803921568627,1,"Iqcc","Cd74",0.2,0.04
-4.53917867146238,3.46747701614873,0.509803921568627,1,"Selenon","Cd74",0.2,0.04
-4.53917867146238,3.46747701614873,0.509803921568627,1,"Cnr2","Cd74",0.2,0.04
-4.53917867146238,3.46747701614873,0.509803921568627,1,"Crocc","Cd74",0.2,0.04
-4.53917867146238,3.46747701614873,0.509803921568627,1,"Nmnat1","Cd74",0.2,0.04
-4.53917867146238,3.46747701614873,0.509803921568627,1,"Dvl1","Cd74",0.2,0.04
-4.53917867146238,3.46747701614873,0.509803921568627,1,"Trmt44","Cd74",0.2,0.04
-4.53917867146238,3.46747701614873,0.509803921568627,1,"Zbtb49","Cd74",0.2,0.04
-4.53917867146238,3.46747701614873,0.509803921568627,1,"Alkbh2","Cd74",0.2,0.04
-4.53917867146238,3.46747701614873,0.509803921568627,1,"Sirt4","Cd74",0.2,0.04
-4.53917867146238,3.46747701614873,0.509803921568627,1,"Fbxo21","Cd74",0.2,0.04
-4.53917867146238,3.46747701614873,0.509803921568627,1,"Dhx37","Cd74",0.2,0.04
-4.53917867146238,3.46747701614873,0.509803921568627,1,"Rhbdd2","Cd74",0.2,0.04
-4.53917867146238,3.46747701614873,0.509803921568627,1,"Stag3","Cd74",0.2,0.04
-4.53917867146238,3.46747701614873,0.509803921568627,1,"Fbxl18","Cd74",0.2,0.04
-4.53917867146238,3.46747701614873,0.509803921568627,1,"B3glct","Cd74",0.2,0.04
-4.53917867146238,3.46747701614873,0.509803921568627,1,"Gm38843","Cd74",0.2,0.04
-4.53917867146238,3.46747701614873,0.509803921568627,1,"Zxdc","Cd74",0.2,0.04
-4.53917867146238,3.46747701614873,0.509803921568627,1,"Zfand4","Cd74",0.2,0.04
-4.53917867146238,3.46747701614873,0.509803921568627,1,"Lag3","Cd74",0.2,0.04
-4.53917867146238,3.46747701614873,0.509803921568627,1,"Borcs5","Cd74",0.2,0.04
-4.53917867146238,3.46747701614873,0.509803921568627,1,"Dennd5b","Cd74",0.2,0.04
-4.53917867146238,3.46747701614873,0.509803921568627,1,"Tmc4","Cd74",0.2,0.04
-4.53917867146238,3.46747701614873,0.509803921568627,1,"Zfp579","Cd74",0.2,0.04
-4.53917867146238,3.46747701614873,0.509803921568627,1,"Gm45509","Cd74",0.2,0.04
-4.53917867146238,3.46747701614873,0.509803921568627,1,"Ckm","Cd74",0.2,0.04
-4.53917867146238,3.46747701614873,0.509803921568627,1,"Cyp2s1","Cd74",0.2,0.04
-4.53917867146238,3.46747701614873,0.509803921568627,1,"2310022A10Rik","Cd74",0.2,0.04
-4.53917867146238,3.46747701614873,0.509803921568627,1,"Map3k10","Cd74",0.2,0.04
-4.53917867146238,3.46747701614873,0.509803921568627,1,"Hspb6","Cd74",0.2,0.04
-4.53917867146238,3.46747701614873,0.509803921568627,1,"Zfp141","Cd74",0.2,0.04
-4.53917867146238,3.46747701614873,0.509803921568627,1,"Prrg2","Cd74",0.2,0.04
-4.53917867146238,3.46747701614873,0.509803921568627,1,"Atp10a","Cd74",0.2,0.04
-4.53917867146238,3.46747701614873,0.509803921568627,1,"Lrrc28","Cd74",0.2,0.04
-4.53917867146238,3.46747701614873,0.509803921568627,1,"Fanci","Cd74",0.2,0.04
-4.53917867146238,3.46747701614873,0.509803921568627,1,"Gdpgp1","Cd74",0.2,0.04
-4.53917867146238,3.46747701614873,0.509803921568627,1,"Mex3b","Cd74",0.2,0.04
-4.53917867146238,3.46747701614873,0.509803921568627,1,"Nars2","Cd74",0.2,0.04
-4.53917867146238,3.46747701614873,0.509803921568627,1,"Usp35","Cd74",0.2,0.04
-4.53917867146238,3.46747701614873,0.509803921568627,1,"Kcne3","Cd74",0.2,0.04
-4.53917867146238,3.46747701614873,0.509803921568627,1,"E430018J23Rik","Cd74",0.2,0.04
-4.53917867146238,3.46747701614873,0.509803921568627,1,"Prss36","Cd74",0.2,0.04
-4.53917867146238,3.46747701614873,0.509803921568627,1,"Zbtb2","Cd74",0.2,0.04
-4.53917867146238,3.46747701614873,0.509803921568627,1,"Gm20300","Cd74",0.2,0.04
-4.53917867146238,3.46747701614873,0.509803921568627,1,"Dip2a","Cd74",0.2,0.04
-4.53917867146238,3.46747701614873,0.509803921568627,1,"Thop1","Cd74",0.2,0.04
-4.53917867146238,3.46747701614873,0.509803921568627,1,"Zfp938","Cd74",0.2,0.04
-4.53917867146238,3.46747701614873,0.509803921568627,1,"Polr3b","Cd74",0.2,0.04
-4.53917867146238,3.46747701614873,0.509803921568627,1,"Nt5dc3","Cd74",0.2,0.04
-4.53917867146238,3.46747701614873,0.509803921568627,1,"Nemp1","Cd74",0.2,0.04
-4.53917867146238,3.46747701614873,0.509803921568627,1,"Evi5l","Cd74",0.2,0.04
-4.53917867146238,3.46747701614873,0.509803921568627,1,"Ctxn1","Cd74",0.2,0.04
-4.53917867146238,3.46747701614873,0.509803921568627,1,"Tti2","Cd74",0.2,0.04
-4.53917867146238,3.46747701614873,0.509803921568627,1,"Lonrf1","Cd74",0.2,0.04
-4.53917867146238,3.46747701614873,0.509803921568627,1,"Fam149a","Cd74",0.2,0.04
-4.53917867146238,3.46747701614873,0.509803921568627,1,"Sh2d4a","Cd74",0.2,0.04
-4.53917867146238,3.46747701614873,0.509803921568627,1,"Zfp882","Cd74",0.2,0.04
-4.53917867146238,3.46747701614873,0.509803921568627,1,"Gm5914","Cd74",0.2,0.04
-4.53917867146238,3.46747701614873,0.509803921568627,1,"Atxn1l","Cd74",0.2,0.04
-4.53917867146238,3.46747701614873,0.509803921568627,1,"Galns","Cd74",0.2,0.04
-4.53917867146238,3.46747701614873,0.509803921568627,1,"Def8","Cd74",0.2,0.04
-4.53917867146238,3.46747701614873,0.509803921568627,1,"Gas8","Cd74",0.2,0.04
-4.53917867146238,3.46747701614873,0.509803921568627,1,"Ppp1r3e","Cd74",0.2,0.04
-4.53917867146238,3.46747701614873,0.509803921568627,1,"Setdb2","Cd74",0.2,0.04
-4.53917867146238,3.46747701614873,0.509803921568627,1,"Mipep","Cd74",0.2,0.04
-4.53917867146238,3.46747701614873,0.509803921568627,1,"Spryd7","Cd74",0.2,0.04
-4.53917867146238,3.46747701614873,0.509803921568627,1,"Ccdc122","Cd74",0.2,0.04
-4.53917867146238,3.46747701614873,0.509803921568627,1,"Slc36a4","Cd74",0.2,0.04
-4.53917867146238,3.46747701614873,0.509803921568627,1,"Arhgap32","Cd74",0.2,0.04
-4.53917867146238,3.46747701614873,0.509803921568627,1,"Ptpn9","Cd74",0.2,0.04
-4.53917867146238,3.46747701614873,0.509803921568627,1,"Irak1bp1","Cd74",0.2,0.04
-4.53917867146238,3.46747701614873,0.509803921568627,1,"Snx14","Cd74",0.2,0.04
-4.53917867146238,3.46747701614873,0.509803921568627,1,"Abhd14b","Cd74",0.2,0.04
-4.53917867146238,3.46747701614873,0.509803921568627,1,"Atrip","Cd74",0.2,0.04
-4.53917867146238,3.46747701614873,0.509803921568627,1,"Sec22c","Cd74",0.2,0.04
-4.53917867146238,3.46747701614873,0.509803921568627,1,"Nefh","Cd74",0.2,0.04
-4.53917867146238,3.46747701614873,0.509803921568627,1,"9930111J21Rik1","Cd74",0.2,0.04
-4.53917867146238,3.46747701614873,0.509803921568627,1,"Zfp39","Cd74",0.2,0.04
-4.53917867146238,3.46747701614873,0.509803921568627,1,"Pigl","Cd74",0.2,0.04
-4.53917867146238,3.46747701614873,0.509803921568627,1,"Lrrc75a","Cd74",0.2,0.04
-4.53917867146238,3.46747701614873,0.509803921568627,1,"Clec10a","Cd74",0.2,0.04
-4.53917867146238,3.46747701614873,0.509803921568627,1,"4933427D14Rik","Cd74",0.2,0.04
-4.53917867146238,3.46747701614873,0.509803921568627,1,"Gm45606","Cd74",0.2,0.04
-4.53917867146238,3.46747701614873,0.509803921568627,1,"Traf4","Cd74",0.2,0.04
-4.53917867146238,3.46747701614873,0.509803921568627,1,"Adap2","Cd74",0.2,0.04
-4.53917867146238,3.46747701614873,0.509803921568627,1,"Scrn2","Cd74",0.2,0.04
-4.53917867146238,3.46747701614873,0.509803921568627,1,"Epop","Cd74",0.2,0.04
-4.53917867146238,3.46747701614873,0.509803921568627,1,"Mllt6","Cd74",0.2,0.04
-4.53917867146238,3.46747701614873,0.509803921568627,1,"Gm12355","Cd74",0.2,0.04
-4.53917867146238,3.46747701614873,0.509803921568627,1,"Med24","Cd74",0.2,0.04
-4.53917867146238,3.46747701614873,0.509803921568627,1,"Tanc2","Cd74",0.2,0.04
-4.53917867146238,3.46747701614873,0.509803921568627,1,"Endov","Cd74",0.2,0.04
-4.53917867146238,3.46747701614873,0.509803921568627,1,"Prss16","Cd74",0.2,0.04
-4.53917867146238,3.46747701614873,0.509803921568627,1,"Rpp40","Cd74",0.2,0.04
-4.53917867146238,3.46747701614873,0.509803921568627,1,"Kdm1b","Cd74",0.2,0.04
-4.53917867146238,3.46747701614873,0.509803921568627,1,"Zfp953","Cd74",0.2,0.04
-4.53917867146238,3.46747701614873,0.509803921568627,1,"Zfp65","Cd74",0.2,0.04
-4.53917867146238,3.46747701614873,0.509803921568627,1,"Tmem161b","Cd74",0.2,0.04
-4.53917867146238,3.46747701614873,0.509803921568627,1,"Nnt","Cd74",0.2,0.04
-4.53917867146238,3.46747701614873,0.509803921568627,1,"Nol10","Cd74",0.2,0.04
-4.53917867146238,3.46747701614873,0.509803921568627,1,"L2hgdh","Cd74",0.2,0.04
-4.53917867146238,3.46747701614873,0.509803921568627,1,"Rtn1","Cd74",0.2,0.04
-4.53917867146238,3.46747701614873,0.509803921568627,1,"Slc38a6","Cd74",0.2,0.04
-4.53917867146238,3.46747701614873,0.509803921568627,1,"Gm26669","Cd74",0.2,0.04
-4.53917867146238,3.46747701614873,0.509803921568627,1,"Lin52","Cd74",0.2,0.04
-4.53917867146238,3.46747701614873,0.509803921568627,1,"Mlh3","Cd74",0.2,0.04
-4.53917867146238,3.46747701614873,0.509803921568627,1,"Ccdc85c","Cd74",0.2,0.04
-4.53917867146238,3.46747701614873,0.509803921568627,1,"Ighd","Cd74",0.2,0.04
-4.53917867146238,3.46747701614873,0.509803921568627,1,"Mtbp","Cd74",0.2,0.04
-4.53917867146238,3.46747701614873,0.509803921568627,1,"Zfp41","Cd74",0.2,0.04
-4.53917867146238,3.46747701614873,0.509803921568627,1,"Hgh1","Cd74",0.2,0.04
-4.53917867146238,3.46747701614873,0.509803921568627,1,"Ttll12","Cd74",0.2,0.04
-4.53917867146238,3.46747701614873,0.509803921568627,1,"Alg12","Cd74",0.2,0.04
-4.53917867146238,3.46747701614873,0.509803921568627,1,"Smagp","Cd74",0.2,0.04
-4.53917867146238,3.46747701614873,0.509803921568627,1,"Nfe2","Cd74",0.2,0.04
-4.53917867146238,3.46747701614873,0.509803921568627,1,"Slx4","Cd74",0.2,0.04
-4.53917867146238,3.46747701614873,0.509803921568627,1,"Nsun3","Cd74",0.2,0.04
-4.53917867146238,3.46747701614873,0.509803921568627,1,"Slc5a3","Cd74",0.2,0.04
-4.53917867146238,3.46747701614873,0.509803921568627,1,"C2cd2","Cd74",0.2,0.04
-4.53917867146238,3.46747701614873,0.509803921568627,1,"AC165953.2","Cd74",0.2,0.04
-4.53917867146238,3.46747701614873,0.509803921568627,1,"BC002059","Cd74",0.2,0.04
-4.53917867146238,3.46747701614873,0.509803921568627,1,"Nthl1","Cd74",0.2,0.04
-4.53917867146238,3.46747701614873,0.509803921568627,1,"Jmjd8","Cd74",0.2,0.04
-4.53917867146238,3.46747701614873,0.509803921568627,1,"Rhot2","Cd74",0.2,0.04
-4.53917867146238,3.46747701614873,0.509803921568627,1,"Fkbp5","Cd74",0.2,0.04
-4.53917867146238,3.46747701614873,0.509803921568627,1,"Cyp4f13","Cd74",0.2,0.04
-4.53917867146238,3.46747701614873,0.509803921568627,1,"Zfp952","Cd74",0.2,0.04
-4.53917867146238,3.46747701614873,0.509803921568627,1,"Zfp81","Cd74",0.2,0.04
-4.53917867146238,3.46747701614873,0.509803921568627,1,"A530064D06Rik","Cd74",0.2,0.04
-4.53917867146238,3.46747701614873,0.509803921568627,1,"Lrg1","Cd74",0.2,0.04
-4.53917867146238,3.46747701614873,0.509803921568627,1,"Ttc27","Cd74",0.2,0.04
-4.53917867146238,3.46747701614873,0.509803921568627,1,"Gm3550","Cd74",0.2,0.04
-4.53917867146238,3.46747701614873,0.509803921568627,1,"Fam53c","Cd74",0.2,0.04
-4.53917867146238,3.46747701614873,0.509803921568627,1,"Igip","Cd74",0.2,0.04
-4.53917867146238,3.46747701614873,0.509803921568627,1,"Hmgxb3","Cd74",0.2,0.04
-4.53917867146238,3.46747701614873,0.509803921568627,1,"Epg5","Cd74",0.2,0.04
-4.53917867146238,3.46747701614873,0.509803921568627,1,"Gm45871","Cd74",0.2,0.04
-4.53917867146238,3.46747701614873,0.509803921568627,1,"Rbm4","Cd74",0.2,0.04
-4.53917867146238,3.46747701614873,0.509803921568627,1,"Tm7sf2","Cd74",0.2,0.04
-4.53917867146238,3.46747701614873,0.509803921568627,1,"Gng3","Cd74",0.2,0.04
-4.53917867146238,3.46747701614873,0.509803921568627,1,"Zp1","Cd74",0.2,0.04
-4.53917867146238,3.46747701614873,0.509803921568627,1,"Entpd1","Cd74",0.2,0.04
-4.53917867146238,3.46747701614873,0.509803921568627,1,"Gm340","Cd74",0.2,0.04
-4.53917867146238,3.46747701614873,0.509803921568627,1,"Frat1","Cd74",0.2,0.04
-4.53917867146238,3.46747701614873,0.509803921568627,1,"Dnmbp","Cd74",0.2,0.04
-4.53917867146238,3.46747701614873,0.509803921568627,1,"Pcgf6","Cd74",0.2,0.04
-4.53917867146238,3.46747701614873,0.509803921568627,1,"Grk5","Cd74",0.2,0.04
2.89537456836615,2.95332984823762,0.509803921568627,1,"Slco5a1","Cd74",0.2,0.04
2.89537456836615,2.95332984823762,0.509803921568627,1,"Tmem14a","Cd74",0.2,0.04
2.89537456836615,2.95332984823762,0.509803921568627,1,"Rab23","Cd74",0.2,0.04
2.89537456836615,2.95332984823762,0.509803921568627,1,"Il1rl2","Cd74",0.2,0.04
2.89537456836615,2.95332984823762,0.509803921568627,1,"Pecr","Cd74",0.2,0.04
2.89537456836615,2.95332984823762,0.509803921568627,1,"Rab17","Cd74",0.2,0.04
2.89537456836615,2.95332984823762,0.509803921568627,1,"Tmem9","Cd74",0.2,0.04
2.89537456836615,2.95332984823762,0.509803921568627,1,"Pla2g4a","Cd74",0.2,0.04
2.89537456836615,2.95332984823762,0.509803921568627,1,"Rgl1","Cd74",0.2,0.04
2.89537456836615,2.95332984823762,0.509803921568627,1,"1700056E22Rik","Cd74",0.2,0.04
2.89537456836615,2.95332984823762,0.509803921568627,1,"Gm34342","Cd74",0.2,0.04
2.89537456836615,2.95332984823762,0.509803921568627,1,"C8g","Cd74",0.2,0.04
2.89537456836615,2.95332984823762,0.509803921568627,1,"Gtdc1","Cd74",0.2,0.04
2.89537456836615,2.95332984823762,0.509803921568627,1,"Acvr2a","Cd74",0.2,0.04
2.89537456836615,2.95332984823762,0.509803921568627,1,"Slc43a1","Cd74",0.2,0.04
2.89537456836615,2.95332984823762,0.509803921568627,1,"Sqor","Cd74",0.2,0.04
2.89537456836615,2.95332984823762,0.509803921568627,1,"Zfp661","Cd74",0.2,0.04
2.89537456836615,2.95332984823762,0.509803921568627,1,"Thbd","Cd74",0.2,0.04
2.89537456836615,2.95332984823762,0.509803921568627,1,"Zfp335os","Cd74",0.2,0.04
2.89537456836615,2.95332984823762,0.509803921568627,1,"Uprt","Cd74",0.2,0.04
2.89537456836615,2.95332984823762,0.509803921568627,1,"Nhs","Cd74",0.2,0.04
2.89537456836615,2.95332984823762,0.509803921568627,1,"S100a5","Cd74",0.2,0.04
2.89537456836615,2.95332984823762,0.509803921568627,1,"Selenbp1","Cd74",0.2,0.04
2.89537456836615,2.95332984823762,0.509803921568627,1,"Vcam1","Cd74",0.2,0.04
2.89537456836615,2.95332984823762,0.509803921568627,1,"Rwdd3","Cd74",0.2,0.04
2.89537456836615,2.95332984823762,0.509803921568627,1,"Alpk1","Cd74",0.2,0.04
2.89537456836615,2.95332984823762,0.509803921568627,1,"Gem","Cd74",0.2,0.04
2.89537456836615,2.95332984823762,0.509803921568627,1,"Cnr1","Cd74",0.2,0.04
2.89537456836615,2.95332984823762,0.509803921568627,1,"Enho","Cd74",0.2,0.04
2.89537456836615,2.95332984823762,0.509803921568627,1,"Gm26881","Cd74",0.2,0.04
2.89537456836615,2.95332984823762,0.509803921568627,1,"Hemgn","Cd74",0.2,0.04
2.89537456836615,2.95332984823762,0.509803921568627,1,"Slc46a2","Cd74",0.2,0.04
2.89537456836615,2.95332984823762,0.509803921568627,1,"Sgip1","Cd74",0.2,0.04
2.89537456836615,2.95332984823762,0.509803921568627,1,"Gm17354","Cd74",0.2,0.04
2.89537456836615,2.95332984823762,0.509803921568627,1,"Bend5","Cd74",0.2,0.04
2.89537456836615,2.95332984823762,0.509803921568627,1,"Foxd2","Cd74",0.2,0.04
2.89537456836615,2.95332984823762,0.509803921568627,1,"Plk3","Cd74",0.2,0.04
2.89537456836615,2.95332984823762,0.509803921568627,1,"Cited4","Cd74",0.2,0.04
2.89537456836615,2.95332984823762,0.509803921568627,1,"Per3","Cd74",0.2,0.04
2.89537456836615,2.95332984823762,0.509803921568627,1,"Prdm16","Cd74",0.2,0.04
2.89537456836615,2.95332984823762,0.509803921568627,1,"1700096K18Rik","Cd74",0.2,0.04
2.89537456836615,2.95332984823762,0.509803921568627,1,"Mapre3","Cd74",0.2,0.04
2.89537456836615,2.95332984823762,0.509803921568627,1,"Gm29609","Cd74",0.2,0.04
2.89537456836615,2.95332984823762,0.509803921568627,1,"Zfyve28","Cd74",0.2,0.04
2.89537456836615,2.95332984823762,0.509803921568627,1,"Wdr19","Cd74",0.2,0.04
2.89537456836615,2.95332984823762,0.509803921568627,1,"4930524J08Rik","Cd74",0.2,0.04
2.89537456836615,2.95332984823762,0.509803921568627,1,"4932422M17Rik","Cd74",0.2,0.04
2.89537456836615,2.95332984823762,0.509803921568627,1,"Gm6598","Cd74",0.2,0.04
2.89537456836615,2.95332984823762,0.509803921568627,1,"Cldn13","Cd74",0.2,0.04
2.89537456836615,2.95332984823762,0.509803921568627,1,"Rbak","Cd74",0.2,0.04
2.89537456836615,2.95332984823762,0.509803921568627,1,"Gm26597","Cd74",0.2,0.04
2.89537456836615,2.95332984823762,0.509803921568627,1,"5430402O13Rik","Cd74",0.2,0.04
2.89537456836615,2.95332984823762,0.509803921568627,1,"Hoxa3","Cd74",0.2,0.04
2.89537456836615,2.95332984823762,0.509803921568627,1,"Nod1","Cd74",0.2,0.04
2.89537456836615,2.95332984823762,0.509803921568627,1,"Sfxn5","Cd74",0.2,0.04
2.89537456836615,2.95332984823762,0.509803921568627,1,"Il17re","Cd74",0.2,0.04
2.89537456836615,2.95332984823762,0.509803921568627,1,"Clec1b","Cd74",0.2,0.04
2.89537456836615,2.95332984823762,0.509803921568627,1,"Mansc1","Cd74",0.2,0.04
2.89537456836615,2.95332984823762,0.509803921568627,1,"Hist4h4","Cd74",0.2,0.04
2.89537456836615,2.95332984823762,0.509803921568627,1,"Klhl42","Cd74",0.2,0.04
2.89537456836615,2.95332984823762,0.509803921568627,1,"Caprin2","Cd74",0.2,0.04
2.89537456836615,2.95332984823762,0.509803921568627,1,"Zfp580","Cd74",0.2,0.04
2.89537456836615,2.95332984823762,0.509803921568627,1,"Apoc1","Cd74",0.2,0.04
2.89537456836615,2.95332984823762,0.509803921568627,1,"Dpf1","Cd74",0.2,0.04
2.89537456836615,2.95332984823762,0.509803921568627,1,"Scn1b","Cd74",0.2,0.04
2.89537456836615,2.95332984823762,0.509803921568627,1,"Zfp975","Cd74",0.2,0.04
2.89537456836615,2.95332984823762,0.509803921568627,1,"Peg12","Cd74",0.2,0.04
2.89537456836615,2.95332984823762,0.509803921568627,1,"Fan1","Cd74",0.2,0.04
2.89537456836615,2.95332984823762,0.509803921568627,1,"Gm45081","Cd74",0.2,0.04
2.89537456836615,2.95332984823762,0.509803921568627,1,"Lrrc51","Cd74",0.2,0.04
2.89537456836615,2.95332984823762,0.509803921568627,1,"Prkcb","Cd74",0.2,0.04
2.89537456836615,2.95332984823762,0.509803921568627,1,"1700008J07Rik","Cd74",0.2,0.04
2.89537456836615,2.95332984823762,0.509803921568627,1,"Pcbd1","Cd74",0.2,0.04
2.89537456836615,2.95332984823762,0.509803921568627,1,"Efna2","Cd74",0.2,0.04
2.89537456836615,2.95332984823762,0.509803921568627,1,"Gadd45b","Cd74",0.2,0.04
2.89537456836615,2.95332984823762,0.509803921568627,1,"Tmem198b","Cd74",0.2,0.04
2.89537456836615,2.95332984823762,0.509803921568627,1,"Armc6","Cd74",0.2,0.04
2.89537456836615,2.95332984823762,0.509803921568627,1,"Fam129c","Cd74",0.2,0.04
2.89537456836615,2.95332984823762,0.509803921568627,1,"Gm17435","Cd74",0.2,0.04
2.89537456836615,2.95332984823762,0.509803921568627,1,"Tom1","Cd74",0.2,0.04
2.89537456836615,2.95332984823762,0.509803921568627,1,"Prmt9","Cd74",0.2,0.04
2.89537456836615,2.95332984823762,0.509803921568627,1,"Il15","Cd74",0.2,0.04
2.89537456836615,2.95332984823762,0.509803921568627,1,"Pla2g15","Cd74",0.2,0.04
2.89537456836615,2.95332984823762,0.509803921568627,1,"Maf","Cd74",0.2,0.04
2.89537456836615,2.95332984823762,0.509803921568627,1,"Gm10366","Cd74",0.2,0.04
2.89537456836615,2.95332984823762,0.509803921568627,1,"Dach1","Cd74",0.2,0.04
2.89537456836615,2.95332984823762,0.509803921568627,1,"Ttc12","Cd74",0.2,0.04
2.89537456836615,2.95332984823762,0.509803921568627,1,"Nrg4","Cd74",0.2,0.04
2.89537456836615,2.95332984823762,0.509803921568627,1,"Cmtm8","Cd74",0.2,0.04
2.89537456836615,2.95332984823762,0.509803921568627,1,"E530011L22Rik","Cd74",0.2,0.04
2.89537456836615,2.95332984823762,0.509803921568627,1,"Cdcp1","Cd74",0.2,0.04
2.89537456836615,2.95332984823762,0.509803921568627,1,"Cnrip1","Cd74",0.2,0.04
2.89537456836615,2.95332984823762,0.509803921568627,1,"Gm5431","Cd74",0.2,0.04
2.89537456836615,2.95332984823762,0.509803921568627,1,"Gm12216","Cd74",0.2,0.04
2.89537456836615,2.95332984823762,0.509803921568627,1,"Lyrm7","Cd74",0.2,0.04
2.89537456836615,2.95332984823762,0.509803921568627,1,"Zfp867","Cd74",0.2,0.04
2.89537456836615,2.95332984823762,0.509803921568627,1,"Tom1l2","Cd74",0.2,0.04
2.89537456836615,2.95332984823762,0.509803921568627,1,"Zfp287","Cd74",0.2,0.04
2.89537456836615,2.95332984823762,0.509803921568627,1,"Stxbp4","Cd74",0.2,0.04
2.89537456836615,2.95332984823762,0.509803921568627,1,"Cacna1g","Cd74",0.2,0.04
2.89537456836615,2.95332984823762,0.509803921568627,1,"Ikzf3","Cd74",0.2,0.04
2.89537456836615,2.95332984823762,0.509803921568627,1,"Gm27029","Cd74",0.2,0.04
2.89537456836615,2.95332984823762,0.509803921568627,1,"Ttyh2","Cd74",0.2,0.04
2.89537456836615,2.95332984823762,0.509803921568627,1,"Cd300lb","Cd74",0.2,0.04
2.89537456836615,2.95332984823762,0.509803921568627,1,"Cd300ld","Cd74",0.2,0.04
2.89537456836615,2.95332984823762,0.509803921568627,1,"Gm48708","Cd74",0.2,0.04
2.89537456836615,2.95332984823762,0.509803921568627,1,"Gm46411","Cd74",0.2,0.04
2.89537456836615,2.95332984823762,0.509803921568627,1,"Scamp1","Cd74",0.2,0.04
2.89537456836615,2.95332984823762,0.509803921568627,1,"Mfsd2b","Cd74",0.2,0.04
2.89537456836615,2.95332984823762,0.509803921568627,1,"Asap2","Cd74",0.2,0.04
2.89537456836615,2.95332984823762,0.509803921568627,1,"Matn2","Cd74",0.2,0.04
2.89537456836615,2.95332984823762,0.509803921568627,1,"Jrk","Cd74",0.2,0.04
2.89537456836615,2.95332984823762,0.509803921568627,1,"2310068J16Rik","Cd74",0.2,0.04
2.89537456836615,2.95332984823762,0.509803921568627,1,"Mefv","Cd74",0.2,0.04
2.89537456836615,2.95332984823762,0.509803921568627,1,"Prodh","Cd74",0.2,0.04
2.89537456836615,2.95332984823762,0.509803921568627,1,"Fam131a","Cd74",0.2,0.04
2.89537456836615,2.95332984823762,0.509803921568627,1,"Fam43a","Cd74",0.2,0.04
2.89537456836615,2.95332984823762,0.509803921568627,1,"Fpr2","Cd74",0.2,0.04
2.89537456836615,2.95332984823762,0.509803921568627,1,"Mapk13","Cd74",0.2,0.04
2.89537456836615,2.95332984823762,0.509803921568627,1,"Zfp799","Cd74",0.2,0.04
2.89537456836615,2.95332984823762,0.509803921568627,1,"Mocs1","Cd74",0.2,0.04
2.89537456836615,2.95332984823762,0.509803921568627,1,"Adgre1","Cd74",0.2,0.04
2.89537456836615,2.95332984823762,0.509803921568627,1,"Doc2g","Cd74",0.2,0.04
2.89537456836615,2.95332984823762,0.509803921568627,1,"Carns1","Cd74",0.2,0.04
2.89537456836615,2.95332984823762,0.509803921568627,1,"Rhod","Cd74",0.2,0.04
2.89537456836615,2.95332984823762,0.509803921568627,1,"Gm14966","Cd74",0.2,0.04
2.89537456836615,2.95332984823762,0.509803921568627,1,"Rnls","Cd74",0.2,0.04
2.89537456836615,2.95332984823762,0.509803921568627,1,"Myof","Cd74",0.2,0.04
2.03420056144927,3.16971946472205,0.509803921568627,1,"Nck2","Cd74",0.2,0.04
2.03420056144927,3.16971946472205,0.509803921568627,1,"Glb1l","Cd74",0.2,0.04
2.03420056144927,3.16971946472205,0.509803921568627,1,"Dusp28","Cd74",0.2,0.04
2.03420056144927,3.16971946472205,0.509803921568627,1,"Gm28187","Cd74",0.2,0.04
2.03420056144927,3.16971946472205,0.509803921568627,1,"Phlda3","Cd74",0.2,0.04
2.03420056144927,3.16971946472205,0.509803921568627,1,"Igsf9","Cd74",0.2,0.04
2.03420056144927,3.16971946472205,0.509803921568627,1,"Ackr1","Cd74",0.2,0.04
2.03420056144927,3.16971946472205,0.509803921568627,1,"Sfmbt2","Cd74",0.2,0.04
2.03420056144927,3.16971946472205,0.509803921568627,1,"Mettl8","Cd74",0.2,0.04
2.03420056144927,3.16971946472205,0.509803921568627,1,"Fam210b","Cd74",0.2,0.04
2.03420056144927,3.16971946472205,0.509803921568627,1,"Mtcp1","Cd74",0.2,0.04
2.03420056144927,3.16971946472205,0.509803921568627,1,"Arhgef9","Cd74",0.2,0.04
2.03420056144927,3.16971946472205,0.509803921568627,1,"Tlr13","Cd74",0.2,0.04
2.03420056144927,3.16971946472205,0.509803921568627,1,"Tmsb15b1","Cd74",0.2,0.04
2.03420056144927,3.16971946472205,0.509803921568627,1,"D3Ertd254e","Cd74",0.2,0.04
2.03420056144927,3.16971946472205,0.509803921568627,1,"Kcnab1","Cd74",0.2,0.04
2.03420056144927,3.16971946472205,0.509803921568627,1,"4632404H12Rik","Cd74",0.2,0.04
2.03420056144927,3.16971946472205,0.509803921568627,1,"Lysmd1","Cd74",0.2,0.04
2.03420056144927,3.16971946472205,0.509803921568627,1,"Ecm1","Cd74",0.2,0.04
2.03420056144927,3.16971946472205,0.509803921568627,1,"Amigo1","Cd74",0.2,0.04
2.03420056144927,3.16971946472205,0.509803921568627,1,"Mttp","Cd74",0.2,0.04
2.03420056144927,3.16971946472205,0.509803921568627,1,"Gbp7","Cd74",0.2,0.04
2.03420056144927,3.16971946472205,0.509803921568627,1,"Rgp1","Cd74",0.2,0.04
2.03420056144927,3.16971946472205,0.509803921568627,1,"Azin2","Cd74",0.2,0.04
2.03420056144927,3.16971946472205,0.509803921568627,1,"Ptafr","Cd74",0.2,0.04
2.03420056144927,3.16971946472205,0.509803921568627,1,"Zfp46","Cd74",0.2,0.04
2.03420056144927,3.16971946472205,0.509803921568627,1,"Aldh4a1","Cd74",0.2,0.04
2.03420056144927,3.16971946472205,0.509803921568627,1,"Clstn1","Cd74",0.2,0.04
2.03420056144927,3.16971946472205,0.509803921568627,1,"Fam213b","Cd74",0.2,0.04
2.03420056144927,3.16971946472205,0.509803921568627,1,"Morn1","Cd74",0.2,0.04
2.03420056144927,3.16971946472205,0.509803921568627,1,"Fam185a","Cd74",0.2,0.04
2.03420056144927,3.16971946472205,0.509803921568627,1,"Sorcs2","Cd74",0.2,0.04
2.03420056144927,3.16971946472205,0.509803921568627,1,"Gm7879","Cd74",0.2,0.04
2.03420056144927,3.16971946472205,0.509803921568627,1,"Nfxl1","Cd74",0.2,0.04
2.03420056144927,3.16971946472205,0.509803921568627,1,"Gm33370","Cd74",0.2,0.04
2.03420056144927,3.16971946472205,0.509803921568627,1,"5430403G16Rik","Cd74",0.2,0.04
2.03420056144927,3.16971946472205,0.509803921568627,1,"Pitpnm2","Cd74",0.2,0.04
2.03420056144927,3.16971946472205,0.509803921568627,1,"4933404O12Rik","Cd74",0.2,0.04
2.03420056144927,3.16971946472205,0.509803921568627,1,"Wdr95","Cd74",0.2,0.04
2.03420056144927,3.16971946472205,0.509803921568627,1,"Cep41","Cd74",0.2,0.04
2.03420056144927,3.16971946472205,0.509803921568627,1,"Tmem140","Cd74",0.2,0.04
2.03420056144927,3.16971946472205,0.509803921568627,1,"Zfp956","Cd74",0.2,0.04
2.03420056144927,3.16971946472205,0.509803921568627,1,"Gimap9","Cd74",0.2,0.04
2.03420056144927,3.16971946472205,0.509803921568627,1,"Gm38832","Cd74",0.2,0.04
2.03420056144927,3.16971946472205,0.509803921568627,1,"Slc25a26","Cd74",0.2,0.04
2.03420056144927,3.16971946472205,0.509803921568627,1,"Ttll3","Cd74",0.2,0.04
2.03420056144927,3.16971946472205,0.509803921568627,1,"Crebl2","Cd74",0.2,0.04
2.03420056144927,3.16971946472205,0.509803921568627,1,"Leng9","Cd74",0.2,0.04
2.03420056144927,3.16971946472205,0.509803921568627,1,"Dact3","Cd74",0.2,0.04
2.03420056144927,3.16971946472205,0.509803921568627,1,"Exoc3l2","Cd74",0.2,0.04
2.03420056144927,3.16971946472205,0.509803921568627,1,"Sbsn","Cd74",0.2,0.04
2.03420056144927,3.16971946472205,0.509803921568627,1,"Plekhf1","Cd74",0.2,0.04
2.03420056144927,3.16971946472205,0.509803921568627,1,"Stk32c","Cd74",0.2,0.04
2.03420056144927,3.16971946472205,0.509803921568627,1,"Bend3","Cd74",0.2,0.04
2.03420056144927,3.16971946472205,0.509803921568627,1,"Apba3","Cd74",0.2,0.04
2.03420056144927,3.16971946472205,0.509803921568627,1,"Dusp6","Cd74",0.2,0.04
2.03420056144927,3.16971946472205,0.509803921568627,1,"Irak3","Cd74",0.2,0.04
2.03420056144927,3.16971946472205,0.509803921568627,1,"Gm26847","Cd74",0.2,0.04
2.03420056144927,3.16971946472205,0.509803921568627,1,"Zfp958","Cd74",0.2,0.04
2.03420056144927,3.16971946472205,0.509803921568627,1,"Pomk","Cd74",0.2,0.04
2.03420056144927,3.16971946472205,0.509803921568627,1,"Gm15356","Cd74",0.2,0.04
2.03420056144927,3.16971946472205,0.509803921568627,1,"Rpgrip1l","Cd74",0.2,0.04
2.03420056144927,3.16971946472205,0.509803921568627,1,"Pdpr","Cd74",0.2,0.04
2.03420056144927,3.16971946472205,0.509803921568627,1,"Ube2e2","Cd74",0.2,0.04
2.03420056144927,3.16971946472205,0.509803921568627,1,"Gm7324","Cd74",0.2,0.04
2.03420056144927,3.16971946472205,0.509803921568627,1,"Ang","Cd74",0.2,0.04
2.03420056144927,3.16971946472205,0.509803921568627,1,"Slc7a8","Cd74",0.2,0.04
2.03420056144927,3.16971946472205,0.509803921568627,1,"Ppp3cc","Cd74",0.2,0.04
2.03420056144927,3.16971946472205,0.509803921568627,1,"Slc39a14","Cd74",0.2,0.04
2.03420056144927,3.16971946472205,0.509803921568627,1,"Tmtc4","Cd74",0.2,0.04
2.03420056144927,3.16971946472205,0.509803921568627,1,"Gm16845","Cd74",0.2,0.04
2.03420056144927,3.16971946472205,0.509803921568627,1,"Gm16124","Cd74",0.2,0.04
2.03420056144927,3.16971946472205,0.509803921568627,1,"Ccpg1os","Cd74",0.2,0.04
2.03420056144927,3.16971946472205,0.509803921568627,1,"Ube2cbp","Cd74",0.2,0.04
2.03420056144927,3.16971946472205,0.509803921568627,1,"Pik3r4","Cd74",0.2,0.04
2.03420056144927,3.16971946472205,0.509803921568627,1,"Hyal3","Cd74",0.2,0.04
2.03420056144927,3.16971946472205,0.509803921568627,1,"Ip6k2","Cd74",0.2,0.04
2.03420056144927,3.16971946472205,0.509803921568627,1,"Tmem158","Cd74",0.2,0.04
2.03420056144927,3.16971946472205,0.509803921568627,1,"Igtp","Cd74",0.2,0.04
2.03420056144927,3.16971946472205,0.509803921568627,1,"Irgm2","Cd74",0.2,0.04
2.03420056144927,3.16971946472205,0.509803921568627,1,"Dnah2","Cd74",0.2,0.04
2.03420056144927,3.16971946472205,0.509803921568627,1,"2010015M23Rik","Cd74",0.2,0.04
2.03420056144927,3.16971946472205,0.509803921568627,1,"Copz2","Cd74",0.2,0.04
2.03420056144927,3.16971946472205,0.509803921568627,1,"Krt10","Cd74",0.2,0.04
2.03420056144927,3.16971946472205,0.509803921568627,1,"Rac3","Cd74",0.2,0.04
2.03420056144927,3.16971946472205,0.509803921568627,1,"Hist1h4j","Cd74",0.2,0.04
2.03420056144927,3.16971946472205,0.509803921568627,1,"Tubb2b","Cd74",0.2,0.04
2.03420056144927,3.16971946472205,0.509803921568627,1,"Gadd45g","Cd74",0.2,0.04
2.03420056144927,3.16971946472205,0.509803921568627,1,"Simc1","Cd74",0.2,0.04
2.03420056144927,3.16971946472205,0.509803921568627,1,"Mtx3","Cd74",0.2,0.04
2.03420056144927,3.16971946472205,0.509803921568627,1,"Ccdc125","Cd74",0.2,0.04
2.03420056144927,3.16971946472205,0.509803921568627,1,"Elovl7","Cd74",0.2,0.04
2.03420056144927,3.16971946472205,0.509803921568627,1,"Nbas","Cd74",0.2,0.04
2.03420056144927,3.16971946472205,0.509803921568627,1,"Klhdc1","Cd74",0.2,0.04
2.03420056144927,3.16971946472205,0.509803921568627,1,"Gm30025","Cd74",0.2,0.04
2.03420056144927,3.16971946472205,0.509803921568627,1,"Ankrd9","Cd74",0.2,0.04
2.03420056144927,3.16971946472205,0.509803921568627,1,"Laptm4b","Cd74",0.2,0.04
2.03420056144927,3.16971946472205,0.509803921568627,1,"Zfp623","Cd74",0.2,0.04
2.03420056144927,3.16971946472205,0.509803921568627,1,"Tonsl","Cd74",0.2,0.04
2.03420056144927,3.16971946472205,0.509803921568627,1,"Fam118a","Cd74",0.2,0.04
2.03420056144927,3.16971946472205,0.509803921568627,1,"Rnd1","Cd74",0.2,0.04
2.03420056144927,3.16971946472205,0.509803921568627,1,"Nckap5l","Cd74",0.2,0.04
2.03420056144927,3.16971946472205,0.509803921568627,1,"Nr4a1","Cd74",0.2,0.04
2.03420056144927,3.16971946472205,0.509803921568627,1,"Socs1","Cd74",0.2,0.04
2.03420056144927,3.16971946472205,0.509803921568627,1,"Xxylt1","Cd74",0.2,0.04
2.03420056144927,3.16971946472205,0.509803921568627,1,"Gm15657","Cd74",0.2,0.04
2.03420056144927,3.16971946472205,0.509803921568627,1,"Ccdc14","Cd74",0.2,0.04
2.03420056144927,3.16971946472205,0.509803921568627,1,"Rcan1","Cd74",0.2,0.04
2.03420056144927,3.16971946472205,0.509803921568627,1,"Prdm9","Cd74",0.2,0.04
2.03420056144927,3.16971946472205,0.509803921568627,1,"Spaca6","Cd74",0.2,0.04
2.03420056144927,3.16971946472205,0.509803921568627,1,"Zfp51","Cd74",0.2,0.04
2.03420056144927,3.16971946472205,0.509803921568627,1,"Rab26","Cd74",0.2,0.04
2.03420056144927,3.16971946472205,0.509803921568627,1,"H2-Q10","Cd74",0.2,0.04
2.03420056144927,3.16971946472205,0.509803921568627,1,"Taf4b","Cd74",0.2,0.04
2.03420056144927,3.16971946472205,0.509803921568627,1,"Ablim1","Cd74",0.2,0.04
-0.727238962193173,6.30615986623373,0.509845741921988,1,"Psmd1","Cd74",0.2,0.04
-0.727238962193173,6.30615986623373,0.509845741921988,1,"Mef2d","Cd74",0.2,0.04
-0.727238962193173,6.30615986623373,0.509845741921988,1,"Mfsd14a","Cd74",0.2,0.04
-0.727238962193173,6.30615986623373,0.509845741921988,1,"Kit","Cd74",0.2,0.04
-0.727238962193173,6.30615986623373,0.509845741921988,1,"Atp6v1e1","Cd74",0.2,0.04
-0.727238962193173,6.30615986623373,0.509845741921988,1,"Echs1","Cd74",0.2,0.04
-0.727238962193173,6.30615986623373,0.509845741921988,1,"Lims1","Cd74",0.2,0.04
-0.727238962193173,6.30615986623373,0.509845741921988,1,"Tk1","Cd74",0.2,0.04
-0.727238962193173,6.30615986623373,0.509845741921988,1,"Rnf5","Cd74",0.2,0.04
-0.702671284291332,6.2875877821661,0.509845741921988,1,"Fxr1","Cd74",0.2,0.04
-0.702671284291332,6.2875877821661,0.509845741921988,1,"Pole4","Cd74",0.2,0.04
-0.702671284291332,6.2875877821661,0.509845741921988,1,"Fnta","Cd74",0.2,0.04
-0.677677984609102,6.2687197471188,0.509845741921988,1,"Dnajc19","Cd74",0.2,0.04
-0.677677984609102,6.2687197471188,0.509845741921988,1,"Pum1","Cd74",0.2,0.04
-0.677677984609102,6.2687197471188,0.509845741921988,1,"B4galnt1","Cd74",0.2,0.04
-0.677677984609102,6.2687197471188,0.509845741921988,1,"Ggnbp2","Cd74",0.2,0.04
-0.677677984609102,6.2687197471188,0.509845741921988,1,"Mrpl32","Cd74",0.2,0.04
-0.677677984609102,6.2687197471188,0.509845741921988,1,"Atad2b","Cd74",0.2,0.04
-0.677677984609102,6.2687197471188,0.509845741921988,1,"Ago2","Cd74",0.2,0.04
-0.677677984609102,6.2687197471188,0.509845741921988,1,"Maf1","Cd74",0.2,0.04
-0.677677984609102,6.2687197471188,0.509845741921988,1,"Bak1","Cd74",0.2,0.04
-0.562727076068769,6.92136299559305,0.510330691945991,1,"Aldoa","Cd74",0.2,0.04
-0.546998389235594,6.90988789385648,0.510330691945991,1,"Cers2","Cd74",0.2,0.04
-0.546998389235594,6.90988789385648,0.510330691945991,1,"Ctnnb1","Cd74",0.2,0.04
-0.546998389235594,6.90988789385648,0.510330691945991,1,"Snrpc","Cd74",0.2,0.04
-0.531096331745476,6.89829768719324,0.510330691945991,1,"Ube2q1","Cd74",0.2,0.04
-0.531096331745476,6.89829768719324,0.510330691945991,1,"Mrpl23","Cd74",0.2,0.04
-0.416435360018892,7.85230755303263,0.513945274120564,1,"Mat2a","Cd74",0.2,0.04
-0.416435360018892,7.85230755303263,0.513945274120564,1,"Prdx2","Cd74",0.2,0.04
0.441840841965267,7.08893252059545,0.514280311524474,1,"Psmd2","Cd74",0.2,0.04
-0.310516348163743,9.25423494217154,0.514938912887361,1,"Erp29","Cd74",0.2,0.04
-0.684916047369845,5.90329621325331,0.515477242664808,1,"Dnajc10","Cd74",0.2,0.04
-0.684916047369845,5.90329621325331,0.515477242664808,1,"Fbxo3","Cd74",0.2,0.04
-0.684916047369845,5.90329621325331,0.515477242664808,1,"Ccdc28b","Cd74",0.2,0.04
-0.684916047369845,5.90329621325331,0.515477242664808,1,"Triap1","Cd74",0.2,0.04
-0.684916047369845,5.90329621325331,0.515477242664808,1,"Diablo","Cd74",0.2,0.04
-0.684916047369845,5.90329621325331,0.515477242664808,1,"Napa","Cd74",0.2,0.04
-0.684916047369845,5.90329621325331,0.515477242664808,1,"Nfic","Cd74",0.2,0.04
-0.684916047369845,5.90329621325331,0.515477242664808,1,"Mau2","Cd74",0.2,0.04
-0.684916047369845,5.90329621325331,0.515477242664808,1,"Clk4","Cd74",0.2,0.04
-0.684916047369845,5.90329621325331,0.515477242664808,1,"Med1","Cd74",0.2,0.04
-0.684916047369845,5.90329621325331,0.515477242664808,1,"Tnpo1","Cd74",0.2,0.04
-0.684916047369845,5.90329621325331,0.515477242664808,1,"Smn1","Cd74",0.2,0.04
-0.684916047369845,5.90329621325331,0.515477242664808,1,"Sun2","Cd74",0.2,0.04
-0.684916047369845,5.90329621325331,0.515477242664808,1,"Frmd8","Cd74",0.2,0.04
0.973064087467276,5.10875852239981,0.516292316661943,1,"Dtl","Cd74",0.2,0.04
0.973064087467276,5.10875852239981,0.516292316661943,1,"Sh3glb2","Cd74",0.2,0.04
0.973064087467276,5.10875852239981,0.516292316661943,1,"Tmem189","Cd74",0.2,0.04
0.973064087467276,5.10875852239981,0.516292316661943,1,"Ndufaf6","Cd74",0.2,0.04
0.973064087467276,5.10875852239981,0.516292316661943,1,"Slain2","Cd74",0.2,0.04
0.973064087467276,5.10875852239981,0.516292316661943,1,"Plod3","Cd74",0.2,0.04
0.973064087467276,5.10875852239981,0.516292316661943,1,"Zfp157","Cd74",0.2,0.04
0.973064087467276,5.10875852239981,0.516292316661943,1,"Trim24","Cd74",0.2,0.04
0.973064087467276,5.10875852239981,0.516292316661943,1,"Itgax","Cd74",0.2,0.04
0.973064087467276,5.10875852239981,0.516292316661943,1,"Birc3","Cd74",0.2,0.04
0.973064087467276,5.10875852239981,0.516292316661943,1,"Dlat","Cd74",0.2,0.04
0.973064087467276,5.10875852239981,0.516292316661943,1,"Plscr3","Cd74",0.2,0.04
0.973064087467276,5.10875852239981,0.516292316661943,1,"Pelp1","Cd74",0.2,0.04
0.973064087467276,5.10875852239981,0.516292316661943,1,"Camta2","Cd74",0.2,0.04
0.973064087467276,5.10875852239981,0.516292316661943,1,"Auh","Cd74",0.2,0.04
0.973064087467276,5.10875852239981,0.516292316661943,1,"Litaf","Cd74",0.2,0.04
0.973064087467276,5.10875852239981,0.516292316661943,1,"Gstp1","Cd74",0.2,0.04
0.895998133884589,5.15772284913669,0.516292316661943,1,"Vps16","Cd74",0.2,0.04
0.895998133884589,5.15772284913669,0.516292316661943,1,"Crtc2","Cd74",0.2,0.04
0.895998133884589,5.15772284913669,0.516292316661943,1,"Hs2st1","Cd74",0.2,0.04
0.895998133884589,5.15772284913669,0.516292316661943,1,"B4galt1","Cd74",0.2,0.04
0.895998133884589,5.15772284913669,0.516292316661943,1,"Lpcat3","Cd74",0.2,0.04
0.895998133884589,5.15772284913669,0.516292316661943,1,"Hcst","Cd74",0.2,0.04
0.895998133884589,5.15772284913669,0.516292316661943,1,"Gnpat","Cd74",0.2,0.04
0.895998133884589,5.15772284913669,0.516292316661943,1,"Rbm34","Cd74",0.2,0.04
0.895998133884589,5.15772284913669,0.516292316661943,1,"AU019823","Cd74",0.2,0.04
0.895998133884589,5.15772284913669,0.516292316661943,1,"Ubl7","Cd74",0.2,0.04
0.895998133884589,5.15772284913669,0.516292316661943,1,"Exoc7","Cd74",0.2,0.04
0.895998133884589,5.15772284913669,0.516292316661943,1,"Ccdc71l","Cd74",0.2,0.04
0.895998133884589,5.15772284913669,0.516292316661943,1,"Tdp1","Cd74",0.2,0.04
0.895998133884589,5.15772284913669,0.516292316661943,1,"Hsf1","Cd74",0.2,0.04
0.895998133884589,5.15772284913669,0.516292316661943,1,"Cerk","Cd74",0.2,0.04
0.822840975162684,5.20480499070438,0.516292316661943,1,"Rapgef1","Cd74",0.2,0.04
0.822840975162684,5.20480499070438,0.516292316661943,1,"Cxcr3","Cd74",0.2,0.04
0.822840975162684,5.20480499070438,0.516292316661943,1,"Zc3h4","Cd74",0.2,0.04
0.822840975162684,5.20480499070438,0.516292316661943,1,"Prmt5","Cd74",0.2,0.04
0.822840975162684,5.20480499070438,0.516292316661943,1,"Lpar6","Cd74",0.2,0.04
0.822840975162684,5.20480499070438,0.516292316661943,1,"Sik3","Cd74",0.2,0.04
0.822840975162684,5.20480499070438,0.516292316661943,1,"Ccdc69","Cd74",0.2,0.04
0.822840975162684,5.20480499070438,0.516292316661943,1,"Top3b","Cd74",0.2,0.04
0.822840975162684,5.20480499070438,0.516292316661943,1,"Vti1a","Cd74",0.2,0.04
0.269902773890165,12.8311252251433,0.516425270844362,1,"mt-Co2","Cd74",0.2,0.04
0.414023733415813,7.31200683214807,0.516804763903882,1,"Aimp1","Cd74",0.2,0.04
0.414023733415813,7.31200683214807,0.516804763903882,1,"Kmt2e","Cd74",0.2,0.04
0.414023733415813,7.31200683214807,0.516804763903882,1,"Fkbp8","Cd74",0.2,0.04
0.393098453200063,7.50523414621229,0.518495394473886,1,"Tmem167","Cd74",0.2,0.04
0.363708077741734,7.82810386829653,0.520503527603999,1,"Tmem59","Cd74",0.2,0.04
-0.297711253767792,9.87530134114004,0.520976373372257,1,"Cox4i1","Cd74",0.2,0.04
0.352992035840479,7.96599347061441,0.521111530789023,1,"Srsf5","Cd74",0.2,0.04
0.344015820283736,7.97125703447645,0.521111530789023,1,"Tpm4","Cd74",0.2,0.04
-0.497274874608911,7.21184021459409,0.524251355665674,1,"Uqcrc2","Cd74",0.2,0.04
-0.484476399214453,7.20270355835994,0.524251355665674,1,"Psmd13","Cd74",0.2,0.04
-0.484476399214453,7.20270355835994,0.524251355665674,1,"Spcs1","Cd74",0.2,0.04
-0.397771483423584,7.74467438063976,0.526681252643439,1,"Ncor1","Cd74",0.2,0.04
-0.270859976537619,11.3344923146403,0.528774148550605,1,"Rps2","Cd74",0.2,0.04
-0.267264397007355,11.4981142430011,0.52980578859875,1,"Rpl8","Cd74",0.2,0.04
-0.302240126929335,9.46258644316336,0.529901634411509,1,"Arhgdib","Cd74",0.2,0.04
-0.583147711435326,6.73101096798527,0.53127816897589,1,"Gm11808","Cd74",0.2,0.04
-0.583147711435326,6.73101096798527,0.53127816897589,1,"Sema4d","Cd74",0.2,0.04
-0.565051517041155,6.71767139925694,0.53127816897589,1,"Eif4g3","Cd74",0.2,0.04
-0.565051517041155,6.71767139925694,0.53127816897589,1,"Emc10","Cd74",0.2,0.04
-0.546725449756288,6.704176876606,0.53127816897589,1,"Cd7","Cd74",0.2,0.04
-0.546725449756288,6.704176876606,0.53127816897589,1,"Rpl7l1","Cd74",0.2,0.04
-0.546725449756288,6.704176876606,0.53127816897589,1,"Sf1","Cd74",0.2,0.04
-0.379056896225676,7.91598931992543,0.533134836932458,1,"Psmb4","Cd74",0.2,0.04
-0.266167747459939,11.7061768578447,0.533376044015411,1,"Rps10","Cd74",0.2,0.04
-0.453964727077855,7.45347744625116,0.533963071749257,1,"Lsm2","Cd74",0.2,0.04
-0.812601683363711,6.00051061856657,0.536893148539023,1,"Pycr2","Cd74",0.2,0.04
-0.812601683363711,6.00051061856657,0.536893148539023,1,"Akirin2","Cd74",0.2,0.04
-0.812601683363711,6.00051061856657,0.536893148539023,1,"Chmp3","Cd74",0.2,0.04
-0.812601683363711,6.00051061856657,0.536893148539023,1,"Hmg20b","Cd74",0.2,0.04
-0.812601683363711,6.00051061856657,0.536893148539023,1,"Gnl3","Cd74",0.2,0.04
-0.812601683363711,6.00051061856657,0.536893148539023,1,"Mgat1","Cd74",0.2,0.04
-0.812601683363711,6.00051061856657,0.536893148539023,1,"Phf20l1","Cd74",0.2,0.04
-0.781724018600316,5.97693359339415,0.536893148539023,1,"Fkbp15","Cd74",0.2,0.04
-0.781724018600316,5.97693359339415,0.536893148539023,1,"Cnot2","Cd74",0.2,0.04
-0.781724018600316,5.97693359339415,0.536893148539023,1,"Dlgap5","Cd74",0.2,0.04
-0.781724018600316,5.97693359339415,0.536893148539023,1,"Sorl1","Cd74",0.2,0.04
-0.781724018600316,5.97693359339415,0.536893148539023,1,"Rab8b","Cd74",0.2,0.04
-0.781724018600316,5.97693359339415,0.536893148539023,1,"Tmx1","Cd74",0.2,0.04
-0.781724018600316,5.97693359339415,0.536893148539023,1,"Rxrb","Cd74",0.2,0.04
0.688642201593603,5.83662521028683,0.536893148539023,1,"Dstn","Cd74",0.2,0.04
0.688642201593603,5.83662521028683,0.536893148539023,1,"Tmem222","Cd74",0.2,0.04
0.688642201593603,5.83662521028683,0.536893148539023,1,"Tmem128","Cd74",0.2,0.04
0.688642201593603,5.83662521028683,0.536893148539023,1,"Ms4a4b","Cd74",0.2,0.04
0.645860499125392,5.86494642759611,0.536893148539023,1,"Tmem33","Cd74",0.2,0.04
0.645860499125392,5.86494642759611,0.536893148539023,1,"Tbc1d15","Cd74",0.2,0.04
0.645860499125392,5.86494642759611,0.536893148539023,1,"Haus8","Cd74",0.2,0.04
0.645860499125392,5.86494642759611,0.536893148539023,1,"Chd9","Cd74",0.2,0.04
0.645860499125392,5.86494642759611,0.536893148539023,1,"Arih1","Cd74",0.2,0.04
0.645860499125392,5.86494642759611,0.536893148539023,1,"Prdx3","Cd74",0.2,0.04
0.6043109940549,5.89259597154856,0.536893148539023,1,"Ccndbp1","Cd74",0.2,0.04
0.6043109940549,5.89259597154856,0.536893148539023,1,"Pigt","Cd74",0.2,0.04
0.6043109940549,5.89259597154856,0.536893148539023,1,"Tmem131l","Cd74",0.2,0.04
0.6043109940549,5.89259597154856,0.536893148539023,1,"Pmpcb","Cd74",0.2,0.04
0.6043109940549,5.89259597154856,0.536893148539023,1,"Sppl3","Cd74",0.2,0.04
0.6043109940549,5.89259597154856,0.536893148539023,1,"Usp12","Cd74",0.2,0.04
0.6043109940549,5.89259597154856,0.536893148539023,1,"Tnpo3","Cd74",0.2,0.04
0.6043109940549,5.89259597154856,0.536893148539023,1,"Fli1","Cd74",0.2,0.04
0.6043109940549,5.89259597154856,0.536893148539023,1,"Usp3","Cd74",0.2,0.04
0.6043109940549,5.89259597154856,0.536893148539023,1,"Ripor2","Cd74",0.2,0.04
0.6043109940549,5.89259597154856,0.536893148539023,1,"Idnk","Cd74",0.2,0.04
0.6043109940549,5.89259597154856,0.536893148539023,1,"Trip11","Cd74",0.2,0.04
0.6043109940549,5.89259597154856,0.536893148539023,1,"Dpp9","Cd74",0.2,0.04
0.335482986431336,8.03779130912236,0.538354159959182,1,"Pkm","Cd74",0.2,0.04
0.343996430089879,7.90701369386889,0.539218685980053,1,"Luc7l3","Cd74",0.2,0.04
-0.40446439790331,7.64748088762561,0.54111881514077,1,"Vdac3","Cd74",0.2,0.04
0.369771966357155,7.4322410777868,0.542113304357198,1,"Nfam1","Cd74",0.2,0.04
0.564649520957905,6.31885317540922,0.542566786355408,1,"Orai1","Cd74",0.2,0.04
0.564649520957905,6.31885317540922,0.542566786355408,1,"Slc6a6","Cd74",0.2,0.04
0.535039380426924,6.3383611240132,0.542566786355408,1,"Rtf2","Cd74",0.2,0.04
0.535039380426924,6.3383611240132,0.542566786355408,1,"Ythdf2","Cd74",0.2,0.04
0.535039380426924,6.3383611240132,0.542566786355408,1,"Gpr183","Cd74",0.2,0.04
0.506024761792873,6.35753851915615,0.542566786355408,1,"Cetn2","Cd74",0.2,0.04
0.506024761792873,6.35753851915615,0.542566786355408,1,"Glod4","Cd74",0.2,0.04
-0.365070108543871,8.21577217698484,0.542662798628169,1,"Ndufa6","Cd74",0.2,0.04
-0.352427268628941,8.20744794563668,0.542662798628169,1,"Akr1a1","Cd74",0.2,0.04
0.419115386010342,7.20961701955402,0.543057470902997,1,"Use1","Cd74",0.2,0.04
0.419115386010342,7.20961701955402,0.543057470902997,1,"C1d","Cd74",0.2,0.04
0.40372234145406,7.21925761415817,0.543057470902997,1,"Selenos","Cd74",0.2,0.04
0.40372234145406,7.21925761415817,0.543057470902997,1,"Prkcd","Cd74",0.2,0.04
0.388491802869623,7.22881402794101,0.543057470902997,1,"M6pr","Cd74",0.2,0.04
-0.292838054664401,9.30772344614232,0.543717705218369,1,"Hint1","Cd74",0.2,0.04
0.431918284584023,6.98058363406347,0.543792061196148,1,"Usp1","Cd74",0.2,0.04
0.413822090189852,6.9921421206687,0.543792061196148,1,"Dnmt1","Cd74",0.2,0.04
0.413822090189852,6.9921421206687,0.543792061196148,1,"Akt1","Cd74",0.2,0.04
0.413822090189852,6.9921421206687,0.543792061196148,1,"Ik","Cd74",0.2,0.04
-0.505067429197182,7.05860144706233,0.543792061196149,1,"Polr2m","Cd74",0.2,0.04
-0.505067429197182,7.05860144706233,0.543792061196149,1,"U2surp","Cd74",0.2,0.04
-0.476277266896889,7.0378707880585,0.543792061196149,1,"Srsf1","Cd74",0.2,0.04
0.494952359898096,6.6800392589254,0.543943802908086,1,"Stag2","Cd74",0.2,0.04
0.472312405711347,6.69472813802544,0.543943802908086,1,"Stat1","Cd74",0.2,0.04
0.472312405711347,6.69472813802544,0.543943802908086,1,"Eif4ebp2","Cd74",0.2,0.04
0.45002225394096,6.70922548031322,0.543943802908086,1,"Zbtb7a","Cd74",0.2,0.04
0.45002225394096,6.70922548031322,0.543943802908086,1,"Cast","Cd74",0.2,0.04
-0.884262752882883,5.54494139799895,0.546614290841344,1,"Atp6v1h","Cd74",0.2,0.04
-0.884262752882883,5.54494139799895,0.546614290841344,1,"Gigyf2","Cd74",0.2,0.04
-0.884262752882883,5.54494139799895,0.546614290841344,1,"Agps","Cd74",0.2,0.04
-0.884262752882883,5.54494139799895,0.546614290841344,1,"Cenpb","Cd74",0.2,0.04
-0.884262752882883,5.54494139799895,0.546614290841344,1,"Plcb4","Cd74",0.2,0.04
-0.884262752882883,5.54494139799895,0.546614290841344,1,"Tbc1d20","Cd74",0.2,0.04
-0.884262752882883,5.54494139799895,0.546614290841344,1,"Nfatc2","Cd74",0.2,0.04
-0.884262752882883,5.54494139799895,0.546614290841344,1,"Gsap","Cd74",0.2,0.04
-0.884262752882883,5.54494139799895,0.546614290841344,1,"Pop7","Cd74",0.2,0.04
-0.884262752882883,5.54494139799895,0.546614290841344,1,"Scaf1","Cd74",0.2,0.04
-0.884262752882883,5.54494139799895,0.546614290841344,1,"Ate1","Cd74",0.2,0.04
-0.884262752882883,5.54494139799895,0.546614290841344,1,"Cenpw","Cd74",0.2,0.04
-0.884262752882883,5.54494139799895,0.546614290841344,1,"Cabin1","Cd74",0.2,0.04
-0.884262752882883,5.54494139799895,0.546614290841344,1,"Shcbp1","Cd74",0.2,0.04
-0.884262752882883,5.54494139799895,0.546614290841344,1,"Mbtps1","Cd74",0.2,0.04
-0.884262752882883,5.54494139799895,0.546614290841344,1,"Ints6","Cd74",0.2,0.04
-0.884262752882883,5.54494139799895,0.546614290841344,1,"Trim41","Cd74",0.2,0.04
-0.884262752882883,5.54494139799895,0.546614290841344,1,"Cdk5rap3","Cd74",0.2,0.04
-0.884262752882883,5.54494139799895,0.546614290841344,1,"Hist1h1c","Cd74",0.2,0.04
-0.884262752882883,5.54494139799895,0.546614290841344,1,"Ncbp2","Cd74",0.2,0.04
-0.884262752882883,5.54494139799895,0.546614290841344,1,"Vps13a","Cd74",0.2,0.04
-0.840173529108682,5.51128032989179,0.546614290841344,1,"Mdm4","Cd74",0.2,0.04
-0.840173529108682,5.51128032989179,0.546614290841344,1,"Araf","Cd74",0.2,0.04
-0.840173529108682,5.51128032989179,0.546614290841344,1,"Ahcyl1","Cd74",0.2,0.04
-0.840173529108682,5.51128032989179,0.546614290841344,1,"Map3k7","Cd74",0.2,0.04
-0.840173529108682,5.51128032989179,0.546614290841344,1,"Kif2c","Cd74",0.2,0.04
-0.840173529108682,5.51128032989179,0.546614290841344,1,"Faap20","Cd74",0.2,0.04
-0.840173529108682,5.51128032989179,0.546614290841344,1,"Met","Cd74",0.2,0.04
-0.840173529108682,5.51128032989179,0.546614290841344,1,"Hibadh","Cd74",0.2,0.04
-0.840173529108682,5.51128032989179,0.546614290841344,1,"Irf3","Cd74",0.2,0.04
-0.840173529108682,5.51128032989179,0.546614290841344,1,"Tspyl1","Cd74",0.2,0.04
-0.840173529108682,5.51128032989179,0.546614290841344,1,"Zwint","Cd74",0.2,0.04
-0.840173529108682,5.51128032989179,0.546614290841344,1,"Tsfm","Cd74",0.2,0.04
-0.840173529108682,5.51128032989179,0.546614290841344,1,"Gins4","Cd74",0.2,0.04
-0.840173529108682,5.51128032989179,0.546614290841344,1,"Plekha2","Cd74",0.2,0.04
-0.840173529108682,5.51128032989179,0.546614290841344,1,"Borcs6","Cd74",0.2,0.04
-0.840173529108682,5.51128032989179,0.546614290841344,1,"Ube2g1","Cd74",0.2,0.04
-0.840173529108682,5.51128032989179,0.546614290841344,1,"Prpsap1","Cd74",0.2,0.04
-0.840173529108682,5.51128032989179,0.546614290841344,1,"Zfp277","Cd74",0.2,0.04
-0.840173529108682,5.51128032989179,0.546614290841344,1,"Cyhr1","Cd74",0.2,0.04
-0.840173529108682,5.51128032989179,0.546614290841344,1,"Grap2","Cd74",0.2,0.04
-0.840173529108682,5.51128032989179,0.546614290841344,1,"Comt","Cd74",0.2,0.04
-0.840173529108682,5.51128032989179,0.546614290841344,1,"Fyttd1","Cd74",0.2,0.04
-0.840173529108682,5.51128032989179,0.546614290841344,1,"Ttc3","Cd74",0.2,0.04
-0.840173529108682,5.51128032989179,0.546614290841344,1,"Lpin2","Cd74",0.2,0.04
-0.794694334972558,5.47667382851493,0.546614290841344,1,"Prpf18","Cd74",0.2,0.04
-0.794694334972558,5.47667382851493,0.546614290841344,1,"Mrps5","Cd74",0.2,0.04
-0.794694334972558,5.47667382851493,0.546614290841344,1,"Armc1","Cd74",0.2,0.04
-0.794694334972558,5.47667382851493,0.546614290841344,1,"Rnf220","Cd74",0.2,0.04
-0.794694334972558,5.47667382851493,0.546614290841344,1,"D5Ertd579e","Cd74",0.2,0.04
-0.794694334972558,5.47667382851493,0.546614290841344,1,"Polr2b","Cd74",0.2,0.04
-0.794694334972558,5.47667382851493,0.546614290841344,1,"Crcp","Cd74",0.2,0.04
-0.794694334972558,5.47667382851493,0.546614290841344,1,"Ddx47","Cd74",0.2,0.04
-0.794694334972558,5.47667382851493,0.546614290841344,1,"Mrpl46","Cd74",0.2,0.04
-0.794694334972558,5.47667382851493,0.546614290841344,1,"Mvp","Cd74",0.2,0.04
-0.794694334972558,5.47667382851493,0.546614290841344,1,"Gatd1","Cd74",0.2,0.04
-0.794694334972558,5.47667382851493,0.546614290841344,1,"Isyna1","Cd74",0.2,0.04
-0.794694334972558,5.47667382851493,0.546614290841344,1,"Hmgxb4","Cd74",0.2,0.04
-0.794694334972558,5.47667382851493,0.546614290841344,1,"Pdlim2","Cd74",0.2,0.04
-0.794694334972558,5.47667382851493,0.546614290841344,1,"Uba5","Cd74",0.2,0.04
-0.794694334972558,5.47667382851493,0.546614290841344,1,"Mapk9","Cd74",0.2,0.04
-0.794694334972558,5.47667382851493,0.546614290841344,1,"Specc1","Cd74",0.2,0.04
-0.794694334972558,5.47667382851493,0.546614290841344,1,"Ptrh2","Cd74",0.2,0.04
-0.794694334972558,5.47667382851493,0.546614290841344,1,"Tsta3","Cd74",0.2,0.04
-0.794694334972558,5.47667382851493,0.546614290841344,1,"Fbxl6","Cd74",0.2,0.04
-0.794694334972558,5.47667382851493,0.546614290841344,1,"Eif2b5","Cd74",0.2,0.04
0.75321516912729,5.25014066242015,0.546614290841344,1,"Nostrin","Cd74",0.2,0.04
0.75321516912729,5.25014066242015,0.546614290841344,1,"Kdm6a","Cd74",0.2,0.04
0.75321516912729,5.25014066242015,0.546614290841344,1,"Cdk16","Cd74",0.2,0.04
0.75321516912729,5.25014066242015,0.546614290841344,1,"4932438A13Rik","Cd74",0.2,0.04
0.75321516912729,5.25014066242015,0.546614290841344,1,"Pon2","Cd74",0.2,0.04
0.75321516912729,5.25014066242015,0.546614290841344,1,"Hps5","Cd74",0.2,0.04
0.75321516912729,5.25014066242015,0.546614290841344,1,"Relt","Cd74",0.2,0.04
0.75321516912729,5.25014066242015,0.546614290841344,1,"D10Jhu81e","Cd74",0.2,0.04
0.75321516912729,5.25014066242015,0.546614290841344,1,"Dohh","Cd74",0.2,0.04
0.75321516912729,5.25014066242015,0.546614290841344,1,"Stat6","Cd74",0.2,0.04
0.75321516912729,5.25014066242015,0.546614290841344,1,"Mtif2","Cd74",0.2,0.04
0.75321516912729,5.25014066242015,0.546614290841344,1,"Med7","Cd74",0.2,0.04
0.75321516912729,5.25014066242015,0.546614290841344,1,"Vamp2","Cd74",0.2,0.04
0.75321516912729,5.25014066242015,0.546614290841344,1,"Nol11","Cd74",0.2,0.04
0.75321516912729,5.25014066242015,0.546614290841344,1,"Ralgapa1","Cd74",0.2,0.04
0.75321516912729,5.25014066242015,0.546614290841344,1,"Zfp101","Cd74",0.2,0.04
0.68679543487014,5.29385160258191,0.546614290841344,1,"Pcmtd1","Cd74",0.2,0.04
0.68679543487014,5.29385160258191,0.546614290841344,1,"Kansl3","Cd74",0.2,0.04
0.68679543487014,5.29385160258191,0.546614290841344,1,"Rab29","Cd74",0.2,0.04
0.68679543487014,5.29385160258191,0.546614290841344,1,"Babam2","Cd74",0.2,0.04
0.68679543487014,5.29385160258191,0.546614290841344,1,"Atp8a1","Cd74",0.2,0.04
0.68679543487014,5.29385160258191,0.546614290841344,1,"Aldh16a1","Cd74",0.2,0.04
0.68679543487014,5.29385160258191,0.546614290841344,1,"Stard10","Cd74",0.2,0.04
0.68679543487014,5.29385160258191,0.546614290841344,1,"Cd2bp2","Cd74",0.2,0.04
0.68679543487014,5.29385160258191,0.546614290841344,1,"Heca","Cd74",0.2,0.04
0.68679543487014,5.29385160258191,0.546614290841344,1,"Fbxo22","Cd74",0.2,0.04
0.68679543487014,5.29385160258191,0.546614290841344,1,"Fancl","Cd74",0.2,0.04
0.68679543487014,5.29385160258191,0.546614290841344,1,"Stat5a","Cd74",0.2,0.04
0.68679543487014,5.29385160258191,0.546614290841344,1,"Rdm1","Cd74",0.2,0.04
0.68679543487014,5.29385160258191,0.546614290841344,1,"Cdc27","Cd74",0.2,0.04
0.68679543487014,5.29385160258191,0.546614290841344,1,"Pgs1","Cd74",0.2,0.04
0.68679543487014,5.29385160258191,0.546614290841344,1,"Klc1","Cd74",0.2,0.04
0.68679543487014,5.29385160258191,0.546614290841344,1,"Dtx3l","Cd74",0.2,0.04
0.68679543487014,5.29385160258191,0.546614290841344,1,"Epc1","Cd74",0.2,0.04
0.623299463168765,5.33604741706212,0.546614290841344,1,"Cops2","Cd74",0.2,0.04
0.623299463168765,5.33604741706212,0.546614290841344,1,"Nfyc","Cd74",0.2,0.04
0.623299463168765,5.33604741706212,0.546614290841344,1,"5031425E22Rik","Cd74",0.2,0.04
0.623299463168765,5.33604741706212,0.546614290841344,1,"Letm1","Cd74",0.2,0.04
0.623299463168765,5.33604741706212,0.546614290841344,1,"Josd2","Cd74",0.2,0.04
0.623299463168765,5.33604741706212,0.546614290841344,1,"Gtf2h1","Cd74",0.2,0.04
0.623299463168765,5.33604741706212,0.546614290841344,1,"Cdk19","Cd74",0.2,0.04
0.623299463168765,5.33604741706212,0.546614290841344,1,"Banp","Cd74",0.2,0.04
0.623299463168765,5.33604741706212,0.546614290841344,1,"Pinx1","Cd74",0.2,0.04
0.623299463168765,5.33604741706212,0.546614290841344,1,"Rnf145","Cd74",0.2,0.04
0.623299463168765,5.33604741706212,0.546614290841344,1,"Tmem11","Cd74",0.2,0.04
0.623299463168765,5.33604741706212,0.546614290841344,1,"Phf12","Cd74",0.2,0.04
0.623299463168765,5.33604741706212,0.546614290841344,1,"Igfbp4","Cd74",0.2,0.04
0.623299463168765,5.33604741706212,0.546614290841344,1,"Psen1","Cd74",0.2,0.04
0.623299463168765,5.33604741706212,0.546614290841344,1,"Umps","Cd74",0.2,0.04
-0.303444228052462,8.87660191008351,0.546942712559389,1,"Atp6v0e","Cd74",0.2,0.04
-0.268228086029318,10.400138508451,0.549056799058752,1,"Plac8","Cd74",0.2,0.04
-0.289486591058151,9.273891848311,0.549567217539412,1,"Chchd2","Cd74",0.2,0.04
-0.360178137776167,7.98714256827181,0.55094824772379,1,"Sf3b6","Cd74",0.2,0.04
-0.251755610648271,12.0141354262544,0.551183906846919,1,"Rps16","Cd74",0.2,0.04
-0.456023138115624,7.32528011530635,0.551932676065421,1,"Caprin1","Cd74",0.2,0.04
-0.456023138115624,7.32528011530635,0.551932676065421,1,"Vdac1","Cd74",0.2,0.04
-0.444170958838059,7.31691324704657,0.551932676065421,1,"Emg1","Cd74",0.2,0.04
-0.444170958838059,7.31691324704657,0.551932676065421,1,"Csnk1a1","Cd74",0.2,0.04
-0.432220603191444,7.30848475993914,0.551932676065421,1,"Bax","Cd74",0.2,0.04
-0.432220603191444,7.30848475993914,0.551932676065421,1,"Rnaseh2c","Cd74",0.2,0.04
-0.281032401836022,9.44978499259569,0.553803935087586,1,"S100a6","Cd74",0.2,0.04
-0.348055975133335,8.13329936870837,0.554466565797308,1,"Cox6a1","Cd74",0.2,0.04
0.524638226550043,5.94600078488297,0.556403055150942,1,"Arfgef1","Cd74",0.2,0.04
0.524638226550043,5.94600078488297,0.556403055150942,1,"Angel2","Cd74",0.2,0.04
0.524638226550043,5.94600078488297,0.556403055150942,1,"Alg5","Cd74",0.2,0.04
0.524638226550043,5.94600078488297,0.556403055150942,1,"Dap3","Cd74",0.2,0.04
0.524638226550043,5.94600078488297,0.556403055150942,1,"Ipo7","Cd74",0.2,0.04
0.524638226550043,5.94600078488297,0.556403055150942,1,"Dync1li1","Cd74",0.2,0.04
0.524638226550043,5.94600078488297,0.556403055150942,1,"Cebpd","Cd74",0.2,0.04
0.524638226550043,5.94600078488297,0.556403055150942,1,"Dpf2","Cd74",0.2,0.04
0.486393285690187,5.97181153153487,0.556403055150942,1,"Matk","Cd74",0.2,0.04
0.486393285690187,5.97181153153487,0.556403055150942,1,"Eef1akmt1","Cd74",0.2,0.04
0.486393285690187,5.97181153153487,0.556403055150942,1,"Zmat5","Cd74",0.2,0.04
0.486393285690187,5.97181153153487,0.556403055150942,1,"9130401M01Rik","Cd74",0.2,0.04
-0.611219524024106,6.51079863302018,0.557319238044702,1,"Tspan33","Cd74",0.2,0.04
-0.611219524024106,6.51079863302018,0.557319238044702,1,"Clptm1l","Cd74",0.2,0.04
-0.611219524024106,6.51079863302018,0.557319238044702,1,"Birc6","Cd74",0.2,0.04
-0.589916795246771,6.49492760493242,0.557319238044702,1,"Naa15","Cd74",0.2,0.04
-0.589916795246771,6.49492760493242,0.557319238044702,1,"Akr1b3","Cd74",0.2,0.04
-0.589916795246771,6.49492760493242,0.557319238044702,1,"Ppp4r2","Cd74",0.2,0.04
-0.589916795246771,6.49492760493242,0.557319238044702,1,"Pcm1","Cd74",0.2,0.04
-0.589916795246771,6.49492760493242,0.557319238044702,1,"Slc44a2","Cd74",0.2,0.04
-0.589916795246771,6.49492760493242,0.557319238044702,1,"Copb2","Cd74",0.2,0.04
-0.568294791668283,6.4788385208193,0.557319238044702,1,"Mff","Cd74",0.2,0.04
-0.568294791668283,6.4788385208193,0.557319238044702,1,"Cox20","Cd74",0.2,0.04
-0.568294791668283,6.4788385208193,0.557319238044702,1,"Timm8b","Cd74",0.2,0.04
-0.568294791668283,6.4788385208193,0.557319238044702,1,"Snrnp48","Cd74",0.2,0.04
-0.568294791668283,6.4788385208193,0.557319238044702,1,"Mis18bp1","Cd74",0.2,0.04
-0.412231428637381,7.54318374703967,0.557620986283675,1,"Thoc7","Cd74",0.2,0.04
-0.412231428637381,7.54318374703967,0.557620986283675,1,"Ppp2ca","Cd74",0.2,0.04
-0.402051827869691,7.53613085156798,0.557620986283675,1,"Lman2","Cd74",0.2,0.04
-0.244737783621456,12.5872755563711,0.558663683034827,1,"Tpt1","Cd74",0.2,0.04
0.243001056552654,12.8768239242699,0.558999901437406,1,"mt-Co1","Cd74",0.2,0.04
-0.311277863378355,8.92350666615623,0.559759918152086,1,"Atp5c1","Cd74",0.2,0.04
-0.388959744045784,7.73865906587538,0.561804098606316,1,"Canx","Cd74",0.2,0.04
-0.371246904166037,7.91073142760932,0.565000786568512,1,"Dad1","Cd74",0.2,0.04
-0.35549892650927,7.90014272745633,0.565000786568512,1,"Srp9","Cd74",0.2,0.04
-0.316402923925818,8.70318913747455,0.565259905210901,1,"Pcbp2","Cd74",0.2,0.04
-0.248707040335757,11.2192269070676,0.566745588578742,1,"Rplp2","Cd74",0.2,0.04
-0.515017038978049,6.88658999989855,0.567341561706649,1,"Pfdn6","Cd74",0.2,0.04
-0.515017038978049,6.88658999989855,0.567341561706649,1,"Cript","Cd74",0.2,0.04
-0.482310629782352,6.86281230819754,0.567341561706649,1,"Psmc2","Cd74",0.2,0.04
-0.482310629782352,6.86281230819754,0.567341561706649,1,"Brd8","Cd74",0.2,0.04
0.357564621791685,7.34713002217898,0.568718250428858,1,"Crlf3","Cd74",0.2,0.04
-0.346064056862718,8.20326322702674,0.569548341717238,1,"Arhgap30","Cd74",0.2,0.04
-0.325073975191914,8.32227275030857,0.571218636681287,1,"Snx3","Cd74",0.2,0.04
0.27332723832451,9.16345890453448,0.571581677466793,1,"Msn","Cd74",0.2,0.04
-0.329018901133104,8.44628621808551,0.572615522403955,1,"Ly86","Cd74",0.2,0.04
-1.00898026491495,5.64072610211622,0.572981224910388,1,"Sp140","Cd74",0.2,0.04
-1.00898026491495,5.64072610211622,0.572981224910388,1,"Hps4","Cd74",0.2,0.04
-1.00898026491495,5.64072610211622,0.572981224910388,1,"Eif4e3","Cd74",0.2,0.04
-1.00898026491495,5.64072610211622,0.572981224910388,1,"Gse1","Cd74",0.2,0.04
-1.00898026491495,5.64072610211622,0.572981224910388,1,"Exoc5","Cd74",0.2,0.04
-1.00898026491495,5.64072610211622,0.572981224910388,1,"Haus4","Cd74",0.2,0.04
-1.00898026491495,5.64072610211622,0.572981224910388,1,"Pspc1","Cd74",0.2,0.04
-1.00898026491495,5.64072610211622,0.572981224910388,1,"Spag5","Cd74",0.2,0.04
-1.00898026491495,5.64072610211622,0.572981224910388,1,"Csnk1d","Cd74",0.2,0.04
-1.00898026491495,5.64072610211622,0.572981224910388,1,"Mrps30","Cd74",0.2,0.04
-1.00898026491495,5.64072610211622,0.572981224910388,1,"Pacs2","Cd74",0.2,0.04
-0.968593960421585,5.60962042713468,0.572981224910388,1,"Setx","Cd74",0.2,0.04
-0.968593960421585,5.60962042713468,0.572981224910388,1,"Sptan1","Cd74",0.2,0.04
-0.968593960421585,5.60962042713468,0.572981224910388,1,"Acss1","Cd74",0.2,0.04
-0.968593960421585,5.60962042713468,0.572981224910388,1,"Pdzd11","Cd74",0.2,0.04
-0.968593960421585,5.60962042713468,0.572981224910388,1,"Ctnnbip1","Cd74",0.2,0.04
-0.968593960421585,5.60962042713468,0.572981224910388,1,"Mospd3","Cd74",0.2,0.04
-0.968593960421585,5.60962042713468,0.572981224910388,1,"Fam168a","Cd74",0.2,0.04
-0.968593960421585,5.60962042713468,0.572981224910388,1,"Asf1a","Cd74",0.2,0.04
-0.968593960421585,5.60962042713468,0.572981224910388,1,"Naxd","Cd74",0.2,0.04
-0.968593960421585,5.60962042713468,0.572981224910388,1,"Mphosph6","Cd74",0.2,0.04
-0.968593960421585,5.60962042713468,0.572981224910388,1,"Casc3","Cd74",0.2,0.04
-0.968593960421585,5.60962042713468,0.572981224910388,1,"Isca2","Cd74",0.2,0.04
-0.968593960421585,5.60962042713468,0.572981224910388,1,"Myg1","Cd74",0.2,0.04
-0.968593960421585,5.60962042713468,0.572981224910388,1,"Smad7","Cd74",0.2,0.04
-0.927044455351094,5.57770625513981,0.572981224910388,1,"Kin","Cd74",0.2,0.04
-0.927044455351094,5.57770625513981,0.572981224910388,1,"Bub1","Cd74",0.2,0.04
-0.927044455351094,5.57770625513981,0.572981224910388,1,"Phc2","Cd74",0.2,0.04
-0.927044455351094,5.57770625513981,0.572981224910388,1,"Spen","Cd74",0.2,0.04
-0.927044455351094,5.57770625513981,0.572981224910388,1,"Htt","Cd74",0.2,0.04
-0.927044455351094,5.57770625513981,0.572981224910388,1,"Qdpr","Cd74",0.2,0.04
-0.927044455351094,5.57770625513981,0.572981224910388,1,"Gtf2i","Cd74",0.2,0.04
-0.927044455351094,5.57770625513981,0.572981224910388,1,"Rasgrp4","Cd74",0.2,0.04
-0.927044455351094,5.57770625513981,0.572981224910388,1,"Eps15l1","Cd74",0.2,0.04
-0.927044455351094,5.57770625513981,0.572981224910388,1,"Rspry1","Cd74",0.2,0.04
-0.927044455351094,5.57770625513981,0.572981224910388,1,"Nfat5","Cd74",0.2,0.04
-0.927044455351094,5.57770625513981,0.572981224910388,1,"Afg3l1","Cd74",0.2,0.04
-0.927044455351094,5.57770625513981,0.572981224910388,1,"Pabpn1","Cd74",0.2,0.04
-0.927044455351094,5.57770625513981,0.572981224910388,1,"Ppp2r2a","Cd74",0.2,0.04
-0.927044455351094,5.57770625513981,0.572981224910388,1,"Mlx","Cd74",0.2,0.04
-0.927044455351094,5.57770625513981,0.572981224910388,1,"Golph3","Cd74",0.2,0.04
-0.927044455351094,5.57770625513981,0.572981224910388,1,"Nudt16l1","Cd74",0.2,0.04
-0.927044455351094,5.57770625513981,0.572981224910388,1,"Tctex1d2","Cd74",0.2,0.04
-0.927044455351094,5.57770625513981,0.572981224910388,1,"Sik1","Cd74",0.2,0.04
-0.927044455351094,5.57770625513981,0.572981224910388,1,"Zfp871","Cd74",0.2,0.04
-0.927044455351094,5.57770625513981,0.572981224910388,1,"Nfkbie","Cd74",0.2,0.04
-0.927044455351094,5.57770625513981,0.572981224910388,1,"Lars","Cd74",0.2,0.04
-0.927044455351094,5.57770625513981,0.572981224910388,1,"Tcirg1","Cd74",0.2,0.04
-0.927044455351094,5.57770625513981,0.572981224910388,1,"Gnaq","Cd74",0.2,0.04
0.408375733625644,7.11007458411173,0.573065643192098,1,"Ogfrl1","Cd74",0.2,0.04
0.408375733625644,7.11007458411173,0.573065643192098,1,"Elf1","Cd74",0.2,0.04
0.391929847772766,7.12049475287282,0.573065643192098,1,"Glud1","Cd74",0.2,0.04
0.375669324429947,7.13081695969517,0.573065643192098,1,"Herpud1","Cd74",0.2,0.04
-0.445385308419207,7.17484864529169,0.573065643192099,1,"Txndc5","Cd74",0.2,0.04
-0.432115968510046,7.16541117684427,0.573065643192099,1,"Eif3d","Cd74",0.2,0.04
-0.432115968510046,7.16541117684427,0.573065643192099,1,"Atg3","Cd74",0.2,0.04
-0.432115968510046,7.16541117684427,0.573065643192099,1,"Csnk2b","Cd74",0.2,0.04
-0.573135933168334,6.19009023722229,0.574258647758074,1,"Pcna","Cd74",0.2,0.04
-0.573135933168334,6.19009023722229,0.574258647758074,1,"Cdc40","Cd74",0.2,0.04
-0.573135933168334,6.19009023722229,0.574258647758074,1,"Sfxn1","Cd74",0.2,0.04
-0.573135933168334,6.19009023722229,0.574258647758074,1,"Bzw2","Cd74",0.2,0.04
-0.54577232831372,6.16958967919606,0.574258647758074,1,"Chchd3","Cd74",0.2,0.04
0.279955759920134,9.04169127540136,0.575534727927264,1,"Ptpn18","Cd74",0.2,0.04
0.31620239005425,7.9234697025693,0.576491660443935,1,"Cd37","Cd74",0.2,0.04
-0.399196406299536,7.41518675990837,0.57666153195636,1,"Taok3","Cd74",0.2,0.04
0.233844732197395,12.0594789511096,0.577831717184874,1,"H2-Ab1","Cd74",0.2,0.04
0.420283028691257,6.86394491593247,0.578168145146774,1,"Klhl6","Cd74",0.2,0.04
0.400714053164083,6.87659937921088,0.578168145146774,1,"Kxd1","Cd74",0.2,0.04
-0.307300532390618,8.24583650835888,0.579074877242557,1,"Ciita","Cd74",0.2,0.04
-0.301047637923349,8.24176622175275,0.579074877242557,1,"Ube2i","Cd74",0.2,0.04
-0.395017988479167,7.64098587198954,0.57907504146469,1,"Ndufb3","Cd74",0.2,0.04
-0.385509318417139,7.63445373116564,0.57907504146469,1,"Psma5","Cd74",0.2,0.04
-0.385509318417139,7.63445373116564,0.57907504146469,1,"Ubxn1","Cd74",0.2,0.04
0.333699902624407,7.77556845879073,0.580776322611497,1,"Cd9","Cd74",0.2,0.04
-0.254120839122837,10.1022832859151,0.581992582683477,1,"Arpc2","Cd74",0.2,0.04
-0.345245183521652,7.97716947260286,0.582021892979663,1,"Tmed9","Cd74",0.2,0.04
-0.286111570158418,8.77780213939688,0.58239811109377,1,"Txn1","Cd74",0.2,0.04
-0.334586889514166,8.124408035603,0.582961858220899,1,"Grn","Cd74",0.2,0.04
-0.332044572082983,8.26197560592548,0.583689003212408,1,"Hnrnpd","Cd74",0.2,0.04
0.487203744756145,6.53575888908669,0.58410474260008,1,"Dnajb14","Cd74",0.2,0.04
0.487203744756145,6.53575888908669,0.58410474260008,1,"Erp44","Cd74",0.2,0.04
0.462210445073915,6.55217629900095,0.58410474260008,1,"Etnk1","Cd74",0.2,0.04
0.437642767172073,6.568356721237,0.58410474260008,1,"Dnajc5","Cd74",0.2,0.04
0.437642767172073,6.568356721237,0.58410474260008,1,"Tbrg1","Cd74",0.2,0.04
-0.451431626578155,6.63424636308644,0.58410474260008,1,"Hspa14","Cd74",0.2,0.04
-0.451431626578155,6.63424636308644,0.58410474260008,1,"Arl6ip4","Cd74",0.2,0.04
-0.451431626578155,6.63424636308644,0.58410474260008,1,"Cdk2ap1","Cd74",0.2,0.04
-0.451431626578155,6.63424636308644,0.58410474260008,1,"Ssbp1","Cd74",0.2,0.04
-0.451431626578155,6.63424636308644,0.58410474260008,1,"Kdelr1","Cd74",0.2,0.04
-0.451431626578155,6.63424636308644,0.58410474260008,1,"Tab2","Cd74",0.2,0.04
-0.451431626578155,6.63424636308644,0.58410474260008,1,"Usp15","Cd74",0.2,0.04
-0.451431626578155,6.63424636308644,0.58410474260008,1,"Cggbp1","Cd74",0.2,0.04
-0.31258617670313,8.49279307217303,0.584724839090243,1,"Pdia6","Cd74",0.2,0.04
-0.386290235786329,6.97333498056209,0.588468868107536,1,"Mrpl15","Cd74",0.2,0.04
-0.386290235786329,6.97333498056209,0.588468868107536,1,"Kmt5a","Cd74",0.2,0.04
-1.21985168138071,4.96835707756474,0.588481328606039,1,"Aida","Cd74",0.2,0.04
-1.21985168138071,4.96835707756474,0.588481328606039,1,"Ubac1","Cd74",0.2,0.04
-1.21985168138071,4.96835707756474,0.588481328606039,1,"Psmd5","Cd74",0.2,0.04
-1.21985168138071,4.96835707756474,0.588481328606039,1,"Orc4","Cd74",0.2,0.04
-1.21985168138071,4.96835707756474,0.588481328606039,1,"Nfs1","Cd74",0.2,0.04
-1.21985168138071,4.96835707756474,0.588481328606039,1,"Lxn","Cd74",0.2,0.04
-1.21985168138071,4.96835707756474,0.588481328606039,1,"Arhgef11","Cd74",0.2,0.04
-1.21985168138071,4.96835707756474,0.588481328606039,1,"Rbm15","Cd74",0.2,0.04
-1.21985168138071,4.96835707756474,0.588481328606039,1,"Pabpc4","Cd74",0.2,0.04
-1.21985168138071,4.96835707756474,0.588481328606039,1,"Nop14","Cd74",0.2,0.04
-1.21985168138071,4.96835707756474,0.588481328606039,1,"BC037034","Cd74",0.2,0.04
-1.21985168138071,4.96835707756474,0.588481328606039,1,"Nudt1","Cd74",0.2,0.04
-1.21985168138071,4.96835707756474,0.588481328606039,1,"Bmt2","Cd74",0.2,0.04
-1.21985168138071,4.96835707756474,0.588481328606039,1,"Mdfic","Cd74",0.2,0.04
-1.21985168138071,4.96835707756474,0.588481328606039,1,"Ptov1","Cd74",0.2,0.04
-1.21985168138071,4.96835707756474,0.588481328606039,1,"Thumpd1","Cd74",0.2,0.04
-1.21985168138071,4.96835707756474,0.588481328606039,1,"Nob1","Cd74",0.2,0.04
-1.21985168138071,4.96835707756474,0.588481328606039,1,"Dennd6a","Cd74",0.2,0.04
-1.21985168138071,4.96835707756474,0.588481328606039,1,"Mettl3","Cd74",0.2,0.04
-1.21985168138071,4.96835707756474,0.588481328606039,1,"Naa16","Cd74",0.2,0.04
-1.21985168138071,4.96835707756474,0.588481328606039,1,"Vwa5a","Cd74",0.2,0.04
-1.21985168138071,4.96835707756474,0.588481328606039,1,"Mthfsl","Cd74",0.2,0.04
-1.21985168138071,4.96835707756474,0.588481328606039,1,"Cnot10","Cd74",0.2,0.04
-1.21985168138071,4.96835707756474,0.588481328606039,1,"Lars2","Cd74",0.2,0.04
-1.21985168138071,4.96835707756474,0.588481328606039,1,"Spdl1","Cd74",0.2,0.04
-1.21985168138071,4.96835707756474,0.588481328606039,1,"Akap10","Cd74",0.2,0.04
-1.21985168138071,4.96835707756474,0.588481328606039,1,"Tlk2","Cd74",0.2,0.04
-1.21985168138071,4.96835707756474,0.588481328606039,1,"Jmjd6","Cd74",0.2,0.04
-1.21985168138071,4.96835707756474,0.588481328606039,1,"Gskip","Cd74",0.2,0.04
-1.21985168138071,4.96835707756474,0.588481328606039,1,"Trap1","Cd74",0.2,0.04
-1.21985168138071,4.96835707756474,0.588481328606039,1,"Ltn1","Cd74",0.2,0.04
-1.21985168138071,4.96835707756474,0.588481328606039,1,"Zfp942","Cd74",0.2,0.04
-1.21985168138071,4.96835707756474,0.588481328606039,1,"Bicral","Cd74",0.2,0.04
-1.21985168138071,4.96835707756474,0.588481328606039,1,"Man2a1","Cd74",0.2,0.04
-1.21985168138071,4.96835707756474,0.588481328606039,1,"Stard4","Cd74",0.2,0.04
-1.21985168138071,4.96835707756474,0.588481328606039,1,"Kif20a","Cd74",0.2,0.04
-1.15022587534532,4.91600337255319,0.588481328606039,1,"Farsb","Cd74",0.2,0.04
-1.15022587534532,4.91600337255319,0.588481328606039,1,"Cdc73","Cd74",0.2,0.04
-1.15022587534532,4.91600337255319,0.588481328606039,1,"Klhl20","Cd74",0.2,0.04
-1.15022587534532,4.91600337255319,0.588481328606039,1,"Traf2","Cd74",0.2,0.04
-1.15022587534532,4.91600337255319,0.588481328606039,1,"Zer1","Cd74",0.2,0.04
-1.15022587534532,4.91600337255319,0.588481328606039,1,"B230118H07Rik","Cd74",0.2,0.04
-1.15022587534532,4.91600337255319,0.588481328606039,1,"Commd9","Cd74",0.2,0.04
-1.15022587534532,4.91600337255319,0.588481328606039,1,"C330007P06Rik","Cd74",0.2,0.04
-1.15022587534532,4.91600337255319,0.588481328606039,1,"Mtmr1","Cd74",0.2,0.04
-1.15022587534532,4.91600337255319,0.588481328606039,1,"Pdk3","Cd74",0.2,0.04
-1.15022587534532,4.91600337255319,0.588481328606039,1,"Stil","Cd74",0.2,0.04
-1.15022587534532,4.91600337255319,0.588481328606039,1,"Stbd1","Cd74",0.2,0.04
-1.15022587534532,4.91600337255319,0.588481328606039,1,"Vps50","Cd74",0.2,0.04
-1.15022587534532,4.91600337255319,0.588481328606039,1,"Eefsec","Cd74",0.2,0.04
-1.15022587534532,4.91600337255319,0.588481328606039,1,"Crbn","Cd74",0.2,0.04
-1.15022587534532,4.91600337255319,0.588481328606039,1,"Dhcr7","Cd74",0.2,0.04
-1.15022587534532,4.91600337255319,0.588481328606039,1,"Arid5b","Cd74",0.2,0.04
-1.15022587534532,4.91600337255319,0.588481328606039,1,"Ripor1","Cd74",0.2,0.04
-1.15022587534532,4.91600337255319,0.588481328606039,1,"Smco4","Cd74",0.2,0.04
-1.15022587534532,4.91600337255319,0.588481328606039,1,"Pml","Cd74",0.2,0.04
-1.15022587534532,4.91600337255319,0.588481328606039,1,"Ifrd2","Cd74",0.2,0.04
-1.15022587534532,4.91600337255319,0.588481328606039,1,"Poldip2","Cd74",0.2,0.04
-1.15022587534532,4.91600337255319,0.588481328606039,1,"Trappc12","Cd74",0.2,0.04
-1.15022587534532,4.91600337255319,0.588481328606039,1,"Sipa1l1","Cd74",0.2,0.04
-1.15022587534532,4.91600337255319,0.588481328606039,1,"Cd86","Cd74",0.2,0.04
-1.15022587534532,4.91600337255319,0.588481328606039,1,"Tsr3","Cd74",0.2,0.04
-1.15022587534532,4.91600337255319,0.588481328606039,1,"Wdr33","Cd74",0.2,0.04
-1.15022587534532,4.91600337255319,0.588481328606039,1,"Rce1","Cd74",0.2,0.04
1.13713949927093,4.64624216016542,0.588481328606039,1,"Arid5a","Cd74",0.2,0.04
1.13713949927093,4.64624216016542,0.588481328606039,1,"Rcor3","Cd74",0.2,0.04
1.13713949927093,4.64624216016542,0.588481328606039,1,"Tmem164","Cd74",0.2,0.04
1.13713949927093,4.64624216016542,0.588481328606039,1,"Invs","Cd74",0.2,0.04
1.13713949927093,4.64624216016542,0.588481328606039,1,"Zc3h12a","Cd74",0.2,0.04
1.13713949927093,4.64624216016542,0.588481328606039,1,"C1qtnf12","Cd74",0.2,0.04
1.13713949927093,4.64624216016542,0.588481328606039,1,"BC005561","Cd74",0.2,0.04
1.13713949927093,4.64624216016542,0.588481328606039,1,"Zfp467","Cd74",0.2,0.04
1.13713949927093,4.64624216016542,0.588481328606039,1,"Faap24","Cd74",0.2,0.04
1.13713949927093,4.64624216016542,0.588481328606039,1,"Mcemp1","Cd74",0.2,0.04
1.13713949927093,4.64624216016542,0.588481328606039,1,"Mfhas1","Cd74",0.2,0.04
1.13713949927093,4.64624216016542,0.588481328606039,1,"Cog2","Cd74",0.2,0.04
1.13713949927093,4.64624216016542,0.588481328606039,1,"Hmbox1","Cd74",0.2,0.04
1.13713949927093,4.64624216016542,0.588481328606039,1,"Chmp7","Cd74",0.2,0.04
1.13713949927093,4.64624216016542,0.588481328606039,1,"Sertad2","Cd74",0.2,0.04
1.13713949927093,4.64624216016542,0.588481328606039,1,"Ppm1d","Cd74",0.2,0.04
1.13713949927093,4.64624216016542,0.588481328606039,1,"Ccdc127","Cd74",0.2,0.04
1.13713949927093,4.64624216016542,0.588481328606039,1,"Ubr7","Cd74",0.2,0.04
1.13713949927093,4.64624216016542,0.588481328606039,1,"Wars","Cd74",0.2,0.04
1.13713949927093,4.64624216016542,0.588481328606039,1,"Pick1","Cd74",0.2,0.04
1.13713949927093,4.64624216016542,0.588481328606039,1,"Daxx","Cd74",0.2,0.04
1.13713949927093,4.64624216016542,0.588481328606039,1,"Ring1","Cd74",0.2,0.04
1.13713949927093,4.64624216016542,0.588481328606039,1,"Ercc3","Cd74",0.2,0.04
1.13713949927093,4.64624216016542,0.588481328606039,1,"Prrc1","Cd74",0.2,0.04
1.13713949927093,4.64624216016542,0.588481328606039,1,"Noc3l","Cd74",0.2,0.04
1.13713949927093,4.64624216016542,0.588481328606039,1,"Wbp1l","Cd74",0.2,0.04
-1.07706871662341,4.86140724337568,0.588481328606039,1,"Wdfy1","Cd74",0.2,0.04
-1.07706871662341,4.86140724337568,0.588481328606039,1,"Uap1l1","Cd74",0.2,0.04
-1.07706871662341,4.86140724337568,0.588481328606039,1,"Hipk3","Cd74",0.2,0.04
-1.07706871662341,4.86140724337568,0.588481328606039,1,"Tmx4","Cd74",0.2,0.04
-1.07706871662341,4.86140724337568,0.588481328606039,1,"Psmf1","Cd74",0.2,0.04
-1.07706871662341,4.86140724337568,0.588481328606039,1,"Gpatch4","Cd74",0.2,0.04
-1.07706871662341,4.86140724337568,0.588481328606039,1,"Gdap2","Cd74",0.2,0.04
-1.07706871662341,4.86140724337568,0.588481328606039,1,"Impad1","Cd74",0.2,0.04
-1.07706871662341,4.86140724337568,0.588481328606039,1,"Hspb11","Cd74",0.2,0.04
-1.07706871662341,4.86140724337568,0.588481328606039,1,"Kdm4a","Cd74",0.2,0.04
-1.07706871662341,4.86140724337568,0.588481328606039,1,"Tmem39b","Cd74",0.2,0.04
-1.07706871662341,4.86140724337568,0.588481328606039,1,"Crot","Cd74",0.2,0.04
-1.07706871662341,4.86140724337568,0.588481328606039,1,"Stim2","Cd74",0.2,0.04
-1.07706871662341,4.86140724337568,0.588481328606039,1,"Gtf2h3","Cd74",0.2,0.04
-1.07706871662341,4.86140724337568,0.588481328606039,1,"Chchd6","Cd74",0.2,0.04
-1.07706871662341,4.86140724337568,0.588481328606039,1,"Plxnd1","Cd74",0.2,0.04
-1.07706871662341,4.86140724337568,0.588481328606039,1,"Csgalnact2","Cd74",0.2,0.04
-1.07706871662341,4.86140724337568,0.588481328606039,1,"Smg9","Cd74",0.2,0.04
-1.07706871662341,4.86140724337568,0.588481328606039,1,"Zdhhc13","Cd74",0.2,0.04
-1.07706871662341,4.86140724337568,0.588481328606039,1,"AU020206","Cd74",0.2,0.04
-1.07706871662341,4.86140724337568,0.588481328606039,1,"Thap12","Cd74",0.2,0.04
-1.07706871662341,4.86140724337568,0.588481328606039,1,"Rnf169","Cd74",0.2,0.04
-1.07706871662341,4.86140724337568,0.588481328606039,1,"Btbd10","Cd74",0.2,0.04
-1.07706871662341,4.86140724337568,0.588481328606039,1,"Aig1","Cd74",0.2,0.04
-1.07706871662341,4.86140724337568,0.588481328606039,1,"Prep","Cd74",0.2,0.04
-1.07706871662341,4.86140724337568,0.588481328606039,1,"Ppm1h","Cd74",0.2,0.04
-1.07706871662341,4.86140724337568,0.588481328606039,1,"Ap1g1","Cd74",0.2,0.04
-1.07706871662341,4.86140724337568,0.588481328606039,1,"Ripk3","Cd74",0.2,0.04
-1.07706871662341,4.86140724337568,0.588481328606039,1,"Nufip1","Cd74",0.2,0.04
-1.07706871662341,4.86140724337568,0.588481328606039,1,"Tmed1","Cd74",0.2,0.04
-1.07706871662341,4.86140724337568,0.588481328606039,1,"Tmem205","Cd74",0.2,0.04
-1.07706871662341,4.86140724337568,0.588481328606039,1,"Fdx1","Cd74",0.2,0.04
-1.07706871662341,4.86140724337568,0.588481328606039,1,"Fyco1","Cd74",0.2,0.04
-1.07706871662341,4.86140724337568,0.588481328606039,1,"Usp22","Cd74",0.2,0.04
-1.07706871662341,4.86140724337568,0.588481328606039,1,"Aldh3a2","Cd74",0.2,0.04
-1.07706871662341,4.86140724337568,0.588481328606039,1,"Zfp830","Cd74",0.2,0.04
-1.07706871662341,4.86140724337568,0.588481328606039,1,"Nup85","Cd74",0.2,0.04
-1.07706871662341,4.86140724337568,0.588481328606039,1,"Bphl","Cd74",0.2,0.04
-1.07706871662341,4.86140724337568,0.588481328606039,1,"Cenpp","Cd74",0.2,0.04
-1.07706871662341,4.86140724337568,0.588481328606039,1,"Eipr1","Cd74",0.2,0.04
-1.07706871662341,4.86140724337568,0.588481328606039,1,"Gpr132","Cd74",0.2,0.04
-1.07706871662341,4.86140724337568,0.588481328606039,1,"Ptk2","Cd74",0.2,0.04
-1.07706871662341,4.86140724337568,0.588481328606039,1,"Prkdc","Cd74",0.2,0.04
-1.07706871662341,4.86140724337568,0.588481328606039,1,"Pi4ka","Cd74",0.2,0.04
-1.07706871662341,4.86140724337568,0.588481328606039,1,"Yeats2","Cd74",0.2,0.04
-1.07706871662341,4.86140724337568,0.588481328606039,1,"Poglut1","Cd74",0.2,0.04
-1.07706871662341,4.86140724337568,0.588481328606039,1,"Pigp","Cd74",0.2,0.04
-1.07706871662341,4.86140724337568,0.588481328606039,1,"Mx1","Cd74",0.2,0.04
-1.07706871662341,4.86140724337568,0.588481328606039,1,"Riok2","Cd74",0.2,0.04
-1.07706871662341,4.86140724337568,0.588481328606039,1,"Rasal3","Cd74",0.2,0.04
-1.07706871662341,4.86140724337568,0.588481328606039,1,"Cutc","Cd74",0.2,0.04
1.02370370663644,4.71454575900365,0.588481328606039,1,"Mterf4","Cd74",0.2,0.04
1.02370370663644,4.71454575900365,0.588481328606039,1,"Ing5","Cd74",0.2,0.04
1.02370370663644,4.71454575900365,0.588481328606039,1,"Smyd2","Cd74",0.2,0.04
1.02370370663644,4.71454575900365,0.588481328606039,1,"Mcm10","Cd74",0.2,0.04
1.02370370663644,4.71454575900365,0.588481328606039,1,"Stam2","Cd74",0.2,0.04
1.02370370663644,4.71454575900365,0.588481328606039,1,"Dnajc17","Cd74",0.2,0.04
1.02370370663644,4.71454575900365,0.588481328606039,1,"Cstf1","Cd74",0.2,0.04
1.02370370663644,4.71454575900365,0.588481328606039,1,"Arhgap6","Cd74",0.2,0.04
1.02370370663644,4.71454575900365,0.588481328606039,1,"Skil","Cd74",0.2,0.04
1.02370370663644,4.71454575900365,0.588481328606039,1,"Arfip2","Cd74",0.2,0.04
1.02370370663644,4.71454575900365,0.588481328606039,1,"Tex9","Cd74",0.2,0.04
1.02370370663644,4.71454575900365,0.588481328606039,1,"Tusc2","Cd74",0.2,0.04
1.02370370663644,4.71454575900365,0.588481328606039,1,"Gga3","Cd74",0.2,0.04
1.02370370663644,4.71454575900365,0.588481328606039,1,"Tbce","Cd74",0.2,0.04
1.02370370663644,4.71454575900365,0.588481328606039,1,"Fancm","Cd74",0.2,0.04
1.02370370663644,4.71454575900365,0.588481328606039,1,"Tmed8","Cd74",0.2,0.04
1.02370370663644,4.71454575900365,0.588481328606039,1,"Utp23","Cd74",0.2,0.04
1.02370370663644,4.71454575900365,0.588481328606039,1,"Csad","Cd74",0.2,0.04
-0.358361940426439,7.25656520418106,0.590616559986673,1,"Nktr","Cd74",0.2,0.04
-0.358361940426439,7.25656520418106,0.590616559986673,1,"Txndc15","Cd74",0.2,0.04
-0.652244055427928,6.24954622388314,0.590668431519789,1,"Jarid2","Cd74",0.2,0.04
-0.652244055427928,6.24954622388314,0.590668431519789,1,"Ptrhd1","Cd74",0.2,0.04
-0.652244055427928,6.24954622388314,0.590668431519789,1,"Pfdn1","Cd74",0.2,0.04
-0.626353680988101,6.2300572130624,0.590668431519789,1,"Dars","Cd74",0.2,0.04
-0.626353680988101,6.2300572130624,0.590668431519789,1,"Mrps17","Cd74",0.2,0.04
-0.626353680988101,6.2300572130624,0.590668431519789,1,"Stxbp2","Cd74",0.2,0.04
-0.626353680988101,6.2300572130624,0.590668431519789,1,"Dcps","Cd74",0.2,0.04
-0.626353680988101,6.2300572130624,0.590668431519789,1,"Ccdc47","Cd74",0.2,0.04
-0.626353680988101,6.2300572130624,0.590668431519789,1,"Tmem173","Cd74",0.2,0.04
0.564338647996959,6.13228427787817,0.59066843151979,1,"Uba1","Cd74",0.2,0.04
0.564338647996959,6.13228427787817,0.59066843151979,1,"Dnm2","Cd74",0.2,0.04
0.564338647996959,6.13228427787817,0.59066843151979,1,"Rsl24d1","Cd74",0.2,0.04
0.564338647996959,6.13228427787817,0.59066843151979,1,"Fcho2","Cd74",0.2,0.04
0.530569882565243,6.15476928513019,0.59066843151979,1,"Clic4","Cd74",0.2,0.04
0.530569882565243,6.15476928513019,0.59066843151979,1,"Dld","Cd74",0.2,0.04
0.530569882565243,6.15476928513019,0.59066843151979,1,"Phf10","Cd74",0.2,0.04
0.497573489083012,6.17682166234157,0.59066843151979,1,"Rp2","Cd74",0.2,0.04
0.497573489083012,6.17682166234157,0.59066843151979,1,"Mphosph8","Cd74",0.2,0.04
0.497573489083012,6.17682166234157,0.59066843151979,1,"Trf","Cd74",0.2,0.04
-0.255060764676226,9.59507072475142,0.590869606475379,1,"Cox8a","Cd74",0.2,0.04
-0.269517896637322,9.19593002464983,0.591502723989193,1,"Gnas","Cd74",0.2,0.04
-0.272307402970183,8.8992655385612,0.591957124322478,1,"Gdi2","Cd74",0.2,0.04
-0.325722930156314,7.6956410441931,0.592294144647179,1,"Rab14","Cd74",0.2,0.04
-0.315360092654352,7.87323428086639,0.592569847491871,1,"Tomm20","Cd74",0.2,0.04
-0.226594866025271,11.8716794033933,0.594349667034503,1,"Rpl18a","Cd74",0.2,0.04
-0.249631974147336,9.84694253819716,0.595354781167826,1,"Hmgb1","Cd74",0.2,0.04
0.714157964882676,5.57164407835528,0.596165028105906,1,"Tpp2","Cd74",0.2,0.04
0.714157964882676,5.57164407835528,0.596165028105906,1,"Taz","Cd74",0.2,0.04
0.714157964882676,5.57164407835528,0.596165028105906,1,"Nub1","Cd74",0.2,0.04
0.714157964882676,5.57164407835528,0.596165028105906,1,"Tmem259","Cd74",0.2,0.04
0.714157964882676,5.57164407835528,0.596165028105906,1,"Sf3a2","Cd74",0.2,0.04
0.714157964882676,5.57164407835528,0.596165028105906,1,"Zfp397","Cd74",0.2,0.04
0.662115899373303,5.60615320452129,0.596165028105906,1,"Gyg","Cd74",0.2,0.04
0.662115899373303,5.60615320452129,0.596165028105906,1,"Scamp3","Cd74",0.2,0.04
0.662115899373303,5.60615320452129,0.596165028105906,1,"Lrif1","Cd74",0.2,0.04
0.662115899373303,5.60615320452129,0.596165028105906,1,"Rlf","Cd74",0.2,0.04
0.662115899373303,5.60615320452129,0.596165028105906,1,"Dopey1","Cd74",0.2,0.04
0.662115899373303,5.60615320452129,0.596165028105906,1,"Wdr82","Cd74",0.2,0.04
0.662115899373303,5.60615320452129,0.596165028105906,1,"Mcur1","Cd74",0.2,0.04
0.662115899373303,5.60615320452129,0.596165028105906,1,"Ccdc88c","Cd74",0.2,0.04
0.662115899373303,5.60615320452129,0.596165028105906,1,"Lemd2","Cd74",0.2,0.04
0.662115899373303,5.60615320452129,0.596165028105906,1,"Gnl1","Cd74",0.2,0.04
-0.528163594286439,6.69052371857734,0.596300967320103,1,"Ilf2","Cd74",0.2,0.04
-0.528163594286439,6.69052371857734,0.596300967320103,1,"Ak2","Cd74",0.2,0.04
-0.528163594286439,6.69052371857734,0.596300967320103,1,"Trim28","Cd74",0.2,0.04
-0.528163594286439,6.69052371857734,0.596300967320103,1,"Eny2","Cd74",0.2,0.04
-0.528163594286439,6.69052371857734,0.596300967320103,1,"Nrm","Cd74",0.2,0.04
-0.528163594286439,6.69052371857734,0.596300967320103,1,"Mydgf","Cd74",0.2,0.04
-0.509359804031552,6.67670811212708,0.596300967320103,1,"Gtf3a","Cd74",0.2,0.04
-0.490307688866708,6.66272610633064,0.596300967320103,1,"Camkk2","Cd74",0.2,0.04
-0.490307688866708,6.66272610633064,0.596300967320103,1,"Colgalt1","Cd74",0.2,0.04
-0.490307688866708,6.66272610633064,0.596300967320103,1,"Mrpl4","Cd74",0.2,0.04
-0.490307688866708,6.66272610633064,0.596300967320103,1,"Tipin","Cd74",0.2,0.04
0.366354401738275,6.61554274097102,0.596300967320103,1,"Eprs","Cd74",0.2,0.04
0.366354401738275,6.61554274097102,0.596300967320103,1,"Cenpm","Cd74",0.2,0.04
0.366354401738275,6.61554274097102,0.596300967320103,1,"Prrc2a","Cd74",0.2,0.04
-0.313259420727848,8.31460066436824,0.596968959770318,1,"Psma4","Cd74",0.2,0.04
-0.255739163511766,9.40593354607141,0.597670564683705,1,"Hsp90aa1","Cd74",0.2,0.04
-0.461663830297427,7.02736356512633,0.598280716632924,1,"Rgs19","Cd74",0.2,0.04
-0.446900854349457,7.01675936483764,0.598280716632924,1,"St3gal5","Cd74",0.2,0.04
-0.446900854349457,7.01675936483764,0.598280716632924,1,"Polr2e","Cd74",0.2,0.04
-0.446900854349457,7.01675936483764,0.598280716632924,1,"Fam104a","Cd74",0.2,0.04
-0.446900854349457,7.01675936483764,0.598280716632924,1,"Iqgap2","Cd74",0.2,0.04
-0.381474578135178,7.52189303064553,0.598869672222677,1,"Magt1","Cd74",0.2,0.04
-0.381474578135178,7.52189303064553,0.598869672222677,1,"Snrpd3","Cd74",0.2,0.04
-0.381474578135178,7.52189303064553,0.598869672222677,1,"Ndufs6","Cd74",0.2,0.04
-0.420170431112294,7.2999937065842,0.598870616769791,1,"Ndufa11","Cd74",0.2,0.04
-0.408018761094149,7.29143911752961,0.598870616769791,1,"Psmb7","Cd74",0.2,0.04
-0.395763868779408,7.28282000058351,0.598870616769791,1,"Ube2k","Cd74",0.2,0.04
-0.395763868779408,7.28282000058351,0.598870616769791,1,"Slc38a2","Cd74",0.2,0.04
-0.395763868779408,7.28282000058351,0.598870616769791,1,"Ppp1r11","Cd74",0.2,0.04
-0.221064933280984,12.2798381339408,0.599178456802534,1,"Rpsa","Cd74",0.2,0.04
-0.258688399715735,9.15525097850278,0.599221980419384,1,"Sem1","Cd74",0.2,0.04
-0.280903398280065,8.4725242111406,0.604397677877296,1,"Pgls","Cd74",0.2,0.04
-0.280903398280065,8.4725242111406,0.604397677877296,1,"Eef1d","Cd74",0.2,0.04
0.322428921635174,7.70847057750304,0.604732021449833,1,"Itga4","Cd74",0.2,0.04
-0.278558025218029,8.35428859484131,0.605380078019514,1,"Gpi1","Cd74",0.2,0.04
0.433761911334772,6.21969263437303,0.605806649571442,1,"Mknk2","Cd74",0.2,0.04
0.433761911334772,6.21969263437303,0.605806649571442,1,"Skp1a","Cd74",0.2,0.04
0.433761911334772,6.21969263437303,0.605806649571442,1,"Ankfy1","Cd74",0.2,0.04
0.433761911334772,6.21969263437303,0.605806649571442,1,"Ppp2r1a","Cd74",0.2,0.04
0.402884246571378,6.24054112821349,0.605806649571442,1,"Elf2","Cd74",0.2,0.04
0.402884246571378,6.24054112821349,0.605806649571442,1,"Parl","Cd74",0.2,0.04
-0.294767524294446,8.23768151463245,0.606478929931291,1,"Cct2","Cd74",0.2,0.04
0.395950073235627,7.00358053160085,0.607637354435199,1,"Rbbp6","Cd74",0.2,0.04
0.378296747353269,7.01490140834551,0.607637354435199,1,"Churc1","Cd74",0.2,0.04
0.360856825146924,7.02610721264924,0.607637354435199,1,"Trappc1","Cd74",0.2,0.04
-0.307222236885727,7.95185025439073,0.609105513099834,1,"Psmb6","Cd74",0.2,0.04
-0.299495897700414,7.94671847864564,0.609105513099834,1,"Bst2","Cd74",0.2,0.04
-0.307167453856384,7.77841274849361,0.61067853265806,1,"D8Ertd738e","Cd74",0.2,0.04
-0.217634143218483,11.4567669197158,0.611929981205023,1,"Rpl11","Cd74",0.2,0.04
-0.337002554121362,7.60122016913855,0.612452913648656,1,"Cct3","Cd74",0.2,0.04
-0.337002554121362,7.60122016913855,0.612452913648656,1,"Capns1","Cd74",0.2,0.04
-0.327102375597981,7.59445556918404,0.612452913648656,1,"Tacc1","Cd74",0.2,0.04
-0.31713378956747,7.58765052625941,0.612452913648656,1,"Bzw1","Cd74",0.2,0.04
-0.267535215450048,8.72004309088658,0.612619464806802,1,"Ncl","Cd74",0.2,0.04
-0.228677166814133,10.1227848769166,0.613198692176771,1,"Rpl29","Cd74",0.2,0.04
-0.221621162171512,10.7997140805872,0.613470548739956,1,"Rpl24","Cd74",0.2,0.04
-0.353833714286206,7.38360203290914,0.614433111697121,1,"Psenen","Cd74",0.2,0.04
-0.353833714286206,7.38360203290914,0.614433111697121,1,"Etfb","Cd74",0.2,0.04
-0.342266618227558,7.37556717956825,0.614433111697121,1,"Rheb","Cd74",0.2,0.04
-0.342266618227558,7.37556717956825,0.614433111697121,1,"Mif","Cd74",0.2,0.04
-0.330606030570136,7.36747522172853,0.614433111697121,1,"Arl6ip5","Cd74",0.2,0.04
-0.211709110322151,11.9439583974152,0.614977862866769,1,"Rpl27a","Cd74",0.2,0.04
-0.209872394659338,12.5586637971135,0.616344408932432,1,"Eef1a1","Cd74",0.2,0.04
-0.350178464158699,7.80740175428283,0.616453514777214,1,"Dut","Cd74",0.2,0.04
0.309767395458431,7.05905768017563,0.616569475849688,1,"Csf2ra","Cd74",0.2,0.04
-0.377783394742561,7.12686338712937,0.616569475849688,1,"Mrpl20","Cd74",0.2,0.04
-0.377783394742561,7.12686338712937,0.616569475849688,1,"Emb","Cd74",0.2,0.04
-0.349830008512784,7.10709090558437,0.616569475849688,1,"Smim14","Cd74",0.2,0.04
-0.349830008512784,7.10709090558437,0.616569475849688,1,"Psmc5","Cd74",0.2,0.04
-0.651147281938129,5.87771447101705,0.616742498947863,1,"Nudt5","Cd74",0.2,0.04
-0.651147281938129,5.87771447101705,0.616742498947863,1,"Idh3b","Cd74",0.2,0.04
-0.651147281938129,5.87771447101705,0.616742498947863,1,"Vma21","Cd74",0.2,0.04
-0.651147281938129,5.87771447101705,0.616742498947863,1,"Ubl4a","Cd74",0.2,0.04
-0.651147281938129,5.87771447101705,0.616742498947863,1,"Rnf13","Cd74",0.2,0.04
-0.651147281938129,5.87771447101705,0.616742498947863,1,"Coq2","Cd74",0.2,0.04
-0.651147281938129,5.87771447101705,0.616742498947863,1,"Kdm2b","Cd74",0.2,0.04
-0.651147281938129,5.87771447101705,0.616742498947863,1,"Snd1","Cd74",0.2,0.04
-0.651147281938129,5.87771447101705,0.616742498947863,1,"Adipor2","Cd74",0.2,0.04
-0.651147281938129,5.87771447101705,0.616742498947863,1,"Ifitm6","Cd74",0.2,0.04
-0.651147281938129,5.87771447101705,0.616742498947863,1,"Rnf126","Cd74",0.2,0.04
-0.651147281938129,5.87771447101705,0.616742498947863,1,"Osbpl8","Cd74",0.2,0.04
-0.651147281938129,5.87771447101705,0.616742498947863,1,"Ctdsp2","Cd74",0.2,0.04
-0.651147281938129,5.87771447101705,0.616742498947863,1,"9530068E07Rik","Cd74",0.2,0.04
-0.651147281938129,5.87771447101705,0.616742498947863,1,"Mtmr4","Cd74",0.2,0.04
-0.651147281938129,5.87771447101705,0.616742498947863,1,"Il6st","Cd74",0.2,0.04
-0.651147281938129,5.87771447101705,0.616742498947863,1,"Med15","Cd74",0.2,0.04
-0.616569117087496,5.85157799439173,0.616742498947863,1,"Apip","Cd74",0.2,0.04
-0.616569117087496,5.85157799439173,0.616742498947863,1,"Vapb","Cd74",0.2,0.04
-0.616569117087496,5.85157799439173,0.616742498947863,1,"Rpa2","Cd74",0.2,0.04
-0.616569117087496,5.85157799439173,0.616742498947863,1,"Mphosph10","Cd74",0.2,0.04
-0.616569117087496,5.85157799439173,0.616742498947863,1,"Amfr","Cd74",0.2,0.04
-0.616569117087496,5.85157799439173,0.616742498947863,1,"Rbm26","Cd74",0.2,0.04
-0.616569117087496,5.85157799439173,0.616742498947863,1,"Rars","Cd74",0.2,0.04
-0.616569117087496,5.85157799439173,0.616742498947863,1,"Triobp","Cd74",0.2,0.04
-0.616569117087496,5.85157799439173,0.616742498947863,1,"Pdcd2","Cd74",0.2,0.04
-0.616569117087496,5.85157799439173,0.616742498947863,1,"Eif1a","Cd74",0.2,0.04
-0.581141797178244,5.82486259929163,0.616742498947863,1,"Ppil3","Cd74",0.2,0.04
-0.581141797178244,5.82486259929163,0.616742498947863,1,"Wipf1","Cd74",0.2,0.04
-0.581141797178244,5.82486259929163,0.616742498947863,1,"Bcl7b","Cd74",0.2,0.04
-0.581141797178244,5.82486259929163,0.616742498947863,1,"Plpbp","Cd74",0.2,0.04
-0.581141797178244,5.82486259929163,0.616742498947863,1,"Fam192a","Cd74",0.2,0.04
-0.581141797178244,5.82486259929163,0.616742498947863,1,"Rcn2","Cd74",0.2,0.04
-0.581141797178244,5.82486259929163,0.616742498947863,1,"Usp4","Cd74",0.2,0.04
-0.581141797178244,5.82486259929163,0.616742498947863,1,"Cep192","Cd74",0.2,0.04
0.563346179887554,5.67230363414553,0.616742498947863,1,"Frrs1","Cd74",0.2,0.04
0.563346179887554,5.67230363414553,0.616742498947863,1,"Rcc1","Cd74",0.2,0.04
0.563346179887554,5.67230363414553,0.616742498947863,1,"Ppp1r12c","Cd74",0.2,0.04
0.563346179887554,5.67230363414553,0.616742498947863,1,"Washc3","Cd74",0.2,0.04
0.563346179887554,5.67230363414553,0.616742498947863,1,"Xrn1","Cd74",0.2,0.04
0.563346179887554,5.67230363414553,0.616742498947863,1,"1110038F14Rik","Cd74",0.2,0.04
0.563346179887554,5.67230363414553,0.616742498947863,1,"Il10rb","Cd74",0.2,0.04
0.563346179887554,5.67230363414553,0.616742498947863,1,"Pdcd4","Cd74",0.2,0.04
0.516386513189513,5.70404558902477,0.616742498947863,1,"Dcun1d1","Cd74",0.2,0.04
0.516386513189513,5.70404558902477,0.616742498947863,1,"Lrpap1","Cd74",0.2,0.04
0.516386513189513,5.70404558902477,0.616742498947863,1,"Pxn","Cd74",0.2,0.04
0.516386513189513,5.70404558902477,0.616742498947863,1,"Trim56","Cd74",0.2,0.04
0.516386513189513,5.70404558902477,0.616742498947863,1,"Rad51ap1","Cd74",0.2,0.04
0.516386513189513,5.70404558902477,0.616742498947863,1,"Saraf","Cd74",0.2,0.04
0.516386513189513,5.70404558902477,0.616742498947863,1,"Atp6v1b2","Cd74",0.2,0.04
0.516386513189513,5.70404558902477,0.616742498947863,1,"Nfix","Cd74",0.2,0.04
0.516386513189513,5.70404558902477,0.616742498947863,1,"Ncoa4","Cd74",0.2,0.04
0.516386513189513,5.70404558902477,0.616742498947863,1,"Cul5","Cd74",0.2,0.04
0.516386513189513,5.70404558902477,0.616742498947863,1,"Acaa1a","Cd74",0.2,0.04
0.47090731905339,5.73495945494127,0.616742498947863,1,"Fbrs","Cd74",0.2,0.04
0.47090731905339,5.73495945494127,0.616742498947863,1,"Zmym5","Cd74",0.2,0.04
0.47090731905339,5.73495945494127,0.616742498947863,1,"Synrg","Cd74",0.2,0.04
0.47090731905339,5.73495945494127,0.616742498947863,1,"Scfd1","Cd74",0.2,0.04
0.47090731905339,5.73495945494127,0.616742498947863,1,"Tcf19","Cd74",0.2,0.04
0.47090731905339,5.73495945494127,0.616742498947863,1,"Rnmt","Cd74",0.2,0.04
0.47090731905339,5.73495945494127,0.616742498947863,1,"Mrpl49","Cd74",0.2,0.04
0.47090731905339,5.73495945494127,0.616742498947863,1,"Pcgf5","Cd74",0.2,0.04
-0.253299854337617,9.0068568147415,0.617272682879077,1,"Psmb9","Cd74",0.2,0.04
-0.414585676857263,6.81373403526775,0.618639130878945,1,"Wdr26","Cd74",0.2,0.04
-0.414585676857263,6.81373403526775,0.618639130878945,1,"Tcf25","Cd74",0.2,0.04
-0.397145754650919,6.80113085079476,0.618639130878945,1,"Ctbp1","Cd74",0.2,0.04
0.428071259490235,6.72353629531738,0.618639130878946,1,"Cebpg","Cd74",0.2,0.04
0.406449255911747,6.73766539979787,0.618639130878946,1,"Sugt1","Cd74",0.2,0.04
0.406449255911747,6.73766539979787,0.618639130878946,1,"Kif15","Cd74",0.2,0.04
-0.366301875188128,7.62127627285658,0.618912576397708,1,"Hnrnpr","Cd74",0.2,0.04
-0.366301875188128,7.62127627285658,0.618912576397708,1,"Uqcrfs1","Cd74",0.2,0.04
-0.501413691260422,6.42920074328734,0.619820092651577,1,"Bcl10","Cd74",0.2,0.04
-0.501413691260422,6.42920074328734,0.619820092651577,1,"Tnni2","Cd74",0.2,0.04
-0.501413691260422,6.42920074328734,0.619820092651577,1,"Ptcd2","Cd74",0.2,0.04
-0.47841278038439,6.41217590901763,0.619820092651577,1,"Tor1aip1","Cd74",0.2,0.04
-0.47841278038439,6.41217590901763,0.619820092651577,1,"March7","Cd74",0.2,0.04
-0.47841278038439,6.41217590901763,0.619820092651577,1,"Emd","Cd74",0.2,0.04
-0.47841278038439,6.41217590901763,0.619820092651577,1,"Sh2b3","Cd74",0.2,0.04
-0.47841278038439,6.41217590901763,0.619820092651577,1,"Spint2","Cd74",0.2,0.04
-0.47841278038439,6.41217590901763,0.619820092651577,1,"Ciapin1","Cd74",0.2,0.04
-0.47841278038439,6.41217590901763,0.619820092651577,1,"Grk6","Cd74",0.2,0.04
-0.47841278038439,6.41217590901763,0.619820092651577,1,"Evl","Cd74",0.2,0.04
-0.45503921636986,6.39489986466972,0.619820092651577,1,"Was","Cd74",0.2,0.04
-0.45503921636986,6.39489986466972,0.619820092651577,1,"Actn4","Cd74",0.2,0.04
-0.45503921636986,6.39489986466972,0.619820092651577,1,"Mrps36","Cd74",0.2,0.04
-0.45503921636986,6.39489986466972,0.619820092651577,1,"Otub1","Cd74",0.2,0.04
-0.209973094597347,11.749612866178,0.62070749945194,1,"Rps5","Cd74",0.2,0.04
0.217136392676163,10.8270165505077,0.621411158345376,1,"mt-Nd2","Cd74",0.2,0.04
-0.280838941044829,8.16055853247502,0.621714606527905,1,"Eif3m","Cd74",0.2,0.04
-0.387988750592128,7.40737218942177,0.621776286263046,1,"Exosc8","Cd74",0.2,0.04
-0.376693345464492,7.39950373336004,0.621776286263046,1,"Efhd2","Cd74",0.2,0.04
-0.365308806012742,7.39158061308764,0.621776286263046,1,"Eloc","Cd74",0.2,0.04
0.343788446882046,7.35573742587434,0.621776286263046,1,"Eif3g","Cd74",0.2,0.04
0.330142576236578,7.36427774015394,0.621776286263046,1,"Gtf2h5","Cd74",0.2,0.04
0.330142576236578,7.36427774015394,0.621776286263046,1,"Ube2d2a","Cd74",0.2,0.04
-0.207412138828191,11.9416038794481,0.622216482106556,1,"Rplp1","Cd74",0.2,0.04
-1.41058618495539,5.11359582771922,0.624139855167107,1,"Dgkd","Cd74",0.2,0.04
-1.41058618495539,5.11359582771922,0.624139855167107,1,"Nuak2","Cd74",0.2,0.04
-1.41058618495539,5.11359582771922,0.624139855167107,1,"Mgst3","Cd74",0.2,0.04
-1.41058618495539,5.11359582771922,0.624139855167107,1,"Sephs1","Cd74",0.2,0.04
-1.41058618495539,5.11359582771922,0.624139855167107,1,"Fbxo18","Cd74",0.2,0.04
-1.41058618495539,5.11359582771922,0.624139855167107,1,"Paxx","Cd74",0.2,0.04
-1.41058618495539,5.11359582771922,0.624139855167107,1,"Rabggtb","Cd74",0.2,0.04
-1.41058618495539,5.11359582771922,0.624139855167107,1,"Creb3","Cd74",0.2,0.04
-1.41058618495539,5.11359582771922,0.624139855167107,1,"Caap1","Cd74",0.2,0.04
-1.41058618495539,5.11359582771922,0.624139855167107,1,"Cep85","Cd74",0.2,0.04
-1.41058618495539,5.11359582771922,0.624139855167107,1,"Anapc4","Cd74",0.2,0.04
-1.41058618495539,5.11359582771922,0.624139855167107,1,"Nudt9","Cd74",0.2,0.04
-1.41058618495539,5.11359582771922,0.624139855167107,1,"Abhd2","Cd74",0.2,0.04
-1.41058618495539,5.11359582771922,0.624139855167107,1,"Rrp8","Cd74",0.2,0.04
-1.41058618495539,5.11359582771922,0.624139855167107,1,"Rbl2","Cd74",0.2,0.04
-1.41058618495539,5.11359582771922,0.624139855167107,1,"Fto","Cd74",0.2,0.04
-1.41058618495539,5.11359582771922,0.624139855167107,1,"Extl3","Cd74",0.2,0.04
-1.41058618495539,5.11359582771922,0.624139855167107,1,"Pafah1b2","Cd74",0.2,0.04
-1.41058618495539,5.11359582771922,0.624139855167107,1,"Map2k5","Cd74",0.2,0.04
-1.41058618495539,5.11359582771922,0.624139855167107,1,"Slc9a9","Cd74",0.2,0.04
-1.41058618495539,5.11359582771922,0.624139855167107,1,"Dhx30","Cd74",0.2,0.04
-1.41058618495539,5.11359582771922,0.624139855167107,1,"Wipf2","Cd74",0.2,0.04
-1.41058618495539,5.11359582771922,0.624139855167107,1,"Snhg20","Cd74",0.2,0.04
-1.41058618495539,5.11359582771922,0.624139855167107,1,"Serpinb1a","Cd74",0.2,0.04
-1.41058618495539,5.11359582771922,0.624139855167107,1,"Ubqln1","Cd74",0.2,0.04
-1.41058618495539,5.11359582771922,0.624139855167107,1,"Rmi1","Cd74",0.2,0.04
-1.41058618495539,5.11359582771922,0.624139855167107,1,"Aggf1","Cd74",0.2,0.04
-1.41058618495539,5.11359582771922,0.624139855167107,1,"Mier3","Cd74",0.2,0.04
-1.41058618495539,5.11359582771922,0.624139855167107,1,"Pdia5","Cd74",0.2,0.04
-1.41058618495539,5.11359582771922,0.624139855167107,1,"Mrps6","Cd74",0.2,0.04
-1.41058618495539,5.11359582771922,0.624139855167107,1,"Spsb3","Cd74",0.2,0.04
-1.41058618495539,5.11359582771922,0.624139855167107,1,"Flot1","Cd74",0.2,0.04
0.820525129109121,4.84097756327987,0.624139855167107,1,"Agfg1","Cd74",0.2,0.04
0.820525129109121,4.84097756327987,0.624139855167107,1,"Usp6nl","Cd74",0.2,0.04
0.820525129109121,4.84097756327987,0.624139855167107,1,"Sord","Cd74",0.2,0.04
0.820525129109121,4.84097756327987,0.624139855167107,1,"Sclt1","Cd74",0.2,0.04
0.820525129109121,4.84097756327987,0.624139855167107,1,"Foxj3","Cd74",0.2,0.04
0.820525129109121,4.84097756327987,0.624139855167107,1,"Pigv","Cd74",0.2,0.04
0.820525129109121,4.84097756327987,0.624139855167107,1,"Emc1","Cd74",0.2,0.04
0.820525129109121,4.84097756327987,0.624139855167107,1,"Lmtk2","Cd74",0.2,0.04
0.820525129109121,4.84097756327987,0.624139855167107,1,"Nosip","Cd74",0.2,0.04
0.820525129109121,4.84097756327987,0.624139855167107,1,"Fam53b","Cd74",0.2,0.04
0.820525129109121,4.84097756327987,0.624139855167107,1,"Tespa1","Cd74",0.2,0.04
0.820525129109121,4.84097756327987,0.624139855167107,1,"Aga","Cd74",0.2,0.04
0.820525129109121,4.84097756327987,0.624139855167107,1,"Nacc1","Cd74",0.2,0.04
0.820525129109121,4.84097756327987,0.624139855167107,1,"Coq9","Cd74",0.2,0.04
0.820525129109121,4.84097756327987,0.624139855167107,1,"Flnb","Cd74",0.2,0.04
0.820525129109121,4.84097756327987,0.624139855167107,1,"Mapk8","Cd74",0.2,0.04
0.820525129109121,4.84097756327987,0.624139855167107,1,"Gkap1","Cd74",0.2,0.04
0.820525129109121,4.84097756327987,0.624139855167107,1,"Papd7","Cd74",0.2,0.04
0.820525129109121,4.84097756327987,0.624139855167107,1,"Fam173b","Cd74",0.2,0.04
0.820525129109121,4.84097756327987,0.624139855167107,1,"Anks3","Cd74",0.2,0.04
0.820525129109121,4.84097756327987,0.624139855167107,1,"Zdhhc8","Cd74",0.2,0.04
0.820525129109121,4.84097756327987,0.624139855167107,1,"Fem1a","Cd74",0.2,0.04
0.820525129109121,4.84097756327987,0.624139855167107,1,"Ppp1r21","Cd74",0.2,0.04
0.820525129109121,4.84097756327987,0.624139855167107,1,"Lpxn","Cd74",0.2,0.04
0.728747219583691,4.89972553193532,0.624139855167107,1,"Uxs1","Cd74",0.2,0.04
0.728747219583691,4.89972553193532,0.624139855167107,1,"Wdr75","Cd74",0.2,0.04
0.728747219583691,4.89972553193532,0.624139855167107,1,"A630001G21Rik","Cd74",0.2,0.04
0.728747219583691,4.89972553193532,0.624139855167107,1,"Glul","Cd74",0.2,0.04
0.728747219583691,4.89972553193532,0.624139855167107,1,"Ggta1","Cd74",0.2,0.04
0.728747219583691,4.89972553193532,0.624139855167107,1,"Cep250","Cd74",0.2,0.04
0.728747219583691,4.89972553193532,0.624139855167107,1,"Cstf2","Cd74",0.2,0.04
0.728747219583691,4.89972553193532,0.624139855167107,1,"Ubqln4","Cd74",0.2,0.04
0.728747219583691,4.89972553193532,0.624139855167107,1,"S100a1","Cd74",0.2,0.04
0.728747219583691,4.89972553193532,0.624139855167107,1,"Decr1","Cd74",0.2,0.04
0.728747219583691,4.89972553193532,0.624139855167107,1,"Mdn1","Cd74",0.2,0.04
0.728747219583691,4.89972553193532,0.624139855167107,1,"Fbxo6","Cd74",0.2,0.04
0.728747219583691,4.89972553193532,0.624139855167107,1,"Exoc1","Cd74",0.2,0.04
0.728747219583691,4.89972553193532,0.624139855167107,1,"Atxn2","Cd74",0.2,0.04
0.728747219583691,4.89972553193532,0.624139855167107,1,"Fry","Cd74",0.2,0.04
0.728747219583691,4.89972553193532,0.624139855167107,1,"Zfp746","Cd74",0.2,0.04
0.728747219583691,4.89972553193532,0.624139855167107,1,"Ppm1k","Cd74",0.2,0.04
0.728747219583691,4.89972553193532,0.624139855167107,1,"Pyurf","Cd74",0.2,0.04
0.728747219583691,4.89972553193532,0.624139855167107,1,"Irak2","Cd74",0.2,0.04
0.728747219583691,4.89972553193532,0.624139855167107,1,"Fiz1","Cd74",0.2,0.04
0.728747219583691,4.89972553193532,0.624139855167107,1,"Relb","Cd74",0.2,0.04
0.728747219583691,4.89972553193532,0.624139855167107,1,"Bckdha","Cd74",0.2,0.04
0.728747219583691,4.89972553193532,0.624139855167107,1,"Tmem9b","Cd74",0.2,0.04
0.728747219583691,4.89972553193532,0.624139855167107,1,"Ctbp2","Cd74",0.2,0.04
0.728747219583691,4.89972553193532,0.624139855167107,1,"Dyrk2","Cd74",0.2,0.04
0.728747219583691,4.89972553193532,0.624139855167107,1,"Ctu2","Cd74",0.2,0.04
0.728747219583691,4.89972553193532,0.624139855167107,1,"Nudt18","Cd74",0.2,0.04
0.728747219583691,4.89972553193532,0.624139855167107,1,"Pwwp2a","Cd74",0.2,0.04
0.728747219583691,4.89972553193532,0.624139855167107,1,"Dhrs7b","Cd74",0.2,0.04
0.728747219583691,4.89972553193532,0.624139855167107,1,"Serpinf1","Cd74",0.2,0.04
0.728747219583691,4.89972553193532,0.624139855167107,1,"Tnfaip1","Cd74",0.2,0.04
0.728747219583691,4.89972553193532,0.624139855167107,1,"Cbx4","Cd74",0.2,0.04
0.728747219583691,4.89972553193532,0.624139855167107,1,"Dgcr2","Cd74",0.2,0.04
0.728747219583691,4.89972553193532,0.624139855167107,1,"Nfkb2","Cd74",0.2,0.04
0.728747219583691,4.89972553193532,0.624139855167107,1,"Fam204a","Cd74",0.2,0.04
0.642460248124732,4.9558412852051,0.624139855167107,1,"Dennd1a","Cd74",0.2,0.04
0.642460248124732,4.9558412852051,0.624139855167107,1,"Katnbl1","Cd74",0.2,0.04
0.642460248124732,4.9558412852051,0.624139855167107,1,"Uxt","Cd74",0.2,0.04
0.642460248124732,4.9558412852051,0.624139855167107,1,"Med12","Cd74",0.2,0.04
0.642460248124732,4.9558412852051,0.624139855167107,1,"Clcc1","Cd74",0.2,0.04
0.642460248124732,4.9558412852051,0.624139855167107,1,"Hadh","Cd74",0.2,0.04
0.642460248124732,4.9558412852051,0.624139855167107,1,"Tmem60","Cd74",0.2,0.04
0.642460248124732,4.9558412852051,0.624139855167107,1,"Dnajc30","Cd74",0.2,0.04
0.642460248124732,4.9558412852051,0.624139855167107,1,"Uspl1","Cd74",0.2,0.04
0.642460248124732,4.9558412852051,0.624139855167107,1,"Clec4a2","Cd74",0.2,0.04
0.642460248124732,4.9558412852051,0.624139855167107,1,"Htatip2","Cd74",0.2,0.04
0.642460248124732,4.9558412852051,0.624139855167107,1,"3110040N11Rik","Cd74",0.2,0.04
0.642460248124732,4.9558412852051,0.624139855167107,1,"Gde1","Cd74",0.2,0.04
0.642460248124732,4.9558412852051,0.624139855167107,1,"Tssc4","Cd74",0.2,0.04
0.642460248124732,4.9558412852051,0.624139855167107,1,"Acd","Cd74",0.2,0.04
0.642460248124732,4.9558412852051,0.624139855167107,1,"Capn7","Cd74",0.2,0.04
0.642460248124732,4.9558412852051,0.624139855167107,1,"Azi2","Cd74",0.2,0.04
0.642460248124732,4.9558412852051,0.624139855167107,1,"Mgat4b","Cd74",0.2,0.04
0.642460248124732,4.9558412852051,0.624139855167107,1,"Tnip1","Cd74",0.2,0.04
0.642460248124732,4.9558412852051,0.624139855167107,1,"Ubxn2a","Cd74",0.2,0.04
0.642460248124732,4.9558412852051,0.624139855167107,1,"Prkch","Cd74",0.2,0.04
0.642460248124732,4.9558412852051,0.624139855167107,1,"Susd6","Cd74",0.2,0.04
0.642460248124732,4.9558412852051,0.624139855167107,1,"Lpp","Cd74",0.2,0.04
0.642460248124732,4.9558412852051,0.624139855167107,1,"B230307C23Rik","Cd74",0.2,0.04
0.642460248124732,4.9558412852051,0.624139855167107,1,"Kctd5","Cd74",0.2,0.04
0.642460248124732,4.9558412852051,0.624139855167107,1,"Mbd1","Cd74",0.2,0.04
0.642460248124732,4.9558412852051,0.624139855167107,1,"AI837181","Cd74",0.2,0.04
0.642460248124732,4.9558412852051,0.624139855167107,1,"Tmem138","Cd74",0.2,0.04
-0.285243923922367,8.01671001467473,0.624389473852112,1,"Sept6","Cd74",0.2,0.04
-0.405205440297668,7.14629962544245,0.625105117127373,1,"Ppig","Cd74",0.2,0.04
-0.391559569652199,7.13662280023557,0.625105117127373,1,"Ndufa8","Cd74",0.2,0.04
-0.391559569652199,7.13662280023557,0.625105117127373,1,"Eif4b","Cd74",0.2,0.04
-0.258000325373687,8.5659461342754,0.626216770865479,1,"Gmfg","Cd74",0.2,0.04
-0.212743292020312,11.0705504236102,0.626518274414285,1,"Rpl7","Cd74",0.2,0.04
0.242400560552481,8.86462547503323,0.628855369053769,1,"Mpeg1","Cd74",0.2,0.04
-0.448845521442729,6.83853427934388,0.628894177905263,1,"Ubxn4","Cd74",0.2,0.04
-0.448845521442729,6.83853427934388,0.628894177905263,1,"Mcmbp","Cd74",0.2,0.04
-0.431817293317822,6.82620085702159,0.628894177905263,1,"Yeats4","Cd74",0.2,0.04
0.343462126166295,6.77900792605659,0.628894177905263,1,"Fip1l1","Cd74",0.2,0.04
0.343462126166295,6.77900792605659,0.628894177905263,1,"Dnajc15","Cd74",0.2,0.04
0.323063047014623,6.79245482828926,0.628894177905263,1,"Diaph1","Cd74",0.2,0.04
-0.205881045388502,11.6429927087625,0.629163150435906,1,"Rps18","Cd74",0.2,0.04
-0.206521050755336,11.5437715565658,0.629420954970218,1,"Rpl9","Cd74",0.2,0.04
-0.297749243475808,7.67669599326672,0.631219010209529,1,"Sh3glb1","Cd74",0.2,0.04
-0.261015646321289,8.34301998542651,0.631529446036768,1,"Eif3a","Cd74",0.2,0.04
-0.546343797217558,6.462525291059,0.632833350129274,1,"Spc25","Cd74",0.2,0.04
-0.546343797217558,6.462525291059,0.632833350129274,1,"Ncoa3","Cd74",0.2,0.04
-0.546343797217558,6.462525291059,0.632833350129274,1,"Rraga","Cd74",0.2,0.04
-0.546343797217558,6.462525291059,0.632833350129274,1,"Stip1","Cd74",0.2,0.04
-0.524053645447171,6.44598157034209,0.632833350129274,1,"Ppp1cb","Cd74",0.2,0.04
-0.524053645447171,6.44598157034209,0.632833350129274,1,"Cisd1","Cd74",0.2,0.04
-0.524053645447171,6.44598157034209,0.632833350129274,1,"Pin1","Cd74",0.2,0.04
-0.524053645447171,6.44598157034209,0.632833350129274,1,"Usp34","Cd74",0.2,0.04
0.477582182186113,6.37639639215306,0.632833350129274,1,"Pkig","Cd74",0.2,0.04
0.477582182186113,6.37639639215306,0.632833350129274,1,"Commd2","Cd74",0.2,0.04
0.477582182186113,6.37639639215306,0.632833350129274,1,"AW112010","Cd74",0.2,0.04
0.449689520903093,6.39494523716985,0.632833350129274,1,"Acat1","Cd74",0.2,0.04
0.449689520903093,6.39494523716985,0.632833350129274,1,"Sod2","Cd74",0.2,0.04
0.422325916048479,6.41319504526401,0.632833350129274,1,"Slc12a9","Cd74",0.2,0.04
0.359590031662521,7.14104309364484,0.633269931141355,1,"Ccnb2","Cd74",0.2,0.04
0.343687974172402,7.15117498960477,0.633269931141355,1,"Sat1","Cd74",0.2,0.04
-0.253998204819571,8.71157302971173,0.633521683420634,1,"Cox7a2","Cd74",0.2,0.04
-0.750171005733895,5.95288502593532,0.6351543637266,1,"Nipsnap3b","Cd74",0.2,0.04
-0.750171005733895,5.95288502593532,0.6351543637266,1,"Thumpd3","Cd74",0.2,0.04
-0.750171005733895,5.95288502593532,0.6351543637266,1,"Chd2","Cd74",0.2,0.04
-0.750171005733895,5.95288502593532,0.6351543637266,1,"Fchsd2","Cd74",0.2,0.04
-0.750171005733895,5.95288502593532,0.6351543637266,1,"Ppa1","Cd74",0.2,0.04
-0.750171005733895,5.95288502593532,0.6351543637266,1,"Gmpr2","Cd74",0.2,0.04
-0.750171005733895,5.95288502593532,0.6351543637266,1,"Ak6","Cd74",0.2,0.04
-0.750171005733895,5.95288502593532,0.6351543637266,1,"Acp1","Cd74",0.2,0.04
-0.750171005733895,5.95288502593532,0.6351543637266,1,"Rfc4","Cd74",0.2,0.04
-0.750171005733895,5.95288502593532,0.6351543637266,1,"Usp14","Cd74",0.2,0.04
-0.750171005733895,5.95288502593532,0.6351543637266,1,"Tcof1","Cd74",0.2,0.04
-0.717912440852076,5.92834594120489,0.6351543637266,1,"Fam50a","Cd74",0.2,0.04
-0.717912440852076,5.92834594120489,0.6351543637266,1,"Kdm1a","Cd74",0.2,0.04
-0.717912440852076,5.92834594120489,0.6351543637266,1,"Mthfd2","Cd74",0.2,0.04
-0.717912440852076,5.92834594120489,0.6351543637266,1,"B9d2","Cd74",0.2,0.04
-0.717912440852076,5.92834594120489,0.6351543637266,1,"Sec63","Cd74",0.2,0.04
-0.717912440852076,5.92834594120489,0.6351543637266,1,"Gipc1","Cd74",0.2,0.04
-0.717912440852076,5.92834594120489,0.6351543637266,1,"Ppp3cb","Cd74",0.2,0.04
-0.717912440852076,5.92834594120489,0.6351543637266,1,"Ctsg","Cd74",0.2,0.04
-0.717912440852076,5.92834594120489,0.6351543637266,1,"Riok1","Cd74",0.2,0.04
-0.717912440852076,5.92834594120489,0.6351543637266,1,"Tmem50b","Cd74",0.2,0.04
-0.717912440852076,5.92834594120489,0.6351543637266,1,"Pla2g16","Cd74",0.2,0.04
-0.328709580722089,7.48550075226938,0.635664342486789,1,"Arhgap15","Cd74",0.2,0.04
-0.328709580722089,7.48550075226938,0.635664342486789,1,"Papola","Cd74",0.2,0.04
-0.317920985998369,7.47808060320946,0.635664342486789,1,"Mrpl30","Cd74",0.2,0.04
-0.233381087722975,9.39254561271949,0.637781315738208,1,"Ddx5","Cd74",0.2,0.04
-0.279416702015642,8.08813851571258,0.638553964164439,1,"Atp5g3","Cd74",0.2,0.04
-5.35933056428918,3.97842927102955,0.639289678135405,1,"Mars2","Cd74",0.2,0.04
-5.35933056428918,3.97842927102955,0.639289678135405,1,"Bcs1l","Cd74",0.2,0.04
-5.35933056428918,3.97842927102955,0.639289678135405,1,"Thap4","Cd74",0.2,0.04
-5.35933056428918,3.97842927102955,0.639289678135405,1,"Cacna1e","Cd74",0.2,0.04
-5.35933056428918,3.97842927102955,0.639289678135405,1,"Gm20045","Cd74",0.2,0.04
-5.35933056428918,3.97842927102955,0.639289678135405,1,"Kctd3","Cd74",0.2,0.04
-5.35933056428918,3.97842927102955,0.639289678135405,1,"Bmi1","Cd74",0.2,0.04
-5.35933056428918,3.97842927102955,0.639289678135405,1,"Dolk","Cd74",0.2,0.04
-5.35933056428918,3.97842927102955,0.639289678135405,1,"Sp3os","Cd74",0.2,0.04
-5.35933056428918,3.97842927102955,0.639289678135405,1,"Tcp11l1","Cd74",0.2,0.04
-5.35933056428918,3.97842927102955,0.639289678135405,1,"Slc20a1","Cd74",0.2,0.04
-5.35933056428918,3.97842927102955,0.639289678135405,1,"Pigu","Cd74",0.2,0.04
-5.35933056428918,3.97842927102955,0.639289678135405,1,"Cnbd2","Cd74",0.2,0.04
-5.35933056428918,3.97842927102955,0.639289678135405,1,"Fam83d","Cd74",0.2,0.04
-5.35933056428918,3.97842927102955,0.639289678135405,1,"Zfp280c","Cd74",0.2,0.04
-5.35933056428918,3.97842927102955,0.639289678135405,1,"Mmgt1","Cd74",0.2,0.04
-5.35933056428918,3.97842927102955,0.639289678135405,1,"Tceal8","Cd74",0.2,0.04
-5.35933056428918,3.97842927102955,0.639289678135405,1,"Piga","Cd74",0.2,0.04
-5.35933056428918,3.97842927102955,0.639289678135405,1,"Mynn","Cd74",0.2,0.04
-5.35933056428918,3.97842927102955,0.639289678135405,1,"Msto1","Cd74",0.2,0.04
-5.35933056428918,3.97842927102955,0.639289678135405,1,"Gm15417","Cd74",0.2,0.04
-5.35933056428918,3.97842927102955,0.639289678135405,1,"Pygo2","Cd74",0.2,0.04
-5.35933056428918,3.97842927102955,0.639289678135405,1,"Pde4dip","Cd74",0.2,0.04
-5.35933056428918,3.97842927102955,0.639289678135405,1,"Fam46c","Cd74",0.2,0.04
-5.35933056428918,3.97842927102955,0.639289678135405,1,"Slc22a15","Cd74",0.2,0.04
-5.35933056428918,3.97842927102955,0.639289678135405,1,"Lrig2","Cd74",0.2,0.04
-5.35933056428918,3.97842927102955,0.639289678135405,1,"Wwp1","Cd74",0.2,0.04
-5.35933056428918,3.97842927102955,0.639289678135405,1,"Gba2","Cd74",0.2,0.04
-5.35933056428918,3.97842927102955,0.639289678135405,1,"Coa7","Cd74",0.2,0.04
-5.35933056428918,3.97842927102955,0.639289678135405,1,"B3galt6","Cd74",0.2,0.04
-5.35933056428918,3.97842927102955,0.639289678135405,1,"5730480H06Rik","Cd74",0.2,0.04
-5.35933056428918,3.97842927102955,0.639289678135405,1,"Sepsecs","Cd74",0.2,0.04
-5.35933056428918,3.97842927102955,0.639289678135405,1,"Evi5","Cd74",0.2,0.04
-5.35933056428918,3.97842927102955,0.639289678135405,1,"Pcgf3","Cd74",0.2,0.04
-5.35933056428918,3.97842927102955,0.639289678135405,1,"Tmem175","Cd74",0.2,0.04
-5.35933056428918,3.97842927102955,0.639289678135405,1,"Rilpl2","Cd74",0.2,0.04
-5.35933056428918,3.97842927102955,0.639289678135405,1,"Nsun5","Cd74",0.2,0.04
-5.35933056428918,3.97842927102955,0.639289678135405,1,"Trip6","Cd74",0.2,0.04
-5.35933056428918,3.97842927102955,0.639289678135405,1,"Zfp212","Cd74",0.2,0.04
-5.35933056428918,3.97842927102955,0.639289678135405,1,"Il12rb2","Cd74",0.2,0.04
-5.35933056428918,3.97842927102955,0.639289678135405,1,"Tamm41","Cd74",0.2,0.04
-5.35933056428918,3.97842927102955,0.639289678135405,1,"1110035H17Rik","Cd74",0.2,0.04
-5.35933056428918,3.97842927102955,0.639289678135405,1,"Proser3","Cd74",0.2,0.04
-5.35933056428918,3.97842927102955,0.639289678135405,1,"Ankrd27","Cd74",0.2,0.04
-5.35933056428918,3.97842927102955,0.639289678135405,1,"AI987944","Cd74",0.2,0.04
-5.35933056428918,3.97842927102955,0.639289678135405,1,"Igf1r","Cd74",0.2,0.04
-5.35933056428918,3.97842927102955,0.639289678135405,1,"Gab2","Cd74",0.2,0.04
-5.35933056428918,3.97842927102955,0.639289678135405,1,"Xylt1","Cd74",0.2,0.04
-5.35933056428918,3.97842927102955,0.639289678135405,1,"Fbxl19","Cd74",0.2,0.04
-5.35933056428918,3.97842927102955,0.639289678135405,1,"Sec23ip","Cd74",0.2,0.04
-5.35933056428918,3.97842927102955,0.639289678135405,1,"Chst15","Cd74",0.2,0.04
-5.35933056428918,3.97842927102955,0.639289678135405,1,"5830432E09Rik","Cd74",0.2,0.04
-5.35933056428918,3.97842927102955,0.639289678135405,1,"Syne1","Cd74",0.2,0.04
-5.35933056428918,3.97842927102955,0.639289678135405,1,"Echdc1","Cd74",0.2,0.04
-5.35933056428918,3.97842927102955,0.639289678135405,1,"Chchd10","Cd74",0.2,0.04
-5.35933056428918,3.97842927102955,0.639289678135405,1,"Zc3h10","Cd74",0.2,0.04
-5.35933056428918,3.97842927102955,0.639289678135405,1,"Atp11a","Cd74",0.2,0.04
-5.35933056428918,3.97842927102955,0.639289678135405,1,"Pgpep1","Cd74",0.2,0.04
-5.35933056428918,3.97842927102955,0.639289678135405,1,"Zfp961","Cd74",0.2,0.04
-5.35933056428918,3.97842927102955,0.639289678135405,1,"Cc2d1a","Cd74",0.2,0.04
-5.35933056428918,3.97842927102955,0.639289678135405,1,"Tnpo2","Cd74",0.2,0.04
-5.35933056428918,3.97842927102955,0.639289678135405,1,"Ccdc66","Cd74",0.2,0.04
-5.35933056428918,3.97842927102955,0.639289678135405,1,"Bap1","Cd74",0.2,0.04
-5.35933056428918,3.97842927102955,0.639289678135405,1,"Arhgap22","Cd74",0.2,0.04
-5.35933056428918,3.97842927102955,0.639289678135405,1,"Sesn3","Cd74",0.2,0.04
-5.35933056428918,3.97842927102955,0.639289678135405,1,"Zfp426","Cd74",0.2,0.04
-5.35933056428918,3.97842927102955,0.639289678135405,1,"Pus3","Cd74",0.2,0.04
-5.35933056428918,3.97842927102955,0.639289678135405,1,"Npat","Cd74",0.2,0.04
-5.35933056428918,3.97842927102955,0.639289678135405,1,"Fam219b","Cd74",0.2,0.04
-5.35933056428918,3.97842927102955,0.639289678135405,1,"Pif1","Cd74",0.2,0.04
-5.35933056428918,3.97842927102955,0.639289678135405,1,"Rasa2","Cd74",0.2,0.04
-5.35933056428918,3.97842927102955,0.639289678135405,1,"Parp3","Cd74",0.2,0.04
-5.35933056428918,3.97842927102955,0.639289678135405,1,"Ccdc51","Cd74",0.2,0.04
-5.35933056428918,3.97842927102955,0.639289678135405,1,"Mlh1","Cd74",0.2,0.04
-5.35933056428918,3.97842927102955,0.639289678135405,1,"Smtn","Cd74",0.2,0.04
-5.35933056428918,3.97842927102955,0.639289678135405,1,"Cep68","Cd74",0.2,0.04
-5.35933056428918,3.97842927102955,0.639289678135405,1,"Shmt1","Cd74",0.2,0.04
-5.35933056428918,3.97842927102955,0.639289678135405,1,"Trim16","Cd74",0.2,0.04
-5.35933056428918,3.97842927102955,0.639289678135405,1,"Zbtb4","Cd74",0.2,0.04
-5.35933056428918,3.97842927102955,0.639289678135405,1,"Kif1c","Cd74",0.2,0.04
-5.35933056428918,3.97842927102955,0.639289678135405,1,"Slc39a11","Cd74",0.2,0.04
-5.35933056428918,3.97842927102955,0.639289678135405,1,"Slc25a19","Cd74",0.2,0.04
-5.35933056428918,3.97842927102955,0.639289678135405,1,"Hist1h2ak","Cd74",0.2,0.04
-5.35933056428918,3.97842927102955,0.639289678135405,1,"Hist1h3e","Cd74",0.2,0.04
-5.35933056428918,3.97842927102955,0.639289678135405,1,"Kif13a","Cd74",0.2,0.04
-5.35933056428918,3.97842927102955,0.639289678135405,1,"Fgd3","Cd74",0.2,0.04
-5.35933056428918,3.97842927102955,0.639289678135405,1,"Ptch1","Cd74",0.2,0.04
-5.35933056428918,3.97842927102955,0.639289678135405,1,"Zfp595","Cd74",0.2,0.04
-5.35933056428918,3.97842927102955,0.639289678135405,1,"Srp54a","Cd74",0.2,0.04
-5.35933056428918,3.97842927102955,0.639289678135405,1,"Ppp1r36","Cd74",0.2,0.04
-5.35933056428918,3.97842927102955,0.639289678135405,1,"Efcab11","Cd74",0.2,0.04
-5.35933056428918,3.97842927102955,0.639289678135405,1,"5033406O09Rik","Cd74",0.2,0.04
-5.35933056428918,3.97842927102955,0.639289678135405,1,"Gm48960","Cd74",0.2,0.04
-5.35933056428918,3.97842927102955,0.639289678135405,1,"Trmt12","Cd74",0.2,0.04
-5.35933056428918,3.97842927102955,0.639289678135405,1,"Scrib","Cd74",0.2,0.04
-5.35933056428918,3.97842927102955,0.639289678135405,1,"Xpnpep3","Cd74",0.2,0.04
-5.35933056428918,3.97842927102955,0.639289678135405,1,"Zc3h7b","Cd74",0.2,0.04
-5.35933056428918,3.97842927102955,0.639289678135405,1,"Gbe1","Cd74",0.2,0.04
-5.35933056428918,3.97842927102955,0.639289678135405,1,"Mcrip2","Cd74",0.2,0.04
-5.35933056428918,3.97842927102955,0.639289678135405,1,"Zbtb22","Cd74",0.2,0.04
-5.35933056428918,3.97842927102955,0.639289678135405,1,"2310061I04Rik","Cd74",0.2,0.04
-5.35933056428918,3.97842927102955,0.639289678135405,1,"Plcl2","Cd74",0.2,0.04
-5.35933056428918,3.97842927102955,0.639289678135405,1,"Fez2","Cd74",0.2,0.04
-5.35933056428918,3.97842927102955,0.639289678135405,1,"Cul2","Cd74",0.2,0.04
-5.35933056428918,3.97842927102955,0.639289678135405,1,"Aldh18a1","Cd74",0.2,0.04
1.10896733748011,3.52066288801488,0.639289678135405,1,"Inpp1","Cd74",0.2,0.04
1.10896733748011,3.52066288801488,0.639289678135405,1,"Gtf3c3","Cd74",0.2,0.04
1.10896733748011,3.52066288801488,0.639289678135405,1,"Pogk","Cd74",0.2,0.04
1.10896733748011,3.52066288801488,0.639289678135405,1,"Opn3","Cd74",0.2,0.04
1.10896733748011,3.52066288801488,0.639289678135405,1,"Rps6kc1","Cd74",0.2,0.04
1.10896733748011,3.52066288801488,0.639289678135405,1,"Gm38037","Cd74",0.2,0.04
1.10896733748011,3.52066288801488,0.639289678135405,1,"Cacnb2","Cd74",0.2,0.04
1.10896733748011,3.52066288801488,0.639289678135405,1,"Eng","Cd74",0.2,0.04
1.10896733748011,3.52066288801488,0.639289678135405,1,"Bmf","Cd74",0.2,0.04
1.10896733748011,3.52066288801488,0.639289678135405,1,"Polr3f","Cd74",0.2,0.04
1.10896733748011,3.52066288801488,0.639289678135405,1,"Zcchc3","Cd74",0.2,0.04
1.10896733748011,3.52066288801488,0.639289678135405,1,"Blcap","Cd74",0.2,0.04
1.10896733748011,3.52066288801488,0.639289678135405,1,"Zbp1","Cd74",0.2,0.04
1.10896733748011,3.52066288801488,0.639289678135405,1,"Hdac6","Cd74",0.2,0.04
1.10896733748011,3.52066288801488,0.639289678135405,1,"Ocrl","Cd74",0.2,0.04
1.10896733748011,3.52066288801488,0.639289678135405,1,"Klhl15","Cd74",0.2,0.04
1.10896733748011,3.52066288801488,0.639289678135405,1,"Mbtps2","Cd74",0.2,0.04
1.10896733748011,3.52066288801488,0.639289678135405,1,"4632415L05Rik","Cd74",0.2,0.04
1.10896733748011,3.52066288801488,0.639289678135405,1,"Prkci","Cd74",0.2,0.04
1.10896733748011,3.52066288801488,0.639289678135405,1,"Zmat3","Cd74",0.2,0.04
1.10896733748011,3.52066288801488,0.639289678135405,1,"Ankrd50","Cd74",0.2,0.04
1.10896733748011,3.52066288801488,0.639289678135405,1,"Atxn7l2","Cd74",0.2,0.04
1.10896733748011,3.52066288801488,0.639289678135405,1,"Aptx","Cd74",0.2,0.04
1.10896733748011,3.52066288801488,0.639289678135405,1,"Ptpn3","Cd74",0.2,0.04
1.10896733748011,3.52066288801488,0.639289678135405,1,"Cyb5rl","Cd74",0.2,0.04
1.10896733748011,3.52066288801488,0.639289678135405,1,"Ipp","Cd74",0.2,0.04
1.10896733748011,3.52066288801488,0.639289678135405,1,"Eva1b","Cd74",0.2,0.04
1.10896733748011,3.52066288801488,0.639289678135405,1,"Rbks","Cd74",0.2,0.04
1.10896733748011,3.52066288801488,0.639289678135405,1,"Mn1","Cd74",0.2,0.04
1.10896733748011,3.52066288801488,0.639289678135405,1,"Ficd","Cd74",0.2,0.04
1.10896733748011,3.52066288801488,0.639289678135405,1,"Lrrc61","Cd74",0.2,0.04
1.10896733748011,3.52066288801488,0.639289678135405,1,"Gm9008","Cd74",0.2,0.04
1.10896733748011,3.52066288801488,0.639289678135405,1,"M1ap","Cd74",0.2,0.04
1.10896733748011,3.52066288801488,0.639289678135405,1,"Ccdc77","Cd74",0.2,0.04
1.10896733748011,3.52066288801488,0.639289678135405,1,"Fam234b","Cd74",0.2,0.04
1.10896733748011,3.52066288801488,0.639289678135405,1,"Stk38l","Cd74",0.2,0.04
1.10896733748011,3.52066288801488,0.639289678135405,1,"Zfp61","Cd74",0.2,0.04
1.10896733748011,3.52066288801488,0.639289678135405,1,"Eid2b","Cd74",0.2,0.04
1.10896733748011,3.52066288801488,0.639289678135405,1,"Sars2","Cd74",0.2,0.04
1.10896733748011,3.52066288801488,0.639289678135405,1,"Arhgap33","Cd74",0.2,0.04
1.10896733748011,3.52066288801488,0.639289678135405,1,"Gm4673","Cd74",0.2,0.04
1.10896733748011,3.52066288801488,0.639289678135405,1,"Zfp507","Cd74",0.2,0.04
1.10896733748011,3.52066288801488,0.639289678135405,1,"Ppp1r15a","Cd74",0.2,0.04
1.10896733748011,3.52066288801488,0.639289678135405,1,"Mtmr10","Cd74",0.2,0.04
1.10896733748011,3.52066288801488,0.639289678135405,1,"Rccd1","Cd74",0.2,0.04
1.10896733748011,3.52066288801488,0.639289678135405,1,"Stard5","Cd74",0.2,0.04
1.10896733748011,3.52066288801488,0.639289678135405,1,"Pde3b","Cd74",0.2,0.04
1.10896733748011,3.52066288801488,0.639289678135405,1,"Lyrm1","Cd74",0.2,0.04
1.10896733748011,3.52066288801488,0.639289678135405,1,"Zc3h12d","Cd74",0.2,0.04
1.10896733748011,3.52066288801488,0.639289678135405,1,"Akap7","Cd74",0.2,0.04
1.10896733748011,3.52066288801488,0.639289678135405,1,"Plppr3","Cd74",0.2,0.04
1.10896733748011,3.52066288801488,0.639289678135405,1,"Chst11","Cd74",0.2,0.04
1.10896733748011,3.52066288801488,0.639289678135405,1,"Spryd4","Cd74",0.2,0.04
1.10896733748011,3.52066288801488,0.639289678135405,1,"Micu3","Cd74",0.2,0.04
1.10896733748011,3.52066288801488,0.639289678135405,1,"Zdhhc2","Cd74",0.2,0.04
1.10896733748011,3.52066288801488,0.639289678135405,1,"Cbr4","Cd74",0.2,0.04
1.10896733748011,3.52066288801488,0.639289678135405,1,"Nat2","Cd74",0.2,0.04
1.10896733748011,3.52066288801488,0.639289678135405,1,"Nutf2","Cd74",0.2,0.04
1.10896733748011,3.52066288801488,0.639289678135405,1,"Slc7a6os","Cd74",0.2,0.04
1.10896733748011,3.52066288801488,0.639289678135405,1,"Zfpm1","Cd74",0.2,0.04
1.10896733748011,3.52066288801488,0.639289678135405,1,"A530010L16Rik","Cd74",0.2,0.04
1.10896733748011,3.52066288801488,0.639289678135405,1,"2310022B05Rik","Cd74",0.2,0.04
1.10896733748011,3.52066288801488,0.639289678135405,1,"Ift88","Cd74",0.2,0.04
1.10896733748011,3.52066288801488,0.639289678135405,1,"Kif13b","Cd74",0.2,0.04
1.10896733748011,3.52066288801488,0.639289678135405,1,"Rgcc","Cd74",0.2,0.04
1.10896733748011,3.52066288801488,0.639289678135405,1,"Gm26778","Cd74",0.2,0.04
1.10896733748011,3.52066288801488,0.639289678135405,1,"Clybl","Cd74",0.2,0.04
1.10896733748011,3.52066288801488,0.639289678135405,1,"Prdm10","Cd74",0.2,0.04
1.10896733748011,3.52066288801488,0.639289678135405,1,"Peak1","Cd74",0.2,0.04
1.10896733748011,3.52066288801488,0.639289678135405,1,"Aph1b","Cd74",0.2,0.04
1.10896733748011,3.52066288801488,0.639289678135405,1,"Pigb","Cd74",0.2,0.04
1.10896733748011,3.52066288801488,0.639289678135405,1,"Dcaf1","Cd74",0.2,0.04
1.10896733748011,3.52066288801488,0.639289678135405,1,"Csrnp1","Cd74",0.2,0.04
1.10896733748011,3.52066288801488,0.639289678135405,1,"Cdkl3","Cd74",0.2,0.04
1.10896733748011,3.52066288801488,0.639289678135405,1,"Slc22a4","Cd74",0.2,0.04
1.10896733748011,3.52066288801488,0.639289678135405,1,"2810001G20Rik","Cd74",0.2,0.04
1.10896733748011,3.52066288801488,0.639289678135405,1,"Gm21988","Cd74",0.2,0.04
1.10896733748011,3.52066288801488,0.639289678135405,1,"Nek8","Cd74",0.2,0.04
1.10896733748011,3.52066288801488,0.639289678135405,1,"Tefm","Cd74",0.2,0.04
1.10896733748011,3.52066288801488,0.639289678135405,1,"Akap1","Cd74",0.2,0.04
1.10896733748011,3.52066288801488,0.639289678135405,1,"Mettl2","Cd74",0.2,0.04
1.10896733748011,3.52066288801488,0.639289678135405,1,"Ern1","Cd74",0.2,0.04
1.10896733748011,3.52066288801488,0.639289678135405,1,"2610035D17Rik","Cd74",0.2,0.04
1.10896733748011,3.52066288801488,0.639289678135405,1,"Tepsin","Cd74",0.2,0.04
1.10896733748011,3.52066288801488,0.639289678135405,1,"Akr1e1","Cd74",0.2,0.04
1.10896733748011,3.52066288801488,0.639289678135405,1,"Zfp458","Cd74",0.2,0.04
1.10896733748011,3.52066288801488,0.639289678135405,1,"Zfp748","Cd74",0.2,0.04
1.10896733748011,3.52066288801488,0.639289678135405,1,"Ell2","Cd74",0.2,0.04
1.10896733748011,3.52066288801488,0.639289678135405,1,"Polr3g","Cd74",0.2,0.04
1.10896733748011,3.52066288801488,0.639289678135405,1,"2700097O09Rik","Cd74",0.2,0.04
1.10896733748011,3.52066288801488,0.639289678135405,1,"Gm49207","Cd74",0.2,0.04
1.10896733748011,3.52066288801488,0.639289678135405,1,"Dennd3","Cd74",0.2,0.04
1.10896733748011,3.52066288801488,0.639289678135405,1,"Ppp6r2","Cd74",0.2,0.04
1.10896733748011,3.52066288801488,0.639289678135405,1,"Pus7l","Cd74",0.2,0.04
1.10896733748011,3.52066288801488,0.639289678135405,1,"Map3k12","Cd74",0.2,0.04
1.10896733748011,3.52066288801488,0.639289678135405,1,"Smug1","Cd74",0.2,0.04
1.10896733748011,3.52066288801488,0.639289678135405,1,"Tmem41a","Cd74",0.2,0.04
1.10896733748011,3.52066288801488,0.639289678135405,1,"Zfp54","Cd74",0.2,0.04
1.10896733748011,3.52066288801488,0.639289678135405,1,"Brpf3","Cd74",0.2,0.04
1.10896733748011,3.52066288801488,0.639289678135405,1,"Zbtb12","Cd74",0.2,0.04
1.10896733748011,3.52066288801488,0.639289678135405,1,"Tmem63b","Cd74",0.2,0.04
1.10896733748011,3.52066288801488,0.639289678135405,1,"Ticam1","Cd74",0.2,0.04
1.10896733748011,3.52066288801488,0.639289678135405,1,"Nlrc4","Cd74",0.2,0.04
1.10896733748011,3.52066288801488,0.639289678135405,1,"Pmaip1","Cd74",0.2,0.04
1.10896733748011,3.52066288801488,0.639289678135405,1,"Gm6133","Cd74",0.2,0.04
1.10896733748011,3.52066288801488,0.639289678135405,1,"Spindoc","Cd74",0.2,0.04
1.10896733748011,3.52066288801488,0.639289678135405,1,"Atrnl1","Cd74",0.2,0.04
-0.242428882427848,8.83867179025787,0.639663726420813,1,"Myl12b","Cd74",0.2,0.04
-0.345676005573059,7.24767757335162,0.641087430034657,1,"Ssna1","Cd74",0.2,0.04
-0.345676005573059,7.24767757335162,0.641087430034657,1,"Pdcd6","Cd74",0.2,0.04
-0.3328775301786,7.23872008655791,0.641087430034657,1,"Txn2","Cd74",0.2,0.04
-0.319964499598864,7.22969159913356,0.641087430034657,1,"Cdk4","Cd74",0.2,0.04
-0.196943851206739,12.0074566799598,0.641589620020303,1,"Rplp0","Cd74",0.2,0.04
0.318344870533689,7.46410396528422,0.642237180471718,1,"Anapc11","Cd74",0.2,0.04
-0.350047711574862,7.5001974576498,0.642237180471718,1,"Vcp","Cd74",0.2,0.04
0.192868653653514,13.1004321039006,0.642324534425706,1,"Malat1","Cd74",0.2,0.04
-0.283917965226561,7.93638525512561,0.64299067035701,1,"Myh9","Cd74",0.2,0.04
0.369108168228712,6.44883518531985,0.644952898982354,1,"Atp1a1","Cd74",0.2,0.04
0.369108168228712,6.44883518531985,0.644952898982354,1,"Add1","Cd74",0.2,0.04
0.369108168228712,6.44883518531985,0.644952898982354,1,"Tnfrsf1a","Cd74",0.2,0.04
0.369108168228712,6.44883518531985,0.644952898982354,1,"Ppp4r3b","Cd74",0.2,0.04
0.343217793788885,6.46624325464632,0.644952898982354,1,"Tgs1","Cd74",0.2,0.04
0.381406966402704,6.88911078833306,0.647814597099578,1,"Abcf1","Cd74",0.2,0.04
-0.370731180029941,6.96221704848347,0.647814597099578,1,"Map2k2","Cd74",0.2,0.04
-0.370731180029941,6.96221704848347,0.647814597099578,1,"Taf15","Cd74",0.2,0.04
-0.355002493196767,6.95099019843247,0.647814597099578,1,"Snf8","Cd74",0.2,0.04
0.343551060982973,6.9137174293025,0.647814597099578,1,"Uchl5","Cd74",0.2,0.04
0.343551060982973,6.9137174293025,0.647814597099578,1,"Ssr3","Cd74",0.2,0.04
-0.289597469159776,7.7666075590534,0.648282088102676,1,"Fdps","Cd74",0.2,0.04
-0.383403985490817,7.27413534009989,0.648579199807405,1,"Txnip","Cd74",0.2,0.04
-0.267432437828751,8.15182394007774,0.651714002066626,1,"Son","Cd74",0.2,0.04
0.563924689561532,5.91960453539263,0.65174391953749,1,"Zrsr2","Cd74",0.2,0.04
0.563924689561532,5.91960453539263,0.65174391953749,1,"Ppie","Cd74",0.2,0.04
0.563924689561532,5.91960453539263,0.65174391953749,1,"Maea","Cd74",0.2,0.04
0.563924689561532,5.91960453539263,0.65174391953749,1,"Golga4","Cd74",0.2,0.04
-0.30709584409434,7.58080453000942,0.654703420492443,1,"Lmo4","Cd74",0.2,0.04
0.314661458529805,7.27538504798809,0.655765090350845,1,"Rrp1","Cd74",0.2,0.04
-0.431593559755045,6.61973997222969,0.656270318236046,1,"Ndufb2","Cd74",0.2,0.04
-0.431593559755045,6.61973997222969,0.656270318236046,1,"Fam103a1","Cd74",0.2,0.04
-0.431593559755045,6.61973997222969,0.656270318236046,1,"Ehbp1l1","Cd74",0.2,0.04
-0.41147889782948,6.60504985969119,0.656270318236046,1,"Cul3","Cd74",0.2,0.04
-0.41147889782948,6.60504985969119,0.656270318236046,1,"Tbl1xr1","Cd74",0.2,0.04
-0.41147889782948,6.60504985969119,0.656270318236046,1,"Cops4","Cd74",0.2,0.04
-0.41147889782948,6.60504985969119,0.656270318236046,1,"Tm2d2","Cd74",0.2,0.04
-0.41147889782948,6.60504985969119,0.656270318236046,1,"Ifi35","Cd74",0.2,0.04
-0.391079818677808,6.59017127640642,0.656270318236046,1,"Rbck1","Cd74",0.2,0.04
-0.391079818677808,6.59017127640642,0.656270318236046,1,"Ahsa1","Cd74",0.2,0.04
0.288566943834086,6.94963283664293,0.656560732572884,1,"Ep300","Cd74",0.2,0.04
-0.416913818927048,6.99525257922566,0.656560732572884,1,"Vps29","Cd74",0.2,0.04
0.209401649734419,9.19775263579819,0.661895958171364,1,"Fxyd5","Cd74",0.2,0.04
0.258202346905677,7.31127095041265,0.662663383992106,1,"Cox14","Cd74",0.2,0.04
-0.318850427690315,7.3593253094347,0.662663383992106,1,"Ewsr1","Cd74",0.2,0.04
-0.295047892766135,7.34284812519555,0.662663383992106,1,"Cuedc2","Cd74",0.2,0.04
-0.225025248220726,8.95082131426287,0.66328582029887,1,"Mki67","Cd74",0.2,0.04
0.273672611481185,7.81176047071155,0.663859483745312,1,"Cfp","Cd74",0.2,0.04
-0.256501688994818,8.2128641884493,0.663969942291392,1,"Mrpl33","Cd74",0.2,0.04
-0.184268905569694,11.8791988626293,0.664492086064157,1,"Rps20","Cd74",0.2,0.04
0.449136066690443,5.99706188785247,0.666783082176848,1,"Nav1","Cd74",0.2,0.04
0.449136066690443,5.99706188785247,0.666783082176848,1,"Nr1h2","Cd74",0.2,0.04
0.449136066690443,5.99706188785247,0.666783082176848,1,"Becn1","Cd74",0.2,0.04
0.449136066690443,5.99706188785247,0.666783082176848,1,"Ten1","Cd74",0.2,0.04
0.449136066690443,5.99706188785247,0.666783082176848,1,"Naa35","Cd74",0.2,0.04
0.412816833135855,6.02177540670902,0.666783082176848,1,"Rere","Cd74",0.2,0.04
0.412816833135855,6.02177540670902,0.666783082176848,1,"Cd164","Cd74",0.2,0.04
0.412816833135855,6.02177540670902,0.666783082176848,1,"Seh1l","Cd74",0.2,0.04
0.412816833135855,6.02177540670902,0.666783082176848,1,"Dpp3","Cd74",0.2,0.04
0.377389513226603,6.04597420682787,0.666783082176848,1,"Ccdc115","Cd74",0.2,0.04
0.377389513226603,6.04597420682787,0.666783082176848,1,"Gns","Cd74",0.2,0.04
0.377389513226603,6.04597420682787,0.666783082176848,1,"Bscl2","Cd74",0.2,0.04
0.377389513226603,6.04597420682787,0.666783082176848,1,"Cdc37l1","Cd74",0.2,0.04
-0.5178796670307,6.14872837404954,0.666783082176848,1,"Ptpn7","Cd74",0.2,0.04
-0.5178796670307,6.14872837404954,0.666783082176848,1,"Glrx2","Cd74",0.2,0.04
-0.5178796670307,6.14872837404954,0.666783082176848,1,"A430005L14Rik","Cd74",0.2,0.04
-0.5178796670307,6.14872837404954,0.666783082176848,1,"Snx17","Cd74",0.2,0.04
-0.5178796670307,6.14872837404954,0.666783082176848,1,"Ncapd3","Cd74",0.2,0.04
-0.5178796670307,6.14872837404954,0.666783082176848,1,"Arid4b","Cd74",0.2,0.04
-0.5178796670307,6.14872837404954,0.666783082176848,1,"Mkl1","Cd74",0.2,0.04
-0.489437087423941,6.12749350700574,0.666783082176848,1,"Ube2w","Cd74",0.2,0.04
-0.489437087423941,6.12749350700574,0.666783082176848,1,"Fmr1","Cd74",0.2,0.04
-0.489437087423941,6.12749350700574,0.666783082176848,1,"Pbdc1","Cd74",0.2,0.04
-0.489437087423941,6.12749350700574,0.666783082176848,1,"Rap1gds1","Cd74",0.2,0.04
-0.489437087423941,6.12749350700574,0.666783082176848,1,"Stoml2","Cd74",0.2,0.04
-0.489437087423941,6.12749350700574,0.666783082176848,1,"Hadha","Cd74",0.2,0.04
-0.489437087423941,6.12749350700574,0.666783082176848,1,"Fzr1","Cd74",0.2,0.04
-0.489437087423941,6.12749350700574,0.666783082176848,1,"Smarcc2","Cd74",0.2,0.04
-0.489437087423941,6.12749350700574,0.666783082176848,1,"Commd6","Cd74",0.2,0.04
-0.489437087423941,6.12749350700574,0.666783082176848,1,"Myo18a","Cd74",0.2,0.04
-0.489437087423941,6.12749350700574,0.666783082176848,1,"Asxl2","Cd74",0.2,0.04
-0.489437087423941,6.12749350700574,0.666783082176848,1,"Tfg","Cd74",0.2,0.04
-0.489437087423941,6.12749350700574,0.666783082176848,1,"Hnrnpll","Cd74",0.2,0.04
-0.46042246878989,6.10587157818716,0.666783082176848,1,"Atp6ap1","Cd74",0.2,0.04
-0.46042246878989,6.10587157818716,0.666783082176848,1,"Akna","Cd74",0.2,0.04
-0.46042246878989,6.10587157818716,0.666783082176848,1,"Stx4a","Cd74",0.2,0.04
-0.46042246878989,6.10587157818716,0.666783082176848,1,"Cnpy2","Cd74",0.2,0.04
-0.46042246878989,6.10587157818716,0.666783082176848,1,"Hacd2","Cd74",0.2,0.04
-0.46042246878989,6.10587157818716,0.666783082176848,1,"Phax","Cd74",0.2,0.04
-0.46042246878989,6.10587157818716,0.666783082176848,1,"Erlin1","Cd74",0.2,0.04
-0.471000602105329,6.64857360569143,0.666864838914518,1,"Ebna1bp2","Cd74",0.2,0.04
-0.471000602105329,6.64857360569143,0.666864838914518,1,"Lsm14a","Cd74",0.2,0.04
-0.471000602105329,6.64857360569143,0.666864838914518,1,"Smarca4","Cd74",0.2,0.04
0.41348645724898,6.58430696557356,0.666864838914518,1,"Cdc42se2","Cd74",0.2,0.04
0.41348645724898,6.58430696557356,0.666864838914518,1,"Tuba1a","Cd74",0.2,0.04
0.389727965752806,6.60003355489168,0.666864838914518,1,"Fcgrt","Cd74",0.2,0.04
0.214824360056597,8.65172798835004,0.671071388619128,1,"Gpx4","Cd74",0.2,0.04
-0.184001170690779,11.2707585514601,0.671128422120237,1,"H2afz","Cd74",0.2,0.04
0.343625208686365,7.03720032980721,0.672797351267332,1,"Ifi209","Cd74",0.2,0.04
0.343625208686365,7.03720032980721,0.672797351267332,1,"Ap2m1","Cd74",0.2,0.04
-0.335647549048749,7.0970747920293,0.672797351267332,1,"Ssrp1","Cd74",0.2,0.04
-0.335647549048749,7.0970747920293,0.672797351267332,1,"Higd2a","Cd74",0.2,0.04
-0.321324283118432,7.08696999747335,0.672797351267332,1,"Gm16286","Cd74",0.2,0.04
0.289962708115038,7.38950687126949,0.675663353907144,1,"Timm10b","Cd74",0.2,0.04
-0.231150370590704,8.69731895604354,0.676767535833564,1,"Morf4l1","Cd74",0.2,0.04
0.343353490862244,6.63084051918623,0.6768053843177,1,"Bcl2","Cd74",0.2,0.04
0.343353490862244,6.63084051918623,0.6768053843177,1,"Vbp1","Cd74",0.2,0.04
0.343353490862244,6.63084051918623,0.6768053843177,1,"Ube2r2","Cd74",0.2,0.04
0.343353490862244,6.63084051918623,0.6768053843177,1,"Ppp1r2","Cd74",0.2,0.04
0.320713536675494,6.64593264224392,0.6768053843177,1,"Mef2a","Cd74",0.2,0.04
0.298423384905107,6.66082463301258,0.6768053843177,1,"Trpc4ap","Cd74",0.2,0.04
0.298423384905107,6.66082463301258,0.6768053843177,1,"Snw1","Cd74",0.2,0.04
0.266030032601522,7.66526477252749,0.677221124055942,1,"Wnk1","Cd74",0.2,0.04
-0.747734668274517,5.44106856693354,0.677528211107962,1,"2310035C23Rik","Cd74",0.2,0.04
-0.747734668274517,5.44106856693354,0.677528211107962,1,"Kif14","Cd74",0.2,0.04
-0.747734668274517,5.44106856693354,0.677528211107962,1,"Cenpl","Cd74",0.2,0.04
-0.747734668274517,5.44106856693354,0.677528211107962,1,"Pmpca","Cd74",0.2,0.04
-0.747734668274517,5.44106856693354,0.677528211107962,1,"Nelfcd","Cd74",0.2,0.04
-0.747734668274517,5.44106856693354,0.677528211107962,1,"Zfx","Cd74",0.2,0.04
-0.747734668274517,5.44106856693354,0.677528211107962,1,"Dpy19l4","Cd74",0.2,0.04
-0.747734668274517,5.44106856693354,0.677528211107962,1,"Themis2","Cd74",0.2,0.04
-0.747734668274517,5.44106856693354,0.677528211107962,1,"Gcn1l1","Cd74",0.2,0.04
-0.747734668274517,5.44106856693354,0.677528211107962,1,"Sun1","Cd74",0.2,0.04
-0.747734668274517,5.44106856693354,0.677528211107962,1,"2610001J05Rik","Cd74",0.2,0.04
-0.747734668274517,5.44106856693354,0.677528211107962,1,"Pdcd2l","Cd74",0.2,0.04
-0.747734668274517,5.44106856693354,0.677528211107962,1,"Prmt3","Cd74",0.2,0.04
-0.747734668274517,5.44106856693354,0.677528211107962,1,"Phkg2","Cd74",0.2,0.04
-0.747734668274517,5.44106856693354,0.677528211107962,1,"Eef1akmt2","Cd74",0.2,0.04
-0.747734668274517,5.44106856693354,0.677528211107962,1,"Specc1l","Cd74",0.2,0.04
-0.747734668274517,5.44106856693354,0.677528211107962,1,"Pttg1ip","Cd74",0.2,0.04
-0.747734668274517,5.44106856693354,0.677528211107962,1,"Gan","Cd74",0.2,0.04
-0.747734668274517,5.44106856693354,0.677528211107962,1,"Adk","Cd74",0.2,0.04
-0.747734668274517,5.44106856693354,0.677528211107962,1,"Mtmr6","Cd74",0.2,0.04
-0.747734668274517,5.44106856693354,0.677528211107962,1,"Pimreg","Cd74",0.2,0.04
-0.747734668274517,5.44106856693354,0.677528211107962,1,"Smg6","Cd74",0.2,0.04
-0.747734668274517,5.44106856693354,0.677528211107962,1,"Zfp366","Cd74",0.2,0.04
-0.747734668274517,5.44106856693354,0.677528211107962,1,"Tarbp2","Cd74",0.2,0.04
-0.747734668274517,5.44106856693354,0.677528211107962,1,"Dnm1l","Cd74",0.2,0.04
-0.747734668274517,5.44106856693354,0.677528211107962,1,"Senp2","Cd74",0.2,0.04
-0.747734668274517,5.44106856693354,0.677528211107962,1,"Dynlt1a","Cd74",0.2,0.04
-0.747734668274517,5.44106856693354,0.677528211107962,1,"Agpat1","Cd74",0.2,0.04
-0.747734668274517,5.44106856693354,0.677528211107962,1,"Gtpbp2","Cd74",0.2,0.04
-0.747734668274517,5.44106856693354,0.677528211107962,1,"Cxxc5","Cd74",0.2,0.04
-0.747734668274517,5.44106856693354,0.677528211107962,1,"Yif1a","Cd74",0.2,0.04
-0.747734668274517,5.44106856693354,0.677528211107962,1,"Slc25a45","Cd74",0.2,0.04
-0.747734668274517,5.44106856693354,0.677528211107962,1,"Rps12-ps3","Cd74",0.2,0.04
-0.699194889493884,5.40440664771891,0.677528211107962,1,"Uck2","Cd74",0.2,0.04
-0.699194889493884,5.40440664771891,0.677528211107962,1,"Nuf2","Cd74",0.2,0.04
-0.699194889493884,5.40440664771891,0.677528211107962,1,"Gon4l","Cd74",0.2,0.04
-0.699194889493884,5.40440664771891,0.677528211107962,1,"Gtf3c2","Cd74",0.2,0.04
-0.699194889493884,5.40440664771891,0.677528211107962,1,"N4bp2","Cd74",0.2,0.04
-0.699194889493884,5.40440664771891,0.677528211107962,1,"Fbrsl1","Cd74",0.2,0.04
-0.699194889493884,5.40440664771891,0.677528211107962,1,"Ap1s1","Cd74",0.2,0.04
-0.699194889493884,5.40440664771891,0.677528211107962,1,"Tbxas1","Cd74",0.2,0.04
-0.699194889493884,5.40440664771891,0.677528211107962,1,"Dctn1","Cd74",0.2,0.04
-0.699194889493884,5.40440664771891,0.677528211107962,1,"Ethe1","Cd74",0.2,0.04
-0.699194889493884,5.40440664771891,0.677528211107962,1,"Wee1","Cd74",0.2,0.04
-0.699194889493884,5.40440664771891,0.677528211107962,1,"Zranb1","Cd74",0.2,0.04
-0.699194889493884,5.40440664771891,0.677528211107962,1,"Nus1","Cd74",0.2,0.04
-0.699194889493884,5.40440664771891,0.677528211107962,1,"Pip5k1c","Cd74",0.2,0.04
-0.699194889493884,5.40440664771891,0.677528211107962,1,"Sucla2","Cd74",0.2,0.04
-0.699194889493884,5.40440664771891,0.677528211107962,1,"Ube4a","Cd74",0.2,0.04
-0.699194889493884,5.40440664771891,0.677528211107962,1,"Ndel1","Cd74",0.2,0.04
-0.699194889493884,5.40440664771891,0.677528211107962,1,"Agtpbp1","Cd74",0.2,0.04
-0.699194889493884,5.40440664771891,0.677528211107962,1,"Atp6v1c1","Cd74",0.2,0.04
-0.699194889493884,5.40440664771891,0.677528211107962,1,"Pmm2","Cd74",0.2,0.04
-0.699194889493884,5.40440664771891,0.677528211107962,1,"Ccnf","Cd74",0.2,0.04
-0.699194889493884,5.40440664771891,0.677528211107962,1,"Zfp414","Cd74",0.2,0.04
-0.699194889493884,5.40440664771891,0.677528211107962,1,"Oard1","Cd74",0.2,0.04
-0.699194889493884,5.40440664771891,0.677528211107962,1,"Rbm14","Cd74",0.2,0.04
-0.648964948788768,5.36662506931488,0.677528211107962,1,"Snx27","Cd74",0.2,0.04
-0.648964948788768,5.36662506931488,0.677528211107962,1,"Rnf34","Cd74",0.2,0.04
-0.648964948788768,5.36662506931488,0.677528211107962,1,"Foxm1","Cd74",0.2,0.04
-0.648964948788768,5.36662506931488,0.677528211107962,1,"Akt2","Cd74",0.2,0.04
-0.648964948788768,5.36662506931488,0.677528211107962,1,"Tlnrd1","Cd74",0.2,0.04
-0.648964948788768,5.36662506931488,0.677528211107962,1,"Dhrs4","Cd74",0.2,0.04
-0.648964948788768,5.36662506931488,0.677528211107962,1,"Mrps22","Cd74",0.2,0.04
-0.648964948788768,5.36662506931488,0.677528211107962,1,"Unc13d","Cd74",0.2,0.04
-0.648964948788768,5.36662506931488,0.677528211107962,1,"Hfe","Cd74",0.2,0.04
-0.648964948788768,5.36662506931488,0.677528211107962,1,"Pacsin2","Cd74",0.2,0.04
-0.648964948788768,5.36662506931488,0.677528211107962,1,"Zfpl1","Cd74",0.2,0.04
-0.648964948788768,5.36662506931488,0.677528211107962,1,"Exoc6","Cd74",0.2,0.04
-0.195140233479758,9.58487692021206,0.678090255575671,1,"Laptm5","Cd74",0.2,0.04
-0.177018800104158,11.8078662667852,0.678327489316587,1,"Rps15a","Cd74",0.2,0.04
0.20782371089882,8.69627549392214,0.679544026030714,1,"Rtraf","Cd74",0.2,0.04
0.208236173063895,8.81140614726704,0.679609927806053,1,"Rsrp1","Cd74",0.2,0.04
0.19476322286469,9.20567813228817,0.679691768480652,1,"Hnrnpa3","Cd74",0.2,0.04
0.293131872221835,7.06982632902839,0.680347020227895,1,"Gtpbp4","Cd74",0.2,0.04
0.276685986368958,7.08049112751271,0.680347020227895,1,"Itm2c","Cd74",0.2,0.04
0.260425463026138,7.09105412247078,0.680347020227895,1,"Ndufs8","Cd74",0.2,0.04
-0.599990178418561,6.21024222299777,0.680490405794444,1,"Cspp1","Cd74",0.2,0.04
-0.599990178418561,6.21024222299777,0.680490405794444,1,"Madd","Cd74",0.2,0.04
-0.599990178418561,6.21024222299777,0.680490405794444,1,"Gabpb2","Cd74",0.2,0.04
-0.599990178418561,6.21024222299777,0.680490405794444,1,"Rad23a","Cd74",0.2,0.04
-0.599990178418561,6.21024222299777,0.680490405794444,1,"Odc1","Cd74",0.2,0.04
-0.29609870355456,7.46309341526504,0.681795024067128,1,"Cdca3","Cd74",0.2,0.04
-0.285062519107051,7.4555250161188,0.681795024067128,1,"Mbd2","Cd74",0.2,0.04
-0.27394125994377,7.44790581609479,0.681795024067128,1,"Hcls1","Cd74",0.2,0.04
0.233903307025029,7.68507822486652,0.682402796250354,1,"Cmpk1","Cd74",0.2,0.04
0.233903307025029,7.68507822486652,0.682402796250354,1,"Rassf4","Cd74",0.2,0.04
-0.207063404999144,9.40556434259589,0.684941891426121,1,"Pomp","Cd74",0.2,0.04
-0.379492428768561,6.78838824118422,0.686152215775684,1,"Cux1","Cd74",0.2,0.04
-0.379492428768561,6.78838824118422,0.686152215775684,1,"Elof1","Cd74",0.2,0.04
-0.379492428768561,6.78838824118422,0.686152215775684,1,"Eif4a3","Cd74",0.2,0.04
-0.379492428768561,6.78838824118422,0.686152215775684,1,"Polr2k","Cd74",0.2,0.04
-0.361620411814336,6.77550304044837,0.686152215775684,1,"Notch2","Cd74",0.2,0.04
-0.361620411814336,6.77550304044837,0.686152215775684,1,"Psmc6","Cd74",0.2,0.04
-0.361620411814336,6.77550304044837,0.686152215775684,1,"Psmg4","Cd74",0.2,0.04
-0.361620411814336,6.77550304044837,0.686152215775684,1,"Efr3a","Cd74",0.2,0.04
-0.361620411814336,6.77550304044837,0.686152215775684,1,"Puf60","Cd74",0.2,0.04
-0.361620411814336,6.77550304044837,0.686152215775684,1,"Dock8","Cd74",0.2,0.04
-0.343524217420164,6.76247197434176,0.686152215775684,1,"Bnip3l","Cd74",0.2,0.04
-0.343524217420164,6.76247197434176,0.686152215775684,1,"Mrpl14","Cd74",0.2,0.04
0.206798879193085,8.84870730867509,0.687095287285047,1,"Ubl5","Cd74",0.2,0.04
-0.253802236572255,7.74262320408768,0.687422021423586,1,"Eif5","Cd74",0.2,0.04
-0.229704950464245,8.49506046344483,0.688804723585223,1,"Apobec3","Cd74",0.2,0.04
-0.219027158671411,8.48832652930895,0.688804723585223,1,"Rac1","Cd74",0.2,0.04
-0.169221311767929,12.0516968041115,0.689277883928228,1,"Rpl23","Cd74",0.2,0.04
-0.218862773162233,8.64190320465451,0.690973071255399,1,"Ndufa13","Cd74",0.2,0.04
-0.240208751916407,7.98710322073499,0.691259868682635,1,"Hdgf","Cd74",0.2,0.04
0.169179390451888,11.7370707451837,0.691469171476673,1,"mt-Cytb","Cd74",0.2,0.04
-0.181039541878035,10.4491199836397,0.692562582094833,1,"Lsp1","Cd74",0.2,0.04
0.465314924201194,6.19845765821608,0.693043838343673,1,"Pik3cd","Cd74",0.2,0.04
0.465314924201194,6.19845765821608,0.693043838343673,1,"Sbno2","Cd74",0.2,0.04
0.465314924201194,6.19845765821608,0.693043838343673,1,"Prkcsh","Cd74",0.2,0.04
0.26868804986598,7.49506676083231,0.693388600457767,1,"Cetn3","Cd74",0.2,0.04
-0.306934844602974,7.22059093803075,0.694436956532315,1,"Bin2","Cd74",0.2,0.04
0.31240023158284,7.17116314835508,0.694436956532315,1,"Smarce1","Cd74",0.2,0.04
-0.165327737767492,12.3327224480698,0.6945226655101,1,"Fau","Cd74",0.2,0.04
0.364153781247749,6.76539683811018,0.694958270327432,1,"Ddx3x","Cd74",0.2,0.04
-0.179668802816472,10.2277652514554,0.697834807627908,1,"Rbm3","Cd74",0.2,0.04
0.562480665552606,5.3768271301408,0.698224161738347,1,"Tmem183a","Cd74",0.2,0.04
0.562480665552606,5.3768271301408,0.698224161738347,1,"Sdccag3","Cd74",0.2,0.04
0.562480665552606,5.3768271301408,0.698224161738347,1,"Ythdf3","Cd74",0.2,0.04
0.562480665552606,5.3768271301408,0.698224161738347,1,"Polr3c","Cd74",0.2,0.04
0.562480665552606,5.3768271301408,0.698224161738347,1,"Epb41l4b","Cd74",0.2,0.04
0.562480665552606,5.3768271301408,0.698224161738347,1,"Lrrc8c","Cd74",0.2,0.04
0.562480665552606,5.3768271301408,0.698224161738347,1,"Chfr","Cd74",0.2,0.04
0.562480665552606,5.3768271301408,0.698224161738347,1,"Cox19","Cd74",0.2,0.04
0.562480665552606,5.3768271301408,0.698224161738347,1,"Smim10l1","Cd74",0.2,0.04
0.562480665552606,5.3768271301408,0.698224161738347,1,"Dera","Cd74",0.2,0.04
0.562480665552606,5.3768271301408,0.698224161738347,1,"Elane","Cd74",0.2,0.04
0.562480665552606,5.3768271301408,0.698224161738347,1,"Dnase2a","Cd74",0.2,0.04
0.562480665552606,5.3768271301408,0.698224161738347,1,"Ccng1","Cd74",0.2,0.04
0.562480665552606,5.3768271301408,0.698224161738347,1,"Gfod1","Cd74",0.2,0.04
0.562480665552606,5.3768271301408,0.698224161738347,1,"Chmp2b","Cd74",0.2,0.04
0.504122391044721,5.41628049588495,0.698224161738347,1,"Rhoh","Cd74",0.2,0.04
0.504122391044721,5.41628049588495,0.698224161738347,1,"Cenpc1","Cd74",0.2,0.04
0.504122391044721,5.41628049588495,0.698224161738347,1,"Mettl1","Cd74",0.2,0.04
0.504122391044721,5.41628049588495,0.698224161738347,1,"Dnajc14","Cd74",0.2,0.04
0.504122391044721,5.41628049588495,0.698224161738347,1,"Tnks","Cd74",0.2,0.04
0.504122391044721,5.41628049588495,0.698224161738347,1,"Tradd","Cd74",0.2,0.04
0.504122391044721,5.41628049588495,0.698224161738347,1,"Ppp1r9b","Cd74",0.2,0.04
0.504122391044721,5.41628049588495,0.698224161738347,1,"Ftsj3","Cd74",0.2,0.04
0.504122391044721,5.41628049588495,0.698224161738347,1,"Ufd1","Cd74",0.2,0.04
0.504122391044721,5.41628049588495,0.698224161738347,1,"Tbc1d23","Cd74",0.2,0.04
0.504122391044721,5.41628049588495,0.698224161738347,1,"Tbcc","Cd74",0.2,0.04
0.504122391044721,5.41628049588495,0.698224161738347,1,"CAAA01118383.1","Cd74",0.2,0.04
0.448033267916038,5.45448911304482,0.698224161738347,1,"Nup214","Cd74",0.2,0.04
0.448033267916038,5.45448911304482,0.698224161738347,1,"Gpr160","Cd74",0.2,0.04
0.448033267916038,5.45448911304482,0.698224161738347,1,"Taf6","Cd74",0.2,0.04
0.448033267916038,5.45448911304482,0.698224161738347,1,"Cirbp","Cd74",0.2,0.04
0.448033267916038,5.45448911304482,0.698224161738347,1,"Ngly1","Cd74",0.2,0.04
0.448033267916038,5.45448911304482,0.698224161738347,1,"Mir142hg","Cd74",0.2,0.04
0.448033267916038,5.45448911304482,0.698224161738347,1,"Gcnt2","Cd74",0.2,0.04
0.448033267916038,5.45448911304482,0.698224161738347,1,"Susd3","Cd74",0.2,0.04
0.448033267916038,5.45448911304482,0.698224161738347,1,"Fut8","Cd74",0.2,0.04
0.448033267916038,5.45448911304482,0.698224161738347,1,"Slc25a17","Cd74",0.2,0.04
0.448033267916038,5.45448911304482,0.698224161738347,1,"Scaf8","Cd74",0.2,0.04
0.448033267916038,5.45448911304482,0.698224161738347,1,"Cdca5","Cd74",0.2,0.04
-0.26623071673137,7.55300045638624,0.698874404920039,1,"Ccnd1","Cd74",0.2,0.04
-0.255830974485677,7.5459416862689,0.698874404920039,1,"Ctcf","Cd74",0.2,0.04
-0.162530128675972,11.8775008807105,0.701013330085646,1,"Rpl19","Cd74",0.2,0.04
-0.248720570149792,7.82881588749883,0.701577322352328,1,"Bloc1s2","Cd74",0.2,0.04
0.302948385089059,6.80574153195519,0.703270255811921,1,"Ndufs3","Cd74",0.2,0.04
0.283110318265949,6.81887188147854,0.703270255811921,1,"Mapkapk2","Cd74",0.2,0.04
0.283110318265949,6.81887188147854,0.703270255811921,1,"Khk","Cd74",0.2,0.04
0.283110318265949,6.81887188147854,0.703270255811921,1,"Crebbp","Cd74",0.2,0.04
-0.229349070002967,8.05543275671141,0.70336879972675,1,"Smc2","Cd74",0.2,0.04
0.240443957461077,8.03253202505266,0.70336879972675,1,"Tmbim6","Cd74",0.2,0.04
-0.160840064391981,12.0017759162795,0.704368580059613,1,"Rps19","Cd74",0.2,0.04
-0.431280724873686,6.37736508765489,0.704589936857644,1,"Ppp2r5a","Cd74",0.2,0.04
-0.431280724873686,6.37736508765489,0.704589936857644,1,"Bmp2k","Cd74",0.2,0.04
-0.431280724873686,6.37736508765489,0.704589936857644,1,"Ddx50","Cd74",0.2,0.04
-0.431280724873686,6.37736508765489,0.704589936857644,1,"Tm9sf2","Cd74",0.2,0.04
-0.431280724873686,6.37736508765489,0.704589936857644,1,"Hsd17b4","Cd74",0.2,0.04
-0.407124414950592,6.35956371663261,0.704589936857644,1,"Tpd52l2","Cd74",0.2,0.04
-0.407124414950592,6.35956371663261,0.704589936857644,1,"Noc2l","Cd74",0.2,0.04
-0.407124414950592,6.35956371663261,0.704589936857644,1,"Kcmf1","Cd74",0.2,0.04
-0.407124414950592,6.35956371663261,0.704589936857644,1,"Atp6v1d","Cd74",0.2,0.04
-0.407124414950592,6.35956371663261,0.704589936857644,1,"Derl1","Cd74",0.2,0.04
-0.407124414950592,6.35956371663261,0.704589936857644,1,"Nxf1","Cd74",0.2,0.04
-0.38255673704875,6.3414875310503,0.704589936857644,1,"Sars","Cd74",0.2,0.04
-0.38255673704875,6.3414875310503,0.704589936857644,1,"Elovl1","Cd74",0.2,0.04
-0.38255673704875,6.3414875310503,0.704589936857644,1,"Eif1ad","Cd74",0.2,0.04
0.372653624919078,6.26101691037956,0.704589936857644,1,"Pmf1","Cd74",0.2,0.04
0.372653624919078,6.26101691037956,0.704589936857644,1,"Leng8","Cd74",0.2,0.04
0.372653624919078,6.26101691037956,0.704589936857644,1,"Apopt1","Cd74",0.2,0.04
0.343043484388096,6.28113303728113,0.704589936857644,1,"Rnf4","Cd74",0.2,0.04
0.343043484388096,6.28113303728113,0.704589936857644,1,"Azin1","Cd74",0.2,0.04
0.314028865754045,6.30090189924548,0.704589936857644,1,"Abi1","Cd74",0.2,0.04
0.314028865754045,6.30090189924548,0.704589936857644,1,"Supt5","Cd74",0.2,0.04
0.314028865754045,6.30090189924548,0.704589936857644,1,"Mprip","Cd74",0.2,0.04
0.314028865754045,6.30090189924548,0.704589936857644,1,"Nemf","Cd74",0.2,0.04
-0.174884928768931,10.2250544002903,0.706103566304214,1,"Calm1","Cd74",0.2,0.04
0.225489880611122,7.84103672546018,0.710327303505683,1,"Slfn2","Cd74",0.2,0.04
-0.339100435706648,6.93965222825648,0.711129553420308,1,"Rrm2","Cd74",0.2,0.04
-0.323021142939222,6.92820086866136,0.711129553420308,1,"Pdcd10","Cd74",0.2,0.04
-0.323021142939222,6.92820086866136,0.711129553420308,1,"Prr13","Cd74",0.2,0.04
-0.306760619596403,6.91663378047157,0.711129553420308,1,"Paics","Cd74",0.2,0.04
-0.306760619596403,6.91663378047157,0.711129553420308,1,"Arf4","Cd74",0.2,0.04
-0.306760619596403,6.91663378047157,0.711129553420308,1,"Vps28","Cd74",0.2,0.04
-0.306760619596403,6.91663378047157,0.711129553420308,1,"Eif4g1","Cd74",0.2,0.04
0.22766663317476,7.60727815674086,0.714214339228205,1,"Map1lc3b","Cd74",0.2,0.04
-0.190486892794888,9.14816493933345,0.719398867927854,1,"Gng5","Cd74",0.2,0.04
-0.197783564800233,8.93419427314985,0.720491128371901,1,"Rbm39","Cd74",0.2,0.04
-0.193824104138195,8.67414519773768,0.721900485700814,1,"Zfp36l2","Cd74",0.2,0.04
-0.211399700430044,8.37103562137183,0.723779902525873,1,"Naaa","Cd74",0.2,0.04
-0.211399700430044,8.37103562137183,0.723779902525873,1,"Eif3e","Cd74",0.2,0.04
-0.161409358546556,10.3682347768629,0.724240962393505,1,"Eif1","Cd74",0.2,0.04
-0.15146347854532,11.4810764408932,0.724410346334327,1,"Rps23","Cd74",0.2,0.04
0.270694926879861,6.9613509652508,0.72563334405728,1,"Ppp4c","Cd74",0.2,0.04
0.270694926879861,6.9613509652508,0.72563334405728,1,"Sdha","Cd74",0.2,0.04
0.253041600997504,6.97294679510687,0.72563334405728,1,"Parp1","Cd74",0.2,0.04
0.253041600997504,6.97294679510687,0.72563334405728,1,"Snx20","Cd74",0.2,0.04
-0.217152772219053,7.97200654957551,0.726381403323872,1,"Slk","Cd74",0.2,0.04
-0.189374265747526,8.96786499152923,0.72667275148172,1,"Ctsh","Cd74",0.2,0.04
0.202476440464713,7.70454169290635,0.728067336795299,1,"Selenok","Cd74",0.2,0.04
0.188120524509176,8.18338225579607,0.728270105270048,1,"Ndufb10","Cd74",0.2,0.04
-0.262733604236362,7.44023509856991,0.730069760564781,1,"Myadm","Cd74",0.2,0.04
-0.240053659656977,7.42473616736527,0.730069760564781,1,"Rab2a","Cd74",0.2,0.04
-0.240053659656977,7.42473616736527,0.730069760564781,1,"Ap2s1","Cd74",0.2,0.04
-0.240053659656977,7.42473616736527,0.730069760564781,1,"Bnip2","Cd74",0.2,0.04
-0.190433227413286,8.57473890955584,0.730650453699066,1,"Cnn2","Cd74",0.2,0.04
-0.158823135801666,10.2159764762143,0.731278377203172,1,"Rpl36a","Cd74",0.2,0.04
-0.544822563623656,5.79754251024325,0.731776276918526,1,"Bola1","Cd74",0.2,0.04
-0.544822563623656,5.79754251024325,0.731776276918526,1,"Setd1b","Cd74",0.2,0.04
-0.544822563623656,5.79754251024325,0.731776276918526,1,"Psmg3","Cd74",0.2,0.04
-0.544822563623656,5.79754251024325,0.731776276918526,1,"Pds5b","Cd74",0.2,0.04
-0.544822563623656,5.79754251024325,0.731776276918526,1,"Pepd","Cd74",0.2,0.04
-0.544822563623656,5.79754251024325,0.731776276918526,1,"Arrb2","Cd74",0.2,0.04
-0.544822563623656,5.79754251024325,0.731776276918526,1,"Papd4","Cd74",0.2,0.04
-0.544822563623656,5.79754251024325,0.731776276918526,1,"Bcl6","Cd74",0.2,0.04
-0.544822563623656,5.79754251024325,0.731776276918526,1,"Abca3","Cd74",0.2,0.04
-0.544822563623656,5.79754251024325,0.731776276918526,1,"Mpnd","Cd74",0.2,0.04
-0.544822563623656,5.79754251024325,0.731776276918526,1,"Plin3","Cd74",0.2,0.04
-0.544822563623656,5.79754251024325,0.731776276918526,1,"Cep55","Cd74",0.2,0.04
-0.544822563623656,5.79754251024325,0.731776276918526,1,"Chuk","Cd74",0.2,0.04
-0.507565344623912,5.7695902189301,0.731776276918526,1,"Ppp1r15b","Cd74",0.2,0.04
-0.507565344623912,5.7695902189301,0.731776276918526,1,"Prkra","Cd74",0.2,0.04
-0.507565344623912,5.7695902189301,0.731776276918526,1,"Vhl","Cd74",0.2,0.04
-0.507565344623912,5.7695902189301,0.731776276918526,1,"Rnf141","Cd74",0.2,0.04
-0.507565344623912,5.7695902189301,0.731776276918526,1,"Tlr3","Cd74",0.2,0.04
-0.507565344623912,5.7695902189301,0.731776276918526,1,"Cfap20","Cd74",0.2,0.04
-0.507565344623912,5.7695902189301,0.731776276918526,1,"Ap4s1","Cd74",0.2,0.04
-0.507565344623912,5.7695902189301,0.731776276918526,1,"Mrpl40","Cd74",0.2,0.04
-0.469320403764055,5.74097632668746,0.731776276918526,1,"Mia3","Cd74",0.2,0.04
-0.469320403764055,5.74097632668746,0.731776276918526,1,"Edem2","Cd74",0.2,0.04
-0.469320403764055,5.74097632668746,0.731776276918526,1,"Otud5","Cd74",0.2,0.04
-0.469320403764055,5.74097632668746,0.731776276918526,1,"Slc1a5","Cd74",0.2,0.04
-0.469320403764055,5.74097632668746,0.731776276918526,1,"Serinc1","Cd74",0.2,0.04
-0.469320403764055,5.74097632668746,0.731776276918526,1,"Timm44","Cd74",0.2,0.04
-0.469320403764055,5.74097632668746,0.731776276918526,1,"Gtf2e2","Cd74",0.2,0.04
-0.469320403764055,5.74097632668746,0.731776276918526,1,"Rnf111","Cd74",0.2,0.04
-0.469320403764055,5.74097632668746,0.731776276918526,1,"Slu7","Cd74",0.2,0.04
-0.469320403764055,5.74097632668746,0.731776276918526,1,"Rpa1","Cd74",0.2,0.04
-0.469320403764055,5.74097632668746,0.731776276918526,1,"Adam17","Cd74",0.2,0.04
-0.469320403764055,5.74097632668746,0.731776276918526,1,"Sgpp1","Cd74",0.2,0.04
-0.469320403764055,5.74097632668746,0.731776276918526,1,"Sft2d1","Cd74",0.2,0.04
-0.469320403764055,5.74097632668746,0.731776276918526,1,"Ppp1r10","Cd74",0.2,0.04
-0.469320403764055,5.74097632668746,0.731776276918526,1,"Rps6ka4","Cd74",0.2,0.04
-0.306857386748456,7.0767748934902,0.732340106993247,1,"Junb","Cd74",0.2,0.04
-0.292243950148993,7.06648780649066,0.732340106993247,1,"Rbm17","Cd74",0.2,0.04
-0.277480974201023,7.05610701604579,0.732340106993247,1,"Slc38a1","Cd74",0.2,0.04
0.201589893343554,7.99206864159874,0.73376252982315,1,"Tmed2","Cd74",0.2,0.04
-0.182319752709285,8.88491738586688,0.734160877315592,1,"Hsp90b1","Cd74",0.2,0.04
0.292790564925481,6.50027676322737,0.73430983607494,1,"Tex261","Cd74",0.2,0.04
0.292790564925481,6.50027676322737,0.73430983607494,1,"Lrrc59","Cd74",0.2,0.04
0.26822288702364,6.5169176589956,0.73430983607494,1,"Ola1","Cd74",0.2,0.04
0.26822288702364,6.5169176589956,0.73430983607494,1,"Nedd4","Cd74",0.2,0.04
0.26822288702364,6.5169176589956,0.73430983607494,1,"Nckap1l","Cd74",0.2,0.04
-0.370388163596355,6.57509928864316,0.73430983607494,1,"Igbp1","Cd74",0.2,0.04
-0.370388163596355,6.57509928864316,0.73430983607494,1,"Galnt1","Cd74",0.2,0.04
-0.349395417709692,6.55982876838343,0.73430983607494,1,"Dusp11","Cd74",0.2,0.04
-0.349395417709692,6.55982876838343,0.73430983607494,1,"Cdkn3","Cd74",0.2,0.04
-0.349395417709692,6.55982876838343,0.73430983607494,1,"Copz1","Cd74",0.2,0.04
-0.328092688932356,6.54435438307498,0.73430983607494,1,"Itpripl1","Cd74",0.2,0.04
-0.328092688932356,6.54435438307498,0.73430983607494,1,"Strap","Cd74",0.2,0.04
-0.328092688932356,6.54435438307498,0.73430983607494,1,"Tsg101","Cd74",0.2,0.04
-0.328092688932356,6.54435438307498,0.73430983607494,1,"Bola2","Cd74",0.2,0.04
-0.328092688932356,6.54435438307498,0.73430983607494,1,"Cops3","Cd74",0.2,0.04
-0.202334737137128,8.24315460628028,0.734641316421098,1,"Manf","Cd74",0.2,0.04
-0.176434674886666,9.23770017549429,0.735030277005007,1,"Tpm3","Cd74",0.2,0.04
-0.160730320869373,9.68465655530839,0.735791656709701,1,"Mbnl1","Cd74",0.2,0.04
-0.185949228196978,8.92699632404204,0.740228414435593,1,"Slc25a3","Cd74",0.2,0.04
-0.231568369571632,7.81743499608386,0.740639402586848,1,"Marcks","Cd74",0.2,0.04
-0.144285559940043,11.2490258624271,0.741217911025118,1,"Rpl34","Cd74",0.2,0.04
0.199126285678836,8.28734803647527,0.743661246243476,1,"Lmnb1","Cd74",0.2,0.04
0.168967954943845,8.94007596708175,0.744123943529245,1,"Arhgdia","Cd74",0.2,0.04
-0.234803850171053,7.53169087052285,0.74491891985112,1,"Bmyc","Cd74",0.2,0.04
0.426818095279189,5.76508659056117,0.745625552399024,1,"Imp4","Cd74",0.2,0.04
0.426818095279189,5.76508659056117,0.745625552399024,1,"Acbd5","Cd74",0.2,0.04
0.426818095279189,5.76508659056117,0.745625552399024,1,"Surf1","Cd74",0.2,0.04
0.426818095279189,5.76508659056117,0.745625552399024,1,"Rbm33","Cd74",0.2,0.04
0.426818095279189,5.76508659056117,0.745625552399024,1,"Hint3","Cd74",0.2,0.04
0.426818095279189,5.76508659056117,0.745625552399024,1,"Rrp7a","Cd74",0.2,0.04
0.384036392810977,5.79446537548919,0.745625552399024,1,"Ralb","Cd74",0.2,0.04
0.384036392810977,5.79446537548919,0.745625552399024,1,"Fam193a","Cd74",0.2,0.04
0.384036392810977,5.79446537548919,0.745625552399024,1,"Bola3","Cd74",0.2,0.04
0.384036392810977,5.79446537548919,0.745625552399024,1,"C2cd5","Cd74",0.2,0.04
0.384036392810977,5.79446537548919,0.745625552399024,1,"Borcs8","Cd74",0.2,0.04
0.384036392810977,5.79446537548919,0.745625552399024,1,"Birc2","Cd74",0.2,0.04
0.384036392810977,5.79446537548919,0.745625552399024,1,"Peli1","Cd74",0.2,0.04
0.384036392810977,5.79446537548919,0.745625552399024,1,"Ganab","Cd74",0.2,0.04
0.342486887740486,5.82313148743442,0.745625552399024,1,"Mga","Cd74",0.2,0.04
0.342486887740486,5.82313148743442,0.745625552399024,1,"Cyfip1","Cd74",0.2,0.04
0.342486887740486,5.82313148743442,0.745625552399024,1,"Eea1","Cd74",0.2,0.04
0.342486887740486,5.82313148743442,0.745625552399024,1,"Ttc5","Cd74",0.2,0.04
0.342486887740486,5.82313148743442,0.745625552399024,1,"Qars","Cd74",0.2,0.04
0.342486887740486,5.82313148743442,0.745625552399024,1,"Nudcd3","Cd74",0.2,0.04
0.342486887740486,5.82313148743442,0.745625552399024,1,"Eci1","Cd74",0.2,0.04
0.342486887740486,5.82313148743442,0.745625552399024,1,"Mrpl16","Cd74",0.2,0.04
0.342486887740486,5.82313148743442,0.745625552399024,1,"Zfp950","Cd74",0.2,0.04
0.186968130053006,8.49295928848978,0.745793923001413,1,"H2-T23","Cd74",0.2,0.04
0.964417728645147,4.27660879330384,0.746294653999543,1,"Fam126b","Cd74",0.2,0.04
0.964417728645147,4.27660879330384,0.746294653999543,1,"Eif2d","Cd74",0.2,0.04
0.964417728645147,4.27660879330384,0.746294653999543,1,"Ppp1r12b","Cd74",0.2,0.04
0.964417728645147,4.27660879330384,0.746294653999543,1,"Ccdc181","Cd74",0.2,0.04
0.964417728645147,4.27660879330384,0.746294653999543,1,"Otud1","Cd74",0.2,0.04
0.964417728645147,4.27660879330384,0.746294653999543,1,"Arhgap21","Cd74",0.2,0.04
0.964417728645147,4.27660879330384,0.746294653999543,1,"Tor4a","Cd74",0.2,0.04
0.964417728645147,4.27660879330384,0.746294653999543,1,"Sec16a","Cd74",0.2,0.04
0.964417728645147,4.27660879330384,0.746294653999543,1,"Kbtbd4","Cd74",0.2,0.04
0.964417728645147,4.27660879330384,0.746294653999543,1,"Slc9a6","Cd74",0.2,0.04
0.964417728645147,4.27660879330384,0.746294653999543,1,"Slc10a3","Cd74",0.2,0.04
0.964417728645147,4.27660879330384,0.746294653999543,1,"Cmc4","Cd74",0.2,0.04
0.964417728645147,4.27660879330384,0.746294653999543,1,"Zfand1","Cd74",0.2,0.04
0.964417728645147,4.27660879330384,0.746294653999543,1,"Tdrd7","Cd74",0.2,0.04
0.964417728645147,4.27660879330384,0.746294653999543,1,"Trim14","Cd74",0.2,0.04
0.964417728645147,4.27660879330384,0.746294653999543,1,"Man1c1","Cd74",0.2,0.04
0.964417728645147,4.27660879330384,0.746294653999543,1,"Zfp113","Cd74",0.2,0.04
0.964417728645147,4.27660879330384,0.746294653999543,1,"Vamp5","Cd74",0.2,0.04
0.964417728645147,4.27660879330384,0.746294653999543,1,"Pcyox1","Cd74",0.2,0.04
0.964417728645147,4.27660879330384,0.746294653999543,1,"Rybp","Cd74",0.2,0.04
0.964417728645147,4.27660879330384,0.746294653999543,1,"Etfrf1","Cd74",0.2,0.04
0.964417728645147,4.27660879330384,0.746294653999543,1,"Ccdc97","Cd74",0.2,0.04
0.964417728645147,4.27660879330384,0.746294653999543,1,"Tmem86a","Cd74",0.2,0.04
0.964417728645147,4.27660879330384,0.746294653999543,1,"Kif1bp","Cd74",0.2,0.04
0.964417728645147,4.27660879330384,0.746294653999543,1,"Tma16","Cd74",0.2,0.04
0.964417728645147,4.27660879330384,0.746294653999543,1,"Atmin","Cd74",0.2,0.04
0.964417728645147,4.27660879330384,0.746294653999543,1,"Fbxo31","Cd74",0.2,0.04
0.964417728645147,4.27660879330384,0.746294653999543,1,"Kctd6","Cd74",0.2,0.04
0.964417728645147,4.27660879330384,0.746294653999543,1,"Nudt13","Cd74",0.2,0.04
0.964417728645147,4.27660879330384,0.746294653999543,1,"Ankrd28","Cd74",0.2,0.04
0.964417728645147,4.27660879330384,0.746294653999543,1,"Ptger2","Cd74",0.2,0.04
0.964417728645147,4.27660879330384,0.746294653999543,1,"Alkbh8","Cd74",0.2,0.04
0.964417728645147,4.27660879330384,0.746294653999543,1,"Ppcdc","Cd74",0.2,0.04
0.964417728645147,4.27660879330384,0.746294653999543,1,"2010315B03Rik","Cd74",0.2,0.04
0.964417728645147,4.27660879330384,0.746294653999543,1,"Ints2","Cd74",0.2,0.04
0.964417728645147,4.27660879330384,0.746294653999543,1,"Tob1","Cd74",0.2,0.04
0.964417728645147,4.27660879330384,0.746294653999543,1,"Mfsd11","Cd74",0.2,0.04
0.964417728645147,4.27660879330384,0.746294653999543,1,"Hist1h3d","Cd74",0.2,0.04
0.964417728645147,4.27660879330384,0.746294653999543,1,"Mylip","Cd74",0.2,0.04
0.964417728645147,4.27660879330384,0.746294653999543,1,"Zfp87","Cd74",0.2,0.04
0.964417728645147,4.27660879330384,0.746294653999543,1,"Zfyve1","Cd74",0.2,0.04
0.964417728645147,4.27660879330384,0.746294653999543,1,"Polr3h","Cd74",0.2,0.04
0.964417728645147,4.27660879330384,0.746294653999543,1,"Eef1akmt4","Cd74",0.2,0.04
0.964417728645147,4.27660879330384,0.746294653999543,1,"Wdr24","Cd74",0.2,0.04
0.964417728645147,4.27660879330384,0.746294653999543,1,"B230354K17Rik","Cd74",0.2,0.04
0.964417728645147,4.27660879330384,0.746294653999543,1,"Fbxl17","Cd74",0.2,0.04
0.964417728645147,4.27660879330384,0.746294653999543,1,"Srbd1","Cd74",0.2,0.04
0.964417728645147,4.27660879330384,0.746294653999543,1,"Grpel2","Cd74",0.2,0.04
0.964417728645147,4.27660879330384,0.746294653999543,1,"Cstf2t","Cd74",0.2,0.04
0.964417728645147,4.27660879330384,0.746294653999543,1,"Fra10ac1","Cd74",0.2,0.04
0.964417728645147,4.27660879330384,0.746294653999543,1,"Btrc","Cd74",0.2,0.04
0.815933355893043,4.36415022970023,0.746294653999543,1,"Hs6st1","Cd74",0.2,0.04
0.815933355893043,4.36415022970023,0.746294653999543,1,"Pikfyve","Cd74",0.2,0.04
0.815933355893043,4.36415022970023,0.746294653999543,1,"Smarcal1","Cd74",0.2,0.04
0.815933355893043,4.36415022970023,0.746294653999543,1,"Atg16l1","Cd74",0.2,0.04
0.815933355893043,4.36415022970023,0.746294653999543,1,"Gin1","Cd74",0.2,0.04
0.815933355893043,4.36415022970023,0.746294653999543,1,"Flvcr1","Cd74",0.2,0.04
0.815933355893043,4.36415022970023,0.746294653999543,1,"Fbxw5","Cd74",0.2,0.04
0.815933355893043,4.36415022970023,0.746294653999543,1,"Lrrc8a","Cd74",0.2,0.04
0.815933355893043,4.36415022970023,0.746294653999543,1,"Prickle3","Cd74",0.2,0.04
0.815933355893043,4.36415022970023,0.746294653999543,1,"Ftsj1","Cd74",0.2,0.04
0.815933355893043,4.36415022970023,0.746294653999543,1,"Prps2","Cd74",0.2,0.04
0.815933355893043,4.36415022970023,0.746294653999543,1,"Ttf2","Cd74",0.2,0.04
0.815933355893043,4.36415022970023,0.746294653999543,1,"Cyb561d1","Cd74",0.2,0.04
0.815933355893043,4.36415022970023,0.746294653999543,1,"Dhrs3","Cd74",0.2,0.04
0.815933355893043,4.36415022970023,0.746294653999543,1,"Icmt","Cd74",0.2,0.04
0.815933355893043,4.36415022970023,0.746294653999543,1,"Hectd4","Cd74",0.2,0.04
0.815933355893043,4.36415022970023,0.746294653999543,1,"Agk","Cd74",0.2,0.04
0.815933355893043,4.36415022970023,0.746294653999543,1,"Dok1","Cd74",0.2,0.04
0.815933355893043,4.36415022970023,0.746294653999543,1,"Tatdn2","Cd74",0.2,0.04
0.815933355893043,4.36415022970023,0.746294653999543,1,"Fbxo46","Cd74",0.2,0.04
0.815933355893043,4.36415022970023,0.746294653999543,1,"Arap1","Cd74",0.2,0.04
0.815933355893043,4.36415022970023,0.746294653999543,1,"D430042O09Rik","Cd74",0.2,0.04
0.815933355893043,4.36415022970023,0.746294653999543,1,"Mcu","Cd74",0.2,0.04
0.815933355893043,4.36415022970023,0.746294653999543,1,"Prdm4","Cd74",0.2,0.04
0.815933355893043,4.36415022970023,0.746294653999543,1,"E2f7","Cd74",0.2,0.04
0.815933355893043,4.36415022970023,0.746294653999543,1,"Helb","Cd74",0.2,0.04
0.815933355893043,4.36415022970023,0.746294653999543,1,"Shmt2","Cd74",0.2,0.04
0.815933355893043,4.36415022970023,0.746294653999543,1,"Sntb2","Cd74",0.2,0.04
0.815933355893043,4.36415022970023,0.746294653999543,1,"Gnpnat1","Cd74",0.2,0.04
0.815933355893043,4.36415022970023,0.746294653999543,1,"Cgrrf1","Cd74",0.2,0.04
0.815933355893043,4.36415022970023,0.746294653999543,1,"Timm29","Cd74",0.2,0.04
0.815933355893043,4.36415022970023,0.746294653999543,1,"Tbcel","Cd74",0.2,0.04
0.815933355893043,4.36415022970023,0.746294653999543,1,"Thoc5","Cd74",0.2,0.04
0.815933355893043,4.36415022970023,0.746294653999543,1,"Lig3","Cd74",0.2,0.04
0.815933355893043,4.36415022970023,0.746294653999543,1,"Bahcc1","Cd74",0.2,0.04
0.815933355893043,4.36415022970023,0.746294653999543,1,"Narf","Cd74",0.2,0.04
0.815933355893043,4.36415022970023,0.746294653999543,1,"Zfp346","Cd74",0.2,0.04
0.815933355893043,4.36415022970023,0.746294653999543,1,"Rgs14","Cd74",0.2,0.04
0.815933355893043,4.36415022970023,0.746294653999543,1,"2010111I01Rik","Cd74",0.2,0.04
0.815933355893043,4.36415022970023,0.746294653999543,1,"Daam1","Cd74",0.2,0.04
0.815933355893043,4.36415022970023,0.746294653999543,1,"Traf3","Cd74",0.2,0.04
0.815933355893043,4.36415022970023,0.746294653999543,1,"Letmd1","Cd74",0.2,0.04
0.815933355893043,4.36415022970023,0.746294653999543,1,"Pcyox1l","Cd74",0.2,0.04
0.815933355893043,4.36415022970023,0.746294653999543,1,"Nudt8.1","Cd74",0.2,0.04
0.815933355893043,4.36415022970023,0.746294653999543,1,"Scyl1","Cd74",0.2,0.04
0.68131518255265,4.44615241113372,0.746294653999543,1,"Insig2","Cd74",0.2,0.04
0.68131518255265,4.44615241113372,0.746294653999543,1,"Hlx","Cd74",0.2,0.04
0.68131518255265,4.44615241113372,0.746294653999543,1,"Nacc2","Cd74",0.2,0.04
0.68131518255265,4.44615241113372,0.746294653999543,1,"Apool","Cd74",0.2,0.04
0.68131518255265,4.44615241113372,0.746294653999543,1,"Phf8","Cd74",0.2,0.04
0.68131518255265,4.44615241113372,0.746294653999543,1,"Gpr89","Cd74",0.2,0.04
0.68131518255265,4.44615241113372,0.746294653999543,1,"Glipr2","Cd74",0.2,0.04
0.68131518255265,4.44615241113372,0.746294653999543,1,"Cntln","Cd74",0.2,0.04
0.68131518255265,4.44615241113372,0.746294653999543,1,"Haus6","Cd74",0.2,0.04
0.68131518255265,4.44615241113372,0.746294653999543,1,"Zdhhc18","Cd74",0.2,0.04
0.68131518255265,4.44615241113372,0.746294653999543,1,"Ski","Cd74",0.2,0.04
0.68131518255265,4.44615241113372,0.746294653999543,1,"Plekhn1","Cd74",0.2,0.04
0.68131518255265,4.44615241113372,0.746294653999543,1,"Fam126a","Cd74",0.2,0.04
0.68131518255265,4.44615241113372,0.746294653999543,1,"Mpv17","Cd74",0.2,0.04
0.68131518255265,4.44615241113372,0.746294653999543,1,"C1galt1","Cd74",0.2,0.04
0.68131518255265,4.44615241113372,0.746294653999543,1,"Aak1","Cd74",0.2,0.04
0.68131518255265,4.44615241113372,0.746294653999543,1,"Uba3","Cd74",0.2,0.04
0.68131518255265,4.44615241113372,0.746294653999543,1,"Camk1","Cd74",0.2,0.04
0.68131518255265,4.44615241113372,0.746294653999543,1,"Ankrd26","Cd74",0.2,0.04
0.68131518255265,4.44615241113372,0.746294653999543,1,"Pyroxd1","Cd74",0.2,0.04
0.68131518255265,4.44615241113372,0.746294653999543,1,"Tm7sf3","Cd74",0.2,0.04
0.68131518255265,4.44615241113372,0.746294653999543,1,"Sergef","Cd74",0.2,0.04
0.68131518255265,4.44615241113372,0.746294653999543,1,"1600010M07Rik","Cd74",0.2,0.04
0.68131518255265,4.44615241113372,0.746294653999543,1,"Ilvbl","Cd74",0.2,0.04
0.68131518255265,4.44615241113372,0.746294653999543,1,"Lmnb2","Cd74",0.2,0.04
0.68131518255265,4.44615241113372,0.746294653999543,1,"Sirt6","Cd74",0.2,0.04
0.68131518255265,4.44615241113372,0.746294653999543,1,"Pym1","Cd74",0.2,0.04
0.68131518255265,4.44615241113372,0.746294653999543,1,"Mcph1","Cd74",0.2,0.04
0.68131518255265,4.44615241113372,0.746294653999543,1,"Gpat4","Cd74",0.2,0.04
0.68131518255265,4.44615241113372,0.746294653999543,1,"Zdhhc7","Cd74",0.2,0.04
0.68131518255265,4.44615241113372,0.746294653999543,1,"Ntpcr","Cd74",0.2,0.04
0.68131518255265,4.44615241113372,0.746294653999543,1,"Atm","Cd74",0.2,0.04
0.68131518255265,4.44615241113372,0.746294653999543,1,"Adam19","Cd74",0.2,0.04
0.68131518255265,4.44615241113372,0.746294653999543,1,"Atpaf2","Cd74",0.2,0.04
0.68131518255265,4.44615241113372,0.746294653999543,1,"Cpd","Cd74",0.2,0.04
0.68131518255265,4.44615241113372,0.746294653999543,1,"Cbx8","Cd74",0.2,0.04
0.68131518255265,4.44615241113372,0.746294653999543,1,"E2f6","Cd74",0.2,0.04
0.68131518255265,4.44615241113372,0.746294653999543,1,"Nrde2","Cd74",0.2,0.04
0.68131518255265,4.44615241113372,0.746294653999543,1,"Cbx6","Cd74",0.2,0.04
0.68131518255265,4.44615241113372,0.746294653999543,1,"Sco2","Cd74",0.2,0.04
0.68131518255265,4.44615241113372,0.746294653999543,1,"Hira","Cd74",0.2,0.04
0.68131518255265,4.44615241113372,0.746294653999543,1,"Dvl3","Cd74",0.2,0.04
0.68131518255265,4.44615241113372,0.746294653999543,1,"Tbp","Cd74",0.2,0.04
0.68131518255265,4.44615241113372,0.746294653999543,1,"Tsc2","Cd74",0.2,0.04
0.68131518255265,4.44615241113372,0.746294653999543,1,"Uty","Cd74",0.2,0.04
0.68131518255265,4.44615241113372,0.746294653999543,1,"Snx15","Cd74",0.2,0.04
0.197267482307262,7.53993555415428,0.749509435849234,1,"Ndufb4","Cd74",0.2,0.04
-0.280517099474194,7.20216825499693,0.750590291317458,1,"Eid1","Cd74",0.2,0.04
-0.267124579573283,7.19284373638217,0.750590291317458,1,"Dctn3","Cd74",0.2,0.04
-0.253606571261815,7.18344204863016,0.750590291317458,1,"Paip2","Cd74",0.2,0.04
-0.219867615959181,7.89408956955179,0.752100234693611,1,"Smc1a","Cd74",0.2,0.04
0.17108621113339,8.35602049044292,0.754781828583843,1,"Ighm","Cd74",0.2,0.04
-0.23028739969386,7.6312225166871,0.758208617179182,1,"Rer1","Cd74",0.2,0.04
-0.23028739969386,7.6312225166871,0.758208617179182,1,"Hnrnpm","Cd74",0.2,0.04
-0.325198150135298,6.7492916554061,0.758366091697645,1,"Selenot","Cd74",0.2,0.04
-0.325198150135298,6.7492916554061,0.758366091697645,1,"Prkar2a","Cd74",0.2,0.04
-0.325198150135298,6.7492916554061,0.758366091697645,1,"Nubp1","Cd74",0.2,0.04
-0.306636294665449,6.73595857773,0.758366091697645,1,"Mrpl34","Cd74",0.2,0.04
-0.306636294665449,6.73595857773,0.758366091697645,1,"Ccdc50","Cd74",0.2,0.04
-0.306636294665449,6.73595857773,0.758366091697645,1,"Polr2g","Cd74",0.2,0.04
0.276472390454382,6.67552179652008,0.758366091697646,1,"N4bp2l2","Cd74",0.2,0.04
0.276472390454382,6.67552179652008,0.758366091697646,1,"Cfdp1","Cd74",0.2,0.04
0.276472390454382,6.67552179652008,0.758366091697646,1,"Rab1a","Cd74",0.2,0.04
0.254850386875895,6.69002923118248,0.758366091697646,1,"Pglyrp1","Cd74",0.2,0.04
0.151715330627237,9.17154441254603,0.760324206310687,1,"Slc25a5","Cd74",0.2,0.04
0.222413200472279,7.22904143186419,0.761409793051511,1,"Stk38","Cd74",0.2,0.04
0.207946304102303,7.23839975750477,0.761409793051511,1,"Sltm","Cd74",0.2,0.04
0.16886017332677,7.94538149139495,0.762590863935878,1,"Sdcbp","Cd74",0.2,0.04
-0.20938483180484,7.96692950726142,0.762590863935878,1,"Tax1bp1","Cd74",0.2,0.04
-0.154348564545219,8.94669160966268,0.763919264650494,1,"Hnrnpu","Cd74",0.2,0.04
-0.246231275065508,7.30915870330804,0.766468767346333,1,"Cacybp","Cd74",0.2,0.04
-0.430812328258908,6.08384835334154,0.769086521859395,1,"Timm17a","Cd74",0.2,0.04
-0.430812328258908,6.08384835334154,0.769086521859395,1,"4933434E20Rik","Cd74",0.2,0.04
-0.430812328258908,6.08384835334154,0.769086521859395,1,"Pnrc2","Cd74",0.2,0.04
-0.430812328258908,6.08384835334154,0.769086521859395,1,"Vta1","Cd74",0.2,0.04
-0.430812328258908,6.08384835334154,0.769086521859395,1,"Trim27","Cd74",0.2,0.04
-0.400581706606608,6.0614088101074,0.769086521859395,1,"BC005624","Cd74",0.2,0.04
-0.400581706606608,6.0614088101074,0.769086521859395,1,"Snrnp200","Cd74",0.2,0.04
-0.400581706606608,6.0614088101074,0.769086521859395,1,"Ddx27","Cd74",0.2,0.04
-0.400581706606608,6.0614088101074,0.769086521859395,1,"Rbm10","Cd74",0.2,0.04
-0.400581706606608,6.0614088101074,0.769086521859395,1,"Ercc6l","Cd74",0.2,0.04
-0.400581706606608,6.0614088101074,0.769086521859395,1,"Pias1","Cd74",0.2,0.04
-0.400581706606608,6.0614088101074,0.769086521859395,1,"Ddx42","Cd74",0.2,0.04
-0.400581706606608,6.0614088101074,0.769086521859395,1,"Mrps7","Cd74",0.2,0.04
-0.369704041843214,6.03853707929641,0.769086521859395,1,"Faf1","Cd74",0.2,0.04
-0.369704041843214,6.03853707929641,0.769086521859395,1,"Rfwd3","Cd74",0.2,0.04
-0.369704041843214,6.03853707929641,0.769086521859395,1,"Parp2","Cd74",0.2,0.04
-0.369704041843214,6.03853707929641,0.769086521859395,1,"Kansl1","Cd74",0.2,0.04
-0.369704041843214,6.03853707929641,0.769086521859395,1,"Mta2","Cd74",0.2,0.04
-0.165764291081412,8.83381333730526,0.769976921525989,1,"Cox7a2l","Cd74",0.2,0.04
-0.185006059105782,8.02663350317334,0.77222944937381,1,"Ndufc2","Cd74",0.2,0.04
-0.147671401500807,9.01735932560955,0.774179567263057,1,"Arf5","Cd74",0.2,0.04
0.444757382474052,4.59600223355485,0.775535270148748,1,"Vav2","Cd74",0.2,0.04
0.444757382474052,4.59600223355485,0.775535270148748,1,"Pcmtd2","Cd74",0.2,0.04
0.444757382474052,4.59600223355485,0.775535270148748,1,"Mid1ip1","Cd74",0.2,0.04
0.444757382474052,4.59600223355485,0.775535270148748,1,"Kantr","Cd74",0.2,0.04
0.444757382474052,4.59600223355485,0.775535270148748,1,"Dph5","Cd74",0.2,0.04
0.444757382474052,4.59600223355485,0.775535270148748,1,"Manba","Cd74",0.2,0.04
0.444757382474052,4.59600223355485,0.775535270148748,1,"Oma1","Cd74",0.2,0.04
0.444757382474052,4.59600223355485,0.775535270148748,1,"Pomgnt1","Cd74",0.2,0.04
0.444757382474052,4.59600223355485,0.775535270148748,1,"Trit1","Cd74",0.2,0.04
0.444757382474052,4.59600223355485,0.775535270148748,1,"Ago1","Cd74",0.2,0.04
0.444757382474052,4.59600223355485,0.775535270148748,1,"Rbm47","Cd74",0.2,0.04
0.444757382474052,4.59600223355485,0.775535270148748,1,"Gtpbp6","Cd74",0.2,0.04
0.444757382474052,4.59600223355485,0.775535270148748,1,"Rras","Cd74",0.2,0.04
0.444757382474052,4.59600223355485,0.775535270148748,1,"Ppme1","Cd74",0.2,0.04
0.444757382474052,4.59600223355485,0.775535270148748,1,"Cep85l","Cd74",0.2,0.04
0.444757382474052,4.59600223355485,0.775535270148748,1,"Bag4","Cd74",0.2,0.04
0.444757382474052,4.59600223355485,0.775535270148748,1,"Pdp2","Cd74",0.2,0.04
0.444757382474052,4.59600223355485,0.775535270148748,1,"Zfp90","Cd74",0.2,0.04
0.444757382474052,4.59600223355485,0.775535270148748,1,"Klhdc4","Cd74",0.2,0.04
0.444757382474052,4.59600223355485,0.775535270148748,1,"Xpo4","Cd74",0.2,0.04
0.444757382474052,4.59600223355485,0.775535270148748,1,"Msra","Cd74",0.2,0.04
0.444757382474052,4.59600223355485,0.775535270148748,1,"Rpusd4","Cd74",0.2,0.04
0.444757382474052,4.59600223355485,0.775535270148748,1,"Hinfp","Cd74",0.2,0.04
0.444757382474052,4.59600223355485,0.775535270148748,1,"Dpagt1","Cd74",0.2,0.04
0.444757382474052,4.59600223355485,0.775535270148748,1,"Rnf123","Cd74",0.2,0.04
0.444757382474052,4.59600223355485,0.775535270148748,1,"Ccdc71","Cd74",0.2,0.04
0.444757382474052,4.59600223355485,0.775535270148748,1,"Gpd1l","Cd74",0.2,0.04
0.444757382474052,4.59600223355485,0.775535270148748,1,"Tmub2","Cd74",0.2,0.04
0.444757382474052,4.59600223355485,0.775535270148748,1,"Rnf157","Cd74",0.2,0.04
0.444757382474052,4.59600223355485,0.775535270148748,1,"Lysmd3","Cd74",0.2,0.04
0.444757382474052,4.59600223355485,0.775535270148748,1,"Rdh14","Cd74",0.2,0.04
0.444757382474052,4.59600223355485,0.775535270148748,1,"Tab1","Cd74",0.2,0.04
0.444757382474052,4.59600223355485,0.775535270148748,1,"L3mbtl2","Cd74",0.2,0.04
0.444757382474052,4.59600223355485,0.775535270148748,1,"1810013L24Rik","Cd74",0.2,0.04
0.444757382474052,4.59600223355485,0.775535270148748,1,"Zfp608","Cd74",0.2,0.04
0.444757382474052,4.59600223355485,0.775535270148748,1,"Mex3c","Cd74",0.2,0.04
0.444757382474052,4.59600223355485,0.775535270148748,1,"Zdhhc16","Cd74",0.2,0.04
0.444757382474052,4.59600223355485,0.775535270148748,1,"Mms19","Cd74",0.2,0.04
0.444757382474052,4.59600223355485,0.775535270148748,1,"Hif1an","Cd74",0.2,0.04
0.444757382474052,4.59600223355485,0.775535270148748,1,"As3mt","Cd74",0.2,0.04
-1.00000276304072,4.80437407911538,0.775535270148749,1,"Kifap3","Cd74",0.2,0.04
-1.00000276304072,4.80437407911538,0.775535270148749,1,"Nsl1","Cd74",0.2,0.04
-1.00000276304072,4.80437407911538,0.775535270148749,1,"Pdcl","Cd74",0.2,0.04
-1.00000276304072,4.80437407911538,0.775535270148749,1,"Traf6","Cd74",0.2,0.04
-1.00000276304072,4.80437407911538,0.775535270148749,1,"Acot8","Cd74",0.2,0.04
-1.00000276304072,4.80437407911538,0.775535270148749,1,"Dcaf10","Cd74",0.2,0.04
-1.00000276304072,4.80437407911538,0.775535270148749,1,"Epb41","Cd74",0.2,0.04
-1.00000276304072,4.80437407911538,0.775535270148749,1,"Enoph1","Cd74",0.2,0.04
-1.00000276304072,4.80437407911538,0.775535270148749,1,"Wipi2","Cd74",0.2,0.04
-1.00000276304072,4.80437407911538,0.775535270148749,1,"Ccdc61","Cd74",0.2,0.04
-1.00000276304072,4.80437407911538,0.775535270148749,1,"Xrcc1","Cd74",0.2,0.04
-1.00000276304072,4.80437407911538,0.775535270148749,1,"Saal1","Cd74",0.2,0.04
-1.00000276304072,4.80437407911538,0.775535270148749,1,"Zfp592","Cd74",0.2,0.04
-1.00000276304072,4.80437407911538,0.775535270148749,1,"Mcm9","Cd74",0.2,0.04
-1.00000276304072,4.80437407911538,0.775535270148749,1,"Timeless","Cd74",0.2,0.04
-1.00000276304072,4.80437407911538,0.775535270148749,1,"Rab11fip1","Cd74",0.2,0.04
-1.00000276304072,4.80437407911538,0.775535270148749,1,"Ing2","Cd74",0.2,0.04
-1.00000276304072,4.80437407911538,0.775535270148749,1,"Vac14","Cd74",0.2,0.04
-1.00000276304072,4.80437407911538,0.775535270148749,1,"Ddx19a","Cd74",0.2,0.04
-1.00000276304072,4.80437407911538,0.775535270148749,1,"Kat6b","Cd74",0.2,0.04
-1.00000276304072,4.80437407911538,0.775535270148749,1,"Slc7a7","Cd74",0.2,0.04
-1.00000276304072,4.80437407911538,0.775535270148749,1,"Lrrc1","Cd74",0.2,0.04
-1.00000276304072,4.80437407911538,0.775535270148749,1,"Cep70","Cd74",0.2,0.04
-1.00000276304072,4.80437407911538,0.775535270148749,1,"Morc2a","Cd74",0.2,0.04
-1.00000276304072,4.80437407911538,0.775535270148749,1,"Ddx56","Cd74",0.2,0.04
-1.00000276304072,4.80437407911538,0.775535270148749,1,"Ttc19","Cd74",0.2,0.04
-1.00000276304072,4.80437407911538,0.775535270148749,1,"Strada","Cd74",0.2,0.04
-1.00000276304072,4.80437407911538,0.775535270148749,1,"Smurf2","Cd74",0.2,0.04
-1.00000276304072,4.80437407911538,0.775535270148749,1,"Cbll1","Cd74",0.2,0.04
-1.00000276304072,4.80437407911538,0.775535270148749,1,"Rps6ka5","Cd74",0.2,0.04
-1.00000276304072,4.80437407911538,0.775535270148749,1,"Ccnk","Cd74",0.2,0.04
-1.00000276304072,4.80437407911538,0.775535270148749,1,"Cdca7l","Cd74",0.2,0.04
-1.00000276304072,4.80437407911538,0.775535270148749,1,"Rnf139","Cd74",0.2,0.04
-1.00000276304072,4.80437407911538,0.775535270148749,1,"Washc5","Cd74",0.2,0.04
-1.00000276304072,4.80437407911538,0.775535270148749,1,"Smarcd1","Cd74",0.2,0.04
-1.00000276304072,4.80437407911538,0.775535270148749,1,"Usf3","Cd74",0.2,0.04
-1.00000276304072,4.80437407911538,0.775535270148749,1,"Telo2","Cd74",0.2,0.04
-1.00000276304072,4.80437407911538,0.775535270148749,1,"Rrp36","Cd74",0.2,0.04
-1.00000276304072,4.80437407911538,0.775535270148749,1,"Kat2b","Cd74",0.2,0.04
-1.00000276304072,4.80437407911538,0.775535270148749,1,"Ccny","Cd74",0.2,0.04
-1.00000276304072,4.80437407911538,0.775535270148749,1,"Zadh2","Cd74",0.2,0.04
-1.00000276304072,4.80437407911538,0.775535270148749,1,"Rfk","Cd74",0.2,0.04
-0.918586625626166,4.74468312577112,0.775535270148749,1,"Maip1","Cd74",0.2,0.04
-0.918586625626166,4.74468312577112,0.775535270148749,1,"B4galt3","Cd74",0.2,0.04
-0.918586625626166,4.74468312577112,0.775535270148749,1,"Dedd","Cd74",0.2,0.04
-0.918586625626166,4.74468312577112,0.775535270148749,1,"Rab3gap2","Cd74",0.2,0.04
-0.918586625626166,4.74468312577112,0.775535270148749,1,"Spaca9","Cd74",0.2,0.04
-0.918586625626166,4.74468312577112,0.775535270148749,1,"Gpr107","Cd74",0.2,0.04
-0.918586625626166,4.74468312577112,0.775535270148749,1,"Pkp4","Cd74",0.2,0.04
-0.918586625626166,4.74468312577112,0.775535270148749,1,"Trp53i11","Cd74",0.2,0.04
-0.918586625626166,4.74468312577112,0.775535270148749,1,"Chchd5","Cd74",0.2,0.04
-0.918586625626166,4.74468312577112,0.775535270148749,1,"Dtd1","Cd74",0.2,0.04
-0.918586625626166,4.74468312577112,0.775535270148749,1,"Ralgapb","Cd74",0.2,0.04
-0.918586625626166,4.74468312577112,0.775535270148749,1,"Tmem29","Cd74",0.2,0.04
-0.918586625626166,4.74468312577112,0.775535270148749,1,"Car1","Cd74",0.2,0.04
-0.918586625626166,4.74468312577112,0.775535270148749,1,"Nceh1","Cd74",0.2,0.04
-0.918586625626166,4.74468312577112,0.775535270148749,1,"Tsc22d2","Cd74",0.2,0.04
-0.918586625626166,4.74468312577112,0.775535270148749,1,"Golph3l","Cd74",0.2,0.04
-0.918586625626166,4.74468312577112,0.775535270148749,1,"Wdr77","Cd74",0.2,0.04
-0.918586625626166,4.74468312577112,0.775535270148749,1,"Dbt","Cd74",0.2,0.04
-0.918586625626166,4.74468312577112,0.775535270148749,1,"Orc3","Cd74",0.2,0.04
-0.918586625626166,4.74468312577112,0.775535270148749,1,"Snx30","Cd74",0.2,0.04
-0.918586625626166,4.74468312577112,0.775535270148749,1,"Cdk5rap2","Cd74",0.2,0.04
-0.918586625626166,4.74468312577112,0.775535270148749,1,"Ttc4","Cd74",0.2,0.04
-0.918586625626166,4.74468312577112,0.775535270148749,1,"Snip1","Cd74",0.2,0.04
-0.918586625626166,4.74468312577112,0.775535270148749,1,"Zmym4","Cd74",0.2,0.04
-0.918586625626166,4.74468312577112,0.775535270148749,1,"Mad2l2","Cd74",0.2,0.04
-0.918586625626166,4.74468312577112,0.775535270148749,1,"Tnfrsf18","Cd74",0.2,0.04
-0.918586625626166,4.74468312577112,0.775535270148749,1,"Cad","Cd74",0.2,0.04
-0.918586625626166,4.74468312577112,0.775535270148749,1,"Ccdc18","Cd74",0.2,0.04
-0.918586625626166,4.74468312577112,0.775535270148749,1,"Casd1","Cd74",0.2,0.04
-0.918586625626166,4.74468312577112,0.775535270148749,1,"Gm37494","Cd74",0.2,0.04
-0.918586625626166,4.74468312577112,0.775535270148749,1,"Tmem80","Cd74",0.2,0.04
-0.918586625626166,4.74468312577112,0.775535270148749,1,"Pias4","Cd74",0.2,0.04
-0.918586625626166,4.74468312577112,0.775535270148749,1,"D10Wsu102e","Cd74",0.2,0.04
-0.918586625626166,4.74468312577112,0.775535270148749,1,"Erlin2","Cd74",0.2,0.04
-0.918586625626166,4.74468312577112,0.775535270148749,1,"Cdkn2aip","Cd74",0.2,0.04
-0.918586625626166,4.74468312577112,0.775535270148749,1,"Klhl2","Cd74",0.2,0.04
-0.918586625626166,4.74468312577112,0.775535270148749,1,"Pxk","Cd74",0.2,0.04
-0.918586625626166,4.74468312577112,0.775535270148749,1,"Fam149b","Cd74",0.2,0.04
-0.918586625626166,4.74468312577112,0.775535270148749,1,"Emc9","Cd74",0.2,0.04
-0.918586625626166,4.74468312577112,0.775535270148749,1,"Slc25a30","Cd74",0.2,0.04
-0.918586625626166,4.74468312577112,0.775535270148749,1,"Fam118b","Cd74",0.2,0.04
-0.918586625626166,4.74468312577112,0.775535270148749,1,"Fem1b","Cd74",0.2,0.04
-0.918586625626166,4.74468312577112,0.775535270148749,1,"Zbtb38","Cd74",0.2,0.04
-0.918586625626166,4.74468312577112,0.775535270148749,1,"Rrp9","Cd74",0.2,0.04
-0.918586625626166,4.74468312577112,0.775535270148749,1,"Oxsr1","Cd74",0.2,0.04
-0.918586625626166,4.74468312577112,0.775535270148749,1,"Tmem42","Cd74",0.2,0.04
-0.918586625626166,4.74468312577112,0.775535270148749,1,"Ahsa2","Cd74",0.2,0.04
-0.918586625626166,4.74468312577112,0.775535270148749,1,"Mapk7","Cd74",0.2,0.04
-0.918586625626166,4.74468312577112,0.775535270148749,1,"Ctc1","Cd74",0.2,0.04
-0.918586625626166,4.74468312577112,0.775535270148749,1,"Lrrc45","Cd74",0.2,0.04
-0.918586625626166,4.74468312577112,0.775535270148749,1,"Ggps1","Cd74",0.2,0.04
-0.918586625626166,4.74468312577112,0.775535270148749,1,"Hist1h2bj","Cd74",0.2,0.04
-0.918586625626166,4.74468312577112,0.775535270148749,1,"Hbp1","Cd74",0.2,0.04
-0.918586625626166,4.74468312577112,0.775535270148749,1,"Mbip","Cd74",0.2,0.04
-0.918586625626166,4.74468312577112,0.775535270148749,1,"Med6","Cd74",0.2,0.04
-0.918586625626166,4.74468312577112,0.775535270148749,1,"Cluap1","Cd74",0.2,0.04
-0.918586625626166,4.74468312577112,0.775535270148749,1,"Rnaset2b","Cd74",0.2,0.04
-0.918586625626166,4.74468312577112,0.775535270148749,1,"Fam120b","Cd74",0.2,0.04
-0.918586625626166,4.74468312577112,0.775535270148749,1,"Mettl26","Cd74",0.2,0.04
-0.918586625626166,4.74468312577112,0.775535270148749,1,"Tpgs2","Cd74",0.2,0.04
-0.918586625626166,4.74468312577112,0.775535270148749,1,"Ints5.1","Cd74",0.2,0.04
-0.918586625626166,4.74468312577112,0.775535270148749,1,"B3gat3","Cd74",0.2,0.04
-0.918586625626166,4.74468312577112,0.775535270148749,1,"Nt5c2","Cd74",0.2,0.04
-0.290314733743525,6.90494855174973,0.778281779821083,1,"Marc2","Cd74",0.2,0.04
-0.290314733743525,6.90494855174973,0.778281779821083,1,"Esyt1","Cd74",0.2,0.04
-0.273679210506929,6.89314269476712,0.778281779821083,1,"Ap3s1","Cd74",0.2,0.04
-0.256849625403902,6.88121364281359,0.778281779821083,1,"Coro1b","Cd74",0.2,0.04
0.225182140812552,6.85736124642864,0.778281779821083,1,"Gls","Cd74",0.2,0.04
0.225182140812552,6.85736124642864,0.778281779821083,1,"Cited2","Cd74",0.2,0.04
0.342811348375969,6.0696790859169,0.77913418111393,1,"Aftph","Cd74",0.2,0.04
0.342811348375969,6.0696790859169,0.77913418111393,1,"Klhl24","Cd74",0.2,0.04
0.342811348375969,6.0696790859169,0.77913418111393,1,"Mark2","Cd74",0.2,0.04
0.309042582944253,6.09290962294019,0.77913418111393,1,"Mrpl41","Cd74",0.2,0.04
0.309042582944253,6.09290962294019,0.77913418111393,1,"Rps6ka3","Cd74",0.2,0.04
0.309042582944253,6.09290962294019,0.77913418111393,1,"Atp6v0a2","Cd74",0.2,0.04
0.309042582944253,6.09290962294019,0.77913418111393,1,"Cnot7","Cd74",0.2,0.04
0.309042582944253,6.09290962294019,0.77913418111393,1,"Ier2","Cd74",0.2,0.04
0.309042582944253,6.09290962294019,0.77913418111393,1,"Eci2","Cd74",0.2,0.04
0.309042582944253,6.09290962294019,0.77913418111393,1,"Prkd3","Cd74",0.2,0.04
-0.22857856793044,7.41690644192418,0.780415987621102,1,"Dynlrb1","Cd74",0.2,0.04
-0.217011471871793,7.40902217453663,0.780415987621102,1,"Ostc","Cd74",0.2,0.04
0.151622118745106,8.08586897264759,0.78111572653383,1,"Sept7","Cd74",0.2,0.04
0.200345162007577,7.44621740664582,0.788810734777794,1,"Sgk3","Cd74",0.2,0.04
0.187985278718985,7.45408599055248,0.788810734777794,1,"Smarca5","Cd74",0.2,0.04
0.175730386404244,7.46189894615652,0.788810734777794,1,"Psmc3","Cd74",0.2,0.04
-0.183597598535311,8.16592328937201,0.789334458762008,1,"Krtcap2","Cd74",0.2,0.04
-0.18674353456414,7.87233671940688,0.790853435916146,1,"Ass1","Cd74",0.2,0.04
-0.140870756532828,8.6415105893959,0.791083908509811,1,"Srsf2","Cd74",0.2,0.04
-0.213465719318281,7.51725839815247,0.792768502144948,1,"Cdk2ap2","Cd74",0.2,0.04
-0.202677124594561,7.50997251200443,0.792768502144948,1,"Bcl11a","Cd74",0.2,0.04
-0.129801130216745,9.81961750081249,0.793164108170507,1,"Ccr2","Cd74",0.2,0.04
-0.12956685013163,9.73417547685774,0.794010103982572,1,"Hnrnpa2b1","Cd74",0.2,0.04
-0.114666243084049,11.2096073355675,0.794643429375736,1,"Cd52","Cd74",0.2,0.04
-0.158843391862041,8.45057266602058,0.794746001075277,1,"Arf1","Cd74",0.2,0.04
-0.158843391862041,8.45057266602058,0.794746001075277,1,"Srrm2","Cd74",0.2,0.04
0.235601678791159,6.98442291942312,0.795068066217872,1,"Ezr","Cd74",0.2,0.04
0.201341834205693,7.00702602054832,0.795068066217872,1,"Ankrd44","Cd74",0.2,0.04
-0.262565366762013,7.0456307531295,0.795068066217873,1,"Mkrn1","Cd74",0.2,0.04
-0.262565366762013,7.0456307531295,0.795068066217873,1,"Ppp2r5c","Cd74",0.2,0.04
-0.247493938778614,7.03505719829098,0.795068066217873,1,"Rtn3","Cd74",0.2,0.04
-0.247493938778614,7.03505719829098,0.795068066217873,1,"Incenp","Cd74",0.2,0.04
-0.232263400194177,7.02438447971321,0.795068066217873,1,"Nsd1","Cd74",0.2,0.04
-0.232263400194177,7.02438447971321,0.795068066217873,1,"Dpy30","Cd74",0.2,0.04
-0.357563437366521,6.32312792912435,0.796638000010697,1,"Copa","Cd74",0.2,0.04
-0.357563437366521,6.32312792912435,0.796638000010697,1,"Bud31","Cd74",0.2,0.04
-0.357563437366521,6.32312792912435,0.796638000010697,1,"Clec9a","Cd74",0.2,0.04
-0.357563437366521,6.32312792912435,0.796638000010697,1,"Vrk3","Cd74",0.2,0.04
-0.357563437366521,6.32312792912435,0.796638000010697,1,"Tfdp1","Cd74",0.2,0.04
-0.357563437366521,6.32312792912435,0.796638000010697,1,"Tubb2a","Cd74",0.2,0.04
-0.332129508185347,6.30447590411824,0.796638000010697,1,"Creb1","Cd74",0.2,0.04
-0.332129508185347,6.30447590411824,0.796638000010697,1,"Rab35","Cd74",0.2,0.04
-0.332129508185347,6.30447590411824,0.796638000010697,1,"Ap2b1","Cd74",0.2,0.04
-0.332129508185347,6.30447590411824,0.796638000010697,1,"Pik3r1","Cd74",0.2,0.04
-0.332129508185347,6.30447590411824,0.796638000010697,1,"Tspan13","Cd74",0.2,0.04
-0.306239133745519,6.28552201875791,0.796638000010697,1,"Ddx54","Cd74",0.2,0.04
-0.306239133745519,6.28552201875791,0.796638000010697,1,"Pdia4","Cd74",0.2,0.04
-0.306239133745519,6.28552201875791,0.796638000010697,1,"Zfp148","Cd74",0.2,0.04
-0.306239133745519,6.28552201875791,0.796638000010697,1,"H2-DMb2","Cd74",0.2,0.04
-0.306239133745519,6.28552201875791,0.796638000010697,1,"Bag6","Cd74",0.2,0.04
-0.114826793402183,10.751293194157,0.798035345952656,1,"Eef1b2","Cd74",0.2,0.04
-0.118257507000359,10.1113696792428,0.799233808225374,1,"Btf3","Cd74",0.2,0.04
-0.169905085890861,7.94119839290477,0.799851125829806,1,"Smc6","Cd74",0.2,0.04
-0.11386574617515,10.7827875494095,0.802127558278545,1,"Rps15","Cd74",0.2,0.04
0.285586286147286,6.32033526469386,0.80431916533537,1,"Lamtor3","Cd74",0.2,0.04
0.285586286147286,6.32033526469386,0.80431916533537,1,"Zfand5","Cd74",0.2,0.04
0.257693624864266,6.33944432073513,0.80431916533537,1,"Dhx36","Cd74",0.2,0.04
0.257693624864266,6.33944432073513,0.80431916533537,1,"Rnf115","Cd74",0.2,0.04
0.257693624864266,6.33944432073513,0.80431916533537,1,"Cit","Cd74",0.2,0.04
0.257693624864266,6.33944432073513,0.80431916533537,1,"Phf11b","Cd74",0.2,0.04
0.257693624864266,6.33944432073513,0.80431916533537,1,"Fam120a","Cd74",0.2,0.04
0.257693624864266,6.33944432073513,0.80431916533537,1,"Glrx","Cd74",0.2,0.04
0.257693624864266,6.33944432073513,0.80431916533537,1,"Atf4","Cd74",0.2,0.04
-0.169916919757374,8.01686951968699,0.808103093449143,1,"Rgs2","Cd74",0.2,0.04
0.212715425935419,7.12215186975367,0.809425576420698,1,"Srsf6","Cd74",0.2,0.04
0.197156370179032,7.13232695486095,0.809425576420698,1,"Lrrfip1","Cd74",0.2,0.04
0.197156370179032,7.13232695486095,0.809425576420698,1,"Ube2e1","Cd74",0.2,0.04
-0.239960700616347,7.17396186183637,0.809425576420698,1,"Tmem160","Cd74",0.2,0.04
-0.239960700616347,7.17396186183637,0.809425576420698,1,"Mvb12a","Cd74",0.2,0.04
-0.239960700616347,7.17396186183637,0.809425576420698,1,"Dnaja2","Cd74",0.2,0.04
-0.226184525706708,7.16440181142253,0.809425576420698,1,"Ssu72","Cd74",0.2,0.04
-0.226184525706708,7.16440181142253,0.809425576420698,1,"Arhgap17","Cd74",0.2,0.04
-0.226184525706708,7.16440181142253,0.809425576420698,1,"Cnp","Cd74",0.2,0.04
-0.212275533973339,7.15476049693538,0.809425576420698,1,"Ptpa","Cd74",0.2,0.04
-0.212275533973339,7.15476049693538,0.809425576420698,1,"Ppp1r12a","Cd74",0.2,0.04
-0.212275533973339,7.15476049693538,0.809425576420698,1,"Sod1","Cd74",0.2,0.04
-0.106918660359635,10.8906854474435,0.809791145703737,1,"Gpx1","Cd74",0.2,0.04
-0.122308128710886,9.14100309484092,0.810143306381103,1,"Set","Cd74",0.2,0.04
0.162189797219304,7.64827015708815,0.810498125469918,1,"Tm6sf1","Cd74",0.2,0.04
0.162189797219304,7.64827015708815,0.810498125469918,1,"Nptn","Cd74",0.2,0.04
0.151560181543668,7.65495676778008,0.810498125469918,1,"Nop53","Cd74",0.2,0.04
0.135332997483361,8.03226487347498,0.810703906285015,1,"Cbx3","Cd74",0.2,0.04
-0.188940559165657,7.69939067053199,0.813681900703154,1,"Lamtor1","Cd74",0.2,0.04
-0.188940559165657,7.69939067053199,0.813681900703154,1,"Impdh2","Cd74",0.2,0.04
-0.123412151312156,9.17435846713705,0.813898215237659,1,"Ywhae","Cd74",0.2,0.04
0.561044110710173,5.0095444297801,0.815052944606036,1,"Kif21b","Cd74",0.2,0.04
0.561044110710173,5.0095444297801,0.815052944606036,1,"Taf3","Cd74",0.2,0.04
0.561044110710173,5.0095444297801,0.815052944606036,1,"Dcaf17","Cd74",0.2,0.04
0.561044110710173,5.0095444297801,0.815052944606036,1,"Ptprj","Cd74",0.2,0.04
0.561044110710173,5.0095444297801,0.815052944606036,1,"Mrgbp","Cd74",0.2,0.04
0.561044110710173,5.0095444297801,0.815052944606036,1,"Prpf6","Cd74",0.2,0.04
0.561044110710173,5.0095444297801,0.815052944606036,1,"Mpp1","Cd74",0.2,0.04
0.561044110710173,5.0095444297801,0.815052944606036,1,"Brwd3","Cd74",0.2,0.04
0.561044110710173,5.0095444297801,0.815052944606036,1,"Cnn3","Cd74",0.2,0.04
0.561044110710173,5.0095444297801,0.815052944606036,1,"Smarcad1","Cd74",0.2,0.04
0.561044110710173,5.0095444297801,0.815052944606036,1,"Gm44067","Cd74",0.2,0.04
0.561044110710173,5.0095444297801,0.815052944606036,1,"Cox6b2","Cd74",0.2,0.04
0.561044110710173,5.0095444297801,0.815052944606036,1,"Txnrd1","Cd74",0.2,0.04
0.561044110710173,5.0095444297801,0.815052944606036,1,"Prkaca","Cd74",0.2,0.04
0.561044110710173,5.0095444297801,0.815052944606036,1,"Cog8","Cd74",0.2,0.04
0.561044110710173,5.0095444297801,0.815052944606036,1,"Mettl6","Cd74",0.2,0.04
0.561044110710173,5.0095444297801,0.815052944606036,1,"Cep63","Cd74",0.2,0.04
0.561044110710173,5.0095444297801,0.815052944606036,1,"Acadvl","Cd74",0.2,0.04
0.561044110710173,5.0095444297801,0.815052944606036,1,"Tbcd","Cd74",0.2,0.04
0.561044110710173,5.0095444297801,0.815052944606036,1,"4833439L19Rik","Cd74",0.2,0.04
0.561044110710173,5.0095444297801,0.815052944606036,1,"Ubxn7","Cd74",0.2,0.04
0.561044110710173,5.0095444297801,0.815052944606036,1,"Mrpl39","Cd74",0.2,0.04
0.561044110710173,5.0095444297801,0.815052944606036,1,"Axin1","Cd74",0.2,0.04
0.561044110710173,5.0095444297801,0.815052944606036,1,"Vps52","Cd74",0.2,0.04
0.561044110710173,5.0095444297801,0.815052944606036,1,"Slc35b2","Cd74",0.2,0.04
0.561044110710173,5.0095444297801,0.815052944606036,1,"Ccs","Cd74",0.2,0.04
0.561044110710173,5.0095444297801,0.815052944606036,1,"Pola2","Cd74",0.2,0.04
0.561044110710173,5.0095444297801,0.815052944606036,1,"Btaf1","Cd74",0.2,0.04
0.483978157127486,5.06102850029676,0.815052944606036,1,"Klf7","Cd74",0.2,0.04
0.483978157127486,5.06102850029676,0.815052944606036,1,"Ikzf2","Cd74",0.2,0.04
0.483978157127486,5.06102850029676,0.815052944606036,1,"Nvl","Cd74",0.2,0.04
0.483978157127486,5.06102850029676,0.815052944606036,1,"Trmt6","Cd74",0.2,0.04
0.483978157127486,5.06102850029676,0.815052944606036,1,"Msl3","Cd74",0.2,0.04
0.483978157127486,5.06102850029676,0.815052944606036,1,"Ube2j1","Cd74",0.2,0.04
0.483978157127486,5.06102850029676,0.815052944606036,1,"Mrpl37","Cd74",0.2,0.04
0.483978157127486,5.06102850029676,0.815052944606036,1,"Tada3","Cd74",0.2,0.04
0.483978157127486,5.06102850029676,0.815052944606036,1,"Zfp524","Cd74",0.2,0.04
0.483978157127486,5.06102850029676,0.815052944606036,1,"Zfp296","Cd74",0.2,0.04
0.483978157127486,5.06102850029676,0.815052944606036,1,"Ppfia1","Cd74",0.2,0.04
0.483978157127486,5.06102850029676,0.815052944606036,1,"1600002K03Rik","Cd74",0.2,0.04
0.483978157127486,5.06102850029676,0.815052944606036,1,"Gcsh","Cd74",0.2,0.04
0.483978157127486,5.06102850029676,0.815052944606036,1,"Heatr6","Cd74",0.2,0.04
0.483978157127486,5.06102850029676,0.815052944606036,1,"Dhx8","Cd74",0.2,0.04
0.483978157127486,5.06102850029676,0.815052944606036,1,"Sap30bp","Cd74",0.2,0.04
0.483978157127486,5.06102850029676,0.815052944606036,1,"Slc38a10","Cd74",0.2,0.04
0.483978157127486,5.06102850029676,0.815052944606036,1,"Foxn3","Cd74",0.2,0.04
0.483978157127486,5.06102850029676,0.815052944606036,1,"Prkaa1","Cd74",0.2,0.04
0.483978157127486,5.06102850029676,0.815052944606036,1,"1110004E09Rik","Cd74",0.2,0.04
0.483978157127486,5.06102850029676,0.815052944606036,1,"1600012H06Rik","Cd74",0.2,0.04
0.483978157127486,5.06102850029676,0.815052944606036,1,"Dxo","Cd74",0.2,0.04
0.483978157127486,5.06102850029676,0.815052944606036,1,"Mapre2","Cd74",0.2,0.04
0.483978157127486,5.06102850029676,0.815052944606036,1,"Sac3d1","Cd74",0.2,0.04
0.483978157127486,5.06102850029676,0.815052944606036,1,"Stx3","Cd74",0.2,0.04
0.410820998405581,5.11046491143017,0.815052944606036,1,"Ppip5k2","Cd74",0.2,0.04
0.410820998405581,5.11046491143017,0.815052944606036,1,"St6galnac4","Cd74",0.2,0.04
0.410820998405581,5.11046491143017,0.815052944606036,1,"Fam98b","Cd74",0.2,0.04
0.410820998405581,5.11046491143017,0.815052944606036,1,"Smim26","Cd74",0.2,0.04
0.410820998405581,5.11046491143017,0.815052944606036,1,"Acsl4","Cd74",0.2,0.04
0.410820998405581,5.11046491143017,0.815052944606036,1,"Cc2d1b","Cd74",0.2,0.04
0.410820998405581,5.11046491143017,0.815052944606036,1,"Dtx2","Cd74",0.2,0.04
0.410820998405581,5.11046491143017,0.815052944606036,1,"Ints4","Cd74",0.2,0.04
0.410820998405581,5.11046491143017,0.815052944606036,1,"Cars2","Cd74",0.2,0.04
0.410820998405581,5.11046491143017,0.815052944606036,1,"Anapc10","Cd74",0.2,0.04
0.410820998405581,5.11046491143017,0.815052944606036,1,"Klhl18","Cd74",0.2,0.04
0.410820998405581,5.11046491143017,0.815052944606036,1,"Lztfl1","Cd74",0.2,0.04
0.410820998405581,5.11046491143017,0.815052944606036,1,"Acap1","Cd74",0.2,0.04
0.410820998405581,5.11046491143017,0.815052944606036,1,"Acyp1","Cd74",0.2,0.04
0.410820998405581,5.11046491143017,0.815052944606036,1,"Esyt2","Cd74",0.2,0.04
0.410820998405581,5.11046491143017,0.815052944606036,1,"Plxnb2","Cd74",0.2,0.04
0.410820998405581,5.11046491143017,0.815052944606036,1,"Dip2b","Cd74",0.2,0.04
0.410820998405581,5.11046491143017,0.815052944606036,1,"Cebpzos","Cd74",0.2,0.04
-0.119715546772028,8.847017343766,0.816577790304301,1,"Atp5j2","Cd74",0.2,0.04
0.123315487299283,9.03250366713513,0.817105477759875,1,"Uqcrh","Cd74",0.2,0.04
-0.306470685353869,6.52867058470215,0.817963138885021,1,"Aamp","Cd74",0.2,0.04
-0.306470685353869,6.52867058470215,0.817963138885021,1,"Trim12c","Cd74",0.2,0.04
-0.306470685353869,6.52867058470215,0.817963138885021,1,"Tmem219","Cd74",0.2,0.04
-0.306470685353869,6.52867058470215,0.817963138885021,1,"Sap18","Cd74",0.2,0.04
-0.306470685353869,6.52867058470215,0.817963138885021,1,"Tmod3","Cd74",0.2,0.04
-0.306470685353869,6.52867058470215,0.817963138885021,1,"Yipf4","Cd74",0.2,0.04
-0.306470685353869,6.52867058470215,0.817963138885021,1,"mt-Nd4l","Cd74",0.2,0.04
-0.284519690903144,6.51277159812133,0.817963138885021,1,"Mdp1","Cd74",0.2,0.04
-0.284519690903144,6.51277159812133,0.817963138885021,1,"Arf6","Cd74",0.2,0.04
-0.262229539132757,6.49665140859922,0.817963138885021,1,"Gadd45gip1","Cd74",0.2,0.04
-0.136320594444731,8.43653187299573,0.820742701043297,1,"Hnrnpab","Cd74",0.2,0.04
0.193623038171986,7.24767962079908,0.821856712718505,1,"Ddx39","Cd74",0.2,0.04
-0.221189230001131,7.29193104907483,0.821856712718505,1,"Mrpl18","Cd74",0.2,0.04
-0.20850329514775,7.28321793238855,0.821856712718505,1,"Qk","Cd74",0.2,0.04
-0.195704819753291,7.27443720349202,0.821856712718505,1,"Bcap31","Cd74",0.2,0.04
0.244066577100546,6.53331772875823,0.824055281589667,1,"Smap1","Cd74",0.2,0.04
0.244066577100546,6.53331772875823,0.824055281589667,1,"Stk4","Cd74",0.2,0.04
0.220308085604372,6.54948389212599,0.824055281589667,1,"Elmo2","Cd74",0.2,0.04
0.220308085604372,6.54948389212599,0.824055281589667,1,"Derl2","Cd74",0.2,0.04
0.104141825313325,8.94190003368064,0.827793700504728,1,"Ssr4","Cd74",0.2,0.04
0.117606179853252,9.13048149157536,0.828248468163951,1,"Pfdn5","Cd74",0.2,0.04
-0.596922883279395,5.32765511245257,0.829279641174803,1,"Cyp27a1","Cd74",0.2,0.04
-0.596922883279395,5.32765511245257,0.829279641174803,1,"Med19","Cd74",0.2,0.04
-0.596922883279395,5.32765511245257,0.829279641174803,1,"Arhgap1","Cd74",0.2,0.04
-0.596922883279395,5.32765511245257,0.829279641174803,1,"Rbl1","Cd74",0.2,0.04
-0.596922883279395,5.32765511245257,0.829279641174803,1,"Phf6","Cd74",0.2,0.04
-0.596922883279395,5.32765511245257,0.829279641174803,1,"Rusc1","Cd74",0.2,0.04
-0.596922883279395,5.32765511245257,0.829279641174803,1,"AI504432","Cd74",0.2,0.04
-0.596922883279395,5.32765511245257,0.829279641174803,1,"Topors","Cd74",0.2,0.04
-0.596922883279395,5.32765511245257,0.829279641174803,1,"Mknk1","Cd74",0.2,0.04
-0.596922883279395,5.32765511245257,0.829279641174803,1,"Fam76a","Cd74",0.2,0.04
-0.596922883279395,5.32765511245257,0.829279641174803,1,"Psmd9","Cd74",0.2,0.04
-0.596922883279395,5.32765511245257,0.829279641174803,1,"Mrpl19","Cd74",0.2,0.04
-0.596922883279395,5.32765511245257,0.829279641174803,1,"Crebzf","Cd74",0.2,0.04
-0.596922883279395,5.32765511245257,0.829279641174803,1,"Cab39l","Cd74",0.2,0.04
-0.596922883279395,5.32765511245257,0.829279641174803,1,"Cep295","Cd74",0.2,0.04
-0.596922883279395,5.32765511245257,0.829279641174803,1,"Ppan","Cd74",0.2,0.04
-0.596922883279395,5.32765511245257,0.829279641174803,1,"Adpgk","Cd74",0.2,0.04
-0.596922883279395,5.32765511245257,0.829279641174803,1,"Fignl1","Cd74",0.2,0.04
-0.596922883279395,5.32765511245257,0.829279641174803,1,"0610009B22Rik","Cd74",0.2,0.04
-0.596922883279395,5.32765511245257,0.829279641174803,1,"Mfap3","Cd74",0.2,0.04
-0.596922883279395,5.32765511245257,0.829279641174803,1,"Pik3r5","Cd74",0.2,0.04
-0.596922883279395,5.32765511245257,0.829279641174803,1,"Atp2a3","Cd74",0.2,0.04
-0.596922883279395,5.32765511245257,0.829279641174803,1,"Inpp5k","Cd74",0.2,0.04
-0.596922883279395,5.32765511245257,0.829279641174803,1,"Sav1","Cd74",0.2,0.04
-0.596922883279395,5.32765511245257,0.829279641174803,1,"Bag5","Cd74",0.2,0.04
-0.596922883279395,5.32765511245257,0.829279641174803,1,"Clpp","Cd74",0.2,0.04
-0.596922883279395,5.32765511245257,0.829279641174803,1,"Psmg2","Cd74",0.2,0.04
-0.596922883279395,5.32765511245257,0.829279641174803,1,"Naa40","Cd74",0.2,0.04
-0.596922883279395,5.32765511245257,0.829279641174803,1,"Atad1","Cd74",0.2,0.04
-0.596922883279395,5.32765511245257,0.829279641174803,1,"Gbf1","Cd74",0.2,0.04
-0.542933033003452,5.28742163186732,0.829279641174803,1,"Hccs","Cd74",0.2,0.04
-0.542933033003452,5.28742163186732,0.829279641174803,1,"Gnb4","Cd74",0.2,0.04
-0.542933033003452,5.28742163186732,0.829279641174803,1,"Rrnad1","Cd74",0.2,0.04
-0.542933033003452,5.28742163186732,0.829279641174803,1,"Bcl9","Cd74",0.2,0.04
-0.542933033003452,5.28742163186732,0.829279641174803,1,"Bach2","Cd74",0.2,0.04
-0.542933033003452,5.28742163186732,0.829279641174803,1,"Tmem245","Cd74",0.2,0.04
-0.542933033003452,5.28742163186732,0.829279641174803,1,"Rell1","Cd74",0.2,0.04
-0.542933033003452,5.28742163186732,0.829279641174803,1,"Amz1","Cd74",0.2,0.04
-0.542933033003452,5.28742163186732,0.829279641174803,1,"Gm26699","Cd74",0.2,0.04
-0.542933033003452,5.28742163186732,0.829279641174803,1,"Cops7a","Cd74",0.2,0.04
-0.542933033003452,5.28742163186732,0.829279641174803,1,"Rhno1","Cd74",0.2,0.04
-0.542933033003452,5.28742163186732,0.829279641174803,1,"Zfp329","Cd74",0.2,0.04
-0.542933033003452,5.28742163186732,0.829279641174803,1,"Akt1s1","Cd74",0.2,0.04
-0.542933033003452,5.28742163186732,0.829279641174803,1,"Herc2","Cd74",0.2,0.04
-0.542933033003452,5.28742163186732,0.829279641174803,1,"Tm2d3","Cd74",0.2,0.04
-0.542933033003452,5.28742163186732,0.829279641174803,1,"Ctr9","Cd74",0.2,0.04
-0.542933033003452,5.28742163186732,0.829279641174803,1,"Utrn","Cd74",0.2,0.04
-0.542933033003452,5.28742163186732,0.829279641174803,1,"Wdr18","Cd74",0.2,0.04
-0.542933033003452,5.28742163186732,0.829279641174803,1,"Gsr","Cd74",0.2,0.04
-0.542933033003452,5.28742163186732,0.829279641174803,1,"Ppif","Cd74",0.2,0.04
-0.542933033003452,5.28742163186732,0.829279641174803,1,"Aasdhppt","Cd74",0.2,0.04
-0.542933033003452,5.28742163186732,0.829279641174803,1,"Ube2z","Cd74",0.2,0.04
-0.542933033003452,5.28742163186732,0.829279641174803,1,"Nkiras2","Cd74",0.2,0.04
-0.542933033003452,5.28742163186732,0.829279641174803,1,"Gen1","Cd74",0.2,0.04
-0.542933033003452,5.28742163186732,0.829279641174803,1,"Zfp386","Cd74",0.2,0.04
-0.542933033003452,5.28742163186732,0.829279641174803,1,"Supt3","Cd74",0.2,0.04
-0.542933033003452,5.28742163186732,0.829279641174803,1,"Gpr108","Cd74",0.2,0.04
0.274775458113037,5.2037886371912,0.829279641174803,1,"Pex19","Cd74",0.2,0.04
0.274775458113037,5.2037886371912,0.829279641174803,1,"Tank","Cd74",0.2,0.04
0.274775458113037,5.2037886371912,0.829279641174803,1,"Mettl5","Cd74",0.2,0.04
0.274775458113037,5.2037886371912,0.829279641174803,1,"Prpf4","Cd74",0.2,0.04
0.274775458113037,5.2037886371912,0.829279641174803,1,"Cdc7","Cd74",0.2,0.04
0.274775458113037,5.2037886371912,0.829279641174803,1,"Golt1b","Cd74",0.2,0.04
0.274775458113037,5.2037886371912,0.829279641174803,1,"Ryr1","Cd74",0.2,0.04
0.274775458113037,5.2037886371912,0.829279641174803,1,"Arid3a","Cd74",0.2,0.04
0.274775458113037,5.2037886371912,0.829279641174803,1,"Dot1l","Cd74",0.2,0.04
0.274775458113037,5.2037886371912,0.829279641174803,1,"Mpv17l2","Cd74",0.2,0.04
0.274775458113037,5.2037886371912,0.829279641174803,1,"Cadm1","Cd74",0.2,0.04
0.274775458113037,5.2037886371912,0.829279641174803,1,"Usp16","Cd74",0.2,0.04
0.274775458113037,5.2037886371912,0.829279641174803,1,"Taf11","Cd74",0.2,0.04
0.274775458113037,5.2037886371912,0.829279641174803,1,"Abhd16a","Cd74",0.2,0.04
0.274775458113037,5.2037886371912,0.829279641174803,1,"Mrps18b","Cd74",0.2,0.04
0.274775458113037,5.2037886371912,0.829279641174803,1,"Rnf138","Cd74",0.2,0.04
0.274775458113037,5.2037886371912,0.829279641174803,1,"Tle4","Cd74",0.2,0.04
0.274775458113037,5.2037886371912,0.829279641174803,1,"mt-Nd6","Cd74",0.2,0.04
-0.169891861757488,7.86130178147384,0.830723691719376,1,"Rap1b","Cd74",0.2,0.04
0.105734117651418,9.33662030028372,0.832664993191603,1,"Eif3f","Cd74",0.2,0.04
-0.20535088421437,7.40108256727393,0.832732032536935,1,"Nfkbia","Cd74",0.2,0.04
0.177452028009411,7.36300068677151,0.832732032536935,1,"Mlec","Cd74",0.2,0.04
0.164422373013521,7.37139176977732,0.832732032536935,1,"Rad21","Cd74",0.2,0.04
0.151509342433785,7.37971975442685,0.832732032536935,1,"Mia2","Cd74",0.2,0.04
-0.268780389245718,6.7088194966476,0.835033156634794,1,"Uba2","Cd74",0.2,0.04
-0.268780389245718,6.7088194966476,0.835033156634794,1,"Nap1l4","Cd74",0.2,0.04
-0.268780389245718,6.7088194966476,0.835033156634794,1,"Chrac1","Cd74",0.2,0.04
-0.268780389245718,6.7088194966476,0.835033156634794,1,"Taf6l","Cd74",0.2,0.04
-0.249473302484339,6.69500583758886,0.835033156634794,1,"Hdlbp","Cd74",0.2,0.04
-0.249473302484339,6.69500583758886,0.835033156634794,1,"Tmed5","Cd74",0.2,0.04
-0.249473302484339,6.69500583758886,0.835033156634794,1,"Got2","Cd74",0.2,0.04
-0.249473302484339,6.69500583758886,0.835033156634794,1,"Gsk3b","Cd74",0.2,0.04
-0.229904326957165,6.68102409567279,0.835033156634794,1,"Ndufa10","Cd74",0.2,0.04
-0.229904326957165,6.68102409567279,0.835033156634794,1,"Eif4e","Cd74",0.2,0.04
-0.229904326957165,6.68102409567279,0.835033156634794,1,"Lsm8","Cd74",0.2,0.04
-0.229904326957165,6.68102409567279,0.835033156634794,1,"Clns1a","Cd74",0.2,0.04
-0.229904326957165,6.68102409567279,0.835033156634794,1,"Stub1","Cd74",0.2,0.04
-0.229904326957165,6.68102409567279,0.835033156634794,1,"Me2","Cd74",0.2,0.04
-0.144667810266619,8.26897098522495,0.835249456667188,1,"Atp6v0b","Cd74",0.2,0.04
-0.145688028233516,7.92547484001914,0.838116583430001,1,"Ssb","Cd74",0.2,0.04
0.233547658098559,6.70435183932381,0.83999916882682,1,"Mrps26","Cd74",0.2,0.04
0.212554912211896,6.71849433702948,0.83999916882682,1,"Mycl","Cd74",0.2,0.04
0.212554912211896,6.71849433702948,0.83999916882682,1,"Sox4","Cd74",0.2,0.04
0.212554912211896,6.71849433702948,0.83999916882682,1,"0610012G03Rik","Cd74",0.2,0.04
0.151528544306949,7.47736123029384,0.842331368715281,1,"Bri3bp","Cd74",0.2,0.04
-0.180854842150751,7.49525827210251,0.842331368715282,1,"Psma6","Cd74",0.2,0.04
-0.169818657703243,7.48782861181322,0.842331368715282,1,"Ndufc1","Cd74",0.2,0.04
-0.11582633933428,7.98201851028739,0.842693599942016,1,"Prrc2c","Cd74",0.2,0.04
0.0864460307967662,10.7487990157343,0.842798400685205,1,"Rps25","Cd74",0.2,0.04
-0.0922015000048567,9.97374402924249,0.845440955982018,1,"Itm2b","Cd74",0.2,0.04
0.0906560387415112,9.87372028275816,0.847069680251514,1,"Actr3","Cd74",0.2,0.04
-0.239821397278995,6.86915874684991,0.849047368508971,1,"Dazap1","Cd74",0.2,0.04
-0.239821397278995,6.86915874684991,0.849047368508971,1,"Hsbp1","Cd74",0.2,0.04
-0.222589780818436,6.8569752719573,0.849047368508971,1,"Acadl","Cd74",0.2,0.04
-0.222589780818436,6.8569752719573,0.849047368508971,1,"Sppl2a","Cd74",0.2,0.04
-0.222589780818436,6.8569752719573,0.849047368508971,1,"Utp3","Cd74",0.2,0.04
-0.205149858612091,6.84466039362172,0.849047368508971,1,"Syf2","Cd74",0.2,0.04
-0.205149858612091,6.84466039362172,0.849047368508971,1,"Ppp1r18","Cd74",0.2,0.04
0.111250691383985,8.04697219774509,0.849089916168839,1,"Mtdh","Cd74",0.2,0.04
0.151545349942693,7.56886561559086,0.850870317967257,1,"Akap13","Cd74",0.2,0.04
0.129216435072004,7.58305190594784,0.850870317967257,1,"Sh3bgrl","Cd74",0.2,0.04
0.129216435072004,7.58305190594784,0.850870317967257,1,"Tmem234","Cd74",0.2,0.04
-0.169840873685386,7.59073740943542,0.850870317967257,1,"Nup210","Cd74",0.2,0.04
-0.159515562303867,7.58384654280914,0.850870317967257,1,"Trmt112","Cd74",0.2,0.04
-0.148147858425234,8.07475719185486,0.851107097499225,1,"Spcs2","Cd74",0.2,0.04
0.394043417640094,5.49152737776174,0.851298862305852,1,"Arl8a","Cd74",0.2,0.04
0.394043417640094,5.49152737776174,0.851298862305852,1,"Arrdc1","Cd74",0.2,0.04
0.394043417640094,5.49152737776174,0.851298862305852,1,"Crnkl1","Cd74",0.2,0.04
0.394043417640094,5.49152737776174,0.851298862305852,1,"Nfx1","Cd74",0.2,0.04
0.394043417640094,5.49152737776174,0.851298862305852,1,"Exosc10","Cd74",0.2,0.04
0.394043417640094,5.49152737776174,0.851298862305852,1,"2310001H17Rik","Cd74",0.2,0.04
0.394043417640094,5.49152737776174,0.851298862305852,1,"Atxn7","Cd74",0.2,0.04
0.394043417640094,5.49152737776174,0.851298862305852,1,"Pigyl","Cd74",0.2,0.04
0.394043417640094,5.49152737776174,0.851298862305852,1,"Ei24","Cd74",0.2,0.04
0.394043417640094,5.49152737776174,0.851298862305852,1,"Rab27a","Cd74",0.2,0.04
0.394043417640094,5.49152737776174,0.851298862305852,1,"Msl2","Cd74",0.2,0.04
0.394043417640094,5.49152737776174,0.851298862305852,1,"Zfp652","Cd74",0.2,0.04
0.394043417640094,5.49152737776174,0.851298862305852,1,"Gsdmd","Cd74",0.2,0.04
0.394043417640094,5.49152737776174,0.851298862305852,1,"Mgea5","Cd74",0.2,0.04
0.342001352130722,5.52746330149669,0.851298862305852,1,"Slc50a1","Cd74",0.2,0.04
0.342001352130722,5.52746330149669,0.851298862305852,1,"Mri1","Cd74",0.2,0.04
0.342001352130722,5.52746330149669,0.851298862305852,1,"Nfatc3","Cd74",0.2,0.04
0.342001352130722,5.52746330149669,0.851298862305852,1,"Mtmr3","Cd74",0.2,0.04
0.342001352130722,5.52746330149669,0.851298862305852,1,"Retreg1","Cd74",0.2,0.04
0.342001352130722,5.52746330149669,0.851298862305852,1,"Sharpin","Cd74",0.2,0.04
0.342001352130722,5.52746330149669,0.851298862305852,1,"Arid1b","Cd74",0.2,0.04
0.342001352130722,5.52746330149669,0.851298862305852,1,"Ranbp3","Cd74",0.2,0.04
0.206378350557664,6.86990199542936,0.853182340037331,1,"Dmac1","Cd74",0.2,0.04
0.206378350557664,6.86990199542936,0.853182340037331,1,"Hnrnpl","Cd74",0.2,0.04
0.206378350557664,6.86990199542936,0.853182340037331,1,"Psmd6","Cd74",0.2,0.04
0.206378350557664,6.86990199542936,0.853182340037331,1,"Ddx24","Cd74",0.2,0.04
-0.110023705078946,8.47354117452555,0.854144538547956,1,"Pcbp1","Cd74",0.2,0.04
-0.142222163946687,8.13948263758248,0.856845342498402,1,"Tmem258","Cd74",0.2,0.04
-0.0770939607380788,11.561404382534,0.860054362473538,1,"Rps13","Cd74",0.2,0.04
-0.430033940752567,5.71166936880715,0.860057187957492,1,"Rbmx","Cd74",0.2,0.04
-0.430033940752567,5.71166936880715,0.860057187957492,1,"Pdha1","Cd74",0.2,0.04
-0.430033940752567,5.71166936880715,0.860057187957492,1,"I830077J02Rik","Cd74",0.2,0.04
-0.430033940752567,5.71166936880715,0.860057187957492,1,"Ccnd2","Cd74",0.2,0.04
-0.430033940752567,5.71166936880715,0.860057187957492,1,"Gcc2","Cd74",0.2,0.04
-0.430033940752567,5.71166936880715,0.860057187957492,1,"Hnrnph3","Cd74",0.2,0.04
-0.430033940752567,5.71166936880715,0.860057187957492,1,"Thyn1","Cd74",0.2,0.04
-0.430033940752567,5.71166936880715,0.860057187957492,1,"Dpp8","Cd74",0.2,0.04
-0.430033940752567,5.71166936880715,0.860057187957492,1,"Psmd3","Cd74",0.2,0.04
-0.430033940752567,5.71166936880715,0.860057187957492,1,"Sptlc2","Cd74",0.2,0.04
-0.430033940752567,5.71166936880715,0.860057187957492,1,"Sel1l","Cd74",0.2,0.04
-0.430033940752567,5.71166936880715,0.860057187957492,1,"Arid2","Cd74",0.2,0.04
-0.430033940752567,5.71166936880715,0.860057187957492,1,"Nolc1","Cd74",0.2,0.04
-0.430033940752567,5.71166936880715,0.860057187957492,1,"Stn1","Cd74",0.2,0.04
-0.389647636259198,5.6816356180378,0.860057187957492,1,"Mtx2","Cd74",0.2,0.04
-0.389647636259198,5.6816356180378,0.860057187957492,1,"Fnbp4","Cd74",0.2,0.04
-0.389647636259198,5.6816356180378,0.860057187957492,1,"Trim44","Cd74",0.2,0.04
-0.389647636259198,5.6816356180378,0.860057187957492,1,"Htatsf1","Cd74",0.2,0.04
-0.389647636259198,5.6816356180378,0.860057187957492,1,"2810403A07Rik","Cd74",0.2,0.04
-0.389647636259198,5.6816356180378,0.860057187957492,1,"Smim20","Cd74",0.2,0.04
-0.389647636259198,5.6816356180378,0.860057187957492,1,"Fryl","Cd74",0.2,0.04
-0.389647636259198,5.6816356180378,0.860057187957492,1,"Nucb2","Cd74",0.2,0.04
-0.389647636259198,5.6816356180378,0.860057187957492,1,"Tox4","Cd74",0.2,0.04
-0.389647636259198,5.6816356180378,0.860057187957492,1,"Tsc22d1","Cd74",0.2,0.04
-0.389647636259198,5.6816356180378,0.860057187957492,1,"Faim","Cd74",0.2,0.04
-0.389647636259198,5.6816356180378,0.860057187957492,1,"Tns3","Cd74",0.2,0.04
-0.389647636259198,5.6816356180378,0.860057187957492,1,"H2-Ke6","Cd74",0.2,0.04
-0.348098131188707,5.65083886426863,0.860057187957492,1,"Cops8","Cd74",0.2,0.04
-0.348098131188707,5.65083886426863,0.860057187957492,1,"Gm2000","Cd74",0.2,0.04
-0.348098131188707,5.65083886426863,0.860057187957492,1,"Aqr","Cd74",0.2,0.04
-0.348098131188707,5.65083886426863,0.860057187957492,1,"Oser1","Cd74",0.2,0.04
-0.348098131188707,5.65083886426863,0.860057187957492,1,"Trim33","Cd74",0.2,0.04
-0.348098131188707,5.65083886426863,0.860057187957492,1,"Sephs2","Cd74",0.2,0.04
-0.348098131188707,5.65083886426863,0.860057187957492,1,"Wrn","Cd74",0.2,0.04
-0.348098131188707,5.65083886426863,0.860057187957492,1,"Med31","Cd74",0.2,0.04
-0.348098131188707,5.65083886426863,0.860057187957492,1,"Btbd7","Cd74",0.2,0.04
-0.348098131188707,5.65083886426863,0.860057187957492,1,"Slc39a7","Cd74",0.2,0.04
-0.348098131188707,5.65083886426863,0.860057187957492,1,"Zdhhc6","Cd74",0.2,0.04
0.243231632644972,5.59627238647337,0.860057187957492,1,"Ptp4a1","Cd74",0.2,0.04
0.243231632644972,5.59627238647337,0.860057187957492,1,"Rabgap1l","Cd74",0.2,0.04
0.243231632644972,5.59627238647337,0.860057187957492,1,"Nmd3","Cd74",0.2,0.04
0.243231632644972,5.59627238647337,0.860057187957492,1,"Rtca","Cd74",0.2,0.04
0.243231632644972,5.59627238647337,0.860057187957492,1,"Gak","Cd74",0.2,0.04
0.243231632644972,5.59627238647337,0.860057187957492,1,"Slc15a4","Cd74",0.2,0.04
0.243231632644972,5.59627238647337,0.860057187957492,1,"Tmem168","Cd74",0.2,0.04
0.243231632644972,5.59627238647337,0.860057187957492,1,"Ino80b","Cd74",0.2,0.04
0.243231632644972,5.59627238647337,0.860057187957492,1,"Mrps35","Cd74",0.2,0.04
0.243231632644972,5.59627238647337,0.860057187957492,1,"Trappc6a","Cd74",0.2,0.04
0.243231632644972,5.59627238647337,0.860057187957492,1,"Pcf11","Cd74",0.2,0.04
0.243231632644972,5.59627238647337,0.860057187957492,1,"Cwf19l2","Cd74",0.2,0.04
0.243231632644972,5.59627238647337,0.860057187957492,1,"Pdcd7","Cd74",0.2,0.04
0.243231632644972,5.59627238647337,0.860057187957492,1,"Zfp62","Cd74",0.2,0.04
0.243231632644972,5.59627238647337,0.860057187957492,1,"Eftud2","Cd74",0.2,0.04
0.243231632644972,5.59627238647337,0.860057187957492,1,"Med10","Cd74",0.2,0.04
0.243231632644972,5.59627238647337,0.860057187957492,1,"Bdp1","Cd74",0.2,0.04
0.243231632644972,5.59627238647337,0.860057187957492,1,"Cenpk","Cd74",0.2,0.04
0.243231632644972,5.59627238647337,0.860057187957492,1,"Gm9493","Cd74",0.2,0.04
0.196271965946932,5.62925553830638,0.860057187957492,1,"Metap1","Cd74",0.2,0.04
0.196271965946932,5.62925553830638,0.860057187957492,1,"Stx12","Cd74",0.2,0.04
0.196271965946932,5.62925553830638,0.860057187957492,1,"Usp39","Cd74",0.2,0.04
0.196271965946932,5.62925553830638,0.860057187957492,1,"Nae1","Cd74",0.2,0.04
0.196271965946932,5.62925553830638,0.860057187957492,1,"Nip7","Cd74",0.2,0.04
0.196271965946932,5.62925553830638,0.860057187957492,1,"Timm22","Cd74",0.2,0.04
0.196271965946932,5.62925553830638,0.860057187957492,1,"Mafg","Cd74",0.2,0.04
0.196271965946932,5.62925553830638,0.860057187957492,1,"Ubald1","Cd74",0.2,0.04
0.196271965946932,5.62925553830638,0.860057187957492,1,"Spast","Cd74",0.2,0.04
0.196271965946932,5.62925553830638,0.860057187957492,1,"Sart1","Cd74",0.2,0.04
-0.0948462691694939,9.6236228676052,0.860779540335017,1,"Napsa","Cd74",0.2,0.04
-0.216870355637895,7.01361067120791,0.860783071119862,1,"Mbd3","Cd74",0.2,0.04
-0.216870355637895,7.01361067120791,0.860783071119862,1,"Brd2","Cd74",0.2,0.04
-0.201311299881508,7.00273379009723,0.860783071119862,1,"Cdk9","Cd74",0.2,0.04
-0.201311299881508,7.00273379009723,0.860783071119862,1,"Arid1a","Cd74",0.2,0.04
-0.185582613048333,6.99175179499561,0.860783071119862,1,"Nasp","Cd74",0.2,0.04
-0.136813344448163,8.20145245183337,0.862154887811261,1,"Rap1a","Cd74",0.2,0.04
0.151430840013192,7.04009320445831,0.864285124672632,1,"Rtf1","Cd74",0.2,0.04
0.151430840013192,7.04009320445831,0.864285124672632,1,"Mrps21","Cd74",0.2,0.04
0.151430840013192,7.04009320445831,0.864285124672632,1,"Ech1","Cd74",0.2,0.04
-0.072143686744728,12.4199562906434,0.865079030744669,1,"Rps24","Cd74",0.2,0.04
0.0928420231150069,8.87659611235187,0.865228251592603,1,"Gabarap","Cd74",0.2,0.04
-0.125882105165171,7.09512278803658,0.867609222125752,1,"Pcmt1","Cd74",0.2,0.04
-0.125882105165171,7.09512278803658,0.867609222125752,1,"Klf6","Cd74",0.2,0.04
-0.118122606136364,7.82753601313032,0.869636178137785,1,"Nono","Cd74",0.2,0.04
-0.109310866758565,7.82180889750944,0.869636178137785,1,"Fis1","Cd74",0.2,0.04
-0.0873004242228685,9.3913483195523,0.87042412421867,1,"Atp5l","Cd74",0.2,0.04
-0.184048680012896,7.135228286904,0.870768991294646,1,"Clint1","Cd74",0.2,0.04
-0.16972541408258,7.1253343994124,0.870768991294646,1,"Gusb","Cd74",0.2,0.04
-0.16972541408258,7.1253343994124,0.870768991294646,1,"Arpc1a","Cd74",0.2,0.04
-0.16972541408258,7.1253343994124,0.870768991294646,1,"Dpy19l1","Cd74",0.2,0.04
0.123429496853633,7.83071249891341,0.87165065155001,1,"Tmed10","Cd74",0.2,0.04
0.0945298281810379,8.67901819537275,0.872711222339382,1,"Brk1","Cd74",0.2,0.04
0.166532787038312,7.1524015748526,0.873776669502367,1,"Gtf2a2","Cd74",0.2,0.04
0.151461359054913,7.16230450195613,0.873776669502367,1,"Yy1","Cd74",0.2,0.04
0.136545751615903,7.17212002435825,0.873776669502367,1,"Dnajc7","Cd74",0.2,0.04
0.302100583247117,5.85111814803411,0.874508605850185,1,"Lpgat1","Cd74",0.2,0.04
0.302100583247117,5.85111814803411,0.874508605850185,1,"Lrba","Cd74",0.2,0.04
0.302100583247117,5.85111814803411,0.874508605850185,1,"Sirt2","Cd74",0.2,0.04
0.302100583247117,5.85111814803411,0.874508605850185,1,"Xpo6","Cd74",0.2,0.04
0.302100583247117,5.85111814803411,0.874508605850185,1,"Ncbp3","Cd74",0.2,0.04
0.302100583247117,5.85111814803411,0.874508605850185,1,"Mbtd1","Cd74",0.2,0.04
0.302100583247117,5.85111814803411,0.874508605850185,1,"Rara","Cd74",0.2,0.04
0.302100583247117,5.85111814803411,0.874508605850185,1,"Pecam1","Cd74",0.2,0.04
0.302100583247117,5.85111814803411,0.874508605850185,1,"Dctn4","Cd74",0.2,0.04
0.262814120235629,5.87845634146083,0.874508605850185,1,"Cat","Cd74",0.2,0.04
0.262814120235629,5.87845634146083,0.874508605850185,1,"Zfp217","Cd74",0.2,0.04
0.262814120235629,5.87845634146083,0.874508605850185,1,"Rpf1","Cd74",0.2,0.04
0.262814120235629,5.87845634146083,0.874508605850185,1,"Usp48","Cd74",0.2,0.04
0.262814120235629,5.87845634146083,0.874508605850185,1,"Raf1","Cd74",0.2,0.04
0.262814120235629,5.87845634146083,0.874508605850185,1,"Guk1","Cd74",0.2,0.04
0.262814120235629,5.87845634146083,0.874508605850185,1,"Gps2","Cd74",0.2,0.04
-0.105110214222783,8.36174343942689,0.874551837376214,1,"Ptpn6","Cd74",0.2,0.04
-0.121057513241229,7.90952980024219,0.875496155817486,1,"Prelid1","Cd74",0.2,0.04
-0.10440040908278,7.89877340610235,0.875496155817486,1,"Tbca","Cd74",0.2,0.04
-0.0846427726340495,9.01586449705706,0.876134643087282,1,"Elob","Cd74",0.2,0.04
-0.0699050698815999,10.918760056458,0.87699078232595,1,"Pfn1","Cd74",0.2,0.04
-0.129314496071718,7.91486983332319,0.877332735628957,1,"Prpf40a","Cd74",0.2,0.04
-0.129314496071718,7.91486983332319,0.877332735628957,1,"Ost4","Cd74",0.2,0.04
0.116021231239204,7.90829115597265,0.877332735628957,1,"Rtn4","Cd74",0.2,0.04
-0.182791789173555,7.26558776559214,0.87937878143387,1,"Cope","Cd74",0.2,0.04
-0.182791789173555,7.26558776559214,0.87937878143387,1,"Hnrnpul2","Cd74",0.2,0.04
-0.156613728958046,7.24767823995868,0.87937878143387,1,"Ubap2l","Cd74",0.2,0.04
-0.338151028976792,6.01521638063573,0.880561994065204,1,"Acadm","Cd74",0.2,0.04
-0.338151028976792,6.01521638063573,0.880561994065204,1,"Rinl","Cd74",0.2,0.04
-0.338151028976792,6.01521638063573,0.880561994065204,1,"Nipa2","Cd74",0.2,0.04
-0.338151028976792,6.01521638063573,0.880561994065204,1,"R3hdm2","Cd74",0.2,0.04
-0.338151028976792,6.01521638063573,0.880561994065204,1,"Mrpl58","Cd74",0.2,0.04
-0.338151028976792,6.01521638063573,0.880561994065204,1,"Kif2a","Cd74",0.2,0.04
-0.338151028976792,6.01521638063573,0.880561994065204,1,"Eapp","Cd74",0.2,0.04
-0.338151028976792,6.01521638063573,0.880561994065204,1,"Ppp2r3c","Cd74",0.2,0.04
-0.338151028976792,6.01521638063573,0.880561994065204,1,"Rab18","Cd74",0.2,0.04
-0.305892464094974,5.99142895233303,0.880561994065204,1,"Asnsd1","Cd74",0.2,0.04
-0.305892464094974,5.99142895233303,0.880561994065204,1,"Vps4b","Cd74",0.2,0.04
-0.305892464094974,5.99142895233303,0.880561994065204,1,"Ppp6c","Cd74",0.2,0.04
-0.305892464094974,5.99142895233303,0.880561994065204,1,"Cdc14a","Cd74",0.2,0.04
-0.305892464094974,5.99142895233303,0.880561994065204,1,"Casp6","Cd74",0.2,0.04
-0.305892464094974,5.99142895233303,0.880561994065204,1,"Tet2","Cd74",0.2,0.04
-0.305892464094974,5.99142895233303,0.880561994065204,1,"Ddi2","Cd74",0.2,0.04
-0.305892464094974,5.99142895233303,0.880561994065204,1,"Lsm1","Cd74",0.2,0.04
-0.305892464094974,5.99142895233303,0.880561994065204,1,"Rufy1","Cd74",0.2,0.04
-0.305892464094974,5.99142895233303,0.880561994065204,1,"Zfr","Cd74",0.2,0.04
-0.305892464094974,5.99142895233303,0.880561994065204,1,"Nup50","Cd74",0.2,0.04
-0.272896070612743,5.96715597373891,0.880561994065204,1,"Dennd1b","Cd74",0.2,0.04
-0.272896070612743,5.96715597373891,0.880561994065204,1,"Dnttip2","Cd74",0.2,0.04
-0.272896070612743,5.96715597373891,0.880561994065204,1,"Atp2a2","Cd74",0.2,0.04
-0.272896070612743,5.96715597373891,0.880561994065204,1,"Bcat2","Cd74",0.2,0.04
-0.272896070612743,5.96715597373891,0.880561994065204,1,"Sirt7","Cd74",0.2,0.04
0.187311960376029,5.93130122497971,0.880561994065204,1,"Trnau1ap","Cd74",0.2,0.04
0.187311960376029,5.93130122497971,0.880561994065204,1,"Edem1","Cd74",0.2,0.04
0.187311960376029,5.93130122497971,0.880561994065204,1,"Upf3a","Cd74",0.2,0.04
0.187311960376029,5.93130122497971,0.880561994065204,1,"Sf3a1","Cd74",0.2,0.04
0.187311960376029,5.93130122497971,0.880561994065204,1,"Ugp2","Cd74",0.2,0.04
0.187311960376029,5.93130122497971,0.880561994065204,1,"Med13","Cd74",0.2,0.04
0.187311960376029,5.93130122497971,0.880561994065204,1,"Psme3","Cd74",0.2,0.04
0.187311960376029,5.93130122497971,0.880561994065204,1,"Dtnbp1","Cd74",0.2,0.04
0.15099272682144,5.9568603495485,0.880561994065204,1,"Usp9x","Cd74",0.2,0.04
0.15099272682144,5.9568603495485,0.880561994065204,1,"Sept1","Cd74",0.2,0.04
0.15099272682144,5.9568603495485,0.880561994065204,1,"Pcnt","Cd74",0.2,0.04
0.15099272682144,5.9568603495485,0.880561994065204,1,"Casp3","Cd74",0.2,0.04
0.15099272682144,5.9568603495485,0.880561994065204,1,"Slc25a39","Cd74",0.2,0.04
0.15099272682144,5.9568603495485,0.880561994065204,1,"Senp7","Cd74",0.2,0.04
0.15099272682144,5.9568603495485,0.880561994065204,1,"Arl3","Cd74",0.2,0.04
-0.0999919393011865,7.97186086729913,0.880846188394828,1,"Flna","Cd74",0.2,0.04
0.137711017568536,7.28404104014575,0.881992196265434,1,"Eif1b","Cd74",0.2,0.04
0.137711017568536,7.28404104014575,0.881992196265434,1,"Eif3l","Cd74",0.2,0.04
-0.120976128709742,7.34388491609766,0.884491719707823,1,"Ndufs2","Cd74",0.2,0.04
-0.108509439918468,7.33547162238135,0.884491719707823,1,"Tbcb","Cd74",0.2,0.04
-0.108509439918468,7.33547162238135,0.884491719707823,1,"Fkbp3","Cd74",0.2,0.04
-0.16979274641037,7.37692345800324,0.886884814335414,1,"Mycbp2","Cd74",0.2,0.04
-0.15774257433122,7.36875414957453,0.886884814335414,1,"Fam111a","Cd74",0.2,0.04
0.103311767531248,8.05183191058143,0.887296132095362,1,"Edf1","Cd74",0.2,0.04
0.0954162913508919,8.05667059029139,0.887296132095362,1,"Mrfap1","Cd74",0.2,0.04
0.0891109317529026,8.54997485997496,0.889447578381735,1,"Unc93b1","Cd74",0.2,0.04
-0.0934300555600458,8.56447890665618,0.889447578381736,1,"Ube2d3","Cd74",0.2,0.04
-0.0594494497602049,12.0067167244852,0.890506533392081,1,"Rps9","Cd74",0.2,0.04
0.276046189462022,6.11568427072557,0.890930459809348,1,"Nab1","Cd74",0.2,0.04
0.276046189462022,6.11568427072557,0.890930459809348,1,"Plekhm3","Cd74",0.2,0.04
0.276046189462022,6.11568427072557,0.890930459809348,1,"Pdrg1","Cd74",0.2,0.04
0.276046189462022,6.11568427072557,0.890930459809348,1,"Rnf216","Cd74",0.2,0.04
0.276046189462022,6.11568427072557,0.890930459809348,1,"Dda1","Cd74",0.2,0.04
0.276046189462022,6.11568427072557,0.890930459809348,1,"Glg1","Cd74",0.2,0.04
0.276046189462022,6.11568427072557,0.890930459809348,1,"Tsnax","Cd74",0.2,0.04
0.276046189462022,6.11568427072557,0.890930459809348,1,"Cmtm6","Cd74",0.2,0.04
0.276046189462022,6.11568427072557,0.890930459809348,1,"H2-T22","Cd74",0.2,0.04
0.243787624580203,6.1380204399863,0.890930459809348,1,"Rc3h2","Cd74",0.2,0.04
0.243787624580203,6.1380204399863,0.890930459809348,1,"Ccdc59","Cd74",0.2,0.04
0.243787624580203,6.1380204399863,0.890930459809348,1,"Lrp10","Cd74",0.2,0.04
0.243787624580203,6.1380204399863,0.890930459809348,1,"Dicer1","Cd74",0.2,0.04
0.212234611713782,6.15993457568187,0.890930459809348,1,"Hypk","Cd74",0.2,0.04
0.212234611713782,6.15993457568187,0.890930459809348,1,"Fem1c","Cd74",0.2,0.04
0.0763681115182363,7.42841611854985,0.891378382164107,1,"Nt5c","Cd74",0.2,0.04
-0.113334706526632,7.44992751804907,0.891378382164107,1,"Dnajc2","Cd74",0.2,0.04
-0.113334706526632,7.44992751804907,0.891378382164107,1,"Nhp2","Cd74",0.2,0.04
-0.158697398539962,7.48034969749511,0.893490798214352,1,"Klf2","Cd74",0.2,0.04
-0.147489742832553,7.47282084113535,0.893490798214352,1,"Bag1","Cd74",0.2,0.04
-0.147489742832553,7.47282084113535,0.893490798214352,1,"Cdc37","Cd74",0.2,0.04
-0.279875631175979,6.26625637760683,0.89541382857693,1,"Ergic3","Cd74",0.2,0.04
-0.279875631175979,6.26625637760683,0.89541382857693,1,"Atf7ip","Cd74",0.2,0.04
-0.279875631175979,6.26625637760683,0.89541382857693,1,"Ormdl2","Cd74",0.2,0.04
-0.279875631175979,6.26625637760683,0.89541382857693,1,"Ctdnep1","Cd74",0.2,0.04
-0.279875631175979,6.26625637760683,0.89541382857693,1,"Trappc6b","Cd74",0.2,0.04
-0.279875631175979,6.26625637760683,0.89541382857693,1,"Luc7l","Cd74",0.2,0.04
-0.253021385925753,6.24666859720187,0.89541382857693,1,"Zufsp","Cd74",0.2,0.04
-0.253021385925753,6.24666859720187,0.89541382857693,1,"Polr2c","Cd74",0.2,0.04
-0.253021385925753,6.24666859720187,0.89541382857693,1,"Larp4b","Cd74",0.2,0.04
0.151126325298088,6.2025581085904,0.89541382857693,1,"Cdc123","Cd74",0.2,0.04
0.151126325298088,6.2025581085904,0.89541382857693,1,"Gtf2b","Cd74",0.2,0.04
0.151126325298088,6.2025581085904,0.89541382857693,1,"Hmgcl","Cd74",0.2,0.04
0.151126325298088,6.2025581085904,0.89541382857693,1,"Suds3","Cd74",0.2,0.04
0.151126325298088,6.2025581085904,0.89541382857693,1,"Kcnn4","Cd74",0.2,0.04
0.151126325298088,6.2025581085904,0.89541382857693,1,"Smg1","Cd74",0.2,0.04
0.151126325298088,6.2025581085904,0.89541382857693,1,"Kctd20","Cd74",0.2,0.04
0.121516184767106,6.22329616285438,0.89541382857693,1,"Dhx9","Cd74",0.2,0.04
0.121516184767106,6.22329616285438,0.89541382857693,1,"Ddrgk1","Cd74",0.2,0.04
0.121516184767106,6.22329616285438,0.89541382857693,1,"Akirin1","Cd74",0.2,0.04
0.121516184767106,6.22329616285438,0.89541382857693,1,"Golga7","Cd74",0.2,0.04
0.121516184767106,6.22329616285438,0.89541382857693,1,"Egln1","Cd74",0.2,0.04
0.127726009382769,7.49261059704039,0.895520786498078,1,"Kcnq1ot1","Cd74",0.2,0.04
-0.106750564890779,7.54874558013885,0.897473175841295,1,"Wasf2","Cd74",0.2,0.04
-0.106750564890779,7.54874558013885,0.897473175841295,1,"Bri3","Cd74",0.2,0.04
-0.149115820058174,7.5769133128844,0.89935241852255,1,"Ppp1r14b","Cd74",0.2,0.04
-0.138640566069863,7.5699371689211,0.89935241852255,1,"Hexa","Cd74",0.2,0.04
-0.128088695743551,7.5629175492783,0.89935241852255,1,"Eif5b","Cd74",0.2,0.04
-0.128088695743551,7.5629175492783,0.89935241852255,1,"Apbb1ip","Cd74",0.2,0.04
-0.073586664430414,9.35572975606287,0.900330380739397,1,"Gm2a","Cd74",0.2,0.04
0.0963579681806853,7.60399678412692,0.901162626822504,1,"Mpc1","Cd74",0.2,0.04
-0.076941874596518,8.28654634755332,0.901874958439763,1,"Selenoh","Cd74",0.2,0.04
0.0642312426041927,7.62455411185161,0.902907605343972,1,"Tsc22d3","Cd74",0.2,0.04
-0.0909101379200619,7.63461122582558,0.902907605343972,1,"Sf3b5","Cd74",0.2,0.04
-0.145300308636178,6.41250337047213,0.903284185165758,1,"Surf4","Cd74",0.2,0.04
-0.145300308636178,6.41250337047213,0.903284185165758,1,"Pin4","Cd74",0.2,0.04
-0.145300308636178,6.41250337047213,0.903284185165758,1,"Cisd2","Cd74",0.2,0.04
-0.145300308636178,6.41250337047213,0.903284185165758,1,"Vamp3","Cd74",0.2,0.04
-0.145300308636178,6.41250337047213,0.903284185165758,1,"Safb","Cd74",0.2,0.04
0.230330020009652,6.3582397105197,0.903284185165758,1,"Hps3","Cd74",0.2,0.04
0.230330020009652,6.3582397105197,0.903284185165758,1,"Rnf20","Cd74",0.2,0.04
0.230330020009652,6.3582397105197,0.903284185165758,1,"Srp72","Cd74",0.2,0.04
0.230330020009652,6.3582397105197,0.903284185165758,1,"Wsb1","Cd74",0.2,0.04
0.230330020009652,6.3582397105197,0.903284185165758,1,"Otulin","Cd74",0.2,0.04
0.203475774759425,6.37673156764993,0.903284185165758,1,"Cic","Cd74",0.2,0.04
0.203475774759425,6.37673156764993,0.903284185165758,1,"Polb","Cd74",0.2,0.04
0.203475774759425,6.37673156764993,0.903284185165758,1,"Exoc3","Cd74",0.2,0.04
0.177112272189885,6.39492954794162,0.903284185165758,1,"Dcaf8","Cd74",0.2,0.04
0.177112272189885,6.39492954794162,0.903284185165758,1,"Sh3kbp1","Cd74",0.2,0.04
0.177112272189885,6.39492954794162,0.903284185165758,1,"Atxn2l","Cd74",0.2,0.04
0.177112272189885,6.39492954794162,0.903284185165758,1,"Fam114a2","Cd74",0.2,0.04
0.177112272189885,6.39492954794162,0.903284185165758,1,"Max","Cd74",0.2,0.04
-0.140757828295594,7.66746624314678,0.904590879668573,1,"Spc24","Cd74",0.2,0.04
-0.0746370827224661,8.34283158932151,0.905214083766378,1,"Ptp4a2","Cd74",0.2,0.04
-0.0517778344879539,11.9159558023868,0.905345240960169,1,"Actg1","Cd74",0.2,0.04
0.109808003601833,7.6813069330479,0.906215721830447,1,"Dnajb6","Cd74",0.2,0.04
0.0995560652488392,7.68779786477448,0.906215721830447,1,"Rbbp4","Cd74",0.2,0.04
-0.239589584946007,6.48030374850102,0.906761607721596,1,"Csrp1","Cd74",0.2,0.04
-0.239589584946007,6.48030374850102,0.906761607721596,1,"Mrpl17","Cd74",0.2,0.04
-0.239589584946007,6.48030374850102,0.906761607721596,1,"Trim35","Cd74",0.2,0.04
-0.239589584946007,6.48030374850102,0.906761607721596,1,"Ifngr2","Cd74",0.2,0.04
-0.216588674069976,6.46372208302163,0.906761607721596,1,"Pfkp","Cd74",0.2,0.04
-0.216588674069976,6.46372208302163,0.906761607721596,1,"Slirp","Cd74",0.2,0.04
-0.216588674069976,6.46372208302163,0.906761607721596,1,"Uqcc3","Cd74",0.2,0.04
-0.193215110055445,6.44689959493132,0.906761607721596,1,"Arhgef6","Cd74",0.2,0.04
-0.193215110055445,6.44689959493132,0.906761607721596,1,"Zc3h7a","Cd74",0.2,0.04
-0.193215110055445,6.44689959493132,0.906761607721596,1,"Lnpep","Cd74",0.2,0.04
-0.193215110055445,6.44689959493132,0.906761607721596,1,"Hspa9","Cd74",0.2,0.04
-0.193215110055445,6.44689959493132,0.906761607721596,1,"Ndufv1","Cd74",0.2,0.04
0.151221897750058,6.41284285874529,0.906761607721596,1,"Ccz1","Cd74",0.2,0.04
0.151221897750058,6.41284285874529,0.906761607721596,1,"Rpa3","Cd74",0.2,0.04
0.151221897750058,6.41284285874529,0.906761607721596,1,"Vps26a","Cd74",0.2,0.04
0.100794668886654,6.44785021972035,0.906761607721596,1,"Tnrc6b","Cd74",0.2,0.04
0.100794668886654,6.44785021972035,0.906761607721596,1,"Glyr1","Cd74",0.2,0.04
-0.0605400113932217,9.73838434793608,0.90928725675988,1,"mt-Nd3","Cd74",0.2,0.04
0.0927695956382258,7.77311385218249,0.91076903249701,1,"Dazap2","Cd74",0.2,0.04
0.0831978387789431,7.77914266098825,0.91076903249701,1,"Rgs10","Cd74",0.2,0.04
-0.127868118088702,6.60844188627096,0.912973580141125,1,"Mrps18c","Cd74",0.2,0.04
-0.127868118088702,6.60844188627096,0.912973580141125,1,"Dpysl2","Cd74",0.2,0.04
-0.127868118088702,6.60844188627096,0.912973580141125,1,"Ubtf","Cd74",0.2,0.04
-0.127868118088702,6.60844188627096,0.912973580141125,1,"Coro7","Cd74",0.2,0.04
-0.127868118088702,6.60844188627096,0.912973580141125,1,"Gspt1","Cd74",0.2,0.04
-0.106565389311366,6.5933579079566,0.912973580141125,1,"Ube2e3","Cd74",0.2,0.04
-0.106565389311366,6.5933579079566,0.912973580141125,1,"Mapk3","Cd74",0.2,0.04
-0.106565389311366,6.5933579079566,0.912973580141125,1,"Snx6","Cd74",0.2,0.04
0.196934521589842,6.5654227774645,0.912973580141126,1,"Ufc1","Cd74",0.2,0.04
0.196934521589842,6.5654227774645,0.912973580141126,1,"Zcchc17","Cd74",0.2,0.04
0.196934521589842,6.5654227774645,0.912973580141126,1,"Sptbn1","Cd74",0.2,0.04
0.17393361071381,6.58114073787805,0.912973580141126,1,"Lage3","Cd74",0.2,0.04
0.17393361071381,6.58114073787805,0.912973580141126,1,"Fuca2","Cd74",0.2,0.04
0.151293656527061,6.59664386613272,0.912973580141126,1,"Wapl","Cd74",0.2,0.04
0.151293656527061,6.59664386613272,0.912973580141126,1,"Map3k1","Cd74",0.2,0.04
0.0581022131609073,8.96812823353263,0.914722656788488,1,"Rps27l","Cd74",0.2,0.04
0.0443217094057826,14.3007258847398,0.914745722814669,1,"Tmsb4x","Cd74",0.2,0.04
0.129003504756674,6.61193800858367,0.915761611898618,1,"Prex1","Cd74",0.2,0.04
0.107052510305949,6.62702877818906,0.915761611898618,1,"Sike1","Cd74",0.2,0.04
0.107052510305949,6.62702877818906,0.915761611898618,1,"Cib1","Cd74",0.2,0.04
0.0854305067274611,6.64192156667582,0.915761611898618,1,"Rpn1","Cd74",0.2,0.04
0.0854305067274611,6.64192156667582,0.915761611898618,1,"Cyb5r4","Cd74",0.2,0.04
-0.210066260134054,6.66687008265238,0.915761611898618,1,"Dapp1","Cd74",0.2,0.04
-0.210066260134054,6.66687008265238,0.915761611898618,1,"Mgat2","Cd74",0.2,0.04
-0.18995159820849,6.6525394531673,0.915761611898618,1,"U2af2","Cd74",0.2,0.04
-0.169552519056818,6.638027696847,0.915761611898618,1,"Cd244","Cd74",0.2,0.04
-0.169552519056818,6.638027696847,0.915761611898618,1,"Emc7","Cd74",0.2,0.04
-0.169552519056818,6.638027696847,0.915761611898618,1,"Brd7","Cd74",0.2,0.04
-0.169552519056818,6.638027696847,0.915761611898618,1,"Mettl23","Cd74",0.2,0.04
-0.0776180802557282,8.55483024917706,0.916558902109243,1,"Polr1d","Cd74",0.2,0.04
0.171464177978771,6.74625698928048,0.920807669419335,1,"Ilkap","Cd74",0.2,0.04
0.171464177978771,6.74625698928048,0.920807669419335,1,"Nrd1","Cd74",0.2,0.04
0.171464177978771,6.74625698928048,0.920807669419335,1,"Znrf2","Cd74",0.2,0.04
0.151349516053206,6.75988572532268,0.920807669419335,1,"Sp110","Cd74",0.2,0.04
0.151349516053206,6.75988572532268,0.920807669419335,1,"Kmo","Cd74",0.2,0.04
0.151349516053206,6.75988572532268,0.920807669419335,1,"Cpsf6","Cd74",0.2,0.04
0.131511449230096,6.77335152976586,0.920807669419335,1,"Fam174a","Cd74",0.2,0.04
0.131511449230096,6.77335152976586,0.920807669419335,1,"Ppdpf","Cd74",0.2,0.04
0.131511449230096,6.77335152976586,0.920807669419335,1,"Bex3","Cd74",0.2,0.04
0.131511449230096,6.77335152976586,0.920807669419335,1,"Rsbn1l","Cd74",0.2,0.04
0.131511449230096,6.77335152976586,0.920807669419335,1,"Med28","Cd74",0.2,0.04
-0.13320225409647,6.79402699337032,0.920807669419335,1,"Rgs18","Cd74",0.2,0.04
-0.13320225409647,6.79402699337032,0.920807669419335,1,"Mcts1","Cd74",0.2,0.04
-0.114640398626622,6.78100930652913,0.920807669419335,1,"Eno1","Cd74",0.2,0.04
-0.114640398626622,6.78100930652913,0.920807669419335,1,"Nsd2","Cd74",0.2,0.04
-0.114640398626622,6.78100930652913,0.920807669419335,1,"Phf14","Cd74",0.2,0.04
-0.114640398626622,6.78100930652913,0.920807669419335,1,"Tia1","Cd74",0.2,0.04
-0.0958366083717342,6.76784115151547,0.920807669419335,1,"Ncf2","Cd74",0.2,0.04
-0.0958366083717342,6.76784115151547,0.920807669419335,1,"Zc3h15","Cd74",0.2,0.04
-0.0958366083717342,6.76784115151547,0.920807669419335,1,"Rps6ka1","Cd74",0.2,0.04
-0.0958366083717342,6.76784115151547,0.920807669419335,1,"Tyms","Cd74",0.2,0.04
-0.0958366083717342,6.76784115151547,0.920807669419335,1,"Asah1","Cd74",0.2,0.04
-0.0958366083717342,6.76784115151547,0.920807669419335,1,"Snx1","Cd74",0.2,0.04
0.0413154554864347,11.7297790112841,0.922282962862292,1,"Rps14","Cd74",0.2,0.04
-0.169624515775508,6.81962465677783,0.923099602825325,1,"Lsm7","Cd74",0.2,0.04
-0.169624515775508,6.81962465677783,0.923099602825325,1,"Polr2a","Cd74",0.2,0.04
-0.169624515775508,6.81962465677783,0.923099602825325,1,"Kif20b","Cd74",0.2,0.04
-0.169624515775508,6.81962465677783,0.923099602825325,1,"Npm3","Cd74",0.2,0.04
-0.151528321381337,6.80689766478302,0.923099602825325,1,"1700025G04Rik","Cd74",0.2,0.04
-0.151528321381337,6.80689766478302,0.923099602825325,1,"Phactr2","Cd74",0.2,0.04
-0.151528321381337,6.80689766478302,0.923099602825325,1,"Rbm7","Cd74",0.2,0.04
0.111942473702922,6.78665831560909,0.923099602825325,1,"Irf2","Cd74",0.2,0.04
0.092635386941543,6.79980985742556,0.923099602825325,1,"Casp8","Cd74",0.2,0.04
0.092635386941543,6.79980985742556,0.923099602825325,1,"Necap2","Cd74",0.2,0.04
0.092635386941543,6.79980985742556,0.923099602825325,1,"Prtn3","Cd74",0.2,0.04
0.0735832717766993,6.81280979777264,0.923099602825325,1,"1700020I14Rik","Cd74",0.2,0.04
0.0735832717766993,6.81280979777264,0.923099602825325,1,"Jtb","Cd74",0.2,0.04
0.0735832717766993,6.81280979777264,0.923099602825325,1,"Eps15","Cd74",0.2,0.04
0.0735832717766993,6.81280979777264,0.923099602825325,1,"Hnrnpul1","Cd74",0.2,0.04
0.0735832717766993,6.81280979777264,0.923099602825325,1,"Rrm1","Cd74",0.2,0.04
0.0735832717766993,6.81280979777264,0.923099602825325,1,"Sf3b3","Cd74",0.2,0.04
-0.0884080400221995,8.03660209363055,0.923164075740691,1,"Fus","Cd74",0.2,0.04
-0.073078399510159,8.0268590031008,0.923164075740691,1,"Tgfb1","Cd74",0.2,0.04
0.0719858574006276,8.07106236180693,0.925236249010666,1,"Hnrnpc","Cd74",0.2,0.04
-0.0611499679165304,8.72828697361516,0.925467266061663,1,"Serinc3","Cd74",0.2,0.04
-0.104259330358495,6.93518924831368,0.927290301732774,1,"Anapc16","Cd74",0.2,0.04
-0.104259330358495,6.93518924831368,0.927290301732774,1,"Acsl5","Cd74",0.2,0.04
-0.0874297452554682,6.92353010404387,0.927290301732774,1,"Asf1b","Cd74",0.2,0.04
0.133522216454553,6.91870512352377,0.927290301732774,1,"Denr","Cd74",0.2,0.04
0.133522216454553,6.91870512352377,0.927290301732774,1,"Cul1","Cd74",0.2,0.04
0.133522216454553,6.91870512352377,0.927290301732774,1,"Larp1","Cd74",0.2,0.04
0.0679530345679389,8.13677144967783,0.928140870742308,1,"Actr2","Cd74",0.2,0.04
0.09842896836585,6.9423319466049,0.929211731077896,1,"Epn1","Cd74",0.2,0.04
0.09842896836585,6.9423319466049,0.929211731077896,1,"Shtn1","Cd74",0.2,0.04
0.0811973519052912,6.95396131158582,0.929211731077896,1,"Cltc","Cd74",0.2,0.04
0.0641691237803843,6.96547141952887,0.929211731077896,1,"Rps27rt","Cd74",0.2,0.04
-0.169680555558215,6.98066258348213,0.929211731077896,1,"Baz1b","Cd74",0.2,0.04
-0.153601262790788,6.96946398965699,0.929211731077896,1,"Fnbp1","Cd74",0.2,0.04
-0.137340739447969,6.95815378157497,0.929211731077896,1,"Bcas2","Cd74",0.2,0.04
-0.137340739447969,6.95815378157497,0.929211731077896,1,"Siva1","Cd74",0.2,0.04
-0.137340739447969,6.95815378157497,0.929211731077896,1,"Ier3ip1","Cd74",0.2,0.04
-0.0471080540712706,10.3613377636093,0.93157201634261,1,"Rpl4","Cd74",0.2,0.04
-0.066036191232652,8.2196080173977,0.931676579610647,1,"Rpl36al","Cd74",0.2,0.04
-0.0806645311583248,7.06408122179556,0.932753890603557,1,"Rbms1","Cd74",0.2,0.04
0.135170316670373,7.05090121940158,0.932753890603557,1,"Sec11a","Cd74",0.2,0.04
0.135170316670373,7.05090121940158,0.932753890603557,1,"Scaf11","Cd74",0.2,0.04
0.135170316670373,7.05090121940158,0.932753890603557,1,"Srp19","Cd74",0.2,0.04
0.0676635537526003,8.25566999176602,0.933315876833123,1,"Mrpl52","Cd74",0.2,0.04
-0.155258517712603,7.11535326113432,0.934390410964975,1,"Rbbp7","Cd74",0.2,0.04
-0.155258517712603,7.11535326113432,0.934390410964975,1,"Dpm3","Cd74",0.2,0.04
-0.155258517712603,7.11535326113432,0.934390410964975,1,"Limd1","Cd74",0.2,0.04
-0.140645081113141,7.10528327211394,0.934390410964975,1,"Eif1ax","Cd74",0.2,0.04
-0.140645081113141,7.10528327211394,0.934390410964975,1,"Samd9l","Cd74",0.2,0.04
-0.140645081113141,7.10528327211394,0.934390410964975,1,"Rex1bd","Cd74",0.2,0.04
0.0874602795796532,7.08271137691362,0.934390410964975,1,"Ddx6","Cd74",0.2,0.04
0.0565081792669839,7.10342612419225,0.934390410964975,1,"Sec62","Cd74",0.2,0.04
0.0565081792669839,7.10342612419225,0.934390410964975,1,"1810058I24Rik","Cd74",0.2,0.04
-0.102787990191038,7.210983317679,0.937427750693481,1,"Cdc42se1","Cd74",0.2,0.04
0.121782775667933,7.18184972431272,0.937427750693481,1,"Prpf4b","Cd74",0.2,0.04
0.107169339068471,7.19149514145453,0.937427750693481,1,"Polr2j","Cd74",0.2,0.04
0.0927024426984942,7.20105777430852,0.937427750693481,1,"Myo1f","Cd74",0.2,0.04
-0.129951869147974,7.22948002585351,0.938839945515765,1,"Myo1g","Cd74",0.2,0.04
0.050152322807735,7.22926336574293,0.938839945515765,1,"Phf5a","Cd74",0.2,0.04
0.1105471386116,7.3017846100137,0.941475804651963,1,"Foxp1","Cd74",0.2,0.04
0.0577072185860192,7.3364446075472,0.94270789297508,1,"Cbx1","Cd74",0.2,0.04
0.0447941880062826,7.34494370503343,0.94270789297508,1,"Map4k4","Cd74",0.2,0.04
0.0447941880062826,7.34494370503343,0.94270789297508,1,"Git2","Cd74",0.2,0.04
-0.133336011998334,7.35223580177361,0.94270789297508,1,"Pdcd5","Cd74",0.2,0.04
-0.133336011998334,7.35223580177361,0.94270789297508,1,"Nsmce4a","Cd74",0.2,0.04
-0.133336011998334,7.35223580177361,0.94270789297508,1,"Eif4a2","Cd74",0.2,0.04
0.0886230038329769,7.4204468445777,0.945018687268251,1,"Phb2","Cd74",0.2,0.04
-0.0664992406531767,7.41865950064867,0.945018687268252,1,"Cenpx","Cd74",0.2,0.04
0.0642164415000908,7.43632872223554,0.946103777409672,1,"Ube2n","Cd74",0.2,0.04
0.0521662694209413,7.44418549268283,0.946103777409672,1,"Ogt","Cd74",0.2,0.04
0.0521662694209413,7.44418549268283,0.946103777409672,1,"Ttc14","Cd74",0.2,0.04
0.0521662694209413,7.44418549268283,0.946103777409672,1,"Lat2","Cd74",0.2,0.04
0.0402159137743257,7.4519872484175,0.946103777409672,1,"Glipr1","Cd74",0.2,0.04
0.0927427227868784,7.51509862365456,0.948147353299046,1,"Rabac1","Cd74",0.2,0.04
0.0812676310603422,7.52249458130189,0.948147353299046,1,"Sdhb","Cd74",0.2,0.04
-0.0741396877232489,7.52714685805099,0.948147353299046,1,"Lamtor2","Cd74",0.2,0.04
-0.0741396877232489,7.52714685805099,0.948147353299046,1,"S100a13","Cd74",0.2,0.04
-0.0631035032757402,7.51985394166973,0.948147353299046,1,"Atxn7l3b","Cd74",0.2,0.04
0.0362587716102678,7.5515964156698,0.949110773410278,1,"Sin3b","Cd74",0.2,0.04
0.0493987932314457,8.70533369862584,0.94959915436438,1,"Psmb1","Cd74",0.2,0.04
0.0855693734569652,7.61089153761772,0.950931800550179,1,"Ube2m","Cd74",0.2,0.04
0.0855693734569652,7.61089153761772,0.950931800550179,1,"Ptpre","Cd74",0.2,0.04
0.0855693734569652,7.61089153761772,0.950931800550179,1,"Supt4a","Cd74",0.2,0.04
-0.0807305371523723,7.62792345128466,0.950931800550179,1,"Cwc15","Cd74",0.2,0.04
-0.0601532874178592,7.61442719105895,0.950931800550179,1,"Itgb2","Cd74",0.2,0.04
-0.0552793650467919,7.78682073449557,0.955676120717469,1,"Esd","Cd74",0.2,0.04
-0.0552793650467919,7.78682073449557,0.955676120717469,1,"AY036118","Cd74",0.2,0.04
-0.0506076916142376,8.95976077938455,0.956973534308735,1,"Prdx1","Cd74",0.2,0.04
-0.0704978956027018,7.8769479506265,0.957714744076256,1,"Top1","Cd74",0.2,0.04
0.0597941485794779,7.87049836204416,0.957714744076257,1,"Tomm22","Cd74",0.2,0.04
0.0509282576573052,7.87606792824416,0.958352587333314,1,"Fubp1","Cd74",0.2,0.04
0.0421165182795057,7.88160986994116,0.958352587333314,1,"Atp6v1f","Cd74",0.2,0.04
-0.0452115153874343,9.02788177443005,0.95887218453621,1,"Eef1g","Cd74",0.2,0.04
-0.0653520603248459,8.02195577148963,0.96126969671482,1,"Tmem14c","Cd74",0.2,0.04
0.0682976640073122,8.00721431721675,0.96126969671482,1,"Ndufs5","Cd74",0.2,0.04
0.0283809578748433,8.03200123618035,0.961804107015604,1,"Ankrd11","Cd74",0.2,0.04
-0.0215596357038936,12.1855146481886,0.961856263115023,1,"H2-Aa","Cd74",0.2,0.04
-0.0557317161511739,8.08468168467568,0.962829321542026,1,"Mtpn","Cd74",0.2,0.04
0.0642595182153145,8.07581882666276,0.962829321542026,1,"Gnb1","Cd74",0.2,0.04
0.0605819768410046,8.14128634326239,0.964266771789891,1,"Gpsm3","Cd74",0.2,0.04
0.0459518895528302,8.15026209290198,0.964266771789891,1,"Scp2","Cd74",0.2,0.04
0.0572187912101392,8.20389215451969,0.965596008172737,1,"Tpr","Cd74",0.2,0.04
0.0264378863810386,10.0147792064622,0.967646953941905,1,"Cyba","Cd74",0.2,0.04
-0.0497864856354382,8.32747329587612,0.967975714180029,1,"Serp1","Cd74",0.2,0.04
0.038418546741961,8.32923768040457,0.967975714180029,1,"Skap2","Cd74",0.2,0.04
0.0183101233426846,10.2406818325586,0.972145215121378,1,"Ly6e","Cd74",0.2,0.04
-0.0373993880578164,8.71408211598461,0.974900783699529,1,"Rac2","Cd74",0.2,0.04
-0.0390408280557211,8.91594501173588,0.977882985297946,1,"Pclaf","Cd74",0.2,0.04
0.0266257650446865,8.95089039253764,0.978395994019998,1,"Eif3h","Cd74",0.2,0.04
-0.0300809428601922,8.98382620284882,0.97888564574119,1,"Hnrnpk","Cd74",0.2,0.04
-0.0287583642987716,9.15117517564717,0.981033841926565,1,"Cd47","Cd74",0.2,0.04
-0.2377511317922,5.06410561174068,0.999999999999999,1,"Actr1b","Cd74",0.2,0.04
-0.2377511317922,5.06410561174068,0.999999999999999,1,"Cyp20a1","Cd74",0.2,0.04
-0.2377511317922,5.06410561174068,0.999999999999999,1,"Suv39h1","Cd74",0.2,0.04
-0.2377511317922,5.06410561174068,0.999999999999999,1,"Kdm5c","Cd74",0.2,0.04
-0.2377511317922,5.06410561174068,0.999999999999999,1,"Ankrd13c","Cd74",0.2,0.04
-0.2377511317922,5.06410561174068,0.999999999999999,1,"A630072M18Rik","Cd74",0.2,0.04
-0.2377511317922,5.06410561174068,0.999999999999999,1,"Mxd4","Cd74",0.2,0.04
-0.2377511317922,5.06410561174068,0.999999999999999,1,"Limk1","Cd74",0.2,0.04
-0.2377511317922,5.06410561174068,0.999999999999999,1,"Tmem106b","Cd74",0.2,0.04
-0.2377511317922,5.06410561174068,0.999999999999999,1,"Pak4","Cd74",0.2,0.04
-0.2377511317922,5.06410561174068,0.999999999999999,1,"Arhgap18","Cd74",0.2,0.04
-0.2377511317922,5.06410561174068,0.999999999999999,1,"Abca7","Cd74",0.2,0.04
-0.2377511317922,5.06410561174068,0.999999999999999,1,"Cand1","Cd74",0.2,0.04
-0.2377511317922,5.06410561174068,0.999999999999999,1,"Rwdd4a","Cd74",0.2,0.04
-0.2377511317922,5.06410561174068,0.999999999999999,1,"Map1s","Cd74",0.2,0.04
-0.2377511317922,5.06410561174068,0.999999999999999,1,"Wdr83","Cd74",0.2,0.04
-0.2377511317922,5.06410561174068,0.999999999999999,1,"Dhx38","Cd74",0.2,0.04
-0.2377511317922,5.06410561174068,0.999999999999999,1,"Spg7","Cd74",0.2,0.04
-0.2377511317922,5.06410561174068,0.999999999999999,1,"Vcl","Cd74",0.2,0.04
-0.2377511317922,5.06410561174068,0.999999999999999,1,"Parg","Cd74",0.2,0.04
-0.2377511317922,5.06410561174068,0.999999999999999,1,"Parp4","Cd74",0.2,0.04
-0.2377511317922,5.06410561174068,0.999999999999999,1,"Clpx","Cd74",0.2,0.04
-0.2377511317922,5.06410561174068,0.999999999999999,1,"Cyb561d2","Cd74",0.2,0.04
-0.2377511317922,5.06410561174068,0.999999999999999,1,"Ykt6","Cd74",0.2,0.04
-0.2377511317922,5.06410561174068,0.999999999999999,1,"Coasy","Cd74",0.2,0.04
-0.2377511317922,5.06410561174068,0.999999999999999,1,"Arhgap27os2","Cd74",0.2,0.04
-0.2377511317922,5.06410561174068,0.999999999999999,1,"Gosr2","Cd74",0.2,0.04
-0.2377511317922,5.06410561174068,0.999999999999999,1,"Trappc13","Cd74",0.2,0.04
-0.2377511317922,5.06410561174068,0.999999999999999,1,"Nup155","Cd74",0.2,0.04
-0.2377511317922,5.06410561174068,0.999999999999999,1,"Ankrd54","Cd74",0.2,0.04
-0.2377511317922,5.06410561174068,0.999999999999999,1,"Trmt2a","Cd74",0.2,0.04
-0.2377511317922,5.06410561174068,0.999999999999999,1,"Cdc45","Cd74",0.2,0.04
-0.2377511317922,5.06410561174068,0.999999999999999,1,"Dhx16","Cd74",0.2,0.04
-0.2377511317922,5.06410561174068,0.999999999999999,1,"Ammecr1l","Cd74",0.2,0.04
-0.2377511317922,5.06410561174068,0.999999999999999,1,"Polr2d","Cd74",0.2,0.04
-0.2377511317922,5.06410561174068,0.999999999999999,1,"Znhit2","Cd74",0.2,0.04
-0.2377511317922,5.06410561174068,0.999999999999999,1,"1110059E24Rik","Cd74",0.2,0.04
-0.168125325756806,5.01423003360324,0.999999999999999,1,"Ncstn","Cd74",0.2,0.04
-0.168125325756806,5.01423003360324,0.999999999999999,1,"Rabgap1","Cd74",0.2,0.04
-0.168125325756806,5.01423003360324,0.999999999999999,1,"Mmadhc","Cd74",0.2,0.04
-0.168125325756806,5.01423003360324,0.999999999999999,1,"Tmx2","Cd74",0.2,0.04
-0.168125325756806,5.01423003360324,0.999999999999999,1,"Znfx1","Cd74",0.2,0.04
-0.168125325756806,5.01423003360324,0.999999999999999,1,"C1galt1c1","Cd74",0.2,0.04
-0.168125325756806,5.01423003360324,0.999999999999999,1,"Spata5","Cd74",0.2,0.04
-0.168125325756806,5.01423003360324,0.999999999999999,1,"Plrg1","Cd74",0.2,0.04
-0.168125325756806,5.01423003360324,0.999999999999999,1,"Dennd4b","Cd74",0.2,0.04
-0.168125325756806,5.01423003360324,0.999999999999999,1,"Chchd7","Cd74",0.2,0.04
-0.168125325756806,5.01423003360324,0.999999999999999,1,"Dnajc11","Cd74",0.2,0.04
-0.168125325756806,5.01423003360324,0.999999999999999,1,"Rab28","Cd74",0.2,0.04
-0.168125325756806,5.01423003360324,0.999999999999999,1,"Ugdh","Cd74",0.2,0.04
-0.168125325756806,5.01423003360324,0.999999999999999,1,"Chst12","Cd74",0.2,0.04
-0.168125325756806,5.01423003360324,0.999999999999999,1,"Nup205","Cd74",0.2,0.04
-0.168125325756806,5.01423003360324,0.999999999999999,1,"Tprkb","Cd74",0.2,0.04
-0.168125325756806,5.01423003360324,0.999999999999999,1,"Mbd4","Cd74",0.2,0.04
-0.168125325756806,5.01423003360324,0.999999999999999,1,"Grcc10","Cd74",0.2,0.04
-0.168125325756806,5.01423003360324,0.999999999999999,1,"Plekha5","Cd74",0.2,0.04
-0.168125325756806,5.01423003360324,0.999999999999999,1,"Strn4","Cd74",0.2,0.04
-0.168125325756806,5.01423003360324,0.999999999999999,1,"Dedd2","Cd74",0.2,0.04
-0.168125325756806,5.01423003360324,0.999999999999999,1,"Chsy1","Cd74",0.2,0.04
-0.168125325756806,5.01423003360324,0.999999999999999,1,"Polg","Cd74",0.2,0.04
-0.168125325756806,5.01423003360324,0.999999999999999,1,"Furin","Cd74",0.2,0.04
-0.168125325756806,5.01423003360324,0.999999999999999,1,"Alg8","Cd74",0.2,0.04
-0.168125325756806,5.01423003360324,0.999999999999999,1,"Trappc10","Cd74",0.2,0.04
-0.168125325756806,5.01423003360324,0.999999999999999,1,"Cnep1r1","Cd74",0.2,0.04
-0.168125325756806,5.01423003360324,0.999999999999999,1,"Apex1","Cd74",0.2,0.04
-0.168125325756806,5.01423003360324,0.999999999999999,1,"Khnyn","Cd74",0.2,0.04
-0.168125325756806,5.01423003360324,0.999999999999999,1,"Med17","Cd74",0.2,0.04
-0.168125325756806,5.01423003360324,0.999999999999999,1,"Tfdp2","Cd74",0.2,0.04
-0.168125325756806,5.01423003360324,0.999999999999999,1,"Sfi1","Cd74",0.2,0.04
-0.168125325756806,5.01423003360324,0.999999999999999,1,"Tmed4","Cd74",0.2,0.04
-0.168125325756806,5.01423003360324,0.999999999999999,1,"Trip13","Cd74",0.2,0.04
-0.168125325756806,5.01423003360324,0.999999999999999,1,"Zbed3","Cd74",0.2,0.04
-0.168125325756806,5.01423003360324,0.999999999999999,1,"Prkar2b","Cd74",0.2,0.04
-0.168125325756806,5.01423003360324,0.999999999999999,1,"Tars","Cd74",0.2,0.04
-0.168125325756806,5.01423003360324,0.999999999999999,1,"Espl1","Cd74",0.2,0.04
-0.168125325756806,5.01423003360324,0.999999999999999,1,"Dlg1","Cd74",0.2,0.04
-0.168125325756806,5.01423003360324,0.999999999999999,1,"Fgfr1op","Cd74",0.2,0.04
-0.168125325756806,5.01423003360324,0.999999999999999,1,"Haghl","Cd74",0.2,0.04
-0.168125325756806,5.01423003360324,0.999999999999999,1,"1700097N02Rik","Cd74",0.2,0.04
-0.168125325756806,5.01423003360324,0.999999999999999,1,"Arhgap26","Cd74",0.2,0.04
-0.168125325756806,5.01423003360324,0.999999999999999,1,"Cndp2","Cd74",0.2,0.04
-0.168125325756806,5.01423003360324,0.999999999999999,1,"Sgms1","Cd74",0.2,0.04
0.341195192370187,5.15800618974191,0.999999999999999,1,"Idh1","Cd74",0.2,0.04
0.341195192370187,5.15800618974191,0.999999999999999,1,"Cnot9","Cd74",0.2,0.04
0.341195192370187,5.15800618974191,0.999999999999999,1,"Uhmk1","Cd74",0.2,0.04
0.341195192370187,5.15800618974191,0.999999999999999,1,"Abca2","Cd74",0.2,0.04
0.341195192370187,5.15800618974191,0.999999999999999,1,"1110008P14Rik","Cd74",0.2,0.04
0.341195192370187,5.15800618974191,0.999999999999999,1,"Secisbp2l","Cd74",0.2,0.04
0.341195192370187,5.15800618974191,0.999999999999999,1,"Lrrcc1","Cd74",0.2,0.04
0.341195192370187,5.15800618974191,0.999999999999999,1,"Proser1","Cd74",0.2,0.04
0.341195192370187,5.15800618974191,0.999999999999999,1,"Znhit6","Cd74",0.2,0.04
0.341195192370187,5.15800618974191,0.999999999999999,1,"Klhl9","Cd74",0.2,0.04
0.341195192370187,5.15800618974191,0.999999999999999,1,"Wsb2","Cd74",0.2,0.04
0.341195192370187,5.15800618974191,0.999999999999999,1,"Braf","Cd74",0.2,0.04
0.341195192370187,5.15800618974191,0.999999999999999,1,"Lipe","Cd74",0.2,0.04
0.341195192370187,5.15800618974191,0.999999999999999,1,"Micu1","Cd74",0.2,0.04
0.341195192370187,5.15800618974191,0.999999999999999,1,"Csrp2","Cd74",0.2,0.04
0.341195192370187,5.15800618974191,0.999999999999999,1,"Rasa3","Cd74",0.2,0.04
0.341195192370187,5.15800618974191,0.999999999999999,1,"Cep44","Cd74",0.2,0.04
0.341195192370187,5.15800618974191,0.999999999999999,1,"Ccdc102a","Cd74",0.2,0.04
0.341195192370187,5.15800618974191,0.999999999999999,1,"Atad5","Cd74",0.2,0.04
0.341195192370187,5.15800618974191,0.999999999999999,1,"Galk1","Cd74",0.2,0.04
0.341195192370187,5.15800618974191,0.999999999999999,1,"Mpst","Cd74",0.2,0.04
0.341195192370187,5.15800618974191,0.999999999999999,1,"Csnk1e","Cd74",0.2,0.04
0.341195192370187,5.15800618974191,0.999999999999999,1,"Kmt2d","Cd74",0.2,0.04
0.341195192370187,5.15800618974191,0.999999999999999,1,"Thap7","Cd74",0.2,0.04
0.341195192370187,5.15800618974191,0.999999999999999,1,"Parp9","Cd74",0.2,0.04
0.341195192370187,5.15800618974191,0.999999999999999,1,"Kifc1","Cd74",0.2,0.04
0.341195192370187,5.15800618974191,0.999999999999999,1,"Cdc23","Cd74",0.2,0.04
0.341195192370187,5.15800618974191,0.999999999999999,1,"Fam122a","Cd74",0.2,0.04
-0.486843909874769,5.2458422351763,0.999999999999999,1,"Rpe","Cd74",0.2,0.04
-0.486843909874769,5.2458422351763,0.999999999999999,1,"Ifi207","Cd74",0.2,0.04
-0.486843909874769,5.2458422351763,0.999999999999999,1,"Traf5","Cd74",0.2,0.04
-0.486843909874769,5.2458422351763,0.999999999999999,1,"Spopl","Cd74",0.2,0.04
-0.486843909874769,5.2458422351763,0.999999999999999,1,"Myef2","Cd74",0.2,0.04
-0.486843909874769,5.2458422351763,0.999999999999999,1,"Abhd12","Cd74",0.2,0.04
-0.486843909874769,5.2458422351763,0.999999999999999,1,"Aifm1","Cd74",0.2,0.04
-0.486843909874769,5.2458422351763,0.999999999999999,1,"Setd7","Cd74",0.2,0.04
-0.486843909874769,5.2458422351763,0.999999999999999,1,"Gpr171","Cd74",0.2,0.04
-0.486843909874769,5.2458422351763,0.999999999999999,1,"Fbxw7","Cd74",0.2,0.04
-0.486843909874769,5.2458422351763,0.999999999999999,1,"Adar","Cd74",0.2,0.04
-0.486843909874769,5.2458422351763,0.999999999999999,1,"Zfp36","Cd74",0.2,0.04
-0.486843909874769,5.2458422351763,0.999999999999999,1,"Rcn3","Cd74",0.2,0.04
-0.486843909874769,5.2458422351763,0.999999999999999,1,"Lcmt1","Cd74",0.2,0.04
-0.486843909874769,5.2458422351763,0.999999999999999,1,"Cln3","Cd74",0.2,0.04
-0.486843909874769,5.2458422351763,0.999999999999999,1,"Tpgs1","Cd74",0.2,0.04
-0.486843909874769,5.2458422351763,0.999999999999999,1,"S1pr4","Cd74",0.2,0.04
-0.486843909874769,5.2458422351763,0.999999999999999,1,"Ddhd2","Cd74",0.2,0.04
-0.486843909874769,5.2458422351763,0.999999999999999,1,"Rpp14","Cd74",0.2,0.04
-0.486843909874769,5.2458422351763,0.999999999999999,1,"Mtmr2","Cd74",0.2,0.04
-0.486843909874769,5.2458422351763,0.999999999999999,1,"Sik2","Cd74",0.2,0.04
-0.486843909874769,5.2458422351763,0.999999999999999,1,"Zfp445","Cd74",0.2,0.04
-0.486843909874769,5.2458422351763,0.999999999999999,1,"Pex13","Cd74",0.2,0.04
-0.486843909874769,5.2458422351763,0.999999999999999,1,"Rmnd5b","Cd74",0.2,0.04
-0.486843909874769,5.2458422351763,0.999999999999999,1,"Phf23","Cd74",0.2,0.04
-0.486843909874769,5.2458422351763,0.999999999999999,1,"Mif4gd","Cd74",0.2,0.04
-0.486843909874769,5.2458422351763,0.999999999999999,1,"Vps41","Cd74",0.2,0.04
-0.486843909874769,5.2458422351763,0.999999999999999,1,"Klhdc2","Cd74",0.2,0.04
-0.486843909874769,5.2458422351763,0.999999999999999,1,"Jkamp","Cd74",0.2,0.04
-0.486843909874769,5.2458422351763,0.999999999999999,1,"Zhx1","Cd74",0.2,0.04
-0.486843909874769,5.2458422351763,0.999999999999999,1,"Tcf20","Cd74",0.2,0.04
-0.486843909874769,5.2458422351763,0.999999999999999,1,"D17Wsu92e","Cd74",0.2,0.04
-0.486843909874769,5.2458422351763,0.999999999999999,1,"Stk19","Cd74",0.2,0.04
-0.486843909874769,5.2458422351763,0.999999999999999,1,"Pja2","Cd74",0.2,0.04
-0.486843909874769,5.2458422351763,0.999999999999999,1,"Smc5","Cd74",0.2,0.04
-0.428485635366884,5.20282632673417,0.999999999999999,1,"Rab3gap1","Cd74",0.2,0.04
-0.428485635366884,5.20282632673417,0.999999999999999,1,"Atf2","Cd74",0.2,0.04
-0.428485635366884,5.20282632673417,0.999999999999999,1,"Pank2","Cd74",0.2,0.04
-0.428485635366884,5.20282632673417,0.999999999999999,1,"4930579G24Rik","Cd74",0.2,0.04
-0.428485635366884,5.20282632673417,0.999999999999999,1,"Pdik1l","Cd74",0.2,0.04
-0.428485635366884,5.20282632673417,0.999999999999999,1,"Ube4b","Cd74",0.2,0.04
-0.428485635366884,5.20282632673417,0.999999999999999,1,"Tyw1","Cd74",0.2,0.04
-0.428485635366884,5.20282632673417,0.999999999999999,1,"Lrmp","Cd74",0.2,0.04
-0.428485635366884,5.20282632673417,0.999999999999999,1,"Shkbp1","Cd74",0.2,0.04
-0.428485635366884,5.20282632673417,0.999999999999999,1,"Cyth2","Cd74",0.2,0.04
-0.428485635366884,5.20282632673417,0.999999999999999,1,"Rnf146","Cd74",0.2,0.04
-0.428485635366884,5.20282632673417,0.999999999999999,1,"Pfkl","Cd74",0.2,0.04
-0.428485635366884,5.20282632673417,0.999999999999999,1,"Ncln","Cd74",0.2,0.04
-0.428485635366884,5.20282632673417,0.999999999999999,1,"Ddx49","Cd74",0.2,0.04
-0.428485635366884,5.20282632673417,0.999999999999999,1,"Gins2","Cd74",0.2,0.04
-0.428485635366884,5.20282632673417,0.999999999999999,1,"Camk2g","Cd74",0.2,0.04
-0.428485635366884,5.20282632673417,0.999999999999999,1,"Gpalpp1","Cd74",0.2,0.04
-0.428485635366884,5.20282632673417,0.999999999999999,1,"Zfp266","Cd74",0.2,0.04
-0.428485635366884,5.20282632673417,0.999999999999999,1,"Clk3","Cd74",0.2,0.04
-0.428485635366884,5.20282632673417,0.999999999999999,1,"Csnk1g1","Cd74",0.2,0.04
-0.428485635366884,5.20282632673417,0.999999999999999,1,"Mb21d1","Cd74",0.2,0.04
-0.428485635366884,5.20282632673417,0.999999999999999,1,"Myd88","Cd74",0.2,0.04
-0.428485635366884,5.20282632673417,0.999999999999999,1,"Patz1","Cd74",0.2,0.04
-0.428485635366884,5.20282632673417,0.999999999999999,1,"Pold2","Cd74",0.2,0.04
-0.428485635366884,5.20282632673417,0.999999999999999,1,"Znhit3","Cd74",0.2,0.04
-0.428485635366884,5.20282632673417,0.999999999999999,1,"Ska2","Cd74",0.2,0.04
-0.428485635366884,5.20282632673417,0.999999999999999,1,"Stard3","Cd74",0.2,0.04
-0.428485635366884,5.20282632673417,0.999999999999999,1,"Srp68","Cd74",0.2,0.04
-0.428485635366884,5.20282632673417,0.999999999999999,1,"Tdp2","Cd74",0.2,0.04
-0.428485635366884,5.20282632673417,0.999999999999999,1,"Rreb1","Cd74",0.2,0.04
-0.428485635366884,5.20282632673417,0.999999999999999,1,"Zfp410","Cd74",0.2,0.04
-0.428485635366884,5.20282632673417,0.999999999999999,1,"Rab5a","Cd74",0.2,0.04
-0.428485635366884,5.20282632673417,0.999999999999999,1,"Ppp4r1","Cd74",0.2,0.04
-0.428485635366884,5.20282632673417,0.999999999999999,1,"Esco1","Cd74",0.2,0.04
-0.428485635366884,5.20282632673417,0.999999999999999,1,"Csnk1g3","Cd74",0.2,0.04
-0.367666837750725,5.15827398892446,0.999999999999999,1,"Ormdl1","Cd74",0.2,0.04
-0.367666837750725,5.15827398892446,0.999999999999999,1,"Fam117b","Cd74",0.2,0.04
-0.367666837750725,5.15827398892446,0.999999999999999,1,"Tor3a","Cd74",0.2,0.04
-0.367666837750725,5.15827398892446,0.999999999999999,1,"Phospho2","Cd74",0.2,0.04
-0.367666837750725,5.15827398892446,0.999999999999999,1,"Cstf3","Cd74",0.2,0.04
-0.367666837750725,5.15827398892446,0.999999999999999,1,"Kif18a","Cd74",0.2,0.04
-0.367666837750725,5.15827398892446,0.999999999999999,1,"Rprd1b","Cd74",0.2,0.04
-0.367666837750725,5.15827398892446,0.999999999999999,1,"Zmpste24","Cd74",0.2,0.04
-0.367666837750725,5.15827398892446,0.999999999999999,1,"Lsm10","Cd74",0.2,0.04
-0.367666837750725,5.15827398892446,0.999999999999999,1,"Selenoi","Cd74",0.2,0.04
-0.367666837750725,5.15827398892446,0.999999999999999,1,"Bcl2l12","Cd74",0.2,0.04
-0.367666837750725,5.15827398892446,0.999999999999999,1,"Zfp771","Cd74",0.2,0.04
-0.367666837750725,5.15827398892446,0.999999999999999,1,"Dapk3","Cd74",0.2,0.04
-0.367666837750725,5.15827398892446,0.999999999999999,1,"Gnptab","Cd74",0.2,0.04
-0.367666837750725,5.15827398892446,0.999999999999999,1,"Nup107","Cd74",0.2,0.04
-0.367666837750725,5.15827398892446,0.999999999999999,1,"Piezo1","Cd74",0.2,0.04
-0.367666837750725,5.15827398892446,0.999999999999999,1,"Dcaf11","Cd74",0.2,0.04
-0.367666837750725,5.15827398892446,0.999999999999999,1,"Rnf26","Cd74",0.2,0.04
-0.367666837750725,5.15827398892446,0.999999999999999,1,"Qrich1","Cd74",0.2,0.04
-0.367666837750725,5.15827398892446,0.999999999999999,1,"Clasp2","Cd74",0.2,0.04
-0.367666837750725,5.15827398892446,0.999999999999999,1,"Ss18l2","Cd74",0.2,0.04
-0.367666837750725,5.15827398892446,0.999999999999999,1,"Gid4","Cd74",0.2,0.04
-0.367666837750725,5.15827398892446,0.999999999999999,1,"Dhfr","Cd74",0.2,0.04
-0.367666837750725,5.15827398892446,0.999999999999999,1,"Mocs2","Cd74",0.2,0.04
-0.367666837750725,5.15827398892446,0.999999999999999,1,"Zfp131","Cd74",0.2,0.04
-0.367666837750725,5.15827398892446,0.999999999999999,1,"Ifrd1","Cd74",0.2,0.04
-0.367666837750725,5.15827398892446,0.999999999999999,1,"Gtpbp1","Cd74",0.2,0.04
-0.367666837750725,5.15827398892446,0.999999999999999,1,"Adsl","Cd74",0.2,0.04
-0.367666837750725,5.15827398892446,0.999999999999999,1,"2610037D02Rik","Cd74",0.2,0.04
-0.367666837750725,5.15827398892446,0.999999999999999,1,"Scaf4","Cd74",0.2,0.04
-0.367666837750725,5.15827398892446,0.999999999999999,1,"Pdpk1","Cd74",0.2,0.04
-0.367666837750725,5.15827398892446,0.999999999999999,1,"Gm26724","Cd74",0.2,0.04
-0.367666837750725,5.15827398892446,0.999999999999999,1,"Rgl2","Cd74",0.2,0.04
-0.367666837750725,5.15827398892446,0.999999999999999,1,"Washc1","Cd74",0.2,0.04
0.339594273293578,4.66484141831803,0.999999999999999,1,"Slc39a10","Cd74",0.2,0.04
0.339594273293578,4.66484141831803,0.999999999999999,1,"Atg4b","Cd74",0.2,0.04
0.339594273293578,4.66484141831803,0.999999999999999,1,"Kdsr","Cd74",0.2,0.04
0.339594273293578,4.66484141831803,0.999999999999999,1,"Ipo9","Cd74",0.2,0.04
0.339594273293578,4.66484141831803,0.999999999999999,1,"Chml","Cd74",0.2,0.04
0.339594273293578,4.66484141831803,0.999999999999999,1,"Surf2","Cd74",0.2,0.04
0.339594273293578,4.66484141831803,0.999999999999999,1,"Nmi","Cd74",0.2,0.04
0.339594273293578,4.66484141831803,0.999999999999999,1,"Ino80","Cd74",0.2,0.04
0.339594273293578,4.66484141831803,0.999999999999999,1,"Uckl1","Cd74",0.2,0.04
0.339594273293578,4.66484141831803,0.999999999999999,1,"Wdr44","Cd74",0.2,0.04
0.339594273293578,4.66484141831803,0.999999999999999,1,"Ints6l","Cd74",0.2,0.04
0.339594273293578,4.66484141831803,0.999999999999999,1,"Ect2","Cd74",0.2,0.04
0.339594273293578,4.66484141831803,0.999999999999999,1,"St7l","Cd74",0.2,0.04
0.339594273293578,4.66484141831803,0.999999999999999,1,"Kdm4c","Cd74",0.2,0.04
0.339594273293578,4.66484141831803,0.999999999999999,1,"Tceanc2","Cd74",0.2,0.04
0.339594273293578,4.66484141831803,0.999999999999999,1,"Eif2b3","Cd74",0.2,0.04
0.339594273293578,4.66484141831803,0.999999999999999,1,"Zfp984","Cd74",0.2,0.04
0.339594273293578,4.66484141831803,0.999999999999999,1,"Lrrc47","Cd74",0.2,0.04
0.339594273293578,4.66484141831803,0.999999999999999,1,"Armc10","Cd74",0.2,0.04
0.339594273293578,4.66484141831803,0.999999999999999,1,"Ube3b","Cd74",0.2,0.04
0.339594273293578,4.66484141831803,0.999999999999999,1,"Sh2b2","Cd74",0.2,0.04
0.339594273293578,4.66484141831803,0.999999999999999,1,"Usp42","Cd74",0.2,0.04
0.339594273293578,4.66484141831803,0.999999999999999,1,"Trrap","Cd74",0.2,0.04
0.339594273293578,4.66484141831803,0.999999999999999,1,"Kat8","Cd74",0.2,0.04
0.339594273293578,4.66484141831803,0.999999999999999,1,"Crybg1","Cd74",0.2,0.04
0.339594273293578,4.66484141831803,0.999999999999999,1,"Map2k7","Cd74",0.2,0.04
0.339594273293578,4.66484141831803,0.999999999999999,1,"Rnf170","Cd74",0.2,0.04
0.339594273293578,4.66484141831803,0.999999999999999,1,"Polr3d","Cd74",0.2,0.04
0.339594273293578,4.66484141831803,0.999999999999999,1,"Sidt2","Cd74",0.2,0.04
0.339594273293578,4.66484141831803,0.999999999999999,1,"Aph1c","Cd74",0.2,0.04
0.339594273293578,4.66484141831803,0.999999999999999,1,"Atr","Cd74",0.2,0.04
0.339594273293578,4.66484141831803,0.999999999999999,1,"Trim11","Cd74",0.2,0.04
0.339594273293578,4.66484141831803,0.999999999999999,1,"Map2k4","Cd74",0.2,0.04
0.339594273293578,4.66484141831803,0.999999999999999,1,"Pfas","Cd74",0.2,0.04
0.339594273293578,4.66484141831803,0.999999999999999,1,"Dusp3","Cd74",0.2,0.04
0.339594273293578,4.66484141831803,0.999999999999999,1,"Foxk2","Cd74",0.2,0.04
0.339594273293578,4.66484141831803,0.999999999999999,1,"Cdyl","Cd74",0.2,0.04
0.339594273293578,4.66484141831803,0.999999999999999,1,"Rnaseh1","Cd74",0.2,0.04
0.339594273293578,4.66484141831803,0.999999999999999,1,"Selenoo","Cd74",0.2,0.04
0.339594273293578,4.66484141831803,0.999999999999999,1,"Ano6","Cd74",0.2,0.04
0.339594273293578,4.66484141831803,0.999999999999999,1,"Asb8","Cd74",0.2,0.04
0.339594273293578,4.66484141831803,0.999999999999999,1,"Zfp943","Cd74",0.2,0.04
0.339594273293578,4.66484141831803,0.999999999999999,1,"Borcs7","Cd74",0.2,0.04
0.241578804946734,4.73016221440541,0.999999999999999,1,"Smg7","Cd74",0.2,0.04
0.241578804946734,4.73016221440541,0.999999999999999,1,"Dusp12","Cd74",0.2,0.04
0.241578804946734,4.73016221440541,0.999999999999999,1,"Rbm18","Cd74",0.2,0.04
0.241578804946734,4.73016221440541,0.999999999999999,1,"Zgpat","Cd74",0.2,0.04
0.241578804946734,4.73016221440541,0.999999999999999,1,"Ccdc22","Cd74",0.2,0.04
0.241578804946734,4.73016221440541,0.999999999999999,1,"Trmt2b","Cd74",0.2,0.04
0.241578804946734,4.73016221440541,0.999999999999999,1,"Tiparp","Cd74",0.2,0.04
0.241578804946734,4.73016221440541,0.999999999999999,1,"Cept1","Cd74",0.2,0.04
0.241578804946734,4.73016221440541,0.999999999999999,1,"Lyrm2","Cd74",0.2,0.04
0.241578804946734,4.73016221440541,0.999999999999999,1,"Rnf38","Cd74",0.2,0.04
0.241578804946734,4.73016221440541,0.999999999999999,1,"Zfp362","Cd74",0.2,0.04
0.241578804946734,4.73016221440541,0.999999999999999,1,"Ppp1r8","Cd74",0.2,0.04
0.241578804946734,4.73016221440541,0.999999999999999,1,"Mtor","Cd74",0.2,0.04
0.241578804946734,4.73016221440541,0.999999999999999,1,"Rufy3","Cd74",0.2,0.04
0.241578804946734,4.73016221440541,0.999999999999999,1,"Coq5","Cd74",0.2,0.04
0.241578804946734,4.73016221440541,0.999999999999999,1,"Zfp865","Cd74",0.2,0.04
0.241578804946734,4.73016221440541,0.999999999999999,1,"Haus5","Cd74",0.2,0.04
0.241578804946734,4.73016221440541,0.999999999999999,1,"Aen","Cd74",0.2,0.04
0.241578804946734,4.73016221440541,0.999999999999999,1,"Ccdc90b","Cd74",0.2,0.04
0.241578804946734,4.73016221440541,0.999999999999999,1,"L3mbtl3","Cd74",0.2,0.04
0.241578804946734,4.73016221440541,0.999999999999999,1,"Sirt1","Cd74",0.2,0.04
0.241578804946734,4.73016221440541,0.999999999999999,1,"Cry1","Cd74",0.2,0.04
0.241578804946734,4.73016221440541,0.999999999999999,1,"Atg4d","Cd74",0.2,0.04
0.241578804946734,4.73016221440541,0.999999999999999,1,"Gclc","Cd74",0.2,0.04
0.241578804946734,4.73016221440541,0.999999999999999,1,"Slc25a20","Cd74",0.2,0.04
0.241578804946734,4.73016221440541,0.999999999999999,1,"Abt1","Cd74",0.2,0.04
0.241578804946734,4.73016221440541,0.999999999999999,1,"E2f3","Cd74",0.2,0.04
0.241578804946734,4.73016221440541,0.999999999999999,1,"Utp15","Cd74",0.2,0.04
0.241578804946734,4.73016221440541,0.999999999999999,1,"Pygl","Cd74",0.2,0.04
0.241578804946734,4.73016221440541,0.999999999999999,1,"Batf","Cd74",0.2,0.04
0.241578804946734,4.73016221440541,0.999999999999999,1,"AW549877","Cd74",0.2,0.04
0.241578804946734,4.73016221440541,0.999999999999999,1,"Cpsf1","Cd74",0.2,0.04
0.241578804946734,4.73016221440541,0.999999999999999,1,"Gm26518","Cd74",0.2,0.04
0.241578804946734,4.73016221440541,0.999999999999999,1,"Slc25a1","Cd74",0.2,0.04
0.241578804946734,4.73016221440541,0.999999999999999,1,"Trmt10c","Cd74",0.2,0.04
0.241578804946734,4.73016221440541,0.999999999999999,1,"Afdn","Cd74",0.2,0.04
0.241578804946734,4.73016221440541,0.999999999999999,1,"Pigq","Cd74",0.2,0.04
0.241578804946734,4.73016221440541,0.999999999999999,1,"B430306N03Rik","Cd74",0.2,0.04
0.241578804946734,4.73016221440541,0.999999999999999,1,"Lonp1","Cd74",0.2,0.04
0.241578804946734,4.73016221440541,0.999999999999999,1,"Gnpda1","Cd74",0.2,0.04
0.241578804946734,4.73016221440541,0.999999999999999,1,"Ehd1","Cd74",0.2,0.04
0.149800895421304,4.79229759575863,0.999999999999999,1,"Abi2","Cd74",0.2,0.04
0.149800895421304,4.79229759575863,0.999999999999999,1,"Iars2","Cd74",0.2,0.04
0.149800895421304,4.79229759575863,0.999999999999999,1,"Nmt2","Cd74",0.2,0.04
0.149800895421304,4.79229759575863,0.999999999999999,1,"Phyh","Cd74",0.2,0.04
0.149800895421304,4.79229759575863,0.999999999999999,1,"Plekha3","Cd74",0.2,0.04
0.149800895421304,4.79229759575863,0.999999999999999,1,"Apmap","Cd74",0.2,0.04
0.149800895421304,4.79229759575863,0.999999999999999,1,"Atp11c","Cd74",0.2,0.04
0.149800895421304,4.79229759575863,0.999999999999999,1,"Pgrmc2","Cd74",0.2,0.04
0.149800895421304,4.79229759575863,0.999999999999999,1,"Slc35a1","Cd74",0.2,0.04
0.149800895421304,4.79229759575863,0.999999999999999,1,"Snapc3","Cd74",0.2,0.04
0.149800895421304,4.79229759575863,0.999999999999999,1,"Yars","Cd74",0.2,0.04
0.149800895421304,4.79229759575863,0.999999999999999,1,"Rgs12","Cd74",0.2,0.04
0.149800895421304,4.79229759575863,0.999999999999999,1,"Zfp664","Cd74",0.2,0.04
0.149800895421304,4.79229759575863,0.999999999999999,1,"Gna12","Cd74",0.2,0.04
0.149800895421304,4.79229759575863,0.999999999999999,1,"Foxk1","Cd74",0.2,0.04
0.149800895421304,4.79229759575863,0.999999999999999,1,"Hspbp1","Cd74",0.2,0.04
0.149800895421304,4.79229759575863,0.999999999999999,1,"Clcn4","Cd74",0.2,0.04
0.149800895421304,4.79229759575863,0.999999999999999,1,"Zfp84","Cd74",0.2,0.04
0.149800895421304,4.79229759575863,0.999999999999999,1,"4931406P16Rik","Cd74",0.2,0.04
0.149800895421304,4.79229759575863,0.999999999999999,1,"Coq7","Cd74",0.2,0.04
0.149800895421304,4.79229759575863,0.999999999999999,1,"Adam8","Cd74",0.2,0.04
0.149800895421304,4.79229759575863,0.999999999999999,1,"Paox","Cd74",0.2,0.04
0.149800895421304,4.79229759575863,0.999999999999999,1,"Ltv1","Cd74",0.2,0.04
0.149800895421304,4.79229759575863,0.999999999999999,1,"Foxo3","Cd74",0.2,0.04
0.149800895421304,4.79229759575863,0.999999999999999,1,"Midn","Cd74",0.2,0.04
0.149800895421304,4.79229759575863,0.999999999999999,1,"Insr","Cd74",0.2,0.04
0.149800895421304,4.79229759575863,0.999999999999999,1,"Zswim8","Cd74",0.2,0.04
0.149800895421304,4.79229759575863,0.999999999999999,1,"Fbxl12","Cd74",0.2,0.04
0.149800895421304,4.79229759575863,0.999999999999999,1,"Nck1","Cd74",0.2,0.04
0.149800895421304,4.79229759575863,0.999999999999999,1,"Glb1","Cd74",0.2,0.04
0.149800895421304,4.79229759575863,0.999999999999999,1,"Rangrf","Cd74",0.2,0.04
0.149800895421304,4.79229759575863,0.999999999999999,1,"Tmem97","Cd74",0.2,0.04
0.149800895421304,4.79229759575863,0.999999999999999,1,"Dhx40","Cd74",0.2,0.04
0.149800895421304,4.79229759575863,0.999999999999999,1,"Nt5c3b","Cd74",0.2,0.04
0.149800895421304,4.79229759575863,0.999999999999999,1,"Kctd2","Cd74",0.2,0.04
0.149800895421304,4.79229759575863,0.999999999999999,1,"Exoc2","Cd74",0.2,0.04
0.149800895421304,4.79229759575863,0.999999999999999,1,"Msh3","Cd74",0.2,0.04
0.149800895421304,4.79229759575863,0.999999999999999,1,"Hspa2","Cd74",0.2,0.04
0.149800895421304,4.79229759575863,0.999999999999999,1,"Cpq","Cd74",0.2,0.04
0.149800895421304,4.79229759575863,0.999999999999999,1,"Tango2","Cd74",0.2,0.04
0.149800895421304,4.79229759575863,0.999999999999999,1,"Acat2","Cd74",0.2,0.04
0.149800895421304,4.79229759575863,0.999999999999999,1,"Akap8l","Cd74",0.2,0.04
0.149800895421304,4.79229759575863,0.999999999999999,1,"Napg","Cd74",0.2,0.04
0.211279486411662,5.24793454205529,1,1,"Agpat2","Cd74",0.2,0.04
0.211279486411662,5.24793454205529,1,1,"Pola1","Cd74",0.2,0.04
0.211279486411662,5.24793454205529,1,1,"Sec24b","Cd74",0.2,0.04
0.211279486411662,5.24793454205529,1,1,"Ubap2","Cd74",0.2,0.04
0.211279486411662,5.24793454205529,1,1,"Yrdc","Cd74",0.2,0.04
0.211279486411662,5.24793454205529,1,1,"Pptc7","Cd74",0.2,0.04
0.211279486411662,5.24793454205529,1,1,"Malsu1","Cd74",0.2,0.04
0.211279486411662,5.24793454205529,1,1,"Polr1a","Cd74",0.2,0.04
0.211279486411662,5.24793454205529,1,1,"Pwp1","Cd74",0.2,0.04
0.211279486411662,5.24793454205529,1,1,"BC147527","Cd74",0.2,0.04
0.211279486411662,5.24793454205529,1,1,"Dcp2","Cd74",0.2,0.04
0.211279486411662,5.24793454205529,1,1,"Asrgl1","Cd74",0.2,0.04
0.211279486411662,5.24793454205529,1,1,"Pi4k2a","Cd74",0.2,0.04
-0.197765119788119,6.20648244803265,1,1,"Ube2f","Cd74",0.2,0.04
-0.197765119788119,6.20648244803265,1,1,"Ppid","Cd74",0.2,0.04
-0.197765119788119,6.20648244803265,1,1,"Dcaf12","Cd74",0.2,0.04
-0.197765119788119,6.20648244803265,1,1,"Leprot","Cd74",0.2,0.04
-0.197765119788119,6.20648244803265,1,1,"Sf3a3","Cd74",0.2,0.04
-0.197765119788119,6.20648244803265,1,1,"Polr2l","Cd74",0.2,0.04
-0.197765119788119,6.20648244803265,1,1,"Smad4","Cd74",0.2,0.04
-0.169322540181359,6.18586056753075,1,1,"Adss","Cd74",0.2,0.04
-0.169322540181359,6.18586056753075,1,1,"Impa1","Cd74",0.2,0.04
-0.169322540181359,6.18586056753075,1,1,"1810022K09Rik","Cd74",0.2,0.04
-0.169322540181359,6.18586056753075,1,1,"Eed","Cd74",0.2,0.04
-0.169322540181359,6.18586056753075,1,1,"Stard3nl","Cd74",0.2,0.04
-0.169322540181359,6.18586056753075,1,1,"Arsb","Cd74",0.2,0.04
-0.169322540181359,6.18586056753075,1,1,"H2-M3","Cd74",0.2,0.04
0.150792771810808,5.66135732518425,1,1,"Mindy3","Cd74",0.2,0.04
0.150792771810808,5.66135732518425,1,1,"Dpm1","Cd74",0.2,0.04
0.150792771810808,5.66135732518425,1,1,"Sec31a","Cd74",0.2,0.04
0.150792771810808,5.66135732518425,1,1,"Zfp326","Cd74",0.2,0.04
0.150792771810808,5.66135732518425,1,1,"Nt5c3","Cd74",0.2,0.04
0.150792771810808,5.66135732518425,1,1,"Ash2l","Cd74",0.2,0.04
0.150792771810808,5.66135732518425,1,1,"Pik3cg","Cd74",0.2,0.04
0.150792771810808,5.66135732518425,1,1,"Ncapg2","Cd74",0.2,0.04
0.150792771810808,5.66135732518425,1,1,"Acap2","Cd74",0.2,0.04
0.150792771810808,5.66135732518425,1,1,"Mea1","Cd74",0.2,0.04
0.150792771810808,5.66135732518425,1,1,"Plgrkt","Cd74",0.2,0.04
0.150792771810808,5.66135732518425,1,1,"Pdzd8","Cd74",0.2,0.04
0.150460688795503,5.29055402645215,1,1,"2310009B15Rik","Cd74",0.2,0.04
0.150460688795503,5.29055402645215,1,1,"Sft2d2","Cd74",0.2,0.04
0.150460688795503,5.29055402645215,1,1,"Itpkb","Cd74",0.2,0.04
0.150460688795503,5.29055402645215,1,1,"Tor2a","Cd74",0.2,0.04
0.150460688795503,5.29055402645215,1,1,"Stom","Cd74",0.2,0.04
0.150460688795503,5.29055402645215,1,1,"Tusc1","Cd74",0.2,0.04
0.150460688795503,5.29055402645215,1,1,"Kti12","Cd74",0.2,0.04
0.150460688795503,5.29055402645215,1,1,"2210016L21Rik","Cd74",0.2,0.04
0.150460688795503,5.29055402645215,1,1,"Aamdc","Cd74",0.2,0.04
0.150460688795503,5.29055402645215,1,1,"Clcn3","Cd74",0.2,0.04
0.150460688795503,5.29055402645215,1,1,"Mrpl55","Cd74",0.2,0.04
0.150460688795503,5.29055402645215,1,1,"Phf2","Cd74",0.2,0.04
0.150460688795503,5.29055402645215,1,1,"Rad17","Cd74",0.2,0.04
0.150460688795503,5.29055402645215,1,1,"March6","Cd74",0.2,0.04
0.150460688795503,5.29055402645215,1,1,"Mgrn1","Cd74",0.2,0.04
0.150460688795503,5.29055402645215,1,1,"Ptprs","Cd74",0.2,0.04
0.150460688795503,5.29055402645215,1,1,"Avpi1","Cd74",0.2,0.04
0.106703548036607,5.69262273294748,1,1,"Ino80d","Cd74",0.2,0.04
0.106703548036607,5.69262273294748,1,1,"Tbl1x","Cd74",0.2,0.04
0.106703548036607,5.69262273294748,1,1,"Rab9","Cd74",0.2,0.04
0.106703548036607,5.69262273294748,1,1,"Gclm","Cd74",0.2,0.04
0.106703548036607,5.69262273294748,1,1,"Smim12","Cd74",0.2,0.04
0.106703548036607,5.69262273294748,1,1,"Casp2","Cd74",0.2,0.04
0.106703548036607,5.69262273294748,1,1,"Tbpl1","Cd74",0.2,0.04
0.106703548036607,5.69262273294748,1,1,"Chtf8","Cd74",0.2,0.04
0.106703548036607,5.69262273294748,1,1,"Nsrp1","Cd74",0.2,0.04
0.106703548036607,5.69262273294748,1,1,"Strn3","Cd74",0.2,0.04
0.106703548036607,5.69262273294748,1,1,"Ppp2r5e","Cd74",0.2,0.04
0.106703548036607,5.69262273294748,1,1,"Mcm4","Cd74",0.2,0.04
0.106703548036607,5.69262273294748,1,1,"Gsto1","Cd74",0.2,0.04
0.0921024142876177,5.33174659977731,1,1,"Ctdsp1","Cd74",0.2,0.04
0.0921024142876177,5.33174659977731,1,1,"Elk4","Cd74",0.2,0.04
0.0921024142876177,5.33174659977731,1,1,"Rc3h1","Cd74",0.2,0.04
0.0921024142876177,5.33174659977731,1,1,"Arfrp1","Cd74",0.2,0.04
0.0921024142876177,5.33174659977731,1,1,"Arhgap4","Cd74",0.2,0.04
0.0921024142876177,5.33174659977731,1,1,"Gdi1","Cd74",0.2,0.04
0.0921024142876177,5.33174659977731,1,1,"Taf1","Cd74",0.2,0.04
0.0921024142876177,5.33174659977731,1,1,"Pik3ca","Cd74",0.2,0.04
0.0921024142876177,5.33174659977731,1,1,"Ndufaf4","Cd74",0.2,0.04
0.0921024142876177,5.33174659977731,1,1,"Rngtt","Cd74",0.2,0.04
0.0921024142876177,5.33174659977731,1,1,"Stk40","Cd74",0.2,0.04
0.0921024142876177,5.33174659977731,1,1,"Snhg12","Cd74",0.2,0.04
0.0921024142876177,5.33174659977731,1,1,"Thap3","Cd74",0.2,0.04
0.0921024142876177,5.33174659977731,1,1,"Acox3","Cd74",0.2,0.04
0.0921024142876177,5.33174659977731,1,1,"Plbd2","Cd74",0.2,0.04
0.0921024142876177,5.33174659977731,1,1,"Ap4m1","Cd74",0.2,0.04
0.0921024142876177,5.33174659977731,1,1,"Sympk","Cd74",0.2,0.04
0.0921024142876177,5.33174659977731,1,1,"Usp10","Cd74",0.2,0.04
0.0921024142876177,5.33174659977731,1,1,"Tbc1d4","Cd74",0.2,0.04
0.0921024142876177,5.33174659977731,1,1,"Ndfip2","Cd74",0.2,0.04
0.0921024142876177,5.33174659977731,1,1,"Mbnl2","Cd74",0.2,0.04
0.0921024142876177,5.33174659977731,1,1,"Ankrd49","Cd74",0.2,0.04
0.0921024142876177,5.33174659977731,1,1,"Aplp2","Cd74",0.2,0.04
0.0921024142876177,5.33174659977731,1,1,"Elovl5","Cd74",0.2,0.04
0.0921024142876177,5.33174659977731,1,1,"Mpdu1","Cd74",0.2,0.04
0.0921024142876177,5.33174659977731,1,1,"Tmem229b","Cd74",0.2,0.04
0.0921024142876177,5.33174659977731,1,1,"Wdr20","Cd74",0.2,0.04
0.0921024142876177,5.33174659977731,1,1,"Fam91a1","Cd74",0.2,0.04
0.0921024142876177,5.33174659977731,1,1,"Golgb1","Cd74",0.2,0.04
0.0921024142876177,5.33174659977731,1,1,"Dyrk1a","Cd74",0.2,0.04
0.0921024142876177,5.33174659977731,1,1,"Ythdc2","Cd74",0.2,0.04
0.0921024142876177,5.33174659977731,1,1,"D030056L22Rik","Cd74",0.2,0.04
0.0921024142876177,5.33174659977731,1,1,"Fam160b1","Cd74",0.2,0.04
0.063921845568396,5.72309343694724,1,1,"Zbtb18","Cd74",0.2,0.04
0.063921845568396,5.72309343694724,1,1,"Emc4","Cd74",0.2,0.04
0.063921845568396,5.72309343694724,1,1,"Kctd10","Cd74",0.2,0.04
0.063921845568396,5.72309343694724,1,1,"Rmnd5a","Cd74",0.2,0.04
0.063921845568396,5.72309343694724,1,1,"Bms1","Cd74",0.2,0.04
0.063921845568396,5.72309343694724,1,1,"Kmt2b","Cd74",0.2,0.04
0.063921845568396,5.72309343694724,1,1,"Mum1","Cd74",0.2,0.04
0.063921845568396,5.72309343694724,1,1,"Eif4enif1","Cd74",0.2,0.04
0.063921845568396,5.72309343694724,1,1,"Ptp4a3","Cd74",0.2,0.04
0.063921845568396,5.72309343694724,1,1,"Traf7","Cd74",0.2,0.04
0.063921845568396,5.72309343694724,1,1,"Trappc8","Cd74",0.2,0.04
-0.0497535451721663,7.60761767753473,1,1,"Mpc2","Cd74",0.2,0.04
-0.0392782911838555,7.60076653982567,1,1,"Prmt1","Cd74",0.2,0.04
-0.034026150194226,8.00212695726402,1,1,"Atrx","Cd74",0.2,0.04
-0.0287264208575431,7.59387323859239,1,1,"Ndufa1","Cd74",0.2,0.04
-0.0287264208575431,7.59387323859239,1,1,"Rdx","Cd74",0.2,0.04
-0.423907374479966,4.39607553993049,1,1,"Ankrd39","Cd74",0.2,0.04
-0.423907374479966,4.39607553993049,1,1,"Hibch","Cd74",0.2,0.04
-0.423907374479966,4.39607553993049,1,1,"Kdm5b","Cd74",0.2,0.04
-0.423907374479966,4.39607553993049,1,1,"Abl2","Cd74",0.2,0.04
-0.423907374479966,4.39607553993049,1,1,"Fam20b","Cd74",0.2,0.04
-0.423907374479966,4.39607553993049,1,1,"Scyl3","Cd74",0.2,0.04
-0.423907374479966,4.39607553993049,1,1,"Exo1","Cd74",0.2,0.04
-0.423907374479966,4.39607553993049,1,1,"Med27","Cd74",0.2,0.04
-0.423907374479966,4.39607553993049,1,1,"St6galnac6","Cd74",0.2,0.04
-0.423907374479966,4.39607553993049,1,1,"Spred1","Cd74",0.2,0.04
-0.423907374479966,4.39607553993049,1,1,"Taf4","Cd74",0.2,0.04
-0.423907374479966,4.39607553993049,1,1,"Lsm14b","Cd74",0.2,0.04
-0.423907374479966,4.39607553993049,1,1,"Mtg2","Cd74",0.2,0.04
-0.423907374479966,4.39607553993049,1,1,"Phka2","Cd74",0.2,0.04
-0.423907374479966,4.39607553993049,1,1,"Slc33a1","Cd74",0.2,0.04
-0.423907374479966,4.39607553993049,1,1,"Etfdh","Cd74",0.2,0.04
-0.423907374479966,4.39607553993049,1,1,"Gba","Cd74",0.2,0.04
-0.423907374479966,4.39607553993049,1,1,"Gstm1","Cd74",0.2,0.04
-0.423907374479966,4.39607553993049,1,1,"Lrrc40","Cd74",0.2,0.04
-0.423907374479966,4.39607553993049,1,1,"Ikbkap","Cd74",0.2,0.04
-0.423907374479966,4.39607553993049,1,1,"Mycbp","Cd74",0.2,0.04
-0.423907374479966,4.39607553993049,1,1,"Bsdc1","Cd74",0.2,0.04
-0.423907374479966,4.39607553993049,1,1,"Rbm48","Cd74",0.2,0.04
-0.423907374479966,4.39607553993049,1,1,"Stx18","Cd74",0.2,0.04
-0.423907374479966,4.39607553993049,1,1,"Abraxas1","Cd74",0.2,0.04
-0.423907374479966,4.39607553993049,1,1,"1500011B03Rik","Cd74",0.2,0.04
-0.423907374479966,4.39607553993049,1,1,"Mphosph9","Cd74",0.2,0.04
-0.423907374479966,4.39607553993049,1,1,"Slc35b4","Cd74",0.2,0.04
-0.423907374479966,4.39607553993049,1,1,"Phc1","Cd74",0.2,0.04
-0.423907374479966,4.39607553993049,1,1,"Fkrp","Cd74",0.2,0.04
-0.423907374479966,4.39607553993049,1,1,"2410002F23Rik","Cd74",0.2,0.04
-0.423907374479966,4.39607553993049,1,1,"Tpp1","Cd74",0.2,0.04
-0.423907374479966,4.39607553993049,1,1,"Lats1","Cd74",0.2,0.04
-0.423907374479966,4.39607553993049,1,1,"Stxbp5","Cd74",0.2,0.04
-0.423907374479966,4.39607553993049,1,1,"Nt5dc1","Cd74",0.2,0.04
-0.423907374479966,4.39607553993049,1,1,"Rev3l","Cd74",0.2,0.04
-0.423907374479966,4.39607553993049,1,1,"Mcm3ap","Cd74",0.2,0.04
-0.423907374479966,4.39607553993049,1,1,"Frs2","Cd74",0.2,0.04
-0.423907374479966,4.39607553993049,1,1,"Ddit3","Cd74",0.2,0.04
-0.423907374479966,4.39607553993049,1,1,"Slc35e1","Cd74",0.2,0.04
-0.423907374479966,4.39607553993049,1,1,"Slc10a7","Cd74",0.2,0.04
-0.423907374479966,4.39607553993049,1,1,"Lonp2","Cd74",0.2,0.04
-0.423907374479966,4.39607553993049,1,1,"Dus2","Cd74",0.2,0.04
-0.423907374479966,4.39607553993049,1,1,"Utp4","Cd74",0.2,0.04
-0.423907374479966,4.39607553993049,1,1,"Ttc13","Cd74",0.2,0.04
-0.423907374479966,4.39607553993049,1,1,"Naa30","Cd74",0.2,0.04
-0.423907374479966,4.39607553993049,1,1,"Fdft1","Cd74",0.2,0.04
-0.423907374479966,4.39607553993049,1,1,"Dis3","Cd74",0.2,0.04
-0.423907374479966,4.39607553993049,1,1,"Fut4","Cd74",0.2,0.04
-0.423907374479966,4.39607553993049,1,1,"Mto1","Cd74",0.2,0.04
-0.423907374479966,4.39607553993049,1,1,"Armc8","Cd74",0.2,0.04
-0.423907374479966,4.39607553993049,1,1,"Limk2","Cd74",0.2,0.04
-0.423907374479966,4.39607553993049,1,1,"Meis1","Cd74",0.2,0.04
-0.423907374479966,4.39607553993049,1,1,"Sec24a","Cd74",0.2,0.04
-0.423907374479966,4.39607553993049,1,1,"Pik3r6","Cd74",0.2,0.04
-0.423907374479966,4.39607553993049,1,1,"Senp3","Cd74",0.2,0.04
-0.423907374479966,4.39607553993049,1,1,"Mrpl10","Cd74",0.2,0.04
-0.423907374479966,4.39607553993049,1,1,"Cwc25","Cd74",0.2,0.04
-0.423907374479966,4.39607553993049,1,1,"Cog1","Cd74",0.2,0.04
-0.423907374479966,4.39607553993049,1,1,"Fam8a1","Cd74",0.2,0.04
-0.423907374479966,4.39607553993049,1,1,"Ddx1","Cd74",0.2,0.04
-0.423907374479966,4.39607553993049,1,1,"Sept3","Cd74",0.2,0.04
-0.423907374479966,4.39607553993049,1,1,"Slc4a8","Cd74",0.2,0.04
-0.423907374479966,4.39607553993049,1,1,"Parn","Cd74",0.2,0.04
-0.423907374479966,4.39607553993049,1,1,"Tbccd1","Cd74",0.2,0.04
-0.423907374479966,4.39607553993049,1,1,"Tjap1","Cd74",0.2,0.04
-0.423907374479966,4.39607553993049,1,1,"Dennd1c","Cd74",0.2,0.04
-0.423907374479966,4.39607553993049,1,1,"Rab12","Cd74",0.2,0.04
-0.423907374479966,4.39607553993049,1,1,"Esrra","Cd74",0.2,0.04
-0.423907374479966,4.39607553993049,1,1,"Ms4a3","Cd74",0.2,0.04
-0.423907374479966,4.39607553993049,1,1,"Rcl1","Cd74",0.2,0.04
-0.423907374479966,4.39607553993049,1,1,"R3hcc1l","Cd74",0.2,0.04
-0.423907374479966,4.39607553993049,1,1,"Cfap43","Cd74",0.2,0.04
-0.30078536703586,4.31353639500423,1,1,"Lactb2","Cd74",0.2,0.04
-0.30078536703586,4.31353639500423,1,1,"Mitd1","Cd74",0.2,0.04
-0.30078536703586,4.31353639500423,1,1,"Bpnt1","Cd74",0.2,0.04
-0.30078536703586,4.31353639500423,1,1,"Hacd1","Cd74",0.2,0.04
-0.30078536703586,4.31353639500423,1,1,"Dph7","Cd74",0.2,0.04
-0.30078536703586,4.31353639500423,1,1,"Abl1","Cd74",0.2,0.04
-0.30078536703586,4.31353639500423,1,1,"Mvb12b","Cd74",0.2,0.04
-0.30078536703586,4.31353639500423,1,1,"Eif2ak4","Cd74",0.2,0.04
-0.30078536703586,4.31353639500423,1,1,"Ccdc32","Cd74",0.2,0.04
-0.30078536703586,4.31353639500423,1,1,"4930402H24Rik","Cd74",0.2,0.04
-0.30078536703586,4.31353639500423,1,1,"Map1lc3a","Cd74",0.2,0.04
-0.30078536703586,4.31353639500423,1,1,"B4galt5","Cd74",0.2,0.04
-0.30078536703586,4.31353639500423,1,1,"Fam122b","Cd74",0.2,0.04
-0.30078536703586,4.31353639500423,1,1,"Rtl5","Cd74",0.2,0.04
-0.30078536703586,4.31353639500423,1,1,"Ammecr1","Cd74",0.2,0.04
-0.30078536703586,4.31353639500423,1,1,"Vps45","Cd74",0.2,0.04
-0.30078536703586,4.31353639500423,1,1,"Hist2h2be","Cd74",0.2,0.04
-0.30078536703586,4.31353639500423,1,1,"Pex11b","Cd74",0.2,0.04
-0.30078536703586,4.31353639500423,1,1,"Galt","Cd74",0.2,0.04
-0.30078536703586,4.31353639500423,1,1,"Lrrc41","Cd74",0.2,0.04
-0.30078536703586,4.31353639500423,1,1,"Abcb1b","Cd74",0.2,0.04
-0.30078536703586,4.31353639500423,1,1,"Sh3bp2","Cd74",0.2,0.04
-0.30078536703586,4.31353639500423,1,1,"Clock","Cd74",0.2,0.04
-0.30078536703586,4.31353639500423,1,1,"Mrpl1","Cd74",0.2,0.04
-0.30078536703586,4.31353639500423,1,1,"Pole","Cd74",0.2,0.04
-0.30078536703586,4.31353639500423,1,1,"Ulk1","Cd74",0.2,0.04
-0.30078536703586,4.31353639500423,1,1,"Paip2b","Cd74",0.2,0.04
-0.30078536703586,4.31353639500423,1,1,"Smyd5","Cd74",0.2,0.04
-0.30078536703586,4.31353639500423,1,1,"Suclg2","Cd74",0.2,0.04
-0.30078536703586,4.31353639500423,1,1,"Plekhg2","Cd74",0.2,0.04
-0.30078536703586,4.31353639500423,1,1,"Uevld","Cd74",0.2,0.04
-0.30078536703586,4.31353639500423,1,1,"Rnf121","Cd74",0.2,0.04
-0.30078536703586,4.31353639500423,1,1,"Mtrf1l","Cd74",0.2,0.04
-0.30078536703586,4.31353639500423,1,1,"Amd2","Cd74",0.2,0.04
-0.30078536703586,4.31353639500423,1,1,"Sesn1","Cd74",0.2,0.04
-0.30078536703586,4.31353639500423,1,1,"Zfp358","Cd74",0.2,0.04
-0.30078536703586,4.31353639500423,1,1,"Abhd13","Cd74",0.2,0.04
-0.30078536703586,4.31353639500423,1,1,"Fgfr1","Cd74",0.2,0.04
-0.30078536703586,4.31353639500423,1,1,"Pik3r2","Cd74",0.2,0.04
-0.30078536703586,4.31353639500423,1,1,"Hsh2d","Cd74",0.2,0.04
-0.30078536703586,4.31353639500423,1,1,"Elmod2","Cd74",0.2,0.04
-0.30078536703586,4.31353639500423,1,1,"Ccdc130","Cd74",0.2,0.04
-0.30078536703586,4.31353639500423,1,1,"Siah1a","Cd74",0.2,0.04
-0.30078536703586,4.31353639500423,1,1,"Katnb1","Cd74",0.2,0.04
-0.30078536703586,4.31353639500423,1,1,"Nup133","Cd74",0.2,0.04
-0.30078536703586,4.31353639500423,1,1,"2810402E24Rik","Cd74",0.2,0.04
-0.30078536703586,4.31353639500423,1,1,"Actr8","Cd74",0.2,0.04
-0.30078536703586,4.31353639500423,1,1,"Phf7","Cd74",0.2,0.04
-0.30078536703586,4.31353639500423,1,1,"Elp3","Cd74",0.2,0.04
-0.30078536703586,4.31353639500423,1,1,"Abcc4","Cd74",0.2,0.04
-0.30078536703586,4.31353639500423,1,1,"Bud13","Cd74",0.2,0.04
-0.30078536703586,4.31353639500423,1,1,"Pxylp1","Cd74",0.2,0.04
-0.30078536703586,4.31353639500423,1,1,"Nckipsd","Cd74",0.2,0.04
-0.30078536703586,4.31353639500423,1,1,"Crtap","Cd74",0.2,0.04
-0.30078536703586,4.31353639500423,1,1,"Col23a1","Cd74",0.2,0.04
-0.30078536703586,4.31353639500423,1,1,"Rap1gap2","Cd74",0.2,0.04
-0.30078536703586,4.31353639500423,1,1,"Kif18b","Cd74",0.2,0.04
-0.30078536703586,4.31353639500423,1,1,"Hexim1","Cd74",0.2,0.04
-0.30078536703586,4.31353639500423,1,1,"Rptor","Cd74",0.2,0.04
-0.30078536703586,4.31353639500423,1,1,"Faap100","Cd74",0.2,0.04
-0.30078536703586,4.31353639500423,1,1,"Nfil3","Cd74",0.2,0.04
-0.30078536703586,4.31353639500423,1,1,"Gm46430","Cd74",0.2,0.04
-0.30078536703586,4.31353639500423,1,1,"Fbxo33","Cd74",0.2,0.04
-0.30078536703586,4.31353639500423,1,1,"Gstz1","Cd74",0.2,0.04
-0.30078536703586,4.31353639500423,1,1,"Ttc7b","Cd74",0.2,0.04
-0.30078536703586,4.31353639500423,1,1,"Dnal4","Cd74",0.2,0.04
-0.30078536703586,4.31353639500423,1,1,"Trmu","Cd74",0.2,0.04
-0.30078536703586,4.31353639500423,1,1,"B3gnt5","Cd74",0.2,0.04
-0.30078536703586,4.31353639500423,1,1,"Nxpe3","Cd74",0.2,0.04
-0.30078536703586,4.31353639500423,1,1,"Chaf1b","Cd74",0.2,0.04
-0.30078536703586,4.31353639500423,1,1,"Tulp4","Cd74",0.2,0.04
-0.30078536703586,4.31353639500423,1,1,"Zfp160","Cd74",0.2,0.04
-0.30078536703586,4.31353639500423,1,1,"Zfp598","Cd74",0.2,0.04
-0.30078536703586,4.31353639500423,1,1,"Mapk8ip3","Cd74",0.2,0.04
-0.30078536703586,4.31353639500423,1,1,"Sos1","Cd74",0.2,0.04
-0.30078536703586,4.31353639500423,1,1,"Pacs1","Cd74",0.2,0.04
-0.30078536703586,4.31353639500423,1,1,"Cwf19l1","Cd74",0.2,0.04
-0.30078536703586,4.31353639500423,1,1,"Fbxw4","Cd74",0.2,0.04
-0.169456618559272,6.4298291682071,1,1,"Txndc9","Cd74",0.2,0.04
-0.169456618559272,6.4298291682071,1,1,"Hadhb","Cd74",0.2,0.04
-0.169456618559272,6.4298291682071,1,1,"Tyk2","Cd74",0.2,0.04
-0.169456618559272,6.4298291682071,1,1,"Mrps23","Cd74",0.2,0.04
-0.169456618559272,6.4298291682071,1,1,"Lasp1","Cd74",0.2,0.04
-0.169456618559272,6.4298291682071,1,1,"Nin","Cd74",0.2,0.04
-0.169456618559272,6.4298291682071,1,1,"Ntan1","Cd74",0.2,0.04
-0.120732630734336,6.39491443413418,1,1,"Pcif1","Cd74",0.2,0.04
-0.120732630734336,6.39491443413418,1,1,"Sept11","Cd74",0.2,0.04
-0.120732630734336,6.39491443413418,1,1,"Snx10","Cd74",0.2,0.04
-0.120732630734336,6.39491443413418,1,1,"Gpatch8","Cd74",0.2,0.04
-0.0957393310521064,6.37705423610619,1,1,"Med8","Cd74",0.2,0.04
-0.0957393310521064,6.37705423610619,1,1,"Dennd5a","Cd74",0.2,0.04
-0.0957393310521064,6.37705423610619,1,1,"Os9","Cd74",0.2,0.04
-0.0957393310521064,6.37705423610619,1,1,"Cdv3","Cd74",0.2,0.04
-0.0957393310521064,6.37705423610619,1,1,"Nsun2","Cd74",0.2,0.04
-0.0703054018709323,6.35891427597766,1,1,"Cep350","Cd74",0.2,0.04
-0.0703054018709323,6.35891427597766,1,1,"Hsd17b10","Cd74",0.2,0.04
-0.0703054018709323,6.35891427597766,1,1,"Cnot1","Cd74",0.2,0.04
-0.0703054018709323,6.35891427597766,1,1,"Bin3","Cd74",0.2,0.04
-0.0703054018709323,6.35891427597766,1,1,"Stt3a","Cd74",0.2,0.04
-0.0703054018709323,6.35891427597766,1,1,"Nufip2","Cd74",0.2,0.04
-0.0703054018709323,6.35891427597766,1,1,"Nmt1","Cd74",0.2,0.04
-0.0703054018709323,6.35891427597766,1,1,"Gpbp1","Cd74",0.2,0.04
-0.0703054018709323,6.35891427597766,1,1,"Eml4","Cd74",0.2,0.04
-0.0703054018709323,6.35891427597766,1,1,"Kdm3b","Cd74",0.2,0.04
0.291771411425606,5.56235921644687,1,1,"Ndufs1","Cd74",0.2,0.04
0.291771411425606,5.56235921644687,1,1,"Vgll4","Cd74",0.2,0.04
0.291771411425606,5.56235921644687,1,1,"Ngrn","Cd74",0.2,0.04
0.291771411425606,5.56235921644687,1,1,"Vsir","Cd74",0.2,0.04
0.291771411425606,5.56235921644687,1,1,"Baz2a","Cd74",0.2,0.04
0.291771411425606,5.56235921644687,1,1,"Rnaseh2a","Cd74",0.2,0.04
0.291771411425606,5.56235921644687,1,1,"Itfg1","Cd74",0.2,0.04
0.291771411425606,5.56235921644687,1,1,"Chmp1a","Cd74",0.2,0.04
0.291771411425606,5.56235921644687,1,1,"Tpm1","Cd74",0.2,0.04
0.291771411425606,5.56235921644687,1,1,"Atp2c1","Cd74",0.2,0.04
0.291771411425606,5.56235921644687,1,1,"Wdr48","Cd74",0.2,0.04
0.291771411425606,5.56235921644687,1,1,"Crk","Cd74",0.2,0.04
0.291771411425606,5.56235921644687,1,1,"Ddx52","Cd74",0.2,0.04
0.291771411425606,5.56235921644687,1,1,"Ssbp2","Cd74",0.2,0.04
0.291771411425606,5.56235921644687,1,1,"Ubr5","Cd74",0.2,0.04
0.291771411425606,5.56235921644687,1,1,"Bbx","Cd74",0.2,0.04
0.291771411425606,5.56235921644687,1,1,"Gart","Cd74",0.2,0.04
0.291771411425606,5.56235921644687,1,1,"Akap8","Cd74",0.2,0.04
0.291771411425606,5.56235921644687,1,1,"Rpp30","Cd74",0.2,0.04
-0.215748010810171,5.55346581420268,1,1,"Swt1","Cd74",0.2,0.04
-0.215748010810171,5.55346581420268,1,1,"Slamf8","Cd74",0.2,0.04
-0.215748010810171,5.55346581420268,1,1,"Nsfl1c","Cd74",0.2,0.04
-0.215748010810171,5.55346581420268,1,1,"Brcc3","Cd74",0.2,0.04
-0.215748010810171,5.55346581420268,1,1,"Mtx1","Cd74",0.2,0.04
-0.215748010810171,5.55346581420268,1,1,"Papss1","Cd74",0.2,0.04
-0.215748010810171,5.55346581420268,1,1,"Szrd1","Cd74",0.2,0.04
-0.215748010810171,5.55346581420268,1,1,"Nagk","Cd74",0.2,0.04
-0.215748010810171,5.55346581420268,1,1,"Abraxas2","Cd74",0.2,0.04
-0.215748010810171,5.55346581420268,1,1,"Ube2d1","Cd74",0.2,0.04
-0.215748010810171,5.55346581420268,1,1,"Farsa","Cd74",0.2,0.04
-0.215748010810171,5.55346581420268,1,1,"Appbp2","Cd74",0.2,0.04
-0.215748010810171,5.55346581420268,1,1,"Msi2","Cd74",0.2,0.04
-0.215748010810171,5.55346581420268,1,1,"Chmp6","Cd74",0.2,0.04
-0.215748010810171,5.55346581420268,1,1,"Pcyt2","Cd74",0.2,0.04
-0.215748010810171,5.55346581420268,1,1,"Yaf2","Cd74",0.2,0.04
-0.215748010810171,5.55346581420268,1,1,"Atg101","Cd74",0.2,0.04
-0.215748010810171,5.55346581420268,1,1,"Atp13a3","Cd74",0.2,0.04
-0.215748010810171,5.55346581420268,1,1,"Actr1a","Cd74",0.2,0.04
0.181356946950388,6.18144222656501,1,1,"Abcd1","Cd74",0.2,0.04
0.181356946950388,6.18144222656501,1,1,"Ufm1","Cd74",0.2,0.04
0.181356946950388,6.18144222656501,1,1,"Inip","Cd74",0.2,0.04
0.181356946950388,6.18144222656501,1,1,"Taf12","Cd74",0.2,0.04
0.181356946950388,6.18144222656501,1,1,"Zfp398","Cd74",0.2,0.04
0.181356946950388,6.18144222656501,1,1,"Pcbd2","Cd74",0.2,0.04
0.181356946950388,6.18144222656501,1,1,"Pim1","Cd74",0.2,0.04
-0.16878834411213,5.51919592407476,1,1,"Zfp451","Cd74",0.2,0.04
-0.16878834411213,5.51919592407476,1,1,"Nek2","Cd74",0.2,0.04
-0.16878834411213,5.51919592407476,1,1,"Nelfb","Cd74",0.2,0.04
-0.16878834411213,5.51919592407476,1,1,"G6pdx","Cd74",0.2,0.04
-0.16878834411213,5.51919592407476,1,1,"Preb","Cd74",0.2,0.04
-0.16878834411213,5.51919592407476,1,1,"Znhit1","Cd74",0.2,0.04
-0.16878834411213,5.51919592407476,1,1,"Atg5","Cd74",0.2,0.04
-0.16878834411213,5.51919592407476,1,1,"Kars","Cd74",0.2,0.04
-0.16878834411213,5.51919592407476,1,1,"1700123O20Rik","Cd74",0.2,0.04
-0.16878834411213,5.51919592407476,1,1,"Fam76b","Cd74",0.2,0.04
-0.16878834411213,5.51919592407476,1,1,"Keap1","Cd74",0.2,0.04
-0.16878834411213,5.51919592407476,1,1,"Alkbh5","Cd74",0.2,0.04
-0.16878834411213,5.51919592407476,1,1,"Mettl16","Cd74",0.2,0.04
-0.16878834411213,5.51919592407476,1,1,"Abr","Cd74",0.2,0.04
-0.16878834411213,5.51919592407476,1,1,"Trim25","Cd74",0.2,0.04
-0.16878834411213,5.51919592407476,1,1,"Timm9","Cd74",0.2,0.04
-0.16878834411213,5.51919592407476,1,1,"Nsmce2","Cd74",0.2,0.04
-0.16878834411213,5.51919592407476,1,1,"Fopnl","Cd74",0.2,0.04
-0.148860863975365,6.62333012991753,1,1,"Plekhf2","Cd74",0.2,0.04
-0.148860863975365,6.62333012991753,1,1,"Pds5a","Cd74",0.2,0.04
-0.148860863975365,6.62333012991753,1,1,"Ddx46","Cd74",0.2,0.04
-0.148860863975365,6.62333012991753,1,1,"Fam173a","Cd74",0.2,0.04
-0.120248565331497,5.48393485531694,1,1,"Pde6d","Cd74",0.2,0.04
-0.120248565331497,5.48393485531694,1,1,"Acbd3","Cd74",0.2,0.04
-0.120248565331497,5.48393485531694,1,1,"Sde2","Cd74",0.2,0.04
-0.120248565331497,5.48393485531694,1,1,"Utp14a","Cd74",0.2,0.04
-0.120248565331497,5.48393485531694,1,1,"5430427O19Rik","Cd74",0.2,0.04
-0.120248565331497,5.48393485531694,1,1,"Phgdh","Cd74",0.2,0.04
-0.120248565331497,5.48393485531694,1,1,"Prkacb","Cd74",0.2,0.04
-0.120248565331497,5.48393485531694,1,1,"Zzz3","Cd74",0.2,0.04
-0.120248565331497,5.48393485531694,1,1,"Chchd4","Cd74",0.2,0.04
-0.120248565331497,5.48393485531694,1,1,"Amn1","Cd74",0.2,0.04
-0.120248565331497,5.48393485531694,1,1,"Dctn5","Cd74",0.2,0.04
-0.120248565331497,5.48393485531694,1,1,"Nrbf2","Cd74",0.2,0.04
-0.120248565331497,5.48393485531694,1,1,"Ufsp2","Cd74",0.2,0.04
-0.120248565331497,5.48393485531694,1,1,"Diaph3","Cd74",0.2,0.04
-0.120248565331497,5.48393485531694,1,1,"Ccnh","Cd74",0.2,0.04
-0.120248565331497,5.48393485531694,1,1,"Bcap29","Cd74",0.2,0.04
-0.120248565331497,5.48393485531694,1,1,"Nampt","Cd74",0.2,0.04
-0.120248565331497,5.48393485531694,1,1,"4930453N24Rik","Cd74",0.2,0.04
-0.120248565331497,5.48393485531694,1,1,"Klhdc3","Cd74",0.2,0.04
-0.120248565331497,5.48393485531694,1,1,"Slc35a4","Cd74",0.2,0.04
-0.120248565331497,5.48393485531694,1,1,"Fibp","Cd74",0.2,0.04
-0.0849433857328787,6.57807293504398,1,1,"Dhx15","Cd74",0.2,0.04
-0.0849433857328787,6.57807293504398,1,1,"Jak2","Cd74",0.2,0.04
-0.0629923912821535,6.56258149482116,1,1,"Lyar","Cd74",0.2,0.04
-0.0629923912821535,6.56258149482116,1,1,"Xpo1","Cd74",0.2,0.04
-0.0629923912821535,6.56258149482116,1,1,"Pcnp","Cd74",0.2,0.04
-0.0629923912821535,6.56258149482116,1,1,"Cebpz","Cd74",0.2,0.04
0.0547794815218116,6.8256616532416,1,1,"Eif4e2","Cd74",0.2,0.04
0.0547794815218116,6.8256616532416,1,1,"Dync1i2","Cd74",0.2,0.04
0.0547794815218116,6.8256616532416,1,1,"Xrn2","Cd74",0.2,0.04
0.0547794815218116,6.8256616532416,1,1,"Zfp710","Cd74",0.2,0.04
0.0547794815218116,6.8256616532416,1,1,"Fermt3","Cd74",0.2,0.04
-0.0424987129274115,7.40269264514199,1,1,"Sfr1","Cd74",0.2,0.04
0.0362176260519632,6.83836882016083,1,1,"Rangap1","Cd74",0.2,0.04
0.0328043760438765,7.6447387154919,1,1,"Tmem50a","Cd74",0.2,0.04
-0.0325896539229077,8.1358884772884,1,1,"Dbnl","Cd74",0.2,0.04
-0.030347042909266,7.39462309552114,1,1,"Acin1","Cd74",0.2,0.04
-0.305316428720496,5.61924016685441,1,1,"Lin9","Cd74",0.2,0.04
-0.305316428720496,5.61924016685441,1,1,"Tor1b","Cd74",0.2,0.04
-0.305316428720496,5.61924016685441,1,1,"Prrc2b","Cd74",0.2,0.04
-0.305316428720496,5.61924016685441,1,1,"Ncaph","Cd74",0.2,0.04
-0.305316428720496,5.61924016685441,1,1,"Ctnnbl1","Cd74",0.2,0.04
-0.305316428720496,5.61924016685441,1,1,"Mrpl9","Cd74",0.2,0.04
-0.305316428720496,5.61924016685441,1,1,"Melk","Cd74",0.2,0.04
-0.305316428720496,5.61924016685441,1,1,"Miip","Cd74",0.2,0.04
-0.305316428720496,5.61924016685441,1,1,"Washc2","Cd74",0.2,0.04
-0.305316428720496,5.61924016685441,1,1,"Rpf2","Cd74",0.2,0.04
-0.305316428720496,5.61924016685441,1,1,"Slc4a7","Cd74",0.2,0.04
-0.305316428720496,5.61924016685441,1,1,"Socs4","Cd74",0.2,0.04
-0.305316428720496,5.61924016685441,1,1,"Supt6","Cd74",0.2,0.04
-0.305316428720496,5.61924016685441,1,1,"Cdk13","Cd74",0.2,0.04
-0.305316428720496,5.61924016685441,1,1,"Tspan17","Cd74",0.2,0.04
-0.305316428720496,5.61924016685441,1,1,"Mfsd14b","Cd74",0.2,0.04
-0.305316428720496,5.61924016685441,1,1,"Iah1","Cd74",0.2,0.04
-0.305316428720496,5.61924016685441,1,1,"Prkag1","Cd74",0.2,0.04
-0.305316428720496,5.61924016685441,1,1,"Mrps18a","Cd74",0.2,0.04
-0.261227204946295,5.58679757542244,1,1,"Rab22a","Cd74",0.2,0.04
-0.261227204946295,5.58679757542244,1,1,"Xpa","Cd74",0.2,0.04
-0.261227204946295,5.58679757542244,1,1,"Stx17","Cd74",0.2,0.04
-0.261227204946295,5.58679757542244,1,1,"Atp13a2","Cd74",0.2,0.04
-0.261227204946295,5.58679757542244,1,1,"Stat2","Cd74",0.2,0.04
-0.261227204946295,5.58679757542244,1,1,"Myo9b","Cd74",0.2,0.04
-0.261227204946295,5.58679757542244,1,1,"Vps4a","Cd74",0.2,0.04
-0.261227204946295,5.58679757542244,1,1,"Myo1c","Cd74",0.2,0.04
-0.261227204946295,5.58679757542244,1,1,"Cyth1","Cd74",0.2,0.04
-0.261227204946295,5.58679757542244,1,1,"Sqle","Cd74",0.2,0.04
-0.261227204946295,5.58679757542244,1,1,"Csf2rb","Cd74",0.2,0.04
-0.261227204946295,5.58679757542244,1,1,"Tfrc","Cd74",0.2,0.04
-0.261227204946295,5.58679757542244,1,1,"Epb41l4aos","Cd74",0.2,0.04
-0.261227204946295,5.58679757542244,1,1,"March5","Cd74",0.2,0.04
-0.239127305181027,5.94237748029119,1,1,"Tomm34","Cd74",0.2,0.04
-0.239127305181027,5.94237748029119,1,1,"Arhgef2","Cd74",0.2,0.04
-0.239127305181027,5.94237748029119,1,1,"Aebp2","Cd74",0.2,0.04
-0.239127305181027,5.94237748029119,1,1,"Ccnt1","Cd74",0.2,0.04
-0.239127305181027,5.94237748029119,1,1,"Tmx3","Cd74",0.2,0.04
-0.204549140330393,5.91707226977341,1,1,"Srgap2","Cd74",0.2,0.04
-0.204549140330393,5.91707226977341,1,1,"Csnk2a1","Cd74",0.2,0.04
-0.204549140330393,5.91707226977341,1,1,"Nelfa","Cd74",0.2,0.04
-0.204549140330393,5.91707226977341,1,1,"Ptk2b","Cd74",0.2,0.04
-0.204549140330393,5.91707226977341,1,1,"Hpcal1","Cd74",0.2,0.04
-0.204549140330393,5.91707226977341,1,1,"Satb1","Cd74",0.2,0.04
-0.204549140330393,5.91707226977341,1,1,"Gramd3","Cd74",0.2,0.04
-0.204549140330393,5.91707226977341,1,1,"Nfatc1","Cd74",0.2,0.04
-0.169121820421141,5.89121779884805,1,1,"Wdr12","Cd74",0.2,0.04
-0.169121820421141,5.89121779884805,1,1,"Arl4c","Cd74",0.2,0.04
-0.169121820421141,5.89121779884805,1,1,"Rbm38","Cd74",0.2,0.04
-0.169121820421141,5.89121779884805,1,1,"Clspn","Cd74",0.2,0.04
-0.169121820421141,5.89121779884805,1,1,"Fbxl14","Cd74",0.2,0.04
-0.169121820421141,5.89121779884805,1,1,"Tsen34","Cd74",0.2,0.04
-0.169121820421141,5.89121779884805,1,1,"Rab6a","Cd74",0.2,0.04
-0.169121820421141,5.89121779884805,1,1,"2310011J03Rik","Cd74",0.2,0.04
-0.169121820421141,5.89121779884805,1,1,"Mapk1ip1l","Cd74",0.2,0.04
-0.169121820421141,5.89121779884805,1,1,"Rpl10-ps3","Cd74",0.2,0.04
-0.169121820421141,5.89121779884805,1,1,"Sin3a","Cd74",0.2,0.04
-0.169121820421141,5.89121779884805,1,1,"Pik3cb","Cd74",0.2,0.04
-0.169121820421141,5.89121779884805,1,1,"Nop16","Cd74",0.2,0.04
-0.169121820421141,5.89121779884805,1,1,"4833420G17Rik","Cd74",0.2,0.04
-0.169121820421141,5.89121779884805,1,1,"Chaf1a","Cd74",0.2,0.04
-0.132802586866553,5.8647900685935,1,1,"Uggt1","Cd74",0.2,0.04
-0.132802586866553,5.8647900685935,1,1,"Uso1","Cd74",0.2,0.04
-0.132802586866553,5.8647900685935,1,1,"Armt1","Cd74",0.2,0.04
-0.132802586866553,5.8647900685935,1,1,"Mak16","Cd74",0.2,0.04
-0.132802586866553,5.8647900685935,1,1,"Dlst","Cd74",0.2,0.04
-0.132802586866553,5.8647900685935,1,1,"Rbm27","Cd74",0.2,0.04
-0.0955453678668089,5.83776349763561,1,1,"Zmynd8","Cd74",0.2,0.04
-0.0955453678668089,5.83776349763561,1,1,"Nkap","Cd74",0.2,0.04
-0.0955453678668089,5.83776349763561,1,1,"Sash3","Cd74",0.2,0.04
-0.0955453678668089,5.83776349763561,1,1,"Casp8ap2","Cd74",0.2,0.04
-0.0955453678668089,5.83776349763561,1,1,"Rragc","Cd74",0.2,0.04
-0.0955453678668089,5.83776349763561,1,1,"Lypla2","Cd74",0.2,0.04
-0.0955453678668089,5.83776349763561,1,1,"Ddt","Cd74",0.2,0.04
-0.0955453678668089,5.83776349763561,1,1,"Gna11","Cd74",0.2,0.04
-0.0955453678668089,5.83776349763561,1,1,"Krr1","Cd74",0.2,0.04
-0.0955453678668089,5.83776349763561,1,1,"Syce2","Cd74",0.2,0.04
-0.0955453678668089,5.83776349763561,1,1,"Tmem123","Cd74",0.2,0.04
-0.0955453678668089,5.83776349763561,1,1,"Erbin","Cd74",0.2,0.04
-0.0955453678668089,5.83776349763561,1,1,"Ylpm1","Cd74",0.2,0.04
-0.0955453678668089,5.83776349763561,1,1,"Mbp","Cd74",0.2,0.04
-0.0955453678668089,5.83776349763561,1,1,"Aip","Cd74",0.2,0.04
0.0925015661330552,6.24366960860565,1,1,"Nans","Cd74",0.2,0.04
0.0925015661330552,6.24366960860565,1,1,"Plxnc1","Cd74",0.2,0.04
0.0925015661330552,6.24366960860565,1,1,"Akap11","Cd74",0.2,0.04
0.0925015661330552,6.24366960860565,1,1,"Fcf1","Cd74",0.2,0.04
0.0925015661330552,6.24366960860565,1,1,"Psat1","Cd74",0.2,0.04
-0.0767844932068905,6.75451895337961,1,1,"Cd180","Cd74",0.2,0.04
-0.0767844932068905,6.75451895337961,1,1,"Zcrb1","Cd74",0.2,0.04
-0.0767844932068905,6.75451895337961,1,1,"Rsl1d1","Cd74",0.2,0.04
-0.0704015171305613,6.91174970121791,1,1,"Pfdn2","Cd74",0.2,0.04
-0.0704015171305613,6.91174970121791,1,1,"Srsf10","Cd74",0.2,0.04
0.0640589865262958,6.26369099182085,1,1,"Trim59","Cd74",0.2,0.04
0.0640589865262958,6.26369099182085,1,1,"Ranbp2","Cd74",0.2,0.04
0.0640589865262958,6.26369099182085,1,1,"Eri1","Cd74",0.2,0.04
-0.0574774064455114,6.74103900917646,1,1,"Rcsd1","Cd74",0.2,0.04
-0.0574774064455114,6.74103900917646,1,1,"Zmiz2","Cd74",0.2,0.04
-0.0574774064455114,6.74103900917646,1,1,"Mien1","Cd74",0.2,0.04
-0.0574774064455114,6.74103900917646,1,1,"BC031181","Cd74",0.2,0.04
-0.0531699006700025,6.8998454343107,1,1,"Fh1","Cd74",0.2,0.04
-0.0531699006700025,6.8998454343107,1,1,"Ifnar2","Cd74",0.2,0.04
-0.0531699006700025,6.8998454343107,1,1,"Rbfa","Cd74",0.2,0.04
-0.0519822441124596,7.51251328729436,1,1,"Mdh2","Cd74",0.2,0.04
-0.0407745884050512,7.50512423478379,1,1,"Ddost","Cd74",0.2,0.04
-0.0407745884050512,7.50512423478379,1,1,"Anapc5","Cd74",0.2,0.04
0.0361663252432759,6.2833722297873,1,1,"Naa20","Cd74",0.2,0.04
0.0361663252432759,6.2833722297873,1,1,"Zcchc7","Cd74",0.2,0.04
0.0361663252432759,6.2833722297873,1,1,"Runx3","Cd74",0.2,0.04
0.0361663252432759,6.2833722297873,1,1,"Il17ra","Cd74",0.2,0.04
0.0361663252432759,6.2833722297873,1,1,"Ssbp4","Cd74",0.2,0.04
0.0361663252432759,6.2833722297873,1,1,"Cnot6","Cd74",0.2,0.04
0.0361663252432759,6.2833722297873,1,1,"Sap30l","Cd74",0.2,0.04
0.0361663252432759,6.2833722297873,1,1,"Pak1ip1","Cd74",0.2,0.04
-0.0294791832774159,7.49768611010513,1,1,"Unc119","Cd74",0.2,0.04
-0.0294791832774159,7.49768611010513,1,1,"Fkbp2","Cd74",0.2,0.04
0.0205284563984318,8.03689356956959,1,1,"Ywhab","Cd74",0.2,0.04
1.49864960479816,3.35648979659823,1,1,"Bivm","Cd74",0.2,0.04
1.49864960479816,3.35648979659823,1,1,"1700066M21Rik","Cd74",0.2,0.04
1.49864960479816,3.35648979659823,1,1,"Farp2","Cd74",0.2,0.04
1.49864960479816,3.35648979659823,1,1,"Disp1","Cd74",0.2,0.04
1.49864960479816,3.35648979659823,1,1,"Gata3","Cd74",0.2,0.04
1.49864960479816,3.35648979659823,1,1,"Ankrd16","Cd74",0.2,0.04
1.49864960479816,3.35648979659823,1,1,"St8sia6","Cd74",0.2,0.04
1.49864960479816,3.35648979659823,1,1,"Inpp5e","Cd74",0.2,0.04
1.49864960479816,3.35648979659823,1,1,"Fkbp7","Cd74",0.2,0.04
1.49864960479816,3.35648979659823,1,1,"1110051M20Rik","Cd74",0.2,0.04
1.49864960479816,3.35648979659823,1,1,"Prdm11","Cd74",0.2,0.04
1.49864960479816,3.35648979659823,1,1,"Jmjd7","Cd74",0.2,0.04
1.49864960479816,3.35648979659823,1,1,"Tgif2","Cd74",0.2,0.04
1.49864960479816,3.35648979659823,1,1,"Ss18l1","Cd74",0.2,0.04
1.49864960479816,3.35648979659823,1,1,"B630019K06Rik","Cd74",0.2,0.04
1.49864960479816,3.35648979659823,1,1,"Xlr4c","Cd74",0.2,0.04
1.49864960479816,3.35648979659823,1,1,"Armcx6","Cd74",0.2,0.04
1.49864960479816,3.35648979659823,1,1,"Tbc1d8b","Cd74",0.2,0.04
1.49864960479816,3.35648979659823,1,1,"Amot","Cd74",0.2,0.04
1.49864960479816,3.35648979659823,1,1,"Klf8","Cd74",0.2,0.04
1.49864960479816,3.35648979659823,1,1,"Mid1","Cd74",0.2,0.04
1.49864960479816,3.35648979659823,1,1,"Pld1","Cd74",0.2,0.04
1.49864960479816,3.35648979659823,1,1,"Abhd18","Cd74",0.2,0.04
1.49864960479816,3.35648979659823,1,1,"Mnd1","Cd74",0.2,0.04
1.49864960479816,3.35648979659823,1,1,"Tmem154","Cd74",0.2,0.04
1.49864960479816,3.35648979659823,1,1,"Adgrl4","Cd74",0.2,0.04
1.49864960479816,3.35648979659823,1,1,"Cryz","Cd74",0.2,0.04
1.49864960479816,3.35648979659823,1,1,"Fam219a","Cd74",0.2,0.04
1.49864960479816,3.35648979659823,1,1,"Fam214b","Cd74",0.2,0.04
1.49864960479816,3.35648979659823,1,1,"Car9","Cd74",0.2,0.04
1.49864960479816,3.35648979659823,1,1,"Msantd3","Cd74",0.2,0.04
1.49864960479816,3.35648979659823,1,1,"Ttc39a","Cd74",0.2,0.04
1.49864960479816,3.35648979659823,1,1,"Zmym1","Cd74",0.2,0.04
1.49864960479816,3.35648979659823,1,1,"Lck","Cd74",0.2,0.04
1.49864960479816,3.35648979659823,1,1,"Gm28874","Cd74",0.2,0.04
1.49864960479816,3.35648979659823,1,1,"2700016F22Rik","Cd74",0.2,0.04
1.49864960479816,3.35648979659823,1,1,"Ppef2","Cd74",0.2,0.04
1.49864960479816,3.35648979659823,1,1,"Gm17655","Cd74",0.2,0.04
1.49864960479816,3.35648979659823,1,1,"2900026A02Rik","Cd74",0.2,0.04
1.49864960479816,3.35648979659823,1,1,"Gtf2ird1","Cd74",0.2,0.04
1.49864960479816,3.35648979659823,1,1,"Mblac1","Cd74",0.2,0.04
1.49864960479816,3.35648979659823,1,1,"E330009J07Rik","Cd74",0.2,0.04
1.49864960479816,3.35648979659823,1,1,"Ggct","Cd74",0.2,0.04
1.49864960479816,3.35648979659823,1,1,"Vopp1","Cd74",0.2,0.04
1.49864960479816,3.35648979659823,1,1,"Bhlhe40","Cd74",0.2,0.04
1.49864960479816,3.35648979659823,1,1,"Alox5","Cd74",0.2,0.04
1.49864960479816,3.35648979659823,1,1,"Klre1","Cd74",0.2,0.04
1.49864960479816,3.35648979659823,1,1,"Ldhb","Cd74",0.2,0.04
1.49864960479816,3.35648979659823,1,1,"Grik5","Cd74",0.2,0.04
1.49864960479816,3.35648979659823,1,1,"Sptbn4","Cd74",0.2,0.04
1.49864960479816,3.35648979659823,1,1,"Zfp60","Cd74",0.2,0.04
1.49864960479816,3.35648979659823,1,1,"Eid2","Cd74",0.2,0.04
1.49864960479816,3.35648979659823,1,1,"Spred3","Cd74",0.2,0.04
1.49864960479816,3.35648979659823,1,1,"Gm26522","Cd74",0.2,0.04
1.49864960479816,3.35648979659823,1,1,"Kctd21","Cd74",0.2,0.04
1.49864960479816,3.35648979659823,1,1,"Mical2","Cd74",0.2,0.04
1.49864960479816,3.35648979659823,1,1,"Dock1","Cd74",0.2,0.04
1.49864960479816,3.35648979659823,1,1,"Mapk1ip1","Cd74",0.2,0.04
1.49864960479816,3.35648979659823,1,1,"Osbpl5","Cd74",0.2,0.04
1.49864960479816,3.35648979659823,1,1,"Cnksr3","Cd74",0.2,0.04
1.49864960479816,3.35648979659823,1,1,"Ccdc138","Cd74",0.2,0.04
1.49864960479816,3.35648979659823,1,1,"2610008E11Rik","Cd74",0.2,0.04
1.49864960479816,3.35648979659823,1,1,"Hmox1","Cd74",0.2,0.04
1.49864960479816,3.35648979659823,1,1,"Mt1","Cd74",0.2,0.04
1.49864960479816,3.35648979659823,1,1,"Zfp319","Cd74",0.2,0.04
1.49864960479816,3.35648979659823,1,1,"Tango6","Cd74",0.2,0.04
1.49864960479816,3.35648979659823,1,1,"Mlkl","Cd74",0.2,0.04
1.49864960479816,3.35648979659823,1,1,"Map10","Cd74",0.2,0.04
1.49864960479816,3.35648979659823,1,1,"Arhgef3","Cd74",0.2,0.04
1.49864960479816,3.35648979659823,1,1,"Dcp1a","Cd74",0.2,0.04
1.49864960479816,3.35648979659823,1,1,"Nek4","Cd74",0.2,0.04
1.49864960479816,3.35648979659823,1,1,"Rabggta","Cd74",0.2,0.04
1.49864960479816,3.35648979659823,1,1,"Slain1","Cd74",0.2,0.04
1.49864960479816,3.35648979659823,1,1,"Yipf2","Cd74",0.2,0.04
1.49864960479816,3.35648979659823,1,1,"Siae","Cd74",0.2,0.04
1.49864960479816,3.35648979659823,1,1,"Bbs4","Cd74",0.2,0.04
1.49864960479816,3.35648979659823,1,1,"Urgcp","Cd74",0.2,0.04
1.49864960479816,3.35648979659823,1,1,"Polm","Cd74",0.2,0.04
1.49864960479816,3.35648979659823,1,1,"Zpbp","Cd74",0.2,0.04
1.49864960479816,3.35648979659823,1,1,"Fam222b","Cd74",0.2,0.04
1.49864960479816,3.35648979659823,1,1,"Samd14","Cd74",0.2,0.04
1.49864960479816,3.35648979659823,1,1,"Osbpl7","Cd74",0.2,0.04
1.49864960479816,3.35648979659823,1,1,"Itga2b","Cd74",0.2,0.04
1.49864960479816,3.35648979659823,1,1,"Tmem104","Cd74",0.2,0.04
1.49864960479816,3.35648979659823,1,1,"Cbx2","Cd74",0.2,0.04
1.49864960479816,3.35648979659823,1,1,"Sgsh","Cd74",0.2,0.04
1.49864960479816,3.35648979659823,1,1,"Slc16a3","Cd74",0.2,0.04
1.49864960479816,3.35648979659823,1,1,"B3gntl1","Cd74",0.2,0.04
1.49864960479816,3.35648979659823,1,1,"Zscan12","Cd74",0.2,0.04
1.49864960479816,3.35648979659823,1,1,"Serpinb9","Cd74",0.2,0.04
1.49864960479816,3.35648979659823,1,1,"Sirt5","Cd74",0.2,0.04
1.49864960479816,3.35648979659823,1,1,"Fancc","Cd74",0.2,0.04
1.49864960479816,3.35648979659823,1,1,"Zfp459","Cd74",0.2,0.04
1.49864960479816,3.35648979659823,1,1,"Trim23","Cd74",0.2,0.04
1.49864960479816,3.35648979659823,1,1,"Pelo","Cd74",0.2,0.04
1.49864960479816,3.35648979659823,1,1,"Gm21188","Cd74",0.2,0.04
1.49864960479816,3.35648979659823,1,1,"Prps1l3","Cd74",0.2,0.04
1.49864960479816,3.35648979659823,1,1,"Trmt61a","Cd74",0.2,0.04
1.49864960479816,3.35648979659823,1,1,"Card6","Cd74",0.2,0.04
1.49864960479816,3.35648979659823,1,1,"Gm10384","Cd74",0.2,0.04
1.49864960479816,3.35648979659823,1,1,"Dgat1","Cd74",0.2,0.04
1.49864960479816,3.35648979659823,1,1,"Rtl6","Cd74",0.2,0.04
1.49864960479816,3.35648979659823,1,1,"C730034F03Rik","Cd74",0.2,0.04
1.49864960479816,3.35648979659823,1,1,"Nlrc3","Cd74",0.2,0.04
1.49864960479816,3.35648979659823,1,1,"Tmem186","Cd74",0.2,0.04
1.49864960479816,3.35648979659823,1,1,"Vps8","Cd74",0.2,0.04
1.49864960479816,3.35648979659823,1,1,"Dirc2","Cd74",0.2,0.04
1.49864960479816,3.35648979659823,1,1,"Gm3448","Cd74",0.2,0.04
1.49864960479816,3.35648979659823,1,1,"Zfp946","Cd74",0.2,0.04
1.49864960479816,3.35648979659823,1,1,"Atp6v1g2","Cd74",0.2,0.04
1.49864960479816,3.35648979659823,1,1,"Pou5f1","Cd74",0.2,0.04
1.49864960479816,3.35648979659823,1,1,"C030034I22Rik","Cd74",0.2,0.04
1.49864960479816,3.35648979659823,1,1,"Pkdcc","Cd74",0.2,0.04
1.49864960479816,3.35648979659823,1,1,"Gm10184","Cd74",0.2,0.04
1.49864960479816,3.35648979659823,1,1,"Adrb2","Cd74",0.2,0.04
1.49864960479816,3.35648979659823,1,1,"Mppe1","Cd74",0.2,0.04
1.49864960479816,3.35648979659823,1,1,"Tesmin","Cd74",0.2,0.04
1.49864960479816,3.35648979659823,1,1,"Wdr74","Cd74",0.2,0.04
1.49864960479816,3.35648979659823,1,1,"Cd5","Cd74",0.2,0.04
1.49864960479816,3.35648979659823,1,1,"4833407H14Rik","Cd74",0.2,0.04
1.49864960479816,3.35648979659823,1,1,"Csprs","Cd74",0.2,0.04
0.802469071883431,3.66703200492844,1,1,"Tram2","Cd74",0.2,0.04
0.802469071883431,3.66703200492844,1,1,"AI597479","Cd74",0.2,0.04
0.802469071883431,3.66703200492844,1,1,"Tomm40l","Cd74",0.2,0.04
0.802469071883431,3.66703200492844,1,1,"Rpp38","Cd74",0.2,0.04
0.802469071883431,3.66703200492844,1,1,"Sec61a2","Cd74",0.2,0.04
0.802469071883431,3.66703200492844,1,1,"Thnsl1","Cd74",0.2,0.04
0.802469071883431,3.66703200492844,1,1,"Dolpp1","Cd74",0.2,0.04
0.802469071883431,3.66703200492844,1,1,"Rabepk","Cd74",0.2,0.04
0.802469071883431,3.66703200492844,1,1,"Ttc21b","Cd74",0.2,0.04
0.802469071883431,3.66703200492844,1,1,"Prg2","Cd74",0.2,0.04
0.802469071883431,3.66703200492844,1,1,"Atg13","Cd74",0.2,0.04
0.802469071883431,3.66703200492844,1,1,"Inafm2","Cd74",0.2,0.04
0.802469071883431,3.66703200492844,1,1,"Lcmt2","Cd74",0.2,0.04
0.802469071883431,3.66703200492844,1,1,"Macrod2","Cd74",0.2,0.04
0.802469071883431,3.66703200492844,1,1,"Ada","Cd74",0.2,0.04
0.802469071883431,3.66703200492844,1,1,"Zfp335","Cd74",0.2,0.04
0.802469071883431,3.66703200492844,1,1,"Wdr45","Cd74",0.2,0.04
0.802469071883431,3.66703200492844,1,1,"Cask","Cd74",0.2,0.04
0.802469071883431,3.66703200492844,1,1,"Usp11","Cd74",0.2,0.04
0.802469071883431,3.66703200492844,1,1,"Zfp182","Cd74",0.2,0.04
0.802469071883431,3.66703200492844,1,1,"Gm15261","Cd74",0.2,0.04
0.802469071883431,3.66703200492844,1,1,"Spg20","Cd74",0.2,0.04
0.802469071883431,3.66703200492844,1,1,"Lekr1","Cd74",0.2,0.04
0.802469071883431,3.66703200492844,1,1,"Wars2","Cd74",0.2,0.04
0.802469071883431,3.66703200492844,1,1,"Ap4b1","Cd74",0.2,0.04
0.802469071883431,3.66703200492844,1,1,"Ddx58","Cd74",0.2,0.04
0.802469071883431,3.66703200492844,1,1,"Tmem38b","Cd74",0.2,0.04
0.802469071883431,3.66703200492844,1,1,"Ccdc171","Cd74",0.2,0.04
0.802469071883431,3.66703200492844,1,1,"Hacd4","Cd74",0.2,0.04
0.802469071883431,3.66703200492844,1,1,"Ago4","Cd74",0.2,0.04
0.802469071883431,3.66703200492844,1,1,"Tmem35b","Cd74",0.2,0.04
0.802469071883431,3.66703200492844,1,1,"Mecr","Cd74",0.2,0.04
0.802469071883431,3.66703200492844,1,1,"Sesn2","Cd74",0.2,0.04
0.802469071883431,3.66703200492844,1,1,"Gm20707","Cd74",0.2,0.04
0.802469071883431,3.66703200492844,1,1,"Idua","Cd74",0.2,0.04
0.802469071883431,3.66703200492844,1,1,"Pxmp2","Cd74",0.2,0.04
0.802469071883431,3.66703200492844,1,1,"P2rx7","Cd74",0.2,0.04
0.802469071883431,3.66703200492844,1,1,"Gatsl2","Cd74",0.2,0.04
0.802469071883431,3.66703200492844,1,1,"Rcc1l","Cd74",0.2,0.04
0.802469071883431,3.66703200492844,1,1,"Zcwpw1","Cd74",0.2,0.04
0.802469071883431,3.66703200492844,1,1,"A430033K04Rik","Cd74",0.2,0.04
0.802469071883431,3.66703200492844,1,1,"Hepacam2","Cd74",0.2,0.04
0.802469071883431,3.66703200492844,1,1,"Gcc1","Cd74",0.2,0.04
0.802469071883431,3.66703200492844,1,1,"Slc37a3","Cd74",0.2,0.04
0.802469071883431,3.66703200492844,1,1,"Rnf103","Cd74",0.2,0.04
0.802469071883431,3.66703200492844,1,1,"Aplf","Cd74",0.2,0.04
0.802469071883431,3.66703200492844,1,1,"Tpra1","Cd74",0.2,0.04
0.802469071883431,3.66703200492844,1,1,"Ogg1","Cd74",0.2,0.04
0.802469071883431,3.66703200492844,1,1,"Zfp324","Cd74",0.2,0.04
0.802469071883431,3.66703200492844,1,1,"Dhx34","Cd74",0.2,0.04
0.802469071883431,3.66703200492844,1,1,"AW146154","Cd74",0.2,0.04
0.802469071883431,3.66703200492844,1,1,"Siglecf","Cd74",0.2,0.04
0.802469071883431,3.66703200492844,1,1,"Det1","Cd74",0.2,0.04
0.802469071883431,3.66703200492844,1,1,"Trim21","Cd74",0.2,0.04
0.802469071883431,3.66703200492844,1,1,"Zfp768","Cd74",0.2,0.04
0.802469071883431,3.66703200492844,1,1,"Zfp747","Cd74",0.2,0.04
0.802469071883431,3.66703200492844,1,1,"Zfp764","Cd74",0.2,0.04
0.802469071883431,3.66703200492844,1,1,"Rassf7","Cd74",0.2,0.04
0.802469071883431,3.66703200492844,1,1,"Gm21781","Cd74",0.2,0.04
0.802469071883431,3.66703200492844,1,1,"Tnfaip3","Cd74",0.2,0.04
0.802469071883431,3.66703200492844,1,1,"Zfp280b","Cd74",0.2,0.04
0.802469071883431,3.66703200492844,1,1,"Pwp2","Cd74",0.2,0.04
0.802469071883431,3.66703200492844,1,1,"Agpat3","Cd74",0.2,0.04
0.802469071883431,3.66703200492844,1,1,"Gamt","Cd74",0.2,0.04
0.802469071883431,3.66703200492844,1,1,"Nr2c1","Cd74",0.2,0.04
0.802469071883431,3.66703200492844,1,1,"Socs2","Cd74",0.2,0.04
0.802469071883431,3.66703200492844,1,1,"Ell","Cd74",0.2,0.04
0.802469071883431,3.66703200492844,1,1,"Gm3336","Cd74",0.2,0.04
0.802469071883431,3.66703200492844,1,1,"Jak3","Cd74",0.2,0.04
0.802469071883431,3.66703200492844,1,1,"Gcdh","Cd74",0.2,0.04
0.802469071883431,3.66703200492844,1,1,"Fhod1","Cd74",0.2,0.04
0.802469071883431,3.66703200492844,1,1,"Slc7a6","Cd74",0.2,0.04
0.802469071883431,3.66703200492844,1,1,"Mthfsd","Cd74",0.2,0.04
0.802469071883431,3.66703200492844,1,1,"Samd8","Cd74",0.2,0.04
0.802469071883431,3.66703200492844,1,1,"Atg14","Cd74",0.2,0.04
0.802469071883431,3.66703200492844,1,1,"Homez","Cd74",0.2,0.04
0.802469071883431,3.66703200492844,1,1,"Dync2h1","Cd74",0.2,0.04
0.802469071883431,3.66703200492844,1,1,"C2cd2l","Cd74",0.2,0.04
0.802469071883431,3.66703200492844,1,1,"Il18","Cd74",0.2,0.04
0.802469071883431,3.66703200492844,1,1,"1110032A03Rik","Cd74",0.2,0.04
0.802469071883431,3.66703200492844,1,1,"Exog","Cd74",0.2,0.04
0.802469071883431,3.66703200492844,1,1,"Wdr92","Cd74",0.2,0.04
0.802469071883431,3.66703200492844,1,1,"Sept8","Cd74",0.2,0.04
0.802469071883431,3.66703200492844,1,1,"Kif3a","Cd74",0.2,0.04
0.802469071883431,3.66703200492844,1,1,"Snap47","Cd74",0.2,0.04
0.802469071883431,3.66703200492844,1,1,"Top3a","Cd74",0.2,0.04
0.802469071883431,3.66703200492844,1,1,"Vat1","Cd74",0.2,0.04
0.802469071883431,3.66703200492844,1,1,"Arhgap27os3","Cd74",0.2,0.04
0.802469071883431,3.66703200492844,1,1,"AW209491","Cd74",0.2,0.04
0.802469071883431,3.66703200492844,1,1,"Slc35b3","Cd74",0.2,0.04
0.802469071883431,3.66703200492844,1,1,"Pou5f2","Cd74",0.2,0.04
0.802469071883431,3.66703200492844,1,1,"Naip2","Cd74",0.2,0.04
0.802469071883431,3.66703200492844,1,1,"Lpin1","Cd74",0.2,0.04
0.802469071883431,3.66703200492844,1,1,"Elmsan1","Cd74",0.2,0.04
0.802469071883431,3.66703200492844,1,1,"Pomt2","Cd74",0.2,0.04
0.802469071883431,3.66703200492844,1,1,"Zfp707","Cd74",0.2,0.04
0.802469071883431,3.66703200492844,1,1,"Ppp1r16a","Cd74",0.2,0.04
0.802469071883431,3.66703200492844,1,1,"Zfp251","Cd74",0.2,0.04
0.802469071883431,3.66703200492844,1,1,"Csf2rb2","Cd74",0.2,0.04
0.802469071883431,3.66703200492844,1,1,"AC162302.1","Cd74",0.2,0.04
0.802469071883431,3.66703200492844,1,1,"Ppm1f","Cd74",0.2,0.04
0.802469071883431,3.66703200492844,1,1,"1300002E11Rik","Cd74",0.2,0.04
0.802469071883431,3.66703200492844,1,1,"St6gal1","Cd74",0.2,0.04
0.802469071883431,3.66703200492844,1,1,"Cd200","Cd74",0.2,0.04
0.802469071883431,3.66703200492844,1,1,"Clcn7","Cd74",0.2,0.04
0.802469071883431,3.66703200492844,1,1,"Ppard","Cd74",0.2,0.04
0.802469071883431,3.66703200492844,1,1,"Tbc1d22b","Cd74",0.2,0.04
0.802469071883431,3.66703200492844,1,1,"H2-T24","Cd74",0.2,0.04
0.802469071883431,3.66703200492844,1,1,"Thada","Cd74",0.2,0.04
0.802469071883431,3.66703200492844,1,1,"Crem","Cd74",0.2,0.04
0.802469071883431,3.66703200492844,1,1,"Bambi","Cd74",0.2,0.04
0.802469071883431,3.66703200492844,1,1,"Tmco6","Cd74",0.2,0.04
0.802469071883431,3.66703200492844,1,1,"Macrod1","Cd74",0.2,0.04
0.802469071883431,3.66703200492844,1,1,"Tmem216","Cd74",0.2,0.04
0.54981366843457,3.7990148771901,1,1,"Pms1","Cd74",0.2,0.04
0.54981366843457,3.7990148771901,1,1,"Zbtb41","Cd74",0.2,0.04
0.54981366843457,3.7990148771901,1,1,"Blzf1","Cd74",0.2,0.04
0.54981366843457,3.7990148771901,1,1,"Cd84","Cd74",0.2,0.04
0.54981366843457,3.7990148771901,1,1,"Nsmf","Cd74",0.2,0.04
0.54981366843457,3.7990148771901,1,1,"Gpsm1","Cd74",0.2,0.04
0.54981366843457,3.7990148771901,1,1,"Cacfd1","Cd74",0.2,0.04
0.54981366843457,3.7990148771901,1,1,"Mrps2","Cd74",0.2,0.04
0.54981366843457,3.7990148771901,1,1,"Rcn1","Cd74",0.2,0.04
0.54981366843457,3.7990148771901,1,1,"Ganc","Cd74",0.2,0.04
0.54981366843457,3.7990148771901,1,1,"Atrn","Cd74",0.2,0.04
0.54981366843457,3.7990148771901,1,1,"Ndufaf5","Cd74",0.2,0.04
0.54981366843457,3.7990148771901,1,1,"Gzf1","Cd74",0.2,0.04
0.54981366843457,3.7990148771901,1,1,"Bcl2l1","Cd74",0.2,0.04
0.54981366843457,3.7990148771901,1,1,"Aar2","Cd74",0.2,0.04
0.54981366843457,3.7990148771901,1,1,"Zfp971","Cd74",0.2,0.04
0.54981366843457,3.7990148771901,1,1,"2610002M06Rik","Cd74",0.2,0.04
0.54981366843457,3.7990148771901,1,1,"Nudt6","Cd74",0.2,0.04
0.54981366843457,3.7990148771901,1,1,"Flad1","Cd74",0.2,0.04
0.54981366843457,3.7990148771901,1,1,"Pi4kb","Cd74",0.2,0.04
0.54981366843457,3.7990148771901,1,1,"Pla2g12a","Cd74",0.2,0.04
0.54981366843457,3.7990148771901,1,1,"Whrn","Cd74",0.2,0.04
0.54981366843457,3.7990148771901,1,1,"Ift74","Cd74",0.2,0.04
0.54981366843457,3.7990148771901,1,1,"Faah","Cd74",0.2,0.04
0.54981366843457,3.7990148771901,1,1,"Exo5","Cd74",0.2,0.04
0.54981366843457,3.7990148771901,1,1,"Rcan3","Cd74",0.2,0.04
0.54981366843457,3.7990148771901,1,1,"Tmco4","Cd74",0.2,0.04
0.54981366843457,3.7990148771901,1,1,"Zfp933","Cd74",0.2,0.04
0.54981366843457,3.7990148771901,1,1,"Clcn6","Cd74",0.2,0.04
0.54981366843457,3.7990148771901,1,1,"Pi4k2b","Cd74",0.2,0.04
0.54981366843457,3.7990148771901,1,1,"Bend4","Cd74",0.2,0.04
0.54981366843457,3.7990148771901,1,1,"Aasdh","Cd74",0.2,0.04
0.54981366843457,3.7990148771901,1,1,"Lrrc8b","Cd74",0.2,0.04
0.54981366843457,3.7990148771901,1,1,"Mafk","Cd74",0.2,0.04
0.54981366843457,3.7990148771901,1,1,"Rab19","Cd74",0.2,0.04
0.54981366843457,3.7990148771901,1,1,"Slc41a3","Cd74",0.2,0.04
0.54981366843457,3.7990148771901,1,1,"Dcp1b","Cd74",0.2,0.04
0.54981366843457,3.7990148771901,1,1,"Dusp16","Cd74",0.2,0.04
0.54981366843457,3.7990148771901,1,1,"Isoc2b","Cd74",0.2,0.04
0.54981366843457,3.7990148771901,1,1,"Zfp606","Cd74",0.2,0.04
0.54981366843457,3.7990148771901,1,1,"Bicra","Cd74",0.2,0.04
0.54981366843457,3.7990148771901,1,1,"Prkd2","Cd74",0.2,0.04
0.54981366843457,3.7990148771901,1,1,"Zfp574","Cd74",0.2,0.04
0.54981366843457,3.7990148771901,1,1,"1600014C10Rik","Cd74",0.2,0.04
0.54981366843457,3.7990148771901,1,1,"Atf5","Cd74",0.2,0.04
0.54981366843457,3.7990148771901,1,1,"Gys1","Cd74",0.2,0.04
0.54981366843457,3.7990148771901,1,1,"Fancf","Cd74",0.2,0.04
0.54981366843457,3.7990148771901,1,1,"Tarsl2","Cd74",0.2,0.04
0.54981366843457,3.7990148771901,1,1,"Sult1a1","Cd74",0.2,0.04
0.54981366843457,3.7990148771901,1,1,"Map7","Cd74",0.2,0.04
0.54981366843457,3.7990148771901,1,1,"Med23","Cd74",0.2,0.04
0.54981366843457,3.7990148771901,1,1,"Sept10","Cd74",0.2,0.04
0.54981366843457,3.7990148771901,1,1,"Rufy2","Cd74",0.2,0.04
0.54981366843457,3.7990148771901,1,1,"Slc39a3","Cd74",0.2,0.04
0.54981366843457,3.7990148771901,1,1,"Ric8b","Cd74",0.2,0.04
0.54981366843457,3.7990148771901,1,1,"Ikbip","Cd74",0.2,0.04
0.54981366843457,3.7990148771901,1,1,"Vezt","Cd74",0.2,0.04
0.54981366843457,3.7990148771901,1,1,"Letm2","Cd74",0.2,0.04
0.54981366843457,3.7990148771901,1,1,"Thap1","Cd74",0.2,0.04
0.54981366843457,3.7990148771901,1,1,"Adgra2","Cd74",0.2,0.04
0.54981366843457,3.7990148771901,1,1,"Cenpu","Cd74",0.2,0.04
0.54981366843457,3.7990148771901,1,1,"Tmem184c","Cd74",0.2,0.04
0.54981366843457,3.7990148771901,1,1,"Inpp4b","Cd74",0.2,0.04
0.54981366843457,3.7990148771901,1,1,"Adgrg3","Cd74",0.2,0.04
0.54981366843457,3.7990148771901,1,1,"4931428F04Rik","Cd74",0.2,0.04
0.54981366843457,3.7990148771901,1,1,"Fam89a","Cd74",0.2,0.04
0.54981366843457,3.7990148771901,1,1,"2610044O15Rik8","Cd74",0.2,0.04
0.54981366843457,3.7990148771901,1,1,"Vwa8","Cd74",0.2,0.04
0.54981366843457,3.7990148771901,1,1,"Tdrd3","Cd74",0.2,0.04
0.54981366843457,3.7990148771901,1,1,"Casp4","Cd74",0.2,0.04
0.54981366843457,3.7990148771901,1,1,"Zfp810","Cd74",0.2,0.04
0.54981366843457,3.7990148771901,1,1,"Slc37a4","Cd74",0.2,0.04
0.54981366843457,3.7990148771901,1,1,"Mpzl3","Cd74",0.2,0.04
0.54981366843457,3.7990148771901,1,1,"Zfp609","Cd74",0.2,0.04
0.54981366843457,3.7990148771901,1,1,"Slc17a5","Cd74",0.2,0.04
0.54981366843457,3.7990148771901,1,1,"Pccb","Cd74",0.2,0.04
0.54981366843457,3.7990148771901,1,1,"Dusp7","Cd74",0.2,0.04
0.54981366843457,3.7990148771901,1,1,"Ccdc117","Cd74",0.2,0.04
0.54981366843457,3.7990148771901,1,1,"Zswim7","Cd74",0.2,0.04
0.54981366843457,3.7990148771901,1,1,"Slc25a35","Cd74",0.2,0.04
0.54981366843457,3.7990148771901,1,1,"Cxcl16","Cd74",0.2,0.04
0.54981366843457,3.7990148771901,1,1,"Dhx33","Cd74",0.2,0.04
0.54981366843457,3.7990148771901,1,1,"Slfn9","Cd74",0.2,0.04
0.54981366843457,3.7990148771901,1,1,"Nme2","Cd74",0.2,0.04
0.54981366843457,3.7990148771901,1,1,"Slc16a6","Cd74",0.2,0.04
0.54981366843457,3.7990148771901,1,1,"Cd300c","Cd74",0.2,0.04
0.54981366843457,3.7990148771901,1,1,"Zkscan8","Cd74",0.2,0.04
0.54981366843457,3.7990148771901,1,1,"Polk","Cd74",0.2,0.04
0.54981366843457,3.7990148771901,1,1,"Serf1","Cd74",0.2,0.04
0.54981366843457,3.7990148771901,1,1,"Dhx29","Cd74",0.2,0.04
0.54981366843457,3.7990148771901,1,1,"Atp5s","Cd74",0.2,0.04
0.54981366843457,3.7990148771901,1,1,"Zbtb25","Cd74",0.2,0.04
0.54981366843457,3.7990148771901,1,1,"Trib1","Cd74",0.2,0.04
0.54981366843457,3.7990148771901,1,1,"Parvb","Cd74",0.2,0.04
0.54981366843457,3.7990148771901,1,1,"Ttc38","Cd74",0.2,0.04
0.54981366843457,3.7990148771901,1,1,"Lima1","Cd74",0.2,0.04
0.54981366843457,3.7990148771901,1,1,"Tnk2","Cd74",0.2,0.04
0.54981366843457,3.7990148771901,1,1,"Arl13b","Cd74",0.2,0.04
0.54981366843457,3.7990148771901,1,1,"Itsn1","Cd74",0.2,0.04
0.54981366843457,3.7990148771901,1,1,"Prdm15","Cd74",0.2,0.04
0.54981366843457,3.7990148771901,1,1,"Slc22a3","Cd74",0.2,0.04
0.54981366843457,3.7990148771901,1,1,"Flywch1","Cd74",0.2,0.04
0.54981366843457,3.7990148771901,1,1,"Cmtr1","Cd74",0.2,0.04
0.54981366843457,3.7990148771901,1,1,"Cd320","Cd74",0.2,0.04
0.54981366843457,3.7990148771901,1,1,"D17H6S53E","Cd74",0.2,0.04
0.54981366843457,3.7990148771901,1,1,"Trim39","Cd74",0.2,0.04
0.54981366843457,3.7990148771901,1,1,"Twsg1","Cd74",0.2,0.04
0.54981366843457,3.7990148771901,1,1,"Lclat1","Cd74",0.2,0.04
0.54981366843457,3.7990148771901,1,1,"Srfbp1","Cd74",0.2,0.04
0.54981366843457,3.7990148771901,1,1,"Tut1","Cd74",0.2,0.04
0.54981366843457,3.7990148771901,1,1,"Vps37c","Cd74",0.2,0.04
0.334880803456432,3.91913409498411,1,1,"Tmbim1","Cd74",0.2,0.04
0.334880803456432,3.91913409498411,1,1,"Rbbp5","Cd74",0.2,0.04
0.334880803456432,3.91913409498411,1,1,"Ppox","Cd74",0.2,0.04
0.334880803456432,3.91913409498411,1,1,"A130010J15Rik","Cd74",0.2,0.04
0.334880803456432,3.91913409498411,1,1,"Trdmt1","Cd74",0.2,0.04
0.334880803456432,3.91913409498411,1,1,"Klhl23","Cd74",0.2,0.04
0.334880803456432,3.91913409498411,1,1,"Calcrl","Cd74",0.2,0.04
0.334880803456432,3.91913409498411,1,1,"Zc3h8","Cd74",0.2,0.04
0.334880803456432,3.91913409498411,1,1,"Mkks","Cd74",0.2,0.04
0.334880803456432,3.91913409498411,1,1,"Slx4ip","Cd74",0.2,0.04
0.334880803456432,3.91913409498411,1,1,"Kat14","Cd74",0.2,0.04
0.334880803456432,3.91913409498411,1,1,"Rin2","Cd74",0.2,0.04
0.334880803456432,3.91913409498411,1,1,"Ralgapa2","Cd74",0.2,0.04
0.334880803456432,3.91913409498411,1,1,"Cables2","Cd74",0.2,0.04
0.334880803456432,3.91913409498411,1,1,"Slc35a2","Cd74",0.2,0.04
0.334880803456432,3.91913409498411,1,1,"Enox2","Cd74",0.2,0.04
0.334880803456432,3.91913409498411,1,1,"Alg13","Cd74",0.2,0.04
0.334880803456432,3.91913409498411,1,1,"Tspyl2","Cd74",0.2,0.04
0.334880803456432,3.91913409498411,1,1,"Arfip1","Cd74",0.2,0.04
0.334880803456432,3.91913409498411,1,1,"Dock7","Cd74",0.2,0.04
0.334880803456432,3.91913409498411,1,1,"Ccdc163","Cd74",0.2,0.04
0.334880803456432,3.91913409498411,1,1,"Ipo13","Cd74",0.2,0.04
0.334880803456432,3.91913409498411,1,1,"Ppcs","Cd74",0.2,0.04
0.334880803456432,3.91913409498411,1,1,"Wdtc1","Cd74",0.2,0.04
0.334880803456432,3.91913409498411,1,1,"Mul1","Cd74",0.2,0.04
0.334880803456432,3.91913409498411,1,1,"Mib2","Cd74",0.2,0.04
0.334880803456432,3.91913409498411,1,1,"Ift172","Cd74",0.2,0.04
0.334880803456432,3.91913409498411,1,1,"Zcchc4","Cd74",0.2,0.04
0.334880803456432,3.91913409498411,1,1,"Slc30a9","Cd74",0.2,0.04
0.334880803456432,3.91913409498411,1,1,"Hip1","Cd74",0.2,0.04
0.334880803456432,3.91913409498411,1,1,"Igf2bp3","Cd74",0.2,0.04
0.334880803456432,3.91913409498411,1,1,"Zfp637","Cd74",0.2,0.04
0.334880803456432,3.91913409498411,1,1,"Tfpt","Cd74",0.2,0.04
0.334880803456432,3.91913409498411,1,1,"Gm26890","Cd74",0.2,0.04
0.334880803456432,3.91913409498411,1,1,"Sertad3","Cd74",0.2,0.04
0.334880803456432,3.91913409498411,1,1,"Il4ra","Cd74",0.2,0.04
0.334880803456432,3.91913409498411,1,1,"Trmt11","Cd74",0.2,0.04
0.334880803456432,3.91913409498411,1,1,"E130307A14Rik","Cd74",0.2,0.04
0.334880803456432,3.91913409498411,1,1,"Slc16a10","Cd74",0.2,0.04
0.334880803456432,3.91913409498411,1,1,"Polrmt","Cd74",0.2,0.04
0.334880803456432,3.91913409498411,1,1,"Tjp3","Cd74",0.2,0.04
0.334880803456432,3.91913409498411,1,1,"Poc1b","Cd74",0.2,0.04
0.334880803456432,3.91913409498411,1,1,"Zdhhc17","Cd74",0.2,0.04
0.334880803456432,3.91913409498411,1,1,"Slc20a2","Cd74",0.2,0.04
0.334880803456432,3.91913409498411,1,1,"Lpcat2","Cd74",0.2,0.04
0.334880803456432,3.91913409498411,1,1,"D230025D16Rik","Cd74",0.2,0.04
0.334880803456432,3.91913409498411,1,1,"Pard6a","Cd74",0.2,0.04
0.334880803456432,3.91913409498411,1,1,"6430548M08Rik","Cd74",0.2,0.04
0.334880803456432,3.91913409498411,1,1,"Fanca","Cd74",0.2,0.04
0.334880803456432,3.91913409498411,1,1,"Eaf1","Cd74",0.2,0.04
0.334880803456432,3.91913409498411,1,1,"R3hcc1","Cd74",0.2,0.04
0.334880803456432,3.91913409498411,1,1,"Hyls1","Cd74",0.2,0.04
0.334880803456432,3.91913409498411,1,1,"Ccdc84","Cd74",0.2,0.04
0.334880803456432,3.91913409498411,1,1,"Alg9","Cd74",0.2,0.04
0.334880803456432,3.91913409498411,1,1,"Man2c1","Cd74",0.2,0.04
0.334880803456432,3.91913409498411,1,1,"Hacd3","Cd74",0.2,0.04
0.334880803456432,3.91913409498411,1,1,"Elp6","Cd74",0.2,0.04
0.334880803456432,3.91913409498411,1,1,"Abhd5","Cd74",0.2,0.04
0.334880803456432,3.91913409498411,1,1,"Hus1","Cd74",0.2,0.04
0.334880803456432,3.91913409498411,1,1,"Bod1","Cd74",0.2,0.04
0.334880803456432,3.91913409498411,1,1,"Kdm6b","Cd74",0.2,0.04
0.334880803456432,3.91913409498411,1,1,"5730455P16Rik","Cd74",0.2,0.04
0.334880803456432,3.91913409498411,1,1,"Pnpo","Cd74",0.2,0.04
0.334880803456432,3.91913409498411,1,1,"Ccdc43","Cd74",0.2,0.04
0.334880803456432,3.91913409498411,1,1,"Ogfod3","Cd74",0.2,0.04
0.334880803456432,3.91913409498411,1,1,"Gpr137b","Cd74",0.2,0.04
0.334880803456432,3.91913409498411,1,1,"Dbn1","Cd74",0.2,0.04
0.334880803456432,3.91913409498411,1,1,"Gm5141","Cd74",0.2,0.04
0.334880803456432,3.91913409498411,1,1,"Zfp369","Cd74",0.2,0.04
0.334880803456432,3.91913409498411,1,1,"Fastkd3","Cd74",0.2,0.04
0.334880803456432,3.91913409498411,1,1,"Depdc1b","Cd74",0.2,0.04
0.334880803456432,3.91913409498411,1,1,"Gdap10","Cd74",0.2,0.04
0.334880803456432,3.91913409498411,1,1,"Pcnx","Cd74",0.2,0.04
0.334880803456432,3.91913409498411,1,1,"Dcaf4","Cd74",0.2,0.04
0.334880803456432,3.91913409498411,1,1,"Syne3","Cd74",0.2,0.04
0.334880803456432,3.91913409498411,1,1,"Snhg10","Cd74",0.2,0.04
0.334880803456432,3.91913409498411,1,1,"Atg2b","Cd74",0.2,0.04
0.334880803456432,3.91913409498411,1,1,"Tst","Cd74",0.2,0.04
0.334880803456432,3.91913409498411,1,1,"Rpap3","Cd74",0.2,0.04
0.334880803456432,3.91913409498411,1,1,"2610020C07Rik","Cd74",0.2,0.04
0.334880803456432,3.91913409498411,1,1,"Alg3","Cd74",0.2,0.04
0.334880803456432,3.91913409498411,1,1,"Muc13","Cd74",0.2,0.04
0.334880803456432,3.91913409498411,1,1,"Rabl3","Cd74",0.2,0.04
0.334880803456432,3.91913409498411,1,1,"Rwdd2b","Cd74",0.2,0.04
0.334880803456432,3.91913409498411,1,1,"Zfp758","Cd74",0.2,0.04
0.334880803456432,3.91913409498411,1,1,"Mlst8","Cd74",0.2,0.04
0.334880803456432,3.91913409498411,1,1,"E230001N04Rik","Cd74",0.2,0.04
0.334880803456432,3.91913409498411,1,1,"Kank3","Cd74",0.2,0.04
0.334880803456432,3.91913409498411,1,1,"Zfp959","Cd74",0.2,0.04
0.334880803456432,3.91913409498411,1,1,"Ticam2","Cd74",0.2,0.04
0.334880803456432,3.91913409498411,1,1,"8030462N17Rik","Cd74",0.2,0.04
0.334880803456432,3.91913409498411,1,1,"Tmem2","Cd74",0.2,0.04
0.334880803456432,3.91913409498411,1,1,"Marveld1","Cd74",0.2,0.04
0.334880803456432,3.91913409498411,1,1,"Sufu","Cd74",0.2,0.04
0.334880803456432,3.91913409498411,1,1,"Dclre1a","Cd74",0.2,0.04
-0.140307921547308,6.16486944500963,1,1,"Cflar","Cd74",0.2,0.04
-0.140307921547308,6.16486944500963,1,1,"Ccnt2","Cd74",0.2,0.04
-0.140307921547308,6.16486944500963,1,1,"Cdk11b","Cd74",0.2,0.04
-0.140307921547308,6.16486944500963,1,1,"Mapk14","Cd74",0.2,0.04
0.115565406912188,5.98187617225733,1,1,"Pgd","Cd74",0.2,0.04
0.115565406912188,5.98187617225733,1,1,"Pgap2","Cd74",0.2,0.04
0.115565406912188,5.98187617225733,1,1,"Abce1","Cd74",0.2,0.04
0.115565406912188,5.98187617225733,1,1,"Wdr61","Cd74",0.2,0.04
0.115565406912188,5.98187617225733,1,1,"Rbm22","Cd74",0.2,0.04
-0.110697781016327,6.1434957136562,1,1,"Fam168b","Cd74",0.2,0.04
-0.110697781016327,6.1434957136562,1,1,"Stk16","Cd74",0.2,0.04
-0.110697781016327,6.1434957136562,1,1,"Atraid","Cd74",0.2,0.04
-0.110697781016327,6.1434957136562,1,1,"Nucb1","Cd74",0.2,0.04
-0.110697781016327,6.1434957136562,1,1,"Nfyb","Cd74",0.2,0.04
-0.110697781016327,6.1434957136562,1,1,"Fam96b","Cd74",0.2,0.04
-0.110697781016327,6.1434957136562,1,1,"Wdr43","Cd74",0.2,0.04
0.0809872420615548,6.00637103661433,1,1,"Mrps9","Cd74",0.2,0.04
0.0809872420615548,6.00637103661433,1,1,"Uap1","Cd74",0.2,0.04
0.0809872420615548,6.00637103661433,1,1,"Ehmt1","Cd74",0.2,0.04
0.0809872420615548,6.00637103661433,1,1,"Btk","Cd74",0.2,0.04
0.0809872420615548,6.00637103661433,1,1,"Tpst2","Cd74",0.2,0.04
0.0809872420615548,6.00637103661433,1,1,"Nup98","Cd74",0.2,0.04
0.0809872420615548,6.00637103661433,1,1,"Cyb5b","Cd74",0.2,0.04
0.0809872420615548,6.00637103661433,1,1,"Map4","Cd74",0.2,0.04
0.0809872420615548,6.00637103661433,1,1,"Stt3b","Cd74",0.2,0.04
0.0809872420615548,6.00637103661433,1,1,"Rapgef6","Cd74",0.2,0.04
0.0809872420615548,6.00637103661433,1,1,"Ppp4r3a","Cd74",0.2,0.04
-0.0804671593640268,6.12172527811775,1,1,"4930523C07Rik","Cd74",0.2,0.04
-0.0804671593640268,6.12172527811775,1,1,"Eloa","Cd74",0.2,0.04
-0.0804671593640268,6.12172527811775,1,1,"Btbd1","Cd74",0.2,0.04
-0.0804671593640268,6.12172527811775,1,1,"Lrrc25","Cd74",0.2,0.04
-0.0804671593640268,6.12172527811775,1,1,"Tmem208","Cd74",0.2,0.04
-0.0804671593640268,6.12172527811775,1,1,"Ubash3b","Cd74",0.2,0.04
-0.0804671593640268,6.12172527811775,1,1,"Sar1b","Cd74",0.2,0.04
-0.0804671593640268,6.12172527811775,1,1,"Dhrs7","Cd74",0.2,0.04
-0.0575366428177894,7.30117445077495,1,1,"Hnrnph1","Cd74",0.2,0.04
0.0472184766298389,6.03036595429647,1,1,"Tmbim4","Cd74",0.2,0.04
0.0472184766298389,6.03036595429647,1,1,"Chordc1","Cd74",0.2,0.04
0.0472184766298389,6.03036595429647,1,1,"Herc1","Cd74",0.2,0.04
0.0472184766298389,6.03036595429647,1,1,"mt-Atp8","Cd74",0.2,0.04
-0.0460740528690943,7.78088202786499,1,1,"Ppp1cc","Cd74",0.2,0.04
0.0104264701568652,7.74457362235476,1,1,"Grk2","Cd74",0.2,0.04
-4.2326804058657,3.30267834087712,1,1,"Rdh10","Cd74",0.2,0.04
-4.2326804058657,3.30267834087712,1,1,"Bag2","Cd74",0.2,0.04
-4.2326804058657,3.30267834087712,1,1,"Gm37233","Cd74",0.2,0.04
-4.2326804058657,3.30267834087712,1,1,"Il1r2","Cd74",0.2,0.04
-4.2326804058657,3.30267834087712,1,1,"Il1r1","Cd74",0.2,0.04
-4.2326804058657,3.30267834087712,1,1,"Osgepl1","Cd74",0.2,0.04
-4.2326804058657,3.30267834087712,1,1,"Fastkd2","Cd74",0.2,0.04
-4.2326804058657,3.30267834087712,1,1,"Acsl3","Cd74",0.2,0.04
-4.2326804058657,3.30267834087712,1,1,"Utp14b","Cd74",0.2,0.04
-4.2326804058657,3.30267834087712,1,1,"Ugt1a6a","Cd74",0.2,0.04
-4.2326804058657,3.30267834087712,1,1,"Asb1","Cd74",0.2,0.04
-4.2326804058657,3.30267834087712,1,1,"2900060B14Rik","Cd74",0.2,0.04
-4.2326804058657,3.30267834087712,1,1,"Cd55","Cd74",0.2,0.04
-4.2326804058657,3.30267834087712,1,1,"Fam72a","Cd74",0.2,0.04
-4.2326804058657,3.30267834087712,1,1,"Zc3h11a","Cd74",0.2,0.04
-4.2326804058657,3.30267834087712,1,1,"B3galt2","Cd74",0.2,0.04
-4.2326804058657,3.30267834087712,1,1,"Cryzl2","Cd74",0.2,0.04
-4.2326804058657,3.30267834087712,1,1,"Gorab","Cd74",0.2,0.04
-4.2326804058657,3.30267834087712,1,1,"Tstd1","Cd74",0.2,0.04
-4.2326804058657,3.30267834087712,1,1,"Efcab2","Cd74",0.2,0.04
-4.2326804058657,3.30267834087712,1,1,"Suv39h2","Cd74",0.2,0.04
-4.2326804058657,3.30267834087712,1,1,"Msrb2","Cd74",0.2,0.04
-4.2326804058657,3.30267834087712,1,1,"Qsox2","Cd74",0.2,0.04
-4.2326804058657,3.30267834087712,1,1,"Snapc4","Cd74",0.2,0.04
-4.2326804058657,3.30267834087712,1,1,"Miga2","Cd74",0.2,0.04
-4.2326804058657,3.30267834087712,1,1,"Slc25a25","Cd74",0.2,0.04
-4.2326804058657,3.30267834087712,1,1,"Slc2a8","Cd74",0.2,0.04
-4.2326804058657,3.30267834087712,1,1,"Ralgps1","Cd74",0.2,0.04
-4.2326804058657,3.30267834087712,1,1,"Galnt3","Cd74",0.2,0.04
-4.2326804058657,3.30267834087712,1,1,"Scrn3","Cd74",0.2,0.04
-4.2326804058657,3.30267834087712,1,1,"Slc39a13","Cd74",0.2,0.04
-4.2326804058657,3.30267834087712,1,1,"Zfp408","Cd74",0.2,0.04
-4.2326804058657,3.30267834087712,1,1,"Spint1","Cd74",0.2,0.04
-4.2326804058657,3.30267834087712,1,1,"Lrrc57","Cd74",0.2,0.04
-4.2326804058657,3.30267834087712,1,1,"AA467197","Cd74",0.2,0.04
-4.2326804058657,3.30267834087712,1,1,"Ap4e1","Cd74",0.2,0.04
-4.2326804058657,3.30267834087712,1,1,"Kcnip3","Cd74",0.2,0.04
-4.2326804058657,3.30267834087712,1,1,"Gm14005","Cd74",0.2,0.04
-4.2326804058657,3.30267834087712,1,1,"Zfp442","Cd74",0.2,0.04
-4.2326804058657,3.30267834087712,1,1,"Tti1","Cd74",0.2,0.04
-4.2326804058657,3.30267834087712,1,1,"Ppp1r16b","Cd74",0.2,0.04
-4.2326804058657,3.30267834087712,1,1,"Zswim1","Cd74",0.2,0.04
-4.2326804058657,3.30267834087712,1,1,"Sulf2","Cd74",0.2,0.04
-4.2326804058657,3.30267834087712,1,1,"Gm6710","Cd74",0.2,0.04
-4.2326804058657,3.30267834087712,1,1,"Gm14305","Cd74",0.2,0.04
-4.2326804058657,3.30267834087712,1,1,"Gm14326","Cd74",0.2,0.04
-4.2326804058657,3.30267834087712,1,1,"Zfp512b","Cd74",0.2,0.04
-4.2326804058657,3.30267834087712,1,1,"Gpr34","Cd74",0.2,0.04
-4.2326804058657,3.30267834087712,1,1,"Smim10l2a","Cd74",0.2,0.04
-4.2326804058657,3.30267834087712,1,1,"Maged1","Cd74",0.2,0.04
-4.2326804058657,3.30267834087712,1,1,"Magee1","Cd74",0.2,0.04
-4.2326804058657,3.30267834087712,1,1,"Gm6377","Cd74",0.2,0.04
-4.2326804058657,3.30267834087712,1,1,"Armcx2","Cd74",0.2,0.04
-4.2326804058657,3.30267834087712,1,1,"Apex2","Cd74",0.2,0.04
-4.2326804058657,3.30267834087712,1,1,"Il12a","Cd74",0.2,0.04
-4.2326804058657,3.30267834087712,1,1,"Fnip2","Cd74",0.2,0.04
-4.2326804058657,3.30267834087712,1,1,"Tmem144","Cd74",0.2,0.04
-4.2326804058657,3.30267834087712,1,1,"Gatb","Cd74",0.2,0.04
-4.2326804058657,3.30267834087712,1,1,"Cd1d1","Cd74",0.2,0.04
-4.2326804058657,3.30267834087712,1,1,"Gm37584","Cd74",0.2,0.04
-4.2326804058657,3.30267834087712,1,1,"Fam189b","Cd74",0.2,0.04
-4.2326804058657,3.30267834087712,1,1,"Prune1","Cd74",0.2,0.04
-4.2326804058657,3.30267834087712,1,1,"Hsd3b2","Cd74",0.2,0.04
-4.2326804058657,3.30267834087712,1,1,"Magi3","Cd74",0.2,0.04
-4.2326804058657,3.30267834087712,1,1,"Cttnbp2nl","Cd74",0.2,0.04
-4.2326804058657,3.30267834087712,1,1,"Gm43848","Cd74",0.2,0.04
-4.2326804058657,3.30267834087712,1,1,"Prmt6","Cd74",0.2,0.04
-4.2326804058657,3.30267834087712,1,1,"C130013H08Rik","Cd74",0.2,0.04
-4.2326804058657,3.30267834087712,1,1,"Extl2","Cd74",0.2,0.04
-4.2326804058657,3.30267834087712,1,1,"Dnajb4","Cd74",0.2,0.04
-4.2326804058657,3.30267834087712,1,1,"Trp53inp1","Cd74",0.2,0.04
-4.2326804058657,3.30267834087712,1,1,"Rbm12b1","Cd74",0.2,0.04
-4.2326804058657,3.30267834087712,1,1,"Tmem55a","Cd74",0.2,0.04
-4.2326804058657,3.30267834087712,1,1,"Ripk2","Cd74",0.2,0.04
-4.2326804058657,3.30267834087712,1,1,"Fbxl4","Cd74",0.2,0.04
-4.2326804058657,3.30267834087712,1,1,"Alg2","Cd74",0.2,0.04
-4.2326804058657,3.30267834087712,1,1,"Tmeff1","Cd74",0.2,0.04
-4.2326804058657,3.30267834087712,1,1,"E130308A19Rik","Cd74",0.2,0.04
-4.2326804058657,3.30267834087712,1,1,"Fggy","Cd74",0.2,0.04
-4.2326804058657,3.30267834087712,1,1,"Pars2","Cd74",0.2,0.04
-4.2326804058657,3.30267834087712,1,1,"Gm12840","Cd74",0.2,0.04
-4.2326804058657,3.30267834087712,1,1,"Gpatch3","Cd74",0.2,0.04
-4.2326804058657,3.30267834087712,1,1,"Slc25a33","Cd74",0.2,0.04
-4.2326804058657,3.30267834087712,1,1,"H6pd","Cd74",0.2,0.04
-4.2326804058657,3.30267834087712,1,1,"Plekhg5","Cd74",0.2,0.04
-4.2326804058657,3.30267834087712,1,1,"Pex10","Cd74",0.2,0.04
-4.2326804058657,3.30267834087712,1,1,"Tmem240","Cd74",0.2,0.04
-4.2326804058657,3.30267834087712,1,1,"Fzd1","Cd74",0.2,0.04
-4.2326804058657,3.30267834087712,1,1,"Gtpbp10","Cd74",0.2,0.04
-4.2326804058657,3.30267834087712,1,1,"Lmbr1","Cd74",0.2,0.04
-4.2326804058657,3.30267834087712,1,1,"Nat8l","Cd74",0.2,0.04
-4.2326804058657,3.30267834087712,1,1,"Gm42726","Cd74",0.2,0.04
-4.2326804058657,3.30267834087712,1,1,"Gm17092","Cd74",0.2,0.04
-4.2326804058657,3.30267834087712,1,1,"Klhl8","Cd74",0.2,0.04
-4.2326804058657,3.30267834087712,1,1,"Ttc28","Cd74",0.2,0.04
-4.2326804058657,3.30267834087712,1,1,"Mmab","Cd74",0.2,0.04
-4.2326804058657,3.30267834087712,1,1,"Tchp","Cd74",0.2,0.04
-4.2326804058657,3.30267834087712,1,1,"Gm13830","Cd74",0.2,0.04
-4.2326804058657,3.30267834087712,1,1,"Sdsl","Cd74",0.2,0.04
-4.2326804058657,3.30267834087712,1,1,"Nupr1l","Cd74",0.2,0.04
-4.2326804058657,3.30267834087712,1,1,"Clip2","Cd74",0.2,0.04
-4.2326804058657,3.30267834087712,1,1,"6330418K02Rik","Cd74",0.2,0.04
-4.2326804058657,3.30267834087712,1,1,"Mtus2","Cd74",0.2,0.04
-4.2326804058657,3.30267834087712,1,1,"Zfp775","Cd74",0.2,0.04
-4.2326804058657,3.30267834087712,1,1,"Gprin3","Cd74",0.2,0.04
-4.2326804058657,3.30267834087712,1,1,"Gadd45a","Cd74",0.2,0.04
-4.2326804058657,3.30267834087712,1,1,"Elmod3","Cd74",0.2,0.04
-4.2326804058657,3.30267834087712,1,1,"Rab11fip5","Cd74",0.2,0.04
-4.2326804058657,3.30267834087712,1,1,"Creld1","Cd74",0.2,0.04
-4.2326804058657,3.30267834087712,1,1,"Foxj2","Cd74",0.2,0.04
-4.2326804058657,3.30267834087712,1,1,"Hebp1","Cd74",0.2,0.04
-4.2326804058657,3.30267834087712,1,1,"Ccdc91","Cd74",0.2,0.04
-4.2326804058657,3.30267834087712,1,1,"Tmem86b","Cd74",0.2,0.04
-4.2326804058657,3.30267834087712,1,1,"Zfp446","Cd74",0.2,0.04
-4.2326804058657,3.30267834087712,1,1,"Phldb3","Cd74",0.2,0.04
-4.2326804058657,3.30267834087712,1,1,"9130221H12Rik","Cd74",0.2,0.04
-4.2326804058657,3.30267834087712,1,1,"Zfp59","Cd74",0.2,0.04
-4.2326804058657,3.30267834087712,1,1,"Dyrk1b","Cd74",0.2,0.04
-4.2326804058657,3.30267834087712,1,1,"Zfp790","Cd74",0.2,0.04
-4.2326804058657,3.30267834087712,1,1,"Zfp146","Cd74",0.2,0.04
-4.2326804058657,3.30267834087712,1,1,"Ctu1","Cd74",0.2,0.04
-4.2326804058657,3.30267834087712,1,1,"Gm15545","Cd74",0.2,0.04
-4.2326804058657,3.30267834087712,1,1,"Flt3l","Cd74",0.2,0.04
-4.2326804058657,3.30267834087712,1,1,"Nav2","Cd74",0.2,0.04
-4.2326804058657,3.30267834087712,1,1,"Klhl25","Cd74",0.2,0.04
-4.2326804058657,3.30267834087712,1,1,"Zscan2","Cd74",0.2,0.04
-4.2326804058657,3.30267834087712,1,1,"Homer2","Cd74",0.2,0.04
-4.2326804058657,3.30267834087712,1,1,"Gdpd5","Cd74",0.2,0.04
-4.2326804058657,3.30267834087712,1,1,"Lipt2","Cd74",0.2,0.04
-4.2326804058657,3.30267834087712,1,1,"Trim3","Cd74",0.2,0.04
-4.2326804058657,3.30267834087712,1,1,"Gm44777","Cd74",0.2,0.04
-4.2326804058657,3.30267834087712,1,1,"Eri2","Cd74",0.2,0.04
-4.2326804058657,3.30267834087712,1,1,"Qprt","Cd74",0.2,0.04
-4.2326804058657,3.30267834087712,1,1,"BC017158","Cd74",0.2,0.04
-4.2326804058657,3.30267834087712,1,1,"Inpp5a","Cd74",0.2,0.04
-4.2326804058657,3.30267834087712,1,1,"6430531B16Rik","Cd74",0.2,0.04
-4.2326804058657,3.30267834087712,1,1,"Pgghg","Cd74",0.2,0.04
-4.2326804058657,3.30267834087712,1,1,"Sash1","Cd74",0.2,0.04
-4.2326804058657,3.30267834087712,1,1,"Pdss2","Cd74",0.2,0.04
-4.2326804058657,3.30267834087712,1,1,"Gm46224","Cd74",0.2,0.04
-4.2326804058657,3.30267834087712,1,1,"Gstt2","Cd74",0.2,0.04
-4.2326804058657,3.30267834087712,1,1,"Prmt2","Cd74",0.2,0.04
-4.2326804058657,3.30267834087712,1,1,"Pcbp3","Cd74",0.2,0.04
-4.2326804058657,3.30267834087712,1,1,"Sppl2b","Cd74",0.2,0.04
-4.2326804058657,3.30267834087712,1,1,"Mterf2","Cd74",0.2,0.04
-4.2326804058657,3.30267834087712,1,1,"Ccl25","Cd74",0.2,0.04
-4.2326804058657,3.30267834087712,1,1,"Angpt2","Cd74",0.2,0.04
-4.2326804058657,3.30267834087712,1,1,"Nek3","Cd74",0.2,0.04
-4.2326804058657,3.30267834087712,1,1,"Gm26909","Cd74",0.2,0.04
-4.2326804058657,3.30267834087712,1,1,"Purg","Cd74",0.2,0.04
-4.2326804058657,3.30267834087712,1,1,"Ankrd37","Cd74",0.2,0.04
-4.2326804058657,3.30267834087712,1,1,"Dctd","Cd74",0.2,0.04
-4.2326804058657,3.30267834087712,1,1,"Crtc1","Cd74",0.2,0.04
-4.2326804058657,3.30267834087712,1,1,"Large1","Cd74",0.2,0.04
-4.2326804058657,3.30267834087712,1,1,"Arhgap10","Cd74",0.2,0.04
-4.2326804058657,3.30267834087712,1,1,"Klf1","Cd74",0.2,0.04
-4.2326804058657,3.30267834087712,1,1,"Hook2","Cd74",0.2,0.04
-4.2326804058657,3.30267834087712,1,1,"Slc12a4","Cd74",0.2,0.04
-4.2326804058657,3.30267834087712,1,1,"Nudt7","Cd74",0.2,0.04
-4.2326804058657,3.30267834087712,1,1,"Urb2","Cd74",0.2,0.04
-4.2326804058657,3.30267834087712,1,1,"Sprtn","Cd74",0.2,0.04
-4.2326804058657,3.30267834087712,1,1,"Tarbp1","Cd74",0.2,0.04
-4.2326804058657,3.30267834087712,1,1,"Nkiras1","Cd74",0.2,0.04
-4.2326804058657,3.30267834087712,1,1,"Ercc6","Cd74",0.2,0.04
-4.2326804058657,3.30267834087712,1,1,"Tm9sf1","Cd74",0.2,0.04
-4.2326804058657,3.30267834087712,1,1,"AC174678.1","Cd74",0.2,0.04
-4.2326804058657,3.30267834087712,1,1,"Mcpt8","Cd74",0.2,0.04
-4.2326804058657,3.30267834087712,1,1,"Phf11d","Cd74",0.2,0.04
-4.2326804058657,3.30267834087712,1,1,"Phf11c","Cd74",0.2,0.04
-4.2326804058657,3.30267834087712,1,1,"Dgkh","Cd74",0.2,0.04
-4.2326804058657,3.30267834087712,1,1,"Mtrf1","Cd74",0.2,0.04
-4.2326804058657,3.30267834087712,1,1,"A230050P20Rik","Cd74",0.2,0.04
-4.2326804058657,3.30267834087712,1,1,"Ccdc15","Cd74",0.2,0.04
-4.2326804058657,3.30267834087712,1,1,"Fam214a","Cd74",0.2,0.04
-4.2326804058657,3.30267834087712,1,1,"Gk5","Cd74",0.2,0.04
-4.2326804058657,3.30267834087712,1,1,"Abhd14a","Cd74",0.2,0.04
-4.2326804058657,3.30267834087712,1,1,"Mon1a","Cd74",0.2,0.04
-4.2326804058657,3.30267834087712,1,1,"Fam212a","Cd74",0.2,0.04
-4.2326804058657,3.30267834087712,1,1,"Ulk4","Cd74",0.2,0.04
-4.2326804058657,3.30267834087712,1,1,"Selenom","Cd74",0.2,0.04
-4.2326804058657,3.30267834087712,1,1,"Slc35e4","Cd74",0.2,0.04
-4.2326804058657,3.30267834087712,1,1,"Fbxo48","Cd74",0.2,0.04
-4.2326804058657,3.30267834087712,1,1,"B3gnt2","Cd74",0.2,0.04
-4.2326804058657,3.30267834087712,1,1,"Asb3","Cd74",0.2,0.04
-4.2326804058657,3.30267834087712,1,1,"Adra1b","Cd74",0.2,0.04
-4.2326804058657,3.30267834087712,1,1,"Gm12166","Cd74",0.2,0.04
-4.2326804058657,3.30267834087712,1,1,"D930048N14Rik","Cd74",0.2,0.04
-4.2326804058657,3.30267834087712,1,1,"Slc36a3","Cd74",0.2,0.04
-4.2326804058657,3.30267834087712,1,1,"Pemt","Cd74",0.2,0.04
-4.2326804058657,3.30267834087712,1,1,"Sco1","Cd74",0.2,0.04
-4.2326804058657,3.30267834087712,1,1,"Gas7","Cd74",0.2,0.04
-4.2326804058657,3.30267834087712,1,1,"Tnfsf12","Cd74",0.2,0.04
-4.2326804058657,3.30267834087712,1,1,"Slc16a13","Cd74",0.2,0.04
-4.2326804058657,3.30267834087712,1,1,"Cyb5d2","Cd74",0.2,0.04
-4.2326804058657,3.30267834087712,1,1,"Ctns","Cd74",0.2,0.04
-4.2326804058657,3.30267834087712,1,1,"Srr","Cd74",0.2,0.04
-4.2326804058657,3.30267834087712,1,1,"Mrm1","Cd74",0.2,0.04
-4.2326804058657,3.30267834087712,1,1,"Pctp","Cd74",0.2,0.04
-4.2326804058657,3.30267834087712,1,1,"Xylt2","Cd74",0.2,0.04
-4.2326804058657,3.30267834087712,1,1,"Rundc1","Cd74",0.2,0.04
-4.2326804058657,3.30267834087712,1,1,"Gm11713","Cd74",0.2,0.04
-4.2326804058657,3.30267834087712,1,1,"Tmem94","Cd74",0.2,0.04
-4.2326804058657,3.30267834087712,1,1,"Gm11273","Cd74",0.2,0.04
-4.2326804058657,3.30267834087712,1,1,"Hist1h2br","Cd74",0.2,0.04
-4.2326804058657,3.30267834087712,1,1,"Hist1h2ad","Cd74",0.2,0.04
-4.2326804058657,3.30267834087712,1,1,"Mboat1","Cd74",0.2,0.04
-4.2326804058657,3.30267834087712,1,1,"Fam120aos","Cd74",0.2,0.04
-4.2326804058657,3.30267834087712,1,1,"Habp4","Cd74",0.2,0.04
-4.2326804058657,3.30267834087712,1,1,"Mtrr","Cd74",0.2,0.04
-4.2326804058657,3.30267834087712,1,1,"E430024I08Rik","Cd74",0.2,0.04
-4.2326804058657,3.30267834087712,1,1,"Gm47469","Cd74",0.2,0.04
-4.2326804058657,3.30267834087712,1,1,"Fam151b","Cd74",0.2,0.04
-4.2326804058657,3.30267834087712,1,1,"Enc1","Cd74",0.2,0.04
-4.2326804058657,3.30267834087712,1,1,"Naip6","Cd74",0.2,0.04
-4.2326804058657,3.30267834087712,1,1,"1700099I09Rik","Cd74",0.2,0.04
-4.2326804058657,3.30267834087712,1,1,"Plpp1","Cd74",0.2,0.04
-4.2326804058657,3.30267834087712,1,1,"Dtnb","Cd74",0.2,0.04
-4.2326804058657,3.30267834087712,1,1,"Adcy3","Cd74",0.2,0.04
-4.2326804058657,3.30267834087712,1,1,"Klf11","Cd74",0.2,0.04
-4.2326804058657,3.30267834087712,1,1,"Nubpl","Cd74",0.2,0.04
-4.2326804058657,3.30267834087712,1,1,"1300014J16Rik","Cd74",0.2,0.04
-4.2326804058657,3.30267834087712,1,1,"Aldh6a1","Cd74",0.2,0.04
-4.2326804058657,3.30267834087712,1,1,"Abcd4","Cd74",0.2,0.04
-4.2326804058657,3.30267834087712,1,1,"Tnfaip2","Cd74",0.2,0.04
-4.2326804058657,3.30267834087712,1,1,"Crip2","Cd74",0.2,0.04
-4.2326804058657,3.30267834087712,1,1,"Fbxo32","Cd74",0.2,0.04
-4.2326804058657,3.30267834087712,1,1,"Fam84b","Cd74",0.2,0.04
-4.2326804058657,3.30267834087712,1,1,"Them6","Cd74",0.2,0.04
-4.2326804058657,3.30267834087712,1,1,"Recql4","Cd74",0.2,0.04
-4.2326804058657,3.30267834087712,1,1,"AL591952.3","Cd74",0.2,0.04
-4.2326804058657,3.30267834087712,1,1,"AC146911.1","Cd74",0.2,0.04
-4.2326804058657,3.30267834087712,1,1,"Grasp","Cd74",0.2,0.04
-4.2326804058657,3.30267834087712,1,1,"Itga5","Cd74",0.2,0.04
-4.2326804058657,3.30267834087712,1,1,"Glis2","Cd74",0.2,0.04
-4.2326804058657,3.30267834087712,1,1,"Tmem191c","Cd74",0.2,0.04
-4.2326804058657,3.30267834087712,1,1,"Iglc3","Cd74",0.2,0.04
-4.2326804058657,3.30267834087712,1,1,"Lmln","Cd74",0.2,0.04
-4.2326804058657,3.30267834087712,1,1,"Eaf2","Cd74",0.2,0.04
-4.2326804058657,3.30267834087712,1,1,"Dubr","Cd74",0.2,0.04
-4.2326804058657,3.30267834087712,1,1,"Zfp654","Cd74",0.2,0.04
-4.2326804058657,3.30267834087712,1,1,"Dnajc28","Cd74",0.2,0.04
-4.2326804058657,3.30267834087712,1,1,"Cbr1","Cd74",0.2,0.04
-4.2326804058657,3.30267834087712,1,1,"Cbr3","Cd74",0.2,0.04
-4.2326804058657,3.30267834087712,1,1,"1700102H20Rik","Cd74",0.2,0.04
-4.2326804058657,3.30267834087712,1,1,"AC129328.1","Cd74",0.2,0.04
-4.2326804058657,3.30267834087712,1,1,"Zfp995","Cd74",0.2,0.04
-4.2326804058657,3.30267834087712,1,1,"Slc9a3r2","Cd74",0.2,0.04
-4.2326804058657,3.30267834087712,1,1,"Prss34","Cd74",0.2,0.04
-4.2326804058657,3.30267834087712,1,1,"Rab11fip3","Cd74",0.2,0.04
-4.2326804058657,3.30267834087712,1,1,"Phf1","Cd74",0.2,0.04
-4.2326804058657,3.30267834087712,1,1,"AC127341.3","Cd74",0.2,0.04
-4.2326804058657,3.30267834087712,1,1,"BC051226","Cd74",0.2,0.04
-4.2326804058657,3.30267834087712,1,1,"BC051537","Cd74",0.2,0.04
-4.2326804058657,3.30267834087712,1,1,"Vars2","Cd74",0.2,0.04
-4.2326804058657,3.30267834087712,1,1,"9130008F23Rik","Cd74",0.2,0.04
-4.2326804058657,3.30267834087712,1,1,"Xpo5","Cd74",0.2,0.04
-4.2326804058657,3.30267834087712,1,1,"Klc4","Cd74",0.2,0.04
-4.2326804058657,3.30267834087712,1,1,"Usp49","Cd74",0.2,0.04
-4.2326804058657,3.30267834087712,1,1,"Zfp119b","Cd74",0.2,0.04
-4.2326804058657,3.30267834087712,1,1,"Rfx2","Cd74",0.2,0.04
-4.2326804058657,3.30267834087712,1,1,"Thumpd2","Cd74",0.2,0.04
-4.2326804058657,3.30267834087712,1,1,"Socs5","Cd74",0.2,0.04
-4.2326804058657,3.30267834087712,1,1,"Map3k8","Cd74",0.2,0.04
-4.2326804058657,3.30267834087712,1,1,"Fech","Cd74",0.2,0.04
-4.2326804058657,3.30267834087712,1,1,"Elac1","Cd74",0.2,0.04
-4.2326804058657,3.30267834087712,1,1,"Ighmbp2","Cd74",0.2,0.04
-4.2326804058657,3.30267834087712,1,1,"Gstp3","Cd74",0.2,0.04
-4.2326804058657,3.30267834087712,1,1,"Fads3","Cd74",0.2,0.04
-4.2326804058657,3.30267834087712,1,1,"Ptgdr2","Cd74",0.2,0.04
-4.2326804058657,3.30267834087712,1,1,"Gm28935","Cd74",0.2,0.04
-4.2326804058657,3.30267834087712,1,1,"Cep78","Cd74",0.2,0.04
-4.2326804058657,3.30267834087712,1,1,"Nmrk1","Cd74",0.2,0.04
-4.2326804058657,3.30267834087712,1,1,"Plce1","Cd74",0.2,0.04
-4.2326804058657,3.30267834087712,1,1,"Pik3ap1","Cd74",0.2,0.04
-4.2326804058657,3.30267834087712,1,1,"Poll","Cd74",0.2,0.04
-4.2326804058657,3.30267834087712,1,1,"CAAA01147332.1","Cd74",0.2,0.04
-3.84299813854765,3.11526105337674,1,1,"Paqr8","Cd74",0.2,0.04
-3.84299813854765,3.11526105337674,1,1,"Arhgef4","Cd74",0.2,0.04
-3.84299813854765,3.11526105337674,1,1,"Il18rap","Cd74",0.2,0.04
-3.84299813854765,3.11526105337674,1,1,"Stat4","Cd74",0.2,0.04
-3.84299813854765,3.11526105337674,1,1,"Pgap1","Cd74",0.2,0.04
-3.84299813854765,3.11526105337674,1,1,"Als2","Cd74",0.2,0.04
-3.84299813854765,3.11526105337674,1,1,"Ino80dos","Cd74",0.2,0.04
-3.84299813854765,3.11526105337674,1,1,"Rnf25","Cd74",0.2,0.04
-3.84299813854765,3.11526105337674,1,1,"Dnajb2","Cd74",0.2,0.04
-3.84299813854765,3.11526105337674,1,1,"Armc9","Cd74",0.2,0.04
-3.84299813854765,3.11526105337674,1,1,"Sept2","Cd74",0.2,0.04
-3.84299813854765,3.11526105337674,1,1,"D2hgdh","Cd74",0.2,0.04
-3.84299813854765,3.11526105337674,1,1,"Tnfrsf11a","Cd74",0.2,0.04
-3.84299813854765,3.11526105337674,1,1,"Slc45a3","Cd74",0.2,0.04
-3.84299813854765,3.11526105337674,1,1,"Mfsd4a","Cd74",0.2,0.04
-3.84299813854765,3.11526105337674,1,1,"Tmem81","Cd74",0.2,0.04
-3.84299813854765,3.11526105337674,1,1,"Chil1","Cd74",0.2,0.04
-3.84299813854765,3.11526105337674,1,1,"Npl","Cd74",0.2,0.04
-3.84299813854765,3.11526105337674,1,1,"Slc19a2","Cd74",0.2,0.04
-3.84299813854765,3.11526105337674,1,1,"Usp21","Cd74",0.2,0.04
-3.84299813854765,3.11526105337674,1,1,"Cadm3","Cd74",0.2,0.04
-3.84299813854765,3.11526105337674,1,1,"1700047M11Rik","Cd74",0.2,0.04
-3.84299813854765,3.11526105337674,1,1,"Gm45902","Cd74",0.2,0.04
-3.84299813854765,3.11526105337674,1,1,"Pter","Cd74",0.2,0.04
-3.84299813854765,3.11526105337674,1,1,"Ralgds","Cd74",0.2,0.04
-3.84299813854765,3.11526105337674,1,1,"2600006K01Rik","Cd74",0.2,0.04
-3.84299813854765,3.11526105337674,1,1,"Pomt1","Cd74",0.2,0.04
-3.84299813854765,3.11526105337674,1,1,"Angptl2","Cd74",0.2,0.04
-3.84299813854765,3.11526105337674,1,1,"Dab2ip","Cd74",0.2,0.04
-3.84299813854765,3.11526105337674,1,1,"Acvr1","Cd74",0.2,0.04
-3.84299813854765,3.11526105337674,1,1,"Tanc1","Cd74",0.2,0.04
-3.84299813854765,3.11526105337674,1,1,"Ly75","Cd74",0.2,0.04
-3.84299813854765,3.11526105337674,1,1,"Pjvk","Cd74",0.2,0.04
-3.84299813854765,3.11526105337674,1,1,"A330069E16Rik","Cd74",0.2,0.04
-3.84299813854765,3.11526105337674,1,1,"Cd59a","Cd74",0.2,0.04
-3.84299813854765,3.11526105337674,1,1,"Ccdc73","Cd74",0.2,0.04
-3.84299813854765,3.11526105337674,1,1,"Chst14","Cd74",0.2,0.04
-3.84299813854765,3.11526105337674,1,1,"Adal","Cd74",0.2,0.04
-3.84299813854765,3.11526105337674,1,1,"Catsper2","Cd74",0.2,0.04
-3.84299813854765,3.11526105337674,1,1,"Gm27003","Cd74",0.2,0.04
-3.84299813854765,3.11526105337674,1,1,"Tmem87b","Cd74",0.2,0.04
-3.84299813854765,3.11526105337674,1,1,"Fastkd5","Cd74",0.2,0.04
-3.84299813854765,3.11526105337674,1,1,"Mcts2","Cd74",0.2,0.04
-3.84299813854765,3.11526105337674,1,1,"Zfp341","Cd74",0.2,0.04
-3.84299813854765,3.11526105337674,1,1,"Soga1","Cd74",0.2,0.04
-3.84299813854765,3.11526105337674,1,1,"Plcg1","Cd74",0.2,0.04
-3.84299813854765,3.11526105337674,1,1,"Gm11457","Cd74",0.2,0.04
-3.84299813854765,3.11526105337674,1,1,"Gm14296","Cd74",0.2,0.04
-3.84299813854765,3.11526105337674,1,1,"Akap17b","Cd74",0.2,0.04
-3.84299813854765,3.11526105337674,1,1,"Bcorl1","Cd74",0.2,0.04
-3.84299813854765,3.11526105337674,1,1,"Mfn1","Cd74",0.2,0.04
-3.84299813854765,3.11526105337674,1,1,"Cetn4","Cd74",0.2,0.04
-3.84299813854765,3.11526105337674,1,1,"Serpini1","Cd74",0.2,0.04
-3.84299813854765,3.11526105337674,1,1,"Tsacc","Cd74",0.2,0.04
-3.84299813854765,3.11526105337674,1,1,"Lmna","Cd74",0.2,0.04
-3.84299813854765,3.11526105337674,1,1,"Trim46","Cd74",0.2,0.04
-3.84299813854765,3.11526105337674,1,1,"Trim45","Cd74",0.2,0.04
-3.84299813854765,3.11526105337674,1,1,"Slc16a1","Cd74",0.2,0.04
-3.84299813854765,3.11526105337674,1,1,"Dennd2d","Cd74",0.2,0.04
-3.84299813854765,3.11526105337674,1,1,"Csf1","Cd74",0.2,0.04
-3.84299813854765,3.11526105337674,1,1,"Fndc7","Cd74",0.2,0.04
-3.84299813854765,3.11526105337674,1,1,"Snx7","Cd74",0.2,0.04
-3.84299813854765,3.11526105337674,1,1,"Abcd3","Cd74",0.2,0.04
-3.84299813854765,3.11526105337674,1,1,"Spata1","Cd74",0.2,0.04
-3.84299813854765,3.11526105337674,1,1,"Adgrl2","Cd74",0.2,0.04
-3.84299813854765,3.11526105337674,1,1,"St6galnac3","Cd74",0.2,0.04
-3.84299813854765,3.11526105337674,1,1,"Klhl32","Cd74",0.2,0.04
-3.84299813854765,3.11526105337674,1,1,"Tbc1d2","Cd74",0.2,0.04
-3.84299813854765,3.11526105337674,1,1,"Zfp189","Cd74",0.2,0.04
-3.84299813854765,3.11526105337674,1,1,"Fktn","Cd74",0.2,0.04
-3.84299813854765,3.11526105337674,1,1,"Ctnnal1","Cd74",0.2,0.04
-3.84299813854765,3.11526105337674,1,1,"Ptgr1","Cd74",0.2,0.04
-3.84299813854765,3.11526105337674,1,1,"Tnfsf8","Cd74",0.2,0.04
-3.84299813854765,3.11526105337674,1,1,"E130102H24Rik","Cd74",0.2,0.04
-3.84299813854765,3.11526105337674,1,1,"Tal1","Cd74",0.2,0.04
-3.84299813854765,3.11526105337674,1,1,"Ptprf","Cd74",0.2,0.04
-3.84299813854765,3.11526105337674,1,1,"Hivep3","Cd74",0.2,0.04
-3.84299813854765,3.11526105337674,1,1,"9930104L06Rik","Cd74",0.2,0.04
-3.84299813854765,3.11526105337674,1,1,"Zscan20","Cd74",0.2,0.04
-3.84299813854765,3.11526105337674,1,1,"Sfn","Cd74",0.2,0.04
-3.84299813854765,3.11526105337674,1,1,"Ubxn11","Cd74",0.2,0.04
-3.84299813854765,3.11526105337674,1,1,"Otud3","Cd74",0.2,0.04
-3.84299813854765,3.11526105337674,1,1,"Iffo2","Cd74",0.2,0.04
-3.84299813854765,3.11526105337674,1,1,"Padi1","Cd74",0.2,0.04
-3.84299813854765,3.11526105337674,1,1,"Tmem201","Cd74",0.2,0.04
-3.84299813854765,3.11526105337674,1,1,"Phf13","Cd74",0.2,0.04
-3.84299813854765,3.11526105337674,1,1,"2510017J16Rik","Cd74",0.2,0.04
-3.84299813854765,3.11526105337674,1,1,"Pex1","Cd74",0.2,0.04
-3.84299813854765,3.11526105337674,1,1,"Mterf1b","Cd74",0.2,0.04
-3.84299813854765,3.11526105337674,1,1,"Abcb4","Cd74",0.2,0.04
-3.84299813854765,3.11526105337674,1,1,"Orc5","Cd74",0.2,0.04
-3.84299813854765,3.11526105337674,1,1,"Agbl5","Cd74",0.2,0.04
-3.84299813854765,3.11526105337674,1,1,"Krtcap3","Cd74",0.2,0.04
-3.84299813854765,3.11526105337674,1,1,"Grk4","Cd74",0.2,0.04
-3.84299813854765,3.11526105337674,1,1,"Man2b2","Cd74",0.2,0.04
-3.84299813854765,3.11526105337674,1,1,"Wfs1","Cd74",0.2,0.04
-3.84299813854765,3.11526105337674,1,1,"Zfp518b","Cd74",0.2,0.04
-3.84299813854765,3.11526105337674,1,1,"0610040J01Rik","Cd74",0.2,0.04
-3.84299813854765,3.11526105337674,1,1,"Tec","Cd74",0.2,0.04
-3.84299813854765,3.11526105337674,1,1,"Rasl11b","Cd74",0.2,0.04
-3.84299813854765,3.11526105337674,1,1,"Scfd2","Cd74",0.2,0.04
-3.84299813854765,3.11526105337674,1,1,"Zfp951","Cd74",0.2,0.04
-3.84299813854765,3.11526105337674,1,1,"Gbp9","Cd74",0.2,0.04
-3.84299813854765,3.11526105337674,1,1,"Glmn","Cd74",0.2,0.04
-3.84299813854765,3.11526105337674,1,1,"Pigg","Cd74",0.2,0.04
-3.84299813854765,3.11526105337674,1,1,"Zfp605","Cd74",0.2,0.04
-3.84299813854765,3.11526105337674,1,1,"Galnt9","Cd74",0.2,0.04
-3.84299813854765,3.11526105337674,1,1,"Gm36266","Cd74",0.2,0.04
-3.84299813854765,3.11526105337674,1,1,"3110082I17Rik","Cd74",0.2,0.04
-3.84299813854765,3.11526105337674,1,1,"D5Ertd605e","Cd74",0.2,0.04
-3.84299813854765,3.11526105337674,1,1,"Gng11","Cd74",0.2,0.04
-3.84299813854765,3.11526105337674,1,1,"Strip2","Cd74",0.2,0.04
-3.84299813854765,3.11526105337674,1,1,"Lncpint","Cd74",0.2,0.04
-3.84299813854765,3.11526105337674,1,1,"Adck2","Cd74",0.2,0.04
-3.84299813854765,3.11526105337674,1,1,"Krba1","Cd74",0.2,0.04
-3.84299813854765,3.11526105337674,1,1,"Gimap5","Cd74",0.2,0.04
-3.84299813854765,3.11526105337674,1,1,"Mturn","Cd74",0.2,0.04
-3.84299813854765,3.11526105337674,1,1,"Pcgf1","Cd74",0.2,0.04
-3.84299813854765,3.11526105337674,1,1,"H1fx","Cd74",0.2,0.04
-3.84299813854765,3.11526105337674,1,1,"Frmd4b","Cd74",0.2,0.04
-3.84299813854765,3.11526105337674,1,1,"Fxyd4","Cd74",0.2,0.04
-3.84299813854765,3.11526105337674,1,1,"P3h3","Cd74",0.2,0.04
-3.84299813854765,3.11526105337674,1,1,"Gm26656","Cd74",0.2,0.04
-3.84299813854765,3.11526105337674,1,1,"Clec2g","Cd74",0.2,0.04
-3.84299813854765,3.11526105337674,1,1,"Dnaaf3","Cd74",0.2,0.04
-3.84299813854765,3.11526105337674,1,1,"Brsk1","Cd74",0.2,0.04
-3.84299813854765,3.11526105337674,1,1,"Zscan22","Cd74",0.2,0.04
-3.84299813854765,3.11526105337674,1,1,"Ccdc8","Cd74",0.2,0.04
-3.84299813854765,3.11526105337674,1,1,"Six5","Cd74",0.2,0.04
-3.84299813854765,3.11526105337674,1,1,"Ercc2","Cd74",0.2,0.04
-3.84299813854765,3.11526105337674,1,1,"Zfp111","Cd74",0.2,0.04
-3.84299813854765,3.11526105337674,1,1,"Zfp94","Cd74",0.2,0.04
-3.84299813854765,3.11526105337674,1,1,"Irgq","Cd74",0.2,0.04
-3.84299813854765,3.11526105337674,1,1,"Ceacam10","Cd74",0.2,0.04
-3.84299813854765,3.11526105337674,1,1,"Cd79a","Cd74",0.2,0.04
-3.84299813854765,3.11526105337674,1,1,"Ceacam1","Cd74",0.2,0.04
-3.84299813854765,3.11526105337674,1,1,"BC024978","Cd74",0.2,0.04
-3.84299813854765,3.11526105337674,1,1,"Zfp974","Cd74",0.2,0.04
-3.84299813854765,3.11526105337674,1,1,"Gm26610","Cd74",0.2,0.04
-3.84299813854765,3.11526105337674,1,1,"Gm26526","Cd74",0.2,0.04
-3.84299813854765,3.11526105337674,1,1,"Siglece","Cd74",0.2,0.04
-3.84299813854765,3.11526105337674,1,1,"Gm31597","Cd74",0.2,0.04
-3.84299813854765,3.11526105337674,1,1,"Tmem143","Cd74",0.2,0.04
-3.84299813854765,3.11526105337674,1,1,"Ccdc114","Cd74",0.2,0.04
-3.84299813854765,3.11526105337674,1,1,"Lins1","Cd74",0.2,0.04
-3.84299813854765,3.11526105337674,1,1,"Pex11a","Cd74",0.2,0.04
-3.84299813854765,3.11526105337674,1,1,"Gm16638","Cd74",0.2,0.04
-3.84299813854765,3.11526105337674,1,1,"Ddias","Cd74",0.2,0.04
-3.84299813854765,3.11526105337674,1,1,"Inppl1","Cd74",0.2,0.04
-3.84299813854765,3.11526105337674,1,1,"Trim68","Cd74",0.2,0.04
-3.84299813854765,3.11526105337674,1,1,"Fam160a2","Cd74",0.2,0.04
-3.84299813854765,3.11526105337674,1,1,"Sox6","Cd74",0.2,0.04
-3.84299813854765,3.11526105337674,1,1,"Tmem159","Cd74",0.2,0.04
-3.84299813854765,3.11526105337674,1,1,"Cdr2","Cd74",0.2,0.04
-3.84299813854765,3.11526105337674,1,1,"Usp31","Cd74",0.2,0.04
-3.84299813854765,3.11526105337674,1,1,"Kdm8","Cd74",0.2,0.04
-3.84299813854765,3.11526105337674,1,1,"Gm42715","Cd74",0.2,0.04
-3.84299813854765,3.11526105337674,1,1,"Fuom","Cd74",0.2,0.04
-3.84299813854765,3.11526105337674,1,1,"Tnfrsf26","Cd74",0.2,0.04
-3.84299813854765,3.11526105337674,1,1,"E230032D23Rik","Cd74",0.2,0.04
-3.84299813854765,3.11526105337674,1,1,"Tpcn2","Cd74",0.2,0.04
-3.84299813854765,3.11526105337674,1,1,"Ust","Cd74",0.2,0.04
-3.84299813854765,3.11526105337674,1,1,"E030030I06Rik","Cd74",0.2,0.04
-3.84299813854765,3.11526105337674,1,1,"Gm46218","Cd74",0.2,0.04
-3.84299813854765,3.11526105337674,1,1,"Rhobtb1","Cd74",0.2,0.04
-3.84299813854765,3.11526105337674,1,1,"A930033H14Rik","Cd74",0.2,0.04
-3.84299813854765,3.11526105337674,1,1,"Ybey","Cd74",0.2,0.04
-3.84299813854765,3.11526105337674,1,1,"Lrrc3","Cd74",0.2,0.04
-3.84299813854765,3.11526105337674,1,1,"Mex3d","Cd74",0.2,0.04
-3.84299813854765,3.11526105337674,1,1,"BC025920","Cd74",0.2,0.04
-3.84299813854765,3.11526105337674,1,1,"Galnt4","Cd74",0.2,0.04
-3.84299813854765,3.11526105337674,1,1,"Mettl25","Cd74",0.2,0.04
-3.84299813854765,3.11526105337674,1,1,"Agap2","Cd74",0.2,0.04
-3.84299813854765,3.11526105337674,1,1,"Rbms2","Cd74",0.2,0.04
-3.84299813854765,3.11526105337674,1,1,"Dgka","Cd74",0.2,0.04
-3.84299813854765,3.11526105337674,1,1,"Pex11g","Cd74",0.2,0.04
-3.84299813854765,3.11526105337674,1,1,"Coprs","Cd74",0.2,0.04
-3.84299813854765,3.11526105337674,1,1,"Ppp1r3b","Cd74",0.2,0.04
-3.84299813854765,3.11526105337674,1,1,"Snx25","Cd74",0.2,0.04
-3.84299813854765,3.11526105337674,1,1,"Cpe","Cd74",0.2,0.04
-3.84299813854765,3.11526105337674,1,1,"Rab3a","Cd74",0.2,0.04
-3.84299813854765,3.11526105337674,1,1,"Slc27a1","Cd74",0.2,0.04
-3.84299813854765,3.11526105337674,1,1,"Med26","Cd74",0.2,0.04
-3.84299813854765,3.11526105337674,1,1,"Adgrl1","Cd74",0.2,0.04
-3.84299813854765,3.11526105337674,1,1,"Gm26532","Cd74",0.2,0.04
-3.84299813854765,3.11526105337674,1,1,"Aktip","Cd74",0.2,0.04
-3.84299813854765,3.11526105337674,1,1,"Cmtm4","Cd74",0.2,0.04
-3.84299813854765,3.11526105337674,1,1,"Gfod2","Cd74",0.2,0.04
-3.84299813854765,3.11526105337674,1,1,"Crispld2","Cd74",0.2,0.04
-3.84299813854765,3.11526105337674,1,1,"Gm45890","Cd74",0.2,0.04
-3.84299813854765,3.11526105337674,1,1,"Arv1","Cd74",0.2,0.04
-3.84299813854765,3.11526105337674,1,1,"Nek10","Cd74",0.2,0.04
-3.84299813854765,3.11526105337674,1,1,"Hacl1","Cd74",0.2,0.04
-3.84299813854765,3.11526105337674,1,1,"Cebpe","Cd74",0.2,0.04
-3.84299813854765,3.11526105337674,1,1,"Gm16973","Cd74",0.2,0.04
-3.84299813854765,3.11526105337674,1,1,"Amer2","Cd74",0.2,0.04
-3.84299813854765,3.11526105337674,1,1,"Tnfrsf10b","Cd74",0.2,0.04
-3.84299813854765,3.11526105337674,1,1,"Kbtbd6","Cd74",0.2,0.04
-3.84299813854765,3.11526105337674,1,1,"Tgds","Cd74",0.2,0.04
-3.84299813854765,3.11526105337674,1,1,"Kbtbd3","Cd74",0.2,0.04
-3.84299813854765,3.11526105337674,1,1,"Swsap1","Cd74",0.2,0.04
-3.84299813854765,3.11526105337674,1,1,"Acp5","Cd74",0.2,0.04
-3.84299813854765,3.11526105337674,1,1,"Zfp809","Cd74",0.2,0.04
-3.84299813854765,3.11526105337674,1,1,"Zfp599","Cd74",0.2,0.04
-3.84299813854765,3.11526105337674,1,1,"Olfr920","Cd74",0.2,0.04
-3.84299813854765,3.11526105337674,1,1,"Zbtb16","Cd74",0.2,0.04
-3.84299813854765,3.11526105337674,1,1,"Cib2","Cd74",0.2,0.04
-3.84299813854765,3.11526105337674,1,1,"Snupn","Cd74",0.2,0.04
-3.84299813854765,3.11526105337674,1,1,"Lca5","Cd74",0.2,0.04
-3.84299813854765,3.11526105337674,1,1,"1190002N15Rik","Cd74",0.2,0.04
-3.84299813854765,3.11526105337674,1,1,"Gm16794","Cd74",0.2,0.04
-3.84299813854765,3.11526105337674,1,1,"Mras","Cd74",0.2,0.04
-3.84299813854765,3.11526105337674,1,1,"Ppp2r3a","Cd74",0.2,0.04
-3.84299813854765,3.11526105337674,1,1,"Nphp3","Cd74",0.2,0.04
-3.84299813854765,3.11526105337674,1,1,"Tlr9","Cd74",0.2,0.04
-3.84299813854765,3.11526105337674,1,1,"Hyal2","Cd74",0.2,0.04
-3.84299813854765,3.11526105337674,1,1,"Tcta","Cd74",0.2,0.04
-3.84299813854765,3.11526105337674,1,1,"Pfkfb4","Cd74",0.2,0.04
-3.84299813854765,3.11526105337674,1,1,"Gorasp1","Cd74",0.2,0.04
-3.84299813854765,3.11526105337674,1,1,"D830035M03Rik","Cd74",0.2,0.04
-3.84299813854765,3.11526105337674,1,1,"Tcaim","Cd74",0.2,0.04
-3.84299813854765,3.11526105337674,1,1,"Gm9856","Cd74",0.2,0.04
-3.84299813854765,3.11526105337674,1,1,"Kremen1","Cd74",0.2,0.04
-3.84299813854765,3.11526105337674,1,1,"Tgtp2","Cd74",0.2,0.04
-3.84299813854765,3.11526105337674,1,1,"Maml1","Cd74",0.2,0.04
-3.84299813854765,3.11526105337674,1,1,"Slc22a5","Cd74",0.2,0.04
-3.84299813854765,3.11526105337674,1,1,"Jmjd4","Cd74",0.2,0.04
-3.84299813854765,3.11526105337674,1,1,"Natd1","Cd74",0.2,0.04
-3.84299813854765,3.11526105337674,1,1,"9330160F10Rik","Cd74",0.2,0.04
-3.84299813854765,3.11526105337674,1,1,"Chrne","Cd74",0.2,0.04
-3.84299813854765,3.11526105337674,1,1,"Zfp3","Cd74",0.2,0.04
-3.84299813854765,3.11526105337674,1,1,"Scimp","Cd74",0.2,0.04
-3.84299813854765,3.11526105337674,1,1,"Spns2","Cd74",0.2,0.04
-3.84299813854765,3.11526105337674,1,1,"Ovca2","Cd74",0.2,0.04
-3.84299813854765,3.11526105337674,1,1,"Ankrd13b","Cd74",0.2,0.04
-3.84299813854765,3.11526105337674,1,1,"Abhd15","Cd74",0.2,0.04
-3.84299813854765,3.11526105337674,1,1,"Tlcd1","Cd74",0.2,0.04
-3.84299813854765,3.11526105337674,1,1,"Gm26563","Cd74",0.2,0.04
-3.84299813854765,3.11526105337674,1,1,"Ccl5","Cd74",0.2,0.04
-3.84299813854765,3.11526105337674,1,1,"Tada2a","Cd74",0.2,0.04
-3.84299813854765,3.11526105337674,1,1,"Dhrs11","Cd74",0.2,0.04
-3.84299813854765,3.11526105337674,1,1,"Gm45716","Cd74",0.2,0.04
-3.84299813854765,3.11526105337674,1,1,"Gm26830","Cd74",0.2,0.04
-3.84299813854765,3.11526105337674,1,1,"B130006D01Rik","Cd74",0.2,0.04
-3.84299813854765,3.11526105337674,1,1,"Hexim2","Cd74",0.2,0.04
-3.84299813854765,3.11526105337674,1,1,"Prr29","Cd74",0.2,0.04
-3.84299813854765,3.11526105337674,1,1,"Wipi1","Cd74",0.2,0.04
-3.84299813854765,3.11526105337674,1,1,"Smim6","Cd74",0.2,0.04
-3.84299813854765,3.11526105337674,1,1,"Fbf1","Cd74",0.2,0.04
-3.84299813854765,3.11526105337674,1,1,"Timp2","Cd74",0.2,0.04
-3.84299813854765,3.11526105337674,1,1,"Ccdc137","Cd74",0.2,0.04
-3.84299813854765,3.11526105337674,1,1,"Arl16","Cd74",0.2,0.04
-3.84299813854765,3.11526105337674,1,1,"Hmga1b","Cd74",0.2,0.04
-3.84299813854765,3.11526105337674,1,1,"Akr1c13","Cd74",0.2,0.04
-3.84299813854765,3.11526105337674,1,1,"Hist1h2bp","Cd74",0.2,0.04
-3.84299813854765,3.11526105337674,1,1,"Hist1h2ag","Cd74",0.2,0.04
-3.84299813854765,3.11526105337674,1,1,"Hist1h2bh","Cd74",0.2,0.04
-3.84299813854765,3.11526105337674,1,1,"Carmil1","Cd74",0.2,0.04
-3.84299813854765,3.11526105337674,1,1,"Serpinb6b","Cd74",0.2,0.04
-3.84299813854765,3.11526105337674,1,1,"Zfp169","Cd74",0.2,0.04
-3.84299813854765,3.11526105337674,1,1,"Ippk","Cd74",0.2,0.04
-3.84299813854765,3.11526105337674,1,1,"Hrh2","Cd74",0.2,0.04
-3.84299813854765,3.11526105337674,1,1,"Cdc14b","Cd74",0.2,0.04
-3.84299813854765,3.11526105337674,1,1,"Zfp874b","Cd74",0.2,0.04
-3.84299813854765,3.11526105337674,1,1,"9430065F17Rik","Cd74",0.2,0.04
-3.84299813854765,3.11526105337674,1,1,"Zfp273","Cd74",0.2,0.04
-3.84299813854765,3.11526105337674,1,1,"Srd5a1","Cd74",0.2,0.04
-3.84299813854765,3.11526105337674,1,1,"Zfp72","Cd74",0.2,0.04
-3.84299813854765,3.11526105337674,1,1,"Sdc1","Cd74",0.2,0.04
-3.84299813854765,3.11526105337674,1,1,"Dus4l","Cd74",0.2,0.04
-3.84299813854765,3.11526105337674,1,1,"Dnaaf2","Cd74",0.2,0.04
-3.84299813854765,3.11526105337674,1,1,"Gm47689","Cd74",0.2,0.04
-3.84299813854765,3.11526105337674,1,1,"Gm10451","Cd74",0.2,0.04
-3.84299813854765,3.11526105337674,1,1,"Fntb","Cd74",0.2,0.04
-3.84299813854765,3.11526105337674,1,1,"Exd2","Cd74",0.2,0.04
-3.84299813854765,3.11526105337674,1,1,"Map3k9","Cd74",0.2,0.04
-3.84299813854765,3.11526105337674,1,1,"Ston2","Cd74",0.2,0.04
-3.84299813854765,3.11526105337674,1,1,"Ptpn21","Cd74",0.2,0.04
-3.84299813854765,3.11526105337674,1,1,"Eml5","Cd74",0.2,0.04
-3.84299813854765,3.11526105337674,1,1,"AC163040.1","Cd74",0.2,0.04
-3.84299813854765,3.11526105337674,1,1,"Zfat","Cd74",0.2,0.04
-3.84299813854765,3.11526105337674,1,1,"Top1mt","Cd74",0.2,0.04
-3.84299813854765,3.11526105337674,1,1,"Ccdc166","Cd74",0.2,0.04
-3.84299813854765,3.11526105337674,1,1,"Pdxp","Cd74",0.2,0.04
-3.84299813854765,3.11526105337674,1,1,"Adcy6","Cd74",0.2,0.04
-3.84299813854765,3.11526105337674,1,1,"Fkbp11","Cd74",0.2,0.04
-3.84299813854765,3.11526105337674,1,1,"Galnt6","Cd74",0.2,0.04
-3.84299813854765,3.11526105337674,1,1,"Adcy9","Cd74",0.2,0.04
-3.84299813854765,3.11526105337674,1,1,"Gnb1l","Cd74",0.2,0.04
-3.84299813854765,3.11526105337674,1,1,"Iglc2","Cd74",0.2,0.04
-3.84299813854765,3.11526105337674,1,1,"Abcc5","Cd74",0.2,0.04
-3.84299813854765,3.11526105337674,1,1,"Lppos","Cd74",0.2,0.04
-3.84299813854765,3.11526105337674,1,1,"Nepro","Cd74",0.2,0.04
-3.84299813854765,3.11526105337674,1,1,"Pros1","Cd74",0.2,0.04
-3.84299813854765,3.11526105337674,1,1,"Ets2","Cd74",0.2,0.04
-3.84299813854765,3.11526105337674,1,1,"Dscam","Cd74",0.2,0.04
-3.84299813854765,3.11526105337674,1,1,"Zdhhc14","Cd74",0.2,0.04
-3.84299813854765,3.11526105337674,1,1,"Rsph3b","Cd74",0.2,0.04
-3.84299813854765,3.11526105337674,1,1,"Rsph3a","Cd74",0.2,0.04
-3.84299813854765,3.11526105337674,1,1,"Decr2","Cd74",0.2,0.04
-3.84299813854765,3.11526105337674,1,1,"Cdkn1a","Cd74",0.2,0.04
-3.84299813854765,3.11526105337674,1,1,"Zfp870","Cd74",0.2,0.04
-3.84299813854765,3.11526105337674,1,1,"Pram1","Cd74",0.2,0.04
-3.84299813854765,3.11526105337674,1,1,"Ly6g5b","Cd74",0.2,0.04
-3.84299813854765,3.11526105337674,1,1,"Runx2os1","Cd74",0.2,0.04
-3.84299813854765,3.11526105337674,1,1,"Foxp4","Cd74",0.2,0.04
-3.84299813854765,3.11526105337674,1,1,"Rpl7a-ps5","Cd74",0.2,0.04
-3.84299813854765,3.11526105337674,1,1,"Epcam","Cd74",0.2,0.04
-3.84299813854765,3.11526105337674,1,1,"Mettl4","Cd74",0.2,0.04
-3.84299813854765,3.11526105337674,1,1,"Zfp438","Cd74",0.2,0.04
-3.84299813854765,3.11526105337674,1,1,"Mocos","Cd74",0.2,0.04
-3.84299813854765,3.11526105337674,1,1,"Spata24","Cd74",0.2,0.04
-3.84299813854765,3.11526105337674,1,1,"Arap3","Cd74",0.2,0.04
-3.84299813854765,3.11526105337674,1,1,"1700086O06Rik","Cd74",0.2,0.04
-3.84299813854765,3.11526105337674,1,1,"Ppic","Cd74",0.2,0.04
-3.84299813854765,3.11526105337674,1,1,"Ndst1","Cd74",0.2,0.04
-3.84299813854765,3.11526105337674,1,1,"Pdgfrb","Cd74",0.2,0.04
-3.84299813854765,3.11526105337674,1,1,"Cep76","Cd74",0.2,0.04
-3.84299813854765,3.11526105337674,1,1,"Rttn","Cd74",0.2,0.04
-3.84299813854765,3.11526105337674,1,1,"Ssh3","Cd74",0.2,0.04
-3.84299813854765,3.11526105337674,1,1,"Snx32","Cd74",0.2,0.04
-3.84299813854765,3.11526105337674,1,1,"Ap5b1","Cd74",0.2,0.04
-3.84299813854765,3.11526105337674,1,1,"Zbtb3","Cd74",0.2,0.04
-3.84299813854765,3.11526105337674,1,1,"Cd274","Cd74",0.2,0.04
-3.84299813854765,3.11526105337674,1,1,"Stambpl1","Cd74",0.2,0.04
-3.84299813854765,3.11526105337674,1,1,"Fgfbp3","Cd74",0.2,0.04
-3.84299813854765,3.11526105337674,1,1,"Tbc1d12","Cd74",0.2,0.04
-3.84299813854765,3.11526105337674,1,1,"Tctn3","Cd74",0.2,0.04
-3.84299813854765,3.11526105337674,1,1,"Ccnj","Cd74",0.2,0.04
-3.84299813854765,3.11526105337674,1,1,"Dusp5","Cd74",0.2,0.04
-3.84299813854765,3.11526105337674,1,1,"Slc18a2","Cd74",0.2,0.04
-3.30744718189654,2.89820185201533,1,1,"Mybl1","Cd74",0.2,0.04
-3.30744718189654,2.89820185201533,1,1,"Eya1","Cd74",0.2,0.04
-3.30744718189654,2.89820185201533,1,1,"Lipt1","Cd74",0.2,0.04
-3.30744718189654,2.89820185201533,1,1,"Il1rl1","Cd74",0.2,0.04
-3.30744718189654,2.89820185201533,1,1,"Gm28151","Cd74",0.2,0.04
-3.30744718189654,2.89820185201533,1,1,"4930558J18Rik","Cd74",0.2,0.04
-3.30744718189654,2.89820185201533,1,1,"Ccnyl1","Cd74",0.2,0.04
-3.30744718189654,2.89820185201533,1,1,"Fn1","Cd74",0.2,0.04
-3.30744718189654,2.89820185201533,1,1,"Abcb6","Cd74",0.2,0.04
-3.30744718189654,2.89820185201533,1,1,"Fam124b","Cd74",0.2,0.04
-3.30744718189654,2.89820185201533,1,1,"Rhbdd1","Cd74",0.2,0.04
-3.30744718189654,2.89820185201533,1,1,"C130026I21Rik","Cd74",0.2,0.04
-3.30744718189654,2.89820185201533,1,1,"A530040E14Rik","Cd74",0.2,0.04
-3.30744718189654,2.89820185201533,1,1,"Serpinb2","Cd74",0.2,0.04
-3.30744718189654,2.89820185201533,1,1,"Steap3","Cd74",0.2,0.04
-3.30744718189654,2.89820185201533,1,1,"Pfkfb2","Cd74",0.2,0.04
-3.30744718189654,2.89820185201533,1,1,"Ikbke","Cd74",0.2,0.04
-3.30744718189654,2.89820185201533,1,1,"Tmcc2","Cd74",0.2,0.04
-3.30744718189654,2.89820185201533,1,1,"Lax1","Cd74",0.2,0.04
-3.30744718189654,2.89820185201533,1,1,"A430106G13Rik","Cd74",0.2,0.04
-3.30744718189654,2.89820185201533,1,1,"Trove2","Cd74",0.2,0.04
-3.30744718189654,2.89820185201533,1,1,"Gm10031","Cd74",0.2,0.04
-3.30744718189654,2.89820185201533,1,1,"Mpzl1","Cd74",0.2,0.04
-3.30744718189654,2.89820185201533,1,1,"Olfml2b","Cd74",0.2,0.04
-3.30744718189654,2.89820185201533,1,1,"Cfap126","Cd74",0.2,0.04
-3.30744718189654,2.89820185201533,1,1,"B930036N10Rik","Cd74",0.2,0.04
-3.30744718189654,2.89820185201533,1,1,"Gm17275","Cd74",0.2,0.04
-3.30744718189654,2.89820185201533,1,1,"Slc30a1","Cd74",0.2,0.04
-3.30744718189654,2.89820185201533,1,1,"Lamb3","Cd74",0.2,0.04
-3.30744718189654,2.89820185201533,1,1,"Gm10851","Cd74",0.2,0.04
-3.30744718189654,2.89820185201533,1,1,"Ndor1","Cd74",0.2,0.04
-3.30744718189654,2.89820185201533,1,1,"Rxra","Cd74",0.2,0.04
-3.30744718189654,2.89820185201533,1,1,"Endog","Cd74",0.2,0.04
-3.30744718189654,2.89820185201533,1,1,"Plpp7","Cd74",0.2,0.04
-3.30744718189654,2.89820185201533,1,1,"Lrsam1","Cd74",0.2,0.04
-3.30744718189654,2.89820185201533,1,1,"Wdr38","Cd74",0.2,0.04
-3.30744718189654,2.89820185201533,1,1,"Upp2","Cd74",0.2,0.04
-3.30744718189654,2.89820185201533,1,1,"Gm13561","Cd74",0.2,0.04
-3.30744718189654,2.89820185201533,1,1,"Stk39","Cd74",0.2,0.04
-3.30744718189654,2.89820185201533,1,1,"Bbs5","Cd74",0.2,0.04
-3.30744718189654,2.89820185201533,1,1,"Fastkd1","Cd74",0.2,0.04
-3.30744718189654,2.89820185201533,1,1,"Ttc30a1","Cd74",0.2,0.04
-3.30744718189654,2.89820185201533,1,1,"Cerkl","Cd74",0.2,0.04
-3.30744718189654,2.89820185201533,1,1,"Btbd18","Cd74",0.2,0.04
-3.30744718189654,2.89820185201533,1,1,"Ube2l6","Cd74",0.2,0.04
-3.30744718189654,2.89820185201533,1,1,"1700029I15Rik","Cd74",0.2,0.04
-3.30744718189654,2.89820185201533,1,1,"Mettl15","Cd74",0.2,0.04
-3.30744718189654,2.89820185201533,1,1,"Casc4","Cd74",0.2,0.04
-3.30744718189654,2.89820185201533,1,1,"Pced1a","Cd74",0.2,0.04
-3.30744718189654,2.89820185201533,1,1,"Ubox5","Cd74",0.2,0.04
-3.30744718189654,2.89820185201533,1,1,"Spef1","Cd74",0.2,0.04
-3.30744718189654,2.89820185201533,1,1,"Smox","Cd74",0.2,0.04
-3.30744718189654,2.89820185201533,1,1,"AV099323","Cd74",0.2,0.04
-3.30744718189654,2.89820185201533,1,1,"Cdk5rap1","Cd74",0.2,0.04
-3.30744718189654,2.89820185201533,1,1,"Cbfa2t2","Cd74",0.2,0.04
-3.30744718189654,2.89820185201533,1,1,"Procr","Cd74",0.2,0.04
-3.30744718189654,2.89820185201533,1,1,"Zhx3","Cd74",0.2,0.04
-3.30744718189654,2.89820185201533,1,1,"Neurl2","Cd74",0.2,0.04
-3.30744718189654,2.89820185201533,1,1,"Ocstamp","Cd74",0.2,0.04
-3.30744718189654,2.89820185201533,1,1,"Gm4631","Cd74",0.2,0.04
-3.30744718189654,2.89820185201533,1,1,"Zfp968","Cd74",0.2,0.04
-3.30744718189654,2.89820185201533,1,1,"Gm14295","Cd74",0.2,0.04
-3.30744718189654,2.89820185201533,1,1,"Zfp972","Cd74",0.2,0.04
-3.30744718189654,2.89820185201533,1,1,"Zfp931","Cd74",0.2,0.04
-3.30744718189654,2.89820185201533,1,1,"Helz2","Cd74",0.2,0.04
-3.30744718189654,2.89820185201533,1,1,"Pim2","Cd74",0.2,0.04
-3.30744718189654,2.89820185201533,1,1,"Rbm3os","Cd74",0.2,0.04
-3.30744718189654,2.89820185201533,1,1,"Tbc1d25","Cd74",0.2,0.04
-3.30744718189654,2.89820185201533,1,1,"Xk","Cd74",0.2,0.04
-3.30744718189654,2.89820185201533,1,1,"Gpr82","Cd74",0.2,0.04
-3.30744718189654,2.89820185201533,1,1,"Nkrf","Cd74",0.2,0.04
-3.30744718189654,2.89820185201533,1,1,"3830403N18Rik","Cd74",0.2,0.04
-3.30744718189654,2.89820185201533,1,1,"Zfp449","Cd74",0.2,0.04
-3.30744718189654,2.89820185201533,1,1,"Tab3","Cd74",0.2,0.04
-3.30744718189654,2.89820185201533,1,1,"Ophn1","Cd74",0.2,0.04
-3.30744718189654,2.89820185201533,1,1,"Dlg3","Cd74",0.2,0.04
-3.30744718189654,2.89820185201533,1,1,"P2ry10b","Cd74",0.2,0.04
-3.30744718189654,2.89820185201533,1,1,"Itm2a","Cd74",0.2,0.04
-3.30744718189654,2.89820185201533,1,1,"Bex2","Cd74",0.2,0.04
-3.30744718189654,2.89820185201533,1,1,"Tmsb15l","Cd74",0.2,0.04
-3.30744718189654,2.89820185201533,1,1,"Maged2","Cd74",0.2,0.04
-3.30744718189654,2.89820185201533,1,1,"Fgd1","Cd74",0.2,0.04
-3.30744718189654,2.89820185201533,1,1,"A230072E10Rik","Cd74",0.2,0.04
-3.30744718189654,2.89820185201533,1,1,"Rragb","Cd74",0.2,0.04
-3.30744718189654,2.89820185201533,1,1,"Car13","Cd74",0.2,0.04
-3.30744718189654,2.89820185201533,1,1,"Gucy1a1","Cd74",0.2,0.04
-3.30744718189654,2.89820185201533,1,1,"Cd5l","Cd74",0.2,0.04
-3.30744718189654,2.89820185201533,1,1,"Tmem79","Cd74",0.2,0.04
-3.30744718189654,2.89820185201533,1,1,"Muc1","Cd74",0.2,0.04
-3.30744718189654,2.89820185201533,1,1,"Efna4","Cd74",0.2,0.04
-3.30744718189654,2.89820185201533,1,1,"Rab13","Cd74",0.2,0.04
-3.30744718189654,2.89820185201533,1,1,"Gm15265","Cd74",0.2,0.04
-3.30744718189654,2.89820185201533,1,1,"Ciart","Cd74",0.2,0.04
-3.30744718189654,2.89820185201533,1,1,"Gm20628","Cd74",0.2,0.04
-3.30744718189654,2.89820185201533,1,1,"Lix1l","Cd74",0.2,0.04
-3.30744718189654,2.89820185201533,1,1,"Igsf3","Cd74",0.2,0.04
-3.30744718189654,2.89820185201533,1,1,"Phtf1os","Cd74",0.2,0.04
-3.30744718189654,2.89820185201533,1,1,"Mov10","Cd74",0.2,0.04
-3.30744718189654,2.89820185201533,1,1,"Gstm4","Cd74",0.2,0.04
-3.30744718189654,2.89820185201533,1,1,"Gm42893","Cd74",0.2,0.04
-3.30744718189654,2.89820185201533,1,1,"Gm26857","Cd74",0.2,0.04
-3.30744718189654,2.89820185201533,1,1,"Fam110b","Cd74",0.2,0.04
-3.30744718189654,2.89820185201533,1,1,"Tmem67","Cd74",0.2,0.04
-3.30744718189654,2.89820185201533,1,1,"Dnajb5","Cd74",0.2,0.04
-3.30744718189654,2.89820185201533,1,1,"Shb","Cd74",0.2,0.04
-3.30744718189654,2.89820185201533,1,1,"Tmod1","Cd74",0.2,0.04
-3.30744718189654,2.89820185201533,1,1,"Abca1","Cd74",0.2,0.04
-3.30744718189654,2.89820185201533,1,1,"Susd1","Cd74",0.2,0.04
-3.30744718189654,2.89820185201533,1,1,"Col27a1","Cd74",0.2,0.04
-3.30744718189654,2.89820185201533,1,1,"Focad","Cd74",0.2,0.04
-3.30744718189654,2.89820185201533,1,1,"Nfia","Cd74",0.2,0.04
-3.30744718189654,2.89820185201533,1,1,"Gm44037","Cd74",0.2,0.04
-3.30744718189654,2.89820185201533,1,1,"Tesk2","Cd74",0.2,0.04
-3.30744718189654,2.89820185201533,1,1,"Mutyh","Cd74",0.2,0.04
-3.30744718189654,2.89820185201533,1,1,"St3gal3","Cd74",0.2,0.04
-3.30744718189654,2.89820185201533,1,1,"9530034E10Rik","Cd74",0.2,0.04
-3.30744718189654,2.89820185201533,1,1,"Fndc5","Cd74",0.2,0.04
-3.30744718189654,2.89820185201533,1,1,"Dcdc2b","Cd74",0.2,0.04
-3.30744718189654,2.89820185201533,1,1,"Zbtb40","Cd74",0.2,0.04
-3.30744718189654,2.89820185201533,1,1,"Padi4","Cd74",0.2,0.04
-3.30744718189654,2.89820185201533,1,1,"4930455G09Rik","Cd74",0.2,0.04
-3.30744718189654,2.89820185201533,1,1,"Gm13212","Cd74",0.2,0.04
-3.30744718189654,2.89820185201533,1,1,"Ubiad1","Cd74",0.2,0.04
-3.30744718189654,2.89820185201533,1,1,"Casz1","Cd74",0.2,0.04
-3.30744718189654,2.89820185201533,1,1,"Spsb1","Cd74",0.2,0.04
-3.30744718189654,2.89820185201533,1,1,"Gm13091","Cd74",0.2,0.04
-3.30744718189654,2.89820185201533,1,1,"Tnfrsf25","Cd74",0.2,0.04
-3.30744718189654,2.89820185201533,1,1,"Espn","Cd74",0.2,0.04
-3.30744718189654,2.89820185201533,1,1,"Tnfrsf14","Cd74",0.2,0.04
-3.30744718189654,2.89820185201533,1,1,"Magi2","Cd74",0.2,0.04
-3.30744718189654,2.89820185201533,1,1,"Nupl2","Cd74",0.2,0.04
-3.30744718189654,2.89820185201533,1,1,"4831440E17Rik","Cd74",0.2,0.04
-3.30744718189654,2.89820185201533,1,1,"Otof","Cd74",0.2,0.04
-3.30744718189654,2.89820185201533,1,1,"Gm1673","Cd74",0.2,0.04
-3.30744718189654,2.89820185201533,1,1,"Msantd1","Cd74",0.2,0.04
-3.30744718189654,2.89820185201533,1,1,"Hs3st1","Cd74",0.2,0.04
-3.30744718189654,2.89820185201533,1,1,"Bst1","Cd74",0.2,0.04
-3.30744718189654,2.89820185201533,1,1,"Tapt1","Cd74",0.2,0.04
-3.30744718189654,2.89820185201533,1,1,"Gm42670","Cd74",0.2,0.04
-3.30744718189654,2.89820185201533,1,1,"Txk","Cd74",0.2,0.04
-3.30744718189654,2.89820185201533,1,1,"Gm19590","Cd74",0.2,0.04
-3.30744718189654,2.89820185201533,1,1,"Rasgef1b","Cd74",0.2,0.04
-3.30744718189654,2.89820185201533,1,1,"Gbp8","Cd74",0.2,0.04
-3.30744718189654,2.89820185201533,1,1,"A830010M20Rik","Cd74",0.2,0.04
-3.30744718189654,2.89820185201533,1,1,"Rpap2","Cd74",0.2,0.04
-3.30744718189654,2.89820185201533,1,1,"Usp30","Cd74",0.2,0.04
-3.30744718189654,2.89820185201533,1,1,"Bicdl1","Cd74",0.2,0.04
-3.30744718189654,2.89820185201533,1,1,"Rita1","Cd74",0.2,0.04
-3.30744718189654,2.89820185201533,1,1,"Oas1c","Cd74",0.2,0.04
-3.30744718189654,2.89820185201533,1,1,"Mapkapk5","Cd74",0.2,0.04
-3.30744718189654,2.89820185201533,1,1,"Acad12","Cd74",0.2,0.04
-3.30744718189654,2.89820185201533,1,1,"Rad9b","Cd74",0.2,0.04
-3.30744718189654,2.89820185201533,1,1,"Ift81","Cd74",0.2,0.04
-3.30744718189654,2.89820185201533,1,1,"Zbed5","Cd74",0.2,0.04
-3.30744718189654,2.89820185201533,1,1,"Kctd7","Cd74",0.2,0.04
-3.30744718189654,2.89820185201533,1,1,"Tfr2","Cd74",0.2,0.04
-3.30744718189654,2.89820185201533,1,1,"C130050O18Rik","Cd74",0.2,0.04
-3.30744718189654,2.89820185201533,1,1,"0610040B10Rik","Cd74",0.2,0.04
-3.30744718189654,2.89820185201533,1,1,"Gm43625","Cd74",0.2,0.04
-3.30744718189654,2.89820185201533,1,1,"Lnx2","Cd74",0.2,0.04
-3.30744718189654,2.89820185201533,1,1,"St7","Cd74",0.2,0.04
-3.30744718189654,2.89820185201533,1,1,"6530409C15Rik","Cd74",0.2,0.04
-3.30744718189654,2.89820185201533,1,1,"Hilpda","Cd74",0.2,0.04
-3.30744718189654,2.89820185201533,1,1,"Slc23a4","Cd74",0.2,0.04
-3.30744718189654,2.89820185201533,1,1,"Clec5a","Cd74",0.2,0.04
-3.30744718189654,2.89820185201533,1,1,"Gimap6","Cd74",0.2,0.04
-3.30744718189654,2.89820185201533,1,1,"4921507P07Rik","Cd74",0.2,0.04
-3.30744718189654,2.89820185201533,1,1,"Hotairm1","Cd74",0.2,0.04
-3.30744718189654,2.89820185201533,1,1,"Hoxaas3","Cd74",0.2,0.04
-3.30744718189654,2.89820185201533,1,1,"Plekha8","Cd74",0.2,0.04
-3.30744718189654,2.89820185201533,1,1,"Aqp1","Cd74",0.2,0.04
-3.30744718189654,2.89820185201533,1,1,"Fkbp9","Cd74",0.2,0.04
-3.30744718189654,2.89820185201533,1,1,"Abcg2","Cd74",0.2,0.04
-3.30744718189654,2.89820185201533,1,1,"Snca","Cd74",0.2,0.04
-3.30744718189654,2.89820185201533,1,1,"Ccser1","Cd74",0.2,0.04
-3.30744718189654,2.89820185201533,1,1,"Gm30211","Cd74",0.2,0.04
-3.30744718189654,2.89820185201533,1,1,"Cd8a","Cd74",0.2,0.04
-3.30744718189654,2.89820185201533,1,1,"Ggcx","Cd74",0.2,0.04
-3.30744718189654,2.89820185201533,1,1,"Gm26640","Cd74",0.2,0.04
-3.30744718189654,2.89820185201533,1,1,"Nat8f1","Cd74",0.2,0.04
-3.30744718189654,2.89820185201533,1,1,"Txnrd3","Cd74",0.2,0.04
-3.30744718189654,2.89820185201533,1,1,"1810044D09Rik","Cd74",0.2,0.04
-3.30744718189654,2.89820185201533,1,1,"Kbtbd8","Cd74",0.2,0.04
-3.30744718189654,2.89820185201533,1,1,"Tmem40","Cd74",0.2,0.04
-3.30744718189654,2.89820185201533,1,1,"Cand2","Cd74",0.2,0.04
-3.30744718189654,2.89820185201533,1,1,"Pex26","Cd74",0.2,0.04
-3.30744718189654,2.89820185201533,1,1,"Slc6a12","Cd74",0.2,0.04
-3.30744718189654,2.89820185201533,1,1,"Acrbp","Cd74",0.2,0.04
-3.30744718189654,2.89820185201533,1,1,"Klra3","Cd74",0.2,0.04
-3.30744718189654,2.89820185201533,1,1,"Gm15706","Cd74",0.2,0.04
-3.30744718189654,2.89820185201533,1,1,"Etfbkmt","Cd74",0.2,0.04
-3.30744718189654,2.89820185201533,1,1,"Rdh13","Cd74",0.2,0.04
-3.30744718189654,2.89820185201533,1,1,"Isoc2a","Cd74",0.2,0.04
-3.30744718189654,2.89820185201533,1,1,"Zfp583","Cd74",0.2,0.04
-3.30744718189654,2.89820185201533,1,1,"Zfp128","Cd74",0.2,0.04
-3.30744718189654,2.89820185201533,1,1,"C5ar1","Cd74",0.2,0.04
-3.30744718189654,2.89820185201533,1,1,"Gpr4","Cd74",0.2,0.04
-3.30744718189654,2.89820185201533,1,1,"Igsf23","Cd74",0.2,0.04
-3.30744718189654,2.89820185201533,1,1,"Zfp526","Cd74",0.2,0.04
-3.30744718189654,2.89820185201533,1,1,"Itpkc","Cd74",0.2,0.04
-3.30744718189654,2.89820185201533,1,1,"Zfp607b","Cd74",0.2,0.04
-3.30744718189654,2.89820185201533,1,1,"Zfp850","Cd74",0.2,0.04
-3.30744718189654,2.89820185201533,1,1,"Zfp566","Cd74",0.2,0.04
-3.30744718189654,2.89820185201533,1,1,"Gm5113","Cd74",0.2,0.04
-3.30744718189654,2.89820185201533,1,1,"Cox7a1","Cd74",0.2,0.04
-3.30744718189654,2.89820185201533,1,1,"Atp4a","Cd74",0.2,0.04
-3.30744718189654,2.89820185201533,1,1,"Gm26935","Cd74",0.2,0.04
-3.30744718189654,2.89820185201533,1,1,"Ffar1","Cd74",0.2,0.04
-3.30744718189654,2.89820185201533,1,1,"Fam187b","Cd74",0.2,0.04
-3.30744718189654,2.89820185201533,1,1,"Fxyd7","Cd74",0.2,0.04
-3.30744718189654,2.89820185201533,1,1,"Zfp788","Cd74",0.2,0.04
-3.30744718189654,2.89820185201533,1,1,"Zfp719","Cd74",0.2,0.04
-3.30744718189654,2.89820185201533,1,1,"Tead2","Cd74",0.2,0.04
-3.30744718189654,2.89820185201533,1,1,"Trpm4","Cd74",0.2,0.04
-3.30744718189654,2.89820185201533,1,1,"Mrgpra2b","Cd74",0.2,0.04
-3.30744718189654,2.89820185201533,1,1,"Gas2","Cd74",0.2,0.04
-3.30744718189654,2.89820185201533,1,1,"Fam169b","Cd74",0.2,0.04
-3.30744718189654,2.89820185201533,1,1,"Gm26646","Cd74",0.2,0.04
-3.30744718189654,2.89820185201533,1,1,"Pde8a","Cd74",0.2,0.04
-3.30744718189654,2.89820185201533,1,1,"Myo7a","Cd74",0.2,0.04
-3.30744718189654,2.89820185201533,1,1,"Gvin1","Cd74",0.2,0.04
-3.30744718189654,2.89820185201533,1,1,"Rras2","Cd74",0.2,0.04
-3.30744718189654,2.89820185201533,1,1,"Pdzd9","Cd74",0.2,0.04
-3.30744718189654,2.89820185201533,1,1,"Lat","Cd74",0.2,0.04
-3.30744718189654,2.89820185201533,1,1,"9130019O22Rik","Cd74",0.2,0.04
-3.30744718189654,2.89820185201533,1,1,"Ccdc189","Cd74",0.2,0.04
-3.30744718189654,2.89820185201533,1,1,"Gm26690","Cd74",0.2,0.04
-3.30744718189654,2.89820185201533,1,1,"Cox6a2","Cd74",0.2,0.04
-3.30744718189654,2.89820185201533,1,1,"Pwwp2b","Cd74",0.2,0.04
-3.30744718189654,2.89820185201533,1,1,"Tnfrsf22","Cd74",0.2,0.04
-3.30744718189654,2.89820185201533,1,1,"Fgf3","Cd74",0.2,0.04
-3.30744718189654,2.89820185201533,1,1,"Smpd2","Cd74",0.2,0.04
-3.30744718189654,2.89820185201533,1,1,"Rtn4ip1","Cd74",0.2,0.04
-3.30744718189654,2.89820185201533,1,1,"Fam184a","Cd74",0.2,0.04
-3.30744718189654,2.89820185201533,1,1,"Tbc1d32","Cd74",0.2,0.04
-3.30744718189654,2.89820185201533,1,1,"Gm26789","Cd74",0.2,0.04
-3.30744718189654,2.89820185201533,1,1,"Rtkn2","Cd74",0.2,0.04
-3.30744718189654,2.89820185201533,1,1,"Adora2a","Cd74",0.2,0.04
-3.30744718189654,2.89820185201533,1,1,"Gstt3","Cd74",0.2,0.04
-3.30744718189654,2.89820185201533,1,1,"Vpreb3","Cd74",0.2,0.04
-3.30744718189654,2.89820185201533,1,1,"Fstl3","Cd74",0.2,0.04
-3.30744718189654,2.89820185201533,1,1,"4930404N11Rik","Cd74",0.2,0.04
-3.30744718189654,2.89820185201533,1,1,"AU041133","Cd74",0.2,0.04
-3.30744718189654,2.89820185201533,1,1,"Hcfc2","Cd74",0.2,0.04
-3.30744718189654,2.89820185201533,1,1,"Gm26765","Cd74",0.2,0.04
-3.30744718189654,2.89820185201533,1,1,"Gm17745","Cd74",0.2,0.04
-3.30744718189654,2.89820185201533,1,1,"Tmcc3","Cd74",0.2,0.04
-3.30744718189654,2.89820185201533,1,1,"BC048403","Cd74",0.2,0.04
-3.30744718189654,2.89820185201533,1,1,"Zbtb39","Cd74",0.2,0.04
-3.30744718189654,2.89820185201533,1,1,"Rdh5","Cd74",0.2,0.04
-3.30744718189654,2.89820185201533,1,1,"Prr36","Cd74",0.2,0.04
-3.30744718189654,2.89820185201533,1,1,"Tnfsf13b","Cd74",0.2,0.04
-3.30744718189654,2.89820185201533,1,1,"Arhgef10","Cd74",0.2,0.04
-3.30744718189654,2.89820185201533,1,1,"Slc25a15","Cd74",0.2,0.04
-3.30744718189654,2.89820185201533,1,1,"Ap3m2","Cd74",0.2,0.04
-3.30744718189654,2.89820185201533,1,1,"Tex15","Cd74",0.2,0.04
-3.30744718189654,2.89820185201533,1,1,"Mtus1","Cd74",0.2,0.04
-3.30744718189654,2.89820185201533,1,1,"E030037K01Rik","Cd74",0.2,0.04
-3.30744718189654,2.89820185201533,1,1,"Sh3rf1","Cd74",0.2,0.04
-3.30744718189654,2.89820185201533,1,1,"Zfp869","Cd74",0.2,0.04
-3.30744718189654,2.89820185201533,1,1,"Klhl26","Cd74",0.2,0.04
-3.30744718189654,2.89820185201533,1,1,"1700030K09Rik","Cd74",0.2,0.04
-3.30744718189654,2.89820185201533,1,1,"Tmem38a","Cd74",0.2,0.04
-3.30744718189654,2.89820185201533,1,1,"F2rl3","Cd74",0.2,0.04
-3.30744718189654,2.89820185201533,1,1,"Ptger1","Cd74",0.2,0.04
-3.30744718189654,2.89820185201533,1,1,"Zswim4","Cd74",0.2,0.04
-3.30744718189654,2.89820185201533,1,1,"Dand5","Cd74",0.2,0.04
-3.30744718189654,2.89820185201533,1,1,"Ogfod1","Cd74",0.2,0.04
-3.30744718189654,2.89820185201533,1,1,"Dok4","Cd74",0.2,0.04
-3.30744718189654,2.89820185201533,1,1,"Kifc3","Cd74",0.2,0.04
-3.30744718189654,2.89820185201533,1,1,"Sap18b","Cd74",0.2,0.04
-3.30744718189654,2.89820185201533,1,1,"Slc38a7","Cd74",0.2,0.04
-3.30744718189654,2.89820185201533,1,1,"Elmo3","Cd74",0.2,0.04
-3.30744718189654,2.89820185201533,1,1,"Txnl4b","Cd74",0.2,0.04
-3.30744718189654,2.89820185201533,1,1,"Gm17344","Cd74",0.2,0.04
-3.30744718189654,2.89820185201533,1,1,"Fuk","Cd74",0.2,0.04
-3.30744718189654,2.89820185201533,1,1,"Ddx19b","Cd74",0.2,0.04
-3.30744718189654,2.89820185201533,1,1,"Wdr59","Cd74",0.2,0.04
-3.30744718189654,2.89820185201533,1,1,"Gm6793","Cd74",0.2,0.04
-3.30744718189654,2.89820185201533,1,1,"Tubb3","Cd74",0.2,0.04
-3.30744718189654,2.89820185201533,1,1,"Rab4a","Cd74",0.2,0.04
-3.30744718189654,2.89820185201533,1,1,"Sipa1l2","Cd74",0.2,0.04
-3.30744718189654,2.89820185201533,1,1,"Gm31718","Cd74",0.2,0.04
-3.30744718189654,2.89820185201533,1,1,"Gm32856","Cd74",0.2,0.04
-3.30744718189654,2.89820185201533,1,1,"Abhd6","Cd74",0.2,0.04
-3.30744718189654,2.89820185201533,1,1,"Fhit","Cd74",0.2,0.04
-3.30744718189654,2.89820185201533,1,1,"Nid2","Cd74",0.2,0.04
-3.30744718189654,2.89820185201533,1,1,"Usp54","Cd74",0.2,0.04
-3.30744718189654,2.89820185201533,1,1,"Lrmda","Cd74",0.2,0.04
-3.30744718189654,2.89820185201533,1,1,"Gm26660","Cd74",0.2,0.04
-3.30744718189654,2.89820185201533,1,1,"Gm17173","Cd74",0.2,0.04
-3.30744718189654,2.89820185201533,1,1,"Gm16617","Cd74",0.2,0.04
-3.30744718189654,2.89820185201533,1,1,"4931414P19Rik","Cd74",0.2,0.04
-3.30744718189654,2.89820185201533,1,1,"Bcl2l2","Cd74",0.2,0.04
-3.30744718189654,2.89820185201533,1,1,"Gjb2","Cd74",0.2,0.04
-3.30744718189654,2.89820185201533,1,1,"Bmp1","Cd74",0.2,0.04
-3.30744718189654,2.89820185201533,1,1,"Nudt15","Cd74",0.2,0.04
-3.30744718189654,2.89820185201533,1,1,"Gm49164","Cd74",0.2,0.04
-3.30744718189654,2.89820185201533,1,1,"Gm47079","Cd74",0.2,0.04
-3.30744718189654,2.89820185201533,1,1,"Gm26511","Cd74",0.2,0.04
-3.30744718189654,2.89820185201533,1,1,"Dock6","Cd74",0.2,0.04
-3.30744718189654,2.89820185201533,1,1,"Pate2","Cd74",0.2,0.04
-3.30744718189654,2.89820185201533,1,1,"Clmp","Cd74",0.2,0.04
-3.30744718189654,2.89820185201533,1,1,"Arhgef12","Cd74",0.2,0.04
-3.30744718189654,2.89820185201533,1,1,"Cd3d","Cd74",0.2,0.04
-3.30744718189654,2.89820185201533,1,1,"Cryab","Cd74",0.2,0.04
-3.30744718189654,2.89820185201533,1,1,"Pou2af1","Cd74",0.2,0.04
-3.30744718189654,2.89820185201533,1,1,"2700012I20Rik","Cd74",0.2,0.04
-3.30744718189654,2.89820185201533,1,1,"Rec114","Cd74",0.2,0.04
-3.30744718189654,2.89820185201533,1,1,"Senp8","Cd74",0.2,0.04
-3.30744718189654,2.89820185201533,1,1,"Uchl4","Cd74",0.2,0.04
-3.30744718189654,2.89820185201533,1,1,"Aqp9","Cd74",0.2,0.04
-3.30744718189654,2.89820185201533,1,1,"Zfp949","Cd74",0.2,0.04
-3.30744718189654,2.89820185201533,1,1,"9430037G07Rik","Cd74",0.2,0.04
-3.30744718189654,2.89820185201533,1,1,"Plod2","Cd74",0.2,0.04
-3.30744718189654,2.89820185201533,1,1,"Ryk","Cd74",0.2,0.04
-3.30744718189654,2.89820185201533,1,1,"Acy1","Cd74",0.2,0.04
-3.30744718189654,2.89820185201533,1,1,"Mst1","Cd74",0.2,0.04
-3.30744718189654,2.89820185201533,1,1,"Lamb2","Cd74",0.2,0.04
-3.30744718189654,2.89820185201533,1,1,"Fbxl2","Cd74",0.2,0.04
-3.30744718189654,2.89820185201533,1,1,"Ctdspl","Cd74",0.2,0.04
-3.30744718189654,2.89820185201533,1,1,"Acvr2b","Cd74",0.2,0.04
-3.30744718189654,2.89820185201533,1,1,"Gm26797","Cd74",0.2,0.04
-3.30744718189654,2.89820185201533,1,1,"Slc6a20b","Cd74",0.2,0.04
-3.30744718189654,2.89820185201533,1,1,"Gm39469","Cd74",0.2,0.04
-3.30744718189654,2.89820185201533,1,1,"Mtfp1","Cd74",0.2,0.04
-3.30744718189654,2.89820185201533,1,1,"Emid1","Cd74",0.2,0.04
-3.30744718189654,2.89820185201533,1,1,"Gm11973","Cd74",0.2,0.04
-3.30744718189654,2.89820185201533,1,1,"Gm12089","Cd74",0.2,0.04
-3.30744718189654,2.89820185201533,1,1,"Nprl3","Cd74",0.2,0.04
-3.30744718189654,2.89820185201533,1,1,"Hba-a1","Cd74",0.2,0.04
-3.30744718189654,2.89820185201533,1,1,"Hba-a2","Cd74",0.2,0.04
-3.30744718189654,2.89820185201533,1,1,"Fam196b","Cd74",0.2,0.04
-3.30744718189654,2.89820185201533,1,1,"Zfp692","Cd74",0.2,0.04
-3.30744718189654,2.89820185201533,1,1,"2810021J22Rik","Cd74",0.2,0.04
-3.30744718189654,2.89820185201533,1,1,"Iba57","Cd74",0.2,0.04
-3.30744718189654,2.89820185201533,1,1,"Med9os","Cd74",0.2,0.04
-3.30744718189654,2.89820185201533,1,1,"Map2k3os","Cd74",0.2,0.04
-3.30744718189654,2.89820185201533,1,1,"Hs3st3b1","Cd74",0.2,0.04
-3.30744718189654,2.89820185201533,1,1,"Tmem220","Cd74",0.2,0.04
-3.30744718189654,2.89820185201533,1,1,"Kcnab3","Cd74",0.2,0.04
-3.30744718189654,2.89820185201533,1,1,"Kctd11","Cd74",0.2,0.04
-3.30744718189654,2.89820185201533,1,1,"Shpk","Cd74",0.2,0.04
-3.30744718189654,2.89820185201533,1,1,"Efcab5","Cd74",0.2,0.04
-3.30744718189654,2.89820185201533,1,1,"Cdk5r1","Cd74",0.2,0.04
-3.30744718189654,2.89820185201533,1,1,"Rffl","Cd74",0.2,0.04
-3.30744718189654,2.89820185201533,1,1,"Slfn4","Cd74",0.2,0.04
-3.30744718189654,2.89820185201533,1,1,"Slfn3","Cd74",0.2,0.04
-3.30744718189654,2.89820185201533,1,1,"1700020L24Rik","Cd74",0.2,0.04
-3.30744718189654,2.89820185201533,1,1,"Rnf43","Cd74",0.2,0.04
-3.30744718189654,2.89820185201533,1,1,"Cuedc1","Cd74",0.2,0.04
-3.30744718189654,2.89820185201533,1,1,"Dgke","Cd74",0.2,0.04
-3.30744718189654,2.89820185201533,1,1,"Arhgap23","Cd74",0.2,0.04
-3.30744718189654,2.89820185201533,1,1,"Pcgf2","Cd74",0.2,0.04
-3.30744718189654,2.89820185201533,1,1,"Vps25","Cd74",0.2,0.04
-3.30744718189654,2.89820185201533,1,1,"Fam171a2","Cd74",0.2,0.04
-3.30744718189654,2.89820185201533,1,1,"Itgb3","Cd74",0.2,0.04
-3.30744718189654,2.89820185201533,1,1,"Cep112","Cd74",0.2,0.04
-3.30744718189654,2.89820185201533,1,1,"Sstr2","Cd74",0.2,0.04
-3.30744718189654,2.89820185201533,1,1,"Gprc5c","Cd74",0.2,0.04
-3.30744718189654,2.89820185201533,1,1,"Engase","Cd74",0.2,0.04
-3.30744718189654,2.89820185201533,1,1,"Aatk","Cd74",0.2,0.04
-3.30744718189654,2.89820185201533,1,1,"Gm17586","Cd74",0.2,0.04
-3.30744718189654,2.89820185201533,1,1,"Pycr1","Cd74",0.2,0.04
-3.30744718189654,2.89820185201533,1,1,"Hexdc","Cd74",0.2,0.04
-3.30744718189654,2.89820185201533,1,1,"Dip2c","Cd74",0.2,0.04
-3.30744718189654,2.89820185201533,1,1,"Aoah","Cd74",0.2,0.04
-3.30744718189654,2.89820185201533,1,1,"Hist1h2bn","Cd74",0.2,0.04
-3.30744718189654,2.89820185201533,1,1,"Hist1h4m","Cd74",0.2,0.04
-3.30744718189654,2.89820185201533,1,1,"Hist1h3g","Cd74",0.2,0.04
-3.30744718189654,2.89820185201533,1,1,"Hist1h3f","Cd74",0.2,0.04
-3.30744718189654,2.89820185201533,1,1,"Hist1h2bg","Cd74",0.2,0.04
-3.30744718189654,2.89820185201533,1,1,"Hist1h4a","Cd74",0.2,0.04
-3.30744718189654,2.89820185201533,1,1,"C530050E15Rik","Cd74",0.2,0.04
-3.30744718189654,2.89820185201533,1,1,"Gm36839","Cd74",0.2,0.04
-3.30744718189654,2.89820185201533,1,1,"Gm26514","Cd74",0.2,0.04
-3.30744718189654,2.89820185201533,1,1,"Smim13","Cd74",0.2,0.04
-3.30744718189654,2.89820185201533,1,1,"Tpmt","Cd74",0.2,0.04
-3.30744718189654,2.89820185201533,1,1,"Spata31d1a","Cd74",0.2,0.04
-3.30744718189654,2.89820185201533,1,1,"Zfp808","Cd74",0.2,0.04
-3.30744718189654,2.89820185201533,1,1,"Gm3604","Cd74",0.2,0.04
-3.30744718189654,2.89820185201533,1,1,"6720489N17Rik","Cd74",0.2,0.04
-3.30744718189654,2.89820185201533,1,1,"Slc35d2","Cd74",0.2,0.04
-3.30744718189654,2.89820185201533,1,1,"Gm46440","Cd74",0.2,0.04
-3.30744718189654,2.89820185201533,1,1,"Zfp457","Cd74",0.2,0.04
-3.30744718189654,2.89820185201533,1,1,"Zfp874a","Cd74",0.2,0.04
-3.30744718189654,2.89820185201533,1,1,"Gm17259","Cd74",0.2,0.04
-3.30744718189654,2.89820185201533,1,1,"Serinc5","Cd74",0.2,0.04
-3.30744718189654,2.89820185201533,1,1,"F2rl2","Cd74",0.2,0.04
-3.30744718189654,2.89820185201533,1,1,"Arl15","Cd74",0.2,0.04
-3.30744718189654,2.89820185201533,1,1,"Gm10734","Cd74",0.2,0.04
-3.30744718189654,2.89820185201533,1,1,"Tmem267","Cd74",0.2,0.04
-3.30744718189654,2.89820185201533,1,1,"1110002L01Rik","Cd74",0.2,0.04
-3.30744718189654,2.89820185201533,1,1,"Dnajc27","Cd74",0.2,0.04
-3.30744718189654,2.89820185201533,1,1,"Egln3","Cd74",0.2,0.04
-3.30744718189654,2.89820185201533,1,1,"Fam177a","Cd74",0.2,0.04
-3.30744718189654,2.89820185201533,1,1,"Mipol1","Cd74",0.2,0.04
-3.30744718189654,2.89820185201533,1,1,"Gm527","Cd74",0.2,0.04
-3.30744718189654,2.89820185201533,1,1,"Trmt5","Cd74",0.2,0.04
-3.30744718189654,2.89820185201533,1,1,"4930426I24Rik","Cd74",0.2,0.04
-3.30744718189654,2.89820185201533,1,1,"Acot2","Cd74",0.2,0.04
-3.30744718189654,2.89820185201533,1,1,"Acot6","Cd74",0.2,0.04
-3.30744718189654,2.89820185201533,1,1,"Dnal1","Cd74",0.2,0.04
-3.30744718189654,2.89820185201533,1,1,"Fos","Cd74",0.2,0.04
-3.30744718189654,2.89820185201533,1,1,"Ttll5","Cd74",0.2,0.04
-3.30744718189654,2.89820185201533,1,1,"Angel1","Cd74",0.2,0.04
-3.30744718189654,2.89820185201533,1,1,"Kcnk10","Cd74",0.2,0.04
-3.30744718189654,2.89820185201533,1,1,"Xrcc3","Cd74",0.2,0.04
-3.30744718189654,2.89820185201533,1,1,"Cep170b","Cd74",0.2,0.04
-3.30744718189654,2.89820185201533,1,1,"Lmbrd2","Cd74",0.2,0.04
-3.30744718189654,2.89820185201533,1,1,"Ankrd33b","Cd74",0.2,0.04
-3.30744718189654,2.89820185201533,1,1,"Ropn1l","Cd74",0.2,0.04
-3.30744718189654,2.89820185201533,1,1,"Spag1","Cd74",0.2,0.04
-3.30744718189654,2.89820185201533,1,1,"Gm29394","Cd74",0.2,0.04
-3.30744718189654,2.89820185201533,1,1,"Pvt1","Cd74",0.2,0.04
-3.30744718189654,2.89820185201533,1,1,"Tmem71","Cd74",0.2,0.04
-3.30744718189654,2.89820185201533,1,1,"Naprt","Cd74",0.2,0.04
-3.30744718189654,2.89820185201533,1,1,"Mfsd3","Cd74",0.2,0.04
-3.30744718189654,2.89820185201533,1,1,"Zfp647","Cd74",0.2,0.04
-3.30744718189654,2.89820185201533,1,1,"AC113595.1","Cd74",0.2,0.04
-3.30744718189654,2.89820185201533,1,1,"Syngr1","Cd74",0.2,0.04
-3.30744718189654,2.89820185201533,1,1,"Celsr1","Cd74",0.2,0.04
-3.30744718189654,2.89820185201533,1,1,"1810021B22Rik","Cd74",0.2,0.04
-3.30744718189654,2.89820185201533,1,1,"Mapk11","Cd74",0.2,0.04
-3.30744718189654,2.89820185201533,1,1,"Dennd6b","Cd74",0.2,0.04
-3.30744718189654,2.89820185201533,1,1,"Pced1b","Cd74",0.2,0.04
-3.30744718189654,2.89820185201533,1,1,"Rapgef3","Cd74",0.2,0.04
-3.30744718189654,2.89820185201533,1,1,"Gm26513","Cd74",0.2,0.04
-3.30744718189654,2.89820185201533,1,1,"AC161165.6","Cd74",0.2,0.04
-3.30744718189654,2.89820185201533,1,1,"Gm17058","Cd74",0.2,0.04
-3.30744718189654,2.89820185201533,1,1,"Slc11a2","Cd74",0.2,0.04
-3.30744718189654,2.89820185201533,1,1,"Calcoco1","Cd74",0.2,0.04
-3.30744718189654,2.89820185201533,1,1,"Pde1b","Cd74",0.2,0.04
-3.30744718189654,2.89820185201533,1,1,"Vasn","Cd74",0.2,0.04
-3.30744718189654,2.89820185201533,1,1,"Snn","Cd74",0.2,0.04
-3.30744718189654,2.89820185201533,1,1,"4930509G22Rik","Cd74",0.2,0.04
-3.30744718189654,2.89820185201533,1,1,"Arvcf","Cd74",0.2,0.04
-3.30744718189654,2.89820185201533,1,1,"Ehhadh","Cd74",0.2,0.04
-3.30744718189654,2.89820185201533,1,1,"AC163720.3","Cd74",0.2,0.04
-3.30744718189654,2.89820185201533,1,1,"Slc15a2","Cd74",0.2,0.04
-3.30744718189654,2.89820185201533,1,1,"D930030I03Rik","Cd74",0.2,0.04
-3.30744718189654,2.89820185201533,1,1,"Cd200r1","Cd74",0.2,0.04
-3.30744718189654,2.89820185201533,1,1,"Cd96","Cd74",0.2,0.04
-3.30744718189654,2.89820185201533,1,1,"Olfr172","Cd74",0.2,0.04
-3.30744718189654,2.89820185201533,1,1,"Itgb2l","Cd74",0.2,0.04
-3.30744718189654,2.89820185201533,1,1,"3300005D01Rik","Cd74",0.2,0.04
-3.30744718189654,2.89820185201533,1,1,"Dynlt1b","Cd74",0.2,0.04
-3.30744718189654,2.89820185201533,1,1,"E430024P14Rik","Cd74",0.2,0.04
-3.30744718189654,2.89820185201533,1,1,"1700010I14Rik","Cd74",0.2,0.04
-3.30744718189654,2.89820185201533,1,1,"Dll1","Cd74",0.2,0.04
-3.30744718189654,2.89820185201533,1,1,"Zfp97","Cd74",0.2,0.04
-3.30744718189654,2.89820185201533,1,1,"Fpr1","Cd74",0.2,0.04
-3.30744718189654,2.89820185201533,1,1,"Zfp677","Cd74",0.2,0.04
-3.30744718189654,2.89820185201533,1,1,"Zfp229","Cd74",0.2,0.04
-3.30744718189654,2.89820185201533,1,1,"Zfp40","Cd74",0.2,0.04
-3.30744718189654,2.89820185201533,1,1,"Atp6v0c","Cd74",0.2,0.04
-3.30744718189654,2.89820185201533,1,1,"Tedc2","Cd74",0.2,0.04
-3.30744718189654,2.89820185201533,1,1,"Kifc5b","Cd74",0.2,0.04
-3.30744718189654,2.89820185201533,1,1,"Slc37a1","Cd74",0.2,0.04
-3.30744718189654,2.89820185201533,1,1,"Zfp955a","Cd74",0.2,0.04
-3.30744718189654,2.89820185201533,1,1,"Angptl4","Cd74",0.2,0.04
-3.30744718189654,2.89820185201533,1,1,"Col11a2","Cd74",0.2,0.04
-3.30744718189654,2.89820185201533,1,1,"Gm20506","Cd74",0.2,0.04
-3.30744718189654,2.89820185201533,1,1,"Rhag","Cd74",0.2,0.04
-3.30744718189654,2.89820185201533,1,1,"Cul7","Cd74",0.2,0.04
-3.30744718189654,2.89820185201533,1,1,"Tnfaip8l1","Cd74",0.2,0.04
-3.30744718189654,2.89820185201533,1,1,"Vmac","Cd74",0.2,0.04
-3.30744718189654,2.89820185201533,1,1,"Nrtn","Cd74",0.2,0.04
-3.30744718189654,2.89820185201533,1,1,"Slc25a23","Cd74",0.2,0.04
-3.30744718189654,2.89820185201533,1,1,"Tnfsf14","Cd74",0.2,0.04
-3.30744718189654,2.89820185201533,1,1,"Heatr5b","Cd74",0.2,0.04
-3.30744718189654,2.89820185201533,1,1,"Map4k3","Cd74",0.2,0.04
-3.30744718189654,2.89820185201533,1,1,"Slc8a1","Cd74",0.2,0.04
-3.30744718189654,2.89820185201533,1,1,"Dync2li1","Cd74",0.2,0.04
-3.30744718189654,2.89820185201533,1,1,"Prepl","Cd74",0.2,0.04
-3.30744718189654,2.89820185201533,1,1,"B4galt6","Cd74",0.2,0.04
-3.30744718189654,2.89820185201533,1,1,"Gm26538","Cd74",0.2,0.04
-3.30744718189654,2.89820185201533,1,1,"Cystm1","Cd74",0.2,0.04
-3.30744718189654,2.89820185201533,1,1,"Eif3j2","Cd74",0.2,0.04
-3.30744718189654,2.89820185201533,1,1,"Snx24","Cd74",0.2,0.04
-3.30744718189654,2.89820185201533,1,1,"Camk2a","Cd74",0.2,0.04
-3.30744718189654,2.89820185201533,1,1,"Gm9949","Cd74",0.2,0.04
-3.30744718189654,2.89820185201533,1,1,"Gm26910","Cd74",0.2,0.04
-3.30744718189654,2.89820185201533,1,1,"1810055G02Rik","Cd74",0.2,0.04
-3.30744718189654,2.89820185201533,1,1,"Lrfn4","Cd74",0.2,0.04
-3.30744718189654,2.89820185201533,1,1,"Gm21992","Cd74",0.2,0.04
-3.30744718189654,2.89820185201533,1,1,"Zdhhc24","Cd74",0.2,0.04
-3.30744718189654,2.89820185201533,1,1,"Ppp2r5b","Cd74",0.2,0.04
-3.30744718189654,2.89820185201533,1,1,"Trpt1","Cd74",0.2,0.04
-3.30744718189654,2.89820185201533,1,1,"Gm17227","Cd74",0.2,0.04
-3.30744718189654,2.89820185201533,1,1,"Gm10353","Cd74",0.2,0.04
-3.30744718189654,2.89820185201533,1,1,"Rab3il1","Cd74",0.2,0.04
-3.30744718189654,2.89820185201533,1,1,"Cyb561a3","Cd74",0.2,0.04
-3.30744718189654,2.89820185201533,1,1,"Tkfc","Cd74",0.2,0.04
-3.30744718189654,2.89820185201533,1,1,"Aldh1a1","Cd74",0.2,0.04
-3.30744718189654,2.89820185201533,1,1,"Gm9938","Cd74",0.2,0.04
-3.30744718189654,2.89820185201533,1,1,"Papss2","Cd74",0.2,0.04
-3.30744718189654,2.89820185201533,1,1,"Slc35g1","Cd74",0.2,0.04
-3.30744718189654,2.89820185201533,1,1,"9130011E15Rik","Cd74",0.2,0.04
-3.30744718189654,2.89820185201533,1,1,"Sfxn4","Cd74",0.2,0.04
-3.30744718189654,2.89820185201533,1,1,"AC125149.3","Cd74",0.2,0.04
-2.44627317497966,2.64061030390539,1,1,"Gm37988","Cd74",0.2,0.04
-2.44627317497966,2.64061030390539,1,1,"Mcmdc2","Cd74",0.2,0.04
-2.44627317497966,2.64061030390539,1,1,"Ppp1r42","Cd74",0.2,0.04
-2.44627317497966,2.64061030390539,1,1,"Stau2","Cd74",0.2,0.04
-2.44627317497966,2.64061030390539,1,1,"Fam135a","Cd74",0.2,0.04
-2.44627317497966,2.64061030390539,1,1,"Col19a1","Cd74",0.2,0.04
-2.44627317497966,2.64061030390539,1,1,"4930568A12Rik","Cd74",0.2,0.04
-2.44627317497966,2.64061030390539,1,1,"Cfc1","Cd74",0.2,0.04
-2.44627317497966,2.64061030390539,1,1,"Fam178b","Cd74",0.2,0.04
-2.44627317497966,2.64061030390539,1,1,"Npas2","Cd74",0.2,0.04
-2.44627317497966,2.64061030390539,1,1,"Gm29155","Cd74",0.2,0.04
-2.44627317497966,2.64061030390539,1,1,"Slc40a1","Cd74",0.2,0.04
-2.44627317497966,2.64061030390539,1,1,"Gm31812","Cd74",0.2,0.04
-2.44627317497966,2.64061030390539,1,1,"Tmem237","Cd74",0.2,0.04
-2.44627317497966,2.64061030390539,1,1,"G730003C15Rik","Cd74",0.2,0.04
-2.44627317497966,2.64061030390539,1,1,"Cd28","Cd74",0.2,0.04
-2.44627317497966,2.64061030390539,1,1,"Icos","Cd74",0.2,0.04
-2.44627317497966,2.64061030390539,1,1,"Fzd5","Cd74",0.2,0.04
-2.44627317497966,2.64061030390539,1,1,"Mreg","Cd74",0.2,0.04
-2.44627317497966,2.64061030390539,1,1,"Cxcr2","Cd74",0.2,0.04
-2.44627317497966,2.64061030390539,1,1,"Gm29539","Cd74",0.2,0.04
-2.44627317497966,2.64061030390539,1,1,"Asic4","Cd74",0.2,0.04
-2.44627317497966,2.64061030390539,1,1,"Serpine2","Cd74",0.2,0.04
-2.44627317497966,2.64061030390539,1,1,"Gm28940","Cd74",0.2,0.04
-2.44627317497966,2.64061030390539,1,1,"Fbxo36","Cd74",0.2,0.04
-2.44627317497966,2.64061030390539,1,1,"Htr2b","Cd74",0.2,0.04
-2.44627317497966,2.64061030390539,1,1,"Kcnj13","Cd74",0.2,0.04
-2.44627317497966,2.64061030390539,1,1,"Sag","Cd74",0.2,0.04
-2.44627317497966,2.64061030390539,1,1,"Col6a3","Cd74",0.2,0.04
-2.44627317497966,2.64061030390539,1,1,"Per2","Cd74",0.2,0.04
-2.44627317497966,2.64061030390539,1,1,"Otos","Cd74",0.2,0.04
-2.44627317497966,2.64061030390539,1,1,"Gpc1","Cd74",0.2,0.04
-2.44627317497966,2.64061030390539,1,1,"Ankmy1","Cd74",0.2,0.04
-2.44627317497966,2.64061030390539,1,1,"9430060I03Rik","Cd74",0.2,0.04
-2.44627317497966,2.64061030390539,1,1,"Panct2","Cd74",0.2,0.04
-2.44627317497966,2.64061030390539,1,1,"Serpinb8","Cd74",0.2,0.04
-2.44627317497966,2.64061030390539,1,1,"Tmem177","Cd74",0.2,0.04
-2.44627317497966,2.64061030390539,1,1,"AA986860","Cd74",0.2,0.04
-2.44627317497966,2.64061030390539,1,1,"Gm38399","Cd74",0.2,0.04
-2.44627317497966,2.64061030390539,1,1,"Rgs1","Cd74",0.2,0.04
-2.44627317497966,2.64061030390539,1,1,"Shcbp1l","Cd74",0.2,0.04
-2.44627317497966,2.64061030390539,1,1,"Rgsl1","Cd74",0.2,0.04
-2.44627317497966,2.64061030390539,1,1,"Serpinc1","Cd74",0.2,0.04
-2.44627317497966,2.64061030390539,1,1,"F5","Cd74",0.2,0.04
-2.44627317497966,2.64061030390539,1,1,"Gm37469","Cd74",0.2,0.04
-2.44627317497966,2.64061030390539,1,1,"Gm37748","Cd74",0.2,0.04
-2.44627317497966,2.64061030390539,1,1,"4930500M09Rik","Cd74",0.2,0.04
-2.44627317497966,2.64061030390539,1,1,"Gm7694","Cd74",0.2,0.04
-2.44627317497966,2.64061030390539,1,1,"Pcp4l1","Cd74",0.2,0.04
-2.44627317497966,2.64061030390539,1,1,"Rbm8a2","Cd74",0.2,0.04
-2.44627317497966,2.64061030390539,1,1,"B230369F24Rik","Cd74",0.2,0.04
-2.44627317497966,2.64061030390539,1,1,"Sccpdh","Cd74",0.2,0.04
-2.44627317497966,2.64061030390539,1,1,"Cdc42bpa","Cd74",0.2,0.04
-2.44627317497966,2.64061030390539,1,1,"Coq8a","Cd74",0.2,0.04
-2.44627317497966,2.64061030390539,1,1,"Gm33973","Cd74",0.2,0.04
-2.44627317497966,2.64061030390539,1,1,"A430105J06Rik","Cd74",0.2,0.04
-2.44627317497966,2.64061030390539,1,1,"1700034H15Rik","Cd74",0.2,0.04
-2.44627317497966,2.64061030390539,1,1,"Gm26879","Cd74",0.2,0.04
-2.44627317497966,2.64061030390539,1,1,"Hhat","Cd74",0.2,0.04
-2.44627317497966,2.64061030390539,1,1,"Irf6","Cd74",0.2,0.04
-2.44627317497966,2.64061030390539,1,1,"G0s2","Cd74",0.2,0.04
-2.44627317497966,2.64061030390539,1,1,"Cr2","Cd74",0.2,0.04
-2.44627317497966,2.64061030390539,1,1,"Cdnf","Cd74",0.2,0.04
-2.44627317497966,2.64061030390539,1,1,"Proser2","Cd74",0.2,0.04
-2.44627317497966,2.64061030390539,1,1,"Il15ra","Cd74",0.2,0.04
-2.44627317497966,2.64061030390539,1,1,"Mrc1","Cd74",0.2,0.04
-2.44627317497966,2.64061030390539,1,1,"Armc3","Cd74",0.2,0.04
-2.44627317497966,2.64061030390539,1,1,"Gm13375","Cd74",0.2,0.04
-2.44627317497966,2.64061030390539,1,1,"Enkur","Cd74",0.2,0.04
-2.44627317497966,2.64061030390539,1,1,"Mamdc4","Cd74",0.2,0.04
-2.44627317497966,2.64061030390539,1,1,"Fcna","Cd74",0.2,0.04
-2.44627317497966,2.64061030390539,1,1,"1810012K08Rik","Cd74",0.2,0.04
-2.44627317497966,2.64061030390539,1,1,"Fcnb","Cd74",0.2,0.04
-2.44627317497966,2.64061030390539,1,1,"Gfi1b","Cd74",0.2,0.04
-2.44627317497966,2.64061030390539,1,1,"Kyat1","Cd74",0.2,0.04
-2.44627317497966,2.64061030390539,1,1,"Ncs1","Cd74",0.2,0.04
-2.44627317497966,2.64061030390539,1,1,"Lmx1b","Cd74",0.2,0.04
-2.44627317497966,2.64061030390539,1,1,"Phf19","Cd74",0.2,0.04
-2.44627317497966,2.64061030390539,1,1,"AI182371","Cd74",0.2,0.04
-2.44627317497966,2.64061030390539,1,1,"Gpr21","Cd74",0.2,0.04
-2.44627317497966,2.64061030390539,1,1,"Nr6a1","Cd74",0.2,0.04
-2.44627317497966,2.64061030390539,1,1,"Olfml2a","Cd74",0.2,0.04
-2.44627317497966,2.64061030390539,1,1,"Cacnb4","Cd74",0.2,0.04
-2.44627317497966,2.64061030390539,1,1,"Gm13572","Cd74",0.2,0.04
-2.44627317497966,2.64061030390539,1,1,"Gm13620","Cd74",0.2,0.04
-2.44627317497966,2.64061030390539,1,1,"Gm13565","Cd74",0.2,0.04
-2.44627317497966,2.64061030390539,1,1,"Dhrs9","Cd74",0.2,0.04
-2.44627317497966,2.64061030390539,1,1,"Prg3","Cd74",0.2,0.04
-2.44627317497966,2.64061030390539,1,1,"Mybpc3","Cd74",0.2,0.04
-2.44627317497966,2.64061030390539,1,1,"Chst1","Cd74",0.2,0.04
-2.44627317497966,2.64061030390539,1,1,"Gm10800","Cd74",0.2,0.04
-2.44627317497966,2.64061030390539,1,1,"Abtb2","Cd74",0.2,0.04
-2.44627317497966,2.64061030390539,1,1,"Gm13881","Cd74",0.2,0.04
-2.44627317497966,2.64061030390539,1,1,"4931422A03Rik","Cd74",0.2,0.04
-2.44627317497966,2.64061030390539,1,1,"Ryr3","Cd74",0.2,0.04
-2.44627317497966,2.64061030390539,1,1,"Fmn1","Cd74",0.2,0.04
-2.44627317497966,2.64061030390539,1,1,"Thbs1","Cd74",0.2,0.04
-2.44627317497966,2.64061030390539,1,1,"Itpka","Cd74",0.2,0.04
-2.44627317497966,2.64061030390539,1,1,"Mapkbp1","Cd74",0.2,0.04
-2.44627317497966,2.64061030390539,1,1,"Tmem62","Cd74",0.2,0.04
-2.44627317497966,2.64061030390539,1,1,"Nphp1","Cd74",0.2,0.04
-2.44627317497966,2.64061030390539,1,1,"Ttl","Cd74",0.2,0.04
-2.44627317497966,2.64061030390539,1,1,"Slc4a11","Cd74",0.2,0.04
-2.44627317497966,2.64061030390539,1,1,"Gm14167","Cd74",0.2,0.04
-2.44627317497966,2.64061030390539,1,1,"Gm14154","Cd74",0.2,0.04
-2.44627317497966,2.64061030390539,1,1,"Slc52a3","Cd74",0.2,0.04
-2.44627317497966,2.64061030390539,1,1,"Srxn1","Cd74",0.2,0.04
-2.44627317497966,2.64061030390539,1,1,"Sox12","Cd74",0.2,0.04
-2.44627317497966,2.64061030390539,1,1,"Id1","Cd74",0.2,0.04
-2.44627317497966,2.64061030390539,1,1,"Snta1","Cd74",0.2,0.04
-2.44627317497966,2.64061030390539,1,1,"Necab3","Cd74",0.2,0.04
-2.44627317497966,2.64061030390539,1,1,"Trp53inp2","Cd74",0.2,0.04
-2.44627317497966,2.64061030390539,1,1,"6430550D23Rik","Cd74",0.2,0.04
-2.44627317497966,2.64061030390539,1,1,"Cpne1","Cd74",0.2,0.04
-2.44627317497966,2.64061030390539,1,1,"4930518I15Rik","Cd74",0.2,0.04
-2.44627317497966,2.64061030390539,1,1,"Mroh8","Cd74",0.2,0.04
-2.44627317497966,2.64061030390539,1,1,"Lbp","Cd74",0.2,0.04
-2.44627317497966,2.64061030390539,1,1,"Dhx35","Cd74",0.2,0.04
-2.44627317497966,2.64061030390539,1,1,"Gm14221","Cd74",0.2,0.04
-2.44627317497966,2.64061030390539,1,1,"0610039K10Rik","Cd74",0.2,0.04
-2.44627317497966,2.64061030390539,1,1,"Gm11455","Cd74",0.2,0.04
-2.44627317497966,2.64061030390539,1,1,"Gm14302","Cd74",0.2,0.04
-2.44627317497966,2.64061030390539,1,1,"Zswim3","Cd74",0.2,0.04
-2.44627317497966,2.64061030390539,1,1,"Ube2v1","Cd74",0.2,0.04
-2.44627317497966,2.64061030390539,1,1,"Pard6b","Cd74",0.2,0.04
-2.44627317497966,2.64061030390539,1,1,"Kcng1","Cd74",0.2,0.04
-2.44627317497966,2.64061030390539,1,1,"Cass4","Cd74",0.2,0.04
-2.44627317497966,2.64061030390539,1,1,"Gm14455","Cd74",0.2,0.04
-2.44627317497966,2.64061030390539,1,1,"Gm20721","Cd74",0.2,0.04
-2.44627317497966,2.64061030390539,1,1,"Zfp831","Cd74",0.2,0.04
-2.44627317497966,2.64061030390539,1,1,"Zfp966","Cd74",0.2,0.04
-2.44627317497966,2.64061030390539,1,1,"Gm14419","Cd74",0.2,0.04
-2.44627317497966,2.64061030390539,1,1,"Gm14418","Cd74",0.2,0.04
-2.44627317497966,2.64061030390539,1,1,"Gm14325","Cd74",0.2,0.04
-2.44627317497966,2.64061030390539,1,1,"Gm26869","Cd74",0.2,0.04
-2.44627317497966,2.64061030390539,1,1,"Ppp1r3d","Cd74",0.2,0.04
-2.44627317497966,2.64061030390539,1,1,"Fam217b","Cd74",0.2,0.04
-2.44627317497966,2.64061030390539,1,1,"Col9a3","Cd74",0.2,0.04
-2.44627317497966,2.64061030390539,1,1,"Shroom4","Cd74",0.2,0.04
-2.44627317497966,2.64061030390539,1,1,"Ppp1r3f","Cd74",0.2,0.04
-2.44627317497966,2.64061030390539,1,1,"Flicr","Cd74",0.2,0.04
-2.44627317497966,2.64061030390539,1,1,"Cacna1f","Cd74",0.2,0.04
-2.44627317497966,2.64061030390539,1,1,"Gm26652","Cd74",0.2,0.04
-2.44627317497966,2.64061030390539,1,1,"Elk1","Cd74",0.2,0.04
-2.44627317497966,2.64061030390539,1,1,"Map7d3","Cd74",0.2,0.04
-2.44627317497966,2.64061030390539,1,1,"Xlr3a","Cd74",0.2,0.04
-2.44627317497966,2.64061030390539,1,1,"Zfp275","Cd74",0.2,0.04
-2.44627317497966,2.64061030390539,1,1,"Dusp9","Cd74",0.2,0.04
-2.44627317497966,2.64061030390539,1,1,"Slc6a8","Cd74",0.2,0.04
-2.44627317497966,2.64061030390539,1,1,"Pdzd4","Cd74",0.2,0.04
-2.44627317497966,2.64061030390539,1,1,"Avpr2","Cd74",0.2,0.04
-2.44627317497966,2.64061030390539,1,1,"Zc3h12b","Cd74",0.2,0.04
-2.44627317497966,2.64061030390539,1,1,"Ar","Cd74",0.2,0.04
-2.44627317497966,2.64061030390539,1,1,"Stard8","Cd74",0.2,0.04
-2.44627317497966,2.64061030390539,1,1,"Slc16a2","Cd74",0.2,0.04
-2.44627317497966,2.64061030390539,1,1,"Taf9b","Cd74",0.2,0.04
-2.44627317497966,2.64061030390539,1,1,"Gpr174","Cd74",0.2,0.04
-2.44627317497966,2.64061030390539,1,1,"Cldn34c1","Cd74",0.2,0.04
-2.44627317497966,2.64061030390539,1,1,"Gla","Cd74",0.2,0.04
-2.44627317497966,2.64061030390539,1,1,"Bex4","Cd74",0.2,0.04
-2.44627317497966,2.64061030390539,1,1,"Gm15013","Cd74",0.2,0.04
-2.44627317497966,2.64061030390539,1,1,"Gm15298","Cd74",0.2,0.04
-2.44627317497966,2.64061030390539,1,1,"Fam120c","Cd74",0.2,0.04
-2.44627317497966,2.64061030390539,1,1,"Iqsec2","Cd74",0.2,0.04
-2.44627317497966,2.64061030390539,1,1,"Map3k15","Cd74",0.2,0.04
-2.44627317497966,2.64061030390539,1,1,"Rai2","Cd74",0.2,0.04
-2.44627317497966,2.64061030390539,1,1,"Fancb","Cd74",0.2,0.04
-2.44627317497966,2.64061030390539,1,1,"Tlr7","Cd74",0.2,0.04
-2.44627317497966,2.64061030390539,1,1,"Zbtb10","Cd74",0.2,0.04
-2.44627317497966,2.64061030390539,1,1,"Eif5a2","Cd74",0.2,0.04
-2.44627317497966,2.64061030390539,1,1,"Mccc1","Cd74",0.2,0.04
-2.44627317497966,2.64061030390539,1,1,"Bbs7","Cd74",0.2,0.04
-2.44627317497966,2.64061030390539,1,1,"Il2","Cd74",0.2,0.04
-2.44627317497966,2.64061030390539,1,1,"Bbs12","Cd74",0.2,0.04
-2.44627317497966,2.64061030390539,1,1,"Spry1","Cd74",0.2,0.04
-2.44627317497966,2.64061030390539,1,1,"Gm20089","Cd74",0.2,0.04
-2.44627317497966,2.64061030390539,1,1,"Gm30074","Cd74",0.2,0.04
-2.44627317497966,2.64061030390539,1,1,"Nbea","Cd74",0.2,0.04
-2.44627317497966,2.64061030390539,1,1,"P2ry1","Cd74",0.2,0.04
-2.44627317497966,2.64061030390539,1,1,"E130311K13Rik","Cd74",0.2,0.04
-2.44627317497966,2.64061030390539,1,1,"A330015K06Rik","Cd74",0.2,0.04
-2.44627317497966,2.64061030390539,1,1,"Ppm1l","Cd74",0.2,0.04
-2.44627317497966,2.64061030390539,1,1,"6430573P05Rik","Cd74",0.2,0.04
-2.44627317497966,2.64061030390539,1,1,"Fam198b","Cd74",0.2,0.04
-2.44627317497966,2.64061030390539,1,1,"Trim2","Cd74",0.2,0.04
-2.44627317497966,2.64061030390539,1,1,"Sh3d19","Cd74",0.2,0.04
-2.44627317497966,2.64061030390539,1,1,"Mab21l2","Cd74",0.2,0.04
-2.44627317497966,2.64061030390539,1,1,"Lrrc71","Cd74",0.2,0.04
-2.44627317497966,2.64061030390539,1,1,"1700113A16Rik","Cd74",0.2,0.04
-2.44627317497966,2.64061030390539,1,1,"Chrnb2","Cd74",0.2,0.04
-2.44627317497966,2.64061030390539,1,1,"Nup210l","Cd74",0.2,0.04
-2.44627317497966,2.64061030390539,1,1,"S100a14","Cd74",0.2,0.04
-2.44627317497966,2.64061030390539,1,1,"Gm9774","Cd74",0.2,0.04
-2.44627317497966,2.64061030390539,1,1,"Tchh","Cd74",0.2,0.04
-2.44627317497966,2.64061030390539,1,1,"Them4","Cd74",0.2,0.04
-2.44627317497966,2.64061030390539,1,1,"Tuft1","Cd74",0.2,0.04
-2.44627317497966,2.64061030390539,1,1,"B230398E01Rik","Cd74",0.2,0.04
-2.44627317497966,2.64061030390539,1,1,"A730011C13Rik","Cd74",0.2,0.04
-2.44627317497966,2.64061030390539,1,1,"Gm128","Cd74",0.2,0.04
-2.44627317497966,2.64061030390539,1,1,"Anxa9","Cd74",0.2,0.04
-2.44627317497966,2.64061030390539,1,1,"C920021L13Rik","Cd74",0.2,0.04
-2.44627317497966,2.64061030390539,1,1,"Sv2a","Cd74",0.2,0.04
-2.44627317497966,2.64061030390539,1,1,"Hist2h2ab","Cd74",0.2,0.04
-2.44627317497966,2.64061030390539,1,1,"Gm20633","Cd74",0.2,0.04
-2.44627317497966,2.64061030390539,1,1,"Hist2h4","Cd74",0.2,0.04
-2.44627317497966,2.64061030390539,1,1,"Gm15441","Cd74",0.2,0.04
-2.44627317497966,2.64061030390539,1,1,"Ankrd35","Cd74",0.2,0.04
-2.44627317497966,2.64061030390539,1,1,"Vangl1","Cd74",0.2,0.04
-2.44627317497966,2.64061030390539,1,1,"Tspan2os","Cd74",0.2,0.04
-2.44627317497966,2.64061030390539,1,1,"Gm43062","Cd74",0.2,0.04
-2.44627317497966,2.64061030390539,1,1,"Olfml3","Cd74",0.2,0.04
-2.44627317497966,2.64061030390539,1,1,"Ppm1j","Cd74",0.2,0.04
-2.44627317497966,2.64061030390539,1,1,"Kcna3","Cd74",0.2,0.04
-2.44627317497966,2.64061030390539,1,1,"Gpsm2","Cd74",0.2,0.04
-2.44627317497966,2.64061030390539,1,1,"Gm43221","Cd74",0.2,0.04
-2.44627317497966,2.64061030390539,1,1,"S1pr1","Cd74",0.2,0.04
-2.44627317497966,2.64061030390539,1,1,"Fnbp1l","Cd74",0.2,0.04
-2.44627317497966,2.64061030390539,1,1,"Gm43568","Cd74",0.2,0.04
-2.44627317497966,2.64061030390539,1,1,"Egf","Cd74",0.2,0.04
-2.44627317497966,2.64061030390539,1,1,"Gm43254","Cd74",0.2,0.04
-2.44627317497966,2.64061030390539,1,1,"4930539J05Rik","Cd74",0.2,0.04
-2.44627317497966,2.64061030390539,1,1,"Slc39a8","Cd74",0.2,0.04
-2.44627317497966,2.64061030390539,1,1,"Clca3a1","Cd74",0.2,0.04
-2.44627317497966,2.64061030390539,1,1,"Syde2","Cd74",0.2,0.04
-2.44627317497966,2.64061030390539,1,1,"Gm36888","Cd74",0.2,0.04
-2.44627317497966,2.64061030390539,1,1,"Gm43573","Cd74",0.2,0.04
-2.44627317497966,2.64061030390539,1,1,"Ifi44","Cd74",0.2,0.04
-2.44627317497966,2.64061030390539,1,1,"Fsbp","Cd74",0.2,0.04
-2.44627317497966,2.64061030390539,1,1,"Ttpa","Cd74",0.2,0.04
-2.44627317497966,2.64061030390539,1,1,"Manea","Cd74",0.2,0.04
-2.44627317497966,2.64061030390539,1,1,"Gm6297","Cd74",0.2,0.04
-2.44627317497966,2.64061030390539,1,1,"Aqp3","Cd74",0.2,0.04
-2.44627317497966,2.64061030390539,1,1,"Atp8b5","Cd74",0.2,0.04
-2.44627317497966,2.64061030390539,1,1,"AL732506.1","Cd74",0.2,0.04
-2.44627317497966,2.64061030390539,1,1,"Gm12454","Cd74",0.2,0.04
-2.44627317497966,2.64061030390539,1,1,"Stra6l","Cd74",0.2,0.04
-2.44627317497966,2.64061030390539,1,1,"Gm568","Cd74",0.2,0.04
-2.44627317497966,2.64061030390539,1,1,"Anks6","Cd74",0.2,0.04
-2.44627317497966,2.64061030390539,1,1,"Cavin4","Cd74",0.2,0.04
-2.44627317497966,2.64061030390539,1,1,"Vma21-ps","Cd74",0.2,0.04
-2.44627317497966,2.64061030390539,1,1,"Zfp618","Cd74",0.2,0.04
-2.44627317497966,2.64061030390539,1,1,"Acer2","Cd74",0.2,0.04
-2.44627317497966,2.64061030390539,1,1,"Gm10306","Cd74",0.2,0.04
-2.44627317497966,2.64061030390539,1,1,"Gm12689","Cd74",0.2,0.04
-2.44627317497966,2.64061030390539,1,1,"Dnajc6","Cd74",0.2,0.04
-2.44627317497966,2.64061030390539,1,1,"Lepr","Cd74",0.2,0.04
-2.44627317497966,2.64061030390539,1,1,"Wdr78","Cd74",0.2,0.04
-2.44627317497966,2.64061030390539,1,1,"Gm12802","Cd74",0.2,0.04
-2.44627317497966,2.64061030390539,1,1,"4933424M12Rik","Cd74",0.2,0.04
-2.44627317497966,2.64061030390539,1,1,"Echdc2","Cd74",0.2,0.04
-2.44627317497966,2.64061030390539,1,1,"A730015C16Rik","Cd74",0.2,0.04
-2.44627317497966,2.64061030390539,1,1,"Ccdc17","Cd74",0.2,0.04
-2.44627317497966,2.64061030390539,1,1,"Btbd19","Cd74",0.2,0.04
-2.44627317497966,2.64061030390539,1,1,"Zfp691","Cd74",0.2,0.04
-2.44627317497966,2.64061030390539,1,1,"Ermap","Cd74",0.2,0.04
-2.44627317497966,2.64061030390539,1,1,"Fhl3","Cd74",0.2,0.04
-2.44627317497966,2.64061030390539,1,1,"Oscp1","Cd74",0.2,0.04
-2.44627317497966,2.64061030390539,1,1,"5730409E04Rik","Cd74",0.2,0.04
-2.44627317497966,2.64061030390539,1,1,"Trim62","Cd74",0.2,0.04
-2.44627317497966,2.64061030390539,1,1,"Gm26722","Cd74",0.2,0.04
-2.44627317497966,2.64061030390539,1,1,"Gm26615","Cd74",0.2,0.04
-2.44627317497966,2.64061030390539,1,1,"Map3k6","Cd74",0.2,0.04
-2.44627317497966,2.64061030390539,1,1,"Nr0b2","Cd74",0.2,0.04
-2.44627317497966,2.64061030390539,1,1,"Gm12977","Cd74",0.2,0.04
-2.44627317497966,2.64061030390539,1,1,"Crybg2","Cd74",0.2,0.04
-2.44627317497966,2.64061030390539,1,1,"Pafah2","Cd74",0.2,0.04
-2.44627317497966,2.64061030390539,1,1,"Gm27022","Cd74",0.2,0.04
-2.44627317497966,2.64061030390539,1,1,"C1qb","Cd74",0.2,0.04
-2.44627317497966,2.64061030390539,1,1,"Wnt4","Cd74",0.2,0.04
-2.44627317497966,2.64061030390539,1,1,"Kif17","Cd74",0.2,0.04
-2.44627317497966,2.64061030390539,1,1,"Gm16287","Cd74",0.2,0.04
-2.44627317497966,2.64061030390539,1,1,"Gm13031","Cd74",0.2,0.04
-2.44627317497966,2.64061030390539,1,1,"Epha2","Cd74",0.2,0.04
-2.44627317497966,2.64061030390539,1,1,"Tmem82","Cd74",0.2,0.04
-2.44627317497966,2.64061030390539,1,1,"Fhad1","Cd74",0.2,0.04
-2.44627317497966,2.64061030390539,1,1,"Tmem51os1","Cd74",0.2,0.04
-2.44627317497966,2.64061030390539,1,1,"Gm26624","Cd74",0.2,0.04
-2.44627317497966,2.64061030390539,1,1,"Zfp982","Cd74",0.2,0.04
-2.44627317497966,2.64061030390539,1,1,"Fv1","Cd74",0.2,0.04
-2.44627317497966,2.64061030390539,1,1,"Gm13205","Cd74",0.2,0.04
-2.44627317497966,2.64061030390539,1,1,"Cort","Cd74",0.2,0.04
-2.44627317497966,2.64061030390539,1,1,"Ube4bos3","Cd74",0.2,0.04
-2.44627317497966,2.64061030390539,1,1,"Errfi1","Cd74",0.2,0.04
-2.44627317497966,2.64061030390539,1,1,"Zbtb48","Cd74",0.2,0.04
-2.44627317497966,2.64061030390539,1,1,"Atad3aos","Cd74",0.2,0.04
-2.44627317497966,2.64061030390539,1,1,"Mxra8","Cd74",0.2,0.04
-2.44627317497966,2.64061030390539,1,1,"Gm17590","Cd74",0.2,0.04
-2.44627317497966,2.64061030390539,1,1,"1700109H08Rik","Cd74",0.2,0.04
-2.44627317497966,2.64061030390539,1,1,"4833413G10Rik","Cd74",0.2,0.04
-2.44627317497966,2.64061030390539,1,1,"Adam22","Cd74",0.2,0.04
-2.44627317497966,2.64061030390539,1,1,"Rundc3b","Cd74",0.2,0.04
-2.44627317497966,2.64061030390539,1,1,"Atg9b","Cd74",0.2,0.04
-2.44627317497966,2.64061030390539,1,1,"Slc5a6","Cd74",0.2,0.04
-2.44627317497966,2.64061030390539,1,1,"Yes1","Cd74",0.2,0.04
-2.44627317497966,2.64061030390539,1,1,"Poln","Cd74",0.2,0.04
-2.44627317497966,2.64061030390539,1,1,"Hgfac","Cd74",0.2,0.04
-2.44627317497966,2.64061030390539,1,1,"Slc2a9","Cd74",0.2,0.04
-2.44627317497966,2.64061030390539,1,1,"Cc2d2a","Cd74",0.2,0.04
-2.44627317497966,2.64061030390539,1,1,"Cnga1","Cd74",0.2,0.04
-2.44627317497966,2.64061030390539,1,1,"Dcun1d4","Cd74",0.2,0.04
-2.44627317497966,2.64061030390539,1,1,"Kdr","Cd74",0.2,0.04
-2.44627317497966,2.64061030390539,1,1,"C530008M17Rik","Cd74",0.2,0.04
-2.44627317497966,2.64061030390539,1,1,"Adamts3","Cd74",0.2,0.04
-2.44627317497966,2.64061030390539,1,1,"Gm9958","Cd74",0.2,0.04
-2.44627317497966,2.64061030390539,1,1,"Afp","Cd74",0.2,0.04
-2.44627317497966,2.64061030390539,1,1,"Ccdc158","Cd74",0.2,0.04
-2.44627317497966,2.64061030390539,1,1,"Gm8013","Cd74",0.2,0.04
-2.44627317497966,2.64061030390539,1,1,"Paqr3","Cd74",0.2,0.04
-2.44627317497966,2.64061030390539,1,1,"Tmem150c","Cd74",0.2,0.04
-2.44627317497966,2.64061030390539,1,1,"Tgfbr3","Cd74",0.2,0.04
-2.44627317497966,2.64061030390539,1,1,"Gm43137","Cd74",0.2,0.04
-2.44627317497966,2.64061030390539,1,1,"Gm15792","Cd74",0.2,0.04
-2.44627317497966,2.64061030390539,1,1,"Gm26711","Cd74",0.2,0.04
-2.44627317497966,2.64061030390539,1,1,"Gm15559","Cd74",0.2,0.04
-2.44627317497966,2.64061030390539,1,1,"Trpv4","Cd74",0.2,0.04
-2.44627317497966,2.64061030390539,1,1,"4930515G01Rik","Cd74",0.2,0.04
-2.44627317497966,2.64061030390539,1,1,"Gm42903","Cd74",0.2,0.04
-2.44627317497966,2.64061030390539,1,1,"Gm10399","Cd74",0.2,0.04
-2.44627317497966,2.64061030390539,1,1,"Gm15728","Cd74",0.2,0.04
-2.44627317497966,2.64061030390539,1,1,"Acad10","Cd74",0.2,0.04
-2.44627317497966,2.64061030390539,1,1,"Gm16552","Cd74",0.2,0.04
-2.44627317497966,2.64061030390539,1,1,"Gm15747","Cd74",0.2,0.04
-2.44627317497966,2.64061030390539,1,1,"4930404A12Rik","Cd74",0.2,0.04
-2.44627317497966,2.64061030390539,1,1,"Rflna","Cd74",0.2,0.04
-2.44627317497966,2.64061030390539,1,1,"Gm10382","Cd74",0.2,0.04
-2.44627317497966,2.64061030390539,1,1,"Zfp11","Cd74",0.2,0.04
-2.44627317497966,2.64061030390539,1,1,"Gtf2ird2","Cd74",0.2,0.04
-2.44627317497966,2.64061030390539,1,1,"Mettl27","Cd74",0.2,0.04
-2.44627317497966,2.64061030390539,1,1,"Vps37d","Cd74",0.2,0.04
-2.44627317497966,2.64061030390539,1,1,"Cldn15","Cd74",0.2,0.04
-2.44627317497966,2.64061030390539,1,1,"Muc3a","Cd74",0.2,0.04
-2.44627317497966,2.64061030390539,1,1,"Pilrb1","Cd74",0.2,0.04
-2.44627317497966,2.64061030390539,1,1,"Nxpe5","Cd74",0.2,0.04
-2.44627317497966,2.64061030390539,1,1,"Zfand2a","Cd74",0.2,0.04
-2.44627317497966,2.64061030390539,1,1,"Micall2","Cd74",0.2,0.04
-2.44627317497966,2.64061030390539,1,1,"Grifin","Cd74",0.2,0.04
-2.44627317497966,2.64061030390539,1,1,"Zfp316","Cd74",0.2,0.04
-2.44627317497966,2.64061030390539,1,1,"D130017N08Rik","Cd74",0.2,0.04
-2.44627317497966,2.64061030390539,1,1,"Zscan25","Cd74",0.2,0.04
-2.44627317497966,2.64061030390539,1,1,"B230303O12Rik","Cd74",0.2,0.04
-2.44627317497966,2.64061030390539,1,1,"Katnal1","Cd74",0.2,0.04
-2.44627317497966,2.64061030390539,1,1,"5930430L01Rik","Cd74",0.2,0.04
-2.44627317497966,2.64061030390539,1,1,"BC028471","Cd74",0.2,0.04
-2.44627317497966,2.64061030390539,1,1,"Pon3","Cd74",0.2,0.04
-2.44627317497966,2.64061030390539,1,1,"Asns","Cd74",0.2,0.04
-2.44627317497966,2.64061030390539,1,1,"Glcci1","Cd74",0.2,0.04
-2.44627317497966,2.64061030390539,1,1,"Cav2","Cd74",0.2,0.04
-2.44627317497966,2.64061030390539,1,1,"Gm20186","Cd74",0.2,0.04
-2.44627317497966,2.64061030390539,1,1,"Opn1sw","Cd74",0.2,0.04
-2.44627317497966,2.64061030390539,1,1,"Gm27019","Cd74",0.2,0.04
-2.44627317497966,2.64061030390539,1,1,"Gm14540","Cd74",0.2,0.04
-2.44627317497966,2.64061030390539,1,1,"Stra8","Cd74",0.2,0.04
-2.44627317497966,2.64061030390539,1,1,"Dgki","Cd74",0.2,0.04
-2.44627317497966,2.64061030390539,1,1,"Clcn1","Cd74",0.2,0.04
-2.44627317497966,2.64061030390539,1,1,"Tpk1","Cd74",0.2,0.04
-2.44627317497966,2.64061030390539,1,1,"Gm26625","Cd74",0.2,0.04
-2.44627317497966,2.64061030390539,1,1,"Repin1","Cd74",0.2,0.04
-2.44627317497966,2.64061030390539,1,1,"Gimap8","Cd74",0.2,0.04
-2.44627317497966,2.64061030390539,1,1,"Hoxa5","Cd74",0.2,0.04
-2.44627317497966,2.64061030390539,1,1,"Hoxa6","Cd74",0.2,0.04
-2.44627317497966,2.64061030390539,1,1,"Mindy4","Cd74",0.2,0.04
-2.44627317497966,2.64061030390539,1,1,"Prdm5","Cd74",0.2,0.04
-2.44627317497966,2.64061030390539,1,1,"Atoh8","Cd74",0.2,0.04
-2.44627317497966,2.64061030390539,1,1,"Sftpb","Cd74",0.2,0.04
-2.44627317497966,2.64061030390539,1,1,"Gm20362","Cd74",0.2,0.04
-2.44627317497966,2.64061030390539,1,1,"Mrpl53","Cd74",0.2,0.04
-2.44627317497966,2.64061030390539,1,1,"Gm44287","Cd74",0.2,0.04
-2.44627317497966,2.64061030390539,1,1,"Rtkn","Cd74",0.2,0.04
-2.44627317497966,2.64061030390539,1,1,"Asprv1","Cd74",0.2,0.04
-2.44627317497966,2.64061030390539,1,1,"Gp9","Cd74",0.2,0.04
-2.44627317497966,2.64061030390539,1,1,"Mgll","Cd74",0.2,0.04
-2.44627317497966,2.64061030390539,1,1,"Chst13","Cd74",0.2,0.04
-2.44627317497966,2.64061030390539,1,1,"4930590J08Rik","Cd74",0.2,0.04
-2.44627317497966,2.64061030390539,1,1,"Fgd5","Cd74",0.2,0.04
-2.44627317497966,2.64061030390539,1,1,"Gpr27","Cd74",0.2,0.04
-2.44627317497966,2.64061030390539,1,1,"Gxylt2","Cd74",0.2,0.04
-2.44627317497966,2.64061030390539,1,1,"Lmcd1","Cd74",0.2,0.04
-2.44627317497966,2.64061030390539,1,1,"Il17rc","Cd74",0.2,0.04
-2.44627317497966,2.64061030390539,1,1,"Gm26982","Cd74",0.2,0.04
-2.44627317497966,2.64061030390539,1,1,"Hrh1","Cd74",0.2,0.04
-2.44627317497966,2.64061030390539,1,1,"March8","Cd74",0.2,0.04
-2.44627317497966,2.64061030390539,1,1,"Cxcl12","Cd74",0.2,0.04
-2.44627317497966,2.64061030390539,1,1,"Erc1","Cd74",0.2,0.04
-2.44627317497966,2.64061030390539,1,1,"Hdhd5","Cd74",0.2,0.04
-2.44627317497966,2.64061030390539,1,1,"Gm26826","Cd74",0.2,0.04
-2.44627317497966,2.64061030390539,1,1,"Clec4d","Cd74",0.2,0.04
-2.44627317497966,2.64061030390539,1,1,"Clec4e","Cd74",0.2,0.04
-2.44627317497966,2.64061030390539,1,1,"C1rl","Cd74",0.2,0.04
-2.44627317497966,2.64061030390539,1,1,"Gpr162","Cd74",0.2,0.04
-2.44627317497966,2.64061030390539,1,1,"Cracr2a","Cd74",0.2,0.04
-2.44627317497966,2.64061030390539,1,1,"Tspan9","Cd74",0.2,0.04
-2.44627317497966,2.64061030390539,1,1,"Cd69","Cd74",0.2,0.04
-2.44627317497966,2.64061030390539,1,1,"Gsg1","Cd74",0.2,0.04
-2.44627317497966,2.64061030390539,1,1,"Gucy2c","Cd74",0.2,0.04
-2.44627317497966,2.64061030390539,1,1,"St8sia1","Cd74",0.2,0.04
-2.44627317497966,2.64061030390539,1,1,"Bicd1","Cd74",0.2,0.04
-2.44627317497966,2.64061030390539,1,1,"Tarm1","Cd74",0.2,0.04
-2.44627317497966,2.64061030390539,1,1,"Gm15448","Cd74",0.2,0.04
-2.44627317497966,2.64061030390539,1,1,"Eps8l1","Cd74",0.2,0.04
-2.44627317497966,2.64061030390539,1,1,"Tnni3","Cd74",0.2,0.04
-2.44627317497966,2.64061030390539,1,1,"Gm15873","Cd74",0.2,0.04
-2.44627317497966,2.64061030390539,1,1,"Sbk2","Cd74",0.2,0.04
-2.44627317497966,2.64061030390539,1,1,"Zfp784","Cd74",0.2,0.04
-2.44627317497966,2.64061030390539,1,1,"Zfp78","Cd74",0.2,0.04
-2.44627317497966,2.64061030390539,1,1,"Zfp954","Cd74",0.2,0.04
-2.44627317497966,2.64061030390539,1,1,"Zfp772","Cd74",0.2,0.04
-2.44627317497966,2.64061030390539,1,1,"Zscan18","Cd74",0.2,0.04
-2.44627317497966,2.64061030390539,1,1,"Zswim9","Cd74",0.2,0.04
-2.44627317497966,2.64061030390539,1,1,"Ptgir","Cd74",0.2,0.04
-2.44627317497966,2.64061030390539,1,1,"Ppm1n","Cd74",0.2,0.04
-2.44627317497966,2.64061030390539,1,1,"Klc3","Cd74",0.2,0.04
-2.44627317497966,2.64061030390539,1,1,"Bcam","Cd74",0.2,0.04
-2.44627317497966,2.64061030390539,1,1,"Pvr","Cd74",0.2,0.04
-2.44627317497966,2.64061030390539,1,1,"Zfp428","Cd74",0.2,0.04
-2.44627317497966,2.64061030390539,1,1,"D930028M14Rik","Cd74",0.2,0.04
-2.44627317497966,2.64061030390539,1,1,"Megf8","Cd74",0.2,0.04
-2.44627317497966,2.64061030390539,1,1,"4732471J01Rik","Cd74",0.2,0.04
-2.44627317497966,2.64061030390539,1,1,"Tmem91","Cd74",0.2,0.04
-2.44627317497966,2.64061030390539,1,1,"Lrfn1","Cd74",0.2,0.04
-2.44627317497966,2.64061030390539,1,1,"Lgals4","Cd74",0.2,0.04
-2.44627317497966,2.64061030390539,1,1,"Zfp30","Cd74",0.2,0.04
-2.44627317497966,2.64061030390539,1,1,"Zfp940","Cd74",0.2,0.04
-2.44627317497966,2.64061030390539,1,1,"Zfp420","Cd74",0.2,0.04
-2.44627317497966,2.64061030390539,1,1,"Zfp27","Cd74",0.2,0.04
-2.44627317497966,2.64061030390539,1,1,"Zfp82","Cd74",0.2,0.04
-2.44627317497966,2.64061030390539,1,1,"U2af1l4","Cd74",0.2,0.04
-2.44627317497966,2.64061030390539,1,1,"Dmkn","Cd74",0.2,0.04
-2.44627317497966,2.64061030390539,1,1,"D7Ertd128e","Cd74",0.2,0.04
-2.44627317497966,2.64061030390539,1,1,"Gm26762","Cd74",0.2,0.04
-2.44627317497966,2.64061030390539,1,1,"Zfp619","Cd74",0.2,0.04
-2.44627317497966,2.64061030390539,1,1,"Zfp976","Cd74",0.2,0.04
-2.44627317497966,2.64061030390539,1,1,"1700008O03Rik","Cd74",0.2,0.04
-2.44627317497966,2.64061030390539,1,1,"5430431A17Rik","Cd74",0.2,0.04
-2.44627317497966,2.64061030390539,1,1,"Gm15396","Cd74",0.2,0.04
-2.44627317497966,2.64061030390539,1,1,"Zfp473","Cd74",0.2,0.04
-2.44627317497966,2.64061030390539,1,1,"Gm45669","Cd74",0.2,0.04
-2.44627317497966,2.64061030390539,1,1,"Plekha4","Cd74",0.2,0.04
-2.44627317497966,2.64061030390539,1,1,"Rasip1","Cd74",0.2,0.04
-2.44627317497966,2.64061030390539,1,1,"Gm26856","Cd74",0.2,0.04
-2.44627317497966,2.64061030390539,1,1,"A230057D06Rik","Cd74",0.2,0.04
-2.44627317497966,2.64061030390539,1,1,"Lysmd4","Cd74",0.2,0.04
-2.44627317497966,2.64061030390539,1,1,"Ttc23","Cd74",0.2,0.04
-2.44627317497966,2.64061030390539,1,1,"Mctp2","Cd74",0.2,0.04
-2.44627317497966,2.64061030390539,1,1,"Isg20","Cd74",0.2,0.04
-2.44627317497966,2.64061030390539,1,1,"Gm44949","Cd74",0.2,0.04
-2.44627317497966,2.64061030390539,1,1,"Hddc3","Cd74",0.2,0.04
-2.44627317497966,2.64061030390539,1,1,"Nmb","Cd74",0.2,0.04
-2.44627317497966,2.64061030390539,1,1,"Aqp11","Cd74",0.2,0.04
-2.44627317497966,2.64061030390539,1,1,"Capn5","Cd74",0.2,0.04
-2.44627317497966,2.64061030390539,1,1,"Gm45188","Cd74",0.2,0.04
-2.44627317497966,2.64061030390539,1,1,"Arhgef17","Cd74",0.2,0.04
-2.44627317497966,2.64061030390539,1,1,"P2ry2","Cd74",0.2,0.04
-2.44627317497966,2.64061030390539,1,1,"Pde2a","Cd74",0.2,0.04
-2.44627317497966,2.64061030390539,1,1,"Olfr552","Cd74",0.2,0.04
-2.44627317497966,2.64061030390539,1,1,"Gm15133","Cd74",0.2,0.04
-2.44627317497966,2.64061030390539,1,1,"Gm45799","Cd74",0.2,0.04
-2.44627317497966,2.64061030390539,1,1,"Nlrp10","Cd74",0.2,0.04
-2.44627317497966,2.64061030390539,1,1,"Lyve1","Cd74",0.2,0.04
-2.44627317497966,2.64061030390539,1,1,"Cyp2r1","Cd74",0.2,0.04
-2.44627317497966,2.64061030390539,1,1,"Dcun1d3","Cd74",0.2,0.04
-2.44627317497966,2.64061030390539,1,1,"Otoa","Cd74",0.2,0.04
-2.44627317497966,2.64061030390539,1,1,"Ears2","Cd74",0.2,0.04
-2.44627317497966,2.64061030390539,1,1,"Ern2","Cd74",0.2,0.04
-2.44627317497966,2.64061030390539,1,1,"Il21r","Cd74",0.2,0.04
-2.44627317497966,2.64061030390539,1,1,"Sbk1","Cd74",0.2,0.04
-2.44627317497966,2.64061030390539,1,1,"Mylpf","Cd74",0.2,0.04
-2.44627317497966,2.64061030390539,1,1,"Ctf1","Cd74",0.2,0.04
-2.44627317497966,2.64061030390539,1,1,"Stx1b","Cd74",0.2,0.04
-2.44627317497966,2.64061030390539,1,1,"9130023H24Rik","Cd74",0.2,0.04
-2.44627317497966,2.64061030390539,1,1,"Tgfb1i1","Cd74",0.2,0.04
-2.44627317497966,2.64061030390539,1,1,"Bag3","Cd74",0.2,0.04
-2.44627317497966,2.64061030390539,1,1,"Gm44647","Cd74",0.2,0.04
-2.44627317497966,2.64061030390539,1,1,"Gm5602","Cd74",0.2,0.04
-2.44627317497966,2.64061030390539,1,1,"Gm35147","Cd74",0.2,0.04
-2.44627317497966,2.64061030390539,1,1,"Mgmt","Cd74",0.2,0.04
-2.44627317497966,2.64061030390539,1,1,"Utf1","Cd74",0.2,0.04
-2.44627317497966,2.64061030390539,1,1,"B4galnt4","Cd74",0.2,0.04
-2.44627317497966,2.64061030390539,1,1,"Lrrc56","Cd74",0.2,0.04
-2.44627317497966,2.64061030390539,1,1,"Drd4","Cd74",0.2,0.04
-2.44627317497966,2.64061030390539,1,1,"Eps8l2","Cd74",0.2,0.04
-2.44627317497966,2.64061030390539,1,1,"Pidd1","Cd74",0.2,0.04
-2.44627317497966,2.64061030390539,1,1,"Ifitm10","Cd74",0.2,0.04
-2.44627317497966,2.64061030390539,1,1,"Prr33","Cd74",0.2,0.04
-2.44627317497966,2.64061030390539,1,1,"Ascl2","Cd74",0.2,0.04
-2.44627317497966,2.64061030390539,1,1,"Slc22a18","Cd74",0.2,0.04
-2.44627317497966,2.64061030390539,1,1,"Ppp1r14c","Cd74",0.2,0.04
-2.44627317497966,2.64061030390539,1,1,"Plekhg1","Cd74",0.2,0.04
-2.44627317497966,2.64061030390539,1,1,"Lrp11","Cd74",0.2,0.04
-2.44627317497966,2.64061030390539,1,1,"Grm1","Cd74",0.2,0.04
-2.44627317497966,2.64061030390539,1,1,"Epm2a","Cd74",0.2,0.04
-2.44627317497966,2.64061030390539,1,1,"Ccdc28a","Cd74",0.2,0.04
-2.44627317497966,2.64061030390539,1,1,"Nhsl1","Cd74",0.2,0.04
-2.44627317497966,2.64061030390539,1,1,"Slc2a12","Cd74",0.2,0.04
-2.44627317497966,2.64061030390539,1,1,"Gm48045","Cd74",0.2,0.04
-2.44627317497966,2.64061030390539,1,1,"Tspyl4","Cd74",0.2,0.04
-2.44627317497966,2.64061030390539,1,1,"Afg1l","Cd74",0.2,0.04
-2.44627317497966,2.64061030390539,1,1,"Gm47815","Cd74",0.2,0.04
-2.44627317497966,2.64061030390539,1,1,"Gm9803","Cd74",0.2,0.04
-2.44627317497966,2.64061030390539,1,1,"Prdm1","Cd74",0.2,0.04
-2.44627317497966,2.64061030390539,1,1,"Gm47398","Cd74",0.2,0.04
-2.44627317497966,2.64061030390539,1,1,"Fabp7","Cd74",0.2,0.04
-2.44627317497966,2.64061030390539,1,1,"Aifm2","Cd74",0.2,0.04
-2.44627317497966,2.64061030390539,1,1,"Fam241b","Cd74",0.2,0.04
-2.44627317497966,2.64061030390539,1,1,"4930507D05Rik","Cd74",0.2,0.04
-2.44627317497966,2.64061030390539,1,1,"Stox1","Cd74",0.2,0.04
-2.44627317497966,2.64061030390539,1,1,"Dnajc12","Cd74",0.2,0.04
-2.44627317497966,2.64061030390539,1,1,"Tmem26","Cd74",0.2,0.04
-2.44627317497966,2.64061030390539,1,1,"Rab36","Cd74",0.2,0.04
-2.44627317497966,2.64061030390539,1,1,"Ggt1","Cd74",0.2,0.04
-2.44627317497966,2.64061030390539,1,1,"Ggt5","Cd74",0.2,0.04
-2.44627317497966,2.64061030390539,1,1,"Adarb1","Cd74",0.2,0.04
-2.44627317497966,2.64061030390539,1,1,"Fgf22","Cd74",0.2,0.04
-2.44627317497966,2.64061030390539,1,1,"Cbarp","Cd74",0.2,0.04
-2.44627317497966,2.64061030390539,1,1,"Pcsk4","Cd74",0.2,0.04
-2.44627317497966,2.64061030390539,1,1,"Tle2","Cd74",0.2,0.04
-2.44627317497966,2.64061030390539,1,1,"Gm32687","Cd74",0.2,0.04
-2.44627317497966,2.64061030390539,1,1,"Slc41a2","Cd74",0.2,0.04
-2.44627317497966,2.64061030390539,1,1,"Nuak1","Cd74",0.2,0.04
-2.44627317497966,2.64061030390539,1,1,"Ttc41","Cd74",0.2,0.04
-2.44627317497966,2.64061030390539,1,1,"Gm26546","Cd74",0.2,0.04
-2.44627317497966,2.64061030390539,1,1,"4933408J17Rik","Cd74",0.2,0.04
-2.44627317497966,2.64061030390539,1,1,"Gm15915","Cd74",0.2,0.04
-2.44627317497966,2.64061030390539,1,1,"Fgd6","Cd74",0.2,0.04
-2.44627317497966,2.64061030390539,1,1,"Slc35e3","Cd74",0.2,0.04
-2.44627317497966,2.64061030390539,1,1,"Hmga2","Cd74",0.2,0.04
-2.44627317497966,2.64061030390539,1,1,"Slc16a7","Cd74",0.2,0.04
-2.44627317497966,2.64061030390539,1,1,"A730063M14Rik","Cd74",0.2,0.04
-2.44627317497966,2.64061030390539,1,1,"F420014N23Rik","Cd74",0.2,0.04
-2.44627317497966,2.64061030390539,1,1,"Nab2","Cd74",0.2,0.04
-2.44627317497966,2.64061030390539,1,1,"Mip","Cd74",0.2,0.04
-2.44627317497966,2.64061030390539,1,1,"Erbb3","Cd74",0.2,0.04
-2.44627317497966,2.64061030390539,1,1,"Gdf11","Cd74",0.2,0.04
-2.44627317497966,2.64061030390539,1,1,"Retn","Cd74",0.2,0.04
-2.44627317497966,2.64061030390539,1,1,"Gm39121","Cd74",0.2,0.04
-2.44627317497966,2.64061030390539,1,1,"Gm45231","Cd74",0.2,0.04
-2.44627317497966,2.64061030390539,1,1,"Clec4g","Cd74",0.2,0.04
-2.44627317497966,2.64061030390539,1,1,"Gm16553","Cd74",0.2,0.04
-2.44627317497966,2.64061030390539,1,1,"Fbxo25","Cd74",0.2,0.04
-2.44627317497966,2.64061030390539,1,1,"Gm26804","Cd74",0.2,0.04
-2.44627317497966,2.64061030390539,1,1,"Atp7b","Cd74",0.2,0.04
-2.44627317497966,2.64061030390539,1,1,"D830025C05Rik","Cd74",0.2,0.04
-2.44627317497966,2.64061030390539,1,1,"Star","Cd74",0.2,0.04
-2.44627317497966,2.64061030390539,1,1,"Gm45371","Cd74",0.2,0.04
-2.44627317497966,2.64061030390539,1,1,"Proscos","Cd74",0.2,0.04
-2.44627317497966,2.64061030390539,1,1,"Nrg1","Cd74",0.2,0.04
-2.44627317497966,2.64061030390539,1,1,"Gm26632","Cd74",0.2,0.04
-2.44627317497966,2.64061030390539,1,1,"Dlc1","Cd74",0.2,0.04
-2.44627317497966,2.64061030390539,1,1,"Gm16192","Cd74",0.2,0.04
-2.44627317497966,2.64061030390539,1,1,"Gm31172","Cd74",0.2,0.04
-2.44627317497966,2.64061030390539,1,1,"Stox2","Cd74",0.2,0.04
-2.44627317497966,2.64061030390539,1,1,"Ddx60","Cd74",0.2,0.04
-2.44627317497966,2.64061030390539,1,1,"Psd3","Cd74",0.2,0.04
-2.44627317497966,2.64061030390539,1,1,"D130040H23Rik","Cd74",0.2,0.04
-2.44627317497966,2.64061030390539,1,1,"Pbx4","Cd74",0.2,0.04
-2.44627317497966,2.64061030390539,1,1,"Slc25a42","Cd74",0.2,0.04
-2.44627317497966,2.64061030390539,1,1,"Plvap","Cd74",0.2,0.04
-2.44627317497966,2.64061030390539,1,1,"0610038B21Rik","Cd74",0.2,0.04
-2.44627317497966,2.64061030390539,1,1,"Gm10645","Cd74",0.2,0.04
-2.44627317497966,2.64061030390539,1,1,"Gm10644","Cd74",0.2,0.04
-2.44627317497966,2.64061030390539,1,1,"1700067K01Rik","Cd74",0.2,0.04
-2.44627317497966,2.64061030390539,1,1,"C330011M18Rik","Cd74",0.2,0.04
-2.44627317497966,2.64061030390539,1,1,"Gm26664","Cd74",0.2,0.04
-2.44627317497966,2.64061030390539,1,1,"Fbxw9","Cd74",0.2,0.04
-2.44627317497966,2.64061030390539,1,1,"Nod2","Cd74",0.2,0.04
-2.44627317497966,2.64061030390539,1,1,"4831440D22Rik","Cd74",0.2,0.04
-2.44627317497966,2.64061030390539,1,1,"Bbs2","Cd74",0.2,0.04
-2.44627317497966,2.64061030390539,1,1,"Mt2","Cd74",0.2,0.04
-2.44627317497966,2.64061030390539,1,1,"9330175E14Rik","Cd74",0.2,0.04
-2.44627317497966,2.64061030390539,1,1,"Bean1","Cd74",0.2,0.04
-2.44627317497966,2.64061030390539,1,1,"Ces2g","Cd74",0.2,0.04
-2.44627317497966,2.64061030390539,1,1,"B3gnt9","Cd74",0.2,0.04
-2.44627317497966,2.64061030390539,1,1,"Exoc3l","Cd74",0.2,0.04
-2.44627317497966,2.64061030390539,1,1,"Slc9a5","Cd74",0.2,0.04
-2.44627317497966,2.64061030390539,1,1,"Lrrc36","Cd74",0.2,0.04
-2.44627317497966,2.64061030390539,1,1,"Zdhhc1","Cd74",0.2,0.04
-2.44627317497966,2.64061030390539,1,1,"Carmil2","Cd74",0.2,0.04
-2.44627317497966,2.64061030390539,1,1,"Gm26786","Cd74",0.2,0.04
-2.44627317497966,2.64061030390539,1,1,"Cdh1","Cd74",0.2,0.04
-2.44627317497966,2.64061030390539,1,1,"Tmem170","Cd74",0.2,0.04
-2.44627317497966,2.64061030390539,1,1,"Tmem231","Cd74",0.2,0.04
-2.44627317497966,2.64061030390539,1,1,"Gm45733","Cd74",0.2,0.04
-2.44627317497966,2.64061030390539,1,1,"1700030J22Rik","Cd74",0.2,0.04
-2.44627317497966,2.64061030390539,1,1,"Bco1","Cd74",0.2,0.04
-2.44627317497966,2.64061030390539,1,1,"Gm4316","Cd74",0.2,0.04
-2.44627317497966,2.64061030390539,1,1,"Rhou","Cd74",0.2,0.04
-2.44627317497966,2.64061030390539,1,1,"Gm3488","Cd74",0.2,0.04
-2.44627317497966,2.64061030390539,1,1,"Gm3739","Cd74",0.2,0.04
-2.44627317497966,2.64061030390539,1,1,"Thrb","Cd74",0.2,0.04
-2.44627317497966,2.64061030390539,1,1,"Gm2237","Cd74",0.2,0.04
-2.44627317497966,2.64061030390539,1,1,"Gm30054","Cd74",0.2,0.04
-2.44627317497966,2.64061030390539,1,1,"6230400D17Rik","Cd74",0.2,0.04
-2.44627317497966,2.64061030390539,1,1,"Gm26772","Cd74",0.2,0.04
-2.44627317497966,2.64061030390539,1,1,"Il17rb","Cd74",0.2,0.04
-2.44627317497966,2.64061030390539,1,1,"Sh3bp5","Cd74",0.2,0.04
-2.44627317497966,2.64061030390539,1,1,"Timm23","Cd74",0.2,0.04
-2.44627317497966,2.64061030390539,1,1,"Ccnb1ip1","Cd74",0.2,0.04
-2.44627317497966,2.64061030390539,1,1,"Rnase12","Cd74",0.2,0.04
-2.44627317497966,2.64061030390539,1,1,"Ndrg2","Cd74",0.2,0.04
-2.44627317497966,2.64061030390539,1,1,"Gm49086","Cd74",0.2,0.04
-2.44627317497966,2.64061030390539,1,1,"Sall2","Cd74",0.2,0.04
-2.44627317497966,2.64061030390539,1,1,"Rem2","Cd74",0.2,0.04
-2.44627317497966,2.64061030390539,1,1,"Ajuba","Cd74",0.2,0.04
-2.44627317497966,2.64061030390539,1,1,"Cdh24","Cd74",0.2,0.04
-2.44627317497966,2.64061030390539,1,1,"Tssk4","Cd74",0.2,0.04
-2.44627317497966,2.64061030390539,1,1,"Nynrin","Cd74",0.2,0.04
-2.44627317497966,2.64061030390539,1,1,"Atp8a2","Cd74",0.2,0.04
-2.44627317497966,2.64061030390539,1,1,"Gm5464","Cd74",0.2,0.04
-2.44627317497966,2.64061030390539,1,1,"Loxl2","Cd74",0.2,0.04
-2.44627317497966,2.64061030390539,1,1,"Egr3","Cd74",0.2,0.04
-2.44627317497966,2.64061030390539,1,1,"9930012K11Rik","Cd74",0.2,0.04
-2.44627317497966,2.64061030390539,1,1,"Sorbs3","Cd74",0.2,0.04
-2.44627317497966,2.64061030390539,1,1,"Kctd4","Cd74",0.2,0.04
-2.44627317497966,2.64061030390539,1,1,"Serp2","Cd74",0.2,0.04
-2.44627317497966,2.64061030390539,1,1,"Tnfsf11","Cd74",0.2,0.04
-2.44627317497966,2.64061030390539,1,1,"Spry2","Cd74",0.2,0.04
-2.44627317497966,2.64061030390539,1,1,"Slc15a1","Cd74",0.2,0.04
-2.44627317497966,2.64061030390539,1,1,"Dock9","Cd74",0.2,0.04
-2.44627317497966,2.64061030390539,1,1,"Ggact","Cd74",0.2,0.04
-2.44627317497966,2.64061030390539,1,1,"Trpc6","Cd74",0.2,0.04
-2.44627317497966,2.64061030390539,1,1,"Maml2","Cd74",0.2,0.04
-2.44627317497966,2.64061030390539,1,1,"Olfr77","Cd74",0.2,0.04
-2.44627317497966,2.64061030390539,1,1,"Gm26733","Cd74",0.2,0.04
-2.44627317497966,2.64061030390539,1,1,"Zfp846","Cd74",0.2,0.04
-2.44627317497966,2.64061030390539,1,1,"Icam4","Cd74",0.2,0.04
-2.44627317497966,2.64061030390539,1,1,"Fdx1l","Cd74",0.2,0.04
-2.44627317497966,2.64061030390539,1,1,"Gm16853","Cd74",0.2,0.04
-2.44627317497966,2.64061030390539,1,1,"Epor","Cd74",0.2,0.04
-2.44627317497966,2.64061030390539,1,1,"Ccdc151","Cd74",0.2,0.04
-2.44627317497966,2.64061030390539,1,1,"Eepd1","Cd74",0.2,0.04
-2.44627317497966,2.64061030390539,1,1,"Gm29724","Cd74",0.2,0.04
-2.44627317497966,2.64061030390539,1,1,"Cdon","Cd74",0.2,0.04
-2.44627317497966,2.64061030390539,1,1,"Slc37a2","Cd74",0.2,0.04
-2.44627317497966,2.64061030390539,1,1,"Robo4","Cd74",0.2,0.04
-2.44627317497966,2.64061030390539,1,1,"Esam","Cd74",0.2,0.04
-2.44627317497966,2.64061030390539,1,1,"Nectin1","Cd74",0.2,0.04
-2.44627317497966,2.64061030390539,1,1,"Gm26737","Cd74",0.2,0.04
-2.44627317497966,2.64061030390539,1,1,"Gm10687","Cd74",0.2,0.04
-2.44627317497966,2.64061030390539,1,1,"Gm48604","Cd74",0.2,0.04
-2.44627317497966,2.64061030390539,1,1,"Gm47204","Cd74",0.2,0.04
-2.44627317497966,2.64061030390539,1,1,"Phldb1","Cd74",0.2,0.04
-2.44627317497966,2.64061030390539,1,1,"Ttc36","Cd74",0.2,0.04
-2.44627317497966,2.64061030390539,1,1,"AC061963.1","Cd74",0.2,0.04
-2.44627317497966,2.64061030390539,1,1,"BC049352","Cd74",0.2,0.04
-2.44627317497966,2.64061030390539,1,1,"Gm16536","Cd74",0.2,0.04
-2.44627317497966,2.64061030390539,1,1,"Gm48529","Cd74",0.2,0.04
-2.44627317497966,2.64061030390539,1,1,"Bco2","Cd74",0.2,0.04
-2.44627317497966,2.64061030390539,1,1,"Pih1d2","Cd74",0.2,0.04
-2.44627317497966,2.64061030390539,1,1,"Layn","Cd74",0.2,0.04
-2.44627317497966,2.64061030390539,1,1,"Colca2","Cd74",0.2,0.04
-2.44627317497966,2.64061030390539,1,1,"Kdelc2","Cd74",0.2,0.04
-2.44627317497966,2.64061030390539,1,1,"Dmxl2","Cd74",0.2,0.04
-2.44627317497966,2.64061030390539,1,1,"Man2c1os","Cd74",0.2,0.04
-2.44627317497966,2.64061030390539,1,1,"Ulk3","Cd74",0.2,0.04
-2.44627317497966,2.64061030390539,1,1,"Cyp11a1","Cd74",0.2,0.04
-2.44627317497966,2.64061030390539,1,1,"Gramd2","Cd74",0.2,0.04
-2.44627317497966,2.64061030390539,1,1,"B930082K07Rik","Cd74",0.2,0.04
-2.44627317497966,2.64061030390539,1,1,"Paqr5","Cd74",0.2,0.04
-2.44627317497966,2.64061030390539,1,1,"Coro2b","Cd74",0.2,0.04
-2.44627317497966,2.64061030390539,1,1,"Gm26609","Cd74",0.2,0.04
-2.44627317497966,2.64061030390539,1,1,"Smad6","Cd74",0.2,0.04
-2.44627317497966,2.64061030390539,1,1,"Parp16","Cd74",0.2,0.04
-2.44627317497966,2.64061030390539,1,1,"Dapk2","Cd74",0.2,0.04
-2.44627317497966,2.64061030390539,1,1,"Myo1e","Cd74",0.2,0.04
-2.44627317497966,2.64061030390539,1,1,"Gm27253","Cd74",0.2,0.04
-2.44627317497966,2.64061030390539,1,1,"Gnb5","Cd74",0.2,0.04
-2.44627317497966,2.64061030390539,1,1,"Gm19531","Cd74",0.2,0.04
-2.44627317497966,2.64061030390539,1,1,"Tmod2","Cd74",0.2,0.04
-2.44627317497966,2.64061030390539,1,1,"Ick","Cd74",0.2,0.04
-2.44627317497966,2.64061030390539,1,1,"C920006O11Rik","Cd74",0.2,0.04
-2.44627317497966,2.64061030390539,1,1,"4930429F24Rik","Cd74",0.2,0.04
-2.44627317497966,2.64061030390539,1,1,"Myo6","Cd74",0.2,0.04
-2.44627317497966,2.64061030390539,1,1,"Mei4","Cd74",0.2,0.04
-2.44627317497966,2.64061030390539,1,1,"Gm28424","Cd74",0.2,0.04
-2.44627317497966,2.64061030390539,1,1,"Paqr9","Cd74",0.2,0.04
-2.44627317497966,2.64061030390539,1,1,"BC043934","Cd74",0.2,0.04
-2.44627317497966,2.64061030390539,1,1,"Gm26767","Cd74",0.2,0.04
-2.44627317497966,2.64061030390539,1,1,"Rbp1","Cd74",0.2,0.04
-2.44627317497966,2.64061030390539,1,1,"Acad11","Cd74",0.2,0.04
-2.44627317497966,2.64061030390539,1,1,"Pcbp4","Cd74",0.2,0.04
-2.44627317497966,2.64061030390539,1,1,"Gm37850","Cd74",0.2,0.04
-2.44627317497966,2.64061030390539,1,1,"Gm20661","Cd74",0.2,0.04
-2.44627317497966,2.64061030390539,1,1,"Gm37401","Cd74",0.2,0.04
-2.44627317497966,2.64061030390539,1,1,"P4htm","Cd74",0.2,0.04
-2.44627317497966,2.64061030390539,1,1,"Slc26a6","Cd74",0.2,0.04
-2.44627317497966,2.64061030390539,1,1,"Pth1r","Cd74",0.2,0.04
-2.44627317497966,2.64061030390539,1,1,"Itga9","Cd74",0.2,0.04
-2.44627317497966,2.64061030390539,1,1,"Xylb","Cd74",0.2,0.04
-2.44627317497966,2.64061030390539,1,1,"Gm47320","Cd74",0.2,0.04
-2.44627317497966,2.64061030390539,1,1,"Gm39459","Cd74",0.2,0.04
-2.44627317497966,2.64061030390539,1,1,"Zkscan7","Cd74",0.2,0.04
-2.44627317497966,2.64061030390539,1,1,"Gm17200","Cd74",0.2,0.04
-2.44627317497966,2.64061030390539,1,1,"Cxcr6","Cd74",0.2,0.04
-2.44627317497966,2.64061030390539,1,1,"Ccdc157","Cd74",0.2,0.04
-2.44627317497966,2.64061030390539,1,1,"Hormad2","Cd74",0.2,0.04
-2.44627317497966,2.64061030390539,1,1,"Znrf3","Cd74",0.2,0.04
-2.44627317497966,2.64061030390539,1,1,"Gm11963","Cd74",0.2,0.04
-2.44627317497966,2.64061030390539,1,1,"Abca13","Cd74",0.2,0.04
-2.44627317497966,2.64061030390539,1,1,"Grb10","Cd74",0.2,0.04
-2.44627317497966,2.64061030390539,1,1,"Etaa1os","Cd74",0.2,0.04
-2.44627317497966,2.64061030390539,1,1,"Lgalsl","Cd74",0.2,0.04
-2.44627317497966,2.64061030390539,1,1,"Gm12063","Cd74",0.2,0.04
-2.44627317497966,2.64061030390539,1,1,"5730522E02Rik","Cd74",0.2,0.04
-2.44627317497966,2.64061030390539,1,1,"Eml6","Cd74",0.2,0.04
-2.44627317497966,2.64061030390539,1,1,"Ubtd2","Cd74",0.2,0.04
-2.44627317497966,2.64061030390539,1,1,"Fam71b","Cd74",0.2,0.04
-2.44627317497966,2.64061030390539,1,1,"Gm12185","Cd74",0.2,0.04
-2.44627317497966,2.64061030390539,1,1,"Olfr1388","Cd74",0.2,0.04
-2.44627317497966,2.64061030390539,1,1,"Zfp354c","Cd74",0.2,0.04
-2.44627317497966,2.64061030390539,1,1,"Shroom1","Cd74",0.2,0.04
-2.44627317497966,2.64061030390539,1,1,"Il4","Cd74",0.2,0.04
-2.44627317497966,2.64061030390539,1,1,"4930438A08Rik","Cd74",0.2,0.04
-2.44627317497966,2.64061030390539,1,1,"Myo15","Cd74",0.2,0.04
-2.44627317497966,2.64061030390539,1,1,"Mfsd6l","Cd74",0.2,0.04
-2.44627317497966,2.64061030390539,1,1,"Alox8","Cd74",0.2,0.04
-2.44627317497966,2.64061030390539,1,1,"Atp1b2","Cd74",0.2,0.04
-2.44627317497966,2.64061030390539,1,1,"Tnfsf13os","Cd74",0.2,0.04
-2.44627317497966,2.64061030390539,1,1,"Chrnb1","Cd74",0.2,0.04
-2.44627317497966,2.64061030390539,1,1,"2810408A11Rik","Cd74",0.2,0.04
-2.44627317497966,2.64061030390539,1,1,"Asgr2","Cd74",0.2,0.04
-2.44627317497966,2.64061030390539,1,1,"Rnasek","Cd74",0.2,0.04
-2.44627317497966,2.64061030390539,1,1,"Zmynd15","Cd74",0.2,0.04
-2.44627317497966,2.64061030390539,1,1,"Nlrp1a","Cd74",0.2,0.04
-2.44627317497966,2.64061030390539,1,1,"Nlrp1b","Cd74",0.2,0.04
-2.44627317497966,2.64061030390539,1,1,"Pitpnm3","Cd74",0.2,0.04
-2.44627317497966,2.64061030390539,1,1,"P2rx1","Cd74",0.2,0.04
-2.44627317497966,2.64061030390539,1,1,"P2rx5","Cd74",0.2,0.04
-2.44627317497966,2.64061030390539,1,1,"Gm26836","Cd74",0.2,0.04
-2.44627317497966,2.64061030390539,1,1,"Fam57a","Cd74",0.2,0.04
-2.44627317497966,2.64061030390539,1,1,"Gm10277","Cd74",0.2,0.04
-2.44627317497966,2.64061030390539,1,1,"BC030499","Cd74",0.2,0.04
-2.44627317497966,2.64061030390539,1,1,"Ksr1","Cd74",0.2,0.04
-2.44627317497966,2.64061030390539,1,1,"Cct6b","Cd74",0.2,0.04
-2.44627317497966,2.64061030390539,1,1,"Slfn1","Cd74",0.2,0.04
-2.44627317497966,2.64061030390539,1,1,"Myo19","Cd74",0.2,0.04
-2.44627317497966,2.64061030390539,1,1,"Rad51c","Cd74",0.2,0.04
-2.44627317497966,2.64061030390539,1,1,"Tspoap1","Cd74",0.2,0.04
-2.44627317497966,2.64061030390539,1,1,"Tom1l1","Cd74",0.2,0.04
-2.44627317497966,2.64061030390539,1,1,"Zfp652os","Cd74",0.2,0.04
-2.44627317497966,2.64061030390539,1,1,"Hoxb3os","Cd74",0.2,0.04
-2.44627317497966,2.64061030390539,1,1,"Hoxb2","Cd74",0.2,0.04
-2.44627317497966,2.64061030390539,1,1,"Gm11525","Cd74",0.2,0.04
-2.44627317497966,2.64061030390539,1,1,"Pgap3","Cd74",0.2,0.04
-2.44627317497966,2.64061030390539,1,1,"Gm12359","Cd74",0.2,0.04
-2.44627317497966,2.64061030390539,1,1,"Ccr7","Cd74",0.2,0.04
-2.44627317497966,2.64061030390539,1,1,"Gm11940","Cd74",0.2,0.04
-2.44627317497966,2.64061030390539,1,1,"Klhl11","Cd74",0.2,0.04
-2.44627317497966,2.64061030390539,1,1,"Ttc25","Cd74",0.2,0.04
-2.44627317497966,2.64061030390539,1,1,"Cavin1","Cd74",0.2,0.04
-2.44627317497966,2.64061030390539,1,1,"Cntd1","Cd74",0.2,0.04
-2.44627317497966,2.64061030390539,1,1,"Aoc2","Cd74",0.2,0.04
-2.44627317497966,2.64061030390539,1,1,"Ptges3l","Cd74",0.2,0.04
-2.44627317497966,2.64061030390539,1,1,"Gm26668","Cd74",0.2,0.04
-2.44627317497966,2.64061030390539,1,1,"Myl4","Cd74",0.2,0.04
-2.44627317497966,2.64061030390539,1,1,"Cyb561","Cd74",0.2,0.04
-2.44627317497966,2.64061030390539,1,1,"9930022D16Rik","Cd74",0.2,0.04
-2.44627317497966,2.64061030390539,1,1,"Gm11697","Cd74",0.2,0.04
-2.44627317497966,2.64061030390539,1,1,"Kcnj2","Cd74",0.2,0.04
-2.44627317497966,2.64061030390539,1,1,"Fads6","Cd74",0.2,0.04
-2.44627317497966,2.64061030390539,1,1,"Caskin2","Cd74",0.2,0.04
-2.44627317497966,2.64061030390539,1,1,"Sphk1","Cd74",0.2,0.04
-2.44627317497966,2.64061030390539,1,1,"Tha1","Cd74",0.2,0.04
-2.44627317497966,2.64061030390539,1,1,"Gm26508","Cd74",0.2,0.04
-2.44627317497966,2.64061030390539,1,1,"Slc26a11","Cd74",0.2,0.04
-2.44627317497966,2.64061030390539,1,1,"Gm11770","Cd74",0.2,0.04
-2.44627317497966,2.64061030390539,1,1,"Hgs.1","Cd74",0.2,0.04
-2.44627317497966,2.64061030390539,1,1,"Npb","Cd74",0.2,0.04
-2.44627317497966,2.64061030390539,1,1,"Fn3krp","Cd74",0.2,0.04
-2.44627317497966,2.64061030390539,1,1,"2810429I04Rik","Cd74",0.2,0.04
-2.44627317497966,2.64061030390539,1,1,"Nid1","Cd74",0.2,0.04
-2.44627317497966,2.64061030390539,1,1,"Olfr1369-ps1","Cd74",0.2,0.04
-2.44627317497966,2.64061030390539,1,1,"Nkapl","Cd74",0.2,0.04
-2.44627317497966,2.64061030390539,1,1,"Hist1h2ai","Cd74",0.2,0.04
-2.44627317497966,2.64061030390539,1,1,"Hist1h4k","Cd74",0.2,0.04
-2.44627317497966,2.64061030390539,1,1,"Hist1h2ao","Cd74",0.2,0.04
-2.44627317497966,2.64061030390539,1,1,"Hist1h2bk","Cd74",0.2,0.04
-2.44627317497966,2.64061030390539,1,1,"C230035I16Rik","Cd74",0.2,0.04
-2.44627317497966,2.64061030390539,1,1,"Gm11335","Cd74",0.2,0.04
-2.44627317497966,2.64061030390539,1,1,"Hist1h4f","Cd74",0.2,0.04
-2.44627317497966,2.64061030390539,1,1,"Hist1h3b","Cd74",0.2,0.04
-2.44627317497966,2.64061030390539,1,1,"Hist1h4b","Cd74",0.2,0.04
-2.44627317497966,2.64061030390539,1,1,"Foxc1","Cd74",0.2,0.04
-2.44627317497966,2.64061030390539,1,1,"Gm47754","Cd74",0.2,0.04
-2.44627317497966,2.64061030390539,1,1,"AI463229","Cd74",0.2,0.04
-2.44627317497966,2.64061030390539,1,1,"Dsp","Cd74",0.2,0.04
-2.44627317497966,2.64061030390539,1,1,"Gm28707","Cd74",0.2,0.04
-2.44627317497966,2.64061030390539,1,1,"Tes3-ps","Cd74",0.2,0.04
-2.44627317497966,2.64061030390539,1,1,"Gm47071","Cd74",0.2,0.04
-2.44627317497966,2.64061030390539,1,1,"Klhl3","Cd74",0.2,0.04
-2.44627317497966,2.64061030390539,1,1,"Gm34961","Cd74",0.2,0.04
-2.44627317497966,2.64061030390539,1,1,"Fbp1","Cd74",0.2,0.04
-2.44627317497966,2.64061030390539,1,1,"Gm10767","Cd74",0.2,0.04
-2.44627317497966,2.64061030390539,1,1,"Zfp712","Cd74",0.2,0.04
-2.44627317497966,2.64061030390539,1,1,"Gm28557","Cd74",0.2,0.04
-2.44627317497966,2.64061030390539,1,1,"Rsl1","Cd74",0.2,0.04
-2.44627317497966,2.64061030390539,1,1,"Gm28041","Cd74",0.2,0.04
-2.44627317497966,2.64061030390539,1,1,"Gm48899","Cd74",0.2,0.04
-2.44627317497966,2.64061030390539,1,1,"Zfp85","Cd74",0.2,0.04
-2.44627317497966,2.64061030390539,1,1,"2210408I21Rik","Cd74",0.2,0.04
-2.44627317497966,2.64061030390539,1,1,"Cmya5","Cd74",0.2,0.04
-2.44627317497966,2.64061030390539,1,1,"Gm20075","Cd74",0.2,0.04
-2.44627317497966,2.64061030390539,1,1,"Gm5086","Cd74",0.2,0.04
-2.44627317497966,2.64061030390539,1,1,"Gm26619","Cd74",0.2,0.04
-2.44627317497966,2.64061030390539,1,1,"Gm10320","Cd74",0.2,0.04
-2.44627317497966,2.64061030390539,1,1,"Marveld2","Cd74",0.2,0.04
-2.44627317497966,2.64061030390539,1,1,"Taf9","Cd74",0.2,0.04
-2.44627317497966,2.64061030390539,1,1,"Rgs7bp","Cd74",0.2,0.04
-2.44627317497966,2.64061030390539,1,1,"Rnf180","Cd74",0.2,0.04
-2.44627317497966,2.64061030390539,1,1,"Plk2","Cd74",0.2,0.04
-2.44627317497966,2.64061030390539,1,1,"Ankrd55","Cd74",0.2,0.04
-2.44627317497966,2.64061030390539,1,1,"Gm17509","Cd74",0.2,0.04
-2.44627317497966,2.64061030390539,1,1,"3110070M22Rik","Cd74",0.2,0.04
-2.44627317497966,2.64061030390539,1,1,"Gm36161","Cd74",0.2,0.04
-2.44627317497966,2.64061030390539,1,1,"Kif3c","Cd74",0.2,0.04
-2.44627317497966,2.64061030390539,1,1,"Wdr35","Cd74",0.2,0.04
-2.44627317497966,2.64061030390539,1,1,"Gm48764","Cd74",0.2,0.04
-2.44627317497966,2.64061030390539,1,1,"Gm4419","Cd74",0.2,0.04
-2.44627317497966,2.64061030390539,1,1,"Mboat2","Cd74",0.2,0.04
-2.44627317497966,2.64061030390539,1,1,"Rsad2","Cd74",0.2,0.04
-2.44627317497966,2.64061030390539,1,1,"Sh3yl1","Cd74",0.2,0.04
-2.44627317497966,2.64061030390539,1,1,"D630036H23Rik","Cd74",0.2,0.04
-2.44627317497966,2.64061030390539,1,1,"Gm47376","Cd74",0.2,0.04
-2.44627317497966,2.64061030390539,1,1,"Atl1","Cd74",0.2,0.04
-2.44627317497966,2.64061030390539,1,1,"Frmd6","Cd74",0.2,0.04
-2.44627317497966,2.64061030390539,1,1,"Akap5","Cd74",0.2,0.04
-2.44627317497966,2.64061030390539,1,1,"AC125351.1","Cd74",0.2,0.04
-2.44627317497966,2.64061030390539,1,1,"Acot1","Cd74",0.2,0.04
-2.44627317497966,2.64061030390539,1,1,"Fam161b","Cd74",0.2,0.04
-2.44627317497966,2.64061030390539,1,1,"Pgf","Cd74",0.2,0.04
-2.44627317497966,2.64061030390539,1,1,"4732487G21Rik","Cd74",0.2,0.04
-2.44627317497966,2.64061030390539,1,1,"Dio2","Cd74",0.2,0.04
-2.44627317497966,2.64061030390539,1,1,"Ttc8","Cd74",0.2,0.04
-2.44627317497966,2.64061030390539,1,1,"D130020L05Rik","Cd74",0.2,0.04
-2.44627317497966,2.64061030390539,1,1,"Gm47167","Cd74",0.2,0.04
-2.44627317497966,2.64061030390539,1,1,"D430019H16Rik","Cd74",0.2,0.04
-2.44627317497966,2.64061030390539,1,1,"AC152827.1","Cd74",0.2,0.04
-2.44627317497966,2.64061030390539,1,1,"Gm10425","Cd74",0.2,0.04
-2.44627317497966,2.64061030390539,1,1,"Jag2","Cd74",0.2,0.04
-2.44627317497966,2.64061030390539,1,1,"Wdr60","Cd74",0.2,0.04
-2.44627317497966,2.64061030390539,1,1,"Gm11027","Cd74",0.2,0.04
-2.44627317497966,2.64061030390539,1,1,"Gm48079","Cd74",0.2,0.04
-2.44627317497966,2.64061030390539,1,1,"AC163032.1","Cd74",0.2,0.04
-2.44627317497966,2.64061030390539,1,1,"Rai14","Cd74",0.2,0.04
-2.44627317497966,2.64061030390539,1,1,"Amacr","Cd74",0.2,0.04
-2.44627317497966,2.64061030390539,1,1,"1810049J17Rik","Cd74",0.2,0.04
-2.44627317497966,2.64061030390539,1,1,"Myo10","Cd74",0.2,0.04
-2.44627317497966,2.64061030390539,1,1,"Gm26766","Cd74",0.2,0.04
-2.44627317497966,2.64061030390539,1,1,"Gm49077","Cd74",0.2,0.04
-2.44627317497966,2.64061030390539,1,1,"Fzd6","Cd74",0.2,0.04
-2.44627317497966,2.64061030390539,1,1,"Lrp12","Cd74",0.2,0.04
-2.44627317497966,2.64061030390539,1,1,"Enpp2","Cd74",0.2,0.04
-2.44627317497966,2.64061030390539,1,1,"Sntb1","Cd74",0.2,0.04
-2.44627317497966,2.64061030390539,1,1,"Zhx2","Cd74",0.2,0.04
-2.44627317497966,2.64061030390539,1,1,"Gm17035","Cd74",0.2,0.04
-2.44627317497966,2.64061030390539,1,1,"AC139671.1","Cd74",0.2,0.04
-2.44627317497966,2.64061030390539,1,1,"Ly6i","Cd74",0.2,0.04
-2.44627317497966,2.64061030390539,1,1,"Tigd5","Cd74",0.2,0.04
-2.44627317497966,2.64061030390539,1,1,"Nrbp2","Cd74",0.2,0.04
-2.44627317497966,2.64061030390539,1,1,"AC110211.1","Cd74",0.2,0.04
-2.44627317497966,2.64061030390539,1,1,"Smpd5","Cd74",0.2,0.04
-2.44627317497966,2.64061030390539,1,1,"Oplah","Cd74",0.2,0.04
-2.44627317497966,2.64061030390539,1,1,"Gm35339","Cd74",0.2,0.04
-2.44627317497966,2.64061030390539,1,1,"Kifc2","Cd74",0.2,0.04
-2.44627317497966,2.64061030390539,1,1,"AL589692.1","Cd74",0.2,0.04
-2.44627317497966,2.64061030390539,1,1,"Kctd17","Cd74",0.2,0.04
-2.44627317497966,2.64061030390539,1,1,"AL589670.3","Cd74",0.2,0.04
-2.44627317497966,2.64061030390539,1,1,"Pla2g6","Cd74",0.2,0.04
-2.44627317497966,2.64061030390539,1,1,"Gm16059","Cd74",0.2,0.04
-2.44627317497966,2.64061030390539,1,1,"Nptxr","Cd74",0.2,0.04
-2.44627317497966,2.64061030390539,1,1,"AC147041.1","Cd74",0.2,0.04
-2.44627317497966,2.64061030390539,1,1,"Gm29019","Cd74",0.2,0.04
-2.44627317497966,2.64061030390539,1,1,"Ttll1","Cd74",0.2,0.04
-2.44627317497966,2.64061030390539,1,1,"Gm26798","Cd74",0.2,0.04
-2.44627317497966,2.64061030390539,1,1,"Rabl2","Cd74",0.2,0.04
-2.44627317497966,2.64061030390539,1,1,"Prickle1","Cd74",0.2,0.04
-2.44627317497966,2.64061030390539,1,1,"Endou","Cd74",0.2,0.04
-2.44627317497966,2.64061030390539,1,1,"Vdr","Cd74",0.2,0.04
-2.44627317497966,2.64061030390539,1,1,"Pfkm","Cd74",0.2,0.04
-2.44627317497966,2.64061030390539,1,1,"9330020H09Rik","Cd74",0.2,0.04
-2.44627317497966,2.64061030390539,1,1,"B130046B21Rik","Cd74",0.2,0.04
-2.44627317497966,2.64061030390539,1,1,"Csrnp2","Cd74",0.2,0.04
-2.44627317497966,2.64061030390539,1,1,"A330009N23Rik","Cd74",0.2,0.04
-2.44627317497966,2.64061030390539,1,1,"Gm15879","Cd74",0.2,0.04
-2.44627317497966,2.64061030390539,1,1,"Gm15859","Cd74",0.2,0.04
-2.44627317497966,2.64061030390539,1,1,"Gm16861","Cd74",0.2,0.04
-2.44627317497966,2.64061030390539,1,1,"Tnfrsf17","Cd74",0.2,0.04
-2.44627317497966,2.64061030390539,1,1,"Ypel1","Cd74",0.2,0.04
-2.44627317497966,2.64061030390539,1,1,"Ccdc116","Cd74",0.2,0.04
-2.44627317497966,2.64061030390539,1,1,"Iglc1","Cd74",0.2,0.04
-2.44627317497966,2.64061030390539,1,1,"Clcn2","Cd74",0.2,0.04
-2.44627317497966,2.64061030390539,1,1,"Rtp4","Cd74",0.2,0.04
-2.44627317497966,2.64061030390539,1,1,"P3h2","Cd74",0.2,0.04
-2.44627317497966,2.64061030390539,1,1,"Fgf12","Cd74",0.2,0.04
-2.44627317497966,2.64061030390539,1,1,"Mylk","Cd74",0.2,0.04
-2.44627317497966,2.64061030390539,1,1,"Ildr1","Cd74",0.2,0.04
-2.44627317497966,2.64061030390539,1,1,"Iqcb1","Cd74",0.2,0.04
-2.44627317497966,2.64061030390539,1,1,"Hgd","Cd74",0.2,0.04
-2.44627317497966,2.64061030390539,1,1,"Gramd1c","Cd74",0.2,0.04
-2.44627317497966,2.64061030390539,1,1,"Cd200r3","Cd74",0.2,0.04
-2.44627317497966,2.64061030390539,1,1,"CT025521.2","Cd74",0.2,0.04
-2.44627317497966,2.64061030390539,1,1,"Dcbld2","Cd74",0.2,0.04
-2.44627317497966,2.64061030390539,1,1,"Olfr173","Cd74",0.2,0.04
-2.44627317497966,2.64061030390539,1,1,"Cxadr","Cd74",0.2,0.04
-2.44627317497966,2.64061030390539,1,1,"Btg3","Cd74",0.2,0.04
-2.44627317497966,2.64061030390539,1,1,"Gm15964","Cd74",0.2,0.04
-2.44627317497966,2.64061030390539,1,1,"Sim2","Cd74",0.2,0.04
-2.44627317497966,2.64061030390539,1,1,"AC122413.1","Cd74",0.2,0.04
-2.44627317497966,2.64061030390539,1,1,"Rps6ka2","Cd74",0.2,0.04
-2.44627317497966,2.64061030390539,1,1,"4732491K20Rik","Cd74",0.2,0.04
-2.44627317497966,2.64061030390539,1,1,"Wdr27","Cd74",0.2,0.04
-2.44627317497966,2.64061030390539,1,1,"Gm3435","Cd74",0.2,0.04
-2.44627317497966,2.64061030390539,1,1,"Rgmb","Cd74",0.2,0.04
-2.44627317497966,2.64061030390539,1,1,"9330136K24Rik","Cd74",0.2,0.04
-2.44627317497966,2.64061030390539,1,1,"Gm10226","Cd74",0.2,0.04
-2.44627317497966,2.64061030390539,1,1,"Kremen2","Cd74",0.2,0.04
-2.44627317497966,2.64061030390539,1,1,"9530082P21Rik","Cd74",0.2,0.04
-2.44627317497966,2.64061030390539,1,1,"Flywch2","Cd74",0.2,0.04
-2.44627317497966,2.64061030390539,1,1,"Tbc1d24","Cd74",0.2,0.04
-2.44627317497966,2.64061030390539,1,1,"Abca17","Cd74",0.2,0.04
-2.44627317497966,2.64061030390539,1,1,"Noxo1","Cd74",0.2,0.04
-2.44627317497966,2.64061030390539,1,1,"Gm26694","Cd74",0.2,0.04
-2.44627317497966,2.64061030390539,1,1,"Rab40c","Cd74",0.2,0.04
-2.44627317497966,2.64061030390539,1,1,"Gm8225","Cd74",0.2,0.04
-2.44627317497966,2.64061030390539,1,1,"Gm15420","Cd74",0.2,0.04
-2.44627317497966,2.64061030390539,1,1,"Pacsin1","Cd74",0.2,0.04
-2.44627317497966,2.64061030390539,1,1,"4930539E08Rik","Cd74",0.2,0.04
-2.44627317497966,2.64061030390539,1,1,"Trp53cor1","Cd74",0.2,0.04
-2.44627317497966,2.64061030390539,1,1,"Pi16","Cd74",0.2,0.04
-2.44627317497966,2.64061030390539,1,1,"Ubash3a","Cd74",0.2,0.04
-2.44627317497966,2.64061030390539,1,1,"Zfp763","Cd74",0.2,0.04
-2.44627317497966,2.64061030390539,1,1,"Zfp563","Cd74",0.2,0.04
-2.44627317497966,2.64061030390539,1,1,"Platr17","Cd74",0.2,0.04
-2.44627317497966,2.64061030390539,1,1,"H2-Eb2","Cd74",0.2,0.04
-2.44627317497966,2.64061030390539,1,1,"Ager","Cd74",0.2,0.04
-2.44627317497966,2.64061030390539,1,1,"C4b","Cd74",0.2,0.04
-2.44627317497966,2.64061030390539,1,1,"C2","Cd74",0.2,0.04
-2.44627317497966,2.64061030390539,1,1,"Hspa1b","Cd74",0.2,0.04
-2.44627317497966,2.64061030390539,1,1,"Sapcd1","Cd74",0.2,0.04
-2.44627317497966,2.64061030390539,1,1,"Gm20522","Cd74",0.2,0.04
-2.44627317497966,2.64061030390539,1,1,"Gm17705","Cd74",0.2,0.04
-2.44627317497966,2.64061030390539,1,1,"Psors1c2","Cd74",0.2,0.04
-2.44627317497966,2.64061030390539,1,1,"Ppp1r18os","Cd74",0.2,0.04
-2.44627317497966,2.64061030390539,1,1,"Cyp39a1","Cd74",0.2,0.04
-2.44627317497966,2.64061030390539,1,1,"Enpp5","Cd74",0.2,0.04
-2.44627317497966,2.64061030390539,1,1,"Runx2os2","Cd74",0.2,0.04
-2.44627317497966,2.64061030390539,1,1,"Abcc10","Cd74",0.2,0.04
-2.44627317497966,2.64061030390539,1,1,"Cul9","Cd74",0.2,0.04
-2.44627317497966,2.64061030390539,1,1,"Ptk7","Cd74",0.2,0.04
-2.44627317497966,2.64061030390539,1,1,"Gm20517","Cd74",0.2,0.04
-2.44627317497966,2.64061030390539,1,1,"Frs3","Cd74",0.2,0.04
-2.44627317497966,2.64061030390539,1,1,"9830107B12Rik","Cd74",0.2,0.04
-2.44627317497966,2.64061030390539,1,1,"Tspo2","Cd74",0.2,0.04
-2.44627317497966,2.64061030390539,1,1,"Gm19585","Cd74",0.2,0.04
-2.44627317497966,2.64061030390539,1,1,"Stap2","Cd74",0.2,0.04
-2.44627317497966,2.64061030390539,1,1,"Sema6b","Cd74",0.2,0.04
-2.44627317497966,2.64061030390539,1,1,"1700061G19Rik","Cd74",0.2,0.04
-2.44627317497966,2.64061030390539,1,1,"Gm11110","Cd74",0.2,0.04
-2.44627317497966,2.64061030390539,1,1,"Nudt12","Cd74",0.2,0.04
-2.44627317497966,2.64061030390539,1,1,"Fer","Cd74",0.2,0.04
-2.44627317497966,2.64061030390539,1,1,"Gm20703","Cd74",0.2,0.04
-2.44627317497966,2.64061030390539,1,1,"Ehd3","Cd74",0.2,0.04
-2.44627317497966,2.64061030390539,1,1,"Crim1","Cd74",0.2,0.04
-2.44627317497966,2.64061030390539,1,1,"Gm10093","Cd74",0.2,0.04
-2.44627317497966,2.64061030390539,1,1,"Cdkl4","Cd74",0.2,0.04
-2.44627317497966,2.64061030390539,1,1,"C430042M11Rik","Cd74",0.2,0.04
-2.44627317497966,2.64061030390539,1,1,"1110020A21Rik","Cd74",0.2,0.04
-2.44627317497966,2.64061030390539,1,1,"Camkmt","Cd74",0.2,0.04
-2.44627317497966,2.64061030390539,1,1,"Nrxn1","Cd74",0.2,0.04
-2.44627317497966,2.64061030390539,1,1,"Gm1976","Cd74",0.2,0.04
-2.44627317497966,2.64061030390539,1,1,"Gm26734","Cd74",0.2,0.04
-2.44627317497966,2.64061030390539,1,1,"Gm20939","Cd74",0.2,0.04
-2.44627317497966,2.64061030390539,1,1,"Gm29650","Cd74",0.2,0.04
-2.44627317497966,2.64061030390539,1,1,"Jcad","Cd74",0.2,0.04
-2.44627317497966,2.64061030390539,1,1,"Gm28529","Cd74",0.2,0.04
-2.44627317497966,2.64061030390539,1,1,"Cables1","Cd74",0.2,0.04
-2.44627317497966,2.64061030390539,1,1,"Tmem241","Cd74",0.2,0.04
-2.44627317497966,2.64061030390539,1,1,"Osbpl1a","Cd74",0.2,0.04
-2.44627317497966,2.64061030390539,1,1,"Psma8","Cd74",0.2,0.04
-2.44627317497966,2.64061030390539,1,1,"Kctd1","Cd74",0.2,0.04
-2.44627317497966,2.64061030390539,1,1,"Gm10269","Cd74",0.2,0.04
-2.44627317497966,2.64061030390539,1,1,"Rnf125","Cd74",0.2,0.04
-2.44627317497966,2.64061030390539,1,1,"Sap130","Cd74",0.2,0.04
-2.44627317497966,2.64061030390539,1,1,"Nrep","Cd74",0.2,0.04
-2.44627317497966,2.64061030390539,1,1,"4933408B17Rik","Cd74",0.2,0.04
-2.44627317497966,2.64061030390539,1,1,"2010110K18Rik","Cd74",0.2,0.04
-2.44627317497966,2.64061030390539,1,1,"Sil1","Cd74",0.2,0.04
-2.44627317497966,2.64061030390539,1,1,"Gm28285","Cd74",0.2,0.04
-2.44627317497966,2.64061030390539,1,1,"Dnd1","Cd74",0.2,0.04
-2.44627317497966,2.64061030390539,1,1,"Pcdhgb5","Cd74",0.2,0.04
-2.44627317497966,2.64061030390539,1,1,"Pcdhgb7","Cd74",0.2,0.04
-2.44627317497966,2.64061030390539,1,1,"Rell2","Cd74",0.2,0.04
-2.44627317497966,2.64061030390539,1,1,"Fchsd1","Cd74",0.2,0.04
-2.44627317497966,2.64061030390539,1,1,"Mcc","Cd74",0.2,0.04
-2.44627317497966,2.64061030390539,1,1,"Eno1b","Cd74",0.2,0.04
-2.44627317497966,2.64061030390539,1,1,"Slc12a2","Cd74",0.2,0.04
-2.44627317497966,2.64061030390539,1,1,"Slc27a6","Cd74",0.2,0.04
-2.44627317497966,2.64061030390539,1,1,"Afap1l1","Cd74",0.2,0.04
-2.44627317497966,2.64061030390539,1,1,"Spink10","Cd74",0.2,0.04
-2.44627317497966,2.64061030390539,1,1,"Ldlrad4","Cd74",0.2,0.04
-2.44627317497966,2.64061030390539,1,1,"Stard6","Cd74",0.2,0.04
-2.44627317497966,2.64061030390539,1,1,"Pard6g","Cd74",0.2,0.04
-2.44627317497966,2.64061030390539,1,1,"Dok6","Cd74",0.2,0.04
-2.44627317497966,2.64061030390539,1,1,"Gm17552","Cd74",0.2,0.04
-2.44627317497966,2.64061030390539,1,1,"Ctsw","Cd74",0.2,0.04
-2.44627317497966,2.64061030390539,1,1,"Gm10814","Cd74",0.2,0.04
-2.44627317497966,2.64061030390539,1,1,"1810009A15Rik","Cd74",0.2,0.04
-2.44627317497966,2.64061030390539,1,1,"Pcna-ps2","Cd74",0.2,0.04
-2.44627317497966,2.64061030390539,1,1,"Cd6","Cd74",0.2,0.04
-2.44627317497966,2.64061030390539,1,1,"Gna14","Cd74",0.2,0.04
-2.44627317497966,2.64061030390539,1,1,"Insl6","Cd74",0.2,0.04
-2.44627317497966,2.64061030390539,1,1,"Prkg1","Cd74",0.2,0.04
-2.44627317497966,2.64061030390539,1,1,"Htr7","Cd74",0.2,0.04
-2.44627317497966,2.64061030390539,1,1,"Dntt","Cd74",0.2,0.04
-2.44627317497966,2.64061030390539,1,1,"Rrp12","Cd74",0.2,0.04
-2.44627317497966,2.64061030390539,1,1,"Nkx2-3","Cd74",0.2,0.04
-2.44627317497966,2.64061030390539,1,1,"Lzts2","Cd74",0.2,0.04
-2.44627317497966,2.64061030390539,1,1,"Gm26792","Cd74",0.2,0.04
-2.44627317497966,2.64061030390539,1,1,"2310034G01Rik","Cd74",0.2,0.04
-2.44627317497966,2.64061030390539,1,1,"Gpam","Cd74",0.2,0.04
-2.44627317497966,2.64061030390539,1,1,"Tmlhe","Cd74",0.2,0.04
-0.832299654167206,4.68208260642714,1,1,"Cops7b","Cd74",0.2,0.04
-0.832299654167206,4.68208260642714,1,1,"Psd4","Cd74",0.2,0.04
-0.832299654167206,4.68208260642714,1,1,"Spout1","Cd74",0.2,0.04
-0.832299654167206,4.68208260642714,1,1,"Golga2","Cd74",0.2,0.04
-0.832299654167206,4.68208260642714,1,1,"Kynu","Cd74",0.2,0.04
-0.832299654167206,4.68208260642714,1,1,"Galk2","Cd74",0.2,0.04
-0.832299654167206,4.68208260642714,1,1,"Zfp120","Cd74",0.2,0.04
-0.832299654167206,4.68208260642714,1,1,"Pygb","Cd74",0.2,0.04
-0.832299654167206,4.68208260642714,1,1,"Ndrg3","Cd74",0.2,0.04
-0.832299654167206,4.68208260642714,1,1,"Apoo","Cd74",0.2,0.04
-0.832299654167206,4.68208260642714,1,1,"Yipf6","Cd74",0.2,0.04
-0.832299654167206,4.68208260642714,1,1,"Ctps2","Cd74",0.2,0.04
-0.832299654167206,4.68208260642714,1,1,"Siah2","Cd74",0.2,0.04
-0.832299654167206,4.68208260642714,1,1,"Rit1","Cd74",0.2,0.04
-0.832299654167206,4.68208260642714,1,1,"Mllt11","Cd74",0.2,0.04
-0.832299654167206,4.68208260642714,1,1,"Txndc12","Cd74",0.2,0.04
-0.832299654167206,4.68208260642714,1,1,"Vps13d","Cd74",0.2,0.04
-0.832299654167206,4.68208260642714,1,1,"Slc4a1ap","Cd74",0.2,0.04
-0.832299654167206,4.68208260642714,1,1,"Noc4l","Cd74",0.2,0.04
-0.832299654167206,4.68208260642714,1,1,"Nipsnap2","Cd74",0.2,0.04
-0.832299654167206,4.68208260642714,1,1,"Zc3hc1","Cd74",0.2,0.04
-0.832299654167206,4.68208260642714,1,1,"Zfp444","Cd74",0.2,0.04
-0.832299654167206,4.68208260642714,1,1,"Clasrp","Cd74",0.2,0.04
-0.832299654167206,4.68208260642714,1,1,"Pgm2l1","Cd74",0.2,0.04
-0.832299654167206,4.68208260642714,1,1,"Cep290","Cd74",0.2,0.04
-0.832299654167206,4.68208260642714,1,1,"A430078G23Rik","Cd74",0.2,0.04
-0.832299654167206,4.68208260642714,1,1,"Cul4a","Cd74",0.2,0.04
-0.832299654167206,4.68208260642714,1,1,"Vps37a","Cd74",0.2,0.04
-0.832299654167206,4.68208260642714,1,1,"Tk2","Cd74",0.2,0.04
-0.832299654167206,4.68208260642714,1,1,"Saysd1","Cd74",0.2,0.04
-0.832299654167206,4.68208260642714,1,1,"Ift46","Cd74",0.2,0.04
-0.832299654167206,4.68208260642714,1,1,"Snx22","Cd74",0.2,0.04
-0.832299654167206,4.68208260642714,1,1,"Ip6k1","Cd74",0.2,0.04
-0.832299654167206,4.68208260642714,1,1,"Fbxw11","Cd74",0.2,0.04
-0.832299654167206,4.68208260642714,1,1,"Mnt","Cd74",0.2,0.04
-0.832299654167206,4.68208260642714,1,1,"Prr11","Cd74",0.2,0.04
-0.832299654167206,4.68208260642714,1,1,"Mmd","Cd74",0.2,0.04
-0.832299654167206,4.68208260642714,1,1,"Ezh1","Cd74",0.2,0.04
-0.832299654167206,4.68208260642714,1,1,"Nbr1","Cd74",0.2,0.04
-0.832299654167206,4.68208260642714,1,1,"Pitrm1","Cd74",0.2,0.04
-0.832299654167206,4.68208260642714,1,1,"Mrs2","Cd74",0.2,0.04
-0.832299654167206,4.68208260642714,1,1,"F13a1","Cd74",0.2,0.04
-0.832299654167206,4.68208260642714,1,1,"Pole2","Cd74",0.2,0.04
-0.832299654167206,4.68208260642714,1,1,"Nek9","Cd74",0.2,0.04
-0.832299654167206,4.68208260642714,1,1,"Gon7","Cd74",0.2,0.04
-0.832299654167206,4.68208260642714,1,1,"Nadk2","Cd74",0.2,0.04
-0.832299654167206,4.68208260642714,1,1,"Pphln1","Cd74",0.2,0.04
-0.832299654167206,4.68208260642714,1,1,"Snap29","Cd74",0.2,0.04
-0.832299654167206,4.68208260642714,1,1,"Tbl3","Cd74",0.2,0.04
-0.832299654167206,4.68208260642714,1,1,"Pex6","Cd74",0.2,0.04
-0.832299654167206,4.68208260642714,1,1,"3110002H16Rik","Cd74",0.2,0.04
-0.832299654167206,4.68208260642714,1,1,"Vegfb","Cd74",0.2,0.04
-0.740521744641777,4.61628364894305,1,1,"Pigm","Cd74",0.2,0.04
-0.740521744641777,4.61628364894305,1,1,"Pnpla7","Cd74",0.2,0.04
-0.740521744641777,4.61628364894305,1,1,"Ssfa2","Cd74",0.2,0.04
-0.740521744641777,4.61628364894305,1,1,"Cdan1","Cd74",0.2,0.04
-0.740521744641777,4.61628364894305,1,1,"Mfsd1","Cd74",0.2,0.04
-0.740521744641777,4.61628364894305,1,1,"Polr3gl","Cd74",0.2,0.04
-0.740521744641777,4.61628364894305,1,1,"Gstm5","Cd74",0.2,0.04
-0.740521744641777,4.61628364894305,1,1,"Agl","Cd74",0.2,0.04
-0.740521744641777,4.61628364894305,1,1,"Mms22l","Cd74",0.2,0.04
-0.740521744641777,4.61628364894305,1,1,"Tex10","Cd74",0.2,0.04
-0.740521744641777,4.61628364894305,1,1,"Ugcg","Cd74",0.2,0.04
-0.740521744641777,4.61628364894305,1,1,"Fastk","Cd74",0.2,0.04
-0.740521744641777,4.61628364894305,1,1,"Stx2","Cd74",0.2,0.04
-0.740521744641777,4.61628364894305,1,1,"Mcee","Cd74",0.2,0.04
-0.740521744641777,4.61628364894305,1,1,"Sema4b","Cd74",0.2,0.04
-0.740521744641777,4.61628364894305,1,1,"Rabep2","Cd74",0.2,0.04
-0.740521744641777,4.61628364894305,1,1,"Nup43","Cd74",0.2,0.04
-0.740521744641777,4.61628364894305,1,1,"Cpne2","Cd74",0.2,0.04
-0.740521744641777,4.61628364894305,1,1,"Wwox","Cd74",0.2,0.04
-0.740521744641777,4.61628364894305,1,1,"Styx","Cd74",0.2,0.04
-0.740521744641777,4.61628364894305,1,1,"Sacs","Cd74",0.2,0.04
-0.740521744641777,4.61628364894305,1,1,"Cep162","Cd74",0.2,0.04
-0.740521744641777,4.61628364894305,1,1,"Sacm1l","Cd74",0.2,0.04
-0.740521744641777,4.61628364894305,1,1,"Ascc2","Cd74",0.2,0.04
-0.740521744641777,4.61628364894305,1,1,"Mpg","Cd74",0.2,0.04
-0.740521744641777,4.61628364894305,1,1,"Zfp672","Cd74",0.2,0.04
-0.740521744641777,4.61628364894305,1,1,"Eme1","Cd74",0.2,0.04
-0.740521744641777,4.61628364894305,1,1,"Phb","Cd74",0.2,0.04
-0.740521744641777,4.61628364894305,1,1,"Tubg1","Cd74",0.2,0.04
-0.740521744641777,4.61628364894305,1,1,"Tmem170b","Cd74",0.2,0.04
-0.740521744641777,4.61628364894305,1,1,"Sptlc1","Cd74",0.2,0.04
-0.740521744641777,4.61628364894305,1,1,"Ptdss1","Cd74",0.2,0.04
-0.740521744641777,4.61628364894305,1,1,"Adi1","Cd74",0.2,0.04
-0.740521744641777,4.61628364894305,1,1,"Ebag9","Cd74",0.2,0.04
-0.740521744641777,4.61628364894305,1,1,"Slc52a2","Cd74",0.2,0.04
-0.740521744641777,4.61628364894305,1,1,"Gm20324","Cd74",0.2,0.04
-0.740521744641777,4.61628364894305,1,1,"Tmem39a","Cd74",0.2,0.04
-0.740521744641777,4.61628364894305,1,1,"Cmss1","Cd74",0.2,0.04
-0.740521744641777,4.61628364894305,1,1,"Tmem181a","Cd74",0.2,0.04
-0.740521744641777,4.61628364894305,1,1,"Pkd1","Cd74",0.2,0.04
-0.740521744641777,4.61628364894305,1,1,"Capn15","Cd74",0.2,0.04
-0.740521744641777,4.61628364894305,1,1,"Dnah8","Cd74",0.2,0.04
-0.740521744641777,4.61628364894305,1,1,"Pik3c3","Cd74",0.2,0.04
-0.740521744641777,4.61628364894305,1,1,"Kat5","Cd74",0.2,0.04
-0.740521744641777,4.61628364894305,1,1,"Zfp518a","Cd74",0.2,0.04
-0.740521744641777,4.61628364894305,1,1,"Taf5","Cd74",0.2,0.04
-0.740521744641777,4.61628364894305,1,1,"Cacul1","Cd74",0.2,0.04
-0.642506276294933,4.54695265357482,1,1,"Prim2","Cd74",0.2,0.04
-0.642506276294933,4.54695265357482,1,1,"Tmem250-ps","Cd74",0.2,0.04
-0.642506276294933,4.54695265357482,1,1,"Ier5l","Cd74",0.2,0.04
-0.642506276294933,4.54695265357482,1,1,"Ntmt1","Cd74",0.2,0.04
-0.642506276294933,4.54695265357482,1,1,"Fam102a","Cd74",0.2,0.04
-0.642506276294933,4.54695265357482,1,1,"Arl5a","Cd74",0.2,0.04
-0.642506276294933,4.54695265357482,1,1,"Phf21a","Cd74",0.2,0.04
-0.642506276294933,4.54695265357482,1,1,"Actr5","Cd74",0.2,0.04
-0.642506276294933,4.54695265357482,1,1,"Bclaf3","Cd74",0.2,0.04
-0.642506276294933,4.54695265357482,1,1,"Lrrc42","Cd74",0.2,0.04
-0.642506276294933,4.54695265357482,1,1,"Dmap1","Cd74",0.2,0.04
-0.642506276294933,4.54695265357482,1,1,"AU040320","Cd74",0.2,0.04
-0.642506276294933,4.54695265357482,1,1,"Rnf19b","Cd74",0.2,0.04
-0.642506276294933,4.54695265357482,1,1,"Gpn2","Cd74",0.2,0.04
-0.642506276294933,4.54695265357482,1,1,"Gale","Cd74",0.2,0.04
-0.642506276294933,4.54695265357482,1,1,"Luzp1","Cd74",0.2,0.04
-0.642506276294933,4.54695265357482,1,1,"Cd36","Cd74",0.2,0.04
-0.642506276294933,4.54695265357482,1,1,"Cdk5","Cd74",0.2,0.04
-0.642506276294933,4.54695265357482,1,1,"Gatc","Cd74",0.2,0.04
-0.642506276294933,4.54695265357482,1,1,"Mtif3","Cd74",0.2,0.04
-0.642506276294933,4.54695265357482,1,1,"Ing3","Cd74",0.2,0.04
-0.642506276294933,4.54695265357482,1,1,"Lilra6","Cd74",0.2,0.04
-0.642506276294933,4.54695265357482,1,1,"Lsr","Cd74",0.2,0.04
-0.642506276294933,4.54695265357482,1,1,"Cog7","Cd74",0.2,0.04
-0.642506276294933,4.54695265357482,1,1,"Nfatc2ip","Cd74",0.2,0.04
-0.642506276294933,4.54695265357482,1,1,"Kctd13","Cd74",0.2,0.04
-0.642506276294933,4.54695265357482,1,1,"Slc25a22","Cd74",0.2,0.04
-0.642506276294933,4.54695265357482,1,1,"1700021F05Rik","Cd74",0.2,0.04
-0.642506276294933,4.54695265357482,1,1,"Pdxk","Cd74",0.2,0.04
-0.642506276294933,4.54695265357482,1,1,"Tdg","Cd74",0.2,0.04
-0.642506276294933,4.54695265357482,1,1,"Ints10","Cd74",0.2,0.04
-0.642506276294933,4.54695265357482,1,1,"Arrdc2","Cd74",0.2,0.04
-0.642506276294933,4.54695265357482,1,1,"Ranbp10","Cd74",0.2,0.04
-0.642506276294933,4.54695265357482,1,1,"Edc4","Cd74",0.2,0.04
-0.642506276294933,4.54695265357482,1,1,"Gch1","Cd74",0.2,0.04
-0.642506276294933,4.54695265357482,1,1,"Zmym2","Cd74",0.2,0.04
-0.642506276294933,4.54695265357482,1,1,"Lats2","Cd74",0.2,0.04
-0.642506276294933,4.54695265357482,1,1,"Vps26b","Cd74",0.2,0.04
-0.642506276294933,4.54695265357482,1,1,"Sc5d","Cd74",0.2,0.04
-0.642506276294933,4.54695265357482,1,1,"Edc3","Cd74",0.2,0.04
-0.642506276294933,4.54695265357482,1,1,"Ttk","Cd74",0.2,0.04
-0.642506276294933,4.54695265357482,1,1,"Irf1","Cd74",0.2,0.04
-0.642506276294933,4.54695265357482,1,1,"Cntrob","Cd74",0.2,0.04
-0.642506276294933,4.54695265357482,1,1,"Rpain","Cd74",0.2,0.04
-0.642506276294933,4.54695265357482,1,1,"Nf1","Cd74",0.2,0.04
-0.642506276294933,4.54695265357482,1,1,"Trim37","Cd74",0.2,0.04
-0.642506276294933,4.54695265357482,1,1,"Snx11","Cd74",0.2,0.04
-0.642506276294933,4.54695265357482,1,1,"Gm11772","Cd74",0.2,0.04
-0.642506276294933,4.54695265357482,1,1,"Dus1l","Cd74",0.2,0.04
-0.642506276294933,4.54695265357482,1,1,"Zfyve16","Cd74",0.2,0.04
-0.642506276294933,4.54695265357482,1,1,"Cwc27","Cd74",0.2,0.04
-0.642506276294933,4.54695265357482,1,1,"Hdac9","Cd74",0.2,0.04
-0.642506276294933,4.54695265357482,1,1,"Dscc1","Cd74",0.2,0.04
-0.642506276294933,4.54695265357482,1,1,"Mzt2","Cd74",0.2,0.04
-0.642506276294933,4.54695265357482,1,1,"Cramp1l","Cd74",0.2,0.04
-0.642506276294933,4.54695265357482,1,1,"Wdr46","Cd74",0.2,0.04
-0.642506276294933,4.54695265357482,1,1,"B3galt4","Cd74",0.2,0.04
-0.642506276294933,4.54695265357482,1,1,"Srf","Cd74",0.2,0.04
-0.642506276294933,4.54695265357482,1,1,"Bysl","Cd74",0.2,0.04
-0.642506276294933,4.54695265357482,1,1,"Pot1b","Cd74",0.2,0.04
-0.642506276294933,4.54695265357482,1,1,"B4gat1","Cd74",0.2,0.04
-0.642506276294933,4.54695265357482,1,1,"Casp7","Cd74",0.2,0.04
0.558193175108544,4.52325730239377,1,1,"Fcrla","Cd74",0.2,0.04
0.558193175108544,4.52325730239377,1,1,"Trub2","Cd74",0.2,0.04
0.558193175108544,4.52325730239377,1,1,"Clp1","Cd74",0.2,0.04
0.558193175108544,4.52325730239377,1,1,"Ncoa5","Cd74",0.2,0.04
0.558193175108544,4.52325730239377,1,1,"1110012L19Rik","Cd74",0.2,0.04
0.558193175108544,4.52325730239377,1,1,"Pja1","Cd74",0.2,0.04
0.558193175108544,4.52325730239377,1,1,"Chm","Cd74",0.2,0.04
0.558193175108544,4.52325730239377,1,1,"Cenpi","Cd74",0.2,0.04
0.558193175108544,4.52325730239377,1,1,"Ubqln2","Cd74",0.2,0.04
0.558193175108544,4.52325730239377,1,1,"Ofd1","Cd74",0.2,0.04
0.558193175108544,4.52325730239377,1,1,"Nhlrc3","Cd74",0.2,0.04
0.558193175108544,4.52325730239377,1,1,"Clk2","Cd74",0.2,0.04
0.558193175108544,4.52325730239377,1,1,"Trmt10a","Cd74",0.2,0.04
0.558193175108544,4.52325730239377,1,1,"Usp33","Cd74",0.2,0.04
0.558193175108544,4.52325730239377,1,1,"Zbtb5","Cd74",0.2,0.04
0.558193175108544,4.52325730239377,1,1,"Jun","Cd74",0.2,0.04
0.558193175108544,4.52325730239377,1,1,"Inpp5b","Cd74",0.2,0.04
0.558193175108544,4.52325730239377,1,1,"Ldlrap1","Cd74",0.2,0.04
0.558193175108544,4.52325730239377,1,1,"Tmub1","Cd74",0.2,0.04
0.558193175108544,4.52325730239377,1,1,"Por","Cd74",0.2,0.04
0.558193175108544,4.52325730239377,1,1,"Eml2","Cd74",0.2,0.04
0.558193175108544,4.52325730239377,1,1,"Palb2","Cd74",0.2,0.04
0.558193175108544,4.52325730239377,1,1,"Spns1","Cd74",0.2,0.04
0.558193175108544,4.52325730239377,1,1,"Srcap","Cd74",0.2,0.04
0.558193175108544,4.52325730239377,1,1,"Ccdc6","Cd74",0.2,0.04
0.558193175108544,4.52325730239377,1,1,"Cog4","Cd74",0.2,0.04
0.558193175108544,4.52325730239377,1,1,"Slc25a37","Cd74",0.2,0.04
0.558193175108544,4.52325730239377,1,1,"Ube2q2","Cd74",0.2,0.04
0.558193175108544,4.52325730239377,1,1,"Mmgt2","Cd74",0.2,0.04
0.558193175108544,4.52325730239377,1,1,"Rad51d","Cd74",0.2,0.04
0.558193175108544,4.52325730239377,1,1,"Icam2","Cd74",0.2,0.04
0.558193175108544,4.52325730239377,1,1,"Cep95","Cd74",0.2,0.04
0.558193175108544,4.52325730239377,1,1,"Nat9","Cd74",0.2,0.04
0.558193175108544,4.52325730239377,1,1,"Ercc6l2","Cd74",0.2,0.04
0.558193175108544,4.52325730239377,1,1,"Ankra2","Cd74",0.2,0.04
0.558193175108544,4.52325730239377,1,1,"Trio","Cd74",0.2,0.04
0.558193175108544,4.52325730239377,1,1,"Tatdn1","Cd74",0.2,0.04
0.558193175108544,4.52325730239377,1,1,"Tmem184b","Cd74",0.2,0.04
0.558193175108544,4.52325730239377,1,1,"Pim3","Cd74",0.2,0.04
0.558193175108544,4.52325730239377,1,1,"Hdac10","Cd74",0.2,0.04
0.558193175108544,4.52325730239377,1,1,"D16Ertd472e","Cd74",0.2,0.04
0.558193175108544,4.52325730239377,1,1,"Hagh","Cd74",0.2,0.04
0.558193175108544,4.52325730239377,1,1,"Fbxo11","Cd74",0.2,0.04
0.558193175108544,4.52325730239377,1,1,"Adnp2","Cd74",0.2,0.04
-0.537343167114459,4.47370159373884,1,1,"Ercc5","Cd74",0.2,0.04
-0.537343167114459,4.47370159373884,1,1,"Lancl1","Cd74",0.2,0.04
-0.537343167114459,4.47370159373884,1,1,"Ptpn4","Cd74",0.2,0.04
-0.537343167114459,4.47370159373884,1,1,"Stam","Cd74",0.2,0.04
-0.537343167114459,4.47370159373884,1,1,"Zmynd19","Cd74",0.2,0.04
-0.537343167114459,4.47370159373884,1,1,"Egfl7","Cd74",0.2,0.04
-0.537343167114459,4.47370159373884,1,1,"Alkbh3","Cd74",0.2,0.04
-0.537343167114459,4.47370159373884,1,1,"Hdc","Cd74",0.2,0.04
-0.537343167114459,4.47370159373884,1,1,"Cst7","Cd74",0.2,0.04
-0.537343167114459,4.47370159373884,1,1,"Pofut1","Cd74",0.2,0.04
-0.537343167114459,4.47370159373884,1,1,"Rbm12","Cd74",0.2,0.04
-0.537343167114459,4.47370159373884,1,1,"Atp8b2","Cd74",0.2,0.04
-0.537343167114459,4.47370159373884,1,1,"Tars2","Cd74",0.2,0.04
-0.537343167114459,4.47370159373884,1,1,"Tmem68","Cd74",0.2,0.04
-0.537343167114459,4.47370159373884,1,1,"Usp24","Cd74",0.2,0.04
-0.537343167114459,4.47370159373884,1,1,"Mast2","Cd74",0.2,0.04
-0.537343167114459,4.47370159373884,1,1,"Slc2a1","Cd74",0.2,0.04
-0.537343167114459,4.47370159373884,1,1,"Plekhm2","Cd74",0.2,0.04
-0.537343167114459,4.47370159373884,1,1,"Usp46","Cd74",0.2,0.04
-0.537343167114459,4.47370159373884,1,1,"Pgam5","Cd74",0.2,0.04
-0.537343167114459,4.47370159373884,1,1,"Hip1r","Cd74",0.2,0.04
-0.537343167114459,4.47370159373884,1,1,"Ptcd1","Cd74",0.2,0.04
-0.537343167114459,4.47370159373884,1,1,"Eps8","Cd74",0.2,0.04
-0.537343167114459,4.47370159373884,1,1,"Ppfibp1","Cd74",0.2,0.04
-0.537343167114459,4.47370159373884,1,1,"Ipo8","Cd74",0.2,0.04
-0.537343167114459,4.47370159373884,1,1,"Atg16l2","Cd74",0.2,0.04
-0.537343167114459,4.47370159373884,1,1,"Trim5","Cd74",0.2,0.04
-0.537343167114459,4.47370159373884,1,1,"Rnf40","Cd74",0.2,0.04
-0.537343167114459,4.47370159373884,1,1,"Setd1a","Cd74",0.2,0.04
-0.537343167114459,4.47370159373884,1,1,"Deaf1","Cd74",0.2,0.04
-0.537343167114459,4.47370159373884,1,1,"Scyl2","Cd74",0.2,0.04
-0.537343167114459,4.47370159373884,1,1,"Snapc2","Cd74",0.2,0.04
-0.537343167114459,4.47370159373884,1,1,"Hgsnat","Cd74",0.2,0.04
-0.537343167114459,4.47370159373884,1,1,"Nr2f6","Cd74",0.2,0.04
-0.537343167114459,4.47370159373884,1,1,"Disc1","Cd74",0.2,0.04
-0.537343167114459,4.47370159373884,1,1,"Glt8d1","Cd74",0.2,0.04
-0.537343167114459,4.47370159373884,1,1,"Ero1l","Cd74",0.2,0.04
-0.537343167114459,4.47370159373884,1,1,"Tmem260","Cd74",0.2,0.04
-0.537343167114459,4.47370159373884,1,1,"Rcbtb1","Cd74",0.2,0.04
-0.537343167114459,4.47370159373884,1,1,"Msantd2","Cd74",0.2,0.04
-0.537343167114459,4.47370159373884,1,1,"Vps11","Cd74",0.2,0.04
-0.537343167114459,4.47370159373884,1,1,"Rnf214","Cd74",0.2,0.04
-0.537343167114459,4.47370159373884,1,1,"Mapk6","Cd74",0.2,0.04
-0.537343167114459,4.47370159373884,1,1,"Poc1a","Cd74",0.2,0.04
-0.537343167114459,4.47370159373884,1,1,"Rtn4rl1","Cd74",0.2,0.04
-0.537343167114459,4.47370159373884,1,1,"Nxn","Cd74",0.2,0.04
-0.537343167114459,4.47370159373884,1,1,"Wdr37","Cd74",0.2,0.04
-0.537343167114459,4.47370159373884,1,1,"Hist1h1a","Cd74",0.2,0.04
-0.537343167114459,4.47370159373884,1,1,"Ice1","Cd74",0.2,0.04
-0.537343167114459,4.47370159373884,1,1,"Rnf144a","Cd74",0.2,0.04
-0.537343167114459,4.47370159373884,1,1,"Klhl28","Cd74",0.2,0.04
-0.537343167114459,4.47370159373884,1,1,"Sos2","Cd74",0.2,0.04
-0.537343167114459,4.47370159373884,1,1,"Snapc1","Cd74",0.2,0.04
-0.537343167114459,4.47370159373884,1,1,"Itpk1","Cd74",0.2,0.04
-0.537343167114459,4.47370159373884,1,1,"Cdpf1","Cd74",0.2,0.04
-0.537343167114459,4.47370159373884,1,1,"Hdac7","Cd74",0.2,0.04
-0.537343167114459,4.47370159373884,1,1,"Txnrd2","Cd74",0.2,0.04
-0.537343167114459,4.47370159373884,1,1,"Tmem8","Cd74",0.2,0.04
-0.537343167114459,4.47370159373884,1,1,"Skiv2l","Cd74",0.2,0.04
-0.537343167114459,4.47370159373884,1,1,"Cchcr1","Cd74",0.2,0.04
-0.537343167114459,4.47370159373884,1,1,"Enpp4","Cd74",0.2,0.04
-0.537343167114459,4.47370159373884,1,1,"Prkce","Cd74",0.2,0.04
-0.537343167114459,4.47370159373884,1,1,"Mcfd2","Cd74",0.2,0.04
-0.537343167114459,4.47370159373884,1,1,"Map3k2","Cd74",0.2,0.04
-0.537343167114459,4.47370159373884,1,1,"Fam13b","Cd74",0.2,0.04
-0.537343167114459,4.47370159373884,1,1,"Cd226","Cd74",0.2,0.04
-0.537343167114459,4.47370159373884,1,1,"Apba1","Cd74",0.2,0.04
-0.537343167114459,4.47370159373884,1,1,"Pank1","Cd74",0.2,0.04
-0.537343167114459,4.47370159373884,1,1,"Pdlim1","Cd74",0.2,0.04
-0.537343167114459,4.47370159373884,1,1,"Lcor","Cd74",0.2,0.04
-0.537343167114459,4.47370159373884,1,1,"Entpd7","Cd74",0.2,0.04
-0.30417086604935,5.11207466661777,1,1,"Rnf2","Cd74",0.2,0.04
-0.30417086604935,5.11207466661777,1,1,"Alyref2","Cd74",0.2,0.04
-0.30417086604935,5.11207466661777,1,1,"Notch1","Cd74",0.2,0.04
-0.30417086604935,5.11207466661777,1,1,"Rbm43","Cd74",0.2,0.04
-0.30417086604935,5.11207466661777,1,1,"Slc43a3","Cd74",0.2,0.04
-0.30417086604935,5.11207466661777,1,1,"Nbdy","Cd74",0.2,0.04
-0.30417086604935,5.11207466661777,1,1,"Rprd2","Cd74",0.2,0.04
-0.30417086604935,5.11207466661777,1,1,"Slc25a24","Cd74",0.2,0.04
-0.30417086604935,5.11207466661777,1,1,"Noa1","Cd74",0.2,0.04
-0.30417086604935,5.11207466661777,1,1,"Lin54","Cd74",0.2,0.04
-0.30417086604935,5.11207466661777,1,1,"Pus1","Cd74",0.2,0.04
-0.30417086604935,5.11207466661777,1,1,"Zcchc8","Cd74",0.2,0.04
-0.30417086604935,5.11207466661777,1,1,"Osbpl3","Cd74",0.2,0.04
-0.30417086604935,5.11207466661777,1,1,"Kmt5c","Cd74",0.2,0.04
-0.30417086604935,5.11207466661777,1,1,"Whamm","Cd74",0.2,0.04
-0.30417086604935,5.11207466661777,1,1,"Ocel1","Cd74",0.2,0.04
-0.30417086604935,5.11207466661777,1,1,"Rb1","Cd74",0.2,0.04
-0.30417086604935,5.11207466661777,1,1,"Rap2a","Cd74",0.2,0.04
-0.30417086604935,5.11207466661777,1,1,"Tle3","Cd74",0.2,0.04
-0.30417086604935,5.11207466661777,1,1,"Pttg1","Cd74",0.2,0.04
-0.30417086604935,5.11207466661777,1,1,"Fam208b","Cd74",0.2,0.04
-0.30417086604935,5.11207466661777,1,1,"Fam193b","Cd74",0.2,0.04
-0.30417086604935,5.11207466661777,1,1,"Oxr1","Cd74",0.2,0.04
-0.30417086604935,5.11207466661777,1,1,"Ndrg1","Cd74",0.2,0.04
-0.30417086604935,5.11207466661777,1,1,"Riox2","Cd74",0.2,0.04
-0.30417086604935,5.11207466661777,1,1,"Gabpa","Cd74",0.2,0.04
-0.30417086604935,5.11207466661777,1,1,"Treml2","Cd74",0.2,0.04
-0.30417086604935,5.11207466661777,1,1,"Tbc1d5","Cd74",0.2,0.04
-0.30417086604935,5.11207466661777,1,1,"Isoc1","Cd74",0.2,0.04
0.224569179375773,5.90517500933432,1,1,"Supt20","Cd74",0.2,0.04
0.224569179375773,5.90517500933432,1,1,"Ptpn11","Cd74",0.2,0.04
0.224569179375773,5.90517500933432,1,1,"Bet1","Cd74",0.2,0.04
0.224569179375773,5.90517500933432,1,1,"Nr2c2","Cd74",0.2,0.04
0.224569179375773,5.90517500933432,1,1,"Ing4","Cd74",0.2,0.04
0.224569179375773,5.90517500933432,1,1,"Zfp622","Cd74",0.2,0.04
0.224569179375773,5.90517500933432,1,1,"Mrpl2","Cd74",0.2,0.04
0.224569179375773,5.90517500933432,1,1,"Smndc1","Cd74",0.2,0.04
-0.166167193695467,4.22544137099095,1,1,"Zfp142","Cd74",0.2,0.04
-0.166167193695467,4.22544137099095,1,1,"Pign","Cd74",0.2,0.04
-0.166167193695467,4.22544137099095,1,1,"Vangl2","Cd74",0.2,0.04
-0.166167193695467,4.22544137099095,1,1,"Psen2","Cd74",0.2,0.04
-0.166167193695467,4.22544137099095,1,1,"Card9","Cd74",0.2,0.04
-0.166167193695467,4.22544137099095,1,1,"Nek6","Cd74",0.2,0.04
-0.166167193695467,4.22544137099095,1,1,"Dusp19","Cd74",0.2,0.04
-0.166167193695467,4.22544137099095,1,1,"Dtwd1","Cd74",0.2,0.04
-0.166167193695467,4.22544137099095,1,1,"Bcl2l11","Cd74",0.2,0.04
-0.166167193695467,4.22544137099095,1,1,"Mavs","Cd74",0.2,0.04
-0.166167193695467,4.22544137099095,1,1,"Slc23a2","Cd74",0.2,0.04
-0.166167193695467,4.22544137099095,1,1,"Nol4l","Cd74",0.2,0.04
-0.166167193695467,4.22544137099095,1,1,"Acss2","Cd74",0.2,0.04
-0.166167193695467,4.22544137099095,1,1,"Mbnl3","Cd74",0.2,0.04
-0.166167193695467,4.22544137099095,1,1,"F8a","Cd74",0.2,0.04
-0.166167193695467,4.22544137099095,1,1,"Il2rg","Cd74",0.2,0.04
-0.166167193695467,4.22544137099095,1,1,"Txlng","Cd74",0.2,0.04
-0.166167193695467,4.22544137099095,1,1,"Zfp704","Cd74",0.2,0.04
-0.166167193695467,4.22544137099095,1,1,"Mtfr1","Cd74",0.2,0.04
-0.166167193695467,4.22544137099095,1,1,"Pias3","Cd74",0.2,0.04
-0.166167193695467,4.22544137099095,1,1,"Tyw3","Cd74",0.2,0.04
-0.166167193695467,4.22544137099095,1,1,"Ubxn2b","Cd74",0.2,0.04
-0.166167193695467,4.22544137099095,1,1,"Hpse","Cd74",0.2,0.04
-0.166167193695467,4.22544137099095,1,1,"Mvk","Cd74",0.2,0.04
-0.166167193695467,4.22544137099095,1,1,"AI480526","Cd74",0.2,0.04
-0.166167193695467,4.22544137099095,1,1,"2810006K23Rik","Cd74",0.2,0.04
-0.166167193695467,4.22544137099095,1,1,"Tmem120a","Cd74",0.2,0.04
-0.166167193695467,4.22544137099095,1,1,"Mxd1","Cd74",0.2,0.04
-0.166167193695467,4.22544137099095,1,1,"Rad52","Cd74",0.2,0.04
-0.166167193695467,4.22544137099095,1,1,"Slc6a13","Cd74",0.2,0.04
-0.166167193695467,4.22544137099095,1,1,"Leng1","Cd74",0.2,0.04
-0.166167193695467,4.22544137099095,1,1,"B3gnt8","Cd74",0.2,0.04
-0.166167193695467,4.22544137099095,1,1,"Alkbh6","Cd74",0.2,0.04
-0.166167193695467,4.22544137099095,1,1,"Ampd3","Cd74",0.2,0.04
-0.166167193695467,4.22544137099095,1,1,"Dhx32","Cd74",0.2,0.04
-0.166167193695467,4.22544137099095,1,1,"P4ha1","Cd74",0.2,0.04
-0.166167193695467,4.22544137099095,1,1,"Lrrc20","Cd74",0.2,0.04
-0.166167193695467,4.22544137099095,1,1,"Plpp2","Cd74",0.2,0.04
-0.166167193695467,4.22544137099095,1,1,"Gm26541","Cd74",0.2,0.04
-0.166167193695467,4.22544137099095,1,1,"Utp20","Cd74",0.2,0.04
-0.166167193695467,4.22544137099095,1,1,"Rab3ip","Cd74",0.2,0.04
-0.166167193695467,4.22544137099095,1,1,"A430046D13Rik","Cd74",0.2,0.04
-0.166167193695467,4.22544137099095,1,1,"Champ1","Cd74",0.2,0.04
-0.166167193695467,4.22544137099095,1,1,"Erich1","Cd74",0.2,0.04
-0.166167193695467,4.22544137099095,1,1,"Wwc2","Cd74",0.2,0.04
-0.166167193695467,4.22544137099095,1,1,"Fbxo8","Cd74",0.2,0.04
-0.166167193695467,4.22544137099095,1,1,"Gtpbp3","Cd74",0.2,0.04
-0.166167193695467,4.22544137099095,1,1,"Rfx1","Cd74",0.2,0.04
-0.166167193695467,4.22544137099095,1,1,"Cdyl2","Cd74",0.2,0.04
-0.166167193695467,4.22544137099095,1,1,"Mlycd","Cd74",0.2,0.04
-0.166167193695467,4.22544137099095,1,1,"Vps9d1","Cd74",0.2,0.04
-0.166167193695467,4.22544137099095,1,1,"Ccsap","Cd74",0.2,0.04
-0.166167193695467,4.22544137099095,1,1,"Polr3a","Cd74",0.2,0.04
-0.166167193695467,4.22544137099095,1,1,"Rft1","Cd74",0.2,0.04
-0.166167193695467,4.22544137099095,1,1,"Fam35a","Cd74",0.2,0.04
-0.166167193695467,4.22544137099095,1,1,"Spata13","Cd74",0.2,0.04
-0.166167193695467,4.22544137099095,1,1,"Zfp395","Cd74",0.2,0.04
-0.166167193695467,4.22544137099095,1,1,"Bcl9l","Cd74",0.2,0.04
-0.166167193695467,4.22544137099095,1,1,"Dis3l","Cd74",0.2,0.04
-0.166167193695467,4.22544137099095,1,1,"Scap","Cd74",0.2,0.04
-0.166167193695467,4.22544137099095,1,1,"N4bp3","Cd74",0.2,0.04
-0.166167193695467,4.22544137099095,1,1,"Zkscan6","Cd74",0.2,0.04
-0.166167193695467,4.22544137099095,1,1,"Cluh","Cd74",0.2,0.04
-0.166167193695467,4.22544137099095,1,1,"Zscan26","Cd74",0.2,0.04
-0.166167193695467,4.22544137099095,1,1,"Hivep1","Cd74",0.2,0.04
-0.166167193695467,4.22544137099095,1,1,"Smad5","Cd74",0.2,0.04
-0.166167193695467,4.22544137099095,1,1,"Isca1","Cd74",0.2,0.04
-0.166167193695467,4.22544137099095,1,1,"Zfp738","Cd74",0.2,0.04
-0.166167193695467,4.22544137099095,1,1,"Rfesd","Cd74",0.2,0.04
-0.166167193695467,4.22544137099095,1,1,"Arsk","Cd74",0.2,0.04
-0.166167193695467,4.22544137099095,1,1,"Taf1b","Cd74",0.2,0.04
-0.166167193695467,4.22544137099095,1,1,"Sec23a","Cd74",0.2,0.04
-0.166167193695467,4.22544137099095,1,1,"Vcpkmt","Cd74",0.2,0.04
-0.166167193695467,4.22544137099095,1,1,"Ext1","Cd74",0.2,0.04
-0.166167193695467,4.22544137099095,1,1,"Taf2","Cd74",0.2,0.04
-0.166167193695467,4.22544137099095,1,1,"Arfgap3","Cd74",0.2,0.04
-0.166167193695467,4.22544137099095,1,1,"Tbc1d22a","Cd74",0.2,0.04
-0.166167193695467,4.22544137099095,1,1,"Dnaja3","Cd74",0.2,0.04
-0.166167193695467,4.22544137099095,1,1,"Alg1","Cd74",0.2,0.04
-0.166167193695467,4.22544137099095,1,1,"Yars2","Cd74",0.2,0.04
-0.166167193695467,4.22544137099095,1,1,"Abcf3","Cd74",0.2,0.04
-0.166167193695467,4.22544137099095,1,1,"Arl6","Cd74",0.2,0.04
-0.166167193695467,4.22544137099095,1,1,"Hspa13","Cd74",0.2,0.04
-0.166167193695467,4.22544137099095,1,1,"Tagap1","Cd74",0.2,0.04
-0.166167193695467,4.22544137099095,1,1,"Ppt2","Cd74",0.2,0.04
-0.166167193695467,4.22544137099095,1,1,"Mllt1","Cd74",0.2,0.04
-0.166167193695467,4.22544137099095,1,1,"Ypel5","Cd74",0.2,0.04
-0.166167193695467,4.22544137099095,1,1,"Rhoq","Cd74",0.2,0.04
-0.166167193695467,4.22544137099095,1,1,"Celf4","Cd74",0.2,0.04
-0.166167193695467,4.22544137099095,1,1,"Ccdc112","Cd74",0.2,0.04
-0.166167193695467,4.22544137099095,1,1,"Afg3l2","Cd74",0.2,0.04
-0.166167193695467,4.22544137099095,1,1,"Gcnt1","Cd74",0.2,0.04
0.147855814017481,4.02930454693796,1,1,"4732440D04Rik","Cd74",0.2,0.04
0.147855814017481,4.02930454693796,1,1,"Mettl21a","Cd74",0.2,0.04
0.147855814017481,4.02930454693796,1,1,"Capn10","Cd74",0.2,0.04
0.147855814017481,4.02930454693796,1,1,"Pam","Cd74",0.2,0.04
0.147855814017481,4.02930454693796,1,1,"Edem3","Cd74",0.2,0.04
0.147855814017481,4.02930454693796,1,1,"Tfb2m","Cd74",0.2,0.04
0.147855814017481,4.02930454693796,1,1,"Cercam","Cd74",0.2,0.04
0.147855814017481,4.02930454693796,1,1,"Ctnnd1","Cd74",0.2,0.04
0.147855814017481,4.02930454693796,1,1,"Oip5","Cd74",0.2,0.04
0.147855814017481,4.02930454693796,1,1,"Kif16b","Cd74",0.2,0.04
0.147855814017481,4.02930454693796,1,1,"Kiz","Cd74",0.2,0.04
0.147855814017481,4.02930454693796,1,1,"Dnmt3b","Cd74",0.2,0.04
0.147855814017481,4.02930454693796,1,1,"Trp53rkb","Cd74",0.2,0.04
0.147855814017481,4.02930454693796,1,1,"Praf2","Cd74",0.2,0.04
0.147855814017481,4.02930454693796,1,1,"Zxdb","Cd74",0.2,0.04
0.147855814017481,4.02930454693796,1,1,"Nhsl2","Cd74",0.2,0.04
0.147855814017481,4.02930454693796,1,1,"Tsr2","Cd74",0.2,0.04
0.147855814017481,4.02930454693796,1,1,"Maml3","Cd74",0.2,0.04
0.147855814017481,4.02930454693796,1,1,"Dennd2c","Cd74",0.2,0.04
0.147855814017481,4.02930454693796,1,1,"Dclre1b","Cd74",0.2,0.04
0.147855814017481,4.02930454693796,1,1,"Tox","Cd74",0.2,0.04
0.147855814017481,4.02930454693796,1,1,"Fancg","Cd74",0.2,0.04
0.147855814017481,4.02930454693796,1,1,"Grhpr","Cd74",0.2,0.04
0.147855814017481,4.02930454693796,1,1,"2810405F17Rik","Cd74",0.2,0.04
0.147855814017481,4.02930454693796,1,1,"Dnajc16","Cd74",0.2,0.04
0.147855814017481,4.02930454693796,1,1,"Pex14","Cd74",0.2,0.04
0.147855814017481,4.02930454693796,1,1,"Depdc5","Cd74",0.2,0.04
0.147855814017481,4.02930454693796,1,1,"Fam114a1","Cd74",0.2,0.04
0.147855814017481,4.02930454693796,1,1,"5430416N02Rik","Cd74",0.2,0.04
0.147855814017481,4.02930454693796,1,1,"4930522L14Rik","Cd74",0.2,0.04
0.147855814017481,4.02930454693796,1,1,"Ap5z1","Cd74",0.2,0.04
0.147855814017481,4.02930454693796,1,1,"Smurf1","Cd74",0.2,0.04
0.147855814017481,4.02930454693796,1,1,"Abtb1","Cd74",0.2,0.04
0.147855814017481,4.02930454693796,1,1,"Vamp1","Cd74",0.2,0.04
0.147855814017481,4.02930454693796,1,1,"Zfp626","Cd74",0.2,0.04
0.147855814017481,4.02930454693796,1,1,"Spib","Cd74",0.2,0.04
0.147855814017481,4.02930454693796,1,1,"Ticrr","Cd74",0.2,0.04
0.147855814017481,4.02930454693796,1,1,"2510046G10Rik","Cd74",0.2,0.04
0.147855814017481,4.02930454693796,1,1,"Tollip","Cd74",0.2,0.04
0.147855814017481,4.02930454693796,1,1,"Zbtb24","Cd74",0.2,0.04
0.147855814017481,4.02930454693796,1,1,"Bcr","Cd74",0.2,0.04
0.147855814017481,4.02930454693796,1,1,"Cactin","Cd74",0.2,0.04
0.147855814017481,4.02930454693796,1,1,"Lyz1","Cd74",0.2,0.04
0.147855814017481,4.02930454693796,1,1,"Ankrd52","Cd74",0.2,0.04
0.147855814017481,4.02930454693796,1,1,"Zfp866","Cd74",0.2,0.04
0.147855814017481,4.02930454693796,1,1,"Homer3","Cd74",0.2,0.04
0.147855814017481,4.02930454693796,1,1,"Enkd1","Cd74",0.2,0.04
0.147855814017481,4.02930454693796,1,1,"Cenpt","Cd74",0.2,0.04
0.147855814017481,4.02930454693796,1,1,"Gm45894","Cd74",0.2,0.04
0.147855814017481,4.02930454693796,1,1,"Btd","Cd74",0.2,0.04
0.147855814017481,4.02930454693796,1,1,"Rubcnl","Cd74",0.2,0.04
0.147855814017481,4.02930454693796,1,1,"Acad8","Cd74",0.2,0.04
0.147855814017481,4.02930454693796,1,1,"Slc36a1","Cd74",0.2,0.04
0.147855814017481,4.02930454693796,1,1,"Smcr8","Cd74",0.2,0.04
0.147855814017481,4.02930454693796,1,1,"Adprm","Cd74",0.2,0.04
0.147855814017481,4.02930454693796,1,1,"Tlcd2","Cd74",0.2,0.04
0.147855814017481,4.02930454693796,1,1,"Tex2","Cd74",0.2,0.04
0.147855814017481,4.02930454693796,1,1,"Armc7","Cd74",0.2,0.04
0.147855814017481,4.02930454693796,1,1,"Recql5","Cd74",0.2,0.04
0.147855814017481,4.02930454693796,1,1,"Gm26735","Cd74",0.2,0.04
0.147855814017481,4.02930454693796,1,1,"Nqo2","Cd74",0.2,0.04
0.147855814017481,4.02930454693796,1,1,"Gmpr","Cd74",0.2,0.04
0.147855814017481,4.02930454693796,1,1,"Zfp729b","Cd74",0.2,0.04
0.147855814017481,4.02930454693796,1,1,"Zfp729a","Cd74",0.2,0.04
0.147855814017481,4.02930454693796,1,1,"Xrcc4","Cd74",0.2,0.04
0.147855814017481,4.02930454693796,1,1,"Gfm2","Cd74",0.2,0.04
0.147855814017481,4.02930454693796,1,1,"Snx13","Cd74",0.2,0.04
0.147855814017481,4.02930454693796,1,1,"Gphn","Cd74",0.2,0.04
0.147855814017481,4.02930454693796,1,1,"Zfp839","Cd74",0.2,0.04
0.147855814017481,4.02930454693796,1,1,"Cdc42bpb","Cd74",0.2,0.04
0.147855814017481,4.02930454693796,1,1,"Cpped1","Cd74",0.2,0.04
0.147855814017481,4.02930454693796,1,1,"Klhl22","Cd74",0.2,0.04
0.147855814017481,4.02930454693796,1,1,"Spice1","Cd74",0.2,0.04
0.147855814017481,4.02930454693796,1,1,"Zfp760","Cd74",0.2,0.04
0.147855814017481,4.02930454693796,1,1,"Snhg9","Cd74",0.2,0.04
0.147855814017481,4.02930454693796,1,1,"Anks1","Cd74",0.2,0.04
0.147855814017481,4.02930454693796,1,1,"Mut","Cd74",0.2,0.04
0.147855814017481,4.02930454693796,1,1,"Zfp318","Cd74",0.2,0.04
0.147855814017481,4.02930454693796,1,1,"Ccdc94","Cd74",0.2,0.04
0.147855814017481,4.02930454693796,1,1,"Hars2","Cd74",0.2,0.04
0.147855814017481,4.02930454693796,1,1,"Zfp236","Cd74",0.2,0.04
0.147855814017481,4.02930454693796,1,1,"Pitpnm1","Cd74",0.2,0.04
0.147855814017481,4.02930454693796,1,1,"Gpr137","Cd74",0.2,0.04
0.147855814017481,4.02930454693796,1,1,"Fads1","Cd74",0.2,0.04
0.147855814017481,4.02930454693796,1,1,"Trub1","Cd74",0.2,0.04
-0.094968167034901,4.96229488558234,1,1,"Lmbrd1","Cd74",0.2,0.04
-0.094968167034901,4.96229488558234,1,1,"Tmem131","Cd74",0.2,0.04
-0.094968167034901,4.96229488558234,1,1,"Orc2","Cd74",0.2,0.04
-0.094968167034901,4.96229488558234,1,1,"Nbeal1","Cd74",0.2,0.04
-0.094968167034901,4.96229488558234,1,1,"Map3k20","Cd74",0.2,0.04
-0.094968167034901,4.96229488558234,1,1,"Slc24a5","Cd74",0.2,0.04
-0.094968167034901,4.96229488558234,1,1,"Ift52","Cd74",0.2,0.04
-0.094968167034901,4.96229488558234,1,1,"Las1l","Cd74",0.2,0.04
-0.094968167034901,4.96229488558234,1,1,"Pdlim5","Cd74",0.2,0.04
-0.094968167034901,4.96229488558234,1,1,"Rgs3","Cd74",0.2,0.04
-0.094968167034901,4.96229488558234,1,1,"Toe1","Cd74",0.2,0.04
-0.094968167034901,4.96229488558234,1,1,"Atad3a","Cd74",0.2,0.04
-0.094968167034901,4.96229488558234,1,1,"Nom1","Cd74",0.2,0.04
-0.094968167034901,4.96229488558234,1,1,"Prr14l","Cd74",0.2,0.04
-0.094968167034901,4.96229488558234,1,1,"Sh3tc1","Cd74",0.2,0.04
-0.094968167034901,4.96229488558234,1,1,"Zfp68","Cd74",0.2,0.04
-0.094968167034901,4.96229488558234,1,1,"Tmem209","Cd74",0.2,0.04
-0.094968167034901,4.96229488558234,1,1,"Zfp282","Cd74",0.2,0.04
-0.094968167034901,4.96229488558234,1,1,"Wbp1","Cd74",0.2,0.04
-0.094968167034901,4.96229488558234,1,1,"Tmem150b","Cd74",0.2,0.04
-0.094968167034901,4.96229488558234,1,1,"Ccdc9","Cd74",0.2,0.04
-0.094968167034901,4.96229488558234,1,1,"Ercc1","Cd74",0.2,0.04
-0.094968167034901,4.96229488558234,1,1,"Ap3s2","Cd74",0.2,0.04
-0.094968167034901,4.96229488558234,1,1,"Med16","Cd74",0.2,0.04
-0.094968167034901,4.96229488558234,1,1,"Tbk1","Cd74",0.2,0.04
-0.094968167034901,4.96229488558234,1,1,"Ankle1","Cd74",0.2,0.04
-0.094968167034901,4.96229488558234,1,1,"Thap11","Cd74",0.2,0.04
-0.094968167034901,4.96229488558234,1,1,"Nt5dc2","Cd74",0.2,0.04
-0.094968167034901,4.96229488558234,1,1,"Ints9","Cd74",0.2,0.04
-0.094968167034901,4.96229488558234,1,1,"Psme2b","Cd74",0.2,0.04
-0.094968167034901,4.96229488558234,1,1,"2310033P09Rik","Cd74",0.2,0.04
-0.094968167034901,4.96229488558234,1,1,"Kat7","Cd74",0.2,0.04
-0.094968167034901,4.96229488558234,1,1,"Arhgap27","Cd74",0.2,0.04
-0.094968167034901,4.96229488558234,1,1,"Mterf3","Cd74",0.2,0.04
-0.094968167034901,4.96229488558234,1,1,"Col4a3bp","Cd74",0.2,0.04
-0.094968167034901,4.96229488558234,1,1,"Cog5","Cd74",0.2,0.04
-0.094968167034901,4.96229488558234,1,1,"St3gal1","Cd74",0.2,0.04
-0.094968167034901,4.96229488558234,1,1,"Pycrl","Cd74",0.2,0.04
-0.094968167034901,4.96229488558234,1,1,"Rnf168","Cd74",0.2,0.04
-0.094968167034901,4.96229488558234,1,1,"Heg1","Cd74",0.2,0.04
-0.094968167034901,4.96229488558234,1,1,"Brwd1","Cd74",0.2,0.04
-0.094968167034901,4.96229488558234,1,1,"Zfand3","Cd74",0.2,0.04
-0.094968167034901,4.96229488558234,1,1,"Rrp1b","Cd74",0.2,0.04
-0.094968167034901,4.96229488558234,1,1,"Alkbh7","Cd74",0.2,0.04
-0.094968167034901,4.96229488558234,1,1,"Slc25a46","Cd74",0.2,0.04
-0.094968167034901,4.96229488558234,1,1,"Lman1","Cd74",0.2,0.04
-0.094968167034901,4.96229488558234,1,1,"Dnajc4","Cd74",0.2,0.04
-0.094968167034901,4.96229488558234,1,1,"Minpp1","Cd74",0.2,0.04
0.0762269909848126,6.46496067653487,1,1,"Sap30","Cd74",0.2,0.04
0.0762269909848126,6.46496067653487,1,1,"Stag1","Cd74",0.2,0.04
0.0762269909848126,6.46496067653487,1,1,"Ncaph2","Cd74",0.2,0.04
0.0762269909848126,6.46496067653487,1,1,"Riok3","Cd74",0.2,0.04
-0.0700186246263811,5.44762500271953,1,1,"Ttf1","Cd74",0.2,0.04
-0.0700186246263811,5.44762500271953,1,1,"Rassf2","Cd74",0.2,0.04
-0.0700186246263811,5.44762500271953,1,1,"Psmd10","Cd74",0.2,0.04
-0.0700186246263811,5.44762500271953,1,1,"Mtfr1l","Cd74",0.2,0.04
-0.0700186246263811,5.44762500271953,1,1,"Dmtf1","Cd74",0.2,0.04
-0.0700186246263811,5.44762500271953,1,1,"Insig1","Cd74",0.2,0.04
-0.0700186246263811,5.44762500271953,1,1,"Slc35f6","Cd74",0.2,0.04
-0.0700186246263811,5.44762500271953,1,1,"Eif2ak1","Cd74",0.2,0.04
-0.0700186246263811,5.44762500271953,1,1,"Spr","Cd74",0.2,0.04
-0.0700186246263811,5.44762500271953,1,1,"C87436","Cd74",0.2,0.04
-0.0700186246263811,5.44762500271953,1,1,"2310040G24Rik","Cd74",0.2,0.04
-0.0700186246263811,5.44762500271953,1,1,"Arhgap25","Cd74",0.2,0.04
-0.0700186246263811,5.44762500271953,1,1,"Iqsec1","Cd74",0.2,0.04
-0.0700186246263811,5.44762500271953,1,1,"Cdc34","Cd74",0.2,0.04
-0.0700186246263811,5.44762500271953,1,1,"Cln5","Cd74",0.2,0.04
-0.0700186246263811,5.44762500271953,1,1,"Pcsk7","Cd74",0.2,0.04
-0.0700186246263811,5.44762500271953,1,1,"Cmc1","Cd74",0.2,0.04
-0.0700186246263811,5.44762500271953,1,1,"Med11","Cd74",0.2,0.04
-0.0700186246263811,5.44762500271953,1,1,"Wdr45b","Cd74",0.2,0.04
-0.0700186246263811,5.44762500271953,1,1,"Ripk1","Cd74",0.2,0.04
-0.0700186246263811,5.44762500271953,1,1,"Skiv2l2","Cd74",0.2,0.04
-0.0700186246263811,5.44762500271953,1,1,"Cdca4","Cd74",0.2,0.04
-0.0700186246263811,5.44762500271953,1,1,"Zfp385a","Cd74",0.2,0.04
-0.0700186246263811,5.44762500271953,1,1,"Cenpq","Cd74",0.2,0.04
-0.0700186246263811,5.44762500271953,1,1,"Rftn1","Cd74",0.2,0.04
0.063513923962345,4.85153584826767,1,1,"Exosc2","Cd74",0.2,0.04
0.063513923962345,4.85153584826767,1,1,"Uck1","Cd74",0.2,0.04
0.063513923962345,4.85153584826767,1,1,"Ubr3","Cd74",0.2,0.04
0.063513923962345,4.85153584826767,1,1,"Gabpb1","Cd74",0.2,0.04
0.063513923962345,4.85153584826767,1,1,"Manbal","Cd74",0.2,0.04
0.063513923962345,4.85153584826767,1,1,"Mtm1","Cd74",0.2,0.04
0.063513923962345,4.85153584826767,1,1,"Scnm1","Cd74",0.2,0.04
0.063513923962345,4.85153584826767,1,1,"Dram2","Cd74",0.2,0.04
0.063513923962345,4.85153584826767,1,1,"Ggh","Cd74",0.2,0.04
0.063513923962345,4.85153584826767,1,1,"Ufl1","Cd74",0.2,0.04
0.063513923962345,4.85153584826767,1,1,"Tesk1","Cd74",0.2,0.04
0.063513923962345,4.85153584826767,1,1,"Mllt3","Cd74",0.2,0.04
0.063513923962345,4.85153584826767,1,1,"Slc9a1","Cd74",0.2,0.04
0.063513923962345,4.85153584826767,1,1,"Casp9","Cd74",0.2,0.04
0.063513923962345,4.85153584826767,1,1,"Gfpt1","Cd74",0.2,0.04
0.063513923962345,4.85153584826767,1,1,"Nudt19","Cd74",0.2,0.04
0.063513923962345,4.85153584826767,1,1,"Zfp646","Cd74",0.2,0.04
0.063513923962345,4.85153584826767,1,1,"Shprh","Cd74",0.2,0.04
0.063513923962345,4.85153584826767,1,1,"Hk1","Cd74",0.2,0.04
0.063513923962345,4.85153584826767,1,1,"Gucd1","Cd74",0.2,0.04
0.063513923962345,4.85153584826767,1,1,"Sugp2","Cd74",0.2,0.04
0.063513923962345,4.85153584826767,1,1,"Ddx28","Cd74",0.2,0.04
0.063513923962345,4.85153584826767,1,1,"Pde12","Cd74",0.2,0.04
0.063513923962345,4.85153584826767,1,1,"Lacc1","Cd74",0.2,0.04
0.063513923962345,4.85153584826767,1,1,"Cep164","Cd74",0.2,0.04
0.063513923962345,4.85153584826767,1,1,"Haspin","Cd74",0.2,0.04
0.063513923962345,4.85153584826767,1,1,"Lyrm9","Cd74",0.2,0.04
0.063513923962345,4.85153584826767,1,1,"Hdac5","Cd74",0.2,0.04
0.063513923962345,4.85153584826767,1,1,"Mast4","Cd74",0.2,0.04
0.063513923962345,4.85153584826767,1,1,"Dnajb9","Cd74",0.2,0.04
0.063513923962345,4.85153584826767,1,1,"Gm28875","Cd74",0.2,0.04
0.063513923962345,4.85153584826767,1,1,"Basp1","Cd74",0.2,0.04
0.063513923962345,4.85153584826767,1,1,"Eef2kmt","Cd74",0.2,0.04
0.063513923962345,4.85153584826767,1,1,"Ydjc","Cd74",0.2,0.04
0.063513923962345,4.85153584826767,1,1,"Msh6","Cd74",0.2,0.04
0.063513923962345,4.85153584826767,1,1,"Zfp24","Cd74",0.2,0.04
0.063513923962345,4.85153584826767,1,1,"Cpsf7","Cd74",0.2,0.04
0.063513923962345,4.85153584826767,1,1,"Fxn","Cd74",0.2,0.04
0.063513923962345,4.85153584826767,1,1,"Trim8","Cd74",0.2,0.04
-0.0610584290516232,7.18265586848146,1,1,"Tnfaip8l2","Cd74",0.2,0.04
-0.0573004270069525,5.810110781225,1,1,"Snhg6","Cd74",0.2,0.04
-0.0573004270069525,5.810110781225,1,1,"Rexo4","Cd74",0.2,0.04
-0.0573004270069525,5.810110781225,1,1,"Immp1l","Cd74",0.2,0.04
-0.0573004270069525,5.810110781225,1,1,"Adrm1","Cd74",0.2,0.04
-0.0573004270069525,5.810110781225,1,1,"Pkn2","Cd74",0.2,0.04
-0.0573004270069525,5.810110781225,1,1,"Rest","Cd74",0.2,0.04
-0.0573004270069525,5.810110781225,1,1,"Rnf181","Cd74",0.2,0.04
-0.0573004270069525,5.810110781225,1,1,"Mcm2","Cd74",0.2,0.04
-0.0573004270069525,5.810110781225,1,1,"Taok2","Cd74",0.2,0.04
-0.0573004270069525,5.810110781225,1,1,"Rassf3","Cd74",0.2,0.04
-0.0573004270069525,5.810110781225,1,1,"Ipo5","Cd74",0.2,0.04
-0.0573004270069525,5.810110781225,1,1,"Gna13","Cd74",0.2,0.04
-0.0573004270069525,5.810110781225,1,1,"Aspscr1","Cd74",0.2,0.04
-0.0573004270069525,5.810110781225,1,1,"Brix1","Cd74",0.2,0.04
-0.0573004270069525,5.810110781225,1,1,"Nol12","Cd74",0.2,0.04
-0.0573004270069525,5.810110781225,1,1,"Lrrc58","Cd74",0.2,0.04
-0.0573004270069525,5.810110781225,1,1,"Bad","Cd74",0.2,0.04
0.0520706810617186,6.48181932203815,1,1,"Brd3","Cd74",0.2,0.04
0.0520706810617186,6.48181932203815,1,1,"Aph1a","Cd74",0.2,0.04
0.0520706810617186,6.48181932203815,1,1,"Tmem165","Cd74",0.2,0.04
-0.0497124308456555,7.04290207147561,1,1,"Tardbp","Cd74",0.2,0.04
-0.0495894946006323,6.09954326110208,1,1,"Usp8","Cd74",0.2,0.04
-0.0495894946006323,6.09954326110208,1,1,"2900097C17Rik","Cd74",0.2,0.04
-0.0495894946006323,6.09954326110208,1,1,"Reps1","Cd74",0.2,0.04
-0.0495894946006323,6.09954326110208,1,1,"Stk11","Cd74",0.2,0.04
-0.0495894946006323,6.09954326110208,1,1,"Ppp3r1","Cd74",0.2,0.04
-0.0495894946006323,6.09954326110208,1,1,"Ssh2","Cd74",0.2,0.04
0.0473395386773573,6.97686475060939,1,1,"Rab5c","Cd74",0.2,0.04
-0.0444150274311051,6.3404856525,1,1,"Rassf5","Cd74",0.2,0.04
-0.0444150274311051,6.3404856525,1,1,"Fbxw2","Cd74",0.2,0.04
0.0431350320634629,6.67113372870199,1,1,"Tor1a","Cd74",0.2,0.04
0.0431350320634629,6.67113372870199,1,1,"Atp8b4","Cd74",0.2,0.04
0.0412776406825469,7.11364146461816,1,1,"Eif2s1","Cd74",0.2,0.04
-0.0407022395117666,6.54687789025349,1,1,"Copb1","Cd74",0.2,0.04
-0.0407022395117666,6.54687789025349,1,1,"Eif4ebp1","Cd74",0.2,0.04
-0.0407022395117666,6.54687789025349,1,1,"Smim11","Cd74",0.2,0.04
-0.0379084309183374,6.72739748182436,1,1,"Irak1","Cd74",0.2,0.04
0.0360132911589347,5.37160247245744,1,1,"Fbxo28","Cd74",0.2,0.04
0.0360132911589347,5.37160247245744,1,1,"Rad51","Cd74",0.2,0.04
0.0360132911589347,5.37160247245744,1,1,"Ctdspl2","Cd74",0.2,0.04
0.0360132911589347,5.37160247245744,1,1,"Iqgap3","Cd74",0.2,0.04
0.0360132911589347,5.37160247245744,1,1,"Pole3","Cd74",0.2,0.04
0.0360132911589347,5.37160247245744,1,1,"Padi2","Cd74",0.2,0.04
0.0360132911589347,5.37160247245744,1,1,"Ncor2","Cd74",0.2,0.04
0.0360132911589347,5.37160247245744,1,1,"Psph","Cd74",0.2,0.04
0.0360132911589347,5.37160247245744,1,1,"Gpr146","Cd74",0.2,0.04
0.0360132911589347,5.37160247245744,1,1,"Clptm1","Cd74",0.2,0.04
0.0360132911589347,5.37160247245744,1,1,"P2ry6","Cd74",0.2,0.04
0.0360132911589347,5.37160247245744,1,1,"Tufm","Cd74",0.2,0.04
0.0360132911589347,5.37160247245744,1,1,"Apaf1","Cd74",0.2,0.04
0.0360132911589347,5.37160247245744,1,1,"Tmem5","Cd74",0.2,0.04
0.0360132911589347,5.37160247245744,1,1,"Rab5b","Cd74",0.2,0.04
0.0360132911589347,5.37160247245744,1,1,"Micu2","Cd74",0.2,0.04
0.0360132911589347,5.37160247245744,1,1,"Dalrd3","Cd74",0.2,0.04
0.0360132911589347,5.37160247245744,1,1,"Cfap36","Cd74",0.2,0.04
0.0360132911589347,5.37160247245744,1,1,"Mybbp1a","Cd74",0.2,0.04
0.0360132911589347,5.37160247245744,1,1,"Tax1bp3","Cd74",0.2,0.04
0.0360132911589347,5.37160247245744,1,1,"Cdk7","Cd74",0.2,0.04
0.0360132911589347,5.37160247245744,1,1,"Zbed4","Cd74",0.2,0.04
0.0360132911589347,5.37160247245744,1,1,"Kansl2","Cd74",0.2,0.04
0.0360132911589347,5.37160247245744,1,1,"Map3k4","Cd74",0.2,0.04
0.0360132911589347,5.37160247245744,1,1,"Polr1c","Cd74",0.2,0.04
-0.0357299784636576,6.8878146133138,1,1,"Mrpl21","Cd74",0.2,0.04
-0.03485700209472,7.9302906758996,1,1,"Lsm6","Cd74",0.2,0.04
-0.03485700209472,7.9302906758996,1,1,"Fam96a","Cd74",0.2,0.04
-0.0339837440124807,7.03216138472267,1,1,"Rab10","Cd74",0.2,0.04
0.0307040154407609,6.98814370867465,1,1,"Dna2","Cd74",0.2,0.04
0.0307040154407609,6.98814370867465,1,1,"Rab8a","Cd74",0.2,0.04
0.0307040154407609,6.98814370867465,1,1,"Oxct1","Cd74",0.2,0.04
0.028312189565545,6.49843349048799,1,1,"Ing1","Cd74",0.2,0.04
0.028312189565545,6.49843349048799,1,1,"Erg28","Cd74",0.2,0.04
0.028312189565545,6.49843349048799,1,1,"Glrx5","Cd74",0.2,0.04
0.0252225871627591,7.55875464098467,1,1,"Fmnl1","Cd74",0.2,0.04
-0.0234409663967088,8.5701540706165,1,1,"Sec11c","Cd74",0.2,0.04
0.0224943941504082,8.44434976438346,1,1,"Ostf1","Cd74",0.2,0.04
0.0224671561647274,7.24767892225444,1,1,"Prdx6","Cd74",0.2,0.04
0.0224433769820091,6.68546287853214,1,1,"Cbx5","Cd74",0.2,0.04
0.0223723404979046,5.75280811673415,1,1,"Ncoa2","Cd74",0.2,0.04
0.0223723404979046,5.75280811673415,1,1,"Rabl6","Cd74",0.2,0.04
0.0223723404979046,5.75280811673415,1,1,"Vps72","Cd74",0.2,0.04
0.0223723404979046,5.75280811673415,1,1,"Jagn1","Cd74",0.2,0.04
0.0223723404979046,5.75280811673415,1,1,"Prpf31","Cd74",0.2,0.04
0.0223723404979046,5.75280811673415,1,1,"Eef2k","Cd74",0.2,0.04
0.0223723404979046,5.75280811673415,1,1,"Rexo1","Cd74",0.2,0.04
0.0223723404979046,5.75280811673415,1,1,"Stx8","Cd74",0.2,0.04
0.0223723404979046,5.75280811673415,1,1,"Smim15","Cd74",0.2,0.04
0.0223723404979046,5.75280811673415,1,1,"Ncoa1","Cd74",0.2,0.04
0.0223723404979046,5.75280811673415,1,1,"Slc48a1","Cd74",0.2,0.04
0.0223723404979046,5.75280811673415,1,1,"Ube2v2","Cd74",0.2,0.04
0.0193097777584433,7.3617501110325,1,1,"Magoh","Cd74",0.2,0.04
-0.0181054557727745,8.06104092951071,1,1,"mt-Nd5","Cd74",0.2,0.04
-0.0181018503550316,7.84339491776524,1,1,"Tapbp","Cd74",0.2,0.04
-0.0180968051819077,7.58693722384435,1,1,"Syncrip","Cd74",0.2,0.04
-0.0180892426931195,7.27474595034211,1,1,"Adh5","Cd74",0.2,0.04
-0.0180892426931195,7.27474595034211,1,1,"Fes","Cd74",0.2,0.04
-0.0180816865223621,7.02131730202677,1,1,"Trim30a","Cd74",0.2,0.04
-0.0180816865223621,7.02131730202677,1,1,"Emc6","Cd74",0.2,0.04
-0.0180766525812999,6.87565446006639,1,1,"Mier1","Cd74",0.2,0.04
-0.018070364095227,6.71359039359741,1,1,"Zranb2","Cd74",0.2,0.04
-0.018070364095227,6.71359039359741,1,1,"H2-Oa","Cd74",0.2,0.04
-0.0180622853250171,6.53095618766204,1,1,"Pts","Cd74",0.2,0.04
-0.0180515248615649,6.32175903821646,1,1,"Mob4","Cd74",0.2,0.04
-0.018036481734211,6.07693394501135,1,1,"Ube2t","Cd74",0.2,0.04
-0.018036481734211,6.07693394501135,1,1,"Dock11","Cd74",0.2,0.04
-0.018036481734211,6.07693394501135,1,1,"Naxe","Cd74",0.2,0.04
-0.018036481734211,6.07693394501135,1,1,"Ube2j2","Cd74",0.2,0.04
-0.018036481734211,6.07693394501135,1,1,"Oxa1l","Cd74",0.2,0.04
-0.018036481734211,6.07693394501135,1,1,"Zc3h14","Cd74",0.2,0.04
-0.018036481734211,6.07693394501135,1,1,"Mrpl11","Cd74",0.2,0.04
-0.0180139639954641,5.78180273435951,1,1,"Inpp4a","Cd74",0.2,0.04
-0.0180139639954641,5.78180273435951,1,1,"Rnf149","Cd74",0.2,0.04
-0.0180139639954641,5.78180273435951,1,1,"Fbxl5","Cd74",0.2,0.04
-0.0180139639954641,5.78180273435951,1,1,"Pex7","Cd74",0.2,0.04
-0.0180139639954641,5.78180273435951,1,1,"Mns1","Cd74",0.2,0.04
-0.0180139639954641,5.78180273435951,1,1,"Ppm1a","Cd74",0.2,0.04
-0.0180139639954641,5.78180273435951,1,1,"Bfar","Cd74",0.2,0.04
-0.0180139639954641,5.78180273435951,1,1,"Hdgfl2","Cd74",0.2,0.04
-0.0179765591170084,5.41020367301539,1,1,"Dpm2","Cd74",0.2,0.04
-0.0179765591170084,5.41020367301539,1,1,"Snap23","Cd74",0.2,0.04
-0.0179765591170084,5.41020367301539,1,1,"Dlgap4","Cd74",0.2,0.04
-0.0179765591170084,5.41020367301539,1,1,"Smg5","Cd74",0.2,0.04
-0.0179765591170084,5.41020367301539,1,1,"Zbtb7b","Cd74",0.2,0.04
-0.0179765591170084,5.41020367301539,1,1,"Ptbp2","Cd74",0.2,0.04
-0.0179765591170084,5.41020367301539,1,1,"Slc31a1","Cd74",0.2,0.04
-0.0179765591170084,5.41020367301539,1,1,"Zfp593","Cd74",0.2,0.04
-0.0179765591170084,5.41020367301539,1,1,"Cyp51","Cd74",0.2,0.04
-0.0179765591170084,5.41020367301539,1,1,"Agfg2","Cd74",0.2,0.04
-0.0179765591170084,5.41020367301539,1,1,"Trim12a","Cd74",0.2,0.04
-0.0179765591170084,5.41020367301539,1,1,"Cdipt","Cd74",0.2,0.04
-0.0179765591170084,5.41020367301539,1,1,"Phkb","Cd74",0.2,0.04
-0.0179765591170084,5.41020367301539,1,1,"Cmip","Cd74",0.2,0.04
-0.0179765591170084,5.41020367301539,1,1,"2300009A05Rik","Cd74",0.2,0.04
-0.0179765591170084,5.41020367301539,1,1,"Ndufaf3","Cd74",0.2,0.04
-0.0179765591170084,5.41020367301539,1,1,"Tug1","Cd74",0.2,0.04
-0.0179765591170084,5.41020367301539,1,1,"Irgm1","Cd74",0.2,0.04
-0.0179765591170084,5.41020367301539,1,1,"Elp5","Cd74",0.2,0.04
-0.0179765591170084,5.41020367301539,1,1,"Zzef1","Cd74",0.2,0.04
-0.0179765591170084,5.41020367301539,1,1,"Cenph","Cd74",0.2,0.04
-0.0179765591170084,5.41020367301539,1,1,"Rab10os","Cd74",0.2,0.04
-0.0179765591170084,5.41020367301539,1,1,"Vps13b","Cd74",0.2,0.04
-0.0179765591170084,5.41020367301539,1,1,"Yipf5","Cd74",0.2,0.04
-0.0179765591170084,5.41020367301539,1,1,"Ccdc86","Cd74",0.2,0.04
-0.0179765591170084,5.41020367301539,1,1,"9930021J03Rik","Cd74",0.2,0.04
-0.0179765591170084,5.41020367301539,1,1,"Slf2","Cd74",0.2,0.04
-0.017902213452214,4.90812819898326,1,1,"Rrs1","Cd74",0.2,0.04
-0.017902213452214,4.90812819898326,1,1,"Kansl1l","Cd74",0.2,0.04
-0.017902213452214,4.90812819898326,1,1,"BC003331","Cd74",0.2,0.04
-0.017902213452214,4.90812819898326,1,1,"Sdccag8","Cd74",0.2,0.04
-0.017902213452214,4.90812819898326,1,1,"Desi2","Cd74",0.2,0.04
-0.017902213452214,4.90812819898326,1,1,"Epc2","Cd74",0.2,0.04
-0.017902213452214,4.90812819898326,1,1,"Pip5k1a","Cd74",0.2,0.04
-0.017902213452214,4.90812819898326,1,1,"Wls","Cd74",0.2,0.04
-0.017902213452214,4.90812819898326,1,1,"1110065P20Rik","Cd74",0.2,0.04
-0.017902213452214,4.90812819898326,1,1,"S100pbp","Cd74",0.2,0.04
-0.017902213452214,4.90812819898326,1,1,"Phactr4","Cd74",0.2,0.04
-0.017902213452214,4.90812819898326,1,1,"Prdm2","Cd74",0.2,0.04
-0.017902213452214,4.90812819898326,1,1,"Mfn2","Cd74",0.2,0.04
-0.017902213452214,4.90812819898326,1,1,"Kif1b","Cd74",0.2,0.04
-0.017902213452214,4.90812819898326,1,1,"Lrrc8d","Cd74",0.2,0.04
-0.017902213452214,4.90812819898326,1,1,"Gpn3","Cd74",0.2,0.04
-0.017902213452214,4.90812819898326,1,1,"Orai2","Cd74",0.2,0.04
-0.017902213452214,4.90812819898326,1,1,"Get4","Cd74",0.2,0.04
-0.017902213452214,4.90812819898326,1,1,"Ints1","Cd74",0.2,0.04
-0.017902213452214,4.90812819898326,1,1,"Ptcd3","Cd74",0.2,0.04
-0.017902213452214,4.90812819898326,1,1,"Samd4b","Cd74",0.2,0.04
-0.017902213452214,4.90812819898326,1,1,"Zfp260","Cd74",0.2,0.04
-0.017902213452214,4.90812819898326,1,1,"Smpd1","Cd74",0.2,0.04
-0.017902213452214,4.90812819898326,1,1,"Ikzf5","Cd74",0.2,0.04
-0.017902213452214,4.90812819898326,1,1,"Mfsd12","Cd74",0.2,0.04
-0.017902213452214,4.90812819898326,1,1,"Xpot","Cd74",0.2,0.04
-0.017902213452214,4.90812819898326,1,1,"Abhd8","Cd74",0.2,0.04
-0.017902213452214,4.90812819898326,1,1,"Hsdl1","Cd74",0.2,0.04
-0.017902213452214,4.90812819898326,1,1,"Taf5l","Cd74",0.2,0.04
-0.017902213452214,4.90812819898326,1,1,"Scaper","Cd74",0.2,0.04
-0.017902213452214,4.90812819898326,1,1,"Fbxo9","Cd74",0.2,0.04
-0.017902213452214,4.90812819898326,1,1,"Ttc1","Cd74",0.2,0.04
-0.017902213452214,4.90812819898326,1,1,"Erap1","Cd74",0.2,0.04
-0.017902213452214,4.90812819898326,1,1,"Slf1","Cd74",0.2,0.04
-0.017902213452214,4.90812819898326,1,1,"Ppwd1","Cd74",0.2,0.04
-0.017902213452214,4.90812819898326,1,1,"Snx18","Cd74",0.2,0.04
-0.017902213452214,4.90812819898326,1,1,"Rps19bp1","Cd74",0.2,0.04
-0.017902213452214,4.90812819898326,1,1,"2510002D24Rik","Cd74",0.2,0.04
-0.017902213452214,4.90812819898326,1,1,"Timmdc1","Cd74",0.2,0.04
-0.017902213452214,4.90812819898326,1,1,"Gemin6","Cd74",0.2,0.04
-0.017902213452214,4.90812819898326,1,1,"Chmp1b","Cd74",0.2,0.04
-0.017902213452214,4.90812819898326,1,1,"Ak3","Cd74",0.2,0.04
-0.017902213452214,4.90812819898326,1,1,"Vamp7","Cd74",0.2,0.04
-0.017682820943364,4.13101402620183,1,1,"Aff3","Cd74",0.2,0.04
-0.017682820943364,4.13101402620183,1,1,"Dars2","Cd74",0.2,0.04
-0.017682820943364,4.13101402620183,1,1,"Diexf","Cd74",0.2,0.04
-0.017682820943364,4.13101402620183,1,1,"Gtf3c4","Cd74",0.2,0.04
-0.017682820943364,4.13101402620183,1,1,"Pkn3","Cd74",0.2,0.04
-0.017682820943364,4.13101402620183,1,1,"Zbtb26","Cd74",0.2,0.04
-0.017682820943364,4.13101402620183,1,1,"Tmem87a","Cd74",0.2,0.04
-0.017682820943364,4.13101402620183,1,1,"Adnp","Cd74",0.2,0.04
-0.017682820943364,4.13101402620183,1,1,"Gpkow","Cd74",0.2,0.04
-0.017682820943364,4.13101402620183,1,1,"Armcx3","Cd74",0.2,0.04
-0.017682820943364,4.13101402620183,1,1,"Slc30a7","Cd74",0.2,0.04
-0.017682820943364,4.13101402620183,1,1,"Gstcd","Cd74",0.2,0.04
-0.017682820943364,4.13101402620183,1,1,"Odf2l","Cd74",0.2,0.04
-0.017682820943364,4.13101402620183,1,1,"Rars2","Cd74",0.2,0.04
-0.017682820943364,4.13101402620183,1,1,"Nol6","Cd74",0.2,0.04
-0.017682820943364,4.13101402620183,1,1,"Atpaf1","Cd74",0.2,0.04
-0.017682820943364,4.13101402620183,1,1,"Ncdn","Cd74",0.2,0.04
-0.017682820943364,4.13101402620183,1,1,"Paqr7","Cd74",0.2,0.04
-0.017682820943364,4.13101402620183,1,1,"Prkcz","Cd74",0.2,0.04
-0.017682820943364,4.13101402620183,1,1,"Abcb8","Cd74",0.2,0.04
-0.017682820943364,4.13101402620183,1,1,"Tpcn1","Cd74",0.2,0.04
-0.017682820943364,4.13101402620183,1,1,"Brat1","Cd74",0.2,0.04
-0.017682820943364,4.13101402620183,1,1,"Zfp12","Cd74",0.2,0.04
-0.017682820943364,4.13101402620183,1,1,"Fam3c","Cd74",0.2,0.04
-0.017682820943364,4.13101402620183,1,1,"3110062M04Rik","Cd74",0.2,0.04
-0.017682820943364,4.13101402620183,1,1,"Wdr91","Cd74",0.2,0.04
-0.017682820943364,4.13101402620183,1,1,"Kdm3a","Cd74",0.2,0.04
-0.017682820943364,4.13101402620183,1,1,"Sumf1","Cd74",0.2,0.04
-0.017682820943364,4.13101402620183,1,1,"Zfp628","Cd74",0.2,0.04
-0.017682820943364,4.13101402620183,1,1,"Bloc1s3","Cd74",0.2,0.04
-0.017682820943364,4.13101402620183,1,1,"Zfp180","Cd74",0.2,0.04
-0.017682820943364,4.13101402620183,1,1,"Coq8b","Cd74",0.2,0.04
-0.017682820943364,4.13101402620183,1,1,"Zfp780b","Cd74",0.2,0.04
-0.017682820943364,4.13101402620183,1,1,"Asb7","Cd74",0.2,0.04
-0.017682820943364,4.13101402620183,1,1,"Vps33b","Cd74",0.2,0.04
-0.017682820943364,4.13101402620183,1,1,"Slx1b","Cd74",0.2,0.04
-0.017682820943364,4.13101402620183,1,1,"Bnip3","Cd74",0.2,0.04
-0.017682820943364,4.13101402620183,1,1,"Fbxo30","Cd74",0.2,0.04
-0.017682820943364,4.13101402620183,1,1,"Hivep2","Cd74",0.2,0.04
-0.017682820943364,4.13101402620183,1,1,"Fig4","Cd74",0.2,0.04
-0.017682820943364,4.13101402620183,1,1,"Izumo4","Cd74",0.2,0.04
-0.017682820943364,4.13101402620183,1,1,"Mdm1","Cd74",0.2,0.04
-0.017682820943364,4.13101402620183,1,1,"Coq10a","Cd74",0.2,0.04
-0.017682820943364,4.13101402620183,1,1,"Mcoln1","Cd74",0.2,0.04
-0.017682820943364,4.13101402620183,1,1,"Rfxank","Cd74",0.2,0.04
-0.017682820943364,4.13101402620183,1,1,"Zfp1","Cd74",0.2,0.04
-0.017682820943364,4.13101402620183,1,1,"Abcb10","Cd74",0.2,0.04
-0.017682820943364,4.13101402620183,1,1,"Mettl17","Cd74",0.2,0.04
-0.017682820943364,4.13101402620183,1,1,"Endod1","Cd74",0.2,0.04
-0.017682820943364,4.13101402620183,1,1,"Carm1","Cd74",0.2,0.04
-0.017682820943364,4.13101402620183,1,1,"Plscr1","Cd74",0.2,0.04
-0.017682820943364,4.13101402620183,1,1,"Wdr6","Cd74",0.2,0.04
-0.017682820943364,4.13101402620183,1,1,"Nipsnap1","Cd74",0.2,0.04
-0.017682820943364,4.13101402620183,1,1,"Pnpt1","Cd74",0.2,0.04
-0.017682820943364,4.13101402620183,1,1,"Mrnip","Cd74",0.2,0.04
-0.017682820943364,4.13101402620183,1,1,"Gemin5","Cd74",0.2,0.04
-0.017682820943364,4.13101402620183,1,1,"Nlrp3","Cd74",0.2,0.04
-0.017682820943364,4.13101402620183,1,1,"Flcn","Cd74",0.2,0.04
-0.017682820943364,4.13101402620183,1,1,"Tsr1","Cd74",0.2,0.04
-0.017682820943364,4.13101402620183,1,1,"Map2k6","Cd74",0.2,0.04
-0.017682820943364,4.13101402620183,1,1,"Gaa","Cd74",0.2,0.04
-0.017682820943364,4.13101402620183,1,1,"Tbc1d7","Cd74",0.2,0.04
-0.017682820943364,4.13101402620183,1,1,"Ninj1","Cd74",0.2,0.04
-0.017682820943364,4.13101402620183,1,1,"Zfp825","Cd74",0.2,0.04
-0.017682820943364,4.13101402620183,1,1,"Slc39a9","Cd74",0.2,0.04
-0.017682820943364,4.13101402620183,1,1,"Rad1","Cd74",0.2,0.04
-0.017682820943364,4.13101402620183,1,1,"Slc45a4","Cd74",0.2,0.04
-0.017682820943364,4.13101402620183,1,1,"Alg10b","Cd74",0.2,0.04
-0.017682820943364,4.13101402620183,1,1,"Bcdin3d","Cd74",0.2,0.04
-0.017682820943364,4.13101402620183,1,1,"Rubcn","Cd74",0.2,0.04
-0.017682820943364,4.13101402620183,1,1,"Ift57","Cd74",0.2,0.04
-0.017682820943364,4.13101402620183,1,1,"Wdr90","Cd74",0.2,0.04
-0.017682820943364,4.13101402620183,1,1,"Ergic1","Cd74",0.2,0.04
-0.017682820943364,4.13101402620183,1,1,"Wdr4","Cd74",0.2,0.04
-0.017682820943364,4.13101402620183,1,1,"Zfp472","Cd74",0.2,0.04
-0.017682820943364,4.13101402620183,1,1,"Atat1","Cd74",0.2,0.04
-0.017682820943364,4.13101402620183,1,1,"AW554918","Cd74",0.2,0.04
-0.017682820943364,4.13101402620183,1,1,"Pias2","Cd74",0.2,0.04
-0.017682820943364,4.13101402620183,1,1,"Zfp407","Cd74",0.2,0.04
-0.017682820943364,4.13101402620183,1,1,"Lrp5","Cd74",0.2,0.04
-0.017682820943364,4.13101402620183,1,1,"Gm10053","Cd74",0.2,0.04
-0.017682820943364,4.13101402620183,1,1,"Plpp6","Cd74",0.2,0.04
-0.017682820943364,4.13101402620183,1,1,"Twnk","Cd74",0.2,0.04
0.0142581295878834,6.99931062432701,1,1,"Stk24","Cd74",0.2,0.04
0.0142581295878834,6.99931062432701,1,1,"Actr10","Cd74",0.2,0.04
0.0142581295878834,6.99931062432701,1,1,"Brd4","Cd74",0.2,0.04
0.0142220831476079,6.05388070806935,1,1,"Hcfc1","Cd74",0.2,0.04
0.0142220831476079,6.05388070806935,1,1,"Klf3","Cd74",0.2,0.04
0.0142220831476079,6.05388070806935,1,1,"Sdad1","Cd74",0.2,0.04
0.0142220831476079,6.05388070806935,1,1,"Rnf10","Cd74",0.2,0.04
0.0142220831476079,6.05388070806935,1,1,"Fmc1","Cd74",0.2,0.04
0.0142220831476079,6.05388070806935,1,1,"Arl8b","Cd74",0.2,0.04
0.0142220831476079,6.05388070806935,1,1,"Plekha1","Cd74",0.2,0.04
0.0142220831476079,6.05388070806935,1,1,"Rfx7","Cd74",0.2,0.04
0.0125145052914088,8.84768711333079,1,1,"Atp5d","Cd74",0.2,0.04
-0.0119369831679071,8.35985829312901,1,1,"Cotl1","Cd74",0.2,0.04
0.0112906052601378,7.13379685280646,1,1,"Crlf2","Cd74",0.2,0.04
0.0112906052601378,7.13379685280646,1,1,"Uqcrc1","Cd74",0.2,0.04
0.0104342461351387,8.72823098430485,1,1,"Snrpb","Cd74",0.2,0.04
-0.00965273734161786,7.91429734954715,1,1,"St8sia4","Cd74",0.2,0.04
-0.00918113820657037,7.83770394294892,1,1,"Srsf11","Cd74",0.2,0.04
0.00882128551925885,7.25677419099775,1,1,"Slbp","Cd74",0.2,0.04
0.00882128551925885,7.25677419099775,1,1,"Ndufs7","Cd74",0.2,0.04
0.0088027203886614,6.30272465207004,1,1,"Prelid3b","Cd74",0.2,0.04
0.0088027203886614,6.30272465207004,1,1,"Ankrd17","Cd74",0.2,0.04
0.00774366060293046,8.29214010745789,1,1,"Tln1","Cd74",0.2,0.04
-0.00738829000477047,7.57995793465617,1,1,"Tecr","Cd74",0.2,0.04
0.00674316825312899,8.92623030998365,1,1,"Ctsz","Cd74",0.2,0.04
0.00673442148534107,7.37005940572293,1,1,"Cdc5l","Cd74",0.2,0.04
0.00494754395951831,7.47507034601934,1,1,"Khdrbs1","Cd74",0.2,0.04
0.00493862555101456,6.51481020354719,1,1,"Chmp5","Cd74",0.2,0.04
0.00493862555101456,6.51481020354719,1,1,"Picalm","Cd74",0.2,0.04
0.00493862555101456,6.51481020354719,1,1,"Ppil4","Cd74",0.2,0.04
0.00493862555101456,6.51481020354719,1,1,"Cd2ap","Cd74",0.2,0.04
-0.00347635202962061,8.11774430954913,1,1,"Anp32a","Cd74",0.2,0.04
-0.00347237068783232,7.14374026533747,1,1,"Rfc2","Cd74",0.2,0.04
-0.00347237068783232,7.14374026533747,1,1,"B230219D22Rik","Cd74",0.2,0.04
0.00204752554167383,7.664564578302,1,1,"Ier5","Cd74",0.2,0.04
0.0020442978303371,6.69961361921962,1,1,"Exosc5","Cd74",0.2,0.04
0.0020442978303371,6.69961361921962,1,1,"March1","Cd74",0.2,0.04
-0.00200239375493568,7.01036775785687,1,1,"Lamtor5","Cd74",0.2,0.04
-0.00200239375493568,7.01036775785687,1,1,"Tpi1","Cd74",0.2,0.04
-0.00200239375493568,7.01036775785687,1,1,"Trp53","Cd74",0.2,0.04
-0.00200239375493568,7.01036775785687,1,1,"Polr2f","Cd74",0.2,0.04
-0.00115250679444606,7.90891521501988,1,1,"Raly","Cd74",0.2,0.04
0.000854713297582478,7.75070737483753,1,1,"Arpc4","Cd74",0.2,0.04
0.000854713297582478,7.75070737483753,1,1,"Cyth4","Cd74",0.2,0.04
-0.000204635627074659,6.8633621043859,1,1,"Ccnl1","Cd74",0.2,0.04
-0.000204635627074659,6.8633621043859,1,1,"Tprgl","Cd74",0.2,0.04
-0.000204635627074659,6.8633621043859,1,1,"Ndufs4","Cd74",0.2,0.04
