"logFC","logCPM","PValue","FDR","gene","celltype","bcv","dispersion"
5.95488320230929,9.51259012203912,3.4778788272631e-11,2.93393857867915e-07,"Ube2c","Siglech",0.2,0.04
8.77965142748604,9.30225351792579,2.96087473987693e-10,1.24889696528009e-06,"Cenpf","Siglech",0.2,0.04
8.44348005986183,8.98264688321036,7.89452857100667e-09,2.21994143416707e-05,"Apoe","Siglech",0.2,0.04
3.25522611474541,9.5886081510968,1.46378036668316e-06,0.00308711279333479,"Tubb4b","Siglech",0.2,0.04
-7.69599747722792,8.4780705630043,2.40376685247575e-06,0.00405563543349709,"Cd74","Siglech",0.2,0.04
7.37007480846535,8.01491936481147,3.04594141050698e-05,0.0428259362317281,"Dapp1","Siglech",0.2,0.04
3.04761487692681,8.96067065769483,4.26832547310322e-05,0.0514394195587125,"Ifi27l2a","Siglech",0.2,0.04
4.6372473622249,8.31569922761559,4.95960875072039e-05,0.0522990742763465,"Vamp5","Siglech",0.2,0.04
7.20123950699022,7.8725955473072,7.55367711316004e-05,0.0637228201266181,"Cdc20","Siglech",0.2,0.04
7.20123950699022,7.8725955473072,7.55367711316004e-05,0.0637228201266181,"Tspan32","Siglech",0.2,0.04
-4.14171330149075,8.34982769466501,0.000109595668558131,0.0726093358585614,"Ms4a6c","Siglech",0.2,0.04
7.10878352772182,7.79605909437492,0.00012049913490041,0.0726093358585614,"Cenpa","Siglech",0.2,0.04
-7.08960115820194,7.97249044958728,0.00012049913490041,0.0726093358585614,"S100a11","Siglech",0.2,0.04
-7.08960115820194,7.97249044958728,0.00012049913490041,0.0726093358585614,"Emb","Siglech",0.2,0.04
-1.82958506002839,11.310565597688,0.000154123207991929,0.0866788921746606,"Plac8","Siglech",0.2,0.04
-7.01218698957966,7.91014358023787,0.000193974217156757,0.0999044218867057,"Ccr2","Siglech",0.2,0.04
-2.891279116207,8.98920890943569,0.000211448139687593,0.0999044218867057,"Sox4","Siglech",0.2,0.04
-1.86517597805919,10.8208695804048,0.000213167329772487,0.0999044218867057,"Tyrobp","Siglech",0.2,0.04
-6.93038210582688,7.84486909862503,0.00031520810287973,0.124768177613945,"Cd209d","Siglech",0.2,0.04
-6.93038210582688,7.84486909862503,0.00031520810287973,0.124768177613945,"Tmem229b","Siglech",0.2,0.04
-1.68285280324796,11.5783028177184,0.00035966408925886,0.124768177613945,"Rpl37","Siglech",0.2,0.04
-1.71861506650267,11.2591623301346,0.000367120874476363,0.124768177613945,"Rps27","Siglech",0.2,0.04
-3.89170979141691,8.14975027065023,0.0003765891198445,0.124768177613945,"Napsa","Siglech",0.2,0.04
3.3591147604347,8.06978139118697,0.0003765891198445,0.124768177613945,"Pbx1","Siglech",0.2,0.04
3.3591147604347,8.06978139118697,0.0003765891198445,0.124768177613945,"Nrgn","Siglech",0.2,0.04
1.98938782055821,9.85355417183383,0.000398109125102353,0.124768177613945,"Arl6ip1","Siglech",0.2,0.04
-2.23606159803507,9.65828563849963,0.000411285025634288,0.124768177613945,"Fcer1g","Siglech",0.2,0.04
-2.28871531110172,9.5597231711942,0.000414119129112193,0.124768177613945,"Cox6a2","Siglech",0.2,0.04
3.03915492455294,8.30485038387821,0.000506525759171368,0.147346596702402,"Pdcd4","Siglech",0.2,0.04
-1.69706403881927,10.9551392935799,0.000638815367419307,0.179634881318309,"Tmsb10","Siglech",0.2,0.04
-1.67338840920425,11.0885011482652,0.000669438335266924,0.182173606332638,"H2afy","Siglech",0.2,0.04
-1.65486976888637,11.1100839886197,0.000707171549295869,0.186428099683123,"Rpl36","Siglech",0.2,0.04
2.77713699788368,8.45807645318222,0.000829981190794849,0.207352033745344,"Kcnq1ot1","Siglech",0.2,0.04
-6.65280659442896,7.62836287914694,0.000857570223219348,0.207352033745344,"Hpf1","Siglech",0.2,0.04
2.50272182491692,8.76467598072949,0.000883969050650457,0.207352033745344,"Ptms","Siglech",0.2,0.04
-3.74832902927561,8.03774622793509,0.000884859318970173,0.207352033745344,"Slpi","Siglech",0.2,0.04
6.66512043802988,7.44393983185816,0.00143700956323242,0.319016123037597,"Tacc3","Siglech",0.2,0.04
6.66512043802988,7.44393983185816,0.00143700956323242,0.319016123037597,"Ccnb1","Siglech",0.2,0.04
-2.4215304180741,8.90187160449285,0.00151664514445095,0.323174017265926,"Sell","Siglech",0.2,0.04
-1.61089051542735,10.6299150293689,0.00157555521108884,0.323174017265926,"Rps28","Siglech",0.2,0.04
2.80607492640618,8.12790278168248,0.00159793251009649,0.323174017265926,"Gnl3","Siglech",0.2,0.04
2.01640244157399,9.19972209716448,0.0016089744814093,0.323174017265926,"Mki67","Siglech",0.2,0.04
2.0232258748269,9.07699546279203,0.00172832721239522,0.33907368287828,"Dnaja1","Siglech",0.2,0.04
-1.36370307013513,12.5752067487071,0.00200226383391765,0.383888584157485,"Eef1a1","Siglech",0.2,0.04
-2.76534845852878,8.53440594230319,0.00227586772527323,0.413947969708159,"Hes6","Siglech",0.2,0.04
-2.76534845852878,8.53440594230319,0.00227586772527323,0.413947969708159,"Ly86","Siglech",0.2,0.04
-1.3879547565311,11.8912096421826,0.00230625350596058,0.413947969708159,"Rps19","Siglech",0.2,0.04
2.7191888826086,8.06400963930935,0.0023648225458361,0.415617562430694,"Rap1b","Siglech",0.2,0.04
-1.350816437694,12.0934856106278,0.00276370542304695,0.475808549976002,"Rpl23","Siglech",0.2,0.04
-3.41011397403954,7.78232772436111,0.00334605524595407,0.54917253709752,"Gm2a","Siglech",0.2,0.04
-3.41011397403954,7.78232772436111,0.00334605524595407,0.54917253709752,"Ttc3","Siglech",0.2,0.04
2.48921686956108,8.24263168315053,0.00338513180761866,0.54917253709752,"Cdca8","Siglech",0.2,0.04
-1.30573772408284,12.0154355101809,0.00393865759045704,0.596835652301171,"Rplp0","Siglech",0.2,0.04
6.37876944877528,7.23131542599845,0.00417417063605608,0.596835652301171,"Lockd","Siglech",0.2,0.04
6.37876944877528,7.23131542599845,0.00417417063605608,0.596835652301171,"Plk1","Siglech",0.2,0.04
6.37876944877528,7.23131542599845,0.00417417063605608,0.596835652301171,"Meis1","Siglech",0.2,0.04
6.37876944877528,7.23131542599845,0.00417417063605608,0.596835652301171,"Neat1","Siglech",0.2,0.04
-6.30878828953949,7.37183710584205,0.00417417063605608,0.596835652301171,"Clec10a","Siglech",0.2,0.04
-6.30878828953949,7.37183710584205,0.00417417063605608,0.596835652301171,"Hist1h2ae","Siglech",0.2,0.04
-1.86090052381551,9.37326763523864,0.00434191207434668,0.610472837653143,"Pclaf","Siglech",0.2,0.04
-1.28080778523354,12.1175484780132,0.0045197572270728,0.615870127579684,"Rplp1","Siglech",0.2,0.04
-1.29382313430051,11.8243257954578,0.00452630961473926,0.615870127579684,"Rpl18a","Siglech",0.2,0.04
-1.25794840864239,12.0725072809235,0.00491306574983598,0.657882899454227,"Rps29","Siglech",0.2,0.04
-1.25431309925781,12.0101542667967,0.00552781633858075,0.728635291129175,"Rps12","Siglech",0.2,0.04
-1.40762622622699,10.4830626897013,0.00602055754523865,0.781375745409742,"Rpl35","Siglech",0.2,0.04
1.51858937972079,9.96477264676259,0.00625300244558797,0.790650837048375,"Ncl","Siglech",0.2,0.04
-1.29629667675525,11.1910110554726,0.00627946966361322,0.790650837048375,"Rpl10a","Siglech",0.2,0.04
-1.48670761082532,10.2205670337242,0.00643044635265665,0.797753609279581,"Rpl7a","Siglech",0.2,0.04
-1.53007945626307,9.91769223450487,0.00695565550647547,0.825749167591564,"Sh3bgrl3","Siglech",0.2,0.04
-1.33769534076506,10.880094812789,0.00706253030049122,0.825749167591564,"Rps25","Siglech",0.2,0.04
6.21100994455967,7.11257391892631,0.00724341375080319,0.825749167591564,"Cd81","Siglech",0.2,0.04
-6.17310348751158,7.27462782597598,0.00724341375080319,0.825749167591564,"Fdps","Siglech",0.2,0.04
-6.17310348751158,7.27462782597598,0.00724341375080319,0.825749167591564,"Ccnd2","Siglech",0.2,0.04
-6.17310348751158,7.27462782597598,0.00724341375080319,0.825749167591564,"Tmem160","Siglech",0.2,0.04
3.08098347317996,7.86045234576578,0.00786477280471941,0.872989781323854,"Bub3","Siglech",0.2,0.04
3.08098347317996,7.86045234576578,0.00786477280471941,0.872989781323854,"Ccnb2","Siglech",0.2,0.04
3.64437286346684,7.53346325706146,0.00839028164338929,0.903285643492643,"Nup37","Siglech",0.2,0.04
3.64437286346684,7.53346325706146,0.00839028164338929,0.903285643492643,"Supt16","Siglech",0.2,0.04
-2.47158933135643,8.31284255568867,0.00845893383545742,0.903285643492643,"Igfbp4","Siglech",0.2,0.04
-1.18599319051332,11.7133825674399,0.00967076686034759,1,"Rpl26","Siglech",0.2,0.04
2.22792558881754,8.05824362124777,0.0100337229032323,1,"Cct3","Siglech",0.2,0.04
-1.14654377199294,12.2374314543517,0.0101679407663857,1,"Rps20","Siglech",0.2,0.04
-1.28259193579887,10.8062081302998,0.0104750262568804,1,"Rpl36a","Siglech",0.2,0.04
1.55046639569813,9.45540449573538,0.0108507847600581,1,"Top2a","Siglech",0.2,0.04
-1.13402908824361,12.0994575227457,0.0108590026967982,1,"Rpl39","Siglech",0.2,0.04
-1.48089582598228,9.63716053300767,0.0114401652168022,1,"Mbnl1","Siglech",0.2,0.04
2.97492903125133,7.78371039229881,0.0118324272465622,1,"Nedd4","Siglech",0.2,0.04
-1.2129229952436,11.0769463113016,0.0121189434081781,1,"Rps21","Siglech",0.2,0.04
-1.13759335325716,11.6247357040686,0.012637590667109,1,"Rps13","Siglech",0.2,0.04
-6.02332016705059,7.17012515320418,0.0127308484105026,1,"Bmyc","Siglech",0.2,0.04
-6.02332016705059,7.17012515320418,0.0127308484105026,1,"Ddrgk1","Siglech",0.2,0.04
-6.02332016705059,7.17012515320418,0.0127308484105026,1,"Cd24a","Siglech",0.2,0.04
-6.02332016705059,7.17012515320418,0.0127308484105026,1,"Tsc22d1","Siglech",0.2,0.04
-6.02332016705059,7.17012515320418,0.0127308484105026,1,"Cd300c","Siglech",0.2,0.04
-6.02332016705059,7.17012515320418,0.0127308484105026,1,"Lifr","Siglech",0.2,0.04
-6.02332016705059,7.17012515320418,0.0127308484105026,1,"Srebf2","Siglech",0.2,0.04
-6.02332016705059,7.17012515320418,0.0127308484105026,1,"Parvg","Siglech",0.2,0.04
6.02114430971419,6.98365206508165,0.0127308484105026,1,"Ctla2a","Siglech",0.2,0.04
6.02114430971419,6.98365206508165,0.0127308484105026,1,"Serpina3g","Siglech",0.2,0.04
6.02114430971419,6.98365206508165,0.0127308484105026,1,"Muc13","Siglech",0.2,0.04
6.02114430971419,6.98365206508165,0.0127308484105026,1,"H2-M3","Siglech",0.2,0.04
1.7790239247464,8.90202441574885,0.0131493170897347,1,"Nucks1","Siglech",0.2,0.04
-1.11501311756908,12.0313012178096,0.0133761299663979,1,"Rps4x","Siglech",0.2,0.04
3.50829022651814,7.43731720783622,0.0134120892568359,1,"Hmmr","Siglech",0.2,0.04
3.50829022651814,7.43731720783622,0.0134120892568359,1,"Itga2b","Siglech",0.2,0.04
-3.09152968788569,7.5542549525403,0.0134120892568359,1,"Tmem234","Siglech",0.2,0.04
-3.09152968788569,7.5542549525403,0.0134120892568359,1,"Brd7","Siglech",0.2,0.04
-1.08908808682274,12.3396752757577,0.0134124946431067,1,"Rpl32","Siglech",0.2,0.04
-1.12653434729144,11.7434878745571,0.0134608698142129,1,"Rps14","Siglech",0.2,0.04
-1.38658836182278,9.88947485164008,0.0143994615923267,1,"Rpl22l1","Siglech",0.2,0.04
-1.62899221457187,9.20534072818718,0.0145837198402808,1,"Ramp1","Siglech",0.2,0.04
-1.62899221457187,9.20534072818718,0.0145837198402808,1,"AC140186.1","Siglech",0.2,0.04
-1.84317035975601,8.70310884893683,0.015305393689328,1,"Psma7","Siglech",0.2,0.04
-1.1377261196231,11.2622527002689,0.0160214174487304,1,"Rps26","Siglech",0.2,0.04
1.11719378846502,11.3475409058575,0.0160430225504231,1,"Hmgb2","Siglech",0.2,0.04
-1.10852254217026,11.5860081714757,0.0160725101726381,1,"Irf8","Siglech",0.2,0.04
-2.33500122696044,8.21323514704432,0.0164928812324195,1,"Hist1h2ap","Siglech",0.2,0.04
-1.59259584120988,9.17959894215086,0.0178604414820619,1,"mt-Nd5","Siglech",0.2,0.04
-2.38452408930418,7.78828575949753,0.0178622178785732,1,"Cd44","Siglech",0.2,0.04
-2.38452408930418,7.78828575949753,0.0178622178785732,1,"Lair1","Siglech",0.2,0.04
-2.38452408930418,7.78828575949753,0.0178622178785732,1,"Jaml","Siglech",0.2,0.04
2.30741555346864,7.77754939099105,0.0178622178785732,1,"Rgs18","Siglech",0.2,0.04
1.48918832527812,9.2437537829087,0.0181211222691608,1,"Sfpq","Siglech",0.2,0.04
-1.10396340907393,11.3557924033753,0.0189529391854994,1,"Rpl37a","Siglech",0.2,0.04
-1.11689878266412,11.3190990304559,0.0190215172412691,1,"Rpl6","Siglech",0.2,0.04
-1.07288480435005,11.7413247732803,0.0191106764452115,1,"Fau","Siglech",0.2,0.04
-1.93840954393557,8.54413299544267,0.0191373658007543,1,"Krit1","Siglech",0.2,0.04
-1.04170716210651,12.023457541978,0.0199324603593806,1,"Rps15a","Siglech",0.2,0.04
1.69849450299564,8.70898140097433,0.0206237559046141,1,"Smc4","Siglech",0.2,0.04
-1.03324799136706,11.9188301740915,0.021007339148959,1,"Rps10","Siglech",0.2,0.04
1.66845859045841,8.82596310331905,0.0210963346562918,1,"Hspd1","Siglech",0.2,0.04
1.66845859045841,8.82596310331905,0.0210963346562918,1,"Anp32e","Siglech",0.2,0.04
-2.96751616061316,7.46907170101594,0.0215665482862897,1,"Lamp2","Siglech",0.2,0.04
-2.96751616061316,7.46907170101594,0.0215665482862897,1,"Eri1","Siglech",0.2,0.04
-2.96751616061316,7.46907170101594,0.0215665482862897,1,"Anapc13","Siglech",0.2,0.04
-2.96751616061316,7.46907170101594,0.0215665482862897,1,"Polr2k","Siglech",0.2,0.04
-2.96751616061316,7.46907170101594,0.0215665482862897,1,"Gm16286","Siglech",0.2,0.04
-2.96751616061316,7.46907170101594,0.0215665482862897,1,"mt-Nd4l","Siglech",0.2,0.04
-1.55525744182658,9.1533690936134,0.0218721508126955,1,"Arpc1b","Siglech",0.2,0.04
1.43532565332308,9.37677727230666,0.0221029926398755,1,"H2afx","Siglech",0.2,0.04
-5.85616508752558,7.05715182267757,0.0226768237312078,1,"Rbms1","Siglech",0.2,0.04
-5.85616508752558,7.05715182267757,0.0226768237312078,1,"Fam133b","Siglech",0.2,0.04
-5.85616508752558,7.05715182267757,0.0226768237312078,1,"Serpinb1a","Siglech",0.2,0.04
-5.85616508752558,7.05715182267757,0.0226768237312078,1,"Cd180","Siglech",0.2,0.04
-5.85616508752558,7.05715182267757,0.0226768237312078,1,"Csf2rb","Siglech",0.2,0.04
-5.85616508752558,7.05715182267757,0.0226768237312078,1,"Chd1","Siglech",0.2,0.04
5.80244950242382,6.84262415383937,0.0226768237312078,1,"Sgo2a","Siglech",0.2,0.04
5.80244950242382,6.84262415383937,0.0226768237312078,1,"Wdr12","Siglech",0.2,0.04
5.80244950242382,6.84262415383937,0.0226768237312078,1,"Cop1","Siglech",0.2,0.04
5.80244950242382,6.84262415383937,0.0226768237312078,1,"Chst1","Siglech",0.2,0.04
5.80244950242382,6.84262415383937,0.0226768237312078,1,"Fam189b","Siglech",0.2,0.04
5.80244950242382,6.84262415383937,0.0226768237312078,1,"Lrif1","Siglech",0.2,0.04
5.80244950242382,6.84262415383937,0.0226768237312078,1,"Ebna1bp2","Siglech",0.2,0.04
5.80244950242382,6.84262415383937,0.0226768237312078,1,"Sdsl","Siglech",0.2,0.04
5.80244950242382,6.84262415383937,0.0226768237312078,1,"Atg5","Siglech",0.2,0.04
5.80244950242382,6.84262415383937,0.0226768237312078,1,"Cdkn3","Siglech",0.2,0.04
5.80244950242382,6.84262415383937,0.0226768237312078,1,"Cenpv","Siglech",0.2,0.04
5.80244950242382,6.84262415383937,0.0226768237312078,1,"Zfr","Siglech",0.2,0.04
5.80244950242382,6.84262415383937,0.0226768237312078,1,"Tuba1c","Siglech",0.2,0.04
5.80244950242382,6.84262415383937,0.0226768237312078,1,"Umps","Siglech",0.2,0.04
-1.04497979979467,11.7056490744401,0.0227798583200866,1,"Rpl21","Siglech",0.2,0.04
-2.26153035977727,8.16060708949942,0.0230708535108059,1,"Flt3","Siglech",0.2,0.04
-2.26153035977727,8.16060708949942,0.0230708535108059,1,"Rrm2","Siglech",0.2,0.04
-1.06666359271858,11.4383765575839,0.0230748873102952,1,"Rpl10","Siglech",0.2,0.04
-1.02518405097466,11.6924447226052,0.0238790971685404,1,"Rpl41","Siglech",0.2,0.04
1.83871996344675,8.28860258844892,0.02451059843262,1,"Cdk1","Siglech",0.2,0.04
-1.00469473173756,11.8998321907998,0.0254193728210017,1,"Rpl27a","Siglech",0.2,0.04
1.73505576220389,8.58181947199045,0.0261053308212822,1,"Jpt1","Siglech",0.2,0.04
-1.00903954687793,11.6645570124156,0.0261861314525815,1,"Fth1","Siglech",0.2,0.04
-1.04775726862539,11.3402427251013,0.0262726548542313,1,"Rps6","Siglech",0.2,0.04
1.6098269479609,8.78645555126761,0.0267200218012567,1,"Fubp1","Siglech",0.2,0.04
2.73610964767677,7.61747263533364,0.0270427099219053,1,"Cdca3","Siglech",0.2,0.04
2.73610964767677,7.61747263533364,0.0270427099219053,1,"Ndufc2","Siglech",0.2,0.04
-2.2787113658351,7.71644576187307,0.0270427099219053,1,"Sdf4","Siglech",0.2,0.04
-2.2787113658351,7.71644576187307,0.0270427099219053,1,"Arpp19","Siglech",0.2,0.04
2.18306981364826,7.6966060538945,0.0270427099219053,1,"Nktr","Siglech",0.2,0.04
-1.05646234146569,11.1328586362707,0.0279752659236212,1,"Rpl5","Siglech",0.2,0.04
0.932219228805415,13.4259341484209,0.0282039189104664,1,"Malat1","Siglech",0.2,0.04
-0.991106901530234,11.846249986172,0.0289074229361446,1,"Rps9","Siglech",0.2,0.04
-2.57537583768835,7.92167260438056,0.0303481479751617,1,"Gnb1","Siglech",0.2,0.04
-2.57537583768835,7.92167260438056,0.0303481479751617,1,"Abhd17a","Siglech",0.2,0.04
-2.184116191155,8.10589761903644,0.0322922385746993,1,"Mvb12a","Siglech",0.2,0.04
1.81703471221589,8.05248341177665,0.0322922385746993,1,"Cacybp","Siglech",0.2,0.04
1.40201248469916,9.09311818375932,0.032778546993928,1,"Birc5","Siglech",0.2,0.04
-1.93271749930103,8.26921375974598,0.033376343413611,1,"Scand1","Siglech",0.2,0.04
1.75183391964916,8.23163840556398,0.033376343413611,1,"Snrpd3","Siglech",0.2,0.04
-1.41299440782491,8.91909507454876,0.033533086457341,1,"Lcp1","Siglech",0.2,0.04
1.41302638050674,8.78182208443781,0.0338323320140068,1,"Vdac2","Siglech",0.2,0.04
1.70300126730944,8.39125575050917,0.0339102218453729,1,"Smc1a","Siglech",0.2,0.04
-1.75508424329958,8.41588744297651,0.0339102218453729,1,"BC035044","Siglech",0.2,0.04
-1.68053592799326,8.58916925533845,0.0340883821040597,1,"Psmb4","Siglech",0.2,0.04
3.19026236999662,7.22445089470182,0.0348666017835272,1,"Txn2","Siglech",0.2,0.04
3.19026236999662,7.22445089470182,0.0348666017835272,1,"Wdr43","Siglech",0.2,0.04
-2.83183135858525,7.37832331670057,0.0348666017835272,1,"Adh5","Siglech",0.2,0.04
-2.83183135858525,7.37832331670057,0.0348666017835272,1,"Ezh2","Siglech",0.2,0.04
-2.83183135858525,7.37832331670057,0.0348666017835272,1,"Cirbp","Siglech",0.2,0.04
-2.83183135858525,7.37832331670057,0.0348666017835272,1,"St3gal4","Siglech",0.2,0.04
-0.957268502258028,11.6813039966311,0.0361416707867187,1,"Rps5","Siglech",0.2,0.04
-5.66707354115591,6.93422185827779,0.0409645848047624,1,"Ptpra","Siglech",0.2,0.04
-5.66707354115591,6.93422185827779,0.0409645848047624,1,"Mrpl24","Siglech",0.2,0.04
-5.66707354115591,6.93422185827779,0.0409645848047624,1,"Mrps21","Siglech",0.2,0.04
-5.66707354115591,6.93422185827779,0.0409645848047624,1,"Cnn3","Siglech",0.2,0.04
-5.66707354115591,6.93422185827779,0.0409645848047624,1,"Exosc3","Siglech",0.2,0.04
-5.66707354115591,6.93422185827779,0.0409645848047624,1,"Ppt1","Siglech",0.2,0.04
-5.66707354115591,6.93422185827779,0.0409645848047624,1,"Dck","Siglech",0.2,0.04
-5.66707354115591,6.93422185827779,0.0409645848047624,1,"Glipr1","Siglech",0.2,0.04
-5.66707354115591,6.93422185827779,0.0409645848047624,1,"Lyz2","Siglech",0.2,0.04
-5.66707354115591,6.93422185827779,0.0409645848047624,1,"Chd3os","Siglech",0.2,0.04
-5.66707354115591,6.93422185827779,0.0409645848047624,1,"BC005537","Siglech",0.2,0.04
-5.66707354115591,6.93422185827779,0.0409645848047624,1,"Atp6v1d","Siglech",0.2,0.04
-5.66707354115591,6.93422185827779,0.0409645848047624,1,"5031439G07Rik","Siglech",0.2,0.04
-5.66707354115591,6.93422185827779,0.0409645848047624,1,"H2-Aa","Siglech",0.2,0.04
2.60002701072807,7.52696856346028,0.0410320311307923,1,"Tpx2","Siglech",0.2,0.04
2.60002701072807,7.52696856346028,0.0410320311307923,1,"Cenpe","Siglech",0.2,0.04
-2.16451931168725,7.64067687856794,0.0410320311307923,1,"Fam174a","Siglech",0.2,0.04
-2.16451931168725,7.64067687856794,0.0410320311307923,1,"Cst7","Siglech",0.2,0.04
-2.16451931168725,7.64067687856794,0.0410320311307923,1,"Pnp","Siglech",0.2,0.04
-2.16451931168725,7.64067687856794,0.0410320311307923,1,"Hexa","Siglech",0.2,0.04
2.04698717669956,7.61110027843435,0.0410320311307923,1,"Prc1","Siglech",0.2,0.04
2.04698717669956,7.61110027843435,0.0410320311307923,1,"Higd1a","Siglech",0.2,0.04
2.04698717669956,7.61110027843435,0.0410320311307923,1,"Nudcd3","Siglech",0.2,0.04
2.04698717669956,7.61110027843435,0.0410320311307923,1,"Arhgap5","Siglech",0.2,0.04
-0.995552682299185,10.9016945691744,0.0420483269360729,1,"Rpl24","Siglech",0.2,0.04
-0.91197327643339,11.9915558116959,0.0420891761560543,1,"Rps23","Siglech",0.2,0.04
-1.06422229862101,10.2475658613408,0.0433401101940302,1,"Psap","Siglech",0.2,0.04
1.27131586088459,9.34588530139573,0.0436842254264311,1,"Ube2s","Siglech",0.2,0.04
1.56790068267889,8.62218733332657,0.0436929906786516,1,"Hp1bp3","Siglech",0.2,0.04
1.90860823894598,7.84834116348712,0.0439913106172877,1,"Uba5","Siglech",0.2,0.04
-0.85649351112004,13.4673016071096,0.044128882384012,1,"mt-Co3","Siglech",0.2,0.04
-1.62197821602256,8.54899940345199,0.0444890890976636,1,"Wasf2","Siglech",0.2,0.04
-1.56094277511738,8.50762486710124,0.0444890890976636,1,"Rfc2","Siglech",0.2,0.04
-0.905512068154346,11.892159123388,0.0447049193000733,1,"Rps18","Siglech",0.2,0.04
-1.28959090753038,9.3149051141712,0.0448790152364769,1,"Vim","Siglech",0.2,0.04
-1.28959090753038,9.3149051141712,0.0448790152364769,1,"Eif3f","Siglech",0.2,0.04
-1.05783795526155,10.3352164827401,0.0450972735407335,1,"Pgls","Siglech",0.2,0.04
-1.85924663211787,8.21859135275047,0.0454359592573193,1,"Fen1","Siglech",0.2,0.04
-1.2948290650575,9.21306509883981,0.0461632848677199,1,"Aes","Siglech",0.2,0.04
-0.8512390257085,13.3832774677861,0.0466613053764113,1,"mt-Atp6","Siglech",0.2,0.04
-0.91552896650788,11.5324620089371,0.048354646228444,1,"Rpl3","Siglech",0.2,0.04
-0.934712162269756,11.1028216655459,0.0502383639533133,1,"Rack1","Siglech",0.2,0.04
-0.974635031169184,10.5623593115537,0.0512993869713516,1,"Bst2","Siglech",0.2,0.04
-0.879828723216632,11.68012521518,0.0533282501605953,1,"Rps7","Siglech",0.2,0.04
-1.01219291853306,10.3489656670075,0.0533767420383371,1,"Cfl1","Siglech",0.2,0.04
1.2203022197831,9.23592395951013,0.0535034600771821,1,"Cks1b","Siglech",0.2,0.04
-0.9091159266188,11.2269675048885,0.053937016972568,1,"Rpl34","Siglech",0.2,0.04
-1.38240931239376,8.74822951131937,0.0541358004335875,1,"Irf2bp2","Siglech",0.2,0.04
-1.38240931239376,8.74822951131937,0.0541358004335875,1,"Gm10076","Siglech",0.2,0.04
-1.38240931239376,8.74822951131937,0.0541358004335875,1,"Gdi2","Siglech",0.2,0.04
3.00039673515114,7.10558309609002,0.0566303256880976,1,"Psmd1","Siglech",0.2,0.04
3.00039673515114,7.10558309609002,0.0566303256880976,1,"Ckap5","Siglech",0.2,0.04
3.00039673515114,7.10558309609002,0.0566303256880976,1,"Zfp106","Siglech",0.2,0.04
3.00039673515114,7.10558309609002,0.0566303256880976,1,"Rae1","Siglech",0.2,0.04
3.00039673515114,7.10558309609002,0.0566303256880976,1,"Rfc1","Siglech",0.2,0.04
3.00039673515114,7.10558309609002,0.0566303256880976,1,"Gas2l3","Siglech",0.2,0.04
3.00039673515114,7.10558309609002,0.0566303256880976,1,"Cyb5b","Siglech",0.2,0.04
3.00039673515114,7.10558309609002,0.0566303256880976,1,"Kif11","Siglech",0.2,0.04
-2.68204803812426,7.28123484222551,0.0566303256880976,1,"Ptpa","Siglech",0.2,0.04
-2.68204803812426,7.28123484222551,0.0566303256880976,1,"Arhgef6","Siglech",0.2,0.04
-2.68204803812426,7.28123484222551,0.0566303256880976,1,"Pdap1","Siglech",0.2,0.04
-2.68204803812426,7.28123484222551,0.0566303256880976,1,"Rassf4","Siglech",0.2,0.04
-2.68204803812426,7.28123484222551,0.0566303256880976,1,"Epn1","Siglech",0.2,0.04
-2.68204803812426,7.28123484222551,0.0566303256880976,1,"Rwdd1","Siglech",0.2,0.04
-2.68204803812426,7.28123484222551,0.0566303256880976,1,"Tifab","Siglech",0.2,0.04
-2.68204803812426,7.28123484222551,0.0566303256880976,1,"Ntan1","Siglech",0.2,0.04
-0.830049629588657,12.4255948564983,0.058900454178006,1,"Rpsa","Siglech",0.2,0.04
-1.35252922971606,9.01418797678978,0.0598914590006779,1,"Slc25a3","Siglech",0.2,0.04
-0.858883359163418,11.6666726176106,0.0602623856309928,1,"Rpl35a","Siglech",0.2,0.04
-0.847276131184555,11.8825060096577,0.0605642552283911,1,"Rps3","Siglech",0.2,0.04
-0.861156070185811,11.5507833843033,0.0610076561727166,1,"Rpl11","Siglech",0.2,0.04
-1.05079217642207,9.79793170482097,0.0613407448962843,1,"Tcf4","Siglech",0.2,0.04
-0.968357052139147,10.2765900958024,0.0617094925850173,1,"Rpl31","Siglech",0.2,0.04
-1.7818324634956,8.16604299692501,0.0618006707791585,1,"Bcl2","Siglech",0.2,0.04
1.56058867619201,8.11089070894182,0.0618006707791585,1,"Taok3","Siglech",0.2,0.04
1.56058867619201,8.11089070894182,0.0618006707791585,1,"Fkbp4","Siglech",0.2,0.04
2.44975865842217,7.43070798968351,0.0623388434335588,1,"Cenpw","Siglech",0.2,0.04
2.44975865842217,7.43070798968351,0.0623388434335588,1,"Reep4","Siglech",0.2,0.04
2.44975865842217,7.43070798968351,0.0623388434335588,1,"Nde1","Siglech",0.2,0.04
-2.04050578441472,7.56052540587364,0.0623388434335588,1,"Atp13a2","Siglech",0.2,0.04
-2.04050578441472,7.56052540587364,0.0623388434335588,1,"Psmc4","Siglech",0.2,0.04
-2.04050578441472,7.56052540587364,0.0623388434335588,1,"Map1lc3b","Siglech",0.2,0.04
-2.04050578441472,7.56052540587364,0.0623388434335588,1,"Gps2","Siglech",0.2,0.04
-2.04050578441472,7.56052540587364,0.0623388434335588,1,"Fam117a","Siglech",0.2,0.04
-2.04050578441472,7.56052540587364,0.0623388434335588,1,"Cnp","Siglech",0.2,0.04
-2.04050578441472,7.56052540587364,0.0623388434335588,1,"Basp1","Siglech",0.2,0.04
-2.04050578441472,7.56052540587364,0.0623388434335588,1,"Brd4","Siglech",0.2,0.04
1.89671882439366,7.52048605400278,0.0623388434335588,1,"Knl1","Siglech",0.2,0.04
1.89671882439366,7.52048605400278,0.0623388434335588,1,"Ube2n","Siglech",0.2,0.04
1.89671882439366,7.52048605400278,0.0623388434335588,1,"Cdh5","Siglech",0.2,0.04
1.89671882439366,7.52048605400278,0.0623388434335588,1,"Psmd12","Siglech",0.2,0.04
1.89671882439366,7.52048605400278,0.0623388434335588,1,"Zcchc6","Siglech",0.2,0.04
-0.867604157128837,11.1548661918849,0.0630545155933253,1,"Rpl7","Siglech",0.2,0.04
1.71098027028726,7.9855943002436,0.0632342788214804,1,"Ddx6","Siglech",0.2,0.04
1.71098027028726,7.9855943002436,0.0632342788214804,1,"Clint1","Siglech",0.2,0.04
-2.01558754438846,7.98952510335862,0.0632342788214804,1,"Ikzf1","Siglech",0.2,0.04
-0.911118522571049,10.8467076345652,0.063367859375339,1,"Lgals1","Siglech",0.2,0.04
1.78426249912561,7.77139738757057,0.0637646780952338,1,"Immt","Siglech",0.2,0.04
-1.07980895444406,9.60895374417435,0.0683152977545565,1,"Gnai2","Siglech",0.2,0.04
-1.32824881207021,8.71235996534597,0.0683736162398161,1,"Rnase6","Siglech",0.2,0.04
-1.32824881207021,8.71235996534597,0.0683736162398161,1,"Cyth4","Siglech",0.2,0.04
-0.778369572296185,13.1987607145404,0.0692690011308979,1,"mt-Co1","Siglech",0.2,0.04
1.20074130929211,9.05603218548821,0.0696284377556366,1,"Lmnb1","Siglech",0.2,0.04
-1.40328340873219,8.5939741446542,0.0717909449558736,1,"Kctd12","Siglech",0.2,0.04
-1.34224796782701,8.55386766155173,0.0717909449558736,1,"Clec12a","Siglech",0.2,0.04
-1.34224796782701,8.55386766155173,0.0717909449558736,1,"Tecr","Siglech",0.2,0.04
-0.808858925661301,11.7581603739516,0.073871560889966,1,"Rps11","Siglech",0.2,0.04
-0.812640026845364,11.5372404065014,0.0747780503530597,1,"Rpl15","Siglech",0.2,0.04
-0.812640026845364,11.5372404065014,0.0747780503530597,1,"Rps2","Siglech",0.2,0.04
5.54457588648151,6.68695610712138,0.075101738808731,1,"Cwc22","Siglech",0.2,0.04
5.54457588648151,6.68695610712138,0.075101738808731,1,"Tmx4","Siglech",0.2,0.04
5.54457588648151,6.68695610712138,0.075101738808731,1,"Csnk2a1","Siglech",0.2,0.04
5.54457588648151,6.68695610712138,0.075101738808731,1,"Eif2s3x","Siglech",0.2,0.04
5.54457588648151,6.68695610712138,0.075101738808731,1,"Rbm15","Siglech",0.2,0.04
5.54457588648151,6.68695610712138,0.075101738808731,1,"Zdhhc21","Siglech",0.2,0.04
5.54457588648151,6.68695610712138,0.075101738808731,1,"Amd1","Siglech",0.2,0.04
5.54457588648151,6.68695610712138,0.075101738808731,1,"Eif4ebp1","Siglech",0.2,0.04
5.54457588648151,6.68695610712138,0.075101738808731,1,"Oxnad1","Siglech",0.2,0.04
5.54457588648151,6.68695610712138,0.075101738808731,1,"Msi2","Siglech",0.2,0.04
5.54457588648151,6.68695610712138,0.075101738808731,1,"Dhx8","Siglech",0.2,0.04
5.54457588648151,6.68695610712138,0.075101738808731,1,"Trip13","Siglech",0.2,0.04
5.54457588648151,6.68695610712138,0.075101738808731,1,"H2-Q4","Siglech",0.2,0.04
5.54457588648151,6.68695610712138,0.075101738808731,1,"Mcfd2","Siglech",0.2,0.04
5.54457588648151,6.68695610712138,0.075101738808731,1,"Pdcd11","Siglech",0.2,0.04
-5.44940558734106,6.79942246853653,0.075101738808731,1,"Sdhaf4","Siglech",0.2,0.04
-5.44940558734106,6.79942246853653,0.075101738808731,1,"Tmem131","Siglech",0.2,0.04
-5.44940558734106,6.79942246853653,0.075101738808731,1,"Rgs2","Siglech",0.2,0.04
-5.44940558734106,6.79942246853653,0.075101738808731,1,"Fam107b","Siglech",0.2,0.04
-5.44940558734106,6.79942246853653,0.075101738808731,1,"Egfl7","Siglech",0.2,0.04
-5.44940558734106,6.79942246853653,0.075101738808731,1,"Rassf2","Siglech",0.2,0.04
-5.44940558734106,6.79942246853653,0.075101738808731,1,"Tpd52l2","Siglech",0.2,0.04
-5.44940558734106,6.79942246853653,0.075101738808731,1,"BC028528","Siglech",0.2,0.04
-5.44940558734106,6.79942246853653,0.075101738808731,1,"Dnajb14","Siglech",0.2,0.04
-5.44940558734106,6.79942246853653,0.075101738808731,1,"Sh2d5","Siglech",0.2,0.04
-5.44940558734106,6.79942246853653,0.075101738808731,1,"Crlf2","Siglech",0.2,0.04
-5.44940558734106,6.79942246853653,0.075101738808731,1,"Anapc15","Siglech",0.2,0.04
-5.44940558734106,6.79942246853653,0.075101738808731,1,"Rnf146","Siglech",0.2,0.04
-5.44940558734106,6.79942246853653,0.075101738808731,1,"Ddit4","Siglech",0.2,0.04
-5.44940558734106,6.79942246853653,0.075101738808731,1,"Upb1","Siglech",0.2,0.04
-5.44940558734106,6.79942246853653,0.075101738808731,1,"Palm","Siglech",0.2,0.04
-5.44940558734106,6.79942246853653,0.075101738808731,1,"Rab3ip","Siglech",0.2,0.04
-5.44940558734106,6.79942246853653,0.075101738808731,1,"Ngdn","Siglech",0.2,0.04
-5.44940558734106,6.79942246853653,0.075101738808731,1,"Paqr5","Siglech",0.2,0.04
-5.44940558734106,6.79942246853653,0.075101738808731,1,"Peli1","Siglech",0.2,0.04
-5.44940558734106,6.79942246853653,0.075101738808731,1,"Rnf167","Siglech",0.2,0.04
-5.44940558734106,6.79942246853653,0.075101738808731,1,"Cd300a","Siglech",0.2,0.04
-5.44940558734106,6.79942246853653,0.075101738808731,1,"Pam16","Siglech",0.2,0.04
-5.44940558734106,6.79942246853653,0.075101738808731,1,"Snn","Siglech",0.2,0.04
-5.44940558734106,6.79942246853653,0.075101738808731,1,"Iglc3","Siglech",0.2,0.04
-5.44940558734106,6.79942246853653,0.075101738808731,1,"Kcnk12","Siglech",0.2,0.04
-5.44940558734106,6.79942246853653,0.075101738808731,1,"Mbd2","Siglech",0.2,0.04
-5.19295955131718,6.65023348331265,0.075101738808731,1,"Gm20342","Siglech",0.2,0.04
-5.19295955131718,6.65023348331265,0.075101738808731,1,"Commd9","Siglech",0.2,0.04
-5.19295955131718,6.65023348331265,0.075101738808731,1,"Dnajc17","Siglech",0.2,0.04
-5.19295955131718,6.65023348331265,0.075101738808731,1,"Pltp","Siglech",0.2,0.04
-5.19295955131718,6.65023348331265,0.075101738808731,1,"Cfp","Siglech",0.2,0.04
-5.19295955131718,6.65023348331265,0.075101738808731,1,"Cxcr3","Siglech",0.2,0.04
-5.19295955131718,6.65023348331265,0.075101738808731,1,"Pde7a","Siglech",0.2,0.04
-5.19295955131718,6.65023348331265,0.075101738808731,1,"Med8","Siglech",0.2,0.04
-5.19295955131718,6.65023348331265,0.075101738808731,1,"Taf12","Siglech",0.2,0.04
-5.19295955131718,6.65023348331265,0.075101738808731,1,"Themis2","Siglech",0.2,0.04
-5.19295955131718,6.65023348331265,0.075101738808731,1,"Commd8","Siglech",0.2,0.04
-5.19295955131718,6.65023348331265,0.075101738808731,1,"Abraxas1","Siglech",0.2,0.04
-5.19295955131718,6.65023348331265,0.075101738808731,1,"BC005561","Siglech",0.2,0.04
-5.19295955131718,6.65023348331265,0.075101738808731,1,"Rnf34","Siglech",0.2,0.04
-5.19295955131718,6.65023348331265,0.075101738808731,1,"Slc12a9","Siglech",0.2,0.04
-5.19295955131718,6.65023348331265,0.075101738808731,1,"Cops6","Siglech",0.2,0.04
-5.19295955131718,6.65023348331265,0.075101738808731,1,"Card11","Siglech",0.2,0.04
-5.19295955131718,6.65023348331265,0.075101738808731,1,"Actn4","Siglech",0.2,0.04
-5.19295955131718,6.65023348331265,0.075101738808731,1,"Mcee","Siglech",0.2,0.04
-5.19295955131718,6.65023348331265,0.075101738808731,1,"Fuca2","Siglech",0.2,0.04
-5.19295955131718,6.65023348331265,0.075101738808731,1,"Zufsp","Siglech",0.2,0.04
-5.19295955131718,6.65023348331265,0.075101738808731,1,"Asah1","Siglech",0.2,0.04
-5.19295955131718,6.65023348331265,0.075101738808731,1,"Arl2bp","Siglech",0.2,0.04
-5.19295955131718,6.65023348331265,0.075101738808731,1,"Cfdp1","Siglech",0.2,0.04
-5.19295955131718,6.65023348331265,0.075101738808731,1,"Tmem123","Siglech",0.2,0.04
-5.19295955131718,6.65023348331265,0.075101738808731,1,"Zfp266","Siglech",0.2,0.04
-5.19295955131718,6.65023348331265,0.075101738808731,1,"Ei24","Siglech",0.2,0.04
-5.19295955131718,6.65023348331265,0.075101738808731,1,"Zmiz2","Siglech",0.2,0.04
-5.19295955131718,6.65023348331265,0.075101738808731,1,"Trpv2","Siglech",0.2,0.04
-5.19295955131718,6.65023348331265,0.075101738808731,1,"Dcaf7","Siglech",0.2,0.04
-5.19295955131718,6.65023348331265,0.075101738808731,1,"Ten1","Siglech",0.2,0.04
-5.19295955131718,6.65023348331265,0.075101738808731,1,"Il6st","Siglech",0.2,0.04
-5.19295955131718,6.65023348331265,0.075101738808731,1,"Vti1b","Siglech",0.2,0.04
-5.19295955131718,6.65023348331265,0.075101738808731,1,"Shisa8","Siglech",0.2,0.04
-5.19295955131718,6.65023348331265,0.075101738808731,1,"Abcc1","Siglech",0.2,0.04
-5.19295955131718,6.65023348331265,0.075101738808731,1,"Pigx","Siglech",0.2,0.04
-5.19295955131718,6.65023348331265,0.075101738808731,1,"Nme4","Siglech",0.2,0.04
-5.19295955131718,6.65023348331265,0.075101738808731,1,"Nfkbie","Siglech",0.2,0.04
-5.19295955131718,6.65023348331265,0.075101738808731,1,"Slc29a1","Siglech",0.2,0.04
-5.19295955131718,6.65023348331265,0.075101738808731,1,"Map3k11","Siglech",0.2,0.04
-5.19295955131718,6.65023348331265,0.075101738808731,1,"Jak2","Siglech",0.2,0.04
-0.787007608158447,12.2707643392659,0.0753809851405486,1,"Rpl13","Siglech",0.2,0.04
-0.795816535076111,12.090496018328,0.0762632704135958,1,"Rpl28","Siglech",0.2,0.04
-0.805046925057902,11.5998471019065,0.07899288777977,1,"Rpl9","Siglech",0.2,0.04
-1.54502527172042,8.27449679254812,0.0796048708144927,1,"Mrpl33","Siglech",0.2,0.04
-1.54502527172042,8.27449679254812,0.0796048708144927,1,"Aldh2","Siglech",0.2,0.04
-1.54502527172042,8.27449679254812,0.0796048708144927,1,"U2af1","Siglech",0.2,0.04
1.44170998656591,8.22614789197578,0.0796048708144927,1,"Selenos","Siglech",0.2,0.04
-1.21464980817815,8.78770330797752,0.0813077284300527,1,"Mcm3","Siglech",0.2,0.04
1.01354253322979,9.68396390042316,0.0825433701115404,1,"Dynll1","Siglech",0.2,0.04
-0.813383322450626,11.2312589166172,0.0828139449741098,1,"Rpl14","Siglech",0.2,0.04
-1.07430097937469,9.27056627764137,0.0854796856518306,1,"Selplg","Siglech",0.2,0.04
-0.958088540217512,9.8009499645579,0.0861436691300297,1,"Sec61g","Siglech",0.2,0.04
-1.92331530454121,7.92744819107972,0.0883315892041972,1,"Raly","Siglech",0.2,0.04
-1.92331530454121,7.92744819107972,0.0883315892041972,1,"Lamp1","Siglech",0.2,0.04
-1.82473579600429,7.86245331585214,0.0883315892041972,1,"Ndufv3","Siglech",0.2,0.04
1.59650662653308,7.91563088740692,0.0883315892041972,1,"Yy1","Siglech",0.2,0.04
-1.21563734386245,8.92340057306366,0.0890680654449804,1,"Eif3h","Siglech",0.2,0.04
-1.01986351643134,9.56998532477247,0.0902831357385273,1,"Siglech","Siglech",0.2,0.04
-1.02693930076296,9.4170940846607,0.0904457708028107,1,"Ighm","Siglech",0.2,0.04
-0.776322007212137,11.479422863853,0.0916645598580693,1,"mt-Nd4","Siglech",0.2,0.04
-0.800251651896832,11.0652471540463,0.0918505316775179,1,"mt-Nd2","Siglech",0.2,0.04
2.78170192786077,6.97653126702718,0.0922986509761439,1,"Creb1","Siglech",0.2,0.04
2.78170192786077,6.97653126702718,0.0922986509761439,1,"Acadl","Siglech",0.2,0.04
2.78170192786077,6.97653126702718,0.0922986509761439,1,"Fnbp4","Siglech",0.2,0.04
2.78170192786077,6.97653126702718,0.0922986509761439,1,"Mrto4","Siglech",0.2,0.04
2.78170192786077,6.97653126702718,0.0922986509761439,1,"Atp8a1","Siglech",0.2,0.04
2.78170192786077,6.97653126702718,0.0922986509761439,1,"Hsph1","Siglech",0.2,0.04
2.78170192786077,6.97653126702718,0.0922986509761439,1,"Chchd10","Siglech",0.2,0.04
2.78170192786077,6.97653126702718,0.0922986509761439,1,"Anln","Siglech",0.2,0.04
2.78170192786077,6.97653126702718,0.0922986509761439,1,"Mfsd2b","Siglech",0.2,0.04
2.78170192786077,6.97653126702718,0.0922986509761439,1,"Safb","Siglech",0.2,0.04
2.78170192786077,6.97653126702718,0.0922986509761439,1,"Osbp","Siglech",0.2,0.04
2.78170192786077,6.97653126702718,0.0922986509761439,1,"Acsl5","Siglech",0.2,0.04
-2.51489295859926,7.17685816428035,0.0922986509761439,1,"Tmco1","Siglech",0.2,0.04
-2.51489295859926,7.17685816428035,0.0922986509761439,1,"Spi1","Siglech",0.2,0.04
-2.51489295859926,7.17685816428035,0.0922986509761439,1,"Ergic3","Siglech",0.2,0.04
-2.51489295859926,7.17685816428035,0.0922986509761439,1,"Plp2","Siglech",0.2,0.04
-2.51489295859926,7.17685816428035,0.0922986509761439,1,"Pnrc1","Siglech",0.2,0.04
-2.51489295859926,7.17685816428035,0.0922986509761439,1,"Tm6sf1","Siglech",0.2,0.04
-2.51489295859926,7.17685816428035,0.0922986509761439,1,"Rbmxl1","Siglech",0.2,0.04
-2.51489295859926,7.17685816428035,0.0922986509761439,1,"Glud1","Siglech",0.2,0.04
-2.51489295859926,7.17685816428035,0.0922986509761439,1,"Trim27","Siglech",0.2,0.04
1.64817986217691,7.69035083220117,0.0923262088967114,1,"Kmt5a","Siglech",0.2,0.04
-0.737459741688919,12.3387678706872,0.0926468282231218,1,"Rps3a1","Siglech",0.2,0.04
2.28199915420656,7.32790572104847,0.094716842521096,1,"Sec63","Siglech",0.2,0.04
-1.90482098238681,7.47545464160675,0.094716842521096,1,"Ccdc34","Siglech",0.2,0.04
-1.90482098238681,7.47545464160675,0.094716842521096,1,"Sms","Siglech",0.2,0.04
-1.90482098238681,7.47545464160675,0.094716842521096,1,"Dctn3","Siglech",0.2,0.04
-1.90482098238681,7.47545464160675,0.094716842521096,1,"Cnot6l","Siglech",0.2,0.04
-1.90482098238681,7.47545464160675,0.094716842521096,1,"Zfp422","Siglech",0.2,0.04
-1.90482098238681,7.47545464160675,0.094716842521096,1,"Ppp1r12a","Siglech",0.2,0.04
-1.90482098238681,7.47545464160675,0.094716842521096,1,"Rpgrip1","Siglech",0.2,0.04
-1.90482098238681,7.47545464160675,0.094716842521096,1,"Nubp1","Siglech",0.2,0.04
-0.834592456179702,10.7977956962266,0.094928325411698,1,"Eef1b2","Siglech",0.2,0.04
-0.821433955100828,10.7894749775965,0.094928325411698,1,"Rpl22","Siglech",0.2,0.04
-0.74460579806876,11.9366890559218,0.0958081472335517,1,"Rpl19","Siglech",0.2,0.04
-0.727856817303014,12.2641633264028,0.0977065463055609,1,"Rps8","Siglech",0.2,0.04
-1.36062252296128,8.37548624946172,0.0981750123287305,1,"Gpi1","Siglech",0.2,0.04
1.34507441946464,8.33285620310224,0.0981750123287305,1,"Mapre1","Siglech",0.2,0.04
0.960494629444751,9.59752754277134,0.09859957811311,1,"Calm2","Siglech",0.2,0.04
1.04263208954846,9.20215338581843,0.100850326497024,1,"Srgn","Siglech",0.2,0.04
-0.944154741798764,9.72903801455016,0.101979697710449,1,"Clic1","Siglech",0.2,0.04
-0.71370989074781,12.3430333230614,0.102730425877427,1,"Tpt1","Siglech",0.2,0.04
-0.956790508662837,9.37231093071698,0.105397489985629,1,"Psmb8","Siglech",0.2,0.04
-1.21341777388671,8.63769091101731,0.108539012545616,1,"Rpl13a","Siglech",0.2,0.04
-1.21341777388671,8.63769091101731,0.108539012545616,1,"Pld4","Siglech",0.2,0.04
-1.21341777388671,8.63769091101731,0.108539012545616,1,"Unc93b1","Siglech",0.2,0.04
-0.820653330240052,10.4267447095923,0.111267733289726,1,"Naca","Siglech",0.2,0.04
1.01394666314501,9.25741041486233,0.111700190623042,1,"Cdk6","Siglech",0.2,0.04
-0.859082590679063,9.85628272740714,0.112679968259678,1,"Lsp1","Siglech",0.2,0.04
0.802238343260534,10.4633835906766,0.112819809303549,1,"Hsp90aa1","Siglech",0.2,0.04
-0.835538527284875,10.3191240095401,0.11356448096578,1,"Cst3","Siglech",0.2,0.04
1.45453423426338,8.04672908492089,0.113724162062005,1,"Psmd14","Siglech",0.2,0.04
1.45453423426338,8.04672908492089,0.113724162062005,1,"Bag1","Siglech",0.2,0.04
-0.749356855190991,11.2537258965617,0.114355686618842,1,"H3f3a","Siglech",0.2,0.04
1.0442269787696,8.77255552789523,0.11630187812247,1,"Pdia6","Siglech",0.2,0.04
-0.722369518047869,11.1955350495652,0.121925367741036,1,"Rplp2","Siglech",0.2,0.04
-1.07955470691375,8.95858835994762,0.122264993579936,1,"Atp6v0e","Siglech",0.2,0.04
-0.7010329615805,11.6149656865429,0.122275868849627,1,"Rpl30","Siglech",0.2,0.04
-1.71892307253521,7.79425262772668,0.123084780529072,1,"Tipin","Siglech",0.2,0.04
-1.71892307253521,7.79425262772668,0.123084780529072,1,"Prr13","Siglech",0.2,0.04
1.47216088671271,7.84229776609846,0.123084780529072,1,"Mrpl51","Siglech",0.2,0.04
1.47216088671271,7.84229776609846,0.123084780529072,1,"Akap13","Siglech",0.2,0.04
1.47216088671271,7.84229776609846,0.123084780529072,1,"Elavl1","Siglech",0.2,0.04
1.47216088671271,7.84229776609846,0.123084780529072,1,"Casp3","Siglech",0.2,0.04
1.47216088671271,7.84229776609846,0.123084780529072,1,"Wapl","Siglech",0.2,0.04
1.47216088671271,7.84229776609846,0.123084780529072,1,"Glrx5","Siglech",0.2,0.04
-1.10421598164179,8.71698678146421,0.125506638815448,1,"Rasgrp2","Siglech",0.2,0.04
0.920110572923058,9.45937032077039,0.125880318265295,1,"Hnrnpk","Siglech",0.2,0.04
-1.28715165577811,8.32846605482546,0.127280866783699,1,"Tpd52","Siglech",0.2,0.04
1.25261844019623,8.27778851720214,0.127280866783699,1,"Chd4","Siglech",0.2,0.04
-0.653598290874075,13.044135798467,0.128127159962818,1,"mt-Co2","Siglech",0.2,0.04
0.89174705374302,9.25353338541833,0.130687452843575,1,"Atpif1","Siglech",0.2,0.04
-1.11658206109864,8.85937178219547,0.131632762443942,1,"Morf4l1","Siglech",0.2,0.04
1.49791150987101,7.6047389954354,0.133361551109447,1,"Mndal","Siglech",0.2,0.04
1.49791150987101,7.6047389954354,0.133361551109447,1,"Polr1d","Siglech",0.2,0.04
1.49791150987101,7.6047389954354,0.133361551109447,1,"Grk6","Siglech",0.2,0.04
-1.04789789828785,9.05139986259534,0.136249690944926,1,"Erp29","Siglech",0.2,0.04
-1.04789789828785,9.05139986259534,0.136249690944926,1,"Anp32a","Siglech",0.2,0.04
-1.38580621934537,8.17148381830953,0.139260305315864,1,"Fh1","Siglech",0.2,0.04
-1.38580621934537,8.17148381830953,0.139260305315864,1,"Rgs10","Siglech",0.2,0.04
1.23686628044853,8.10523050168391,0.139260305315864,1,"R3hdm1","Siglech",0.2,0.04
1.23686628044853,8.10523050168391,0.139260305315864,1,"Mrps14","Siglech",0.2,0.04
1.23686628044853,8.10523050168391,0.139260305315864,1,"Spib","Siglech",0.2,0.04
1.23686628044853,8.10523050168391,0.139260305315864,1,"Sltm","Siglech",0.2,0.04
5.23035452608406,6.5132179953586,0.13984461709212,1,"Aspm","Siglech",0.2,0.04
5.23035452608406,6.5132179953586,0.13984461709212,1,"Cep170","Siglech",0.2,0.04
5.23035452608406,6.5132179953586,0.13984461709212,1,"Sapcd2","Siglech",0.2,0.04
5.23035452608406,6.5132179953586,0.13984461709212,1,"Cdc25b","Siglech",0.2,0.04
5.23035452608406,6.5132179953586,0.13984461709212,1,"Btk","Siglech",0.2,0.04
5.23035452608406,6.5132179953586,0.13984461709212,1,"Gnl3l","Siglech",0.2,0.04
5.23035452608406,6.5132179953586,0.13984461709212,1,"Ythdc1","Siglech",0.2,0.04
5.23035452608406,6.5132179953586,0.13984461709212,1,"Mad1l1","Siglech",0.2,0.04
5.23035452608406,6.5132179953586,0.13984461709212,1,"Creb3l2","Siglech",0.2,0.04
5.23035452608406,6.5132179953586,0.13984461709212,1,"Tamm41","Siglech",0.2,0.04
5.23035452608406,6.5132179953586,0.13984461709212,1,"Bms1","Siglech",0.2,0.04
5.23035452608406,6.5132179953586,0.13984461709212,1,"Tuba8","Siglech",0.2,0.04
5.23035452608406,6.5132179953586,0.13984461709212,1,"Nkg7","Siglech",0.2,0.04
5.23035452608406,6.5132179953586,0.13984461709212,1,"Nosip","Siglech",0.2,0.04
5.23035452608406,6.5132179953586,0.13984461709212,1,"Kif1bp","Siglech",0.2,0.04
5.23035452608406,6.5132179953586,0.13984461709212,1,"Mdm1","Siglech",0.2,0.04
5.23035452608406,6.5132179953586,0.13984461709212,1,"Cd63","Siglech",0.2,0.04
5.23035452608406,6.5132179953586,0.13984461709212,1,"Nat2","Siglech",0.2,0.04
5.23035452608406,6.5132179953586,0.13984461709212,1,"Gatad2a","Siglech",0.2,0.04
5.23035452608406,6.5132179953586,0.13984461709212,1,"Rspry1","Siglech",0.2,0.04
5.23035452608406,6.5132179953586,0.13984461709212,1,"Dph3","Siglech",0.2,0.04
5.23035452608406,6.5132179953586,0.13984461709212,1,"Icam4","Siglech",0.2,0.04
5.23035452608406,6.5132179953586,0.13984461709212,1,"Mrps22","Siglech",0.2,0.04
5.23035452608406,6.5132179953586,0.13984461709212,1,"Ykt6","Siglech",0.2,0.04
5.23035452608406,6.5132179953586,0.13984461709212,1,"Mrpl55","Siglech",0.2,0.04
5.23035452608406,6.5132179953586,0.13984461709212,1,"Nup88","Siglech",0.2,0.04
5.23035452608406,6.5132179953586,0.13984461709212,1,"F2r","Siglech",0.2,0.04
5.23035452608406,6.5132179953586,0.13984461709212,1,"Utp15","Siglech",0.2,0.04
5.23035452608406,6.5132179953586,0.13984461709212,1,"Csnk1e","Siglech",0.2,0.04
5.23035452608406,6.5132179953586,0.13984461709212,1,"Cerk","Siglech",0.2,0.04
5.23035452608406,6.5132179953586,0.13984461709212,1,"Nlrc3","Siglech",0.2,0.04
5.23035452608406,6.5132179953586,0.13984461709212,1,"Slc22a3","Siglech",0.2,0.04
5.23035452608406,6.5132179953586,0.13984461709212,1,"Thoc6","Siglech",0.2,0.04
5.23035452608406,6.5132179953586,0.13984461709212,1,"Mapk8ip3","Siglech",0.2,0.04
5.23035452608406,6.5132179953586,0.13984461709212,1,"Impa2","Siglech",0.2,0.04
5.23035452608406,6.5132179953586,0.13984461709212,1,"Slc14a1","Siglech",0.2,0.04
5.23035452608406,6.5132179953586,0.13984461709212,1,"Gnaq","Siglech",0.2,0.04
5.23035452608406,6.5132179953586,0.13984461709212,1,"Smc5","Siglech",0.2,0.04
-4.88085793890428,6.48323996602035,0.13984461709212,1,"Rb1cc1","Siglech",0.2,0.04
-4.88085793890428,6.48323996602035,0.13984461709212,1,"Cops5","Siglech",0.2,0.04
-4.88085793890428,6.48323996602035,0.13984461709212,1,"Cnot11","Siglech",0.2,0.04
-4.88085793890428,6.48323996602035,0.13984461709212,1,"Dgkd","Siglech",0.2,0.04
-4.88085793890428,6.48323996602035,0.13984461709212,1,"Ipo9","Siglech",0.2,0.04
-4.88085793890428,6.48323996602035,0.13984461709212,1,"Phlda3","Siglech",0.2,0.04
-4.88085793890428,6.48323996602035,0.13984461709212,1,"Nek7","Siglech",0.2,0.04
-4.88085793890428,6.48323996602035,0.13984461709212,1,"Atf6","Siglech",0.2,0.04
-4.88085793890428,6.48323996602035,0.13984461709212,1,"Lefty1","Siglech",0.2,0.04
-4.88085793890428,6.48323996602035,0.13984461709212,1,"Ppp2r5a","Siglech",0.2,0.04
-4.88085793890428,6.48323996602035,0.13984461709212,1,"Acbd5","Siglech",0.2,0.04
-4.88085793890428,6.48323996602035,0.13984461709212,1,"Traf2","Siglech",0.2,0.04
-4.88085793890428,6.48323996602035,0.13984461709212,1,"Map3k20","Siglech",0.2,0.04
-4.88085793890428,6.48323996602035,0.13984461709212,1,"1500011K16Rik","Siglech",0.2,0.04
-4.88085793890428,6.48323996602035,0.13984461709212,1,"Mgme1","Siglech",0.2,0.04
-4.88085793890428,6.48323996602035,0.13984461709212,1,"Kif3b","Siglech",0.2,0.04
-4.88085793890428,6.48323996602035,0.13984461709212,1,"Suv39h1","Siglech",0.2,0.04
-4.88085793890428,6.48323996602035,0.13984461709212,1,"Fam50a","Siglech",0.2,0.04
-4.88085793890428,6.48323996602035,0.13984461709212,1,"Fundc2","Siglech",0.2,0.04
-4.88085793890428,6.48323996602035,0.13984461709212,1,"5430427O19Rik","Siglech",0.2,0.04
-4.88085793890428,6.48323996602035,0.13984461709212,1,"1810022K09Rik","Siglech",0.2,0.04
-4.88085793890428,6.48323996602035,0.13984461709212,1,"Dclre1b","Siglech",0.2,0.04
-4.88085793890428,6.48323996602035,0.13984461709212,1,"Dbt","Siglech",0.2,0.04
-4.88085793890428,6.48323996602035,0.13984461709212,1,"Tifa","Siglech",0.2,0.04
-4.88085793890428,6.48323996602035,0.13984461709212,1,"Ap1ar","Siglech",0.2,0.04
-4.88085793890428,6.48323996602035,0.13984461709212,1,"Chchd7","Siglech",0.2,0.04
-4.88085793890428,6.48323996602035,0.13984461709212,1,"Ccne2","Siglech",0.2,0.04
-4.88085793890428,6.48323996602035,0.13984461709212,1,"Ube2j1","Siglech",0.2,0.04
-4.88085793890428,6.48323996602035,0.13984461709212,1,"Cd72","Siglech",0.2,0.04
-4.88085793890428,6.48323996602035,0.13984461709212,1,"Tgfbr1","Siglech",0.2,0.04
-4.88085793890428,6.48323996602035,0.13984461709212,1,"Plaa","Siglech",0.2,0.04
-4.88085793890428,6.48323996602035,0.13984461709212,1,"Leprot","Siglech",0.2,0.04
-4.88085793890428,6.48323996602035,0.13984461709212,1,"Ccdc163","Siglech",0.2,0.04
-4.88085793890428,6.48323996602035,0.13984461709212,1,"Mycl","Siglech",0.2,0.04
-4.88085793890428,6.48323996602035,0.13984461709212,1,"Clic4","Siglech",0.2,0.04
-4.88085793890428,6.48323996602035,0.13984461709212,1,"Ski","Siglech",0.2,0.04
-4.88085793890428,6.48323996602035,0.13984461709212,1,"Gpn1","Siglech",0.2,0.04
-4.88085793890428,6.48323996602035,0.13984461709212,1,"Add1","Siglech",0.2,0.04
-4.88085793890428,6.48323996602035,0.13984461709212,1,"Mfsd10","Siglech",0.2,0.04
-4.88085793890428,6.48323996602035,0.13984461709212,1,"Hpse","Siglech",0.2,0.04
-4.88085793890428,6.48323996602035,0.13984461709212,1,"Ddx51","Siglech",0.2,0.04
-4.88085793890428,6.48323996602035,0.13984461709212,1,"Tmem119","Siglech",0.2,0.04
-4.88085793890428,6.48323996602035,0.13984461709212,1,"Hvcn1","Siglech",0.2,0.04
-4.88085793890428,6.48323996602035,0.13984461709212,1,"Diablo","Siglech",0.2,0.04
-4.88085793890428,6.48323996602035,0.13984461709212,1,"Lrwd1","Siglech",0.2,0.04
-4.88085793890428,6.48323996602035,0.13984461709212,1,"Chst12","Siglech",0.2,0.04
-4.88085793890428,6.48323996602035,0.13984461709212,1,"Brca2","Siglech",0.2,0.04
-4.88085793890428,6.48323996602035,0.13984461709212,1,"Trim24","Siglech",0.2,0.04
-4.88085793890428,6.48323996602035,0.13984461709212,1,"Gm26699","Siglech",0.2,0.04
-4.88085793890428,6.48323996602035,0.13984461709212,1,"Rmnd5a","Siglech",0.2,0.04
-4.88085793890428,6.48323996602035,0.13984461709212,1,"Tgoln1","Siglech",0.2,0.04
-4.88085793890428,6.48323996602035,0.13984461709212,1,"Tsen2","Siglech",0.2,0.04
-4.88085793890428,6.48323996602035,0.13984461709212,1,"Iffo1","Siglech",0.2,0.04
-4.88085793890428,6.48323996602035,0.13984461709212,1,"Cox6b2","Siglech",0.2,0.04
-4.88085793890428,6.48323996602035,0.13984461709212,1,"Lsm14a","Siglech",0.2,0.04
-4.88085793890428,6.48323996602035,0.13984461709212,1,"Nudt19","Siglech",0.2,0.04
-4.88085793890428,6.48323996602035,0.13984461709212,1,"9030624J02Rik","Siglech",0.2,0.04
-4.88085793890428,6.48323996602035,0.13984461709212,1,"Ino80e","Siglech",0.2,0.04
-4.88085793890428,6.48323996602035,0.13984461709212,1,"Bckdk","Siglech",0.2,0.04
-4.88085793890428,6.48323996602035,0.13984461709212,1,"Ric8a","Siglech",0.2,0.04
-4.88085793890428,6.48323996602035,0.13984461709212,1,"Gopc","Siglech",0.2,0.04
-4.88085793890428,6.48323996602035,0.13984461709212,1,"Sgpl1","Siglech",0.2,0.04
-4.88085793890428,6.48323996602035,0.13984461709212,1,"Plppr3","Siglech",0.2,0.04
-4.88085793890428,6.48323996602035,0.13984461709212,1,"E2f7","Siglech",0.2,0.04
-4.88085793890428,6.48323996602035,0.13984461709212,1,"Timeless","Siglech",0.2,0.04
-4.88085793890428,6.48323996602035,0.13984461709212,1,"Leprotl1","Siglech",0.2,0.04
-4.88085793890428,6.48323996602035,0.13984461709212,1,"Msmo1","Siglech",0.2,0.04
-4.88085793890428,6.48323996602035,0.13984461709212,1,"Fam129c","Siglech",0.2,0.04
-4.88085793890428,6.48323996602035,0.13984461709212,1,"Egln1","Siglech",0.2,0.04
-4.88085793890428,6.48323996602035,0.13984461709212,1,"Slc4a7","Siglech",0.2,0.04
-4.88085793890428,6.48323996602035,0.13984461709212,1,"Anxa11","Siglech",0.2,0.04
-4.88085793890428,6.48323996602035,0.13984461709212,1,"Elp3","Siglech",0.2,0.04
-4.88085793890428,6.48323996602035,0.13984461709212,1,"Rnf219","Siglech",0.2,0.04
-4.88085793890428,6.48323996602035,0.13984461709212,1,"Cwf19l2","Siglech",0.2,0.04
-4.88085793890428,6.48323996602035,0.13984461709212,1,"Adpgk","Siglech",0.2,0.04
-4.88085793890428,6.48323996602035,0.13984461709212,1,"Xrn1","Siglech",0.2,0.04
-4.88085793890428,6.48323996602035,0.13984461709212,1,"Abhd14b","Siglech",0.2,0.04
-4.88085793890428,6.48323996602035,0.13984461709212,1,"Parp3","Siglech",0.2,0.04
-4.88085793890428,6.48323996602035,0.13984461709212,1,"Cmtm6","Siglech",0.2,0.04
-4.88085793890428,6.48323996602035,0.13984461709212,1,"Cmc1","Siglech",0.2,0.04
-4.88085793890428,6.48323996602035,0.13984461709212,1,"Patz1","Siglech",0.2,0.04
-4.88085793890428,6.48323996602035,0.13984461709212,1,"Pex13","Siglech",0.2,0.04
-4.88085793890428,6.48323996602035,0.13984461709212,1,"Mpg","Siglech",0.2,0.04
-4.88085793890428,6.48323996602035,0.13984461709212,1,"Irgm1","Siglech",0.2,0.04
-4.88085793890428,6.48323996602035,0.13984461709212,1,"Scimp","Siglech",0.2,0.04
-4.88085793890428,6.48323996602035,0.13984461709212,1,"Heatr6","Siglech",0.2,0.04
-4.88085793890428,6.48323996602035,0.13984461709212,1,"Ube2z","Siglech",0.2,0.04
-4.88085793890428,6.48323996602035,0.13984461709212,1,"Cdc27","Siglech",0.2,0.04
-4.88085793890428,6.48323996602035,0.13984461709212,1,"Cd79b","Siglech",0.2,0.04
-4.88085793890428,6.48323996602035,0.13984461709212,1,"Baiap2","Siglech",0.2,0.04
-4.88085793890428,6.48323996602035,0.13984461709212,1,"Foxk2","Siglech",0.2,0.04
-4.88085793890428,6.48323996602035,0.13984461709212,1,"Pfkp","Siglech",0.2,0.04
-4.88085793890428,6.48323996602035,0.13984461709212,1,"Hist1h1b","Siglech",0.2,0.04
-4.88085793890428,6.48323996602035,0.13984461709212,1,"Gfod1","Siglech",0.2,0.04
-4.88085793890428,6.48323996602035,0.13984461709212,1,"Cenpp","Siglech",0.2,0.04
-4.88085793890428,6.48323996602035,0.13984461709212,1,"Smad5","Siglech",0.2,0.04
-4.88085793890428,6.48323996602035,0.13984461709212,1,"Ubqln1","Siglech",0.2,0.04
-4.88085793890428,6.48323996602035,0.13984461709212,1,"Ptdss1","Siglech",0.2,0.04
-4.88085793890428,6.48323996602035,0.13984461709212,1,"Gm17259","Siglech",0.2,0.04
-4.88085793890428,6.48323996602035,0.13984461709212,1,"Ptrhd1","Siglech",0.2,0.04
-4.88085793890428,6.48323996602035,0.13984461709212,1,"E2f6","Siglech",0.2,0.04
-4.88085793890428,6.48323996602035,0.13984461709212,1,"Churc1","Siglech",0.2,0.04
-4.88085793890428,6.48323996602035,0.13984461709212,1,"Slirp","Siglech",0.2,0.04
-4.88085793890428,6.48323996602035,0.13984461709212,1,"Ppp4r3a","Siglech",0.2,0.04
-4.88085793890428,6.48323996602035,0.13984461709212,1,"Ccnk","Siglech",0.2,0.04
-4.88085793890428,6.48323996602035,0.13984461709212,1,"Nudt14","Siglech",0.2,0.04
-4.88085793890428,6.48323996602035,0.13984461709212,1,"Golph3","Siglech",0.2,0.04
-4.88085793890428,6.48323996602035,0.13984461709212,1,"Mtss1","Siglech",0.2,0.04
-4.88085793890428,6.48323996602035,0.13984461709212,1,"Ankrd54","Siglech",0.2,0.04
-4.88085793890428,6.48323996602035,0.13984461709212,1,"Nfam1","Siglech",0.2,0.04
-4.88085793890428,6.48323996602035,0.13984461709212,1,"Samm50","Siglech",0.2,0.04
-4.88085793890428,6.48323996602035,0.13984461709212,1,"Aaas","Siglech",0.2,0.04
-4.88085793890428,6.48323996602035,0.13984461709212,1,"Atf7","Siglech",0.2,0.04
-4.88085793890428,6.48323996602035,0.13984461709212,1,"Carhsp1","Siglech",0.2,0.04
-4.88085793890428,6.48323996602035,0.13984461709212,1,"Bfar","Siglech",0.2,0.04
-4.88085793890428,6.48323996602035,0.13984461709212,1,"Cebpd","Siglech",0.2,0.04
-4.88085793890428,6.48323996602035,0.13984461709212,1,"Osbpl11","Siglech",0.2,0.04
-4.88085793890428,6.48323996602035,0.13984461709212,1,"Pkd1","Siglech",0.2,0.04
-4.88085793890428,6.48323996602035,0.13984461709212,1,"Telo2","Siglech",0.2,0.04
-4.88085793890428,6.48323996602035,0.13984461709212,1,"H2-DMb1","Siglech",0.2,0.04
-4.88085793890428,6.48323996602035,0.13984461709212,1,"H2-Eb1","Siglech",0.2,0.04
-4.88085793890428,6.48323996602035,0.13984461709212,1,"Gpank1","Siglech",0.2,0.04
-4.88085793890428,6.48323996602035,0.13984461709212,1,"Ranbp3","Siglech",0.2,0.04
-4.88085793890428,6.48323996602035,0.13984461709212,1,"Haao","Siglech",0.2,0.04
-4.88085793890428,6.48323996602035,0.13984461709212,1,"Uty","Siglech",0.2,0.04
-4.88085793890428,6.48323996602035,0.13984461709212,1,"Zfp397","Siglech",0.2,0.04
-4.88085793890428,6.48323996602035,0.13984461709212,1,"Zfp516","Siglech",0.2,0.04
-4.88085793890428,6.48323996602035,0.13984461709212,1,"Gstp1","Siglech",0.2,0.04
-4.88085793890428,6.48323996602035,0.13984461709212,1,"Tbc1d10c","Siglech",0.2,0.04
-4.88085793890428,6.48323996602035,0.13984461709212,1,"Zfpl1","Siglech",0.2,0.04
-4.88085793890428,6.48323996602035,0.13984461709212,1,"Tle4","Siglech",0.2,0.04
0.870565901003707,9.30682719673875,0.142593656876252,1,"Hspa5","Siglech",0.2,0.04
-0.727673779346527,10.4419062069463,0.142846017428224,1,"Rpl29","Siglech",0.2,0.04
2.09213351936108,7.21760268592629,0.143685221306379,1,"Bub1b","Siglech",0.2,0.04
2.09213351936108,7.21760268592629,0.143685221306379,1,"Ccna2","Siglech",0.2,0.04
2.09213351936108,7.21760268592629,0.143685221306379,1,"Smap2","Siglech",0.2,0.04
2.09213351936108,7.21760268592629,0.143685221306379,1,"Uri1","Siglech",0.2,0.04
2.09213351936108,7.21760268592629,0.143685221306379,1,"Fzr1","Siglech",0.2,0.04
2.09213351936108,7.21760268592629,0.143685221306379,1,"Irf9","Siglech",0.2,0.04
2.09213351936108,7.21760268592629,0.143685221306379,1,"Slc35b1","Siglech",0.2,0.04
2.09213351936108,7.21760268592629,0.143685221306379,1,"Ifi35","Siglech",0.2,0.04
2.09213351936108,7.21760268592629,0.143685221306379,1,"Mrpl12","Siglech",0.2,0.04
2.09213351936108,7.21760268592629,0.143685221306379,1,"Pak1ip1","Siglech",0.2,0.04
2.09213351936108,7.21760268592629,0.143685221306379,1,"Kif20b","Siglech",0.2,0.04
-1.75503766192581,7.38482338455226,0.143685221306379,1,"Cxcr4","Siglech",0.2,0.04
-1.75503766192581,7.38482338455226,0.143685221306379,1,"Ivns1abp","Siglech",0.2,0.04
-1.75503766192581,7.38482338455226,0.143685221306379,1,"Edf1","Siglech",0.2,0.04
-1.75503766192581,7.38482338455226,0.143685221306379,1,"Bex3","Siglech",0.2,0.04
-1.75503766192581,7.38482338455226,0.143685221306379,1,"Zcchc11","Siglech",0.2,0.04
-1.75503766192581,7.38482338455226,0.143685221306379,1,"Atp5k","Siglech",0.2,0.04
-1.75503766192581,7.38482338455226,0.143685221306379,1,"Rsrc2","Siglech",0.2,0.04
-1.75503766192581,7.38482338455226,0.143685221306379,1,"Rasa4","Siglech",0.2,0.04
-1.75503766192581,7.38482338455226,0.143685221306379,1,"Pole4","Siglech",0.2,0.04
-1.75503766192581,7.38482338455226,0.143685221306379,1,"Nup210","Siglech",0.2,0.04
-1.75503766192581,7.38482338455226,0.143685221306379,1,"Arl6ip5","Siglech",0.2,0.04
-1.75503766192581,7.38482338455226,0.143685221306379,1,"Pold1","Siglech",0.2,0.04
-1.75503766192581,7.38482338455226,0.143685221306379,1,"Mcmbp","Siglech",0.2,0.04
-1.75503766192581,7.38482338455226,0.143685221306379,1,"Trappc2l","Siglech",0.2,0.04
-1.75503766192581,7.38482338455226,0.143685221306379,1,"Mrps24","Siglech",0.2,0.04
-1.75503766192581,7.38482338455226,0.143685221306379,1,"Larp4b","Siglech",0.2,0.04
-1.75503766192581,7.38482338455226,0.143685221306379,1,"Ccdc50","Siglech",0.2,0.04
-1.75503766192581,7.38482338455226,0.143685221306379,1,"Dntt","Siglech",0.2,0.04
-1.75503766192581,7.38482338455226,0.143685221306379,1,"Pgam1","Siglech",0.2,0.04
-0.940053256965371,9.4424821767423,0.14481454033577,1,"Atp5e","Siglech",0.2,0.04
-0.714650088463005,10.6635367665795,0.145046536814257,1,"Rpl4","Siglech",0.2,0.04
-0.707481612272127,10.8032659380685,0.146278636209384,1,"Rpl38","Siglech",0.2,0.04
-0.879775451444318,9.5534510839785,0.146607081946586,1,"Ctsb","Siglech",0.2,0.04
-1.03087703919804,8.92770584732533,0.146999959641275,1,"Arpc2","Siglech",0.2,0.04
1.17791933993963,8.38076067018065,0.149110257624926,1,"Smarca5","Siglech",0.2,0.04
1.17791933993963,8.38076067018065,0.149110257624926,1,"Trmt112","Siglech",0.2,0.04
-1.14192771567091,8.42602444933805,0.149110257624926,1,"Anapc5","Siglech",0.2,0.04
2.52382831191846,6.83536960808975,0.15069115124609,1,"Glrx2","Siglech",0.2,0.04
2.52382831191846,6.83536960808975,0.15069115124609,1,"Cep350","Siglech",0.2,0.04
2.52382831191846,6.83536960808975,0.15069115124609,1,"Capn2","Siglech",0.2,0.04
2.52382831191846,6.83536960808975,0.15069115124609,1,"Slc12a6","Siglech",0.2,0.04
2.52382831191846,6.83536960808975,0.15069115124609,1,"Anapc1","Siglech",0.2,0.04
2.52382831191846,6.83536960808975,0.15069115124609,1,"Ddx3x","Siglech",0.2,0.04
2.52382831191846,6.83536960808975,0.15069115124609,1,"Plk4","Siglech",0.2,0.04
2.52382831191846,6.83536960808975,0.15069115124609,1,"Scamp3","Siglech",0.2,0.04
2.52382831191846,6.83536960808975,0.15069115124609,1,"Haus3","Siglech",0.2,0.04
2.52382831191846,6.83536960808975,0.15069115124609,1,"Hip1","Siglech",0.2,0.04
2.52382831191846,6.83536960808975,0.15069115124609,1,"Pop7","Siglech",0.2,0.04
2.52382831191846,6.83536960808975,0.15069115124609,1,"Snd1","Siglech",0.2,0.04
2.52382831191846,6.83536960808975,0.15069115124609,1,"Ergic2","Siglech",0.2,0.04
2.52382831191846,6.83536960808975,0.15069115124609,1,"Vasp","Siglech",0.2,0.04
2.52382831191846,6.83536960808975,0.15069115124609,1,"Alg8","Siglech",0.2,0.04
2.52382831191846,6.83536960808975,0.15069115124609,1,"Usp47","Siglech",0.2,0.04
2.52382831191846,6.83536960808975,0.15069115124609,1,"Il21r","Siglech",0.2,0.04
2.52382831191846,6.83536960808975,0.15069115124609,1,"Xpo6","Siglech",0.2,0.04
2.52382831191846,6.83536960808975,0.15069115124609,1,"Pkn1","Siglech",0.2,0.04
2.52382831191846,6.83536960808975,0.15069115124609,1,"Zfpm1","Siglech",0.2,0.04
2.52382831191846,6.83536960808975,0.15069115124609,1,"Zc3h18","Siglech",0.2,0.04
2.52382831191846,6.83536960808975,0.15069115124609,1,"Rnf26","Siglech",0.2,0.04
2.52382831191846,6.83536960808975,0.15069115124609,1,"Atm","Siglech",0.2,0.04
2.52382831191846,6.83536960808975,0.15069115124609,1,"Pimreg","Siglech",0.2,0.04
2.52382831191846,6.83536960808975,0.15069115124609,1,"Galk1","Siglech",0.2,0.04
2.52382831191846,6.83536960808975,0.15069115124609,1,"Faf2","Siglech",0.2,0.04
2.52382831191846,6.83536960808975,0.15069115124609,1,"Ttc32","Siglech",0.2,0.04
2.52382831191846,6.83536960808975,0.15069115124609,1,"Psmc1","Siglech",0.2,0.04
2.52382831191846,6.83536960808975,0.15069115124609,1,"Efr3a","Siglech",0.2,0.04
2.52382831191846,6.83536960808975,0.15069115124609,1,"Crebbp","Siglech",0.2,0.04
2.52382831191846,6.83536960808975,0.15069115124609,1,"Gsto1","Siglech",0.2,0.04
-2.32580141222958,7.06401639190788,0.15069115124609,1,"Dcaf8","Siglech",0.2,0.04
-2.32580141222958,7.06401639190788,0.15069115124609,1,"Rtf1","Siglech",0.2,0.04
-2.32580141222958,7.06401639190788,0.15069115124609,1,"Samhd1","Siglech",0.2,0.04
-2.32580141222958,7.06401639190788,0.15069115124609,1,"Coro2a","Siglech",0.2,0.04
-2.32580141222958,7.06401639190788,0.15069115124609,1,"AI314180","Siglech",0.2,0.04
-2.32580141222958,7.06401639190788,0.15069115124609,1,"Gtf3c2","Siglech",0.2,0.04
-2.32580141222958,7.06401639190788,0.15069115124609,1,"Mxd4","Siglech",0.2,0.04
-2.32580141222958,7.06401639190788,0.15069115124609,1,"Gusb","Siglech",0.2,0.04
-2.32580141222958,7.06401639190788,0.15069115124609,1,"Arhgef1","Siglech",0.2,0.04
-2.32580141222958,7.06401639190788,0.15069115124609,1,"Rbm42","Siglech",0.2,0.04
-2.32580141222958,7.06401639190788,0.15069115124609,1,"Nfic","Siglech",0.2,0.04
-2.32580141222958,7.06401639190788,0.15069115124609,1,"Phf20l1","Siglech",0.2,0.04
-2.32580141222958,7.06401639190788,0.15069115124609,1,"Fads3","Siglech",0.2,0.04
-1.5210315768818,7.99521670005088,0.153584596199261,1,"Bri3bp","Siglech",0.2,0.04
-1.42245206834489,7.93323107494918,0.153584596199261,1,"Ubl3","Siglech",0.2,0.04
-1.42245206834489,7.93323107494918,0.153584596199261,1,"Marcks","Siglech",0.2,0.04
-1.42245206834489,7.93323107494918,0.153584596199261,1,"Ndufs8","Siglech",0.2,0.04
1.13882996353561,8.61241146361319,0.155392798722538,1,"Banf1","Siglech",0.2,0.04
-1.04565826967109,8.68021698449759,0.155392798722538,1,"Fxyd5","Siglech",0.2,0.04
-0.891939440433138,9.48858591634735,0.155901245322363,1,"Arhgdib","Siglech",0.2,0.04
-0.655648003423512,11.5071394490545,0.156461037967427,1,"mt-Nd1","Siglech",0.2,0.04
-0.632745865934243,11.8805530525179,0.156475084859444,1,"Rpl17","Siglech",0.2,0.04
-0.779852524654485,9.80698060512995,0.158477061526183,1,"Cox4i1","Siglech",0.2,0.04
-1.06438145587225,8.82620460132226,0.159529945389573,1,"Cd52","Siglech",0.2,0.04
-0.955208967093373,8.993000736061,0.162312081488771,1,"Rpl27","Siglech",0.2,0.04
-0.914461546296979,9.16913596119483,0.164205243783069,1,"Snrpf","Siglech",0.2,0.04
1.15382917600749,8.2206615555551,0.16449140022308,1,"Cks2","Siglech",0.2,0.04
-1.20973748715584,8.27978376437802,0.16449140022308,1,"Spc24","Siglech",0.2,0.04
-0.639038659699739,11.6230381064518,0.165229521453226,1,"Rpl8","Siglech",0.2,0.04
-0.769581084922733,9.90963964219129,0.167680861394738,1,"Btf3","Siglech",0.2,0.04
1.11502206327623,8.47686156440635,0.17068433395339,1,"Dnmt1","Siglech",0.2,0.04
1.33607824976401,7.76525445410278,0.170870418600775,1,"Rsu1","Siglech",0.2,0.04
1.33607824976401,7.76525445410278,0.170870418600775,1,"Cmpk1","Siglech",0.2,0.04
1.33607824976401,7.76525445410278,0.170870418600775,1,"Thrap3","Siglech",0.2,0.04
1.33607824976401,7.76525445410278,0.170870418600775,1,"Smchd1","Siglech",0.2,0.04
-1.60473101838736,7.72251368337417,0.170870418600775,1,"Rer1","Siglech",0.2,0.04
-1.60473101838736,7.72251368337417,0.170870418600775,1,"Pafah1b3","Siglech",0.2,0.04
-1.60473101838736,7.72251368337417,0.170870418600775,1,"H2-DMa","Siglech",0.2,0.04
-1.60473101838736,7.72251368337417,0.170870418600775,1,"Rock1","Siglech",0.2,0.04
-0.933424254533671,9.08376514524224,0.177496256849098,1,"Uqcrh","Siglech",0.2,0.04
-0.762227433917046,9.67821211324451,0.177624855959478,1,"Atp5h","Siglech",0.2,0.04
1.08546336067123,8.32753333983428,0.189130807500508,1,"Ncor1","Siglech",0.2,0.04
-0.814395995823396,9.51282126615177,0.189878224485367,1,"Sub1","Siglech",0.2,0.04
1.06128651892587,8.5669512950908,0.191834632415699,1,"Prrc2c","Siglech",0.2,0.04
1.72895932017805,7.42411223417985,0.191850839783707,1,"Lrrfip1","Siglech",0.2,0.04
1.72895932017805,7.42411223417985,0.191850839783707,1,"Lgals9","Siglech",0.2,0.04
1.72895932017805,7.42411223417985,0.191850839783707,1,"Rad21","Siglech",0.2,0.04
1.72895932017805,7.42411223417985,0.191850839783707,1,"Hells","Siglech",0.2,0.04
1.3301520056554,7.51401579051653,0.191850839783707,1,"Ndufa8","Siglech",0.2,0.04
1.3301520056554,7.51401579051653,0.191850839783707,1,"Bcas2","Siglech",0.2,0.04
1.3301520056554,7.51401579051653,0.191850839783707,1,"Lyar","Siglech",0.2,0.04
1.3301520056554,7.51401579051653,0.191850839783707,1,"Mtf2","Siglech",0.2,0.04
1.3301520056554,7.51401579051653,0.191850839783707,1,"Ruvbl1","Siglech",0.2,0.04
1.3301520056554,7.51401579051653,0.191850839783707,1,"Atf7ip","Siglech",0.2,0.04
1.3301520056554,7.51401579051653,0.191850839783707,1,"Tab2","Siglech",0.2,0.04
1.3301520056554,7.51401579051653,0.191850839783707,1,"Tfrc","Siglech",0.2,0.04
1.3301520056554,7.51401579051653,0.191850839783707,1,"Pfdn6","Siglech",0.2,0.04
1.3301520056554,7.51401579051653,0.191850839783707,1,"Diaph1","Siglech",0.2,0.04
1.3301520056554,7.51401579051653,0.191850839783707,1,"Incenp","Siglech",0.2,0.04
-0.871572767264172,9.14256590968855,0.192495100000103,1,"Hnrnpd","Siglech",0.2,0.04
-0.691248861139404,10.4547344170123,0.19319620723997,1,"Rps17","Siglech",0.2,0.04
-0.586544412848252,11.432162608621,0.202844389866781,1,"Rpl12","Siglech",0.2,0.04
-0.566400779469303,12.0618393893808,0.203681252638338,1,"Rps27a","Siglech",0.2,0.04
-0.757839204294638,9.32972678554413,0.205277677331948,1,"Zfp36l2","Siglech",0.2,0.04
-1.31663934487581,7.86833081314108,0.206492439708772,1,"Csrp1","Siglech",0.2,0.04
-1.31663934487581,7.86833081314108,0.206492439708772,1,"Srsf9","Siglech",0.2,0.04
-1.31663934487581,7.86833081314108,0.206492439708772,1,"Limd2","Siglech",0.2,0.04
-1.31663934487581,7.86833081314108,0.206492439708772,1,"Mrpl28","Siglech",0.2,0.04
1.21571485068882,7.90969179052352,0.206492439708772,1,"Ctcf","Siglech",0.2,0.04
1.21571485068882,7.90969179052352,0.206492439708772,1,"Cbfa2t3","Siglech",0.2,0.04
0.789055386872881,9.19422552570796,0.207264069054584,1,"Atp5b","Siglech",0.2,0.04
-0.840735323339192,9.02667029887107,0.209224384467693,1,"Gnb2","Siglech",0.2,0.04
0.645778904320013,10.370667411921,0.20974404581818,1,"Hsp90b1","Siglech",0.2,0.04
-1.12793260340306,8.22931702080438,0.211732599198294,1,"Impdh2","Siglech",0.2,0.04
-1.12793260340306,8.22931702080438,0.211732599198294,1,"Myl12b","Siglech",0.2,0.04
1.04777473407886,8.16131658340007,0.211732599198294,1,"Cbx1","Siglech",0.2,0.04
-0.952062080825423,8.47497434838139,0.213002714443838,1,"Mpeg1","Siglech",0.2,0.04
1.87343871207071,7.09861024810858,0.217137789484305,1,"Cspp1","Siglech",0.2,0.04
1.87343871207071,7.09861024810858,0.217137789484305,1,"Bard1","Siglech",0.2,0.04
1.87343871207071,7.09861024810858,0.217137789484305,1,"Gnb4","Siglech",0.2,0.04
1.87343871207071,7.09861024810858,0.217137789484305,1,"Sf3b4","Siglech",0.2,0.04
1.87343871207071,7.09861024810858,0.217137789484305,1,"Fuca1","Siglech",0.2,0.04
1.87343871207071,7.09861024810858,0.217137789484305,1,"Atp2a2","Siglech",0.2,0.04
1.87343871207071,7.09861024810858,0.217137789484305,1,"Prmt1","Siglech",0.2,0.04
1.87343871207071,7.09861024810858,0.217137789484305,1,"Ruvbl2","Siglech",0.2,0.04
1.87343871207071,7.09861024810858,0.217137789484305,1,"Lyl1","Siglech",0.2,0.04
1.87343871207071,7.09861024810858,0.217137789484305,1,"Farsa","Siglech",0.2,0.04
1.87343871207071,7.09861024810858,0.217137789484305,1,"Exosc7","Siglech",0.2,0.04
1.87343871207071,7.09861024810858,0.217137789484305,1,"Aurkb","Siglech",0.2,0.04
1.87343871207071,7.09861024810858,0.217137789484305,1,"Prkca","Siglech",0.2,0.04
1.87343871207071,7.09861024810858,0.217137789484305,1,"Baz1a","Siglech",0.2,0.04
1.87343871207071,7.09861024810858,0.217137789484305,1,"Angpt1","Siglech",0.2,0.04
1.87343871207071,7.09861024810858,0.217137789484305,1,"Gpsm3","Siglech",0.2,0.04
-1.58788258240081,7.28785699766509,0.217137789484305,1,"Inpp4a","Siglech",0.2,0.04
-1.58788258240081,7.28785699766509,0.217137789484305,1,"E2f8","Siglech",0.2,0.04
-1.58788258240081,7.28785699766509,0.217137789484305,1,"Cib1","Siglech",0.2,0.04
-1.58788258240081,7.28785699766509,0.217137789484305,1,"Os9","Siglech",0.2,0.04
-1.58788258240081,7.28785699766509,0.217137789484305,1,"Dctn2","Siglech",0.2,0.04
-1.58788258240081,7.28785699766509,0.217137789484305,1,"Cs","Siglech",0.2,0.04
-1.58788258240081,7.28785699766509,0.217137789484305,1,"Kxd1","Siglech",0.2,0.04
-1.58788258240081,7.28785699766509,0.217137789484305,1,"Psmd7","Siglech",0.2,0.04
-1.58788258240081,7.28785699766509,0.217137789484305,1,"Gng2","Siglech",0.2,0.04
-1.58788258240081,7.28785699766509,0.217137789484305,1,"Mrpl52","Siglech",0.2,0.04
-1.58788258240081,7.28785699766509,0.217137789484305,1,"Eif3g","Siglech",0.2,0.04
-1.58788258240081,7.28785699766509,0.217137789484305,1,"Xbp1","Siglech",0.2,0.04
-1.58788258240081,7.28785699766509,0.217137789484305,1,"Pecam1","Siglech",0.2,0.04
-1.58788258240081,7.28785699766509,0.217137789484305,1,"Mcrip1","Siglech",0.2,0.04
-1.58788258240081,7.28785699766509,0.217137789484305,1,"Ripor2","Siglech",0.2,0.04
-1.58788258240081,7.28785699766509,0.217137789484305,1,"Snx18","Siglech",0.2,0.04
-1.58788258240081,7.28785699766509,0.217137789484305,1,"Cep192","Siglech",0.2,0.04
-1.58788258240081,7.28785699766509,0.217137789484305,1,"Ganab","Siglech",0.2,0.04
-0.638296005769764,10.4904298138001,0.221114138494276,1,"Rbm3","Siglech",0.2,0.04
0.81433659397483,8.91225171485982,0.228766690306903,1,"Luc7l2","Siglech",0.2,0.04
-0.537648625355968,11.9672088432354,0.230245107944912,1,"Rps16","Siglech",0.2,0.04
0.868398954505605,8.7679225337238,0.232452672846237,1,"Vcp","Siglech",0.2,0.04
-1.48071749111483,7.64684976375167,0.235949906641285,1,"Atp2b4","Siglech",0.2,0.04
-1.48071749111483,7.64684976375167,0.235949906641285,1,"Cdk9","Siglech",0.2,0.04
-1.48071749111483,7.64684976375167,0.235949906641285,1,"Trir","Siglech",0.2,0.04
-1.48071749111483,7.64684976375167,0.235949906641285,1,"Polr2m","Siglech",0.2,0.04
-1.48071749111483,7.64684976375167,0.235949906641285,1,"Ube2b","Siglech",0.2,0.04
-1.48071749111483,7.64684976375167,0.235949906641285,1,"Cd7","Siglech",0.2,0.04
-1.48071749111483,7.64684976375167,0.235949906641285,1,"Itsn2","Siglech",0.2,0.04
1.18580989745811,7.68410567349994,0.235949906641285,1,"Ppp2ca","Siglech",0.2,0.04
1.18580989745811,7.68410567349994,0.235949906641285,1,"Sept9","Siglech",0.2,0.04
1.18580989745811,7.68410567349994,0.235949906641285,1,"Laptm4a","Siglech",0.2,0.04
1.18580989745811,7.68410567349994,0.235949906641285,1,"Ide","Siglech",0.2,0.04
0.704726627830087,9.274670845084,0.23598523391146,1,"H2afv","Siglech",0.2,0.04
0.97933726124832,8.52009888609539,0.236006552043774,1,"Tpr","Siglech",0.2,0.04
0.855323733975785,8.56199807089057,0.236006552043774,1,"Rsl1d1","Siglech",0.2,0.04
-0.615207348503538,10.1005512950884,0.238827619134449,1,"Hnrnpf","Siglech",0.2,0.04
-0.991042679865474,8.33368091404111,0.238912467101842,1,"Prtn3","Siglech",0.2,0.04
-0.703853450174864,9.58000108829995,0.239662104947199,1,"Serf2","Siglech",0.2,0.04
1.12239263669435,8.0409807139596,0.239948870163316,1,"Aimp1","Siglech",0.2,0.04
-1.20681021648435,8.06014780792162,0.239948870163316,1,"H2afj","Siglech",0.2,0.04
-2.10813345841473,6.94122396195153,0.245787508828574,1,"Cd34","Siglech",0.2,0.04
-2.10813345841473,6.94122396195153,0.245787508828574,1,"Uck1","Siglech",0.2,0.04
-2.10813345841473,6.94122396195153,0.245787508828574,1,"Dpm2","Siglech",0.2,0.04
-2.10813345841473,6.94122396195153,0.245787508828574,1,"Cd82","Siglech",0.2,0.04
-2.10813345841473,6.94122396195153,0.245787508828574,1,"Slc35c2","Siglech",0.2,0.04
-2.10813345841473,6.94122396195153,0.245787508828574,1,"Tsc22d3","Siglech",0.2,0.04
-2.10813345841473,6.94122396195153,0.245787508828574,1,"Lamtor5","Siglech",0.2,0.04
-2.10813345841473,6.94122396195153,0.245787508828574,1,"Malsu1","Siglech",0.2,0.04
-2.10813345841473,6.94122396195153,0.245787508828574,1,"Tex261","Siglech",0.2,0.04
-2.10813345841473,6.94122396195153,0.245787508828574,1,"Xpc","Siglech",0.2,0.04
-2.10813345841473,6.94122396195153,0.245787508828574,1,"Lpcat3","Siglech",0.2,0.04
-2.10813345841473,6.94122396195153,0.245787508828574,1,"2810474O19Rik","Siglech",0.2,0.04
-2.10813345841473,6.94122396195153,0.245787508828574,1,"U2af2","Siglech",0.2,0.04
-2.10813345841473,6.94122396195153,0.245787508828574,1,"Rsf1","Siglech",0.2,0.04
-2.10813345841473,6.94122396195153,0.245787508828574,1,"Timm10b","Siglech",0.2,0.04
-2.10813345841473,6.94122396195153,0.245787508828574,1,"Eef2k","Siglech",0.2,0.04
-2.10813345841473,6.94122396195153,0.245787508828574,1,"Bccip","Siglech",0.2,0.04
-2.10813345841473,6.94122396195153,0.245787508828574,1,"Gm26740","Siglech",0.2,0.04
-2.10813345841473,6.94122396195153,0.245787508828574,1,"Nfyb","Siglech",0.2,0.04
-2.10813345841473,6.94122396195153,0.245787508828574,1,"Snx20","Siglech",0.2,0.04
-2.10813345841473,6.94122396195153,0.245787508828574,1,"3830406C13Rik","Siglech",0.2,0.04
-2.10813345841473,6.94122396195153,0.245787508828574,1,"Mzt1","Siglech",0.2,0.04
-2.10813345841473,6.94122396195153,0.245787508828574,1,"Pml","Siglech",0.2,0.04
-2.10813345841473,6.94122396195153,0.245787508828574,1,"Dopey1","Siglech",0.2,0.04
-2.10813345841473,6.94122396195153,0.245787508828574,1,"Eif4enif1","Siglech",0.2,0.04
-2.10813345841473,6.94122396195153,0.245787508828574,1,"Trappc1","Siglech",0.2,0.04
-2.10813345841473,6.94122396195153,0.245787508828574,1,"Txndc15","Siglech",0.2,0.04
-2.10813345841473,6.94122396195153,0.245787508828574,1,"Nfkbia","Siglech",0.2,0.04
-2.10813345841473,6.94122396195153,0.245787508828574,1,"Ly6a","Siglech",0.2,0.04
-2.10813345841473,6.94122396195153,0.245787508828574,1,"Aco2","Siglech",0.2,0.04
-2.10813345841473,6.94122396195153,0.245787508828574,1,"Dynlt1f","Siglech",0.2,0.04
-2.10813345841473,6.94122396195153,0.245787508828574,1,"Fkbp5","Siglech",0.2,0.04
-2.10813345841473,6.94122396195153,0.245787508828574,1,"Mtch1","Siglech",0.2,0.04
-2.10813345841473,6.94122396195153,0.245787508828574,1,"Slf2","Siglech",0.2,0.04
0.79143256421934,8.97933773321896,0.246018347588415,1,"Hnrnpab","Siglech",0.2,0.04
0.608454190106351,9.93035975413386,0.247032844525346,1,"H2-K1","Siglech",0.2,0.04
0.691426801586919,9.32711680153727,0.24989395071512,1,"Eif4a1","Siglech",0.2,0.04
0.621621411832988,10.0457763455677,0.251667087651208,1,"H2-D1","Siglech",0.2,0.04
-0.874138318600001,8.83066502521955,0.251805242825121,1,"Clta","Siglech",0.2,0.04
0.823080937505483,8.64691803742589,0.258092511857811,1,"Celf2","Siglech",0.2,0.04
0.77074344589282,9.04344121413884,0.26276559982407,1,"Manf","Siglech",0.2,0.04
0.77074344589282,9.04344121413884,0.26276559982407,1,"Pcbp2","Siglech",0.2,0.04
4.82807079842466,6.31660359216295,0.264705882352941,1,"Uggt1","Siglech",0.2,0.04
4.82807079842466,6.31660359216295,0.264705882352941,1,"Fam126b","Siglech",0.2,0.04
4.82807079842466,6.31660359216295,0.264705882352941,1,"Mrpl44","Siglech",0.2,0.04
4.82807079842466,6.31660359216295,0.264705882352941,1,"Ccdc93","Siglech",0.2,0.04
4.82807079842466,6.31660359216295,0.264705882352941,1,"Yod1","Siglech",0.2,0.04
4.82807079842466,6.31660359216295,0.264705882352941,1,"Slc45a3","Siglech",0.2,0.04
4.82807079842466,6.31660359216295,0.264705882352941,1,"4930523C07Rik","Siglech",0.2,0.04
4.82807079842466,6.31660359216295,0.264705882352941,1,"Dusp23","Siglech",0.2,0.04
4.82807079842466,6.31660359216295,0.264705882352941,1,"Dennd1a","Siglech",0.2,0.04
4.82807079842466,6.31660359216295,0.264705882352941,1,"Nmi","Siglech",0.2,0.04
4.82807079842466,6.31660359216295,0.264705882352941,1,"Ino80","Siglech",0.2,0.04
4.82807079842466,6.31660359216295,0.264705882352941,1,"Ift52","Siglech",0.2,0.04
4.82807079842466,6.31660359216295,0.264705882352941,1,"Gata1","Siglech",0.2,0.04
4.82807079842466,6.31660359216295,0.264705882352941,1,"Uxt","Siglech",0.2,0.04
4.82807079842466,6.31660359216295,0.264705882352941,1,"Rtl8a","Siglech",0.2,0.04
4.82807079842466,6.31660359216295,0.264705882352941,1,"Mmgt1","Siglech",0.2,0.04
4.82807079842466,6.31660359216295,0.264705882352941,1,"Pola1","Siglech",0.2,0.04
4.82807079842466,6.31660359216295,0.264705882352941,1,"Nbea","Siglech",0.2,0.04
4.82807079842466,6.31660359216295,0.264705882352941,1,"Acp6","Siglech",0.2,0.04
4.82807079842466,6.31660359216295,0.264705882352941,1,"Rpf1","Siglech",0.2,0.04
4.82807079842466,6.31660359216295,0.264705882352941,1,"Lrrc40","Siglech",0.2,0.04
4.82807079842466,6.31660359216295,0.264705882352941,1,"Ints8","Siglech",0.2,0.04
4.82807079842466,6.31660359216295,0.264705882352941,1,"Nfia","Siglech",0.2,0.04
4.82807079842466,6.31660359216295,0.264705882352941,1,"Kif2c","Siglech",0.2,0.04
4.82807079842466,6.31660359216295,0.264705882352941,1,"AU022252","Siglech",0.2,0.04
4.82807079842466,6.31660359216295,0.264705882352941,1,"Yrdc","Siglech",0.2,0.04
4.82807079842466,6.31660359216295,0.264705882352941,1,"Mad2l2","Siglech",0.2,0.04
4.82807079842466,6.31660359216295,0.264705882352941,1,"Ctnnbip1","Siglech",0.2,0.04
4.82807079842466,6.31660359216295,0.264705882352941,1,"Noc2l","Siglech",0.2,0.04
4.82807079842466,6.31660359216295,0.264705882352941,1,"Ncapg","Siglech",0.2,0.04
4.82807079842466,6.31660359216295,0.264705882352941,1,"Evi5","Siglech",0.2,0.04
4.82807079842466,6.31660359216295,0.264705882352941,1,"Atxn2","Siglech",0.2,0.04
4.82807079842466,6.31660359216295,0.264705882352941,1,"E130309D02Rik","Siglech",0.2,0.04
4.82807079842466,6.31660359216295,0.264705882352941,1,"Tnpo3","Siglech",0.2,0.04
4.82807079842466,6.31660359216295,0.264705882352941,1,"Tbxas1","Siglech",0.2,0.04
4.82807079842466,6.31660359216295,0.264705882352941,1,"Aqp1","Siglech",0.2,0.04
4.82807079842466,6.31660359216295,0.264705882352941,1,"Thumpd3","Siglech",0.2,0.04
4.82807079842466,6.31660359216295,0.264705882352941,1,"Gdf3","Siglech",0.2,0.04
4.82807079842466,6.31660359216295,0.264705882352941,1,"Ppp1r12c","Siglech",0.2,0.04
4.82807079842466,6.31660359216295,0.264705882352941,1,"B9d2","Siglech",0.2,0.04
4.82807079842466,6.31660359216295,0.264705882352941,1,"Aldh16a1","Siglech",0.2,0.04
4.82807079842466,6.31660359216295,0.264705882352941,1,"Akip1","Siglech",0.2,0.04
4.82807079842466,6.31660359216295,0.264705882352941,1,"Epb41l2","Siglech",0.2,0.04
4.82807079842466,6.31660359216295,0.264705882352941,1,"Cabin1","Siglech",0.2,0.04
4.82807079842466,6.31660359216295,0.264705882352941,1,"Cdk17","Siglech",0.2,0.04
4.82807079842466,6.31660359216295,0.264705882352941,1,"Shcbp1","Siglech",0.2,0.04
4.82807079842466,6.31660359216295,0.264705882352941,1,"Tma16","Siglech",0.2,0.04
4.82807079842466,6.31660359216295,0.264705882352941,1,"Babam1","Siglech",0.2,0.04
4.82807079842466,6.31660359216295,0.264705882352941,1,"Ap1m1","Siglech",0.2,0.04
4.82807079842466,6.31660359216295,0.264705882352941,1,"Gcdh","Siglech",0.2,0.04
4.82807079842466,6.31660359216295,0.264705882352941,1,"Dnase2a","Siglech",0.2,0.04
4.82807079842466,6.31660359216295,0.264705882352941,1,"Dach1","Siglech",0.2,0.04
4.82807079842466,6.31660359216295,0.264705882352941,1,"Bora","Siglech",0.2,0.04
4.82807079842466,6.31660359216295,0.264705882352941,1,"Dis3","Siglech",0.2,0.04
4.82807079842466,6.31660359216295,0.264705882352941,1,"Ubac2","Siglech",0.2,0.04
4.82807079842466,6.31660359216295,0.264705882352941,1,"Pigyl","Siglech",0.2,0.04
4.82807079842466,6.31660359216295,0.264705882352941,1,"Ibtk","Siglech",0.2,0.04
4.82807079842466,6.31660359216295,0.264705882352941,1,"Uba7","Siglech",0.2,0.04
4.82807079842466,6.31660359216295,0.264705882352941,1,"Tmem158","Siglech",0.2,0.04
4.82807079842466,6.31660359216295,0.264705882352941,1,"Nxn","Siglech",0.2,0.04
4.82807079842466,6.31660359216295,0.264705882352941,1,"Flot2","Siglech",0.2,0.04
4.82807079842466,6.31660359216295,0.264705882352941,1,"Prr11","Siglech",0.2,0.04
4.82807079842466,6.31660359216295,0.264705882352941,1,"Kpna2","Siglech",0.2,0.04
4.82807079842466,6.31660359216295,0.264705882352941,1,"Cbx4","Siglech",0.2,0.04
4.82807079842466,6.31660359216295,0.264705882352941,1,"Fam208b","Siglech",0.2,0.04
4.82807079842466,6.31660359216295,0.264705882352941,1,"Mtr","Siglech",0.2,0.04
4.82807079842466,6.31660359216295,0.264705882352941,1,"Nol8","Siglech",0.2,0.04
4.82807079842466,6.31660359216295,0.264705882352941,1,"Rmi1","Siglech",0.2,0.04
4.82807079842466,6.31660359216295,0.264705882352941,1,"Arsk","Siglech",0.2,0.04
4.82807079842466,6.31660359216295,0.264705882352941,1,"F2rl2","Siglech",0.2,0.04
4.82807079842466,6.31660359216295,0.264705882352941,1,"Ak6","Siglech",0.2,0.04
4.82807079842466,6.31660359216295,0.264705882352941,1,"Dnmt3a","Siglech",0.2,0.04
4.82807079842466,6.31660359216295,0.264705882352941,1,"Coq6","Siglech",0.2,0.04
4.82807079842466,6.31660359216295,0.264705882352941,1,"Sptlc2","Siglech",0.2,0.04
4.82807079842466,6.31660359216295,0.264705882352941,1,"Nup155","Siglech",0.2,0.04
4.82807079842466,6.31660359216295,0.264705882352941,1,"Mtbp","Siglech",0.2,0.04
4.82807079842466,6.31660359216295,0.264705882352941,1,"C030006K11Rik","Siglech",0.2,0.04
4.82807079842466,6.31660359216295,0.264705882352941,1,"Espl1","Siglech",0.2,0.04
4.82807079842466,6.31660359216295,0.264705882352941,1,"Pi4ka","Siglech",0.2,0.04
4.82807079842466,6.31660359216295,0.264705882352941,1,"Lrrc58","Siglech",0.2,0.04
4.82807079842466,6.31660359216295,0.264705882352941,1,"Trmt10c","Siglech",0.2,0.04
4.82807079842466,6.31660359216295,0.264705882352941,1,"Hspa13","Siglech",0.2,0.04
4.82807079842466,6.31660359216295,0.264705882352941,1,"Treml1","Siglech",0.2,0.04
4.82807079842466,6.31660359216295,0.264705882352941,1,"Ccdc85b","Siglech",0.2,0.04
4.82807079842466,6.31660359216295,0.264705882352941,1,"Sssca1","Siglech",0.2,0.04
4.82807079842466,6.31660359216295,0.264705882352941,1,"Zdhhc6","Siglech",0.2,0.04
-4.48205062438162,6.29365187665706,0.264705882352941,1,"Rrs1","Siglech",0.2,0.04
-4.48205062438162,6.29365187665706,0.264705882352941,1,"Sbspon","Siglech",0.2,0.04
-4.48205062438162,6.29365187665706,0.264705882352941,1,"Uxs1","Siglech",0.2,0.04
-4.48205062438162,6.29365187665706,0.264705882352941,1,"Ercc5","Siglech",0.2,0.04
-4.48205062438162,6.29365187665706,0.264705882352941,1,"Asnsd1","Siglech",0.2,0.04
-4.48205062438162,6.29365187665706,0.264705882352941,1,"Lancl1","Siglech",0.2,0.04
-4.48205062438162,6.29365187665706,0.264705882352941,1,"Agap1","Siglech",0.2,0.04
-4.48205062438162,6.29365187665706,0.264705882352941,1,"Slc41a1","Siglech",0.2,0.04
-4.48205062438162,6.29365187665706,0.264705882352941,1,"Nuak2","Siglech",0.2,0.04
-4.48205062438162,6.29365187665706,0.264705882352941,1,"Fam129a","Siglech",0.2,0.04
-4.48205062438162,6.29365187665706,0.264705882352941,1,"Soat1","Siglech",0.2,0.04
-4.48205062438162,6.29365187665706,0.264705882352941,1,"Zbtb18","Siglech",0.2,0.04
-4.48205062438162,6.29365187665706,0.264705882352941,1,"Notch1","Siglech",0.2,0.04
-4.48205062438162,6.29365187665706,0.264705882352941,1,"Agpat2","Siglech",0.2,0.04
-4.48205062438162,6.29365187665706,0.264705882352941,1,"Arl5a","Siglech",0.2,0.04
-4.48205062438162,6.29365187665706,0.264705882352941,1,"Dpp4","Siglech",0.2,0.04
-4.48205062438162,6.29365187665706,0.264705882352941,1,"Pex16","Siglech",0.2,0.04
-4.48205062438162,6.29365187665706,0.264705882352941,1,"Ext2","Siglech",0.2,0.04
-4.48205062438162,6.29365187665706,0.264705882352941,1,"Emc4","Siglech",0.2,0.04
-4.48205062438162,6.29365187665706,0.264705882352941,1,"Ivd","Siglech",0.2,0.04
-4.48205062438162,6.29365187665706,0.264705882352941,1,"Ehd4","Siglech",0.2,0.04
-4.48205062438162,6.29365187665706,0.264705882352941,1,"Sppl2a","Siglech",0.2,0.04
-4.48205062438162,6.29365187665706,0.264705882352941,1,"Bub1","Siglech",0.2,0.04
-4.48205062438162,6.29365187665706,0.264705882352941,1,"Slc20a1","Siglech",0.2,0.04
-4.48205062438162,6.29365187665706,0.264705882352941,1,"4930402H24Rik","Siglech",0.2,0.04
-4.48205062438162,6.29365187665706,0.264705882352941,1,"Elmo2","Siglech",0.2,0.04
-4.48205062438162,6.29365187665706,0.264705882352941,1,"Uckl1","Siglech",0.2,0.04
-4.48205062438162,6.29365187665706,0.264705882352941,1,"Mtmr1","Siglech",0.2,0.04
-4.48205062438162,6.29365187665706,0.264705882352941,1,"G6pdx","Siglech",0.2,0.04
-4.48205062438162,6.29365187665706,0.264705882352941,1,"Apoo","Siglech",0.2,0.04
-4.48205062438162,6.29365187665706,0.264705882352941,1,"Rps6ka3","Siglech",0.2,0.04
-4.48205062438162,6.29365187665706,0.264705882352941,1,"Lxn","Siglech",0.2,0.04
-4.48205062438162,6.29365187665706,0.264705882352941,1,"Il12a","Siglech",0.2,0.04
-4.48205062438162,6.29365187665706,0.264705882352941,1,"4930579G24Rik","Siglech",0.2,0.04
-4.48205062438162,6.29365187665706,0.264705882352941,1,"I830077J02Rik","Siglech",0.2,0.04
-4.48205062438162,6.29365187665706,0.264705882352941,1,"Trmt13","Siglech",0.2,0.04
-4.48205062438162,6.29365187665706,0.264705882352941,1,"Ptbp2","Siglech",0.2,0.04
-4.48205062438162,6.29365187665706,0.264705882352941,1,"Casp6","Siglech",0.2,0.04
-4.48205062438162,6.29365187665706,0.264705882352941,1,"Gm11808","Siglech",0.2,0.04
-4.48205062438162,6.29365187665706,0.264705882352941,1,"Snx30","Siglech",0.2,0.04
-4.48205062438162,6.29365187665706,0.264705882352941,1,"Ptprf","Siglech",0.2,0.04
-4.48205062438162,6.29365187665706,0.264705882352941,1,"Ncdn","Siglech",0.2,0.04
-4.48205062438162,6.29365187665706,0.264705882352941,1,"Azin2","Siglech",0.2,0.04
-4.48205062438162,6.29365187665706,0.264705882352941,1,"S100pbp","Siglech",0.2,0.04
-4.48205062438162,6.29365187665706,0.264705882352941,1,"5031425E22Rik","Siglech",0.2,0.04
-4.48205062438162,6.29365187665706,0.264705882352941,1,"Prkag2","Siglech",0.2,0.04
-4.48205062438162,6.29365187665706,0.264705882352941,1,"Insig1","Siglech",0.2,0.04
-4.48205062438162,6.29365187665706,0.264705882352941,1,"Snx17","Siglech",0.2,0.04
-4.48205062438162,6.29365187665706,0.264705882352941,1,"Htt","Siglech",0.2,0.04
-4.48205062438162,6.29365187665706,0.264705882352941,1,"Jakmip1","Siglech",0.2,0.04
-4.48205062438162,6.29365187665706,0.264705882352941,1,"Tapt1","Siglech",0.2,0.04
-4.48205062438162,6.29365187665706,0.264705882352941,1,"Klhl5","Siglech",0.2,0.04
-4.48205062438162,6.29365187665706,0.264705882352941,1,"Fam69a","Siglech",0.2,0.04
-4.48205062438162,6.29365187665706,0.264705882352941,1,"Chfr","Siglech",0.2,0.04
-4.48205062438162,6.29365187665706,0.264705882352941,1,"Fbrsl1","Siglech",0.2,0.04
-4.48205062438162,6.29365187665706,0.264705882352941,1,"Pxn","Siglech",0.2,0.04
-4.48205062438162,6.29365187665706,0.264705882352941,1,"Mlxip","Siglech",0.2,0.04
-4.48205062438162,6.29365187665706,0.264705882352941,1,"Rilpl2","Siglech",0.2,0.04
-4.48205062438162,6.29365187665706,0.264705882352941,1,"Casp2","Siglech",0.2,0.04
-4.48205062438162,6.29365187665706,0.264705882352941,1,"Usp39","Siglech",0.2,0.04
-4.48205062438162,6.29365187665706,0.264705882352941,1,"C87436","Siglech",0.2,0.04
-4.48205062438162,6.29365187665706,0.264705882352941,1,"Vgll4","Siglech",0.2,0.04
-4.48205062438162,6.29365187665706,0.264705882352941,1,"Gpr162","Siglech",0.2,0.04
-4.48205062438162,6.29365187665706,0.264705882352941,1,"Ncapd2","Siglech",0.2,0.04
-4.48205062438162,6.29365187665706,0.264705882352941,1,"Klra17","Siglech",0.2,0.04
-4.48205062438162,6.29365187665706,0.264705882352941,1,"Ldhb","Siglech",0.2,0.04
-4.48205062438162,6.29365187665706,0.264705882352941,1,"Tfpt","Siglech",0.2,0.04
-4.48205062438162,6.29365187665706,0.264705882352941,1,"Hspbp1","Siglech",0.2,0.04
-4.48205062438162,6.29365187665706,0.264705882352941,1,"Ppp5c","Siglech",0.2,0.04
-4.48205062438162,6.29365187665706,0.264705882352941,1,"Qpctl","Siglech",0.2,0.04
-4.48205062438162,6.29365187665706,0.264705882352941,1,"Zfp180","Siglech",0.2,0.04
-4.48205062438162,6.29365187665706,0.264705882352941,1,"Ccdc97","Siglech",0.2,0.04
-4.48205062438162,6.29365187665706,0.264705882352941,1,"Coq8b","Siglech",0.2,0.04
-4.48205062438162,6.29365187665706,0.264705882352941,1,"Map4k1","Siglech",0.2,0.04
-4.48205062438162,6.29365187665706,0.264705882352941,1,"Ccne1","Siglech",0.2,0.04
-4.48205062438162,6.29365187665706,0.264705882352941,1,"Bcl2l12","Siglech",0.2,0.04
-4.48205062438162,6.29365187665706,0.264705882352941,1,"Fcgrt","Siglech",0.2,0.04
-4.48205062438162,6.29365187665706,0.264705882352941,1,"Mosmo","Siglech",0.2,0.04
-4.48205062438162,6.29365187665706,0.264705882352941,1,"Tbc1d10b","Siglech",0.2,0.04
-4.48205062438162,6.29365187665706,0.264705882352941,1,"Zfp688","Siglech",0.2,0.04
-4.48205062438162,6.29365187665706,0.264705882352941,1,"Srcap","Siglech",0.2,0.04
-4.48205062438162,6.29365187665706,0.264705882352941,1,"Plekha1","Siglech",0.2,0.04
-4.48205062438162,6.29365187665706,0.264705882352941,1,"Pnpla2","Siglech",0.2,0.04
-4.48205062438162,6.29365187665706,0.264705882352941,1,"Vta1","Siglech",0.2,0.04
-4.48205062438162,6.29365187665706,0.264705882352941,1,"Heca","Siglech",0.2,0.04
-4.48205062438162,6.29365187665706,0.264705882352941,1,"Reps1","Siglech",0.2,0.04
-4.48205062438162,6.29365187665706,0.264705882352941,1,"Cep57l1","Siglech",0.2,0.04
-4.48205062438162,6.29365187665706,0.264705882352941,1,"Pofut2","Siglech",0.2,0.04
-4.48205062438162,6.29365187665706,0.264705882352941,1,"Prss57","Siglech",0.2,0.04
-4.48205062438162,6.29365187665706,0.264705882352941,1,"Tmem259","Siglech",0.2,0.04
-4.48205062438162,6.29365187665706,0.264705882352941,1,"2310011J03Rik","Siglech",0.2,0.04
-4.48205062438162,6.29365187665706,0.264705882352941,1,"Scyl2","Siglech",0.2,0.04
-4.48205062438162,6.29365187665706,0.264705882352941,1,"Krr1","Siglech",0.2,0.04
-4.48205062438162,6.29365187665706,0.264705882352941,1,"Mbd6","Siglech",0.2,0.04
-4.48205062438162,6.29365187665706,0.264705882352941,1,"Cd209a","Siglech",0.2,0.04
-4.48205062438162,6.29365187665706,0.264705882352941,1,"Smim19","Siglech",0.2,0.04
-4.48205062438162,6.29365187665706,0.264705882352941,1,"Golga7","Siglech",0.2,0.04
-4.48205062438162,6.29365187665706,0.264705882352941,1,"Rnf122","Siglech",0.2,0.04
-4.48205062438162,6.29365187665706,0.264705882352941,1,"Clcn3","Siglech",0.2,0.04
-4.48205062438162,6.29365187665706,0.264705882352941,1,"Prkaca","Siglech",0.2,0.04
-4.48205062438162,6.29365187665706,0.264705882352941,1,"Gm26532","Siglech",0.2,0.04
-4.48205062438162,6.29365187665706,0.264705882352941,1,"Lpcat2","Siglech",0.2,0.04
-4.48205062438162,6.29365187665706,0.264705882352941,1,"Cfap20","Siglech",0.2,0.04
-4.48205062438162,6.29365187665706,0.264705882352941,1,"Elmo3","Siglech",0.2,0.04
-4.48205062438162,6.29365187665706,0.264705882352941,1,"Dhodh","Siglech",0.2,0.04
-4.48205062438162,6.29365187665706,0.264705882352941,1,"Banp","Siglech",0.2,0.04
-4.48205062438162,6.29365187665706,0.264705882352941,1,"Ctu2","Siglech",0.2,0.04
-4.48205062438162,6.29365187665706,0.264705882352941,1,"Taf5l","Siglech",0.2,0.04
-4.48205062438162,6.29365187665706,0.264705882352941,1,"Tmem110","Siglech",0.2,0.04
-4.48205062438162,6.29365187665706,0.264705882352941,1,"Parg","Siglech",0.2,0.04
-4.48205062438162,6.29365187665706,0.264705882352941,1,"Gm26782","Siglech",0.2,0.04
-4.48205062438162,6.29365187665706,0.264705882352941,1,"Dcaf11","Siglech",0.2,0.04
-4.48205062438162,6.29365187665706,0.264705882352941,1,"Zmym5","Siglech",0.2,0.04
-4.48205062438162,6.29365187665706,0.264705882352941,1,"Zmym2","Siglech",0.2,0.04
-4.48205062438162,6.29365187665706,0.264705882352941,1,"Lats2","Siglech",0.2,0.04
-4.48205062438162,6.29365187665706,0.264705882352941,1,"Micu2","Siglech",0.2,0.04
-4.48205062438162,6.29365187665706,0.264705882352941,1,"Arl11","Siglech",0.2,0.04
-4.48205062438162,6.29365187665706,0.264705882352941,1,"Rb1","Siglech",0.2,0.04
-4.48205062438162,6.29365187665706,0.264705882352941,1,"Bace1","Siglech",0.2,0.04
-4.48205062438162,6.29365187665706,0.264705882352941,1,"1700017B05Rik","Siglech",0.2,0.04
-4.48205062438162,6.29365187665706,0.264705882352941,1,"Ubl7","Siglech",0.2,0.04
-4.48205062438162,6.29365187665706,0.264705882352941,1,"Rfx7","Siglech",0.2,0.04
-4.48205062438162,6.29365187665706,0.264705882352941,1,"Cyb5r4","Siglech",0.2,0.04
-4.48205062438162,6.29365187665706,0.264705882352941,1,"Mthfs","Siglech",0.2,0.04
-4.48205062438162,6.29365187665706,0.264705882352941,1,"Pxylp1","Siglech",0.2,0.04
-4.48205062438162,6.29365187665706,0.264705882352941,1,"Pik3r4","Siglech",0.2,0.04
-4.48205062438162,6.29365187665706,0.264705882352941,1,"Dhx30","Siglech",0.2,0.04
-4.48205062438162,6.29365187665706,0.264705882352941,1,"Glb1","Siglech",0.2,0.04
-4.48205062438162,6.29365187665706,0.264705882352941,1,"Ap1b1","Siglech",0.2,0.04
-4.48205062438162,6.29365187665706,0.264705882352941,1,"Ogdh","Siglech",0.2,0.04
-4.48205062438162,6.29365187665706,0.264705882352941,1,"Mgat4b","Siglech",0.2,0.04
-4.48205062438162,6.29365187665706,0.264705882352941,1,"N4bp3","Siglech",0.2,0.04
-4.48205062438162,6.29365187665706,0.264705882352941,1,"Slc25a11","Siglech",0.2,0.04
-4.48205062438162,6.29365187665706,0.264705882352941,1,"Ankfy1","Siglech",0.2,0.04
-4.48205062438162,6.29365187665706,0.264705882352941,1,"Inpp5k","Siglech",0.2,0.04
-4.48205062438162,6.29365187665706,0.264705882352941,1,"Slfn8","Siglech",0.2,0.04
-4.48205062438162,6.29365187665706,0.264705882352941,1,"Brip1os","Siglech",0.2,0.04
-4.48205062438162,6.29365187665706,0.264705882352941,1,"Msl1","Siglech",0.2,0.04
-4.48205062438162,6.29365187665706,0.264705882352941,1,"Stat5b","Siglech",0.2,0.04
-4.48205062438162,6.29365187665706,0.264705882352941,1,"Ezh1","Siglech",0.2,0.04
-4.48205062438162,6.29365187665706,0.264705882352941,1,"Strada","Siglech",0.2,0.04
-4.48205062438162,6.29365187665706,0.264705882352941,1,"Gna13","Siglech",0.2,0.04
-4.48205062438162,6.29365187665706,0.264705882352941,1,"Snhg20","Siglech",0.2,0.04
-4.48205062438162,6.29365187665706,0.264705882352941,1,"Chmp6","Siglech",0.2,0.04
-4.48205062438162,6.29365187665706,0.264705882352941,1,"Heatr1","Siglech",0.2,0.04
-4.48205062438162,6.29365187665706,0.264705882352941,1,"Zscan26","Siglech",0.2,0.04
-4.48205062438162,6.29365187665706,0.264705882352941,1,"Abt1","Siglech",0.2,0.04
-4.48205062438162,6.29365187665706,0.264705882352941,1,"Cmah","Siglech",0.2,0.04
-4.48205062438162,6.29365187665706,0.264705882352941,1,"Idnk","Siglech",0.2,0.04
-4.48205062438162,6.29365187665706,0.264705882352941,1,"Kif2a","Siglech",0.2,0.04
-4.48205062438162,6.29365187665706,0.264705882352941,1,"Hmgcs1","Siglech",0.2,0.04
-4.48205062438162,6.29365187665706,0.264705882352941,1,"Snx13","Siglech",0.2,0.04
-4.48205062438162,6.29365187665706,0.264705882352941,1,"Cox16","Siglech",0.2,0.04
-4.48205062438162,6.29365187665706,0.264705882352941,1,"Rnf113a2","Siglech",0.2,0.04
-4.48205062438162,6.29365187665706,0.264705882352941,1,"Btbd7","Siglech",0.2,0.04
-4.48205062438162,6.29365187665706,0.264705882352941,1,"Xrcc3","Siglech",0.2,0.04
-4.48205062438162,6.29365187665706,0.264705882352941,1,"Pacs2","Siglech",0.2,0.04
-4.48205062438162,6.29365187665706,0.264705882352941,1,"Skp2","Siglech",0.2,0.04
-4.48205062438162,6.29365187665706,0.264705882352941,1,"Drosha","Siglech",0.2,0.04
-4.48205062438162,6.29365187665706,0.264705882352941,1,"Ubr5","Siglech",0.2,0.04
-4.48205062438162,6.29365187665706,0.264705882352941,1,"Trmt12","Siglech",0.2,0.04
-4.48205062438162,6.29365187665706,0.264705882352941,1,"Zc3h7b","Siglech",0.2,0.04
-4.48205062438162,6.29365187665706,0.264705882352941,1,"Nfe2","Siglech",0.2,0.04
-4.48205062438162,6.29365187665706,0.264705882352941,1,"Eef2kmt","Siglech",0.2,0.04
-4.48205062438162,6.29365187665706,0.264705882352941,1,"Parn","Siglech",0.2,0.04
-4.48205062438162,6.29365187665706,0.264705882352941,1,"Prkdc","Siglech",0.2,0.04
-4.48205062438162,6.29365187665706,0.264705882352941,1,"Dgcr2","Siglech",0.2,0.04
-4.48205062438162,6.29365187665706,0.264705882352941,1,"Comt","Siglech",0.2,0.04
-4.48205062438162,6.29365187665706,0.264705882352941,1,"Lsg1","Siglech",0.2,0.04
-4.48205062438162,6.29365187665706,0.264705882352941,1,"Ncbp2","Siglech",0.2,0.04
-4.48205062438162,6.29365187665706,0.264705882352941,1,"Rnf168","Siglech",0.2,0.04
-4.48205062438162,6.29365187665706,0.264705882352941,1,"Crybg3","Siglech",0.2,0.04
-4.48205062438162,6.29365187665706,0.264705882352941,1,"Usp16","Siglech",0.2,0.04
-4.48205062438162,6.29365187665706,0.264705882352941,1,"Ifngr2","Siglech",0.2,0.04
-4.48205062438162,6.29365187665706,0.264705882352941,1,"Dynlt1a","Siglech",0.2,0.04
-4.48205062438162,6.29365187665706,0.264705882352941,1,"Phf10","Siglech",0.2,0.04
-4.48205062438162,6.29365187665706,0.264705882352941,1,"Zfp945","Siglech",0.2,0.04
-4.48205062438162,6.29365187665706,0.264705882352941,1,"Msrb1","Siglech",0.2,0.04
-4.48205062438162,6.29365187665706,0.264705882352941,1,"Hmga1","Siglech",0.2,0.04
-4.48205062438162,6.29365187665706,0.264705882352941,1,"Wdr46","Siglech",0.2,0.04
-4.48205062438162,6.29365187665706,0.264705882352941,1,"Vps52","Siglech",0.2,0.04
-4.48205062438162,6.29365187665706,0.264705882352941,1,"Ehmt2","Siglech",0.2,0.04
-4.48205062438162,6.29365187665706,0.264705882352941,1,"Zbtb14","Siglech",0.2,0.04
-4.48205062438162,6.29365187665706,0.264705882352941,1,"Svil","Siglech",0.2,0.04
-4.48205062438162,6.29365187665706,0.264705882352941,1,"Kdm3b","Siglech",0.2,0.04
-4.48205062438162,6.29365187665706,0.264705882352941,1,"Sil1","Siglech",0.2,0.04
-4.48205062438162,6.29365187665706,0.264705882352941,1,"B4gat1","Siglech",0.2,0.04
-4.48205062438162,6.29365187665706,0.264705882352941,1,"Mus81","Siglech",0.2,0.04
-4.48205062438162,6.29365187665706,0.264705882352941,1,"Map4k2","Siglech",0.2,0.04
-4.48205062438162,6.29365187665706,0.264705882352941,1,"Ccdc86","Siglech",0.2,0.04
-4.48205062438162,6.29365187665706,0.264705882352941,1,"Ms4a6b","Siglech",0.2,0.04
-4.48205062438162,6.29365187665706,0.264705882352941,1,"Mrpl16","Siglech",0.2,0.04
-4.48205062438162,6.29365187665706,0.264705882352941,1,"Lpxn","Siglech",0.2,0.04
-4.48205062438162,6.29365187665706,0.264705882352941,1,"Fam122a","Siglech",0.2,0.04
-4.48205062438162,6.29365187665706,0.264705882352941,1,"Pdlim1","Siglech",0.2,0.04
-4.48205062438162,6.29365187665706,0.264705882352941,1,"Mms19","Siglech",0.2,0.04
-4.48205062438162,6.29365187665706,0.264705882352941,1,"Dusp5","Siglech",0.2,0.04
-4.48205062438162,6.29365187665706,0.264705882352941,1,"Fam204a","Siglech",0.2,0.04
-4.48205062438162,6.29365187665706,0.264705882352941,1,"Zfp950","Siglech",0.2,0.04
0.935680040210237,8.3755173619922,0.264725179487719,1,"Srp9","Siglech",0.2,0.04
-0.87859121364226,8.43109702007478,0.264725179487719,1,"Ctsz","Siglech",0.2,0.04
0.558464429726537,10.4284980630612,0.265125617668482,1,"Npm1","Siglech",0.2,0.04
0.635706388934889,9.78790723126281,0.267568297901443,1,"Calr","Siglech",0.2,0.04
-1.0412088403893,8.1769294894127,0.271197045460801,1,"Nol7","Siglech",0.2,0.04
1.53909368533256,7.32119354516369,0.274267564733802,1,"Nusap1","Siglech",0.2,0.04
1.53909368533256,7.32119354516369,0.274267564733802,1,"Nsfl1c","Siglech",0.2,0.04
1.53909368533256,7.32119354516369,0.274267564733802,1,"Rbm10","Siglech",0.2,0.04
1.53909368533256,7.32119354516369,0.274267564733802,1,"Brcc3","Siglech",0.2,0.04
1.53909368533256,7.32119354516369,0.274267564733802,1,"Nrbp1","Siglech",0.2,0.04
1.53909368533256,7.32119354516369,0.274267564733802,1,"Zfp644","Siglech",0.2,0.04
1.53909368533256,7.32119354516369,0.274267564733802,1,"Ppp4r2","Siglech",0.2,0.04
1.53909368533256,7.32119354516369,0.274267564733802,1,"Zwint","Siglech",0.2,0.04
1.53909368533256,7.32119354516369,0.274267564733802,1,"Osbpl8","Siglech",0.2,0.04
1.53909368533256,7.32119354516369,0.274267564733802,1,"Hmgn3","Siglech",0.2,0.04
1.53909368533256,7.32119354516369,0.274267564733802,1,"Snf8","Siglech",0.2,0.04
1.53909368533256,7.32119354516369,0.274267564733802,1,"Nsun2","Siglech",0.2,0.04
1.53909368533256,7.32119354516369,0.274267564733802,1,"Sipa1l1","Siglech",0.2,0.04
1.14028637080991,7.41752999641435,0.274267564733802,1,"Arhgap15","Siglech",0.2,0.04
1.14028637080991,7.41752999641435,0.274267564733802,1,"Arhgef2","Siglech",0.2,0.04
1.14028637080991,7.41752999641435,0.274267564733802,1,"Bod1l","Siglech",0.2,0.04
1.14028637080991,7.41752999641435,0.274267564733802,1,"Ncf1","Siglech",0.2,0.04
1.14028637080991,7.41752999641435,0.274267564733802,1,"Nt5c3","Siglech",0.2,0.04
1.14028637080991,7.41752999641435,0.274267564733802,1,"Rabac1","Siglech",0.2,0.04
1.14028637080991,7.41752999641435,0.274267564733802,1,"Uqcrc2","Siglech",0.2,0.04
1.14028637080991,7.41752999641435,0.274267564733802,1,"Aldoa","Siglech",0.2,0.04
1.14028637080991,7.41752999641435,0.274267564733802,1,"Phip","Siglech",0.2,0.04
1.14028637080991,7.41752999641435,0.274267564733802,1,"Copb2","Siglech",0.2,0.04
1.14028637080991,7.41752999641435,0.274267564733802,1,"Ccdc12","Siglech",0.2,0.04
1.14028637080991,7.41752999641435,0.274267564733802,1,"Nufip2","Siglech",0.2,0.04
1.14028637080991,7.41752999641435,0.274267564733802,1,"Ubtf","Siglech",0.2,0.04
1.14028637080991,7.41752999641435,0.274267564733802,1,"Arid4b","Siglech",0.2,0.04
1.14028637080991,7.41752999641435,0.274267564733802,1,"Ap3b1","Siglech",0.2,0.04
1.14028637080991,7.41752999641435,0.274267564733802,1,"Foxn3","Siglech",0.2,0.04
1.14028637080991,7.41752999641435,0.274267564733802,1,"Racgap1","Siglech",0.2,0.04
-1.20244729072796,7.80022826592744,0.275998822358522,1,"Psmb10","Siglech",0.2,0.04
-1.20244729072796,7.80022826592744,0.275998822358522,1,"Slc44a2","Siglech",0.2,0.04
-1.20244729072796,7.80022826592744,0.275998822358522,1,"Mgat1","Siglech",0.2,0.04
-1.20244729072796,7.80022826592744,0.275998822358522,1,"Tex2","Siglech",0.2,0.04
-1.20244729072796,7.80022826592744,0.275998822358522,1,"Cuedc2","Siglech",0.2,0.04
1.07963221374012,7.8362625952284,0.275998822358522,1,"Taf10","Siglech",0.2,0.04
-0.682980328878374,9.11949611104857,0.278997379553853,1,"Rhoa","Siglech",0.2,0.04
-0.682980328878374,9.11949611104857,0.278997379553853,1,"Bcl11a","Siglech",0.2,0.04
-0.587193947023427,9.94889188156405,0.281129771041222,1,"Itm2b","Siglech",0.2,0.04
-0.610655547868988,9.86510552828434,0.288108918034705,1,"Emp3","Siglech",0.2,0.04
-0.741680040575386,8.96709942433746,0.288483965512137,1,"Gpx4","Siglech",0.2,0.04
0.892451217450732,8.47176742889962,0.289175799326644,1,"Selenoh","Siglech",0.2,0.04
0.892451217450732,8.47176742889962,0.289175799326644,1,"Ddx39b","Siglech",0.2,0.04
0.768437690178197,8.51507709894365,0.289175799326644,1,"Canx","Siglech",0.2,0.04
0.768437690178197,8.51507709894365,0.289175799326644,1,"Luc7l3","Siglech",0.2,0.04
-0.784302576609812,8.5224314884697,0.289175799326645,1,"Ndufa6","Siglech",0.2,0.04
-0.588966743242656,9.99637686808113,0.29057826173044,1,"Rac2","Siglech",0.2,0.04
0.487768355633915,11.2148158308352,0.292733999483901,1,"Hspa8","Siglech",0.2,0.04
-0.680327523807025,9.20299738839168,0.294710695686241,1,"Prdx1","Siglech",0.2,0.04
-0.67588994661709,9.35669442103959,0.299089425527356,1,"Sem1","Siglech",0.2,0.04
-0.524422803218709,10.5494716568446,0.299253681562123,1,"Ly6e","Siglech",0.2,0.04
-0.817864992387195,8.79673272764713,0.299469905921261,1,"Zfp706","Siglech",0.2,0.04
-0.817864992387195,8.79673272764713,0.299469905921261,1,"Ptprcap","Siglech",0.2,0.04
-0.909237796112695,8.2850746129002,0.30030984727682,1,"Adcy7","Siglech",0.2,0.04
0.880619654553854,8.21517946594066,0.30030984727682,1,"Actr2","Siglech",0.2,0.04
-0.636957958023704,9.54008075083626,0.302271281658001,1,"Eef2","Siglech",0.2,0.04
-0.70394411926205,8.60839784122116,0.31230350412863,1,"Pkig","Siglech",0.2,0.04
-0.70394411926205,8.60839784122116,0.31230350412863,1,"Gltp","Siglech",0.2,0.04
-0.70394411926205,8.60839784122116,0.31230350412863,1,"Pcbp1","Siglech",0.2,0.04
-0.70394411926205,8.60839784122116,0.31230350412863,1,"Ubl5","Siglech",0.2,0.04
0.998046896873972,7.97390996737249,0.312308126727794,1,"Parp1","Siglech",0.2,0.04
0.998046896873972,7.97390996737249,0.312308126727794,1,"Etfb","Siglech",0.2,0.04
0.998046896873972,7.97390996737249,0.312308126727794,1,"Ifitm2","Siglech",0.2,0.04
-1.10823070794744,8.00091487757592,0.312308126727794,1,"Git2","Siglech",0.2,0.04
-1.10823070794744,8.00091487757592,0.312308126727794,1,"Eif4h","Siglech",0.2,0.04
-1.10823070794744,8.00091487757592,0.312308126727794,1,"Mrpl23","Siglech",0.2,0.04
-1.00241798447836,7.93902119045057,0.312308126727794,1,"Uba52","Siglech",0.2,0.04
-1.00241798447836,7.93902119045057,0.312308126727794,1,"Csk","Siglech",0.2,0.04
-1.00241798447836,7.93902119045057,0.312308126727794,1,"Sdha","Siglech",0.2,0.04
0.620562390929861,9.40055242501866,0.312653812188872,1,"Nap1l1","Siglech",0.2,0.04
-0.749792578779627,8.86818652957731,0.318789138139629,1,"Cox5b","Siglech",0.2,0.04
-0.749792578779627,8.86818652957731,0.318789138139629,1,"Ube2i","Siglech",0.2,0.04
0.693329277270547,9.072380094708,0.322470320047532,1,"Rrbp1","Siglech",0.2,0.04
0.693329277270547,9.072380094708,0.322470320047532,1,"Hdgf","Siglech",0.2,0.04
-1.34503268908692,7.56680741736577,0.323451739300794,1,"Cops9","Siglech",0.2,0.04
-1.34503268908692,7.56680741736577,0.323451739300794,1,"Atp6ap2","Siglech",0.2,0.04
-1.34503268908692,7.56680741736577,0.323451739300794,1,"Bri3","Siglech",0.2,0.04
-1.34503268908692,7.56680741736577,0.323451739300794,1,"Ssbp1","Siglech",0.2,0.04
-1.34503268908692,7.56680741736577,0.323451739300794,1,"Ankrd10","Siglech",0.2,0.04
-1.34503268908692,7.56680741736577,0.323451739300794,1,"Orc6","Siglech",0.2,0.04
-1.34503268908692,7.56680741736577,0.323451739300794,1,"Nptn","Siglech",0.2,0.04
-1.34503268908692,7.56680741736577,0.323451739300794,1,"Psmc5","Siglech",0.2,0.04
-1.34503268908692,7.56680741736577,0.323451739300794,1,"Pak2","Siglech",0.2,0.04
1.0180503932425,7.59838885183681,0.323451739300794,1,"Cntrl","Siglech",0.2,0.04
1.0180503932425,7.59838885183681,0.323451739300794,1,"Psmc3","Siglech",0.2,0.04
1.0180503932425,7.59838885183681,0.323451739300794,1,"Caprin1","Siglech",0.2,0.04
1.0180503932425,7.59838885183681,0.323451739300794,1,"Tomm5","Siglech",0.2,0.04
1.0180503932425,7.59838885183681,0.323451739300794,1,"Ptp4a2","Siglech",0.2,0.04
1.0180503932425,7.59838885183681,0.323451739300794,1,"Runx3","Siglech",0.2,0.04
1.0180503932425,7.59838885183681,0.323451739300794,1,"Tsc22d4","Siglech",0.2,0.04
1.0180503932425,7.59838885183681,0.323451739300794,1,"Eif3b","Siglech",0.2,0.04
1.0180503932425,7.59838885183681,0.323451739300794,1,"Asf1b","Siglech",0.2,0.04
1.0180503932425,7.59838885183681,0.323451739300794,1,"Fam104a","Siglech",0.2,0.04
1.0180503932425,7.59838885183681,0.323451739300794,1,"Usp7","Siglech",0.2,0.04
1.0180503932425,7.59838885183681,0.323451739300794,1,"Brd2","Siglech",0.2,0.04
1.0180503932425,7.59838885183681,0.323451739300794,1,"Birc6","Siglech",0.2,0.04
0.611425568980098,9.44866365725482,0.325815276137462,1,"Spcs2","Siglech",0.2,0.04
1.6155650961284,6.96943024087216,0.325868652055929,1,"Map4k4","Siglech",0.2,0.04
1.6155650961284,6.96943024087216,0.325868652055929,1,"Stk17b","Siglech",0.2,0.04
1.6155650961284,6.96943024087216,0.325868652055929,1,"Dnajc1","Siglech",0.2,0.04
1.6155650961284,6.96943024087216,0.325868652055929,1,"March7","Siglech",0.2,0.04
1.6155650961284,6.96943024087216,0.325868652055929,1,"Knstrn","Siglech",0.2,0.04
1.6155650961284,6.96943024087216,0.325868652055929,1,"Sh3bgrl","Siglech",0.2,0.04
1.6155650961284,6.96943024087216,0.325868652055929,1,"Selenot","Siglech",0.2,0.04
1.6155650961284,6.96943024087216,0.325868652055929,1,"Akirin2","Siglech",0.2,0.04
1.6155650961284,6.96943024087216,0.325868652055929,1,"Szrd1","Siglech",0.2,0.04
1.6155650961284,6.96943024087216,0.325868652055929,1,"Srm","Siglech",0.2,0.04
1.6155650961284,6.96943024087216,0.325868652055929,1,"Lap3","Siglech",0.2,0.04
1.6155650961284,6.96943024087216,0.325868652055929,1,"Taf6","Siglech",0.2,0.04
1.6155650961284,6.96943024087216,0.325868652055929,1,"Zfp638","Siglech",0.2,0.04
1.6155650961284,6.96943024087216,0.325868652055929,1,"Crebzf","Siglech",0.2,0.04
1.6155650961284,6.96943024087216,0.325868652055929,1,"Ifitm3","Siglech",0.2,0.04
1.6155650961284,6.96943024087216,0.325868652055929,1,"Gatd1","Siglech",0.2,0.04
1.6155650961284,6.96943024087216,0.325868652055929,1,"Tbc1d15","Siglech",0.2,0.04
1.6155650961284,6.96943024087216,0.325868652055929,1,"Map2k7","Siglech",0.2,0.04
1.6155650961284,6.96943024087216,0.325868652055929,1,"Gcsh","Siglech",0.2,0.04
1.6155650961284,6.96943024087216,0.325868652055929,1,"Diaph3","Siglech",0.2,0.04
1.6155650961284,6.96943024087216,0.325868652055929,1,"Hmbs","Siglech",0.2,0.04
1.6155650961284,6.96943024087216,0.325868652055929,1,"Rsl24d1","Siglech",0.2,0.04
1.6155650961284,6.96943024087216,0.325868652055929,1,"Rtn4","Siglech",0.2,0.04
1.6155650961284,6.96943024087216,0.325868652055929,1,"Aff4","Siglech",0.2,0.04
1.6155650961284,6.96943024087216,0.325868652055929,1,"Smg6","Siglech",0.2,0.04
1.6155650961284,6.96943024087216,0.325868652055929,1,"Unc119","Siglech",0.2,0.04
1.6155650961284,6.96943024087216,0.325868652055929,1,"Aatf","Siglech",0.2,0.04
1.6155650961284,6.96943024087216,0.325868652055929,1,"Kpnb1","Siglech",0.2,0.04
1.6155650961284,6.96943024087216,0.325868652055929,1,"Rock2","Siglech",0.2,0.04
1.6155650961284,6.96943024087216,0.325868652055929,1,"Twistnb","Siglech",0.2,0.04
1.6155650961284,6.96943024087216,0.325868652055929,1,"Mis18bp1","Siglech",0.2,0.04
1.6155650961284,6.96943024087216,0.325868652055929,1,"Ppp2r5c","Siglech",0.2,0.04
1.6155650961284,6.96943024087216,0.325868652055929,1,"Ap2m1","Siglech",0.2,0.04
1.6155650961284,6.96943024087216,0.325868652055929,1,"Cggbp1","Siglech",0.2,0.04
1.6155650961284,6.96943024087216,0.325868652055929,1,"Rnps1","Siglech",0.2,0.04
1.6155650961284,6.96943024087216,0.325868652055929,1,"Gm26917","Siglech",0.2,0.04
1.6155650961284,6.96943024087216,0.325868652055929,1,"Usp14","Siglech",0.2,0.04
1.6155650961284,6.96943024087216,0.325868652055929,1,"Smndc1","Siglech",0.2,0.04
-1.39879103603114,7.1836077199841,0.325868652055929,1,"Hspa14","Siglech",0.2,0.04
-1.39879103603114,7.1836077199841,0.325868652055929,1,"Fnbp1","Siglech",0.2,0.04
-1.39879103603114,7.1836077199841,0.325868652055929,1,"Cd93","Siglech",0.2,0.04
-1.39879103603114,7.1836077199841,0.325868652055929,1,"Ctsa","Siglech",0.2,0.04
-1.39879103603114,7.1836077199841,0.325868652055929,1,"Sash3","Siglech",0.2,0.04
-1.39879103603114,7.1836077199841,0.325868652055929,1,"P2ry14","Siglech",0.2,0.04
-1.39879103603114,7.1836077199841,0.325868652055929,1,"Inip","Siglech",0.2,0.04
-1.39879103603114,7.1836077199841,0.325868652055929,1,"Ppih","Siglech",0.2,0.04
-1.39879103603114,7.1836077199841,0.325868652055929,1,"Cap1","Siglech",0.2,0.04
-1.39879103603114,7.1836077199841,0.325868652055929,1,"Ythdf2","Siglech",0.2,0.04
-1.39879103603114,7.1836077199841,0.325868652055929,1,"Ccnl2","Siglech",0.2,0.04
-1.39879103603114,7.1836077199841,0.325868652055929,1,"Tmem165","Siglech",0.2,0.04
-1.39879103603114,7.1836077199841,0.325868652055929,1,"Lat2","Siglech",0.2,0.04
-1.39879103603114,7.1836077199841,0.325868652055929,1,"Mospd3","Siglech",0.2,0.04
-1.39879103603114,7.1836077199841,0.325868652055929,1,"Fmc1","Siglech",0.2,0.04
-1.39879103603114,7.1836077199841,0.325868652055929,1,"Fyn","Siglech",0.2,0.04
-1.39879103603114,7.1836077199841,0.325868652055929,1,"Cpsf6","Siglech",0.2,0.04
-1.39879103603114,7.1836077199841,0.325868652055929,1,"Cnot7","Siglech",0.2,0.04
-1.39879103603114,7.1836077199841,0.325868652055929,1,"Spcs3","Siglech",0.2,0.04
-1.39879103603114,7.1836077199841,0.325868652055929,1,"Fkbp8","Siglech",0.2,0.04
-1.39879103603114,7.1836077199841,0.325868652055929,1,"Fam32a","Siglech",0.2,0.04
-1.39879103603114,7.1836077199841,0.325868652055929,1,"Znrf1","Siglech",0.2,0.04
-1.39879103603114,7.1836077199841,0.325868652055929,1,"Pafah1b1","Siglech",0.2,0.04
-1.39879103603114,7.1836077199841,0.325868652055929,1,"Ggnbp2","Siglech",0.2,0.04
-1.39879103603114,7.1836077199841,0.325868652055929,1,"Spin1","Siglech",0.2,0.04
-1.39879103603114,7.1836077199841,0.325868652055929,1,"Rab24","Siglech",0.2,0.04
-1.39879103603114,7.1836077199841,0.325868652055929,1,"Senp1","Siglech",0.2,0.04
-1.39879103603114,7.1836077199841,0.325868652055929,1,"Ifnar1","Siglech",0.2,0.04
-1.39879103603114,7.1836077199841,0.325868652055929,1,"Pigp","Siglech",0.2,0.04
-1.39879103603114,7.1836077199841,0.325868652055929,1,"Ndufv1","Siglech",0.2,0.04
-1.39879103603114,7.1836077199841,0.325868652055929,1,"Nxf1","Siglech",0.2,0.04
-1.39879103603114,7.1836077199841,0.325868652055929,1,"Mrpl43","Siglech",0.2,0.04
-0.558396202515788,9.8840039441946,0.326867221322791,1,"Cox8a","Siglech",0.2,0.04
0.836890776021491,8.32221377321557,0.327413195281991,1,"Nudc","Siglech",0.2,0.04
0.836890776021491,8.32221377321557,0.327413195281991,1,"Ankrd11","Siglech",0.2,0.04
-0.801177045019987,8.38577177085287,0.327413195281991,1,"Atp6v1g1","Siglech",0.2,0.04
-0.801177045019987,8.38577177085287,0.327413195281991,1,"Minos1","Siglech",0.2,0.04
-0.636124569147891,9.1770128038389,0.338486666545203,1,"Rbm39","Siglech",0.2,0.04
0.608580157626752,9.15967420408872,0.338486666545203,1,"Cyba","Siglech",0.2,0.04
-0.602309879405349,9.51967770083706,0.338580727961277,1,"Tspo","Siglech",0.2,0.04
-0.426381959320276,12.1904915227035,0.341841987801162,1,"mt-Cytb","Siglech",0.2,0.04
-0.415637626376111,12.3679455785025,0.342877298935111,1,"Tmsb4x","Siglech",0.2,0.04
-0.948936600542048,8.12246865275049,0.345266794314099,1,"H13","Siglech",0.2,0.04
-0.948936600542048,8.12246865275049,0.345266794314099,1,"Ndufa1","Siglech",0.2,0.04
-0.948936600542048,8.12246865275049,0.345266794314099,1,"Akr1a1","Siglech",0.2,0.04
-0.948936600542048,8.12246865275049,0.345266794314099,1,"Sept1","Siglech",0.2,0.04
0.933301090324676,8.09957565695258,0.345266794314099,1,"Ssr2","Siglech",0.2,0.04
0.933301090324676,8.09957565695258,0.345266794314099,1,"Vdac3","Siglech",0.2,0.04
-0.451286572012291,11.3860899619908,0.345605186126664,1,"Ubb","Siglech",0.2,0.04
-0.710831709426649,8.47997969470023,0.352653370062316,1,"Arf5","Siglech",0.2,0.04
0.799995238182331,8.42186170628124,0.352653370062316,1,"Sdf2l1","Siglech",0.2,0.04
0.675981710909796,8.46667544935951,0.352653370062316,1,"Ndufb10","Siglech",0.2,0.04
0.696232150109229,8.76328979261833,0.354831968026715,1,"Ybx3","Siglech",0.2,0.04
-0.759307280416495,8.76194035318432,0.354831968026715,1,"Phgdh","Siglech",0.2,0.04
-0.759307280416495,8.76194035318432,0.354831968026715,1,"Eif3k","Siglech",0.2,0.04
-0.635625598646754,9.00141446708273,0.354836493517952,1,"Cox6b1","Siglech",0.2,0.04
-0.474141941427436,10.664236917338,0.356938248644755,1,"Gpx1","Siglech",0.2,0.04
-0.50500203634477,10.1193007411077,0.362373553607846,1,"mt-Nd3","Siglech",0.2,0.04
-0.540199578852272,9.60614514994759,0.362958666824636,1,"Cd47","Siglech",0.2,0.04
-1.07843376345542,7.7285912087735,0.366108882722305,1,"Cct7","Siglech",0.2,0.04
-1.07843376345542,7.7285912087735,0.366108882722305,1,"Usf2","Siglech",0.2,0.04
-1.07843376345542,7.7285912087735,0.366108882722305,1,"Rrm1","Siglech",0.2,0.04
-1.07843376345542,7.7285912087735,0.366108882722305,1,"Slc25a4","Siglech",0.2,0.04
-1.07843376345542,7.7285912087735,0.366108882722305,1,"Bptf","Siglech",0.2,0.04
-1.07843376345542,7.7285912087735,0.366108882722305,1,"Uqcrfs1","Siglech",0.2,0.04
-1.07843376345542,7.7285912087735,0.366108882722305,1,"Bex6","Siglech",0.2,0.04
0.929363861434224,7.75912066147022,0.366108882722305,1,"Ifi203","Siglech",0.2,0.04
0.929363861434224,7.75912066147022,0.366108882722305,1,"Rbm17","Siglech",0.2,0.04
0.929363861434224,7.75912066147022,0.366108882722305,1,"Arl1","Siglech",0.2,0.04
0.929363861434224,7.75912066147022,0.366108882722305,1,"Erh","Siglech",0.2,0.04
0.929363861434224,7.75912066147022,0.366108882722305,1,"Psmd2","Siglech",0.2,0.04
0.929363861434224,7.75912066147022,0.366108882722305,1,"H2-Q7","Siglech",0.2,0.04
0.929363861434224,7.75912066147022,0.366108882722305,1,"Myl12a","Siglech",0.2,0.04
0.929363861434224,7.75912066147022,0.366108882722305,1,"Hnrnpul2","Siglech",0.2,0.04
-0.52231869575073,9.76202244211647,0.37105356920657,1,"Cmtm7","Siglech",0.2,0.04
0.677547206121439,8.83737587745527,0.374371519358052,1,"Ccnd3","Siglech",0.2,0.04
-0.822514033098934,8.23468635638036,0.375259826420189,1,"Magoh","Siglech",0.2,0.04
-0.822514033098934,8.23468635638036,0.375259826420189,1,"Ost4","Siglech",0.2,0.04
-0.822514033098934,8.23468635638036,0.375259826420189,1,"Cox6a1","Siglech",0.2,0.04
-0.822514033098934,8.23468635638036,0.375259826420189,1,"Gabarap","Siglech",0.2,0.04
-0.822514033098934,8.23468635638036,0.375259826420189,1,"Atp5o.1","Siglech",0.2,0.04
-0.822514033098934,8.23468635638036,0.375259826420189,1,"Ndufa2","Siglech",0.2,0.04
-0.43250725694209,10.8679274010347,0.375456621544588,1,"H3f3b","Siglech",0.2,0.04
0.654245636030346,8.55704635928688,0.37618002215316,1,"Pnn","Siglech",0.2,0.04
-0.634034224303913,8.56848300165881,0.37618002215316,1,"Eif4g2","Siglech",0.2,0.04
-0.634034224303913,8.56848300165881,0.37618002215316,1,"Ccnd1","Siglech",0.2,0.04
-0.566809165923581,9.49896733766596,0.378521118894881,1,"Srsf2","Siglech",0.2,0.04
1.3203988780422,7.21077083699409,0.388527115232798,1,"Itga4","Siglech",0.2,0.04
1.3203988780422,7.21077083699409,0.388527115232798,1,"Celf1","Siglech",0.2,0.04
1.3203988780422,7.21077083699409,0.388527115232798,1,"Cops2","Siglech",0.2,0.04
1.3203988780422,7.21077083699409,0.388527115232798,1,"Sec22b","Siglech",0.2,0.04
1.3203988780422,7.21077083699409,0.388527115232798,1,"Dnttip2","Siglech",0.2,0.04
1.3203988780422,7.21077083699409,0.388527115232798,1,"Cdk11b","Siglech",0.2,0.04
1.3203988780422,7.21077083699409,0.388527115232798,1,"Pitpnb","Siglech",0.2,0.04
1.3203988780422,7.21077083699409,0.388527115232798,1,"Kdelr2","Siglech",0.2,0.04
1.3203988780422,7.21077083699409,0.388527115232798,1,"Ranbp2","Siglech",0.2,0.04
1.3203988780422,7.21077083699409,0.388527115232798,1,"Rab21","Siglech",0.2,0.04
1.3203988780422,7.21077083699409,0.388527115232798,1,"Sarnp","Siglech",0.2,0.04
1.3203988780422,7.21077083699409,0.388527115232798,1,"Top2b","Siglech",0.2,0.04
1.3203988780422,7.21077083699409,0.388527115232798,1,"AC160336.1","Siglech",0.2,0.04
1.3203988780422,7.21077083699409,0.388527115232798,1,"Ppan","Siglech",0.2,0.04
1.3203988780422,7.21077083699409,0.388527115232798,1,"Wdr61","Siglech",0.2,0.04
1.3203988780422,7.21077083699409,0.388527115232798,1,"Nudcd2","Siglech",0.2,0.04
1.3203988780422,7.21077083699409,0.388527115232798,1,"Dtnbp1","Siglech",0.2,0.04
1.3203988780422,7.21077083699409,0.388527115232798,1,"Nemf","Siglech",0.2,0.04
1.3203988780422,7.21077083699409,0.388527115232798,1,"Trabd","Siglech",0.2,0.04
0.921591563519545,7.31449626702931,0.388527115232798,1,"Gls","Siglech",0.2,0.04
0.921591563519545,7.31449626702931,0.388527115232798,1,"Ndufa10","Siglech",0.2,0.04
0.921591563519545,7.31449626702931,0.388527115232798,1,"Ier5","Siglech",0.2,0.04
0.921591563519545,7.31449626702931,0.388527115232798,1,"Nxt1","Siglech",0.2,0.04
0.921591563519545,7.31449626702931,0.388527115232798,1,"Chmp4b","Siglech",0.2,0.04
0.921591563519545,7.31449626702931,0.388527115232798,1,"Atp1a1","Siglech",0.2,0.04
0.921591563519545,7.31449626702931,0.388527115232798,1,"Snrnp40","Siglech",0.2,0.04
0.921591563519545,7.31449626702931,0.388527115232798,1,"Pop5","Siglech",0.2,0.04
0.921591563519545,7.31449626702931,0.388527115232798,1,"Arl6ip4","Siglech",0.2,0.04
0.921591563519545,7.31449626702931,0.388527115232798,1,"Srrt","Siglech",0.2,0.04
0.921591563519545,7.31449626702931,0.388527115232798,1,"Aup1","Siglech",0.2,0.04
0.921591563519545,7.31449626702931,0.388527115232798,1,"Ap2a2","Siglech",0.2,0.04
0.921591563519545,7.31449626702931,0.388527115232798,1,"Tfdp1","Siglech",0.2,0.04
0.921591563519545,7.31449626702931,0.388527115232798,1,"Jund","Siglech",0.2,0.04
0.921591563519545,7.31449626702931,0.388527115232798,1,"Zfp330","Siglech",0.2,0.04
0.921591563519545,7.31449626702931,0.388527115232798,1,"Adam10","Siglech",0.2,0.04
0.921591563519545,7.31449626702931,0.388527115232798,1,"Rpain","Siglech",0.2,0.04
0.921591563519545,7.31449626702931,0.388527115232798,1,"Sdf2","Siglech",0.2,0.04
0.921591563519545,7.31449626702931,0.388527115232798,1,"Psmd3","Siglech",0.2,0.04
0.921591563519545,7.31449626702931,0.388527115232798,1,"Strn3","Siglech",0.2,0.04
0.921591563519545,7.31449626702931,0.388527115232798,1,"Tnrc6b","Siglech",0.2,0.04
0.921591563519545,7.31449626702931,0.388527115232798,1,"Cox17","Siglech",0.2,0.04
0.921591563519545,7.31449626702931,0.388527115232798,1,"Ppp1r11","Siglech",0.2,0.04
0.921591563519545,7.31449626702931,0.388527115232798,1,"Bin1","Siglech",0.2,0.04
-0.558969763402659,9.3603584404781,0.396538834964033,1,"Arpc3","Siglech",0.2,0.04
0.635318956358852,8.64209909265785,0.398137575224092,1,"Bzw1","Siglech",0.2,0.04
0.635318956358852,8.64209909265785,0.398137575224092,1,"Cct5","Siglech",0.2,0.04
2.20960695152101,6.67956395818581,0.398816130225675,1,"Ccdc115","Siglech",0.2,0.04
2.20960695152101,6.67956395818581,0.398816130225675,1,"Orc2","Siglech",0.2,0.04
2.20960695152101,6.67956395818581,0.398816130225675,1,"Ino80d","Siglech",0.2,0.04
2.20960695152101,6.67956395818581,0.398816130225675,1,"Ly9","Siglech",0.2,0.04
2.20960695152101,6.67956395818581,0.398816130225675,1,"Setx","Siglech",0.2,0.04
2.20960695152101,6.67956395818581,0.398816130225675,1,"Prrc2b","Siglech",0.2,0.04
2.20960695152101,6.67956395818581,0.398816130225675,1,"Rnd3","Siglech",0.2,0.04
2.20960695152101,6.67956395818581,0.398816130225675,1,"Rif1","Siglech",0.2,0.04
2.20960695152101,6.67956395818581,0.398816130225675,1,"Lnpk","Siglech",0.2,0.04
2.20960695152101,6.67956395818581,0.398816130225675,1,"Trp53i11","Siglech",0.2,0.04
2.20960695152101,6.67956395818581,0.398816130225675,1,"Pdhx","Siglech",0.2,0.04
2.20960695152101,6.67956395818581,0.398816130225675,1,"Snap23","Siglech",0.2,0.04
2.20960695152101,6.67956395818581,0.398816130225675,1,"Trmt6","Siglech",0.2,0.04
2.20960695152101,6.67956395818581,0.398816130225675,1,"Dcun1d1","Siglech",0.2,0.04
2.20960695152101,6.67956395818581,0.398816130225675,1,"Setd7","Siglech",0.2,0.04
2.20960695152101,6.67956395818581,0.398816130225675,1,"Selenbp1","Siglech",0.2,0.04
2.20960695152101,6.67956395818581,0.398816130225675,1,"Smu1","Siglech",0.2,0.04
2.20960695152101,6.67956395818581,0.398816130225675,1,"Coro1c","Siglech",0.2,0.04
2.20960695152101,6.67956395818581,0.398816130225675,1,"Pom121","Siglech",0.2,0.04
2.20960695152101,6.67956395818581,0.398816130225675,1,"Trim56","Siglech",0.2,0.04
2.20960695152101,6.67956395818581,0.398816130225675,1,"Aimp2","Siglech",0.2,0.04
2.20960695152101,6.67956395818581,0.398816130225675,1,"Plaur","Siglech",0.2,0.04
2.20960695152101,6.67956395818581,0.398816130225675,1,"Kmt2b","Siglech",0.2,0.04
2.20960695152101,6.67956395818581,0.398816130225675,1,"Tpp1","Siglech",0.2,0.04
2.20960695152101,6.67956395818581,0.398816130225675,1,"Dennd5a","Siglech",0.2,0.04
2.20960695152101,6.67956395818581,0.398816130225675,1,"Kif22","Siglech",0.2,0.04
2.20960695152101,6.67956395818581,0.398816130225675,1,"Plxnc1","Siglech",0.2,0.04
2.20960695152101,6.67956395818581,0.398816130225675,1,"Mak16","Siglech",0.2,0.04
2.20960695152101,6.67956395818581,0.398816130225675,1,"Nip7","Siglech",0.2,0.04
2.20960695152101,6.67956395818581,0.398816130225675,1,"Wwp2","Siglech",0.2,0.04
2.20960695152101,6.67956395818581,0.398816130225675,1,"Rbm34","Siglech",0.2,0.04
2.20960695152101,6.67956395818581,0.398816130225675,1,"Vcl","Siglech",0.2,0.04
2.20960695152101,6.67956395818581,0.398816130225675,1,"Ppif","Siglech",0.2,0.04
2.20960695152101,6.67956395818581,0.398816130225675,1,"Tmem260","Siglech",0.2,0.04
2.20960695152101,6.67956395818581,0.398816130225675,1,"Chordc1","Siglech",0.2,0.04
2.20960695152101,6.67956395818581,0.398816130225675,1,"Dnm2","Siglech",0.2,0.04
2.20960695152101,6.67956395818581,0.398816130225675,1,"Acat1","Siglech",0.2,0.04
2.20960695152101,6.67956395818581,0.398816130225675,1,"Scamp2","Siglech",0.2,0.04
2.20960695152101,6.67956395818581,0.398816130225675,1,"Fam212a","Siglech",0.2,0.04
2.20960695152101,6.67956395818581,0.398816130225675,1,"Ccdc117","Siglech",0.2,0.04
2.20960695152101,6.67956395818581,0.398816130225675,1,"Ftsj3","Siglech",0.2,0.04
2.20960695152101,6.67956395818581,0.398816130225675,1,"Rreb1","Siglech",0.2,0.04
2.20960695152101,6.67956395818581,0.398816130225675,1,"Ninj1","Siglech",0.2,0.04
2.20960695152101,6.67956395818581,0.398816130225675,1,"G2e3","Siglech",0.2,0.04
2.20960695152101,6.67956395818581,0.398816130225675,1,"Zc3h14","Siglech",0.2,0.04
2.20960695152101,6.67956395818581,0.398816130225675,1,"Rrp7a","Siglech",0.2,0.04
2.20960695152101,6.67956395818581,0.398816130225675,1,"Nup50","Siglech",0.2,0.04
2.20960695152101,6.67956395818581,0.398816130225675,1,"Hdgfl2","Siglech",0.2,0.04
2.20960695152101,6.67956395818581,0.398816130225675,1,"Fam98a","Siglech",0.2,0.04
2.20960695152101,6.67956395818581,0.398816130225675,1,"Cdc23","Siglech",0.2,0.04
2.20960695152101,6.67956395818581,0.398816130225675,1,"Pfdn1","Siglech",0.2,0.04
2.20960695152101,6.67956395818581,0.398816130225675,1,"Hdhd2","Siglech",0.2,0.04
2.20960695152101,6.67956395818581,0.398816130225675,1,"Cndp2","Siglech",0.2,0.04
2.20960695152101,6.67956395818581,0.398816130225675,1,"Vps13a","Siglech",0.2,0.04
2.20960695152101,6.67956395818581,0.398816130225675,1,"Uhrf2","Siglech",0.2,0.04
-1.85168742239085,6.8065685404352,0.398816130225675,1,"Copa","Siglech",0.2,0.04
-1.85168742239085,6.8065685404352,0.398816130225675,1,"Ints7","Siglech",0.2,0.04
-1.85168742239085,6.8065685404352,0.398816130225675,1,"Stam","Siglech",0.2,0.04
-1.85168742239085,6.8065685404352,0.398816130225675,1,"Tor2a","Siglech",0.2,0.04
-1.85168742239085,6.8065685404352,0.398816130225675,1,"Apip","Siglech",0.2,0.04
-1.85168742239085,6.8065685404352,0.398816130225675,1,"Ctdspl2","Siglech",0.2,0.04
-1.85168742239085,6.8065685404352,0.398816130225675,1,"Ythdf1","Siglech",0.2,0.04
-1.85168742239085,6.8065685404352,0.398816130225675,1,"Phf6","Siglech",0.2,0.04
-1.85168742239085,6.8065685404352,0.398816130225675,1,"Cetn2","Siglech",0.2,0.04
-1.85168742239085,6.8065685404352,0.398816130225675,1,"Irak1","Siglech",0.2,0.04
-1.85168742239085,6.8065685404352,0.398816130225675,1,"Flna","Siglech",0.2,0.04
-1.85168742239085,6.8065685404352,0.398816130225675,1,"Bcl10","Siglech",0.2,0.04
-1.85168742239085,6.8065685404352,0.398816130225675,1,"Lsm10","Siglech",0.2,0.04
-1.85168742239085,6.8065685404352,0.398816130225675,1,"Pgd","Siglech",0.2,0.04
-1.85168742239085,6.8065685404352,0.398816130225675,1,"Vamp3","Siglech",0.2,0.04
-1.85168742239085,6.8065685404352,0.398816130225675,1,"Coq2","Siglech",0.2,0.04
-1.85168742239085,6.8065685404352,0.398816130225675,1,"Mrps17","Siglech",0.2,0.04
-1.85168742239085,6.8065685404352,0.398816130225675,1,"Ap1s1","Siglech",0.2,0.04
-1.85168742239085,6.8065685404352,0.398816130225675,1,"Zfp68","Siglech",0.2,0.04
-1.85168742239085,6.8065685404352,0.398816130225675,1,"Rpia","Siglech",0.2,0.04
-1.85168742239085,6.8065685404352,0.398816130225675,1,"Dguok","Siglech",0.2,0.04
-1.85168742239085,6.8065685404352,0.398816130225675,1,"Nr2c2","Siglech",0.2,0.04
-1.85168742239085,6.8065685404352,0.398816130225675,1,"Sec13","Siglech",0.2,0.04
-1.85168742239085,6.8065685404352,0.398816130225675,1,"M6pr","Siglech",0.2,0.04
-1.85168742239085,6.8065685404352,0.398816130225675,1,"Rad51ap1","Siglech",0.2,0.04
-1.85168742239085,6.8065685404352,0.398816130225675,1,"Dera","Siglech",0.2,0.04
-1.85168742239085,6.8065685404352,0.398816130225675,1,"Yif1b","Siglech",0.2,0.04
-1.85168742239085,6.8065685404352,0.398816130225675,1,"Tsg101","Siglech",0.2,0.04
-1.85168742239085,6.8065685404352,0.398816130225675,1,"Mrpl48","Siglech",0.2,0.04
-1.85168742239085,6.8065685404352,0.398816130225675,1,"Ubfd1","Siglech",0.2,0.04
-1.85168742239085,6.8065685404352,0.398816130225675,1,"Matk","Siglech",0.2,0.04
-1.85168742239085,6.8065685404352,0.398816130225675,1,"Tmem5","Siglech",0.2,0.04
-1.85168742239085,6.8065685404352,0.398816130225675,1,"Ppm1h","Siglech",0.2,0.04
-1.85168742239085,6.8065685404352,0.398816130225675,1,"Esyt1","Siglech",0.2,0.04
-1.85168742239085,6.8065685404352,0.398816130225675,1,"Lsm1","Siglech",0.2,0.04
-1.85168742239085,6.8065685404352,0.398816130225675,1,"Dcaf15","Siglech",0.2,0.04
-1.85168742239085,6.8065685404352,0.398816130225675,1,"Wdhd1","Siglech",0.2,0.04
-1.85168742239085,6.8065685404352,0.398816130225675,1,"Ap1g2","Siglech",0.2,0.04
-1.85168742239085,6.8065685404352,0.398816130225675,1,"Pspc1","Siglech",0.2,0.04
-1.85168742239085,6.8065685404352,0.398816130225675,1,"Pbk","Siglech",0.2,0.04
-1.85168742239085,6.8065685404352,0.398816130225675,1,"Gtf2f2","Siglech",0.2,0.04
-1.85168742239085,6.8065685404352,0.398816130225675,1,"Ncapd3","Siglech",0.2,0.04
-1.85168742239085,6.8065685404352,0.398816130225675,1,"Srpr","Siglech",0.2,0.04
-1.85168742239085,6.8065685404352,0.398816130225675,1,"Map2k5","Siglech",0.2,0.04
-1.85168742239085,6.8065685404352,0.398816130225675,1,"Herc1","Siglech",0.2,0.04
-1.85168742239085,6.8065685404352,0.398816130225675,1,"Rapgef6","Siglech",0.2,0.04
-1.85168742239085,6.8065685404352,0.398816130225675,1,"Guk1","Siglech",0.2,0.04
-1.85168742239085,6.8065685404352,0.398816130225675,1,"Vps53","Siglech",0.2,0.04
-1.85168742239085,6.8065685404352,0.398816130225675,1,"Milr1","Siglech",0.2,0.04
-1.85168742239085,6.8065685404352,0.398816130225675,1,"Csnk1d","Siglech",0.2,0.04
-1.85168742239085,6.8065685404352,0.398816130225675,1,"Idi1","Siglech",0.2,0.04
-1.85168742239085,6.8065685404352,0.398816130225675,1,"Card19","Siglech",0.2,0.04
-1.85168742239085,6.8065685404352,0.398816130225675,1,"Ylpm1","Siglech",0.2,0.04
-1.85168742239085,6.8065685404352,0.398816130225675,1,"Ncapg2","Siglech",0.2,0.04
-1.85168742239085,6.8065685404352,0.398816130225675,1,"Taf2","Siglech",0.2,0.04
-1.85168742239085,6.8065685404352,0.398816130225675,1,"Cers5","Siglech",0.2,0.04
-1.85168742239085,6.8065685404352,0.398816130225675,1,"Myg1","Siglech",0.2,0.04
-1.85168742239085,6.8065685404352,0.398816130225675,1,"Anks3","Siglech",0.2,0.04
-1.85168742239085,6.8065685404352,0.398816130225675,1,"Morc3","Siglech",0.2,0.04
-1.85168742239085,6.8065685404352,0.398816130225675,1,"Kctd20","Siglech",0.2,0.04
-1.85168742239085,6.8065685404352,0.398816130225675,1,"Bag6","Siglech",0.2,0.04
-1.85168742239085,6.8065685404352,0.398816130225675,1,"Rab5a","Siglech",0.2,0.04
-1.85168742239085,6.8065685404352,0.398816130225675,1,"Vav1","Siglech",0.2,0.04
-1.85168742239085,6.8065685404352,0.398816130225675,1,"Mta3","Siglech",0.2,0.04
-1.85168742239085,6.8065685404352,0.398816130225675,1,"Ttc7","Siglech",0.2,0.04
-1.85168742239085,6.8065685404352,0.398816130225675,1,"Mapre2","Siglech",0.2,0.04
-1.85168742239085,6.8065685404352,0.398816130225675,1,"Epb41l4aos","Siglech",0.2,0.04
-1.85168742239085,6.8065685404352,0.398816130225675,1,"Bad","Siglech",0.2,0.04
-1.85168742239085,6.8065685404352,0.398816130225675,1,"Uqcc3","Siglech",0.2,0.04
-1.53958580997795,6.65753046564729,0.398816130225675,1,"Atp6v1h","Siglech",0.2,0.04
-1.53958580997795,6.65753046564729,0.398816130225675,1,"Ube2w","Siglech",0.2,0.04
-1.53958580997795,6.65753046564729,0.398816130225675,1,"Nab1","Siglech",0.2,0.04
-1.53958580997795,6.65753046564729,0.398816130225675,1,"Ppp1r7","Siglech",0.2,0.04
-1.53958580997795,6.65753046564729,0.398816130225675,1,"Uhmk1","Siglech",0.2,0.04
-1.53958580997795,6.65753046564729,0.398816130225675,1,"Wdr26","Siglech",0.2,0.04
-1.53958580997795,6.65753046564729,0.398816130225675,1,"Angel2","Siglech",0.2,0.04
-1.53958580997795,6.65753046564729,0.398816130225675,1,"Frmd4a","Siglech",0.2,0.04
-1.53958580997795,6.65753046564729,0.398816130225675,1,"Mrpl41","Siglech",0.2,0.04
-1.53958580997795,6.65753046564729,0.398816130225675,1,"Nup214","Siglech",0.2,0.04
-1.53958580997795,6.65753046564729,0.398816130225675,1,"Rc3h2","Siglech",0.2,0.04
-1.53958580997795,6.65753046564729,0.398816130225675,1,"Ssfa2","Siglech",0.2,0.04
-1.53958580997795,6.65753046564729,0.398816130225675,1,"Tmx2","Siglech",0.2,0.04
-1.53958580997795,6.65753046564729,0.398816130225675,1,"Wdr76","Siglech",0.2,0.04
-1.53958580997795,6.65753046564729,0.398816130225675,1,"Naa20","Siglech",0.2,0.04
-1.53958580997795,6.65753046564729,0.398816130225675,1,"Blcap","Siglech",0.2,0.04
-1.53958580997795,6.65753046564729,0.398816130225675,1,"Pqbp1","Siglech",0.2,0.04
-1.53958580997795,6.65753046564729,0.398816130225675,1,"Pdzd11","Siglech",0.2,0.04
-1.53958580997795,6.65753046564729,0.398816130225675,1,"Sat1","Siglech",0.2,0.04
-1.53958580997795,6.65753046564729,0.398816130225675,1,"Elf2","Siglech",0.2,0.04
-1.53958580997795,6.65753046564729,0.398816130225675,1,"Rab33b","Siglech",0.2,0.04
-1.53958580997795,6.65753046564729,0.398816130225675,1,"Mllt11","Siglech",0.2,0.04
-1.53958580997795,6.65753046564729,0.398816130225675,1,"Rnf115","Siglech",0.2,0.04
-1.53958580997795,6.65753046564729,0.398816130225675,1,"Ampd2","Siglech",0.2,0.04
-1.53958580997795,6.65753046564729,0.398816130225675,1,"Pole3","Siglech",0.2,0.04
-1.53958580997795,6.65753046564729,0.398816130225675,1,"Cntln","Siglech",0.2,0.04
-1.53958580997795,6.65753046564729,0.398816130225675,1,"Hspb11","Siglech",0.2,0.04
-1.53958580997795,6.65753046564729,0.398816130225675,1,"Eri3","Siglech",0.2,0.04
-1.53958580997795,6.65753046564729,0.398816130225675,1,"Zc3h12a","Siglech",0.2,0.04
-1.53958580997795,6.65753046564729,0.398816130225675,1,"Marcksl1","Siglech",0.2,0.04
-1.53958580997795,6.65753046564729,0.398816130225675,1,"Gpn2","Siglech",0.2,0.04
-1.53958580997795,6.65753046564729,0.398816130225675,1,"E2f2","Siglech",0.2,0.04
-1.53958580997795,6.65753046564729,0.398816130225675,1,"Prdm2","Siglech",0.2,0.04
-1.53958580997795,6.65753046564729,0.398816130225675,1,"Aurkaip1","Siglech",0.2,0.04
-1.53958580997795,6.65753046564729,0.398816130225675,1,"Cyp51","Siglech",0.2,0.04
-1.53958580997795,6.65753046564729,0.398816130225675,1,"Abcf2","Siglech",0.2,0.04
-1.53958580997795,6.65753046564729,0.398816130225675,1,"Kmt2c","Siglech",0.2,0.04
-1.53958580997795,6.65753046564729,0.398816130225675,1,"Atraid","Siglech",0.2,0.04
-1.53958580997795,6.65753046564729,0.398816130225675,1,"Nelfa","Siglech",0.2,0.04
-1.53958580997795,6.65753046564729,0.398816130225675,1,"Stx18","Siglech",0.2,0.04
-1.53958580997795,6.65753046564729,0.398816130225675,1,"Tmem128","Siglech",0.2,0.04
-1.53958580997795,6.65753046564729,0.398816130225675,1,"Med28","Siglech",0.2,0.04
-1.53958580997795,6.65753046564729,0.398816130225675,1,"Pole","Siglech",0.2,0.04
-1.53958580997795,6.65753046564729,0.398816130225675,1,"Gcn1l1","Siglech",0.2,0.04
-1.53958580997795,6.65753046564729,0.398816130225675,1,"Cpsf4","Siglech",0.2,0.04
-1.53958580997795,6.65753046564729,0.398816130225675,1,"Zyx","Siglech",0.2,0.04
-1.53958580997795,6.65753046564729,0.398816130225675,1,"Tigd2","Siglech",0.2,0.04
-1.53958580997795,6.65753046564729,0.398816130225675,1,"Mob1a","Siglech",0.2,0.04
-1.53958580997795,6.65753046564729,0.398816130225675,1,"Tet3","Siglech",0.2,0.04
-1.53958580997795,6.65753046564729,0.398816130225675,1,"Nagk","Siglech",0.2,0.04
-1.53958580997795,6.65753046564729,0.398816130225675,1,"Adipor2","Siglech",0.2,0.04
-1.53958580997795,6.65753046564729,0.398816130225675,1,"Smim10l1","Siglech",0.2,0.04
-1.53958580997795,6.65753046564729,0.398816130225675,1,"Tsen34","Siglech",0.2,0.04
-1.53958580997795,6.65753046564729,0.398816130225675,1,"Napa","Siglech",0.2,0.04
-1.53958580997795,6.65753046564729,0.398816130225675,1,"Gemin7","Siglech",0.2,0.04
-1.53958580997795,6.65753046564729,0.398816130225675,1,"Sirt2","Siglech",0.2,0.04
-1.53958580997795,6.65753046564729,0.398816130225675,1,"Cebpg","Siglech",0.2,0.04
-1.53958580997795,6.65753046564729,0.398816130225675,1,"Igf1r","Siglech",0.2,0.04
-1.53958580997795,6.65753046564729,0.398816130225675,1,"Tmem135","Siglech",0.2,0.04
-1.53958580997795,6.65753046564729,0.398816130225675,1,"Rhog","Siglech",0.2,0.04
-1.53958580997795,6.65753046564729,0.398816130225675,1,"Wee1","Siglech",0.2,0.04
-1.53958580997795,6.65753046564729,0.398816130225675,1,"Itgax","Siglech",0.2,0.04
-1.53958580997795,6.65753046564729,0.398816130225675,1,"Sec23ip","Siglech",0.2,0.04
-1.53958580997795,6.65753046564729,0.398816130225675,1,"Pkib","Siglech",0.2,0.04
-1.53958580997795,6.65753046564729,0.398816130225675,1,"Eif4ebp2","Siglech",0.2,0.04
-1.53958580997795,6.65753046564729,0.398816130225675,1,"Arid3a","Siglech",0.2,0.04
-1.53958580997795,6.65753046564729,0.398816130225675,1,"Thop1","Siglech",0.2,0.04
-1.53958580997795,6.65753046564729,0.398816130225675,1,"Mfsd12","Siglech",0.2,0.04
-1.53958580997795,6.65753046564729,0.398816130225675,1,"Ufsp2","Siglech",0.2,0.04
-1.53958580997795,6.65753046564729,0.398816130225675,1,"Cfap97","Siglech",0.2,0.04
-1.53958580997795,6.65753046564729,0.398816130225675,1,"Ccdc124","Siglech",0.2,0.04
-1.53958580997795,6.65753046564729,0.398816130225675,1,"Rad23a","Siglech",0.2,0.04
-1.53958580997795,6.65753046564729,0.398816130225675,1,"Cklf","Siglech",0.2,0.04
-1.53958580997795,6.65753046564729,0.398816130225675,1,"Nae1","Siglech",0.2,0.04
-1.53958580997795,6.65753046564729,0.398816130225675,1,"Glg1","Siglech",0.2,0.04
-1.53958580997795,6.65753046564729,0.398816130225675,1,"Tsnax","Siglech",0.2,0.04
-1.53958580997795,6.65753046564729,0.398816130225675,1,"Chdh","Siglech",0.2,0.04
-1.53958580997795,6.65753046564729,0.398816130225675,1,"Oxa1l","Siglech",0.2,0.04
-1.53958580997795,6.65753046564729,0.398816130225675,1,"Prmt5","Siglech",0.2,0.04
-1.53958580997795,6.65753046564729,0.398816130225675,1,"Zdhhc20","Siglech",0.2,0.04
-1.53958580997795,6.65753046564729,0.398816130225675,1,"Trim35","Siglech",0.2,0.04
-1.53958580997795,6.65753046564729,0.398816130225675,1,"Mycbp2","Siglech",0.2,0.04
-1.53958580997795,6.65753046564729,0.398816130225675,1,"Ankrd49","Siglech",0.2,0.04
-1.53958580997795,6.65753046564729,0.398816130225675,1,"Tbcel","Siglech",0.2,0.04
-1.53958580997795,6.65753046564729,0.398816130225675,1,"Rpl10-ps3","Siglech",0.2,0.04
-1.53958580997795,6.65753046564729,0.398816130225675,1,"Clk3","Siglech",0.2,0.04
-1.53958580997795,6.65753046564729,0.398816130225675,1,"Map2k1","Siglech",0.2,0.04
-1.53958580997795,6.65753046564729,0.398816130225675,1,"Clpx","Siglech",0.2,0.04
-1.53958580997795,6.65753046564729,0.398816130225675,1,"Spg21","Siglech",0.2,0.04
-1.53958580997795,6.65753046564729,0.398816130225675,1,"Map4","Siglech",0.2,0.04
-1.53958580997795,6.65753046564729,0.398816130225675,1,"Plek","Siglech",0.2,0.04
-1.53958580997795,6.65753046564729,0.398816130225675,1,"Etaa1","Siglech",0.2,0.04
-1.53958580997795,6.65753046564729,0.398816130225675,1,"Usp34","Siglech",0.2,0.04
-1.53958580997795,6.65753046564729,0.398816130225675,1,"Bod1","Siglech",0.2,0.04
-1.53958580997795,6.65753046564729,0.398816130225675,1,"Slu7","Siglech",0.2,0.04
-1.53958580997795,6.65753046564729,0.398816130225675,1,"Zcchc10","Siglech",0.2,0.04
-1.53958580997795,6.65753046564729,0.398816130225675,1,"Sap30l","Siglech",0.2,0.04
-1.53958580997795,6.65753046564729,0.398816130225675,1,"Rai1","Siglech",0.2,0.04
-1.53958580997795,6.65753046564729,0.398816130225675,1,"Drg2","Siglech",0.2,0.04
-1.53958580997795,6.65753046564729,0.398816130225675,1,"Cd68","Siglech",0.2,0.04
-1.53958580997795,6.65753046564729,0.398816130225675,1,"Amz2","Siglech",0.2,0.04
-1.53958580997795,6.65753046564729,0.398816130225675,1,"Sap30bp","Siglech",0.2,0.04
-1.53958580997795,6.65753046564729,0.398816130225675,1,"E2f3","Siglech",0.2,0.04
-1.53958580997795,6.65753046564729,0.398816130225675,1,"Gcnt2","Siglech",0.2,0.04
-1.53958580997795,6.65753046564729,0.398816130225675,1,"Nop16","Siglech",0.2,0.04
-1.53958580997795,6.65753046564729,0.398816130225675,1,"Zfp934","Siglech",0.2,0.04
-1.53958580997795,6.65753046564729,0.398816130225675,1,"Aaed1","Siglech",0.2,0.04
-1.53958580997795,6.65753046564729,0.398816130225675,1,"Mfsd14b","Siglech",0.2,0.04
-1.53958580997795,6.65753046564729,0.398816130225675,1,"Ccnh","Siglech",0.2,0.04
-1.53958580997795,6.65753046564729,0.398816130225675,1,"Gpbp1","Siglech",0.2,0.04
-1.53958580997795,6.65753046564729,0.398816130225675,1,"Iah1","Siglech",0.2,0.04
-1.53958580997795,6.65753046564729,0.398816130225675,1,"Zfp36l1","Siglech",0.2,0.04
-1.53958580997795,6.65753046564729,0.398816130225675,1,"Med6","Siglech",0.2,0.04
-1.53958580997795,6.65753046564729,0.398816130225675,1,"Mta1","Siglech",0.2,0.04
-1.53958580997795,6.65753046564729,0.398816130225675,1,"Creld2","Siglech",0.2,0.04
-1.53958580997795,6.65753046564729,0.398816130225675,1,"Ano6","Siglech",0.2,0.04
-1.53958580997795,6.65753046564729,0.398816130225675,1,"Hdac7","Siglech",0.2,0.04
-1.53958580997795,6.65753046564729,0.398816130225675,1,"Bin2","Siglech",0.2,0.04
-1.53958580997795,6.65753046564729,0.398816130225675,1,"Litaf","Siglech",0.2,0.04
-1.53958580997795,6.65753046564729,0.398816130225675,1,"Fopnl","Siglech",0.2,0.04
-1.53958580997795,6.65753046564729,0.398816130225675,1,"Mcm4","Siglech",0.2,0.04
-1.53958580997795,6.65753046564729,0.398816130225675,1,"Eif2b5","Siglech",0.2,0.04
-1.53958580997795,6.65753046564729,0.398816130225675,1,"Ppp2r1a","Siglech",0.2,0.04
-1.53958580997795,6.65753046564729,0.398816130225675,1,"Nubp2","Siglech",0.2,0.04
-1.53958580997795,6.65753046564729,0.398816130225675,1,"Def6","Siglech",0.2,0.04
-1.53958580997795,6.65753046564729,0.398816130225675,1,"BC004004","Siglech",0.2,0.04
-1.53958580997795,6.65753046564729,0.398816130225675,1,"H2-Ke6","Siglech",0.2,0.04
-1.53958580997795,6.65753046564729,0.398816130225675,1,"Tcf19","Siglech",0.2,0.04
-1.53958580997795,6.65753046564729,0.398816130225675,1,"Gtpbp2","Siglech",0.2,0.04
-1.53958580997795,6.65753046564729,0.398816130225675,1,"Cnpy3","Siglech",0.2,0.04
-1.53958580997795,6.65753046564729,0.398816130225675,1,"Lonp1","Siglech",0.2,0.04
-1.53958580997795,6.65753046564729,0.398816130225675,1,"Wdr33","Siglech",0.2,0.04
-1.53958580997795,6.65753046564729,0.398816130225675,1,"Zfp608","Siglech",0.2,0.04
-1.53958580997795,6.65753046564729,0.398816130225675,1,"Aldh3b1","Siglech",0.2,0.04
-1.53958580997795,6.65753046564729,0.398816130225675,1,"Fibp","Siglech",0.2,0.04
-1.53958580997795,6.65753046564729,0.398816130225675,1,"Mta2","Siglech",0.2,0.04
-1.53958580997795,6.65753046564729,0.398816130225675,1,"Fads1","Siglech",0.2,0.04
-1.53958580997795,6.65753046564729,0.398816130225675,1,"Gm9493","Siglech",0.2,0.04
-1.53958580997795,6.65753046564729,0.398816130225675,1,"Slc25a28","Siglech",0.2,0.04
-0.480556512400122,9.88691650526397,0.401356610868779,1,"Gnas","Siglech",0.2,0.04
-0.480556512400122,9.88691650526397,0.401356610868779,1,"Sec61b","Siglech",0.2,0.04
0.730836334092859,8.26698932069639,0.402638814235118,1,"Tcp1","Siglech",0.2,0.04
-0.719372161267208,8.33889918446309,0.402638814235118,1,"Ndufb11","Siglech",0.2,0.04
-0.719372161267208,8.33889918446309,0.402638814235118,1,"Brk1","Siglech",0.2,0.04
-0.719372161267208,8.33889918446309,0.402638814235118,1,"Dnajc9","Siglech",0.2,0.04
-0.719372161267208,8.33889918446309,0.402638814235118,1,"Nsa2","Siglech",0.2,0.04
-0.719372161267208,8.33889918446309,0.402638814235118,1,"Bloc1s2","Siglech",0.2,0.04
0.861964259925272,7.90376014872904,0.40342719054973,1,"Gtpbp4","Siglech",0.2,0.04
0.861964259925272,7.90376014872904,0.40342719054973,1,"Eif2s1","Siglech",0.2,0.04
-0.888225930330507,7.87421624847728,0.40342719054973,1,"Ywhab","Siglech",0.2,0.04
-0.888225930330507,7.87421624847728,0.40342719054973,1,"Sec62","Siglech",0.2,0.04
-0.888225930330507,7.87421624847728,0.40342719054973,1,"1810037I17Rik","Siglech",0.2,0.04
-0.888225930330507,7.87421624847728,0.40342719054973,1,"Khdrbs1","Siglech",0.2,0.04
-0.888225930330507,7.87421624847728,0.40342719054973,1,"Psmd13","Siglech",0.2,0.04
-0.888225930330507,7.87421624847728,0.40342719054973,1,"Rtcb","Siglech",0.2,0.04
-0.888225930330507,7.87421624847728,0.40342719054973,1,"Ndufa12","Siglech",0.2,0.04
-0.888225930330507,7.87421624847728,0.40342719054973,1,"Prkcd","Siglech",0.2,0.04
-0.888225930330507,7.87421624847728,0.40342719054973,1,"Spns3","Siglech",0.2,0.04
-0.888225930330507,7.87421624847728,0.40342719054973,1,"Tspan13","Siglech",0.2,0.04
-0.888225930330507,7.87421624847728,0.40342719054973,1,"AY036118","Siglech",0.2,0.04
-0.888225930330507,7.87421624847728,0.40342719054973,1,"Ahnak","Siglech",0.2,0.04
-0.888225930330507,7.87421624847728,0.40342719054973,1,"Smc3","Siglech",0.2,0.04
-0.363330784961398,12.6802051982999,0.40814603249755,1,"Rps24","Siglech",0.2,0.04
-0.583424993420367,8.9713542880018,0.4103559557269,1,"Npc2","Siglech",0.2,0.04
-0.698271839511314,8.726242693667,0.418661169042415,1,"Arpc5","Siglech",0.2,0.04
-0.634539691751207,8.68959088333062,0.418661169042415,1,"Ywhaq","Siglech",0.2,0.04
-0.536836334458008,9.03498854582327,0.42693642860378,1,"Gng5","Siglech",0.2,0.04
0.568393778586017,9.00537229697777,0.42693642860378,1,"Tma7","Siglech",0.2,0.04
0.701205973993586,8.37027696126545,0.427714020552826,1,"Atrx","Siglech",0.2,0.04
0.701205973993586,8.37027696126545,0.427714020552826,1,"Srrm1","Siglech",0.2,0.04
0.701205973993586,8.37027696126545,0.427714020552826,1,"Tgfb1","Siglech",0.2,0.04
0.701205973993586,8.37027696126545,0.427714020552826,1,"Ssr1","Siglech",0.2,0.04
0.57719244672105,8.41669786092478,0.427714020552826,1,"Rcc2","Siglech",0.2,0.04
0.57719244672105,8.41669786092478,0.427714020552826,1,"Cct8","Siglech",0.2,0.04
0.57719244672105,8.41669786092478,0.427714020552826,1,"Csnk1a1","Siglech",0.2,0.04
-0.850357092005135,8.06576315344536,0.436352566552615,1,"Colgalt1","Siglech",0.2,0.04
0.808955350504301,8.03523837141403,0.436352566552615,1,"Psma5","Siglech",0.2,0.04
0.808955350504301,8.03523837141403,0.436352566552615,1,"Llph","Siglech",0.2,0.04
0.808955350504301,8.03523837141403,0.436352566552615,1,"Mrpl57","Siglech",0.2,0.04
0.808955350504301,8.03523837141403,0.436352566552615,1,"Ddx46","Siglech",0.2,0.04
0.808955350504301,8.03523837141403,0.436352566552615,1,"Cbx5","Siglech",0.2,0.04
0.808955350504301,8.03523837141403,0.436352566552615,1,"Fermt3","Siglech",0.2,0.04
-0.744544368536052,8.00661956961611,0.436352566552615,1,"Pcna","Siglech",0.2,0.04
-0.744544368536052,8.00661956961611,0.436352566552615,1,"Psmd8","Siglech",0.2,0.04
-0.744544368536052,8.00661956961611,0.436352566552615,1,"Ptges3","Siglech",0.2,0.04
-0.744544368536052,8.00661956961611,0.436352566552615,1,"D8Ertd738e","Siglech",0.2,0.04
-0.744544368536052,8.00661956961611,0.436352566552615,1,"Psme2","Siglech",0.2,0.04
-0.744544368536052,8.00661956961611,0.436352566552615,1,"Rnf187","Siglech",0.2,0.04
-0.744544368536052,8.00661956961611,0.436352566552615,1,"Cyc1","Siglech",0.2,0.04
-0.63496154059612,8.80124794036574,0.437875061184897,1,"Ssr4","Siglech",0.2,0.04
-0.63496154059612,8.80124794036574,0.437875061184897,1,"Mtdh","Siglech",0.2,0.04
-1.19524936862593,7.48185021774442,0.439101014633991,1,"Eif5b","Siglech",0.2,0.04
-1.19524936862593,7.48185021774442,0.439101014633991,1,"Tns1","Siglech",0.2,0.04
-1.19524936862593,7.48185021774442,0.439101014633991,1,"Dpm3","Siglech",0.2,0.04
-1.19524936862593,7.48185021774442,0.439101014633991,1,"Tnfaip8l2","Siglech",0.2,0.04
-1.19524936862593,7.48185021774442,0.439101014633991,1,"Ndufb6","Siglech",0.2,0.04
-1.19524936862593,7.48185021774442,0.439101014633991,1,"Klrd1","Siglech",0.2,0.04
-1.19524936862593,7.48185021774442,0.439101014633991,1,"Snrpa","Siglech",0.2,0.04
-1.19524936862593,7.48185021774442,0.439101014633991,1,"Ech1","Siglech",0.2,0.04
-1.19524936862593,7.48185021774442,0.439101014633991,1,"Klf13","Siglech",0.2,0.04
-1.19524936862593,7.48185021774442,0.439101014633991,1,"R3hdm4","Siglech",0.2,0.04
-1.19524936862593,7.48185021774442,0.439101014633991,1,"Rnf7","Siglech",0.2,0.04
-1.19524936862593,7.48185021774442,0.439101014633991,1,"Slc38a2","Siglech",0.2,0.04
-1.19524936862593,7.48185021774442,0.439101014633991,1,"Csnk2b","Siglech",0.2,0.04
-1.19524936862593,7.48185021774442,0.439101014633991,1,"Srp19","Siglech",0.2,0.04
0.828184758397009,7.50755783326786,0.439101014633991,1,"1700020I14Rik","Siglech",0.2,0.04
0.828184758397009,7.50755783326786,0.439101014633991,1,"Rbbp7","Siglech",0.2,0.04
0.828184758397009,7.50755783326786,0.439101014633991,1,"Khk","Siglech",0.2,0.04
0.828184758397009,7.50755783326786,0.439101014633991,1,"Gtf3a","Siglech",0.2,0.04
0.828184758397009,7.50755783326786,0.439101014633991,1,"Mctp2","Siglech",0.2,0.04
0.828184758397009,7.50755783326786,0.439101014633991,1,"Rbbp6","Siglech",0.2,0.04
0.828184758397009,7.50755783326786,0.439101014633991,1,"Bola2","Siglech",0.2,0.04
0.828184758397009,7.50755783326786,0.439101014633991,1,"Jmjd1c","Siglech",0.2,0.04
0.828184758397009,7.50755783326786,0.439101014633991,1,"Cdkn2d","Siglech",0.2,0.04
0.828184758397009,7.50755783326786,0.439101014633991,1,"Nhp2","Siglech",0.2,0.04
0.828184758397009,7.50755783326786,0.439101014633991,1,"Rab10","Siglech",0.2,0.04
0.828184758397009,7.50755783326786,0.439101014633991,1,"Srpk1","Siglech",0.2,0.04
0.828184758397009,7.50755783326786,0.439101014633991,1,"Pim1","Siglech",0.2,0.04
0.828184758397009,7.50755783326786,0.439101014633991,1,"Safb2","Siglech",0.2,0.04
0.488832749702988,9.09660921094563,0.442660214353587,1,"Tomm20","Siglech",0.2,0.04
0.561789656761945,8.51005716304949,0.450755070290173,1,"Ywhaz","Siglech",0.2,0.04
-0.56056335712075,8.52737102844583,0.450755070290174,1,"Dbi","Siglech",0.2,0.04
-0.393741634979161,10.5337428520367,0.451498340476763,1,"Eif1","Siglech",0.2,0.04
-0.57904560881264,8.87259387447108,0.455892345145071,1,"Krtcap2","Siglech",0.2,0.04
0.48327030569139,9.15566176265367,0.457585664185782,1,"Ywhae","Siglech",0.2,0.04
-0.369693755526346,10.4908898088265,0.465120665006288,1,"Tubb5","Siglech",0.2,0.04
0.766146010799673,8.15575187212623,0.465630136200709,1,"Ndufab1","Siglech",0.2,0.04
0.766146010799673,8.15575187212623,0.465630136200709,1,"Maz","Siglech",0.2,0.04
0.766146010799673,8.15575187212623,0.465630136200709,1,"St13","Siglech",0.2,0.04
0.766146010799673,8.15575187212623,0.465630136200709,1,"Vapa","Siglech",0.2,0.04
-0.730241793251681,8.18237994543082,0.465630136200709,1,"Alox5ap","Siglech",0.2,0.04
-0.3344739919939,11.6027944896054,0.470028459729944,1,"Rpl18","Siglech",0.2,0.04
-0.529264493096813,8.9406199417147,0.472815350711966,1,"Ube2d3","Siglech",0.2,0.04
-0.942748961427518,7.65303316100629,0.480955038087911,1,"Rfc3","Siglech",0.2,0.04
-0.942748961427518,7.65303316100629,0.480955038087911,1,"Use1","Siglech",0.2,0.04
-0.942748961427518,7.65303316100629,0.480955038087911,1,"Psmd6","Siglech",0.2,0.04
-0.942748961427518,7.65303316100629,0.480955038087911,1,"Ccr9","Siglech",0.2,0.04
-0.942748961427518,7.65303316100629,0.480955038087911,1,"Tapbp","Siglech",0.2,0.04
-0.942748961427518,7.65303316100629,0.480955038087911,1,"Zfp91","Siglech",0.2,0.04
-0.942748961427518,7.65303316100629,0.480955038087911,1,"Sfr1","Siglech",0.2,0.04
0.761604357218612,7.67787064584035,0.480955038087911,1,"Rabgap1l","Siglech",0.2,0.04
0.761604357218612,7.67787064584035,0.480955038087911,1,"Ufc1","Siglech",0.2,0.04
0.761604357218612,7.67787064584035,0.480955038087911,1,"Dkc1","Siglech",0.2,0.04
0.761604357218612,7.67787064584035,0.480955038087911,1,"Ubap2l","Siglech",0.2,0.04
0.761604357218612,7.67787064584035,0.480955038087911,1,"Mier1","Siglech",0.2,0.04
0.761604357218612,7.67787064584035,0.480955038087911,1,"Gatad1","Siglech",0.2,0.04
0.761604357218612,7.67787064584035,0.480955038087911,1,"Psmc2","Siglech",0.2,0.04
0.761604357218612,7.67787064584035,0.480955038087911,1,"Utp3","Siglech",0.2,0.04
0.761604357218612,7.67787064584035,0.480955038087911,1,"Capns1","Siglech",0.2,0.04
0.761604357218612,7.67787064584035,0.480955038087911,1,"Metap2","Siglech",0.2,0.04
0.761604357218612,7.67787064584035,0.480955038087911,1,"Hectd1","Siglech",0.2,0.04
0.761604357218612,7.67787064584035,0.480955038087911,1,"Ahsa1","Siglech",0.2,0.04
0.761604357218612,7.67787064584035,0.480955038087911,1,"Snrpc","Siglech",0.2,0.04
0.761604357218612,7.67787064584035,0.480955038087911,1,"Nolc1","Siglech",0.2,0.04
-0.305546920402957,12.4762426868403,0.481781114817401,1,"Ptma","Siglech",0.2,0.04
-1.18112308221629,7.07089904919532,0.483528402784784,1,"Casp8","Siglech",0.2,0.04
-1.18112308221629,7.07089904919532,0.483528402784784,1,"Cd244","Siglech",0.2,0.04
-1.18112308221629,7.07089904919532,0.483528402784784,1,"Hypk","Siglech",0.2,0.04
-1.18112308221629,7.07089904919532,0.483528402784784,1,"Mrps26","Siglech",0.2,0.04
-1.18112308221629,7.07089904919532,0.483528402784784,1,"Romo1","Siglech",0.2,0.04
-1.18112308221629,7.07089904919532,0.483528402784784,1,"Otud5","Siglech",0.2,0.04
-1.18112308221629,7.07089904919532,0.483528402784784,1,"Xiap","Siglech",0.2,0.04
-1.18112308221629,7.07089904919532,0.483528402784784,1,"Vma21","Siglech",0.2,0.04
-1.18112308221629,7.07089904919532,0.483528402784784,1,"Fabp5","Siglech",0.2,0.04
-1.18112308221629,7.07089904919532,0.483528402784784,1,"Ccnl1","Siglech",0.2,0.04
-1.18112308221629,7.07089904919532,0.483528402784784,1,"Naxe","Siglech",0.2,0.04
-1.18112308221629,7.07089904919532,0.483528402784784,1,"Gabpb2","Siglech",0.2,0.04
-1.18112308221629,7.07089904919532,0.483528402784784,1,"Mcl1","Siglech",0.2,0.04
-1.18112308221629,7.07089904919532,0.483528402784784,1,"Plekho1","Siglech",0.2,0.04
-1.18112308221629,7.07089904919532,0.483528402784784,1,"Prpf38a","Siglech",0.2,0.04
-1.18112308221629,7.07089904919532,0.483528402784784,1,"Nup54","Siglech",0.2,0.04
-1.18112308221629,7.07089904919532,0.483528402784784,1,"Ankle2","Siglech",0.2,0.04
-1.18112308221629,7.07089904919532,0.483528402784784,1,"Ywhag","Siglech",0.2,0.04
-1.18112308221629,7.07089904919532,0.483528402784784,1,"Emc3","Siglech",0.2,0.04
-1.18112308221629,7.07089904919532,0.483528402784784,1,"Mlf2","Siglech",0.2,0.04
-1.18112308221629,7.07089904919532,0.483528402784784,1,"Spint2","Siglech",0.2,0.04
-1.18112308221629,7.07089904919532,0.483528402784784,1,"Polr2i","Siglech",0.2,0.04
-1.18112308221629,7.07089904919532,0.483528402784784,1,"Emc10","Siglech",0.2,0.04
-1.18112308221629,7.07089904919532,0.483528402784784,1,"Fes","Siglech",0.2,0.04
-1.18112308221629,7.07089904919532,0.483528402784784,1,"Tm2d2","Siglech",0.2,0.04
-1.18112308221629,7.07089904919532,0.483528402784784,1,"Sap30","Siglech",0.2,0.04
-1.18112308221629,7.07089904919532,0.483528402784784,1,"Dpy19l1","Siglech",0.2,0.04
-1.18112308221629,7.07089904919532,0.483528402784784,1,"Drg1","Siglech",0.2,0.04
-1.18112308221629,7.07089904919532,0.483528402784784,1,"Mat2b","Siglech",0.2,0.04
-1.18112308221629,7.07089904919532,0.483528402784784,1,"Lsm12","Siglech",0.2,0.04
-1.18112308221629,7.07089904919532,0.483528402784784,1,"Slc9a3r1","Siglech",0.2,0.04
-1.18112308221629,7.07089904919532,0.483528402784784,1,"Ppp2r3c","Siglech",0.2,0.04
-1.18112308221629,7.07089904919532,0.483528402784784,1,"Oxct1","Siglech",0.2,0.04
-1.18112308221629,7.07089904919532,0.483528402784784,1,"Azin1","Siglech",0.2,0.04
-1.18112308221629,7.07089904919532,0.483528402784784,1,"Eif3l","Siglech",0.2,0.04
-1.18112308221629,7.07089904919532,0.483528402784784,1,"Ppil1","Siglech",0.2,0.04
-1.18112308221629,7.07089904919532,0.483528402784784,1,"Nfya","Siglech",0.2,0.04
-1.18112308221629,7.07089904919532,0.483528402784784,1,"Satb1","Siglech",0.2,0.04
-1.18112308221629,7.07089904919532,0.483528402784784,1,"Wac","Siglech",0.2,0.04
-1.18112308221629,7.07089904919532,0.483528402784784,1,"Ctnna1","Siglech",0.2,0.04
-0.56786148231335,8.65193199451362,0.49163394706312,1,"Snrpb","Siglech",0.2,0.04
-0.56786148231335,8.65193199451362,0.49163394706312,1,"Ndufb5","Siglech",0.2,0.04
-0.56786148231335,8.65193199451362,0.49163394706312,1,"Rap1a","Siglech",0.2,0.04
-0.56786148231335,8.65193199451362,0.49163394706312,1,"Ndufb8","Siglech",0.2,0.04
-0.632648398253447,8.29036927534159,0.491848682865428,1,"Tmem50a","Siglech",0.2,0.04
-0.632648398253447,8.29036927534159,0.491848682865428,1,"Cdk4","Siglech",0.2,0.04
-0.632648398253447,8.29036927534159,0.491848682865428,1,"Elf1","Siglech",0.2,0.04
-0.632648398253447,8.29036927534159,0.491848682865428,1,"Tomm22","Siglech",0.2,0.04
-0.476837556754953,9.31349866778488,0.498094868483208,1,"Dek","Siglech",0.2,0.04
0.359409297326093,10.1263294854781,0.5050410034601,1,"Hnrnpa2b1","Siglech",0.2,0.04
-0.356471910430498,10.422970228509,0.508934394228147,1,"Oaz1","Siglech",0.2,0.04
4.26828250512477,6.09007708033795,0.509803921568627,1,"Bag2","Siglech",0.2,0.04
4.26828250512477,6.09007708033795,0.509803921568627,1,"Il1rl1","Siglech",0.2,0.04
4.26828250512477,6.09007708033795,0.509803921568627,1,"Tyw5","Siglech",0.2,0.04
4.26828250512477,6.09007708033795,0.509803921568627,1,"Maip1","Siglech",0.2,0.04
4.26828250512477,6.09007708033795,0.509803921568627,1,"Kctd18","Siglech",0.2,0.04
4.26828250512477,6.09007708033795,0.509803921568627,1,"Smarcal1","Siglech",0.2,0.04
4.26828250512477,6.09007708033795,0.509803921568627,1,"Ankzf1","Siglech",0.2,0.04
4.26828250512477,6.09007708033795,0.509803921568627,1,"Usp40","Siglech",0.2,0.04
4.26828250512477,6.09007708033795,0.509803921568627,1,"Hdac4","Siglech",0.2,0.04
4.26828250512477,6.09007708033795,0.509803921568627,1,"Tmem185b","Siglech",0.2,0.04
4.26828250512477,6.09007708033795,0.509803921568627,1,"Dars","Siglech",0.2,0.04
4.26828250512477,6.09007708033795,0.509803921568627,1,"Srgap2","Siglech",0.2,0.04
4.26828250512477,6.09007708033795,0.509803921568627,1,"Nav1","Siglech",0.2,0.04
4.26828250512477,6.09007708033795,0.509803921568627,1,"Rgs1","Siglech",0.2,0.04
4.26828250512477,6.09007708033795,0.509803921568627,1,"Rnf2","Siglech",0.2,0.04
4.26828250512477,6.09007708033795,0.509803921568627,1,"Smg7","Siglech",0.2,0.04
4.26828250512477,6.09007708033795,0.509803921568627,1,"Qsox1","Siglech",0.2,0.04
4.26828250512477,6.09007708033795,0.509803921568627,1,"Smyd2","Siglech",0.2,0.04
4.26828250512477,6.09007708033795,0.509803921568627,1,"Sec16a","Siglech",0.2,0.04
4.26828250512477,6.09007708033795,0.509803921568627,1,"Mrps2","Siglech",0.2,0.04
4.26828250512477,6.09007708033795,0.509803921568627,1,"Tor1a","Siglech",0.2,0.04
4.26828250512477,6.09007708033795,0.509803921568627,1,"Fpgs","Siglech",0.2,0.04
4.26828250512477,6.09007708033795,0.509803921568627,1,"Ggta1","Siglech",0.2,0.04
4.26828250512477,6.09007708033795,0.509803921568627,1,"Golga1","Siglech",0.2,0.04
4.26828250512477,6.09007708033795,0.509803921568627,1,"Nfe2l2","Siglech",0.2,0.04
4.26828250512477,6.09007708033795,0.509803921568627,1,"Agps","Siglech",0.2,0.04
4.26828250512477,6.09007708033795,0.509803921568627,1,"Itgav","Siglech",0.2,0.04
4.26828250512477,6.09007708033795,0.509803921568627,1,"Fam171b","Siglech",0.2,0.04
4.26828250512477,6.09007708033795,0.509803921568627,1,"Calcrl","Siglech",0.2,0.04
4.26828250512477,6.09007708033795,0.509803921568627,1,"Ctnnd1","Siglech",0.2,0.04
4.26828250512477,6.09007708033795,0.509803921568627,1,"Nup160","Siglech",0.2,0.04
4.26828250512477,6.09007708033795,0.509803921568627,1,"1110051M20Rik","Siglech",0.2,0.04
4.26828250512477,6.09007708033795,0.509803921568627,1,"Rcn1","Siglech",0.2,0.04
4.26828250512477,6.09007708033795,0.509803921568627,1,"Aven","Siglech",0.2,0.04
4.26828250512477,6.09007708033795,0.509803921568627,1,"Vps39","Siglech",0.2,0.04
4.26828250512477,6.09007708033795,0.509803921568627,1,"Ganc","Siglech",0.2,0.04
4.26828250512477,6.09007708033795,0.509803921568627,1,"Snrnp200","Siglech",0.2,0.04
4.26828250512477,6.09007708033795,0.509803921568627,1,"Mrps5","Siglech",0.2,0.04
4.26828250512477,6.09007708033795,0.509803921568627,1,"Sirpa","Siglech",0.2,0.04
4.26828250512477,6.09007708033795,0.509803921568627,1,"Plcb4","Siglech",0.2,0.04
4.26828250512477,6.09007708033795,0.509803921568627,1,"Slx4ip","Siglech",0.2,0.04
4.26828250512477,6.09007708033795,0.509803921568627,1,"Sec23b","Siglech",0.2,0.04
4.26828250512477,6.09007708033795,0.509803921568627,1,"Dtd1","Siglech",0.2,0.04
4.26828250512477,6.09007708033795,0.509803921568627,1,"Zfp120","Siglech",0.2,0.04
4.26828250512477,6.09007708033795,0.509803921568627,1,"Hck","Siglech",0.2,0.04
4.26828250512477,6.09007708033795,0.509803921568627,1,"Aar2","Siglech",0.2,0.04
4.26828250512477,6.09007708033795,0.509803921568627,1,"Mybl2","Siglech",0.2,0.04
4.26828250512477,6.09007708033795,0.509803921568627,1,"Znfx1","Siglech",0.2,0.04
4.26828250512477,6.09007708033795,0.509803921568627,1,"Aurka","Siglech",0.2,0.04
4.26828250512477,6.09007708033795,0.509803921568627,1,"Mrgbp","Siglech",0.2,0.04
4.26828250512477,6.09007708033795,0.509803921568627,1,"Ogfr","Siglech",0.2,0.04
4.26828250512477,6.09007708033795,0.509803921568627,1,"Prpf6","Siglech",0.2,0.04
4.26828250512477,6.09007708033795,0.509803921568627,1,"Gpkow","Siglech",0.2,0.04
4.26828250512477,6.09007708033795,0.509803921568627,1,"Gripap1","Siglech",0.2,0.04
4.26828250512477,6.09007708033795,0.509803921568627,1,"Rp2","Siglech",0.2,0.04
4.26828250512477,6.09007708033795,0.509803921568627,1,"Armcx1","Siglech",0.2,0.04
4.26828250512477,6.09007708033795,0.509803921568627,1,"Ubqln2","Siglech",0.2,0.04
4.26828250512477,6.09007708033795,0.509803921568627,1,"Txlng","Siglech",0.2,0.04
4.26828250512477,6.09007708033795,0.509803921568627,1,"Fancb","Siglech",0.2,0.04
4.26828250512477,6.09007708033795,0.509803921568627,1,"Trappc2","Siglech",0.2,0.04
4.26828250512477,6.09007708033795,0.509803921568627,1,"Mccc1","Siglech",0.2,0.04
4.26828250512477,6.09007708033795,0.509803921568627,1,"D3Ertd751e","Siglech",0.2,0.04
4.26828250512477,6.09007708033795,0.509803921568627,1,"Slc33a1","Siglech",0.2,0.04
4.26828250512477,6.09007708033795,0.509803921568627,1,"Tiparp","Siglech",0.2,0.04
4.26828250512477,6.09007708033795,0.509803921568627,1,"Tmem144","Siglech",0.2,0.04
4.26828250512477,6.09007708033795,0.509803921568627,1,"Plrg1","Siglech",0.2,0.04
4.26828250512477,6.09007708033795,0.509803921568627,1,"Msto1","Siglech",0.2,0.04
4.26828250512477,6.09007708033795,0.509803921568627,1,"Adam15","Siglech",0.2,0.04
4.26828250512477,6.09007708033795,0.509803921568627,1,"4632404H12Rik","Siglech",0.2,0.04
4.26828250512477,6.09007708033795,0.509803921568627,1,"Slc25a24","Siglech",0.2,0.04
4.26828250512477,6.09007708033795,0.509803921568627,1,"Clca3a1","Siglech",0.2,0.04
4.26828250512477,6.09007708033795,0.509803921568627,1,"Adgrl4","Siglech",0.2,0.04
4.26828250512477,6.09007708033795,0.509803921568627,1,"Nbn","Siglech",0.2,0.04
4.26828250512477,6.09007708033795,0.509803921568627,1,"Ccnc","Siglech",0.2,0.04
4.26828250512477,6.09007708033795,0.509803921568627,1,"Mdn1","Siglech",0.2,0.04
4.26828250512477,6.09007708033795,0.509803921568627,1,"Slc35a1","Siglech",0.2,0.04
4.26828250512477,6.09007708033795,0.509803921568627,1,"Aco1","Siglech",0.2,0.04
4.26828250512477,6.09007708033795,0.509803921568627,1,"Ddx58","Siglech",0.2,0.04
4.26828250512477,6.09007708033795,0.509803921568627,1,"Tstd2","Siglech",0.2,0.04
4.26828250512477,6.09007708033795,0.509803921568627,1,"Stx17","Siglech",0.2,0.04
4.26828250512477,6.09007708033795,0.509803921568627,1,"Mllt3","Siglech",0.2,0.04
4.26828250512477,6.09007708033795,0.509803921568627,1,"Mysm1","Siglech",0.2,0.04
4.26828250512477,6.09007708033795,0.509803921568627,1,"Eps15","Siglech",0.2,0.04
4.26828250512477,6.09007708033795,0.509803921568627,1,"Nfyc","Siglech",0.2,0.04
4.26828250512477,6.09007708033795,0.509803921568627,1,"Snip1","Siglech",0.2,0.04
4.26828250512477,6.09007708033795,0.509803921568627,1,"Ccdc28b","Siglech",0.2,0.04
4.26828250512477,6.09007708033795,0.509803921568627,1,"Ahdc1","Siglech",0.2,0.04
4.26828250512477,6.09007708033795,0.509803921568627,1,"Pdik1l","Siglech",0.2,0.04
4.26828250512477,6.09007708033795,0.509803921568627,1,"Zfp984","Siglech",0.2,0.04
4.26828250512477,6.09007708033795,0.509803921568627,1,"Kif1b","Siglech",0.2,0.04
4.26828250512477,6.09007708033795,0.509803921568627,1,"Pusl1","Siglech",0.2,0.04
4.26828250512477,6.09007708033795,0.509803921568627,1,"Dmtf1","Siglech",0.2,0.04
4.26828250512477,6.09007708033795,0.509803921568627,1,"1700096K18Rik","Siglech",0.2,0.04
4.26828250512477,6.09007708033795,0.509803921568627,1,"Mpv17","Siglech",0.2,0.04
4.26828250512477,6.09007708033795,0.509803921568627,1,"Prr14l","Siglech",0.2,0.04
4.26828250512477,6.09007708033795,0.509803921568627,1,"Trmt44","Siglech",0.2,0.04
4.26828250512477,6.09007708033795,0.509803921568627,1,"Zfp518b","Siglech",0.2,0.04
4.26828250512477,6.09007708033795,0.509803921568627,1,"Klf3","Siglech",0.2,0.04
4.26828250512477,6.09007708033795,0.509803921568627,1,"Nfxl1","Siglech",0.2,0.04
4.26828250512477,6.09007708033795,0.509803921568627,1,"Cenpc1","Siglech",0.2,0.04
4.26828250512477,6.09007708033795,0.509803921568627,1,"Mrpl1","Siglech",0.2,0.04
4.26828250512477,6.09007708033795,0.509803921568627,1,"Spp1","Siglech",0.2,0.04
4.26828250512477,6.09007708033795,0.509803921568627,1,"Abcg3","Siglech",0.2,0.04
4.26828250512477,6.09007708033795,0.509803921568627,1,"Noc4l","Siglech",0.2,0.04
4.26828250512477,6.09007708033795,0.509803921568627,1,"Naa25","Siglech",0.2,0.04
4.26828250512477,6.09007708033795,0.509803921568627,1,"Hip1r","Siglech",0.2,0.04
4.26828250512477,6.09007708033795,0.509803921568627,1,"Zfp157","Siglech",0.2,0.04
4.26828250512477,6.09007708033795,0.509803921568627,1,"Gng11","Siglech",0.2,0.04
4.26828250512477,6.09007708033795,0.509803921568627,1,"Calu","Siglech",0.2,0.04
4.26828250512477,6.09007708033795,0.509803921568627,1,"Smo","Siglech",0.2,0.04
4.26828250512477,6.09007708033795,0.509803921568627,1,"Mmrn1","Siglech",0.2,0.04
4.26828250512477,6.09007708033795,0.509803921568627,1,"Rnf103","Siglech",0.2,0.04
4.26828250512477,6.09007708033795,0.509803921568627,1,"St3gal5","Siglech",0.2,0.04
4.26828250512477,6.09007708033795,0.509803921568627,1,"Htra2","Siglech",0.2,0.04
4.26828250512477,6.09007708033795,0.509803921568627,1,"Mogs","Siglech",0.2,0.04
4.26828250512477,6.09007708033795,0.509803921568627,1,"Ino80b","Siglech",0.2,0.04
4.26828250512477,6.09007708033795,0.509803921568627,1,"Copg1","Siglech",0.2,0.04
4.26828250512477,6.09007708033795,0.509803921568627,1,"Uba3","Siglech",0.2,0.04
4.26828250512477,6.09007708033795,0.509803921568627,1,"Raf1","Siglech",0.2,0.04
4.26828250512477,6.09007708033795,0.509803921568627,1,"Mical3","Siglech",0.2,0.04
4.26828250512477,6.09007708033795,0.509803921568627,1,"Zfp384","Siglech",0.2,0.04
4.26828250512477,6.09007708033795,0.509803921568627,1,"D6Wsu163e","Siglech",0.2,0.04
4.26828250512477,6.09007708033795,0.509803921568627,1,"Kmt5c","Siglech",0.2,0.04
4.26828250512477,6.09007708033795,0.509803921568627,1,"Ccdc9","Siglech",0.2,0.04
4.26828250512477,6.09007708033795,0.509803921568627,1,"Zc3h4","Siglech",0.2,0.04
4.26828250512477,6.09007708033795,0.509803921568627,1,"Egln2","Siglech",0.2,0.04
4.26828250512477,6.09007708033795,0.509803921568627,1,"Sertad1","Siglech",0.2,0.04
4.26828250512477,6.09007708033795,0.509803921568627,1,"Rinl","Siglech",0.2,0.04
4.26828250512477,6.09007708033795,0.509803921568627,1,"Zfp260","Siglech",0.2,0.04
4.26828250512477,6.09007708033795,0.509803921568627,1,"Zfp146","Siglech",0.2,0.04
4.26828250512477,6.09007708033795,0.509803921568627,1,"Fuz","Siglech",0.2,0.04
4.26828250512477,6.09007708033795,0.509803921568627,1,"Uevld","Siglech",0.2,0.04
4.26828250512477,6.09007708033795,0.509803921568627,1,"Fam174b","Siglech",0.2,0.04
4.26828250512477,6.09007708033795,0.509803921568627,1,"Isg20","Siglech",0.2,0.04
4.26828250512477,6.09007708033795,0.509803921568627,1,"Trim30d","Siglech",0.2,0.04
4.26828250512477,6.09007708033795,0.509803921568627,1,"Sox6","Siglech",0.2,0.04
4.26828250512477,6.09007708033795,0.509803921568627,1,"Tnrc6a","Siglech",0.2,0.04
4.26828250512477,6.09007708033795,0.509803921568627,1,"Gtf3c1","Siglech",0.2,0.04
4.26828250512477,6.09007708033795,0.509803921568627,1,"Cdipt","Siglech",0.2,0.04
4.26828250512477,6.09007708033795,0.509803921568627,1,"Itgad","Siglech",0.2,0.04
4.26828250512477,6.09007708033795,0.509803921568627,1,"Tspan4","Siglech",0.2,0.04
4.26828250512477,6.09007708033795,0.509803921568627,1,"Myct1","Siglech",0.2,0.04
4.26828250512477,6.09007708033795,0.509803921568627,1,"Slc35d3","Siglech",0.2,0.04
4.26828250512477,6.09007708033795,0.509803921568627,1,"Slc16a10","Siglech",0.2,0.04
4.26828250512477,6.09007708033795,0.509803921568627,1,"Pdss2","Siglech",0.2,0.04
4.26828250512477,6.09007708033795,0.509803921568627,1,"Qrsl1","Siglech",0.2,0.04
4.26828250512477,6.09007708033795,0.509803921568627,1,"Cep85l","Siglech",0.2,0.04
4.26828250512477,6.09007708033795,0.509803921568627,1,"Specc1l","Siglech",0.2,0.04
4.26828250512477,6.09007708033795,0.509803921568627,1,"Col18a1","Siglech",0.2,0.04
4.26828250512477,6.09007708033795,0.509803921568627,1,"Fam207a","Siglech",0.2,0.04
4.26828250512477,6.09007708033795,0.509803921568627,1,"Wdr18","Siglech",0.2,0.04
4.26828250512477,6.09007708033795,0.509803921568627,1,"Dapk3","Siglech",0.2,0.04
4.26828250512477,6.09007708033795,0.509803921568627,1,"Chst11","Siglech",0.2,0.04
4.26828250512477,6.09007708033795,0.509803921568627,1,"1500009L16Rik","Siglech",0.2,0.04
4.26828250512477,6.09007708033795,0.509803921568627,1,"Polr3b","Siglech",0.2,0.04
4.26828250512477,6.09007708033795,0.509803921568627,1,"Xpot","Siglech",0.2,0.04
4.26828250512477,6.09007708033795,0.509803921568627,1,"Mars","Siglech",0.2,0.04
4.26828250512477,6.09007708033795,0.509803921568627,1,"Il23a","Siglech",0.2,0.04
4.26828250512477,6.09007708033795,0.509803921568627,1,"Insr","Siglech",0.2,0.04
4.26828250512477,6.09007708033795,0.509803921568627,1,"Champ1","Siglech",0.2,0.04
4.26828250512477,6.09007708033795,0.509803921568627,1,"Fbxo25","Siglech",0.2,0.04
4.26828250512477,6.09007708033795,0.509803921568627,1,"Cln8","Siglech",0.2,0.04
4.26828250512477,6.09007708033795,0.509803921568627,1,"Mcph1","Siglech",0.2,0.04
4.26828250512477,6.09007708033795,0.509803921568627,1,"Gm26853","Siglech",0.2,0.04
4.26828250512477,6.09007708033795,0.509803921568627,1,"Ddhd2","Siglech",0.2,0.04
4.26828250512477,6.09007708033795,0.509803921568627,1,"Hgsnat","Siglech",0.2,0.04
4.26828250512477,6.09007708033795,0.509803921568627,1,"Tnks","Siglech",0.2,0.04
4.26828250512477,6.09007708033795,0.509803921568627,1,"Nr2f6","Siglech",0.2,0.04
4.26828250512477,6.09007708033795,0.509803921568627,1,"Zfp617","Siglech",0.2,0.04
4.26828250512477,6.09007708033795,0.509803921568627,1,"Elmod2","Siglech",0.2,0.04
4.26828250512477,6.09007708033795,0.509803921568627,1,"Klf1","Siglech",0.2,0.04
4.26828250512477,6.09007708033795,0.509803921568627,1,"Hook2","Siglech",0.2,0.04
4.26828250512477,6.09007708033795,0.509803921568627,1,"Nup93","Siglech",0.2,0.04
4.26828250512477,6.09007708033795,0.509803921568627,1,"Mlycd","Siglech",0.2,0.04
4.26828250512477,6.09007708033795,0.509803921568627,1,"Vps9d1","Siglech",0.2,0.04
4.26828250512477,6.09007708033795,0.509803921568627,1,"Cog2","Siglech",0.2,0.04
4.26828250512477,6.09007708033795,0.509803921568627,1,"Gm32856","Siglech",0.2,0.04
4.26828250512477,6.09007708033795,0.509803921568627,1,"Slmap","Siglech",0.2,0.04
4.26828250512477,6.09007708033795,0.509803921568627,1,"Dennd6a","Siglech",0.2,0.04
4.26828250512477,6.09007708033795,0.509803921568627,1,"Styx","Siglech",0.2,0.04
4.26828250512477,6.09007708033795,0.509803921568627,1,"Socs4","Siglech",0.2,0.04
4.26828250512477,6.09007708033795,0.509803921568627,1,"Gm27010","Siglech",0.2,0.04
4.26828250512477,6.09007708033795,0.509803921568627,1,"Blk","Siglech",0.2,0.04
4.26828250512477,6.09007708033795,0.509803921568627,1,"Pdlim2","Siglech",0.2,0.04
4.26828250512477,6.09007708033795,0.509803921568627,1,"Dok2","Siglech",0.2,0.04
4.26828250512477,6.09007708033795,0.509803921568627,1,"Fndc3a","Siglech",0.2,0.04
4.26828250512477,6.09007708033795,0.509803921568627,1,"Pibf1","Siglech",0.2,0.04
4.26828250512477,6.09007708033795,0.509803921568627,1,"Prdm10","Siglech",0.2,0.04
4.26828250512477,6.09007708033795,0.509803921568627,1,"Nfrkb","Siglech",0.2,0.04
4.26828250512477,6.09007708033795,0.509803921568627,1,"Gm16124","Siglech",0.2,0.04
4.26828250512477,6.09007708033795,0.509803921568627,1,"Ube2q2","Siglech",0.2,0.04
4.26828250512477,6.09007708033795,0.509803921568627,1,"Ptpn9","Siglech",0.2,0.04
4.26828250512477,6.09007708033795,0.509803921568627,1,"Smad3","Siglech",0.2,0.04
4.26828250512477,6.09007708033795,0.509803921568627,1,"Pif1","Siglech",0.2,0.04
4.26828250512477,6.09007708033795,0.509803921568627,1,"Pik3cb","Siglech",0.2,0.04
4.26828250512477,6.09007708033795,0.509803921568627,1,"Ccdc71","Siglech",0.2,0.04
4.26828250512477,6.09007708033795,0.509803921568627,1,"Wdr6","Siglech",0.2,0.04
4.26828250512477,6.09007708033795,0.509803921568627,1,"Nefh","Siglech",0.2,0.04
4.26828250512477,6.09007708033795,0.509803921568627,1,"Emid1","Siglech",0.2,0.04
4.26828250512477,6.09007708033795,0.509803921568627,1,"Lcp2","Siglech",0.2,0.04
4.26828250512477,6.09007708033795,0.509803921568627,1,"Tgtp2","Siglech",0.2,0.04
4.26828250512477,6.09007708033795,0.509803921568627,1,"Irgm2","Siglech",0.2,0.04
4.26828250512477,6.09007708033795,0.509803921568627,1,"Flcn","Siglech",0.2,0.04
4.26828250512477,6.09007708033795,0.509803921568627,1,"Ndel1","Siglech",0.2,0.04
4.26828250512477,6.09007708033795,0.509803921568627,1,"Elp5","Siglech",0.2,0.04
4.26828250512477,6.09007708033795,0.509803921568627,1,"Spns2","Siglech",0.2,0.04
4.26828250512477,6.09007708033795,0.509803921568627,1,"Cluh","Siglech",0.2,0.04
4.26828250512477,6.09007708033795,0.509803921568627,1,"Mnt","Siglech",0.2,0.04
4.26828250512477,6.09007708033795,0.509803921568627,1,"Wdr81","Siglech",0.2,0.04
4.26828250512477,6.09007708033795,0.509803921568627,1,"Tnfaip1","Siglech",0.2,0.04
4.26828250512477,6.09007708033795,0.509803921568627,1,"Fam58b","Siglech",0.2,0.04
4.26828250512477,6.09007708033795,0.509803921568627,1,"Nle1","Siglech",0.2,0.04
4.26828250512477,6.09007708033795,0.509803921568627,1,"Znhit3","Siglech",0.2,0.04
4.26828250512477,6.09007708033795,0.509803921568627,1,"Ints2","Siglech",0.2,0.04
4.26828250512477,6.09007708033795,0.509803921568627,1,"Mtmr4","Siglech",0.2,0.04
4.26828250512477,6.09007708033795,0.509803921568627,1,"Ankrd40","Siglech",0.2,0.04
4.26828250512477,6.09007708033795,0.509803921568627,1,"Kif18b","Siglech",0.2,0.04
4.26828250512477,6.09007708033795,0.509803921568627,1,"2610035D17Rik","Siglech",0.2,0.04
4.26828250512477,6.09007708033795,0.509803921568627,1,"Rnf157","Siglech",0.2,0.04
4.26828250512477,6.09007708033795,0.509803921568627,1,"Usp36","Siglech",0.2,0.04
4.26828250512477,6.09007708033795,0.509803921568627,1,"Ccdc137","Siglech",0.2,0.04
4.26828250512477,6.09007708033795,0.509803921568627,1,"Aspscr1","Siglech",0.2,0.04
4.26828250512477,6.09007708033795,0.509803921568627,1,"Ogfod3","Siglech",0.2,0.04
4.26828250512477,6.09007708033795,0.509803921568627,1,"Akr1e1","Siglech",0.2,0.04
4.26828250512477,6.09007708033795,0.509803921568627,1,"Dip2c","Siglech",0.2,0.04
4.26828250512477,6.09007708033795,0.509803921568627,1,"Hist1h3c","Siglech",0.2,0.04
4.26828250512477,6.09007708033795,0.509803921568627,1,"Cdkal1","Siglech",0.2,0.04
4.26828250512477,6.09007708033795,0.509803921568627,1,"Secisbp2","Siglech",0.2,0.04
4.26828250512477,6.09007708033795,0.509803921568627,1,"2210016F16Rik","Siglech",0.2,0.04
4.26828250512477,6.09007708033795,0.509803921568627,1,"Exoc3","Siglech",0.2,0.04
4.26828250512477,6.09007708033795,0.509803921568627,1,"Polr3g","Siglech",0.2,0.04
4.26828250512477,6.09007708033795,0.509803921568627,1,"Mccc2","Siglech",0.2,0.04
4.26828250512477,6.09007708033795,0.509803921568627,1,"Erbin","Siglech",0.2,0.04
4.26828250512477,6.09007708033795,0.509803921568627,1,"Srek1ip1","Siglech",0.2,0.04
4.26828250512477,6.09007708033795,0.509803921568627,1,"Ldah","Siglech",0.2,0.04
4.26828250512477,6.09007708033795,0.509803921568627,1,"Mnat1","Siglech",0.2,0.04
4.26828250512477,6.09007708033795,0.509803921568627,1,"Snapc1","Siglech",0.2,0.04
4.26828250512477,6.09007708033795,0.509803921568627,1,"Mthfd1","Siglech",0.2,0.04
4.26828250512477,6.09007708033795,0.509803921568627,1,"Susd6","Siglech",0.2,0.04
4.26828250512477,6.09007708033795,0.509803921568627,1,"Ttc7b","Siglech",0.2,0.04
4.26828250512477,6.09007708033795,0.509803921568627,1,"Lgmn","Siglech",0.2,0.04
4.26828250512477,6.09007708033795,0.509803921568627,1,"Gon7","Siglech",0.2,0.04
4.26828250512477,6.09007708033795,0.509803921568627,1,"Ttc33","Siglech",0.2,0.04
4.26828250512477,6.09007708033795,0.509803921568627,1,"Rida","Siglech",0.2,0.04
4.26828250512477,6.09007708033795,0.509803921568627,1,"Utp23","Siglech",0.2,0.04
4.26828250512477,6.09007708033795,0.509803921568627,1,"Ext1","Siglech",0.2,0.04
4.26828250512477,6.09007708033795,0.509803921568627,1,"Wdyhv1","Siglech",0.2,0.04
4.26828250512477,6.09007708033795,0.509803921568627,1,"Gcat","Siglech",0.2,0.04
4.26828250512477,6.09007708033795,0.509803921568627,1,"Tmem184b","Siglech",0.2,0.04
4.26828250512477,6.09007708033795,0.509803921568627,1,"Mief1","Siglech",0.2,0.04
4.26828250512477,6.09007708033795,0.509803921568627,1,"L3mbtl2","Siglech",0.2,0.04
4.26828250512477,6.09007708033795,0.509803921568627,1,"Tnfrsf13c","Siglech",0.2,0.04
4.26828250512477,6.09007708033795,0.509803921568627,1,"Mcat","Siglech",0.2,0.04
4.26828250512477,6.09007708033795,0.509803921568627,1,"Gramd4","Siglech",0.2,0.04
4.26828250512477,6.09007708033795,0.509803921568627,1,"Shank3","Siglech",0.2,0.04
4.26828250512477,6.09007708033795,0.509803921568627,1,"Gm26513","Siglech",0.2,0.04
4.26828250512477,6.09007708033795,0.509803921568627,1,"Mcrs1","Siglech",0.2,0.04
4.26828250512477,6.09007708033795,0.509803921568627,1,"Tfcp2","Siglech",0.2,0.04
4.26828250512477,6.09007708033795,0.509803921568627,1,"Naa60","Siglech",0.2,0.04
4.26828250512477,6.09007708033795,0.509803921568627,1,"Mettl22","Siglech",0.2,0.04
4.26828250512477,6.09007708033795,0.509803921568627,1,"Txnrd2","Siglech",0.2,0.04
4.26828250512477,6.09007708033795,0.509803921568627,1,"Opa1","Siglech",0.2,0.04
4.26828250512477,6.09007708033795,0.509803921568627,1,"Lrch3","Siglech",0.2,0.04
4.26828250512477,6.09007708033795,0.509803921568627,1,"Qtrt2","Siglech",0.2,0.04
4.26828250512477,6.09007708033795,0.509803921568627,1,"Zbtb11","Siglech",0.2,0.04
4.26828250512477,6.09007708033795,0.509803921568627,1,"Urb1","Siglech",0.2,0.04
4.26828250512477,6.09007708033795,0.509803921568627,1,"Rnaset2b","Siglech",0.2,0.04
4.26828250512477,6.09007708033795,0.509803921568627,1,"Zfp946","Siglech",0.2,0.04
4.26828250512477,6.09007708033795,0.509803921568627,1,"Fahd1","Siglech",0.2,0.04
4.26828250512477,6.09007708033795,0.509803921568627,1,"Gnptg","Siglech",0.2,0.04
4.26828250512477,6.09007708033795,0.509803921568627,1,"Rasal3","Siglech",0.2,0.04
4.26828250512477,6.09007708033795,0.509803921568627,1,"Zfp871","Siglech",0.2,0.04
4.26828250512477,6.09007708033795,0.509803921568627,1,"Cd320","Siglech",0.2,0.04
4.26828250512477,6.09007708033795,0.509803921568627,1,"Cchcr1","Siglech",0.2,0.04
4.26828250512477,6.09007708033795,0.509803921568627,1,"Tbcc","Siglech",0.2,0.04
4.26828250512477,6.09007708033795,0.509803921568627,1,"Med20","Siglech",0.2,0.04
4.26828250512477,6.09007708033795,0.509803921568627,1,"Plcl2","Siglech",0.2,0.04
4.26828250512477,6.09007708033795,0.509803921568627,1,"Kdm4b","Siglech",0.2,0.04
4.26828250512477,6.09007708033795,0.509803921568627,1,"Man2a1","Siglech",0.2,0.04
4.26828250512477,6.09007708033795,0.509803921568627,1,"Wdr36","Siglech",0.2,0.04
4.26828250512477,6.09007708033795,0.509803921568627,1,"Stard4","Siglech",0.2,0.04
4.26828250512477,6.09007708033795,0.509803921568627,1,"Igip","Siglech",0.2,0.04
4.26828250512477,6.09007708033795,0.509803921568627,1,"March3","Siglech",0.2,0.04
4.26828250512477,6.09007708033795,0.509803921568627,1,"Chmp1b","Siglech",0.2,0.04
4.26828250512477,6.09007708033795,0.509803921568627,1,"Rela","Siglech",0.2,0.04
4.26828250512477,6.09007708033795,0.509803921568627,1,"Pcnx3","Siglech",0.2,0.04
4.26828250512477,6.09007708033795,0.509803921568627,1,"Rcl1","Siglech",0.2,0.04
4.26828250512477,6.09007708033795,0.509803921568627,1,"Pik3ap1","Siglech",0.2,0.04
4.26828250512477,6.09007708033795,0.509803921568627,1,"Gm340","Siglech",0.2,0.04
4.26828250512477,6.09007708033795,0.509803921568627,1,"Mfsd13a","Siglech",0.2,0.04
4.26828250512477,6.09007708033795,0.509803921568627,1,"Wbp1l","Siglech",0.2,0.04
4.26828250512477,6.09007708033795,0.509803921568627,1,"Ccdc186","Siglech",0.2,0.04
-3.92901079035311,6.07445090033843,0.509803921568627,1,"Ncoa2","Siglech",0.2,0.04
-3.92901079035311,6.07445090033843,0.509803921568627,1,"Lactb2","Siglech",0.2,0.04
-3.92901079035311,6.07445090033843,0.509803921568627,1,"Rdh10","Siglech",0.2,0.04
-3.92901079035311,6.07445090033843,0.509803921568627,1,"Ly96","Siglech",0.2,0.04
-3.92901079035311,6.07445090033843,0.509803921568627,1,"Gm16152","Siglech",0.2,0.04
-3.92901079035311,6.07445090033843,0.509803921568627,1,"Nemp2","Siglech",0.2,0.04
-3.92901079035311,6.07445090033843,0.509803921568627,1,"Coq10b","Siglech",0.2,0.04
-3.92901079035311,6.07445090033843,0.509803921568627,1,"Bmpr2","Siglech",0.2,0.04
-3.92901079035311,6.07445090033843,0.509803921568627,1,"Abi2","Siglech",0.2,0.04
-3.92901079035311,6.07445090033843,0.509803921568627,1,"Idh1","Siglech",0.2,0.04
-3.92901079035311,6.07445090033843,0.509803921568627,1,"Fn1","Siglech",0.2,0.04
-3.92901079035311,6.07445090033843,0.509803921568627,1,"Tmbim1","Siglech",0.2,0.04
-3.92901079035311,6.07445090033843,0.509803921568627,1,"Mff","Siglech",0.2,0.04
-3.92901079035311,6.07445090033843,0.509803921568627,1,"Pde6d","Siglech",0.2,0.04
-3.92901079035311,6.07445090033843,0.509803921568627,1,"Ube2f","Siglech",0.2,0.04
-3.92901079035311,6.07445090033843,0.509803921568627,1,"Rnpepl1","Siglech",0.2,0.04
-3.92901079035311,6.07445090033843,0.509803921568627,1,"Gin1","Siglech",0.2,0.04
-3.92901079035311,6.07445090033843,0.509803921568627,1,"Pam","Siglech",0.2,0.04
-3.92901079035311,6.07445090033843,0.509803921568627,1,"3110009E18Rik","Siglech",0.2,0.04
-3.92901079035311,6.07445090033843,0.509803921568627,1,"Mgat5","Siglech",0.2,0.04
-3.92901079035311,6.07445090033843,0.509803921568627,1,"Tmem163","Siglech",0.2,0.04
-3.92901079035311,6.07445090033843,0.509803921568627,1,"Zranb3","Siglech",0.2,0.04
-3.92901079035311,6.07445090033843,0.509803921568627,1,"Eif2d","Siglech",0.2,0.04
-3.92901079035311,6.07445090033843,0.509803921568627,1,"Ctse","Siglech",0.2,0.04
-3.92901079035311,6.07445090033843,0.509803921568627,1,"Rab7b","Siglech",0.2,0.04
-3.92901079035311,6.07445090033843,0.509803921568627,1,"1700025G04Rik","Siglech",0.2,0.04
-3.92901079035311,6.07445090033843,0.509803921568627,1,"Rc3h1","Siglech",0.2,0.04
-3.92901079035311,6.07445090033843,0.509803921568627,1,"Blzf1","Siglech",0.2,0.04
-3.92901079035311,6.07445090033843,0.509803921568627,1,"Fcrla","Siglech",0.2,0.04
-3.92901079035311,6.07445090033843,0.509803921568627,1,"Usf1","Siglech",0.2,0.04
-3.92901079035311,6.07445090033843,0.509803921568627,1,"Alyref2","Siglech",0.2,0.04
-3.92901079035311,6.07445090033843,0.509803921568627,1,"Vangl2","Siglech",0.2,0.04
-3.92901079035311,6.07445090033843,0.509803921568627,1,"Pigm","Siglech",0.2,0.04
-3.92901079035311,6.07445090033843,0.509803921568627,1,"Slamf9","Siglech",0.2,0.04
-3.92901079035311,6.07445090033843,0.509803921568627,1,"Smyd3","Siglech",0.2,0.04
-3.92901079035311,6.07445090033843,0.509803921568627,1,"Diexf","Siglech",0.2,0.04
-3.92901079035311,6.07445090033843,0.509803921568627,1,"Traf3ip3","Siglech",0.2,0.04
-3.92901079035311,6.07445090033843,0.509803921568627,1,"Phyh","Siglech",0.2,0.04
-3.92901079035311,6.07445090033843,0.509803921568627,1,"Ankrd16","Siglech",0.2,0.04
-3.92901079035311,6.07445090033843,0.509803921568627,1,"Fut7","Siglech",0.2,0.04
-3.92901079035311,6.07445090033843,0.509803921568627,1,"Abca2","Siglech",0.2,0.04
-3.92901079035311,6.07445090033843,0.509803921568627,1,"Tmem141","Siglech",0.2,0.04
-3.92901079035311,6.07445090033843,0.509803921568627,1,"Gpsm1","Siglech",0.2,0.04
-3.92901079035311,6.07445090033843,0.509803921568627,1,"Zbtb43","Siglech",0.2,0.04
-3.92901079035311,6.07445090033843,0.509803921568627,1,"Mvb12b","Siglech",0.2,0.04
-3.92901079035311,6.07445090033843,0.509803921568627,1,"Rabgap1","Siglech",0.2,0.04
-3.92901079035311,6.07445090033843,0.509803921568627,1,"Kynu","Siglech",0.2,0.04
-3.92901079035311,6.07445090033843,0.509803921568627,1,"Slc25a12","Siglech",0.2,0.04
-3.92901079035311,6.07445090033843,0.509803921568627,1,"Lin7c","Siglech",0.2,0.04
-3.92901079035311,6.07445090033843,0.509803921568627,1,"Spred1","Siglech",0.2,0.04
-3.92901079035311,6.07445090033843,0.509803921568627,1,"Capn3","Siglech",0.2,0.04
-3.92901079035311,6.07445090033843,0.509803921568627,1,"Ccndbp1","Siglech",0.2,0.04
-3.92901079035311,6.07445090033843,0.509803921568627,1,"Bloc1s6","Siglech",0.2,0.04
-3.92901079035311,6.07445090033843,0.509803921568627,1,"BC029722","Siglech",0.2,0.04
-3.92901079035311,6.07445090033843,0.509803921568627,1,"Uqcc1","Siglech",0.2,0.04
-3.92901079035311,6.07445090033843,0.509803921568627,1,"Ndrg3","Siglech",0.2,0.04
-3.92901079035311,6.07445090033843,0.509803921568627,1,"Manbal","Siglech",0.2,0.04
-3.92901079035311,6.07445090033843,0.509803921568627,1,"Ctnnbl1","Siglech",0.2,0.04
-3.92901079035311,6.07445090033843,0.509803921568627,1,"Plcg1","Siglech",0.2,0.04
-3.92901079035311,6.07445090033843,0.509803921568627,1,"Dnttip1","Siglech",0.2,0.04
-3.92901079035311,6.07445090033843,0.509803921568627,1,"Acot8","Siglech",0.2,0.04
-3.92901079035311,6.07445090033843,0.509803921568627,1,"Neurl2","Siglech",0.2,0.04
-3.92901079035311,6.07445090033843,0.509803921568627,1,"Pmepa1","Siglech",0.2,0.04
-3.92901079035311,6.07445090033843,0.509803921568627,1,"Wdr13","Siglech",0.2,0.04
-3.92901079035311,6.07445090033843,0.509803921568627,1,"Nkap","Siglech",0.2,0.04
-3.92901079035311,6.07445090033843,0.509803921568627,1,"Aifm1","Siglech",0.2,0.04
-3.92901079035311,6.07445090033843,0.509803921568627,1,"Ikbkg","Siglech",0.2,0.04
-3.92901079035311,6.07445090033843,0.509803921568627,1,"Mtcp1","Siglech",0.2,0.04
-3.92901079035311,6.07445090033843,0.509803921568627,1,"Zcchc18","Siglech",0.2,0.04
-3.92901079035311,6.07445090033843,0.509803921568627,1,"Siah1b","Siglech",0.2,0.04
-3.92901079035311,6.07445090033843,0.509803921568627,1,"Mynn","Siglech",0.2,0.04
-3.92901079035311,6.07445090033843,0.509803921568627,1,"Spg20","Siglech",0.2,0.04
-3.92901079035311,6.07445090033843,0.509803921568627,1,"Etv3","Siglech",0.2,0.04
-3.92901079035311,6.07445090033843,0.509803921568627,1,"Pygo2","Siglech",0.2,0.04
-3.92901079035311,6.07445090033843,0.509803921568627,1,"Pbxip1","Siglech",0.2,0.04
-3.92901079035311,6.07445090033843,0.509803921568627,1,"Il6ra","Siglech",0.2,0.04
-3.92901079035311,6.07445090033843,0.509803921568627,1,"Crtc2","Siglech",0.2,0.04
-3.92901079035311,6.07445090033843,0.509803921568627,1,"Them4","Siglech",0.2,0.04
-3.92901079035311,6.07445090033843,0.509803921568627,1,"Rfx5","Siglech",0.2,0.04
-3.92901079035311,6.07445090033843,0.509803921568627,1,"Scnm1","Siglech",0.2,0.04
-3.92901079035311,6.07445090033843,0.509803921568627,1,"Sv2a","Siglech",0.2,0.04
-3.92901079035311,6.07445090033843,0.509803921568627,1,"Polr3c","Siglech",0.2,0.04
-3.92901079035311,6.07445090033843,0.509803921568627,1,"Sike1","Siglech",0.2,0.04
-3.92901079035311,6.07445090033843,0.509803921568627,1,"Tmigd3","Siglech",0.2,0.04
-3.92901079035311,6.07445090033843,0.509803921568627,1,"Wdr77","Siglech",0.2,0.04
-3.92901079035311,6.07445090033843,0.509803921568627,1,"Clcc1","Siglech",0.2,0.04
-3.92901079035311,6.07445090033843,0.509803921568627,1,"Vav3","Siglech",0.2,0.04
-3.92901079035311,6.07445090033843,0.509803921568627,1,"Agl","Siglech",0.2,0.04
-3.92901079035311,6.07445090033843,0.509803921568627,1,"Usp53","Siglech",0.2,0.04
-3.92901079035311,6.07445090033843,0.509803921568627,1,"Zgrf1","Siglech",0.2,0.04
-3.92901079035311,6.07445090033843,0.509803921568627,1,"Elovl6","Siglech",0.2,0.04
-3.92901079035311,6.07445090033843,0.509803921568627,1,"Pla2g12a","Siglech",0.2,0.04
-3.92901079035311,6.07445090033843,0.509803921568627,1,"Tet2","Siglech",0.2,0.04
-3.92901079035311,6.07445090033843,0.509803921568627,1,"2410004B18Rik","Siglech",0.2,0.04
-3.92901079035311,6.07445090033843,0.509803921568627,1,"Syde2","Siglech",0.2,0.04
-3.92901079035311,6.07445090033843,0.509803921568627,1,"Tmem68","Siglech",0.2,0.04
-3.92901079035311,6.07445090033843,0.509803921568627,1,"Chd7","Siglech",0.2,0.04
-3.92901079035311,6.07445090033843,0.509803921568627,1,"Wwp1","Siglech",0.2,0.04
-3.92901079035311,6.07445090033843,0.509803921568627,1,"Fbxl4","Siglech",0.2,0.04
-3.92901079035311,6.07445090033843,0.509803921568627,1,"Mms22l","Siglech",0.2,0.04
-3.92901079035311,6.07445090033843,0.509803921568627,1,"Trmt10b","Siglech",0.2,0.04
-3.92901079035311,6.07445090033843,0.509803921568627,1,"Trmo","Siglech",0.2,0.04
-3.92901079035311,6.07445090033843,0.509803921568627,1,"Alg2","Siglech",0.2,0.04
-3.92901079035311,6.07445090033843,0.509803921568627,1,"Epb41l4b","Siglech",0.2,0.04
-3.92901079035311,6.07445090033843,0.509803921568627,1,"Prpf4","Siglech",0.2,0.04
-3.92901079035311,6.07445090033843,0.509803921568627,1,"Tmem268","Siglech",0.2,0.04
-3.92901079035311,6.07445090033843,0.509803921568627,1,"Faf1","Siglech",0.2,0.04
-3.92901079035311,6.07445090033843,0.509803921568627,1,"Spata6","Siglech",0.2,0.04
-3.92901079035311,6.07445090033843,0.509803921568627,1,"Efcab14","Siglech",0.2,0.04
-3.92901079035311,6.07445090033843,0.509803921568627,1,"Mob3c","Siglech",0.2,0.04
-3.92901079035311,6.07445090033843,0.509803921568627,1,"Mutyh","Siglech",0.2,0.04
-3.92901079035311,6.07445090033843,0.509803921568627,1,"Dph2","Siglech",0.2,0.04
-3.92901079035311,6.07445090033843,0.509803921568627,1,"Hivep3","Siglech",0.2,0.04
-3.92901079035311,6.07445090033843,0.509803921568627,1,"Zfp362","Siglech",0.2,0.04
-3.92901079035311,6.07445090033843,0.509803921568627,1,"Zbtb8a","Siglech",0.2,0.04
-3.92901079035311,6.07445090033843,0.509803921568627,1,"Wdtc1","Siglech",0.2,0.04
-3.92901079035311,6.07445090033843,0.509803921568627,1,"Slc9a1","Siglech",0.2,0.04
-3.92901079035311,6.07445090033843,0.509803921568627,1,"Efhd2","Siglech",0.2,0.04
-3.92901079035311,6.07445090033843,0.509803921568627,1,"Dhrs3","Siglech",0.2,0.04
-3.92901079035311,6.07445090033843,0.509803921568627,1,"2510039O18Rik","Siglech",0.2,0.04
-3.92901079035311,6.07445090033843,0.509803921568627,1,"Thap3","Siglech",0.2,0.04
-3.92901079035311,6.07445090033843,0.509803921568627,1,"Plekhg5","Siglech",0.2,0.04
-3.92901079035311,6.07445090033843,0.509803921568627,1,"Icmt","Siglech",0.2,0.04
-3.92901079035311,6.07445090033843,0.509803921568627,1,"Pmpcb","Siglech",0.2,0.04
-3.92901079035311,6.07445090033843,0.509803921568627,1,"Nub1","Siglech",0.2,0.04
-3.92901079035311,6.07445090033843,0.509803921568627,1,"Wfs1","Siglech",0.2,0.04
-3.92901079035311,6.07445090033843,0.509803921568627,1,"Cpeb2","Siglech",0.2,0.04
-3.92901079035311,6.07445090033843,0.509803921568627,1,"Lias","Siglech",0.2,0.04
-3.92901079035311,6.07445090033843,0.509803921568627,1,"Clock","Siglech",0.2,0.04
-3.92901079035311,6.07445090033843,0.509803921568627,1,"Hopx","Siglech",0.2,0.04
-3.92901079035311,6.07445090033843,0.509803921568627,1,"Anxa3","Siglech",0.2,0.04
-3.92901079035311,6.07445090033843,0.509803921568627,1,"Hsd17b11","Siglech",0.2,0.04
-3.92901079035311,6.07445090033843,0.509803921568627,1,"Lrrc8d","Siglech",0.2,0.04
-3.92901079035311,6.07445090033843,0.509803921568627,1,"Chek2","Siglech",0.2,0.04
-3.92901079035311,6.07445090033843,0.509803921568627,1,"Slc8b1","Siglech",0.2,0.04
-3.92901079035311,6.07445090033843,0.509803921568627,1,"Acad12","Siglech",0.2,0.04
-3.92901079035311,6.07445090033843,0.509803921568627,1,"Ift81","Siglech",0.2,0.04
-3.92901079035311,6.07445090033843,0.509803921568627,1,"Orai1","Siglech",0.2,0.04
-3.92901079035311,6.07445090033843,0.509803921568627,1,"Psmd9","Siglech",0.2,0.04
-3.92901079035311,6.07445090033843,0.509803921568627,1,"Bcl7a","Siglech",0.2,0.04
-3.92901079035311,6.07445090033843,0.509803921568627,1,"Stx2","Siglech",0.2,0.04
-3.92901079035311,6.07445090033843,0.509803921568627,1,"Dnajc30","Siglech",0.2,0.04
-3.92901079035311,6.07445090033843,0.509803921568627,1,"Nsun5","Siglech",0.2,0.04
-3.92901079035311,6.07445090033843,0.509803921568627,1,"Lrch4","Siglech",0.2,0.04
-3.92901079035311,6.07445090033843,0.509803921568627,1,"Zfp113","Siglech",0.2,0.04
-3.92901079035311,6.07445090033843,0.509803921568627,1,"Ap4m1","Siglech",0.2,0.04
-3.92901079035311,6.07445090033843,0.509803921568627,1,"Get4","Siglech",0.2,0.04
-3.92901079035311,6.07445090033843,0.509803921568627,1,"Adap1","Siglech",0.2,0.04
-3.92901079035311,6.07445090033843,0.509803921568627,1,"Zdhhc4","Siglech",0.2,0.04
-3.92901079035311,6.07445090033843,0.509803921568627,1,"Usp42","Siglech",0.2,0.04
-3.92901079035311,6.07445090033843,0.509803921568627,1,"Tecpr1","Siglech",0.2,0.04
-3.92901079035311,6.07445090033843,0.509803921568627,1,"C1galt1","Siglech",0.2,0.04
-3.92901079035311,6.07445090033843,0.509803921568627,1,"Tmem106b","Siglech",0.2,0.04
-3.92901079035311,6.07445090033843,0.509803921568627,1,"Agbl3","Siglech",0.2,0.04
-3.92901079035311,6.07445090033843,0.509803921568627,1,"Gsdme","Siglech",0.2,0.04
-3.92901079035311,6.07445090033843,0.509803921568627,1,"Avl9","Siglech",0.2,0.04
-3.92901079035311,6.07445090033843,0.509803921568627,1,"Dok1","Siglech",0.2,0.04
-3.92901079035311,6.07445090033843,0.509803921568627,1,"Stambp","Siglech",0.2,0.04
-3.92901079035311,6.07445090033843,0.509803921568627,1,"Alms1","Siglech",0.2,0.04
-3.92901079035311,6.07445090033843,0.509803921568627,1,"Tprkb","Siglech",0.2,0.04
-3.92901079035311,6.07445090033843,0.509803921568627,1,"Arhgap25","Siglech",0.2,0.04
-3.92901079035311,6.07445090033843,0.509803921568627,1,"Hmces","Siglech",0.2,0.04
-3.92901079035311,6.07445090033843,0.509803921568627,1,"Edem1","Siglech",0.2,0.04
-3.92901079035311,6.07445090033843,0.509803921568627,1,"Vamp1","Siglech",0.2,0.04
-3.92901079035311,6.07445090033843,0.509803921568627,1,"Cd27","Siglech",0.2,0.04
-3.92901079035311,6.07445090033843,0.509803921568627,1,"Parp11","Siglech",0.2,0.04
-3.92901079035311,6.07445090033843,0.509803921568627,1,"Pirb","Siglech",0.2,0.04
-3.92901079035311,6.07445090033843,0.509803921568627,1,"Zfp329","Siglech",0.2,0.04
-3.92901079035311,6.07445090033843,0.509803921568627,1,"Irf2bp1","Siglech",0.2,0.04
-3.92901079035311,6.07445090033843,0.509803921568627,1,"Atp1a3","Siglech",0.2,0.04
-3.92901079035311,6.07445090033843,0.509803921568627,1,"Zfp574","Siglech",0.2,0.04
-3.92901079035311,6.07445090033843,0.509803921568627,1,"B3gnt8","Siglech",0.2,0.04
-3.92901079035311,6.07445090033843,0.509803921568627,1,"Samd4b","Siglech",0.2,0.04
-3.92901079035311,6.07445090033843,0.509803921568627,1,"Lsr","Siglech",0.2,0.04
-3.92901079035311,6.07445090033843,0.509803921568627,1,"Pdcd2l","Siglech",0.2,0.04
-3.92901079035311,6.07445090033843,0.509803921568627,1,"Cd33","Siglech",0.2,0.04
-3.92901079035311,6.07445090033843,0.509803921568627,1,"2410002F23Rik","Siglech",0.2,0.04
-3.92901079035311,6.07445090033843,0.509803921568627,1,"Tbc1d17","Siglech",0.2,0.04
-3.92901079035311,6.07445090033843,0.509803921568627,1,"Saal1","Siglech",0.2,0.04
-3.92901079035311,6.07445090033843,0.509803921568627,1,"Arrdc4","Siglech",0.2,0.04
-3.92901079035311,6.07445090033843,0.509803921568627,1,"Rccd1","Siglech",0.2,0.04
-3.92901079035311,6.07445090033843,0.509803921568627,1,"Man2a2","Siglech",0.2,0.04
-3.92901079035311,6.07445090033843,0.509803921568627,1,"Tmem126b","Siglech",0.2,0.04
-3.92901079035311,6.07445090033843,0.509803921568627,1,"Emsy","Siglech",0.2,0.04
-3.92901079035311,6.07445090033843,0.509803921568627,1,"Fchsd2","Siglech",0.2,0.04
-3.92901079035311,6.07445090033843,0.509803921568627,1,"Trim21","Siglech",0.2,0.04
-3.92901079035311,6.07445090033843,0.509803921568627,1,"Lmo1","Siglech",0.2,0.04
-3.92901079035311,6.07445090033843,0.509803921568627,1,"Pde3b","Siglech",0.2,0.04
-3.92901079035311,6.07445090033843,0.509803921568627,1,"Cyp2r1","Siglech",0.2,0.04
-3.92901079035311,6.07445090033843,0.509803921568627,1,"Gga2","Siglech",0.2,0.04
-3.92901079035311,6.07445090033843,0.509803921568627,1,"Il4ra","Siglech",0.2,0.04
-3.92901079035311,6.07445090033843,0.509803921568627,1,"D430042O09Rik","Siglech",0.2,0.04
-3.92901079035311,6.07445090033843,0.509803921568627,1,"2510046G10Rik","Siglech",0.2,0.04
-3.92901079035311,6.07445090033843,0.509803921568627,1,"Ypel3","Siglech",0.2,0.04
-3.92901079035311,6.07445090033843,0.509803921568627,1,"Fbrs","Siglech",0.2,0.04
-3.92901079035311,6.07445090033843,0.509803921568627,1,"1700008J07Rik","Siglech",0.2,0.04
-3.92901079035311,6.07445090033843,0.509803921568627,1,"Itgam","Siglech",0.2,0.04
-3.92901079035311,6.07445090033843,0.509803921568627,1,"Armc5","Siglech",0.2,0.04
-3.92901079035311,6.07445090033843,0.509803921568627,1,"Ikzf5","Siglech",0.2,0.04
-3.92901079035311,6.07445090033843,0.509803921568627,1,"Fam53b","Siglech",0.2,0.04
-3.92901079035311,6.07445090033843,0.509803921568627,1,"Ctbp2","Siglech",0.2,0.04
-3.92901079035311,6.07445090033843,0.509803921568627,1,"Dhx32","Siglech",0.2,0.04
-3.92901079035311,6.07445090033843,0.509803921568627,1,"Zfp511","Siglech",0.2,0.04
-3.92901079035311,6.07445090033843,0.509803921568627,1,"Sirt3","Siglech",0.2,0.04
-3.92901079035311,6.07445090033843,0.509803921568627,1,"Deaf1","Siglech",0.2,0.04
-3.92901079035311,6.07445090033843,0.509803921568627,1,"Tnni2","Siglech",0.2,0.04
-3.92901079035311,6.07445090033843,0.509803921568627,1,"Mthfd1l","Siglech",0.2,0.04
-3.92901079035311,6.07445090033843,0.509803921568627,1,"Ginm1","Siglech",0.2,0.04
-3.92901079035311,6.07445090033843,0.509803921568627,1,"Map7","Siglech",0.2,0.04
-3.92901079035311,6.07445090033843,0.509803921568627,1,"Echdc1","Siglech",0.2,0.04
-3.92901079035311,6.07445090033843,0.509803921568627,1,"Rev3l","Siglech",0.2,0.04
-3.92901079035311,6.07445090033843,0.509803921568627,1,"Fig4","Siglech",0.2,0.04
-3.92901079035311,6.07445090033843,0.509803921568627,1,"1700021F05Rik","Siglech",0.2,0.04
-3.92901079035311,6.07445090033843,0.509803921568627,1,"Mcm9","Siglech",0.2,0.04
-3.92901079035311,6.07445090033843,0.509803921568627,1,"Supv3l1","Siglech",0.2,0.04
-3.92901079035311,6.07445090033843,0.509803921568627,1,"Ado","Siglech",0.2,0.04
-3.92901079035311,6.07445090033843,0.509803921568627,1,"Zfp280b","Siglech",0.2,0.04
-3.92901079035311,6.07445090033843,0.509803921568627,1,"Ube2g2","Siglech",0.2,0.04
-3.92901079035311,6.07445090033843,0.509803921568627,1,"Ilvbl","Siglech",0.2,0.04
-3.92901079035311,6.07445090033843,0.509803921568627,1,"2610008E11Rik","Siglech",0.2,0.04
-3.92901079035311,6.07445090033843,0.509803921568627,1,"Tpgs1","Siglech",0.2,0.04
-3.92901079035311,6.07445090033843,0.509803921568627,1,"Med16","Siglech",0.2,0.04
-3.92901079035311,6.07445090033843,0.509803921568627,1,"Abca7","Siglech",0.2,0.04
-3.92901079035311,6.07445090033843,0.509803921568627,1,"1600002K03Rik","Siglech",0.2,0.04
-3.92901079035311,6.07445090033843,0.509803921568627,1,"Mum1","Siglech",0.2,0.04
-3.92901079035311,6.07445090033843,0.509803921568627,1,"Klf16","Siglech",0.2,0.04
-3.92901079035311,6.07445090033843,0.509803921568627,1,"Izumo4","Siglech",0.2,0.04
-3.92901079035311,6.07445090033843,0.509803921568627,1,"Pias4","Siglech",0.2,0.04
-3.92901079035311,6.07445090033843,0.509803921568627,1,"Ncln","Siglech",0.2,0.04
-3.92901079035311,6.07445090033843,0.509803921568627,1,"Ckap4","Siglech",0.2,0.04
-3.92901079035311,6.07445090033843,0.509803921568627,1,"Chpt1","Siglech",0.2,0.04
-3.92901079035311,6.07445090033843,0.509803921568627,1,"Amdhd1","Siglech",0.2,0.04
-3.92901079035311,6.07445090033843,0.509803921568627,1,"Nudt4","Siglech",0.2,0.04
-3.92901079035311,6.07445090033843,0.509803921568627,1,"Atp2b1","Siglech",0.2,0.04
-3.92901079035311,6.07445090033843,0.509803921568627,1,"Zfc3h1","Siglech",0.2,0.04
-3.92901079035311,6.07445090033843,0.509803921568627,1,"Stat2","Siglech",0.2,0.04
-3.92901079035311,6.07445090033843,0.509803921568627,1,"Pan2","Siglech",0.2,0.04
-3.92901079035311,6.07445090033843,0.509803921568627,1,"A430078G23Rik","Siglech",0.2,0.04
-3.92901079035311,6.07445090033843,0.509803921568627,1,"Ctxn1","Siglech",0.2,0.04
-3.92901079035311,6.07445090033843,0.509803921568627,1,"Rbpms","Siglech",0.2,0.04
-3.92901079035311,6.07445090033843,0.509803921568627,1,"Saraf","Siglech",0.2,0.04
-3.92901079035311,6.07445090033843,0.509803921568627,1,"Zdhhc2","Siglech",0.2,0.04
-3.92901079035311,6.07445090033843,0.509803921568627,1,"Fbxo8","Siglech",0.2,0.04
-3.92901079035311,6.07445090033843,0.509803921568627,1,"Galnt7","Siglech",0.2,0.04
-3.92901079035311,6.07445090033843,0.509803921568627,1,"Ints10","Siglech",0.2,0.04
-3.92901079035311,6.07445090033843,0.509803921568627,1,"Atp6v1b2","Siglech",0.2,0.04
-3.92901079035311,6.07445090033843,0.509803921568627,1,"Homer3","Siglech",0.2,0.04
-3.92901079035311,6.07445090033843,0.509803921568627,1,"Mpv17l2","Siglech",0.2,0.04
-3.92901079035311,6.07445090033843,0.509803921568627,1,"Arrdc2","Siglech",0.2,0.04
-3.92901079035311,6.07445090033843,0.509803921568627,1,"Hsh2d","Siglech",0.2,0.04
-3.92901079035311,6.07445090033843,0.509803921568627,1,"Tnpo2","Siglech",0.2,0.04
-3.92901079035311,6.07445090033843,0.509803921568627,1,"Wdr83","Siglech",0.2,0.04
-3.92901079035311,6.07445090033843,0.509803921568627,1,"Siah1a","Siglech",0.2,0.04
-3.92901079035311,6.07445090033843,0.509803921568627,1,"Fhod1","Siglech",0.2,0.04
-3.92901079035311,6.07445090033843,0.509803921568627,1,"Acd","Siglech",0.2,0.04
-3.92901079035311,6.07445090033843,0.509803921568627,1,"Enkd1","Siglech",0.2,0.04
-3.92901079035311,6.07445090033843,0.509803921568627,1,"Cenpt","Siglech",0.2,0.04
-3.92901079035311,6.07445090033843,0.509803921568627,1,"Vac14","Siglech",0.2,0.04
-3.92901079035311,6.07445090033843,0.509803921568627,1,"Usp10","Siglech",0.2,0.04
-3.92901079035311,6.07445090033843,0.509803921568627,1,"Mthfsd","Siglech",0.2,0.04
-3.92901079035311,6.07445090033843,0.509803921568627,1,"Spg7","Siglech",0.2,0.04
-3.92901079035311,6.07445090033843,0.509803921568627,1,"Afg3l1","Siglech",0.2,0.04
-3.92901079035311,6.07445090033843,0.509803921568627,1,"Ccsap","Siglech",0.2,0.04
-3.92901079035311,6.07445090033843,0.509803921568627,1,"Arv1","Siglech",0.2,0.04
-3.92901079035311,6.07445090033843,0.509803921568627,1,"Exoc8","Siglech",0.2,0.04
-3.92901079035311,6.07445090033843,0.509803921568627,1,"Nudt13","Siglech",0.2,0.04
-3.92901079035311,6.07445090033843,0.509803921568627,1,"2810402E24Rik","Siglech",0.2,0.04
-3.92901079035311,6.07445090033843,0.509803921568627,1,"Btd","Siglech",0.2,0.04
-3.92901079035311,6.07445090033843,0.509803921568627,1,"Txndc16","Siglech",0.2,0.04
-3.92901079035311,6.07445090033843,0.509803921568627,1,"Atg14","Siglech",0.2,0.04
-3.92901079035311,6.07445090033843,0.509803921568627,1,"Mdp1","Siglech",0.2,0.04
-3.92901079035311,6.07445090033843,0.509803921568627,1,"Rcbtb1","Siglech",0.2,0.04
-3.92901079035311,6.07445090033843,0.509803921568627,1,"Lpar6","Siglech",0.2,0.04
-3.92901079035311,6.07445090033843,0.509803921568627,1,"Gm26778","Siglech",0.2,0.04
-3.92901079035311,6.07445090033843,0.509803921568627,1,"Fbxl3","Siglech",0.2,0.04
-3.92901079035311,6.07445090033843,0.509803921568627,1,"Aasdhppt","Siglech",0.2,0.04
-3.92901079035311,6.07445090033843,0.509803921568627,1,"Sesn3","Siglech",0.2,0.04
-3.92901079035311,6.07445090033843,0.509803921568627,1,"Med17","Siglech",0.2,0.04
-3.92901079035311,6.07445090033843,0.509803921568627,1,"4931406C07Rik","Siglech",0.2,0.04
-3.92901079035311,6.07445090033843,0.509803921568627,1,"Ilf3","Siglech",0.2,0.04
-3.92901079035311,6.07445090033843,0.509803921568627,1,"Gm16845","Siglech",0.2,0.04
-3.92901079035311,6.07445090033843,0.509803921568627,1,"Herpud2","Siglech",0.2,0.04
-3.92901079035311,6.07445090033843,0.509803921568627,1,"Slc37a2","Siglech",0.2,0.04
-3.92901079035311,6.07445090033843,0.509803921568627,1,"Sorl1","Siglech",0.2,0.04
-3.92901079035311,6.07445090033843,0.509803921568627,1,"Oaf","Siglech",0.2,0.04
-3.92901079035311,6.07445090033843,0.509803921568627,1,"Usp2","Siglech",0.2,0.04
-3.92901079035311,6.07445090033843,0.509803921568627,1,"Vps11","Siglech",0.2,0.04
-3.92901079035311,6.07445090033843,0.509803921568627,1,"Gm16536","Siglech",0.2,0.04
-3.92901079035311,6.07445090033843,0.509803921568627,1,"Alg9","Siglech",0.2,0.04
-3.92901079035311,6.07445090033843,0.509803921568627,1,"Fbxo22","Siglech",0.2,0.04
-3.92901079035311,6.07445090033843,0.509803921568627,1,"Peak1","Siglech",0.2,0.04
-3.92901079035311,6.07445090033843,0.509803921568627,1,"Glce","Siglech",0.2,0.04
-3.92901079035311,6.07445090033843,0.509803921568627,1,"Ints14","Siglech",0.2,0.04
-3.92901079035311,6.07445090033843,0.509803921568627,1,"Oaz2","Siglech",0.2,0.04
-3.92901079035311,6.07445090033843,0.509803921568627,1,"Elovl5","Siglech",0.2,0.04
-3.92901079035311,6.07445090033843,0.509803921568627,1,"Ttk","Siglech",0.2,0.04
-3.92901079035311,6.07445090033843,0.509803921568627,1,"Rbm15b","Siglech",0.2,0.04
-3.92901079035311,6.07445090033843,0.509803921568627,1,"Rassf1","Siglech",0.2,0.04
-3.92901079035311,6.07445090033843,0.509803921568627,1,"Ptpn23","Siglech",0.2,0.04
-3.92901079035311,6.07445090033843,0.509803921568627,1,"Crtap","Siglech",0.2,0.04
-3.92901079035311,6.07445090033843,0.509803921568627,1,"Dync1li1","Siglech",0.2,0.04
-3.92901079035311,6.07445090033843,0.509803921568627,1,"Cmtm8","Siglech",0.2,0.04
-3.92901079035311,6.07445090033843,0.509803921568627,1,"Azi2","Siglech",0.2,0.04
-3.92901079035311,6.07445090033843,0.509803921568627,1,"Wdr48","Siglech",0.2,0.04
-3.92901079035311,6.07445090033843,0.509803921568627,1,"Csrnp1","Siglech",0.2,0.04
-3.92901079035311,6.07445090033843,0.509803921568627,1,"Slc6a20b","Siglech",0.2,0.04
-3.92901079035311,6.07445090033843,0.509803921568627,1,"Ppp2r3d","Siglech",0.2,0.04
-3.92901079035311,6.07445090033843,0.509803921568627,1,"Pik3ip1","Siglech",0.2,0.04
-3.92901079035311,6.07445090033843,0.509803921568627,1,"Limk2","Siglech",0.2,0.04
-3.92901079035311,6.07445090033843,0.509803921568627,1,"Rnf185","Siglech",0.2,0.04
-3.92901079035311,6.07445090033843,0.509803921568627,1,"Rnf215","Siglech",0.2,0.04
-3.92901079035311,6.07445090033843,0.509803921568627,1,"Spred2","Siglech",0.2,0.04
-3.92901079035311,6.07445090033843,0.509803921568627,1,"Ttc1","Siglech",0.2,0.04
-3.92901079035311,6.07445090033843,0.509803921568627,1,"Phykpl","Siglech",0.2,0.04
-3.92901079035311,6.07445090033843,0.509803921568627,1,"Srebf1","Siglech",0.2,0.04
-3.92901079035311,6.07445090033843,0.509803921568627,1,"Ttc19","Siglech",0.2,0.04
-3.92901079035311,6.07445090033843,0.509803921568627,1,"Mmgt2","Siglech",0.2,0.04
-3.92901079035311,6.07445090033843,0.509803921568627,1,"Elac2","Siglech",0.2,0.04
-3.92901079035311,6.07445090033843,0.509803921568627,1,"Adprm","Siglech",0.2,0.04
-3.92901079035311,6.07445090033843,0.509803921568627,1,"Med11","Siglech",0.2,0.04
-3.92901079035311,6.07445090033843,0.509803921568627,1,"Git1","Siglech",0.2,0.04
-3.92901079035311,6.07445090033843,0.509803921568627,1,"Fam222b","Siglech",0.2,0.04
-3.92901079035311,6.07445090033843,0.509803921568627,1,"Wsb1","Siglech",0.2,0.04
-3.92901079035311,6.07445090033843,0.509803921568627,1,"Rhot1","Siglech",0.2,0.04
-3.92901079035311,6.07445090033843,0.509803921568627,1,"5730455P16Rik","Siglech",0.2,0.04
-3.92901079035311,6.07445090033843,0.509803921568627,1,"Slfn5","Siglech",0.2,0.04
-3.92901079035311,6.07445090033843,0.509803921568627,1,"Ccl9","Siglech",0.2,0.04
-3.92901079035311,6.07445090033843,0.509803921568627,1,"Ppm1d","Siglech",0.2,0.04
-3.92901079035311,6.07445090033843,0.509803921568627,1,"Tubd1","Siglech",0.2,0.04
-3.92901079035311,6.07445090033843,0.509803921568627,1,"Pctp","Siglech",0.2,0.04
-3.92901079035311,6.07445090033843,0.509803921568627,1,"Stxbp4","Siglech",0.2,0.04
-3.92901079035311,6.07445090033843,0.509803921568627,1,"Acsf2","Siglech",0.2,0.04
-3.92901079035311,6.07445090033843,0.509803921568627,1,"Zfp652","Siglech",0.2,0.04
-3.92901079035311,6.07445090033843,0.509803921568627,1,"Abi3","Siglech",0.2,0.04
-3.92901079035311,6.07445090033843,0.509803921568627,1,"Mrpl10","Siglech",0.2,0.04
-3.92901079035311,6.07445090033843,0.509803921568627,1,"Mllt6","Siglech",0.2,0.04
-3.92901079035311,6.07445090033843,0.509803921568627,1,"Plxdc1","Siglech",0.2,0.04
-3.92901079035311,6.07445090033843,0.509803921568627,1,"Stat5a","Siglech",0.2,0.04
-3.92901079035311,6.07445090033843,0.509803921568627,1,"Tubg1","Siglech",0.2,0.04
-3.92901079035311,6.07445090033843,0.509803921568627,1,"Arhgap27os2","Siglech",0.2,0.04
-3.92901079035311,6.07445090033843,0.509803921568627,1,"Nat9","Siglech",0.2,0.04
-3.92901079035311,6.07445090033843,0.509803921568627,1,"Tmem94","Siglech",0.2,0.04
-3.92901079035311,6.07445090033843,0.509803921568627,1,"Mrpl38","Siglech",0.2,0.04
-3.92901079035311,6.07445090033843,0.509803921568627,1,"Tbc1d16","Siglech",0.2,0.04
-3.92901079035311,6.07445090033843,0.509803921568627,1,"Tbcd","Siglech",0.2,0.04
-3.92901079035311,6.07445090033843,0.509803921568627,1,"Akr1c13","Siglech",0.2,0.04
-3.92901079035311,6.07445090033843,0.509803921568627,1,"Ggps1","Siglech",0.2,0.04
-3.92901079035311,6.07445090033843,0.509803921568627,1,"Stard3nl","Siglech",0.2,0.04
-3.92901079035311,6.07445090033843,0.509803921568627,1,"Zfp322a","Siglech",0.2,0.04
-3.92901079035311,6.07445090033843,0.509803921568627,1,"Hist1h4d","Siglech",0.2,0.04
-3.92901079035311,6.07445090033843,0.509803921568627,1,"Carmil1","Siglech",0.2,0.04
-3.92901079035311,6.07445090033843,0.509803921568627,1,"Tdp2","Siglech",0.2,0.04
-3.92901079035311,6.07445090033843,0.509803921568627,1,"Gm47754","Siglech",0.2,0.04
-3.92901079035311,6.07445090033843,0.509803921568627,1,"Bloc1s5","Siglech",0.2,0.04
-3.92901079035311,6.07445090033843,0.509803921568627,1,"Phf2","Siglech",0.2,0.04
-3.92901079035311,6.07445090033843,0.509803921568627,1,"S1pr3","Siglech",0.2,0.04
-3.92901079035311,6.07445090033843,0.509803921568627,1,"Uimc1","Siglech",0.2,0.04
-3.92901079035311,6.07445090033843,0.509803921568627,1,"Agtpbp1","Siglech",0.2,0.04
-3.92901079035311,6.07445090033843,0.509803921568627,1,"Fancc","Siglech",0.2,0.04
-3.92901079035311,6.07445090033843,0.509803921568627,1,"Rsl1","Siglech",0.2,0.04
-3.92901079035311,6.07445090033843,0.509803921568627,1,"Zfp595","Siglech",0.2,0.04
-3.92901079035311,6.07445090033843,0.509803921568627,1,"Col4a3bp","Siglech",0.2,0.04
-3.92901079035311,6.07445090033843,0.509803921568627,1,"Ankra2","Siglech",0.2,0.04
-3.92901079035311,6.07445090033843,0.509803921568627,1,"Cdk7","Siglech",0.2,0.04
-3.92901079035311,6.07445090033843,0.509803921568627,1,"Nnt","Siglech",0.2,0.04
-3.92901079035311,6.07445090033843,0.509803921568627,1,"4833420G17Rik","Siglech",0.2,0.04
-3.92901079035311,6.07445090033843,0.509803921568627,1,"Rnf144a","Siglech",0.2,0.04
-3.92901079035311,6.07445090033843,0.509803921568627,1,"Rnaseh1","Siglech",0.2,0.04
-3.92901079035311,6.07445090033843,0.509803921568627,1,"Dnajb9","Siglech",0.2,0.04
-3.92901079035311,6.07445090033843,0.509803921568627,1,"Nubpl","Siglech",0.2,0.04
-3.92901079035311,6.07445090033843,0.509803921568627,1,"Lrr1","Siglech",0.2,0.04
-3.92901079035311,6.07445090033843,0.509803921568627,1,"Acot1","Siglech",0.2,0.04
-3.92901079035311,6.07445090033843,0.509803921568627,1,"Gpatch2l","Siglech",0.2,0.04
-3.92901079035311,6.07445090033843,0.509803921568627,1,"Spata7","Siglech",0.2,0.04
-3.92901079035311,6.07445090033843,0.509803921568627,1,"Dglucy","Siglech",0.2,0.04
-3.92901079035311,6.07445090033843,0.509803921568627,1,"Tmem251","Siglech",0.2,0.04
-3.92901079035311,6.07445090033843,0.509803921568627,1,"Evl","Siglech",0.2,0.04
-3.92901079035311,6.07445090033843,0.509803921568627,1,"Mark3","Siglech",0.2,0.04
-3.92901079035311,6.07445090033843,0.509803921568627,1,"Zfp386","Siglech",0.2,0.04
-3.92901079035311,6.07445090033843,0.509803921568627,1,"Lmbrd2","Siglech",0.2,0.04
-3.92901079035311,6.07445090033843,0.509803921568627,1,"6030458C11Rik","Siglech",0.2,0.04
-3.92901079035311,6.07445090033843,0.509803921568627,1,"Laptm4b","Siglech",0.2,0.04
-3.92901079035311,6.07445090033843,0.509803921568627,1,"Tbc1d31","Siglech",0.2,0.04
-3.92901079035311,6.07445090033843,0.509803921568627,1,"Ptk2","Siglech",0.2,0.04
-3.92901079035311,6.07445090033843,0.509803921568627,1,"Scrib","Siglech",0.2,0.04
-3.92901079035311,6.07445090033843,0.509803921568627,1,"1110038F14Rik","Siglech",0.2,0.04
-3.92901079035311,6.07445090033843,0.509803921568627,1,"Mpst","Siglech",0.2,0.04
-3.92901079035311,6.07445090033843,0.509803921568627,1,"Gga1","Siglech",0.2,0.04
-3.92901079035311,6.07445090033843,0.509803921568627,1,"Gm20324","Siglech",0.2,0.04
-3.92901079035311,6.07445090033843,0.509803921568627,1,"Lmf2","Siglech",0.2,0.04
-3.92901079035311,6.07445090033843,0.509803921568627,1,"Twf1","Siglech",0.2,0.04
-3.92901079035311,6.07445090033843,0.509803921568627,1,"Gm26518","Siglech",0.2,0.04
-3.92901079035311,6.07445090033843,0.509803921568627,1,"Tfap4","Siglech",0.2,0.04
-3.92901079035311,6.07445090033843,0.509803921568627,1,"Cdip1","Siglech",0.2,0.04
-3.92901079035311,6.07445090033843,0.509803921568627,1,"Nagpa","Siglech",0.2,0.04
-3.92901079035311,6.07445090033843,0.509803921568627,1,"Ppm1f","Siglech",0.2,0.04
-3.92901079035311,6.07445090033843,0.509803921568627,1,"Yeats2","Siglech",0.2,0.04
-3.92901079035311,6.07445090033843,0.509803921568627,1,"Dvl3","Siglech",0.2,0.04
-3.92901079035311,6.07445090033843,0.509803921568627,1,"Tmem41a","Siglech",0.2,0.04
-3.92901079035311,6.07445090033843,0.509803921568627,1,"Senp2","Siglech",0.2,0.04
-3.92901079035311,6.07445090033843,0.509803921568627,1,"Pcyt1a","Siglech",0.2,0.04
-3.92901079035311,6.07445090033843,0.509803921568627,1,"Snx4","Siglech",0.2,0.04
-3.92901079035311,6.07445090033843,0.509803921568627,1,"Tmem39a","Siglech",0.2,0.04
-3.92901079035311,6.07445090033843,0.509803921568627,1,"Cd200","Siglech",0.2,0.04
-3.92901079035311,6.07445090033843,0.509803921568627,1,"Bbx","Siglech",0.2,0.04
-3.92901079035311,6.07445090033843,0.509803921568627,1,"Cep97","Siglech",0.2,0.04
-3.92901079035311,6.07445090033843,0.509803921568627,1,"Nit2","Siglech",0.2,0.04
-3.92901079035311,6.07445090033843,0.509803921568627,1,"Filip1l","Siglech",0.2,0.04
-3.92901079035311,6.07445090033843,0.509803921568627,1,"D16Ertd472e","Siglech",0.2,0.04
-3.92901079035311,6.07445090033843,0.509803921568627,1,"Gabpa","Siglech",0.2,0.04
-3.92901079035311,6.07445090033843,0.509803921568627,1,"Dscr3","Siglech",0.2,0.04
-3.92901079035311,6.07445090033843,0.509803921568627,1,"B230307C23Rik","Siglech",0.2,0.04
-3.92901079035311,6.07445090033843,0.509803921568627,1,"Tmem181a","Siglech",0.2,0.04
-3.92901079035311,6.07445090033843,0.509803921568627,1,"Sft2d1","Siglech",0.2,0.04
-3.92901079035311,6.07445090033843,0.509803921568627,1,"9030025P20Rik","Siglech",0.2,0.04
-3.92901079035311,6.07445090033843,0.509803921568627,1,"Zfp995","Siglech",0.2,0.04
-3.92901079035311,6.07445090033843,0.509803921568627,1,"Kctd5","Siglech",0.2,0.04
-3.92901079035311,6.07445090033843,0.509803921568627,1,"Narfl","Siglech",0.2,0.04
-3.92901079035311,6.07445090033843,0.509803921568627,1,"Pigq","Siglech",0.2,0.04
-3.92901079035311,6.07445090033843,0.509803921568627,1,"D17Wsu92e","Siglech",0.2,0.04
-3.92901079035311,6.07445090033843,0.509803921568627,1,"E230001N04Rik","Siglech",0.2,0.04
-3.92901079035311,6.07445090033843,0.509803921568627,1,"Stk38","Siglech",0.2,0.04
-3.92901079035311,6.07445090033843,0.509803921568627,1,"Cdkn1a","Siglech",0.2,0.04
-3.92901079035311,6.07445090033843,0.509803921568627,1,"Btbd9","Siglech",0.2,0.04
-3.92901079035311,6.07445090033843,0.509803921568627,1,"Wiz","Siglech",0.2,0.04
-3.92901079035311,6.07445090033843,0.509803921568627,1,"Adamts10","Siglech",0.2,0.04
-3.92901079035311,6.07445090033843,0.509803921568627,1,"Ring1","Siglech",0.2,0.04
-3.92901079035311,6.07445090033843,0.509803921568627,1,"Skiv2l","Siglech",0.2,0.04
-3.92901079035311,6.07445090033843,0.509803921568627,1,"Lst1","Siglech",0.2,0.04
-3.92901079035311,6.07445090033843,0.509803921568627,1,"Nfkbil1","Siglech",0.2,0.04
-3.92901079035311,6.07445090033843,0.509803921568627,1,"Flot1","Siglech",0.2,0.04
-3.92901079035311,6.07445090033843,0.509803921568627,1,"Slc35b2","Siglech",0.2,0.04
-3.92901079035311,6.07445090033843,0.509803921568627,1,"Ebi3","Siglech",0.2,0.04
-3.92901079035311,6.07445090033843,0.509803921568627,1,"Ubxn6","Siglech",0.2,0.04
-3.92901079035311,6.07445090033843,0.509803921568627,1,"Esco1","Siglech",0.2,0.04
-3.92901079035311,6.07445090033843,0.509803921568627,1,"Pik3c3","Siglech",0.2,0.04
-3.92901079035311,6.07445090033843,0.509803921568627,1,"Gnpda1","Siglech",0.2,0.04
-3.92901079035311,6.07445090033843,0.509803921568627,1,"Ticam2","Siglech",0.2,0.04
-3.92901079035311,6.07445090033843,0.509803921568627,1,"Dmxl1","Siglech",0.2,0.04
-3.92901079035311,6.07445090033843,0.509803921568627,1,"Csnk1g3","Siglech",0.2,0.04
-3.92901079035311,6.07445090033843,0.509803921568627,1,"Aldh7a1","Siglech",0.2,0.04
-3.92901079035311,6.07445090033843,0.509803921568627,1,"Smim3","Siglech",0.2,0.04
-3.92901079035311,6.07445090033843,0.509803921568627,1,"Csf1r","Siglech",0.2,0.04
-3.92901079035311,6.07445090033843,0.509803921568627,1,"Rnmt","Siglech",0.2,0.04
-3.92901079035311,6.07445090033843,0.509803921568627,1,"Mex3c","Siglech",0.2,0.04
-3.92901079035311,6.07445090033843,0.509803921568627,1,"Atp9b","Siglech",0.2,0.04
-3.92901079035311,6.07445090033843,0.509803921568627,1,"Ighmbp2","Siglech",0.2,0.04
-3.92901079035311,6.07445090033843,0.509803921568627,1,"Cpt1a","Siglech",0.2,0.04
-3.92901079035311,6.07445090033843,0.509803921568627,1,"Rbm4","Siglech",0.2,0.04
-3.92901079035311,6.07445090033843,0.509803921568627,1,"Scyl1","Siglech",0.2,0.04
-3.92901079035311,6.07445090033843,0.509803921568627,1,"Slc25a45","Siglech",0.2,0.04
-3.92901079035311,6.07445090033843,0.509803921568627,1,"Sac3d1","Siglech",0.2,0.04
-3.92901079035311,6.07445090033843,0.509803921568627,1,"Naa40","Siglech",0.2,0.04
-3.92901079035311,6.07445090033843,0.509803921568627,1,"Fads2","Siglech",0.2,0.04
-3.92901079035311,6.07445090033843,0.509803921568627,1,"Apba1","Siglech",0.2,0.04
-3.92901079035311,6.07445090033843,0.509803921568627,1,"Cstf2t","Siglech",0.2,0.04
-3.92901079035311,6.07445090033843,0.509803921568627,1,"Rpl9-ps6","Siglech",0.2,0.04
-3.92901079035311,6.07445090033843,0.509803921568627,1,"Erlin1","Siglech",0.2,0.04
-3.92901079035311,6.07445090033843,0.509803921568627,1,"Cwf19l1","Siglech",0.2,0.04
-3.92901079035311,6.07445090033843,0.509803921568627,1,"Sfxn3","Siglech",0.2,0.04
-0.573926099690939,8.76651168342913,0.509845741921988,1,"Nedd8","Siglech",0.2,0.04
-0.573926099690939,8.76651168342913,0.509845741921988,1,"2010107E04Rik","Siglech",0.2,0.04
0.595151532064953,8.31689756931631,0.515477242664808,1,"Top1","Siglech",0.2,0.04
-0.551612657051597,8.39091902864576,0.515477242664808,1,"Pomp","Siglech",0.2,0.04
-0.551612657051597,8.39091902864576,0.515477242664808,1,"Atp5d","Siglech",0.2,0.04
-0.551612657051597,8.39091902864576,0.515477242664808,1,"Ppp1r14b","Siglech",0.2,0.04
-0.764212403057972,7.80621260991446,0.516292316661943,1,"Pgk1","Siglech",0.2,0.04
-0.764212403057972,7.80621260991446,0.516292316661943,1,"Rpa2","Siglech",0.2,0.04
-0.764212403057972,7.80621260991446,0.516292316661943,1,"Clec2d","Siglech",0.2,0.04
-0.764212403057972,7.80621260991446,0.516292316661943,1,"Blvrb","Siglech",0.2,0.04
-0.764212403057972,7.80621260991446,0.516292316661943,1,"Agpat5","Siglech",0.2,0.04
-0.764212403057972,7.80621260991446,0.516292316661943,1,"Dnaja2","Siglech",0.2,0.04
-0.764212403057972,7.80621260991446,0.516292316661943,1,"Psmc6","Siglech",0.2,0.04
-0.764212403057972,7.80621260991446,0.516292316661943,1,"Coro7","Siglech",0.2,0.04
0.711695907619373,7.83023572255423,0.516292316661943,1,"Eloc","Siglech",0.2,0.04
0.711695907619373,7.83023572255423,0.516292316661943,1,"Srsf11","Siglech",0.2,0.04
0.711695907619373,7.83023572255423,0.516292316661943,1,"Lsm6","Siglech",0.2,0.04
0.711695907619373,7.83023572255423,0.516292316661943,1,"Eif3d","Siglech",0.2,0.04
0.711695907619373,7.83023572255423,0.516292316661943,1,"Eif4g1","Siglech",0.2,0.04
0.711695907619373,7.83023572255423,0.516292316661943,1,"Zmat2","Siglech",0.2,0.04
-0.395064683781296,9.83853501686391,0.516804763903882,1,"B2m","Siglech",0.2,0.04
0.359184816954068,9.83247187527503,0.516804763903882,1,"Serbp1","Siglech",0.2,0.04
0.42215454026513,9.12440757468092,0.51789666554853,1,"Hspe1","Siglech",0.2,0.04
0.517236147248216,8.83285969196851,0.526780019742479,1,"Cybb","Siglech",0.2,0.04
-0.520487896841939,8.83958630677119,0.526780019742479,1,"Cbx3","Siglech",0.2,0.04
-0.387969818294494,9.46010749551221,0.53314422822944,1,"Slc25a5","Siglech",0.2,0.04
-0.483149188498477,8.48498729843996,0.536893148539023,1,"Rbm25","Siglech",0.2,0.04
-0.483149188498477,8.48498729843996,0.536893148539023,1,"Smdt1","Siglech",0.2,0.04
-0.483149188498477,8.48498729843996,0.536893148539023,1,"Mrpl18","Siglech",0.2,0.04
0.4630003925732,8.46158568640023,0.536893148539023,1,"Ndufb9","Siglech",0.2,0.04
-0.266835093803835,12.7146507860195,0.54055675874391,1,"Actb","Siglech",0.2,0.04
1.06252526209989,7.0916553986763,0.543330377199178,1,"Eif4e2","Siglech",0.2,0.04
1.06252526209989,7.0916553986763,0.543330377199178,1,"Tor1aip2","Siglech",0.2,0.04
1.06252526209989,7.0916553986763,0.543330377199178,1,"Cr1l","Siglech",0.2,0.04
1.06252526209989,7.0916553986763,0.543330377199178,1,"Dgkz","Siglech",0.2,0.04
1.06252526209989,7.0916553986763,0.543330377199178,1,"Emc7","Siglech",0.2,0.04
1.06252526209989,7.0916553986763,0.543330377199178,1,"Ptpn1","Siglech",0.2,0.04
1.06252526209989,7.0916553986763,0.543330377199178,1,"Dock11","Siglech",0.2,0.04
1.06252526209989,7.0916553986763,0.543330377199178,1,"Anxa5","Siglech",0.2,0.04
1.06252526209989,7.0916553986763,0.543330377199178,1,"Maml3","Siglech",0.2,0.04
1.06252526209989,7.0916553986763,0.543330377199178,1,"Rsrc1","Siglech",0.2,0.04
1.06252526209989,7.0916553986763,0.543330377199178,1,"Dap3","Siglech",0.2,0.04
1.06252526209989,7.0916553986763,0.543330377199178,1,"Chtop","Siglech",0.2,0.04
1.06252526209989,7.0916553986763,0.543330377199178,1,"S100a9","Siglech",0.2,0.04
1.06252526209989,7.0916553986763,0.543330377199178,1,"Nrd1","Siglech",0.2,0.04
1.06252526209989,7.0916553986763,0.543330377199178,1,"Acot7","Siglech",0.2,0.04
1.06252526209989,7.0916553986763,0.543330377199178,1,"Kdelr1","Siglech",0.2,0.04
1.06252526209989,7.0916553986763,0.543330377199178,1,"Spty2d1","Siglech",0.2,0.04
1.06252526209989,7.0916553986763,0.543330377199178,1,"Pold3","Siglech",0.2,0.04
1.06252526209989,7.0916553986763,0.543330377199178,1,"Numa1","Siglech",0.2,0.04
1.06252526209989,7.0916553986763,0.543330377199178,1,"Tespa1","Siglech",0.2,0.04
1.06252526209989,7.0916553986763,0.543330377199178,1,"Ddx39","Siglech",0.2,0.04
1.06252526209989,7.0916553986763,0.543330377199178,1,"Lactb","Siglech",0.2,0.04
1.06252526209989,7.0916553986763,0.543330377199178,1,"Rnf111","Siglech",0.2,0.04
1.06252526209989,7.0916553986763,0.543330377199178,1,"Dusp7","Siglech",0.2,0.04
1.06252526209989,7.0916553986763,0.543330377199178,1,"Qrich1","Siglech",0.2,0.04
1.06252526209989,7.0916553986763,0.543330377199178,1,"Shisa5","Siglech",0.2,0.04
1.06252526209989,7.0916553986763,0.543330377199178,1,"Ccdc88a","Siglech",0.2,0.04
1.06252526209989,7.0916553986763,0.543330377199178,1,"Klf6","Siglech",0.2,0.04
1.06252526209989,7.0916553986763,0.543330377199178,1,"Ppp1r10","Siglech",0.2,0.04
1.06252526209989,7.0916553986763,0.543330377199178,1,"H2-T22","Siglech",0.2,0.04
1.06252526209989,7.0916553986763,0.543330377199178,1,"Treml2","Siglech",0.2,0.04
1.06252526209989,7.0916553986763,0.543330377199178,1,"Cebpz","Siglech",0.2,0.04
1.06252526209989,7.0916553986763,0.543330377199178,1,"Hars","Siglech",0.2,0.04
-0.839002742731252,7.29449425635633,0.543330377199178,1,"Fbxw2","Siglech",0.2,0.04
-0.839002742731252,7.29449425635633,0.543330377199178,1,"Arfgap2","Siglech",0.2,0.04
-0.839002742731252,7.29449425635633,0.543330377199178,1,"B230118H07Rik","Siglech",0.2,0.04
-0.839002742731252,7.29449425635633,0.543330377199178,1,"Arhgap11a","Siglech",0.2,0.04
-0.839002742731252,7.29449425635633,0.543330377199178,1,"Fkbp1a","Siglech",0.2,0.04
-0.839002742731252,7.29449425635633,0.543330377199178,1,"E2f1","Siglech",0.2,0.04
-0.839002742731252,7.29449425635633,0.543330377199178,1,"Rpp25l","Siglech",0.2,0.04
-0.839002742731252,7.29449425635633,0.543330377199178,1,"Macf1","Siglech",0.2,0.04
-0.839002742731252,7.29449425635633,0.543330377199178,1,"Nsd2","Siglech",0.2,0.04
-0.839002742731252,7.29449425635633,0.543330377199178,1,"Kras","Siglech",0.2,0.04
-0.839002742731252,7.29449425635633,0.543330377199178,1,"Dnajb1","Siglech",0.2,0.04
-0.839002742731252,7.29449425635633,0.543330377199178,1,"Mrpl4","Siglech",0.2,0.04
-0.839002742731252,7.29449425635633,0.543330377199178,1,"Smarca4","Siglech",0.2,0.04
-0.839002742731252,7.29449425635633,0.543330377199178,1,"Kmt2a","Siglech",0.2,0.04
-0.839002742731252,7.29449425635633,0.543330377199178,1,"Larp1","Siglech",0.2,0.04
-0.839002742731252,7.29449425635633,0.543330377199178,1,"Dynll2","Siglech",0.2,0.04
-0.839002742731252,7.29449425635633,0.543330377199178,1,"Fcf1","Siglech",0.2,0.04
-0.839002742731252,7.29449425635633,0.543330377199178,1,"Dirc2","Siglech",0.2,0.04
-0.839002742731252,7.29449425635633,0.543330377199178,1,"Arid1b","Siglech",0.2,0.04
-0.839002742731252,7.29449425635633,0.543330377199178,1,"Rpp21","Siglech",0.2,0.04
-0.839002742731252,7.29449425635633,0.543330377199178,1,"Chaf1a","Siglech",0.2,0.04
-0.839002742731252,7.29449425635633,0.543330377199178,1,"Tmem173","Siglech",0.2,0.04
-0.839002742731252,7.29449425635633,0.543330377199178,1,"Sra1","Siglech",0.2,0.04
0.663717947577239,7.20395538332355,0.543330377199178,1,"Mrps9","Siglech",0.2,0.04
0.663717947577239,7.20395538332355,0.543330377199178,1,"Sp110","Siglech",0.2,0.04
0.663717947577239,7.20395538332355,0.543330377199178,1,"Nifk","Siglech",0.2,0.04
0.663717947577239,7.20395538332355,0.543330377199178,1,"Ass1","Siglech",0.2,0.04
0.663717947577239,7.20395538332355,0.543330377199178,1,"Ola1","Siglech",0.2,0.04
0.663717947577239,7.20395538332355,0.543330377199178,1,"Aqr","Siglech",0.2,0.04
0.663717947577239,7.20395538332355,0.543330377199178,1,"Xrn2","Siglech",0.2,0.04
0.663717947577239,7.20395538332355,0.543330377199178,1,"Ube2q1","Siglech",0.2,0.04
0.663717947577239,7.20395538332355,0.543330377199178,1,"Ppp3ca","Siglech",0.2,0.04
0.663717947577239,7.20395538332355,0.543330377199178,1,"Lmo4","Siglech",0.2,0.04
0.663717947577239,7.20395538332355,0.543330377199178,1,"Dmac1","Siglech",0.2,0.04
0.663717947577239,7.20395538332355,0.543330377199178,1,"Pabpc4","Siglech",0.2,0.04
0.663717947577239,7.20395538332355,0.543330377199178,1,"Fip1l1","Siglech",0.2,0.04
0.663717947577239,7.20395538332355,0.543330377199178,1,"Rfc5","Siglech",0.2,0.04
0.663717947577239,7.20395538332355,0.543330377199178,1,"Med13l","Siglech",0.2,0.04
0.663717947577239,7.20395538332355,0.543330377199178,1,"Bet1","Siglech",0.2,0.04
0.663717947577239,7.20395538332355,0.543330377199178,1,"1810058I24Rik","Siglech",0.2,0.04
0.663717947577239,7.20395538332355,0.543330377199178,1,"Hipk2","Siglech",0.2,0.04
0.663717947577239,7.20395538332355,0.543330377199178,1,"Zfp398","Siglech",0.2,0.04
0.663717947577239,7.20395538332355,0.543330377199178,1,"Wnk1","Siglech",0.2,0.04
0.663717947577239,7.20395538332355,0.543330377199178,1,"Ppp6r1","Siglech",0.2,0.04
0.663717947577239,7.20395538332355,0.543330377199178,1,"Exosc5","Siglech",0.2,0.04
0.663717947577239,7.20395538332355,0.543330377199178,1,"Pcmt1","Siglech",0.2,0.04
0.663717947577239,7.20395538332355,0.543330377199178,1,"B4galnt1","Siglech",0.2,0.04
0.663717947577239,7.20395538332355,0.543330377199178,1,"Ciapin1","Siglech",0.2,0.04
0.663717947577239,7.20395538332355,0.543330377199178,1,"Gm10073","Siglech",0.2,0.04
0.663717947577239,7.20395538332355,0.543330377199178,1,"2810004N23Rik","Siglech",0.2,0.04
0.663717947577239,7.20395538332355,0.543330377199178,1,"Twf2","Siglech",0.2,0.04
0.663717947577239,7.20395538332355,0.543330377199178,1,"Pdcd6ip","Siglech",0.2,0.04
0.663717947577239,7.20395538332355,0.543330377199178,1,"9930111J21Rik2","Siglech",0.2,0.04
0.663717947577239,7.20395538332355,0.543330377199178,1,"Naa38","Siglech",0.2,0.04
0.663717947577239,7.20395538332355,0.543330377199178,1,"Acp1","Siglech",0.2,0.04
0.663717947577239,7.20395538332355,0.543330377199178,1,"Nin","Siglech",0.2,0.04
0.663717947577239,7.20395538332355,0.543330377199178,1,"Setd3","Siglech",0.2,0.04
0.663717947577239,7.20395538332355,0.543330377199178,1,"Mrpl13","Siglech",0.2,0.04
0.663717947577239,7.20395538332355,0.543330377199178,1,"Chrac1","Siglech",0.2,0.04
0.663717947577239,7.20395538332355,0.543330377199178,1,"0610012G03Rik","Siglech",0.2,0.04
0.663717947577239,7.20395538332355,0.543330377199178,1,"Samsn1","Siglech",0.2,0.04
0.663717947577239,7.20395538332355,0.543330377199178,1,"Mis18a","Siglech",0.2,0.04
0.663717947577239,7.20395538332355,0.543330377199178,1,"Eif2ak2","Siglech",0.2,0.04
0.663717947577239,7.20395538332355,0.543330377199178,1,"Gm47283","Siglech",0.2,0.04
0.663717947577239,7.20395538332355,0.543330377199178,1,"Eif1ad","Siglech",0.2,0.04
0.663717947577239,7.20395538332355,0.543330377199178,1,"Otub1","Siglech",0.2,0.04
0.663717947577239,7.20395538332355,0.543330377199178,1,"Carnmt1","Siglech",0.2,0.04
0.663717947577239,7.20395538332355,0.543330377199178,1,"Pdzd8","Siglech",0.2,0.04
0.672872713555601,7.96807788734148,0.546614290841344,1,"Msn","Siglech",0.2,0.04
0.672872713555601,7.96807788734148,0.546614290841344,1,"Rbm8a","Siglech",0.2,0.04
0.672872713555601,7.96807788734148,0.546614290841344,1,"Gspt1","Siglech",0.2,0.04
-0.630352314388201,7.94481847116994,0.546614290841344,1,"St8sia4","Siglech",0.2,0.04
-0.630352314388201,7.94481847116994,0.546614290841344,1,"Cycs","Siglech",0.2,0.04
-0.630352314388201,7.94481847116994,0.546614290841344,1,"Ptpn6","Siglech",0.2,0.04
-0.630352314388201,7.94481847116994,0.546614290841344,1,"1110004F10Rik","Siglech",0.2,0.04
-0.630352314388201,7.94481847116994,0.546614290841344,1,"Zfp207","Siglech",0.2,0.04
-0.630352314388201,7.94481847116994,0.546614290841344,1,"Itgb7","Siglech",0.2,0.04
-0.338703206818587,9.55025925793596,0.553976180573443,1,"Hnrnpa3","Siglech",0.2,0.04
0.431604390732626,8.93530436842437,0.557319238044702,1,"Capzb","Siglech",0.2,0.04
-0.314002574175065,10.7294440402521,0.55737504047053,1,"Stmn1","Siglech",0.2,0.04
0.641800270979299,8.09392624616538,0.572981224910388,1,"Rbbp4","Siglech",0.2,0.04
0.641800270979299,8.09392624616538,0.572981224910388,1,"Ppp1cc","Siglech",0.2,0.04
0.641800270979299,8.09392624616538,0.572981224910388,1,"Ldha","Siglech",0.2,0.04
0.641800270979299,8.09392624616538,0.572981224910388,1,"Sf3b5","Siglech",0.2,0.04
0.641800270979299,8.09392624616538,0.572981224910388,1,"Ube2l3","Siglech",0.2,0.04
-0.631662284714768,8.12800300882013,0.572981224910388,1,"Dnajb6","Siglech",0.2,0.04
-0.631662284714768,8.12800300882013,0.572981224910388,1,"Atp6v1f","Siglech",0.2,0.04
-0.525849561245686,8.07138434706167,0.572981224910388,1,"Ogt","Siglech",0.2,0.04
-0.525849561245686,8.07138434706167,0.572981224910388,1,"Atp6v0b","Siglech",0.2,0.04
-0.525849561245686,8.07138434706167,0.572981224910388,1,"Ube2k","Siglech",0.2,0.04
-0.525849561245686,8.07138434706167,0.572981224910388,1,"Ndufa7","Siglech",0.2,0.04
-0.525849561245686,8.07138434706167,0.572981224910388,1,"Hspa9","Siglech",0.2,0.04
-0.497951587355213,8.61320857607355,0.574258647758074,1,"Cd48","Siglech",0.2,0.04
0.449853404024351,8.63728116212084,0.574258647758074,1,"Rpl36al","Siglech",0.2,0.04
-0.357494311392019,9.100034170928,0.58410474260008,1,"Ptpn18","Siglech",0.2,0.04
-0.357494311392019,9.100034170928,0.58410474260008,1,"Pfdn5","Siglech",0.2,0.04
0.358766895431352,9.41578351531288,0.588468868107536,1,"Hnrnpu","Siglech",0.2,0.04
0.358766895431352,9.41578351531288,0.588468868107536,1,"Gm42418","Siglech",0.2,0.04
-1.02809428910092,7.39133726579242,0.588481328606039,1,"Inpp5d","Siglech",0.2,0.04
-1.02809428910092,7.39133726579242,0.588481328606039,1,"Ppfia4","Siglech",0.2,0.04
-1.02809428910092,7.39133726579242,0.588481328606039,1,"Mpc2","Siglech",0.2,0.04
-1.02809428910092,7.39133726579242,0.588481328606039,1,"Cers2","Siglech",0.2,0.04
-1.02809428910092,7.39133726579242,0.588481328606039,1,"Nras","Siglech",0.2,0.04
-1.02809428910092,7.39133726579242,0.588481328606039,1,"Mrps18c","Siglech",0.2,0.04
-1.02809428910092,7.39133726579242,0.588481328606039,1,"Tmem176b","Siglech",0.2,0.04
-1.02809428910092,7.39133726579242,0.588481328606039,1,"Rab7","Siglech",0.2,0.04
-1.02809428910092,7.39133726579242,0.588481328606039,1,"Tpi1","Siglech",0.2,0.04
-1.02809428910092,7.39133726579242,0.588481328606039,1,"Cnot3","Siglech",0.2,0.04
-1.02809428910092,7.39133726579242,0.588481328606039,1,"Prcp","Siglech",0.2,0.04
-1.02809428910092,7.39133726579242,0.588481328606039,1,"Mettl9","Siglech",0.2,0.04
-1.02809428910092,7.39133726579242,0.588481328606039,1,"Dda1","Siglech",0.2,0.04
-1.02809428910092,7.39133726579242,0.588481328606039,1,"Topbp1","Siglech",0.2,0.04
-1.02809428910092,7.39133726579242,0.588481328606039,1,"Rps27rt","Siglech",0.2,0.04
-1.02809428910092,7.39133726579242,0.588481328606039,1,"Smim5","Siglech",0.2,0.04
-1.02809428910092,7.39133726579242,0.588481328606039,1,"Dnajc21","Siglech",0.2,0.04
-1.02809428910092,7.39133726579242,0.588481328606039,1,"Cuta","Siglech",0.2,0.04
-1.02809428910092,7.39133726579242,0.588481328606039,1,"Paip2","Siglech",0.2,0.04
-1.02809428910092,7.39133726579242,0.588481328606039,1,"Tcerg1","Siglech",0.2,0.04
-1.02809428910092,7.39133726579242,0.588481328606039,1,"Prpf19","Siglech",0.2,0.04
0.609489951106642,7.4109613297878,0.588481328606039,1,"Dock10","Siglech",0.2,0.04
0.609489951106642,7.4109613297878,0.588481328606039,1,"Btg2","Siglech",0.2,0.04
0.609489951106642,7.4109613297878,0.588481328606039,1,"Itch","Siglech",0.2,0.04
0.609489951106642,7.4109613297878,0.588481328606039,1,"Ebp","Siglech",0.2,0.04
0.609489951106642,7.4109613297878,0.588481328606039,1,"Morf4l2","Siglech",0.2,0.04
0.609489951106642,7.4109613297878,0.588481328606039,1,"Ccdc107","Siglech",0.2,0.04
0.609489951106642,7.4109613297878,0.588481328606039,1,"Utp11","Siglech",0.2,0.04
0.609489951106642,7.4109613297878,0.588481328606039,1,"Dhx15","Siglech",0.2,0.04
0.609489951106642,7.4109613297878,0.588481328606039,1,"Strap","Siglech",0.2,0.04
0.609489951106642,7.4109613297878,0.588481328606039,1,"Ptpre","Siglech",0.2,0.04
0.609489951106642,7.4109613297878,0.588481328606039,1,"Mbd3","Siglech",0.2,0.04
0.609489951106642,7.4109613297878,0.588481328606039,1,"Mrpl54","Siglech",0.2,0.04
0.609489951106642,7.4109613297878,0.588481328606039,1,"Mrpl34","Siglech",0.2,0.04
0.609489951106642,7.4109613297878,0.588481328606039,1,"Rbm6","Siglech",0.2,0.04
0.609489951106642,7.4109613297878,0.588481328606039,1,"C1d","Siglech",0.2,0.04
0.609489951106642,7.4109613297878,0.588481328606039,1,"Rab1a","Siglech",0.2,0.04
0.609489951106642,7.4109613297878,0.588481328606039,1,"Tnfrsf13b","Siglech",0.2,0.04
0.609489951106642,7.4109613297878,0.588481328606039,1,"Tnrc6c","Siglech",0.2,0.04
0.609489951106642,7.4109613297878,0.588481328606039,1,"B230219D22Rik","Siglech",0.2,0.04
0.609489951106642,7.4109613297878,0.588481328606039,1,"Ppil2","Siglech",0.2,0.04
0.609489951106642,7.4109613297878,0.588481328606039,1,"Tmed7","Siglech",0.2,0.04
0.609489951106642,7.4109613297878,0.588481328606039,1,"Pten","Siglech",0.2,0.04
-0.540376158406194,8.24005994097691,0.596165028105906,1,"Mdh2","Siglech",0.2,0.04
-0.540376158406194,8.24005994097691,0.596165028105906,1,"Atox1","Siglech",0.2,0.04
0.616362690338678,8.20970169225751,0.596165028105906,1,"Atp1b1","Siglech",0.2,0.04
0.616362690338678,8.20970169225751,0.596165028105906,1,"Nop10","Siglech",0.2,0.04
0.616362690338678,8.20970169225751,0.596165028105906,1,"Psmb6","Siglech",0.2,0.04
0.616362690338678,8.20970169225751,0.596165028105906,1,"Tnfaip8","Siglech",0.2,0.04
-0.325922668762564,9.15848299874542,0.596300967320103,1,"Gmfg","Siglech",0.2,0.04
-0.325922668762564,9.15848299874542,0.596300967320103,1,"Ctsh","Siglech",0.2,0.04
0.439692702638473,8.79394748164173,0.605806649571442,1,"Serp1","Siglech",0.2,0.04
-0.421689048134836,9.21078725822689,0.60779247807313,1,"Snrpe","Siglech",0.2,0.04
0.480677888310772,8.26159546992146,0.616742498947863,1,"Tuba4a","Siglech",0.2,0.04
0.480677888310772,8.26159546992146,0.616742498947863,1,"Arhgap30","Siglech",0.2,0.04
0.480677888310772,8.26159546992146,0.616742498947863,1,"Prpf38b","Siglech",0.2,0.04
0.480677888310772,8.26159546992146,0.616742498947863,1,"Myb","Siglech",0.2,0.04
0.480677888310772,8.26159546992146,0.616742498947863,1,"Uqcrq","Siglech",0.2,0.04
-0.464888894037836,8.34412080439014,0.616742498947863,1,"Fgfr1op2","Siglech",0.2,0.04
-0.464888894037836,8.34412080439014,0.616742498947863,1,"Siva1","Siglech",0.2,0.04
-0.276305267001578,10.0698406073128,0.618912576397708,1,"Coro1a","Siglech",0.2,0.04
-0.414433454913307,8.87700114532704,0.619820092651577,1,"Zeb2","Siglech",0.2,0.04
-0.792965640966523,7.57310093140058,0.624139855167107,1,"Ssna1","Siglech",0.2,0.04
-0.792965640966523,7.57310093140058,0.624139855167107,1,"Eid1","Siglech",0.2,0.04
-0.792965640966523,7.57310093140058,0.624139855167107,1,"Ppm1g","Siglech",0.2,0.04
-0.792965640966523,7.57310093140058,0.624139855167107,1,"Wdr1","Siglech",0.2,0.04
-0.792965640966523,7.57310093140058,0.624139855167107,1,"Akr1b3","Siglech",0.2,0.04
-0.792965640966523,7.57310093140058,0.624139855167107,1,"Hibadh","Siglech",0.2,0.04
-0.792965640966523,7.57310093140058,0.624139855167107,1,"Nudt21","Siglech",0.2,0.04
-0.792965640966523,7.57310093140058,0.624139855167107,1,"Tbca","Siglech",0.2,0.04
0.571738722373125,7.59204991170358,0.624139855167107,1,"S100a13","Siglech",0.2,0.04
0.571738722373125,7.59204991170358,0.624139855167107,1,"Tmem59","Siglech",0.2,0.04
0.571738722373125,7.59204991170358,0.624139855167107,1,"Ankrd17","Siglech",0.2,0.04
0.571738722373125,7.59204991170358,0.624139855167107,1,"Denr","Siglech",0.2,0.04
0.571738722373125,7.59204991170358,0.624139855167107,1,"Ap2s1","Siglech",0.2,0.04
0.571738722373125,7.59204991170358,0.624139855167107,1,"Supt5","Siglech",0.2,0.04
0.571738722373125,7.59204991170358,0.624139855167107,1,"C1qbp","Siglech",0.2,0.04
-0.228646925383077,11.6490483336597,0.62422335396399,1,"Ppia","Siglech",0.2,0.04
-0.374201902695262,8.94492393620431,0.632833350129274,1,"Cox7a2l","Siglech",0.2,0.04
0.471138004792418,8.3650395321936,0.6351543637266,1,"Pdia3","Siglech",0.2,0.04
0.471138004792418,8.3650395321936,0.6351543637266,1,"Tomm7","Siglech",0.2,0.04
0.471138004792418,8.3650395321936,0.6351543637266,1,"Slbp","Siglech",0.2,0.04
0.471138004792418,8.3650395321936,0.6351543637266,1,"Arglu1","Siglech",0.2,0.04
-0.401344304745698,8.44125000409207,0.6351543637266,1,"Tmpo","Siglech",0.2,0.04
-0.401344304745698,8.44125000409207,0.6351543637266,1,"Sept7","Siglech",0.2,0.04
-0.401344304745698,8.44125000409207,0.6351543637266,1,"Arhgdia","Siglech",0.2,0.04
0.356945950644567,8.41153662616888,0.6351543637266,1,"Tmed9","Siglech",0.2,0.04
0.356945950644567,8.41153662616888,0.6351543637266,1,"Fkbp2","Siglech",0.2,0.04
-0.266863028154339,9.94502714988226,0.635664342486789,1,"Srsf3","Siglech",0.2,0.04
1.80732322386161,6.50568431231247,0.639289678135405,1,"Terf1","Siglech",0.2,0.04
1.80732322386161,6.50568431231247,0.639289678135405,1,"Lmbrd1","Siglech",0.2,0.04
1.80732322386161,6.50568431231247,0.639289678135405,1,"Atg4b","Siglech",0.2,0.04
1.80732322386161,6.50568431231247,0.639289678135405,1,"Tsen15","Siglech",0.2,0.04
1.80732322386161,6.50568431231247,0.639289678135405,1,"Glul","Siglech",0.2,0.04
1.80732322386161,6.50568431231247,0.639289678135405,1,"Stx6","Siglech",0.2,0.04
1.80732322386161,6.50568431231247,0.639289678135405,1,"Uck2","Siglech",0.2,0.04
1.80732322386161,6.50568431231247,0.639289678135405,1,"Nuf2","Siglech",0.2,0.04
1.80732322386161,6.50568431231247,0.639289678135405,1,"Ncstn","Siglech",0.2,0.04
1.80732322386161,6.50568431231247,0.639289678135405,1,"Nek2","Siglech",0.2,0.04
1.80732322386161,6.50568431231247,0.639289678135405,1,"Ehmt1","Siglech",0.2,0.04
1.80732322386161,6.50568431231247,0.639289678135405,1,"Ttf1","Siglech",0.2,0.04
1.80732322386161,6.50568431231247,0.639289678135405,1,"Sh3glb2","Siglech",0.2,0.04
1.80732322386161,6.50568431231247,0.639289678135405,1,"Zbtb6","Siglech",0.2,0.04
1.80732322386161,6.50568431231247,0.639289678135405,1,"Rbm43","Siglech",0.2,0.04
1.80732322386161,6.50568431231247,0.639289678135405,1,"Med19","Siglech",0.2,0.04
1.80732322386161,6.50568431231247,0.639289678135405,1,"Sord","Siglech",0.2,0.04
1.80732322386161,6.50568431231247,0.639289678135405,1,"Psmf1","Siglech",0.2,0.04
1.80732322386161,6.50568431231247,0.639289678135405,1,"2900097C17Rik","Siglech",0.2,0.04
1.80732322386161,6.50568431231247,0.639289678135405,1,"Rbl1","Siglech",0.2,0.04
1.80732322386161,6.50568431231247,0.639289678135405,1,"Tomm34","Siglech",0.2,0.04
1.80732322386161,6.50568431231247,0.639289678135405,1,"Mtg2","Siglech",0.2,0.04
1.80732322386161,6.50568431231247,0.639289678135405,1,"Mid1ip1","Siglech",0.2,0.04
1.80732322386161,6.50568431231247,0.639289678135405,1,"Pdzd4","Siglech",0.2,0.04
1.80732322386161,6.50568431231247,0.639289678135405,1,"Arhgap4","Siglech",0.2,0.04
1.80732322386161,6.50568431231247,0.639289678135405,1,"Prps1","Siglech",0.2,0.04
1.80732322386161,6.50568431231247,0.639289678135405,1,"Nceh1","Siglech",0.2,0.04
1.80732322386161,6.50568431231247,0.639289678135405,1,"Hspa4l","Siglech",0.2,0.04
1.80732322386161,6.50568431231247,0.639289678135405,1,"Gon4l","Siglech",0.2,0.04
1.80732322386161,6.50568431231247,0.639289678135405,1,"Adar","Siglech",0.2,0.04
1.80732322386161,6.50568431231247,0.639289678135405,1,"Stxbp3","Siglech",0.2,0.04
1.80732322386161,6.50568431231247,0.639289678135405,1,"Pigk","Siglech",0.2,0.04
1.80732322386161,6.50568431231247,0.639289678135405,1,"B4galt1","Siglech",0.2,0.04
1.80732322386161,6.50568431231247,0.639289678135405,1,"Klhl9","Siglech",0.2,0.04
1.80732322386161,6.50568431231247,0.639289678135405,1,"Ssbp3","Siglech",0.2,0.04
1.80732322386161,6.50568431231247,0.639289678135405,1,"Rad54l","Siglech",0.2,0.04
1.80732322386161,6.50568431231247,0.639289678135405,1,"Zbtb8os","Siglech",0.2,0.04
1.80732322386161,6.50568431231247,0.639289678135405,1,"Txlna","Siglech",0.2,0.04
1.80732322386161,6.50568431231247,0.639289678135405,1,"Snhg12","Siglech",0.2,0.04
1.80732322386161,6.50568431231247,0.639289678135405,1,"Trnau1ap","Siglech",0.2,0.04
1.80732322386161,6.50568431231247,0.639289678135405,1,"Fam76a","Siglech",0.2,0.04
1.80732322386161,6.50568431231247,0.639289678135405,1,"Vps13d","Siglech",0.2,0.04
1.80732322386161,6.50568431231247,0.639289678135405,1,"Nadk","Siglech",0.2,0.04
1.80732322386161,6.50568431231247,0.639289678135405,1,"Tmem243","Siglech",0.2,0.04
1.80732322386161,6.50568431231247,0.639289678135405,1,"Orc5","Siglech",0.2,0.04
1.80732322386161,6.50568431231247,0.639289678135405,1,"Grsf1","Siglech",0.2,0.04
1.80732322386161,6.50568431231247,0.639289678135405,1,"4930522L14Rik","Siglech",0.2,0.04
1.80732322386161,6.50568431231247,0.639289678135405,1,"Tpst2","Siglech",0.2,0.04
1.80732322386161,6.50568431231247,0.639289678135405,1,"2210016L21Rik","Siglech",0.2,0.04
1.80732322386161,6.50568431231247,0.639289678135405,1,"Ddx54","Siglech",0.2,0.04
1.80732322386161,6.50568431231247,0.639289678135405,1,"Ddx55","Siglech",0.2,0.04
1.80732322386161,6.50568431231247,0.639289678135405,1,"Agfg2","Siglech",0.2,0.04
1.80732322386161,6.50568431231247,0.639289678135405,1,"Cdk8","Siglech",0.2,0.04
1.80732322386161,6.50568431231247,0.639289678135405,1,"Pot1a","Siglech",0.2,0.04
1.80732322386161,6.50568431231247,0.639289678135405,1,"Cnot4","Siglech",0.2,0.04
1.80732322386161,6.50568431231247,0.639289678135405,1,"Washc2","Siglech",0.2,0.04
1.80732322386161,6.50568431231247,0.639289678135405,1,"Ccdc77","Siglech",0.2,0.04
1.80732322386161,6.50568431231247,0.639289678135405,1,"Kdm5a","Siglech",0.2,0.04
1.80732322386161,6.50568431231247,0.639289678135405,1,"Tnfrsf1a","Siglech",0.2,0.04
1.80732322386161,6.50568431231247,0.639289678135405,1,"Sympk","Siglech",0.2,0.04
1.80732322386161,6.50568431231247,0.639289678135405,1,"Kcnn4","Siglech",0.2,0.04
1.80732322386161,6.50568431231247,0.639289678135405,1,"Pou2f2","Siglech",0.2,0.04
1.80732322386161,6.50568431231247,0.639289678135405,1,"Mrps12","Siglech",0.2,0.04
1.80732322386161,6.50568431231247,0.639289678135405,1,"Mrps11","Siglech",0.2,0.04
1.80732322386161,6.50568431231247,0.639289678135405,1,"Sema4b","Siglech",0.2,0.04
1.80732322386161,6.50568431231247,0.639289678135405,1,"Furin","Siglech",0.2,0.04
1.80732322386161,6.50568431231247,0.639289678135405,1,"Whamm","Siglech",0.2,0.04
1.80732322386161,6.50568431231247,0.639289678135405,1,"3110040N11Rik","Siglech",0.2,0.04
1.80732322386161,6.50568431231247,0.639289678135405,1,"Stim1","Siglech",0.2,0.04
1.80732322386161,6.50568431231247,0.639289678135405,1,"Spns1","Siglech",0.2,0.04
1.80732322386161,6.50568431231247,0.639289678135405,1,"Sgf29","Siglech",0.2,0.04
1.80732322386161,6.50568431231247,0.639289678135405,1,"Ppfia1","Siglech",0.2,0.04
1.80732322386161,6.50568431231247,0.639289678135405,1,"Pex7","Siglech",0.2,0.04
1.80732322386161,6.50568431231247,0.639289678135405,1,"Rpf2","Siglech",0.2,0.04
1.80732322386161,6.50568431231247,0.639289678135405,1,"Ostm1","Siglech",0.2,0.04
1.80732322386161,6.50568431231247,0.639289678135405,1,"Ube2d1","Siglech",0.2,0.04
1.80732322386161,6.50568431231247,0.639289678135405,1,"Pfkl","Siglech",0.2,0.04
1.80732322386161,6.50568431231247,0.639289678135405,1,"Rexo1","Siglech",0.2,0.04
1.80732322386161,6.50568431231247,0.639289678135405,1,"Pwp1","Siglech",0.2,0.04
1.80732322386161,6.50568431231247,0.639289678135405,1,"Rab5b","Siglech",0.2,0.04
1.80732322386161,6.50568431231247,0.639289678135405,1,"Cul4a","Siglech",0.2,0.04
1.80732322386161,6.50568431231247,0.639289678135405,1,"Ikbkb","Siglech",0.2,0.04
1.80732322386161,6.50568431231247,0.639289678135405,1,"Vps37a","Siglech",0.2,0.04
1.80732322386161,6.50568431231247,0.639289678135405,1,"Sugp2","Siglech",0.2,0.04
1.80732322386161,6.50568431231247,0.639289678135405,1,"Ankle1","Siglech",0.2,0.04
1.80732322386161,6.50568431231247,0.639289678135405,1,"Trmt1","Siglech",0.2,0.04
1.80732322386161,6.50568431231247,0.639289678135405,1,"Junb","Siglech",0.2,0.04
1.80732322386161,6.50568431231247,0.639289678135405,1,"Cyld","Siglech",0.2,0.04
1.80732322386161,6.50568431231247,0.639289678135405,1,"Chd9","Siglech",0.2,0.04
1.80732322386161,6.50568431231247,0.639289678135405,1,"Kat6b","Siglech",0.2,0.04
1.80732322386161,6.50568431231247,0.639289678135405,1,"Rubcnl","Siglech",0.2,0.04
1.80732322386161,6.50568431231247,0.639289678135405,1,"Cep295","Siglech",0.2,0.04
1.80732322386161,6.50568431231247,0.639289678135405,1,"Keap1","Siglech",0.2,0.04
1.80732322386161,6.50568431231247,0.639289678135405,1,"Vps26b","Siglech",0.2,0.04
1.80732322386161,6.50568431231247,0.639289678135405,1,"Kif23","Siglech",0.2,0.04
1.80732322386161,6.50568431231247,0.639289678135405,1,"Tpm1","Siglech",0.2,0.04
1.80732322386161,6.50568431231247,0.639289678135405,1,"Dnajc13","Siglech",0.2,0.04
1.80732322386161,6.50568431231247,0.639289678135405,1,"Qars","Siglech",0.2,0.04
1.80732322386161,6.50568431231247,0.639289678135405,1,"Golga4","Siglech",0.2,0.04
1.80732322386161,6.50568431231247,0.639289678135405,1,"Cx3cr1","Siglech",0.2,0.04
1.80732322386161,6.50568431231247,0.639289678135405,1,"Wdr92","Siglech",0.2,0.04
1.80732322386161,6.50568431231247,0.639289678135405,1,"Erlec1","Siglech",0.2,0.04
1.80732322386161,6.50568431231247,0.639289678135405,1,"0610010K14Rik","Siglech",0.2,0.04
1.80732322386161,6.50568431231247,0.639289678135405,1,"Mis12","Siglech",0.2,0.04
1.80732322386161,6.50568431231247,0.639289678135405,1,"Haspin","Siglech",0.2,0.04
1.80732322386161,6.50568431231247,0.639289678135405,1,"Rad51d","Siglech",0.2,0.04
1.80732322386161,6.50568431231247,0.639289678135405,1,"Ormdl3","Siglech",0.2,0.04
1.80732322386161,6.50568431231247,0.639289678135405,1,"Nt5c3b","Siglech",0.2,0.04
1.80732322386161,6.50568431231247,0.639289678135405,1,"Icam2","Siglech",0.2,0.04
1.80732322386161,6.50568431231247,0.639289678135405,1,"Rab37","Siglech",0.2,0.04
1.80732322386161,6.50568431231247,0.639289678135405,1,"B3galnt2","Siglech",0.2,0.04
1.80732322386161,6.50568431231247,0.639289678135405,1,"Zkscan3","Siglech",0.2,0.04
1.80732322386161,6.50568431231247,0.639289678135405,1,"Hist1h1e","Siglech",0.2,0.04
1.80732322386161,6.50568431231247,0.639289678135405,1,"Zbed3","Siglech",0.2,0.04
1.80732322386161,6.50568431231247,0.639289678135405,1,"Ubxn2a","Siglech",0.2,0.04
1.80732322386161,6.50568431231247,0.639289678135405,1,"Mia2","Siglech",0.2,0.04
1.80732322386161,6.50568431231247,0.639289678135405,1,"Dhrs7","Siglech",0.2,0.04
1.80732322386161,6.50568431231247,0.639289678135405,1,"Synj2bp","Siglech",0.2,0.04
1.80732322386161,6.50568431231247,0.639289678135405,1,"Gm20604","Siglech",0.2,0.04
1.80732322386161,6.50568431231247,0.639289678135405,1,"Bag5","Siglech",0.2,0.04
1.80732322386161,6.50568431231247,0.639289678135405,1,"Card6","Siglech",0.2,0.04
1.80732322386161,6.50568431231247,0.639289678135405,1,"Oxr1","Siglech",0.2,0.04
1.80732322386161,6.50568431231247,0.639289678135405,1,"Rnf139","Siglech",0.2,0.04
1.80732322386161,6.50568431231247,0.639289678135405,1,"Slc45a4","Siglech",0.2,0.04
1.80732322386161,6.50568431231247,0.639289678135405,1,"Vps28","Siglech",0.2,0.04
1.80732322386161,6.50568431231247,0.639289678135405,1,"Trmt2a","Siglech",0.2,0.04
1.80732322386161,6.50568431231247,0.639289678135405,1,"Polr2h","Siglech",0.2,0.04
1.80732322386161,6.50568431231247,0.639289678135405,1,"Lpp","Siglech",0.2,0.04
1.80732322386161,6.50568431231247,0.639289678135405,1,"Golgb1","Siglech",0.2,0.04
1.80732322386161,6.50568431231247,0.639289678135405,1,"Tfg","Siglech",0.2,0.04
1.80732322386161,6.50568431231247,0.639289678135405,1,"Chmp2b","Siglech",0.2,0.04
1.80732322386161,6.50568431231247,0.639289678135405,1,"Scaf4","Siglech",0.2,0.04
1.80732322386161,6.50568431231247,0.639289678135405,1,"Amdhd2","Siglech",0.2,0.04
1.80732322386161,6.50568431231247,0.639289678135405,1,"Ccnf","Siglech",0.2,0.04
1.80732322386161,6.50568431231247,0.639289678135405,1,"Daxx","Siglech",0.2,0.04
1.80732322386161,6.50568431231247,0.639289678135405,1,"H2-Oa","Siglech",0.2,0.04
1.80732322386161,6.50568431231247,0.639289678135405,1,"Abhd16a","Siglech",0.2,0.04
1.80732322386161,6.50568431231247,0.639289678135405,1,"Atl2","Siglech",0.2,0.04
1.80732322386161,6.50568431231247,0.639289678135405,1,"Zeb1","Siglech",0.2,0.04
1.80732322386161,6.50568431231247,0.639289678135405,1,"Yipf5","Siglech",0.2,0.04
1.80732322386161,6.50568431231247,0.639289678135405,1,"Ska1","Siglech",0.2,0.04
1.80732322386161,6.50568431231247,0.639289678135405,1,"Nfatc1","Siglech",0.2,0.04
1.80732322386161,6.50568431231247,0.639289678135405,1,"Tmx3","Siglech",0.2,0.04
1.80732322386161,6.50568431231247,0.639289678135405,1,"Sipa1","Siglech",0.2,0.04
1.80732322386161,6.50568431231247,0.639289678135405,1,"Vegfb","Siglech",0.2,0.04
1.80732322386161,6.50568431231247,0.639289678135405,1,"B3gat3","Siglech",0.2,0.04
1.80732322386161,6.50568431231247,0.639289678135405,1,"Mgea5","Siglech",0.2,0.04
1.80732322386161,6.50568431231247,0.639289678135405,1,"Gbf1","Siglech",0.2,0.04
-1.1407784954553,6.49069536795498,0.639289678135405,1,"Lypla1","Siglech",0.2,0.04
-1.1407784954553,6.49069536795498,0.639289678135405,1,"Mob4","Siglech",0.2,0.04
-1.1407784954553,6.49069536795498,0.639289678135405,1,"Zfand2b","Siglech",0.2,0.04
-1.1407784954553,6.49069536795498,0.639289678135405,1,"Stk16","Siglech",0.2,0.04
-1.1407784954553,6.49069536795498,0.639289678135405,1,"Acsl3","Siglech",0.2,0.04
-1.1407784954553,6.49069536795498,0.639289678135405,1,"Stk25","Siglech",0.2,0.04
-1.1407784954553,6.49069536795498,0.639289678135405,1,"2310009B15Rik","Siglech",0.2,0.04
-1.1407784954553,6.49069536795498,0.639289678135405,1,"Suco","Siglech",0.2,0.04
-1.1407784954553,6.49069536795498,0.639289678135405,1,"Nit1","Siglech",0.2,0.04
-1.1407784954553,6.49069536795498,0.639289678135405,1,"Pycr2","Siglech",0.2,0.04
-1.1407784954553,6.49069536795498,0.639289678135405,1,"Prpf18","Siglech",0.2,0.04
-1.1407784954553,6.49069536795498,0.639289678135405,1,"Sephs1","Siglech",0.2,0.04
-1.1407784954553,6.49069536795498,0.639289678135405,1,"Paxx","Siglech",0.2,0.04
-1.1407784954553,6.49069536795498,0.639289678135405,1,"Dnlz","Siglech",0.2,0.04
-1.1407784954553,6.49069536795498,0.639289678135405,1,"Cacfd1","Siglech",0.2,0.04
-1.1407784954553,6.49069536795498,0.639289678135405,1,"Golga2","Siglech",0.2,0.04
-1.1407784954553,6.49069536795498,0.639289678135405,1,"Baz2b","Siglech",0.2,0.04
-1.1407784954553,6.49069536795498,0.639289678135405,1,"Cry2","Siglech",0.2,0.04
-1.1407784954553,6.49069536795498,0.639289678135405,1,"Cat","Siglech",0.2,0.04
-1.1407784954553,6.49069536795498,0.639289678135405,1,"Usp50","Siglech",0.2,0.04
-1.1407784954553,6.49069536795498,0.639289678135405,1,"Blvra","Siglech",0.2,0.04
-1.1407784954553,6.49069536795498,0.639289678135405,1,"Asxl1","Siglech",0.2,0.04
-1.1407784954553,6.49069536795498,0.639289678135405,1,"Nfs1","Siglech",0.2,0.04
-1.1407784954553,6.49069536795498,0.639289678135405,1,"Clcn5","Siglech",0.2,0.04
-1.1407784954553,6.49069536795498,0.639289678135405,1,"1810030O07Rik","Siglech",0.2,0.04
-1.1407784954553,6.49069536795498,0.639289678135405,1,"Abcd1","Siglech",0.2,0.04
-1.1407784954553,6.49069536795498,0.639289678135405,1,"Mecp2","Siglech",0.2,0.04
-1.1407784954553,6.49069536795498,0.639289678135405,1,"Cstf2","Siglech",0.2,0.04
-1.1407784954553,6.49069536795498,0.639289678135405,1,"Acot9","Siglech",0.2,0.04
-1.1407784954553,6.49069536795498,0.639289678135405,1,"Zrsr2","Siglech",0.2,0.04
-1.1407784954553,6.49069536795498,0.639289678135405,1,"Gpr160","Siglech",0.2,0.04
-1.1407784954553,6.49069536795498,0.639289678135405,1,"Mfsd1","Siglech",0.2,0.04
-1.1407784954553,6.49069536795498,0.639289678135405,1,"Nmd3","Siglech",0.2,0.04
-1.1407784954553,6.49069536795498,0.639289678135405,1,"Prcc","Siglech",0.2,0.04
-1.1407784954553,6.49069536795498,0.639289678135405,1,"2810403A07Rik","Siglech",0.2,0.04
-1.1407784954553,6.49069536795498,0.639289678135405,1,"Ilf2","Siglech",0.2,0.04
-1.1407784954553,6.49069536795498,0.639289678135405,1,"Ttf2","Siglech",0.2,0.04
-1.1407784954553,6.49069536795498,0.639289678135405,1,"Metap1","Siglech",0.2,0.04
-1.1407784954553,6.49069536795498,0.639289678135405,1,"Sigmar1","Siglech",0.2,0.04
-1.1407784954553,6.49069536795498,0.639289678135405,1,"Rraga","Siglech",0.2,0.04
-1.1407784954553,6.49069536795498,0.639289678135405,1,"Osbpl9","Siglech",0.2,0.04
-1.1407784954553,6.49069536795498,0.639289678135405,1,"Toe1","Siglech",0.2,0.04
-1.1407784954553,6.49069536795498,0.639289678135405,1,"Mtf1","Siglech",0.2,0.04
-1.1407784954553,6.49069536795498,0.639289678135405,1,"Ubr4","Siglech",0.2,0.04
-1.1407784954553,6.49069536795498,0.639289678135405,1,"Camta1","Siglech",0.2,0.04
-1.1407784954553,6.49069536795498,0.639289678135405,1,"Tbc1d1","Siglech",0.2,0.04
-1.1407784954553,6.49069536795498,0.639289678135405,1,"Zfp326","Siglech",0.2,0.04
-1.1407784954553,6.49069536795498,0.639289678135405,1,"Iscu","Siglech",0.2,0.04
-1.1407784954553,6.49069536795498,0.639289678135405,1,"Rab35","Siglech",0.2,0.04
-1.1407784954553,6.49069536795498,0.639289678135405,1,"Sh2b3","Siglech",0.2,0.04
-1.1407784954553,6.49069536795498,0.639289678135405,1,"Bcl7b","Siglech",0.2,0.04
-1.1407784954553,6.49069536795498,0.639289678135405,1,"Bud31","Siglech",0.2,0.04
-1.1407784954553,6.49069536795498,0.639289678135405,1,"Rnf6","Siglech",0.2,0.04
-1.1407784954553,6.49069536795498,0.639289678135405,1,"N4bp2l1","Siglech",0.2,0.04
-1.1407784954553,6.49069536795498,0.639289678135405,1,"Wasl","Siglech",0.2,0.04
-1.1407784954553,6.49069536795498,0.639289678135405,1,"Rbm28","Siglech",0.2,0.04
-1.1407784954553,6.49069536795498,0.639289678135405,1,"Klhdc10","Siglech",0.2,0.04
-1.1407784954553,6.49069536795498,0.639289678135405,1,"0610030E20Rik","Siglech",0.2,0.04
-1.1407784954553,6.49069536795498,0.639289678135405,1,"Isy1","Siglech",0.2,0.04
-1.1407784954553,6.49069536795498,0.639289678135405,1,"Tmf1","Siglech",0.2,0.04
-1.1407784954553,6.49069536795498,0.639289678135405,1,"Eif4e3","Siglech",0.2,0.04
-1.1407784954553,6.49069536795498,0.639289678135405,1,"Rad18","Siglech",0.2,0.04
-1.1407784954553,6.49069536795498,0.639289678135405,1,"Mbd4","Siglech",0.2,0.04
-1.1407784954553,6.49069536795498,0.639289678135405,1,"Necap1","Siglech",0.2,0.04
-1.1407784954553,6.49069536795498,0.639289678135405,1,"Timm50","Siglech",0.2,0.04
-1.1407784954553,6.49069536795498,0.639289678135405,1,"Nr1h2","Siglech",0.2,0.04
-1.1407784954553,6.49069536795498,0.639289678135405,1,"Htatip2","Siglech",0.2,0.04
-1.1407784954553,6.49069536795498,0.639289678135405,1,"Herc2","Siglech",0.2,0.04
-1.1407784954553,6.49069536795498,0.639289678135405,1,"Zfp710","Siglech",0.2,0.04
-1.1407784954553,6.49069536795498,0.639289678135405,1,"Fam103a1","Siglech",0.2,0.04
-1.1407784954553,6.49069536795498,0.639289678135405,1,"C2cd3","Siglech",0.2,0.04
-1.1407784954553,6.49069536795498,0.639289678135405,1,"Fam168a","Siglech",0.2,0.04
-1.1407784954553,6.49069536795498,0.639289678135405,1,"Knop1","Siglech",0.2,0.04
-1.1407784954553,6.49069536795498,0.639289678135405,1,"Thumpd1","Siglech",0.2,0.04
-1.1407784954553,6.49069536795498,0.639289678135405,1,"Sh2b1","Siglech",0.2,0.04
-1.1407784954553,6.49069536795498,0.639289678135405,1,"Atxn2l","Siglech",0.2,0.04
-1.1407784954553,6.49069536795498,0.639289678135405,1,"Hirip3","Siglech",0.2,0.04
-1.1407784954553,6.49069536795498,0.639289678135405,1,"Wdr11","Siglech",0.2,0.04
-1.1407784954553,6.49069536795498,0.639289678135405,1,"Tssc4","Siglech",0.2,0.04
-1.1407784954553,6.49069536795498,0.639289678135405,1,"Armt1","Siglech",0.2,0.04
-1.1407784954553,6.49069536795498,0.639289678135405,1,"Cited2","Siglech",0.2,0.04
-1.1407784954553,6.49069536795498,0.639289678135405,1,"Man1a","Siglech",0.2,0.04
-1.1407784954553,6.49069536795498,0.639289678135405,1,"Ascc1","Siglech",0.2,0.04
-1.1407784954553,6.49069536795498,0.639289678135405,1,"Reep3","Siglech",0.2,0.04
-1.1407784954553,6.49069536795498,0.639289678135405,1,"Ddt","Siglech",0.2,0.04
-1.1407784954553,6.49069536795498,0.639289678135405,1,"Cdc34","Siglech",0.2,0.04
-1.1407784954553,6.49069536795498,0.639289678135405,1,"Midn","Siglech",0.2,0.04
-1.1407784954553,6.49069536795498,0.639289678135405,1,"Cep290","Siglech",0.2,0.04
-1.1407784954553,6.49069536795498,0.639289678135405,1,"Cand1","Siglech",0.2,0.04
-1.1407784954553,6.49069536795498,0.639289678135405,1,"Cdk2","Siglech",0.2,0.04
-1.1407784954553,6.49069536795498,0.639289678135405,1,"Timm44","Siglech",0.2,0.04
-1.1407784954553,6.49069536795498,0.639289678135405,1,"Arhgef7","Siglech",0.2,0.04
-1.1407784954553,6.49069536795498,0.639289678135405,1,"Tmco3","Siglech",0.2,0.04
-1.1407784954553,6.49069536795498,0.639289678135405,1,"Ash2l","Siglech",0.2,0.04
-1.1407784954553,6.49069536795498,0.639289678135405,1,"Pik3r2","Siglech",0.2,0.04
-1.1407784954553,6.49069536795498,0.639289678135405,1,"Haus8","Siglech",0.2,0.04
-1.1407784954553,6.49069536795498,0.639289678135405,1,"Myo9b","Siglech",0.2,0.04
-1.1407784954553,6.49069536795498,0.639289678135405,1,"Slc27a1","Siglech",0.2,0.04
-1.1407784954553,6.49069536795498,0.639289678135405,1,"Eps15l1","Siglech",0.2,0.04
-1.1407784954553,6.49069536795498,0.639289678135405,1,"Phkb","Siglech",0.2,0.04
-1.1407784954553,6.49069536795498,0.639289678135405,1,"Adgrg5","Siglech",0.2,0.04
-1.1407784954553,6.49069536795498,0.639289678135405,1,"Cbfb","Siglech",0.2,0.04
-1.1407784954553,6.49069536795498,0.639289678135405,1,"Ddx19a","Siglech",0.2,0.04
-1.1407784954553,6.49069536795498,0.639289678135405,1,"Kars","Siglech",0.2,0.04
-1.1407784954553,6.49069536795498,0.639289678135405,1,"Emc8","Siglech",0.2,0.04
-1.1407784954553,6.49069536795498,0.639289678135405,1,"Gnpat","Siglech",0.2,0.04
-1.1407784954553,6.49069536795498,0.639289678135405,1,"Sprtn","Siglech",0.2,0.04
-1.1407784954553,6.49069536795498,0.639289678135405,1,"Atxn7","Siglech",0.2,0.04
-1.1407784954553,6.49069536795498,0.639289678135405,1,"Ktn1","Siglech",0.2,0.04
-1.1407784954553,6.49069536795498,0.639289678135405,1,"1700123O20Rik","Siglech",0.2,0.04
-1.1407784954553,6.49069536795498,0.639289678135405,1,"Pck2","Siglech",0.2,0.04
-1.1407784954553,6.49069536795498,0.639289678135405,1,"R3hcc1","Siglech",0.2,0.04
-1.1407784954553,6.49069536795498,0.639289678135405,1,"Xpo7","Siglech",0.2,0.04
-1.1407784954553,6.49069536795498,0.639289678135405,1,"Med4","Siglech",0.2,0.04
-1.1407784954553,6.49069536795498,0.639289678135405,1,"Pcca","Siglech",0.2,0.04
-1.1407784954553,6.49069536795498,0.639289678135405,1,"Alkbh8","Siglech",0.2,0.04
-1.1407784954553,6.49069536795498,0.639289678135405,1,"Zfp317","Siglech",0.2,0.04
-1.1407784954553,6.49069536795498,0.639289678135405,1,"Icam1","Siglech",0.2,0.04
-1.1407784954553,6.49069536795498,0.639289678135405,1,"Qtrt1","Siglech",0.2,0.04
-1.1407784954553,6.49069536795498,0.639289678135405,1,"Prkcsh","Siglech",0.2,0.04
-1.1407784954553,6.49069536795498,0.639289678135405,1,"Bcl9l","Siglech",0.2,0.04
-1.1407784954553,6.49069536795498,0.639289678135405,1,"Tmem30a","Siglech",0.2,0.04
-1.1407784954553,6.49069536795498,0.639289678135405,1,"Fam46a","Siglech",0.2,0.04
-1.1407784954553,6.49069536795498,0.639289678135405,1,"Zbtb38","Siglech",0.2,0.04
-1.1407784954553,6.49069536795498,0.639289678135405,1,"Tex264","Siglech",0.2,0.04
-1.1407784954553,6.49069536795498,0.639289678135405,1,"Cdc25a","Siglech",0.2,0.04
-1.1407784954553,6.49069536795498,0.639289678135405,1,"Klhl18","Siglech",0.2,0.04
-1.1407784954553,6.49069536795498,0.639289678135405,1,"Mlh1","Siglech",0.2,0.04
-1.1407784954553,6.49069536795498,0.639289678135405,1,"Sacm1l","Siglech",0.2,0.04
-1.1407784954553,6.49069536795498,0.639289678135405,1,"Zmat5","Siglech",0.2,0.04
-1.1407784954553,6.49069536795498,0.639289678135405,1,"Snrnp25","Siglech",0.2,0.04
-1.1407784954553,6.49069536795498,0.639289678135405,1,"Mapk9","Siglech",0.2,0.04
-1.1407784954553,6.49069536795498,0.639289678135405,1,"Sqstm1","Siglech",0.2,0.04
-1.1407784954553,6.49069536795498,0.639289678135405,1,"Mrpl22","Siglech",0.2,0.04
-1.1407784954553,6.49069536795498,0.639289678135405,1,"Trp53i13","Siglech",0.2,0.04
-1.1407784954553,6.49069536795498,0.639289678135405,1,"Traf4","Siglech",0.2,0.04
-1.1407784954553,6.49069536795498,0.639289678135405,1,"Poldip2","Siglech",0.2,0.04
-1.1407784954553,6.49069536795498,0.639289678135405,1,"Med13","Siglech",0.2,0.04
-1.1407784954553,6.49069536795498,0.639289678135405,1,"Npepps","Siglech",0.2,0.04
-1.1407784954553,6.49069536795498,0.639289678135405,1,"Lasp1","Siglech",0.2,0.04
-1.1407784954553,6.49069536795498,0.639289678135405,1,"Cdk12","Siglech",0.2,0.04
-1.1407784954553,6.49069536795498,0.639289678135405,1,"Wipf2","Siglech",0.2,0.04
-1.1407784954553,6.49069536795498,0.639289678135405,1,"Arhgap27","Siglech",0.2,0.04
-1.1407784954553,6.49069536795498,0.639289678135405,1,"Kansl1","Siglech",0.2,0.04
-1.1407784954553,6.49069536795498,0.639289678135405,1,"Fdxr","Siglech",0.2,0.04
-1.1407784954553,6.49069536795498,0.639289678135405,1,"Cyth1","Siglech",0.2,0.04
-1.1407784954553,6.49069536795498,0.639289678135405,1,"Mafg","Siglech",0.2,0.04
-1.1407784954553,6.49069536795498,0.639289678135405,1,"Lrrc45","Siglech",0.2,0.04
-1.1407784954553,6.49069536795498,0.639289678135405,1,"Gpr137b","Siglech",0.2,0.04
-1.1407784954553,6.49069536795498,0.639289678135405,1,"Txndc5","Siglech",0.2,0.04
-1.1407784954553,6.49069536795498,0.639289678135405,1,"Sfxn1","Siglech",0.2,0.04
-1.1407784954553,6.49069536795498,0.639289678135405,1,"Ptch1","Siglech",0.2,0.04
-1.1407784954553,6.49069536795498,0.639289678135405,1,"Glrx","Siglech",0.2,0.04
-1.1407784954553,6.49069536795498,0.639289678135405,1,"Slf1","Siglech",0.2,0.04
-1.1407784954553,6.49069536795498,0.639289678135405,1,"Zcchc9","Siglech",0.2,0.04
-1.1407784954553,6.49069536795498,0.639289678135405,1,"Ipo11","Siglech",0.2,0.04
-1.1407784954553,6.49069536795498,0.639289678135405,1,"Gapt","Siglech",0.2,0.04
-1.1407784954553,6.49069536795498,0.639289678135405,1,"Skiv2l2","Siglech",0.2,0.04
-1.1407784954553,6.49069536795498,0.639289678135405,1,"Gen1","Siglech",0.2,0.04
-1.1407784954553,6.49069536795498,0.639289678135405,1,"Hpcal1","Siglech",0.2,0.04
-1.1407784954553,6.49069536795498,0.639289678135405,1,"Dld","Siglech",0.2,0.04
-1.1407784954553,6.49069536795498,0.639289678135405,1,"Scfd1","Siglech",0.2,0.04
-1.1407784954553,6.49069536795498,0.639289678135405,1,"Gemin2","Siglech",0.2,0.04
-1.1407784954553,6.49069536795498,0.639289678135405,1,"Pole2","Siglech",0.2,0.04
-1.1407784954553,6.49069536795498,0.639289678135405,1,"Atp5s","Siglech",0.2,0.04
-1.1407784954553,6.49069536795498,0.639289678135405,1,"Wdr89","Siglech",0.2,0.04
-1.1407784954553,6.49069536795498,0.639289678135405,1,"Ptgr2","Siglech",0.2,0.04
-1.1407784954553,6.49069536795498,0.639289678135405,1,"Ccdc88c","Siglech",0.2,0.04
-1.1407784954553,6.49069536795498,0.639289678135405,1,"Atxn3","Siglech",0.2,0.04
-1.1407784954553,6.49069536795498,0.639289678135405,1,"Itpk1","Siglech",0.2,0.04
-1.1407784954553,6.49069536795498,0.639289678135405,1,"Dync1h1","Siglech",0.2,0.04
-1.1407784954553,6.49069536795498,0.639289678135405,1,"Apopt1","Siglech",0.2,0.04
-1.1407784954553,6.49069536795498,0.639289678135405,1,"Adssl1","Siglech",0.2,0.04
-1.1407784954553,6.49069536795498,0.639289678135405,1,"Wdr70","Siglech",0.2,0.04
-1.1407784954553,6.49069536795498,0.639289678135405,1,"Dscc1","Siglech",0.2,0.04
-1.1407784954553,6.49069536795498,0.639289678135405,1,"Gsdmd","Siglech",0.2,0.04
-1.1407784954553,6.49069536795498,0.639289678135405,1,"Sun2","Siglech",0.2,0.04
-1.1407784954553,6.49069536795498,0.639289678135405,1,"Atf4","Siglech",0.2,0.04
-1.1407784954553,6.49069536795498,0.639289678135405,1,"Mkl1","Siglech",0.2,0.04
-1.1407784954553,6.49069536795498,0.639289678135405,1,"Slc25a17","Siglech",0.2,0.04
-1.1407784954553,6.49069536795498,0.639289678135405,1,"Serhl","Siglech",0.2,0.04
-1.1407784954553,6.49069536795498,0.639289678135405,1,"Yaf2","Siglech",0.2,0.04
-1.1407784954553,6.49069536795498,0.639289678135405,1,"2610037D02Rik","Siglech",0.2,0.04
-1.1407784954553,6.49069536795498,0.639289678135405,1,"Prkag1","Siglech",0.2,0.04
-1.1407784954553,6.49069536795498,0.639289678135405,1,"Zfp740","Siglech",0.2,0.04
-1.1407784954553,6.49069536795498,0.639289678135405,1,"Thap7","Siglech",0.2,0.04
-1.1407784954553,6.49069536795498,0.639289678135405,1,"Dgcr6","Siglech",0.2,0.04
-1.1407784954553,6.49069536795498,0.639289678135405,1,"St6gal1","Siglech",0.2,0.04
-1.1407784954553,6.49069536795498,0.639289678135405,1,"Acap2","Siglech",0.2,0.04
-1.1407784954553,6.49069536795498,0.639289678135405,1,"Iqcb1","Siglech",0.2,0.04
-1.1407784954553,6.49069536795498,0.639289678135405,1,"Fgfr1op","Siglech",0.2,0.04
-1.1407784954553,6.49069536795498,0.639289678135405,1,"Qk","Siglech",0.2,0.04
-1.1407784954553,6.49069536795498,0.639289678135405,1,"Wtap","Siglech",0.2,0.04
-1.1407784954553,6.49069536795498,0.639289678135405,1,"Abca3","Siglech",0.2,0.04
-1.1407784954553,6.49069536795498,0.639289678135405,1,"Luc7l","Siglech",0.2,0.04
-1.1407784954553,6.49069536795498,0.639289678135405,1,"1700097N02Rik","Siglech",0.2,0.04
-1.1407784954553,6.49069536795498,0.639289678135405,1,"Zfp414","Siglech",0.2,0.04
-1.1407784954553,6.49069536795498,0.639289678135405,1,"Mrps18b","Siglech",0.2,0.04
-1.1407784954553,6.49069536795498,0.639289678135405,1,"Mut","Siglech",0.2,0.04
-1.1407784954553,6.49069536795498,0.639289678135405,1,"Runx2os1","Siglech",0.2,0.04
-1.1407784954553,6.49069536795498,0.639289678135405,1,"Cul9","Siglech",0.2,0.04
-1.1407784954553,6.49069536795498,0.639289678135405,1,"Mea1","Siglech",0.2,0.04
-1.1407784954553,6.49069536795498,0.639289678135405,1,"Clpp","Siglech",0.2,0.04
-1.1407784954553,6.49069536795498,0.639289678135405,1,"Memo1","Siglech",0.2,0.04
-1.1407784954553,6.49069536795498,0.639289678135405,1,"Ppm1b","Siglech",0.2,0.04
-1.1407784954553,6.49069536795498,0.639289678135405,1,"Npc1","Siglech",0.2,0.04
-1.1407784954553,6.49069536795498,0.639289678135405,1,"Seh1l","Siglech",0.2,0.04
-1.1407784954553,6.49069536795498,0.639289678135405,1,"Me2","Siglech",0.2,0.04
-1.1407784954553,6.49069536795498,0.639289678135405,1,"Smad7","Siglech",0.2,0.04
-1.1407784954553,6.49069536795498,0.639289678135405,1,"Timm21","Siglech",0.2,0.04
-1.1407784954553,6.49069536795498,0.639289678135405,1,"Aip","Siglech",0.2,0.04
-1.1407784954553,6.49069536795498,0.639289678135405,1,"Rad9a","Siglech",0.2,0.04
-1.1407784954553,6.49069536795498,0.639289678135405,1,"Ccs","Siglech",0.2,0.04
-1.1407784954553,6.49069536795498,0.639289678135405,1,"Ehd1","Siglech",0.2,0.04
-1.1407784954553,6.49069536795498,0.639289678135405,1,"Tmem109","Siglech",0.2,0.04
-1.1407784954553,6.49069536795498,0.639289678135405,1,"Ms4a4b","Siglech",0.2,0.04
-1.1407784954553,6.49069536795498,0.639289678135405,1,"Ermp1","Siglech",0.2,0.04
-1.1407784954553,6.49069536795498,0.639289678135405,1,"Sgms1","Siglech",0.2,0.04
-1.1407784954553,6.49069536795498,0.639289678135405,1,"Hif1an","Siglech",0.2,0.04
-1.1407784954553,6.49069536795498,0.639289678135405,1,"Arl3","Siglech",0.2,0.04
-1.1407784954553,6.49069536795498,0.639289678135405,1,"Shoc2","Siglech",0.2,0.04
0.358133523549463,8.96643691338612,0.644952898982354,1,"H2-T23","Siglech",0.2,0.04
0.288223628591326,8.99687179171952,0.644952898982354,1,"Mef2c","Siglech",0.2,0.04
-0.308111367767662,9.41644316119251,0.647814597099578,1,"Atp5f1","Siglech",0.2,0.04
0.357187669104117,8.50503913707886,0.65174391953749,1,"Smc2","Siglech",0.2,0.04
-0.628527601030067,7.73467827545346,0.653224271136319,1,"Rab2a","Siglech",0.2,0.04
-0.628527601030067,7.73467827545346,0.653224271136319,1,"Sri","Siglech",0.2,0.04
-0.628527601030067,7.73467827545346,0.653224271136319,1,"Tyms","Siglech",0.2,0.04
-0.628527601030067,7.73467827545346,0.653224271136319,1,"Ankrd13a","Siglech",0.2,0.04
-0.628527601030067,7.73467827545346,0.653224271136319,1,"Iqgap1","Siglech",0.2,0.04
-0.628527601030067,7.73467827545346,0.653224271136319,1,"Sec11a","Siglech",0.2,0.04
-0.628527601030067,7.73467827545346,0.653224271136319,1,"Bcl7c","Siglech",0.2,0.04
-0.628527601030067,7.73467827545346,0.653224271136319,1,"Rrp1","Siglech",0.2,0.04
-0.628527601030067,7.73467827545346,0.653224271136319,1,"Cdc37","Siglech",0.2,0.04
-0.628527601030067,7.73467827545346,0.653224271136319,1,"Polr2a","Siglech",0.2,0.04
-0.628527601030067,7.73467827545346,0.653224271136319,1,"Dhfr","Siglech",0.2,0.04
-0.628527601030067,7.73467827545346,0.653224271136319,1,"Ubn1","Siglech",0.2,0.04
-0.628527601030067,7.73467827545346,0.653224271136319,1,"Ezr","Siglech",0.2,0.04
0.543936403403762,7.75299607936855,0.653224271136319,1,"Rcsd1","Siglech",0.2,0.04
0.543936403403762,7.75299607936855,0.653224271136319,1,"Surf4","Siglech",0.2,0.04
0.543936403403762,7.75299607936855,0.653224271136319,1,"Ctss","Siglech",0.2,0.04
0.543936403403762,7.75299607936855,0.653224271136319,1,"Capza1","Siglech",0.2,0.04
0.543936403403762,7.75299607936855,0.653224271136319,1,"Capg","Siglech",0.2,0.04
0.543936403403762,7.75299607936855,0.653224271136319,1,"Snrpg","Siglech",0.2,0.04
0.543936403403762,7.75299607936855,0.653224271136319,1,"Mef2a","Siglech",0.2,0.04
0.543936403403762,7.75299607936855,0.653224271136319,1,"Chchd1","Siglech",0.2,0.04
0.543936403403762,7.75299607936855,0.653224271136319,1,"Taf15","Siglech",0.2,0.04
0.543936403403762,7.75299607936855,0.653224271136319,1,"Srsf1","Siglech",0.2,0.04
0.543936403403762,7.75299607936855,0.653224271136319,1,"Drap1","Siglech",0.2,0.04
0.35739742475595,8.59287388691807,0.666783082176848,1,"Pycard","Siglech",0.2,0.04
0.35739742475595,8.59287388691807,0.666783082176848,1,"Fyb","Siglech",0.2,0.04
-0.42448072017205,8.57335812450225,0.666783082176848,1,"Nono","Siglech",0.2,0.04
-0.42448072017205,8.57335812450225,0.666783082176848,1,"Smim14","Siglech",0.2,0.04
-0.42448072017205,8.57335812450225,0.666783082176848,1,"Pebp1","Siglech",0.2,0.04
-0.42448072017205,8.57335812450225,0.666783082176848,1,"Dctpp1","Siglech",0.2,0.04
-0.42448072017205,8.57335812450225,0.666783082176848,1,"Rtraf","Siglech",0.2,0.04
-0.42448072017205,8.57335812450225,0.666783082176848,1,"Dad1","Siglech",0.2,0.04
-0.42448072017205,8.57335812450225,0.666783082176848,1,"Sec11c","Siglech",0.2,0.04
0.26618374520883,9.55043948978359,0.672797351267332,1,"Sumo2","Siglech",0.2,0.04
-0.280071564321082,9.57363231940066,0.672797351267332,1,"Cox7c","Siglech",0.2,0.04
0.522604361249702,7.89783603391161,0.677528211107962,1,"Tsn","Siglech",0.2,0.04
0.522604361249702,7.89783603391161,0.677528211107962,1,"Ubxn4","Siglech",0.2,0.04
0.522604361249702,7.89783603391161,0.677528211107962,1,"Srsf10","Siglech",0.2,0.04
0.522604361249702,7.89783603391161,0.677528211107962,1,"Cdk2ap2","Siglech",0.2,0.04
0.522604361249702,7.89783603391161,0.677528211107962,1,"Rnaseh2c","Siglech",0.2,0.04
-0.506338787115666,7.88010955576656,0.677528211107962,1,"Lamtor4","Siglech",0.2,0.04
-0.506338787115666,7.88010955576656,0.677528211107962,1,"Phb2","Siglech",0.2,0.04
-0.506338787115666,7.88010955576656,0.677528211107962,1,"Snx3","Siglech",0.2,0.04
-0.506338787115666,7.88010955576656,0.677528211107962,1,"Mcm5","Siglech",0.2,0.04
-0.506338787115666,7.88010955576656,0.677528211107962,1,"Tmem167","Siglech",0.2,0.04
0.357581164177098,8.67568841937278,0.680490405794444,1,"Calm3","Siglech",0.2,0.04
-0.329042098738795,8.73550133052683,0.693043838343673,1,"Cct2","Siglech",0.2,0.04
-0.329042098738795,8.73550133052683,0.693043838343673,1,"Sptssa","Siglech",0.2,0.04
0.357743444960925,8.75402526045765,0.693043838343673,1,"Ssb","Siglech",0.2,0.04
0.357743444960925,8.75402526045765,0.693043838343673,1,"Mif","Siglech",0.2,0.04
0.505717634030599,8.02950212904136,0.698224161738347,1,"Spn","Siglech",0.2,0.04
0.505717634030599,8.02950212904136,0.698224161738347,1,"Bsg","Siglech",0.2,0.04
0.505717634030599,8.02950212904136,0.698224161738347,1,"Cotl1","Siglech",0.2,0.04
0.505717634030599,8.02950212904136,0.698224161738347,1,"Myh9","Siglech",0.2,0.04
0.505717634030599,8.02950212904136,0.698224161738347,1,"Phf5a","Siglech",0.2,0.04
-0.411657507097835,8.01233070906386,0.698224161738347,1,"Hat1","Siglech",0.2,0.04
-0.411657507097835,8.01233070906386,0.698224161738347,1,"Sdcbp","Siglech",0.2,0.04
-0.411657507097835,8.01233070906386,0.698224161738347,1,"Grpel1","Siglech",0.2,0.04
-0.411657507097835,8.01233070906386,0.698224161738347,1,"Cux1","Siglech",0.2,0.04
-0.411657507097835,8.01233070906386,0.698224161738347,1,"Tmed10","Siglech",0.2,0.04
-0.411657507097835,8.01233070906386,0.698224161738347,1,"Hnrnpm","Siglech",0.2,0.04
-0.411657507097835,8.01233070906386,0.698224161738347,1,"Matr3","Siglech",0.2,0.04
1.30134373573095,6.82813678872142,0.704873373019877,1,"Elk4","Siglech",0.2,0.04
1.30134373573095,6.82813678872142,0.704873373019877,1,"Lpgat1","Siglech",0.2,0.04
1.30134373573095,6.82813678872142,0.704873373019877,1,"Rexo4","Siglech",0.2,0.04
1.30134373573095,6.82813678872142,0.704873373019877,1,"Exosc2","Siglech",0.2,0.04
1.30134373573095,6.82813678872142,0.704873373019877,1,"Gapvd1","Siglech",0.2,0.04
1.30134373573095,6.82813678872142,0.704873373019877,1,"Zmynd8","Siglech",0.2,0.04
1.30134373573095,6.82813678872142,0.704873373019877,1,"Rgs19","Siglech",0.2,0.04
1.30134373573095,6.82813678872142,0.704873373019877,1,"Taz","Siglech",0.2,0.04
1.30134373573095,6.82813678872142,0.704873373019877,1,"Pbdc1","Siglech",0.2,0.04
1.30134373573095,6.82813678872142,0.704873373019877,1,"Ppid","Siglech",0.2,0.04
1.30134373573095,6.82813678872142,0.704873373019877,1,"Notch2","Siglech",0.2,0.04
1.30134373573095,6.82813678872142,0.704873373019877,1,"Ndufaf4","Siglech",0.2,0.04
1.30134373573095,6.82813678872142,0.704873373019877,1,"Yars","Siglech",0.2,0.04
1.30134373573095,6.82813678872142,0.704873373019877,1,"Zfp593","Siglech",0.2,0.04
1.30134373573095,6.82813678872142,0.704873373019877,1,"Isg15","Siglech",0.2,0.04
1.30134373573095,6.82813678872142,0.704873373019877,1,"Ppp1cb","Siglech",0.2,0.04
1.30134373573095,6.82813678872142,0.704873373019877,1,"Nop14","Siglech",0.2,0.04
1.30134373573095,6.82813678872142,0.704873373019877,1,"Kit","Siglech",0.2,0.04
1.30134373573095,6.82813678872142,0.704873373019877,1,"Cit","Siglech",0.2,0.04
1.30134373573095,6.82813678872142,0.704873373019877,1,"Kdm2b","Siglech",0.2,0.04
1.30134373573095,6.82813678872142,0.704873373019877,1,"Asl","Siglech",0.2,0.04
1.30134373573095,6.82813678872142,0.704873373019877,1,"Zc3hav1","Siglech",0.2,0.04
1.30134373573095,6.82813678872142,0.704873373019877,1,"Aebp2","Siglech",0.2,0.04
1.30134373573095,6.82813678872142,0.704873373019877,1,"Cd3eap","Siglech",0.2,0.04
1.30134373573095,6.82813678872142,0.704873373019877,1,"Prkcb","Siglech",0.2,0.04
1.30134373573095,6.82813678872142,0.704873373019877,1,"Tubgcp2","Siglech",0.2,0.04
1.30134373573095,6.82813678872142,0.704873373019877,1,"Hnrnph3","Siglech",0.2,0.04
1.30134373573095,6.82813678872142,0.704873373019877,1,"1190007I07Rik","Siglech",0.2,0.04
1.30134373573095,6.82813678872142,0.704873373019877,1,"Gins4","Siglech",0.2,0.04
1.30134373573095,6.82813678872142,0.704873373019877,1,"Klf2","Siglech",0.2,0.04
1.30134373573095,6.82813678872142,0.704873373019877,1,"Gipc1","Siglech",0.2,0.04
1.30134373573095,6.82813678872142,0.704873373019877,1,"Ier2","Siglech",0.2,0.04
1.30134373573095,6.82813678872142,0.704873373019877,1,"Asna1","Siglech",0.2,0.04
1.30134373573095,6.82813678872142,0.704873373019877,1,"Ctsg","Siglech",0.2,0.04
1.30134373573095,6.82813678872142,0.704873373019877,1,"Naa16","Siglech",0.2,0.04
1.30134373573095,6.82813678872142,0.704873373019877,1,"Rasa2","Siglech",0.2,0.04
1.30134373573095,6.82813678872142,0.704873373019877,1,"Dcaf1","Siglech",0.2,0.04
1.30134373573095,6.82813678872142,0.704873373019877,1,"Usp19","Siglech",0.2,0.04
1.30134373573095,6.82813678872142,0.704873373019877,1,"Gpd1l","Siglech",0.2,0.04
1.30134373573095,6.82813678872142,0.704873373019877,1,"Ifi47","Siglech",0.2,0.04
1.30134373573095,6.82813678872142,0.704873373019877,1,"Shmt1","Siglech",0.2,0.04
1.30134373573095,6.82813678872142,0.704873373019877,1,"Vamp2","Siglech",0.2,0.04
1.30134373573095,6.82813678872142,0.704873373019877,1,"Slfn9","Siglech",0.2,0.04
1.30134373573095,6.82813678872142,0.704873373019877,1,"Mettl23","Siglech",0.2,0.04
1.30134373573095,6.82813678872142,0.704873373019877,1,"Ndufaf8","Siglech",0.2,0.04
1.30134373573095,6.82813678872142,0.704873373019877,1,"Syne2","Siglech",0.2,0.04
1.30134373573095,6.82813678872142,0.704873373019877,1,"Ncaph2","Siglech",0.2,0.04
1.30134373573095,6.82813678872142,0.704873373019877,1,"Smim11","Siglech",0.2,0.04
1.30134373573095,6.82813678872142,0.704873373019877,1,"Mapk14","Siglech",0.2,0.04
1.30134373573095,6.82813678872142,0.704873373019877,1,"Pbx2","Siglech",0.2,0.04
1.30134373573095,6.82813678872142,0.704873373019877,1,"Agpat1","Siglech",0.2,0.04
1.30134373573095,6.82813678872142,0.704873373019877,1,"Atf6b","Siglech",0.2,0.04
1.30134373573095,6.82813678872142,0.704873373019877,1,"Ddah2","Siglech",0.2,0.04
1.30134373573095,6.82813678872142,0.704873373019877,1,"Cenpq","Siglech",0.2,0.04
1.30134373573095,6.82813678872142,0.704873373019877,1,"Iws1","Siglech",0.2,0.04
1.30134373573095,6.82813678872142,0.704873373019877,1,"Hdac3","Siglech",0.2,0.04
1.30134373573095,6.82813678872142,0.704873373019877,1,"Lars","Siglech",0.2,0.04
1.30134373573095,6.82813678872142,0.704873373019877,1,"Dcp2","Siglech",0.2,0.04
1.30134373573095,6.82813678872142,0.704873373019877,1,"Eif1a","Siglech",0.2,0.04
-0.924677046192407,6.94824585206395,0.704873373019877,1,"Imp4","Siglech",0.2,0.04
-0.924677046192407,6.94824585206395,0.704873373019877,1,"Txndc9","Siglech",0.2,0.04
-0.924677046192407,6.94824585206395,0.704873373019877,1,"Tex30","Siglech",0.2,0.04
-0.924677046192407,6.94824585206395,0.704873373019877,1,"Desi2","Siglech",0.2,0.04
-0.924677046192407,6.94824585206395,0.704873373019877,1,"Taf3","Siglech",0.2,0.04
-0.924677046192407,6.94824585206395,0.704873373019877,1,"Abl1","Siglech",0.2,0.04
-0.924677046192407,6.94824585206395,0.704873373019877,1,"1110008P14Rik","Siglech",0.2,0.04
-0.924677046192407,6.94824585206395,0.704873373019877,1,"Arl6ip6","Siglech",0.2,0.04
-0.924677046192407,6.94824585206395,0.704873373019877,1,"Prkra","Siglech",0.2,0.04
-0.924677046192407,6.94824585206395,0.704873373019877,1,"Gpcpd1","Siglech",0.2,0.04
-0.924677046192407,6.94824585206395,0.704873373019877,1,"Ddx27","Siglech",0.2,0.04
-0.924677046192407,6.94824585206395,0.704873373019877,1,"Thoc2","Siglech",0.2,0.04
-0.924677046192407,6.94824585206395,0.704873373019877,1,"Bhlhb9","Siglech",0.2,0.04
-0.924677046192407,6.94824585206395,0.704873373019877,1,"Trim59","Siglech",0.2,0.04
-0.924677046192407,6.94824585206395,0.704873373019877,1,"Pmf1","Siglech",0.2,0.04
-0.924677046192407,6.94824585206395,0.704873373019877,1,"Shc1","Siglech",0.2,0.04
-0.924677046192407,6.94824585206395,0.704873373019877,1,"Txnip","Siglech",0.2,0.04
-0.924677046192407,6.94824585206395,0.704873373019877,1,"Map7d1","Siglech",0.2,0.04
-0.924677046192407,6.94824585206395,0.704873373019877,1,"Pum1","Siglech",0.2,0.04
-0.924677046192407,6.94824585206395,0.704873373019877,1,"Tprgl","Siglech",0.2,0.04
-0.924677046192407,6.94824585206395,0.704873373019877,1,"Sppl3","Siglech",0.2,0.04
-0.924677046192407,6.94824585206395,0.704873373019877,1,"Acads","Siglech",0.2,0.04
-0.924677046192407,6.94824585206395,0.704873373019877,1,"Phf14","Siglech",0.2,0.04
-0.924677046192407,6.94824585206395,0.704873373019877,1,"Mpp6","Siglech",0.2,0.04
-0.924677046192407,6.94824585206395,0.704873373019877,1,"Mad2l1","Siglech",0.2,0.04
-0.924677046192407,6.94824585206395,0.704873373019877,1,"Chmp3","Siglech",0.2,0.04
-0.924677046192407,6.94824585206395,0.704873373019877,1,"Ndufa9","Siglech",0.2,0.04
-0.924677046192407,6.94824585206395,0.704873373019877,1,"Rhno1","Siglech",0.2,0.04
-0.924677046192407,6.94824585206395,0.704873373019877,1,"Tm7sf3","Siglech",0.2,0.04
-0.924677046192407,6.94824585206395,0.704873373019877,1,"Scaf1","Siglech",0.2,0.04
-0.924677046192407,6.94824585206395,0.704873373019877,1,"Mesd","Siglech",0.2,0.04
-0.924677046192407,6.94824585206395,0.704873373019877,1,"Uvrag","Siglech",0.2,0.04
-0.924677046192407,6.94824585206395,0.704873373019877,1,"Copb1","Siglech",0.2,0.04
-0.924677046192407,6.94824585206395,0.704873373019877,1,"Polr2l","Siglech",0.2,0.04
-0.924677046192407,6.94824585206395,0.704873373019877,1,"Ifngr1","Siglech",0.2,0.04
-0.924677046192407,6.94824585206395,0.704873373019877,1,"Cdk19","Siglech",0.2,0.04
-0.924677046192407,6.94824585206395,0.704873373019877,1,"Sar1a","Siglech",0.2,0.04
-0.924677046192407,6.94824585206395,0.704873373019877,1,"Smarcb1","Siglech",0.2,0.04
-0.924677046192407,6.94824585206395,0.704873373019877,1,"Arhgap45","Siglech",0.2,0.04
-0.924677046192407,6.94824585206395,0.704873373019877,1,"S1pr4","Siglech",0.2,0.04
-0.924677046192407,6.94824585206395,0.704873373019877,1,"Washc3","Siglech",0.2,0.04
-0.924677046192407,6.94824585206395,0.704873373019877,1,"Rab8a","Siglech",0.2,0.04
-0.924677046192407,6.94824585206395,0.704873373019877,1,"Smim7","Siglech",0.2,0.04
-0.924677046192407,6.94824585206395,0.704873373019877,1,"Adgrg3","Siglech",0.2,0.04
-0.924677046192407,6.94824585206395,0.704873373019877,1,"Ripor1","Siglech",0.2,0.04
-0.924677046192407,6.94824585206395,0.704873373019877,1,"Ntpcr","Siglech",0.2,0.04
-0.924677046192407,6.94824585206395,0.704873373019877,1,"Ube2e1","Siglech",0.2,0.04
-0.924677046192407,6.94824585206395,0.704873373019877,1,"Lrp10","Siglech",0.2,0.04
-0.924677046192407,6.94824585206395,0.704873373019877,1,"Rnaseh2b","Siglech",0.2,0.04
-0.924677046192407,6.94824585206395,0.704873373019877,1,"Bin3","Siglech",0.2,0.04
-0.924677046192407,6.94824585206395,0.704873373019877,1,"Epsti1","Siglech",0.2,0.04
-0.924677046192407,6.94824585206395,0.704873373019877,1,"Stk24","Siglech",0.2,0.04
-0.924677046192407,6.94824585206395,0.704873373019877,1,"Tcf12","Siglech",0.2,0.04
-0.924677046192407,6.94824585206395,0.704873373019877,1,"Zfp280d","Siglech",0.2,0.04
-0.924677046192407,6.94824585206395,0.704873373019877,1,"Kif15","Siglech",0.2,0.04
-0.924677046192407,6.94824585206395,0.704873373019877,1,"Tbc1d9b","Siglech",0.2,0.04
-0.924677046192407,6.94824585206395,0.704873373019877,1,"Coa3","Siglech",0.2,0.04
-0.924677046192407,6.94824585206395,0.704873373019877,1,"Nup153","Siglech",0.2,0.04
-0.924677046192407,6.94824585206395,0.704873373019877,1,"Iars","Siglech",0.2,0.04
-0.924677046192407,6.94824585206395,0.704873373019877,1,"Higd2a","Siglech",0.2,0.04
-0.924677046192407,6.94824585206395,0.704873373019877,1,"Pcbd2","Siglech",0.2,0.04
-0.924677046192407,6.94824585206395,0.704873373019877,1,"Ptcd2","Siglech",0.2,0.04
-0.924677046192407,6.94824585206395,0.704873373019877,1,"Rad17","Siglech",0.2,0.04
-0.924677046192407,6.94824585206395,0.704873373019877,1,"Cenph","Siglech",0.2,0.04
-0.924677046192407,6.94824585206395,0.704873373019877,1,"Asxl2","Siglech",0.2,0.04
-0.924677046192407,6.94824585206395,0.704873373019877,1,"Rictor","Siglech",0.2,0.04
-0.924677046192407,6.94824585206395,0.704873373019877,1,"Exosc4","Siglech",0.2,0.04
-0.924677046192407,6.94824585206395,0.704873373019877,1,"Atf1","Siglech",0.2,0.04
-0.924677046192407,6.94824585206395,0.704873373019877,1,"Zbtb20","Siglech",0.2,0.04
-0.924677046192407,6.94824585206395,0.704873373019877,1,"Scaf8","Siglech",0.2,0.04
-0.924677046192407,6.94824585206395,0.704873373019877,1,"Fam173a","Siglech",0.2,0.04
-0.924677046192407,6.94824585206395,0.704873373019877,1,"Ubr2","Siglech",0.2,0.04
-0.924677046192407,6.94824585206395,0.704873373019877,1,"Ndc80","Siglech",0.2,0.04
-0.924677046192407,6.94824585206395,0.704873373019877,1,"Spast","Siglech",0.2,0.04
-0.924677046192407,6.94824585206395,0.704873373019877,1,"Ankhd1","Siglech",0.2,0.04
-0.924677046192407,6.94824585206395,0.704873373019877,1,"Dpp3","Siglech",0.2,0.04
-0.924677046192407,6.94824585206395,0.704873373019877,1,"Taf6l","Siglech",0.2,0.04
-0.924677046192407,6.94824585206395,0.704873373019877,1,"Minpp1","Siglech",0.2,0.04
-0.924677046192407,6.94824585206395,0.704873373019877,1,"Bbip1","Siglech",0.2,0.04
-0.924677046192407,6.94824585206395,0.704873373019877,1,"Rps12-ps3","Siglech",0.2,0.04
-0.612575433779504,6.81373627167534,0.704873373019877,1,"Ap1s3","Siglech",0.2,0.04
-0.612575433779504,6.81373627167534,0.704873373019877,1,"Agfg1","Siglech",0.2,0.04
-0.612575433779504,6.81373627167534,0.704873373019877,1,"Gigyf2","Siglech",0.2,0.04
-0.612575433779504,6.81373627167534,0.704873373019877,1,"Mdm4","Siglech",0.2,0.04
-0.612575433779504,6.81373627167534,0.704873373019877,1,"Gm2000","Siglech",0.2,0.04
-0.612575433779504,6.81373627167534,0.704873373019877,1,"Ndufs3","Siglech",0.2,0.04
-0.612575433779504,6.81373627167534,0.704873373019877,1,"Rad51","Siglech",0.2,0.04
-0.612575433779504,6.81373627167534,0.704873373019877,1,"Mfap1a","Siglech",0.2,0.04
-0.612575433779504,6.81373627167534,0.704873373019877,1,"Idh3b","Siglech",0.2,0.04
-0.612575433779504,6.81373627167534,0.704873373019877,1,"Pank2","Siglech",0.2,0.04
-0.612575433779504,6.81373627167534,0.704873373019877,1,"Usp9x","Siglech",0.2,0.04
-0.612575433779504,6.81373627167534,0.704873373019877,1,"Utp14a","Siglech",0.2,0.04
-0.612575433779504,6.81373627167534,0.704873373019877,1,"Atp6ap1","Siglech",0.2,0.04
-0.612575433779504,6.81373627167534,0.704873373019877,1,"Pdha1","Siglech",0.2,0.04
-0.612575433779504,6.81373627167534,0.704873373019877,1,"Armc1","Siglech",0.2,0.04
-0.612575433779504,6.81373627167534,0.704873373019877,1,"Yipf1","Siglech",0.2,0.04
-0.612575433779504,6.81373627167534,0.704873373019877,1,"Adprhl2","Siglech",0.2,0.04
-0.612575433779504,6.81373627167534,0.704873373019877,1,"Epb41","Siglech",0.2,0.04
-0.612575433779504,6.81373627167534,0.704873373019877,1,"Hmgcl","Siglech",0.2,0.04
-0.612575433779504,6.81373627167534,0.704873373019877,1,"Eloa","Siglech",0.2,0.04
-0.612575433779504,6.81373627167534,0.704873373019877,1,"Exosc10","Siglech",0.2,0.04
-0.612575433779504,6.81373627167534,0.704873373019877,1,"Faap20","Siglech",0.2,0.04
-0.612575433779504,6.81373627167534,0.704873373019877,1,"Hadha","Siglech",0.2,0.04
-0.612575433779504,6.81373627167534,0.704873373019877,1,"Hadhb","Siglech",0.2,0.04
-0.612575433779504,6.81373627167534,0.704873373019877,1,"Rell1","Siglech",0.2,0.04
-0.612575433779504,6.81373627167534,0.704873373019877,1,"Tmed5","Siglech",0.2,0.04
-0.612575433779504,6.81373627167534,0.704873373019877,1,"Hscb","Siglech",0.2,0.04
-0.612575433779504,6.81373627167534,0.704873373019877,1,"Sart3","Siglech",0.2,0.04
-0.612575433779504,6.81373627167534,0.704873373019877,1,"Unc119b","Siglech",0.2,0.04
-0.612575433779504,6.81373627167534,0.704873373019877,1,"Ptpn11","Siglech",0.2,0.04
-0.612575433779504,6.81373627167534,0.704873373019877,1,"Zcchc8","Siglech",0.2,0.04
-0.612575433779504,6.81373627167534,0.704873373019877,1,"Atp6v0a2","Siglech",0.2,0.04
-0.612575433779504,6.81373627167534,0.704873373019877,1,"Il17ra","Siglech",0.2,0.04
-0.612575433779504,6.81373627167534,0.704873373019877,1,"Med21","Siglech",0.2,0.04
-0.612575433779504,6.81373627167534,0.704873373019877,1,"Tbcb","Siglech",0.2,0.04
-0.612575433779504,6.81373627167534,0.704873373019877,1,"Tmem147","Siglech",0.2,0.04
-0.612575433779504,6.81373627167534,0.704873373019877,1,"Med25","Siglech",0.2,0.04
-0.612575433779504,6.81373627167534,0.704873373019877,1,"Blm","Siglech",0.2,0.04
-0.612575433779504,6.81373627167534,0.704873373019877,1,"Mapk3","Siglech",0.2,0.04
-0.612575433779504,6.81373627167534,0.704873373019877,1,"Acadsb","Siglech",0.2,0.04
-0.612575433779504,6.81373627167534,0.704873373019877,1,"Abraxas2","Siglech",0.2,0.04
-0.612575433779504,6.81373627167534,0.704873373019877,1,"Phrf1","Siglech",0.2,0.04
-0.612575433779504,6.81373627167534,0.704873373019877,1,"Shprh","Siglech",0.2,0.04
-0.612575433779504,6.81373627167534,0.704873373019877,1,"Stx7","Siglech",0.2,0.04
-0.612575433779504,6.81373627167534,0.704873373019877,1,"Mknk2","Siglech",0.2,0.04
-0.612575433779504,6.81373627167534,0.704873373019877,1,"Wwc2","Siglech",0.2,0.04
-0.612575433779504,6.81373627167534,0.704873373019877,1,"Nacc1","Siglech",0.2,0.04
-0.612575433779504,6.81373627167534,0.704873373019877,1,"Amfr","Siglech",0.2,0.04
-0.612575433779504,6.81373627167534,0.704873373019877,1,"Cmtm3","Siglech",0.2,0.04
-0.612575433779504,6.81373627167534,0.704873373019877,1,"Adk","Siglech",0.2,0.04
-0.612575433779504,6.81373627167534,0.704873373019877,1,"Cnih1","Siglech",0.2,0.04
-0.612575433779504,6.81373627167534,0.704873373019877,1,"Pabpn1","Siglech",0.2,0.04
-0.612575433779504,6.81373627167534,0.704873373019877,1,"Eef1akmt1","Siglech",0.2,0.04
-0.612575433779504,6.81373627167534,0.704873373019877,1,"Mbnl2","Siglech",0.2,0.04
-0.612575433779504,6.81373627167534,0.704873373019877,1,"Fam76b","Siglech",0.2,0.04
-0.612575433779504,6.81373627167534,0.704873373019877,1,"Pafah1b2","Siglech",0.2,0.04
-0.612575433779504,6.81373627167534,0.704873373019877,1,"Bnip2","Siglech",0.2,0.04
-0.612575433779504,6.81373627167534,0.704873373019877,1,"Tmod3","Siglech",0.2,0.04
-0.612575433779504,6.81373627167534,0.704873373019877,1,"Wdr82","Siglech",0.2,0.04
-0.612575433779504,6.81373627167534,0.704873373019877,1,"Ugp2","Siglech",0.2,0.04
-0.612575433779504,6.81373627167534,0.704873373019877,1,"Cnot8","Siglech",0.2,0.04
-0.612575433779504,6.81373627167534,0.704873373019877,1,"Mprip","Siglech",0.2,0.04
-0.612575433779504,6.81373627167534,0.704873373019877,1,"Ncbp3","Siglech",0.2,0.04
-0.612575433779504,6.81373627167534,0.704873373019877,1,"Slc43a2","Siglech",0.2,0.04
-0.612575433779504,6.81373627167534,0.704873373019877,1,"Mplkip","Siglech",0.2,0.04
-0.612575433779504,6.81373627167534,0.704873373019877,1,"Elmo1","Siglech",0.2,0.04
-0.612575433779504,6.81373627167534,0.704873373019877,1,"Med10","Siglech",0.2,0.04
-0.612575433779504,6.81373627167534,0.704873373019877,1,"Pik3r1","Siglech",0.2,0.04
-0.612575433779504,6.81373627167534,0.704873373019877,1,"Paip1","Siglech",0.2,0.04
-0.612575433779504,6.81373627167534,0.704873373019877,1,"Pqlc3","Siglech",0.2,0.04
-0.612575433779504,6.81373627167534,0.704873373019877,1,"Eipr1","Siglech",0.2,0.04
-0.612575433779504,6.81373627167534,0.704873373019877,1,"Snx6","Siglech",0.2,0.04
-0.612575433779504,6.81373627167534,0.704873373019877,1,"Ppp2r5e","Siglech",0.2,0.04
-0.612575433779504,6.81373627167534,0.704873373019877,1,"Sel1l","Siglech",0.2,0.04
-0.612575433779504,6.81373627167534,0.704873373019877,1,"Dicer1","Siglech",0.2,0.04
-0.612575433779504,6.81373627167534,0.704873373019877,1,"Tars","Siglech",0.2,0.04
-0.612575433779504,6.81373627167534,0.704873373019877,1,"Fbxl6","Siglech",0.2,0.04
-0.612575433779504,6.81373627167534,0.704873373019877,1,"Tob2","Siglech",0.2,0.04
-0.612575433779504,6.81373627167534,0.704873373019877,1,"Copz1","Siglech",0.2,0.04
-0.612575433779504,6.81373627167534,0.704873373019877,1,"Hmox2","Siglech",0.2,0.04
-0.612575433779504,6.81373627167534,0.704873373019877,1,"Rmi2","Siglech",0.2,0.04
-0.612575433779504,6.81373627167534,0.704873373019877,1,"Adprh","Siglech",0.2,0.04
-0.612575433779504,6.81373627167534,0.704873373019877,1,"Lnpep","Siglech",0.2,0.04
-0.612575433779504,6.81373627167534,0.704873373019877,1,"Gtf2f1","Siglech",0.2,0.04
-0.612575433779504,6.81373627167534,0.704873373019877,1,"Dpy30","Siglech",0.2,0.04
-0.612575433779504,6.81373627167534,0.704873373019877,1,"Prkd3","Siglech",0.2,0.04
-0.612575433779504,6.81373627167534,0.704873373019877,1,"Rbm27","Siglech",0.2,0.04
-0.612575433779504,6.81373627167534,0.704873373019877,1,"Acaa2","Siglech",0.2,0.04
-0.612575433779504,6.81373627167534,0.704873373019877,1,"Tshz1","Siglech",0.2,0.04
-0.612575433779504,6.81373627167534,0.704873373019877,1,"Mrpl21","Siglech",0.2,0.04
-0.612575433779504,6.81373627167534,0.704873373019877,1,"Rbm4b","Siglech",0.2,0.04
-0.612575433779504,6.81373627167534,0.704873373019877,1,"Mrpl11","Siglech",0.2,0.04
-0.612575433779504,6.81373627167534,0.704873373019877,1,"Cdca5","Siglech",0.2,0.04
-0.612575433779504,6.81373627167534,0.704873373019877,1,"Mark2","Siglech",0.2,0.04
-0.612575433779504,6.81373627167534,0.704873373019877,1,"D030056L22Rik","Siglech",0.2,0.04
-0.612575433779504,6.81373627167534,0.704873373019877,1,"Pcgf5","Siglech",0.2,0.04
-0.612575433779504,6.81373627167534,0.704873373019877,1,"As3mt","Siglech",0.2,0.04
-0.612575433779504,6.81373627167534,0.704873373019877,1,"Vamp7","Siglech",0.2,0.04
-0.315644190724561,8.91353499269617,0.715250647488022,1,"Grn","Siglech",0.2,0.04
-0.315644190724561,8.91353499269617,0.715250647488022,1,"Rbx1","Siglech",0.2,0.04
0.492016950518303,8.15019204833012,0.716116009856626,1,"Lsm4","Siglech",0.2,0.04
0.492016950518303,8.15019204833012,0.716116009856626,1,"Runx1","Siglech",0.2,0.04
-0.441796649869281,8.18783512099951,0.716116009856626,1,"Tram1","Siglech",0.2,0.04
-0.441796649869281,8.18783512099951,0.716116009856626,1,"Rpn2","Siglech",0.2,0.04
-0.441796649869281,8.18783512099951,0.716116009856626,1,"Tpm4","Siglech",0.2,0.04
-0.441796649869281,8.18783512099951,0.716116009856626,1,"Ndufb7","Siglech",0.2,0.04
-0.335983926400199,8.13354259377631,0.716116009856626,1,"Exosc8","Siglech",0.2,0.04
-0.335983926400199,8.13354259377631,0.716116009856626,1,"Cct4","Siglech",0.2,0.04
-0.335983926400199,8.13354259377631,0.716116009856626,1,"Lman2","Siglech",0.2,0.04
-0.28174592342686,8.97986249403123,0.725128376010419,1,"Srsf7","Siglech",0.2,0.04
-0.178760034989081,11.0420165898576,0.730650453699066,1,"Actg1","Siglech",0.2,0.04
-0.372616654190583,8.29566768849586,0.731776276918526,1,"Arpc5l","Siglech",0.2,0.04
-0.372616654190583,8.29566768849586,0.731776276918526,1,"Ndufb4","Siglech",0.2,0.04
-0.372616654190583,8.29566768849586,0.731776276918526,1,"Psmb9","Siglech",0.2,0.04
0.217455002990007,9.52657048586384,0.732340106993246,1,"Eef1g","Siglech",0.2,0.04
-0.204402677112459,9.53336855021124,0.732340106993247,1,"Ranbp1","Siglech",0.2,0.04
-0.223344448488084,9.10409904741816,0.742869008999205,1,"Rps27l","Siglech",0.2,0.04
0.242472306890386,8.35980513863441,0.745625552399024,1,"Tln1","Siglech",0.2,0.04
0.242472306890386,8.35980513863441,0.745625552399024,1,"Prdx5","Siglech",0.2,0.04
-0.314620541731936,8.39606920400666,0.745625552399024,1,"Park7","Siglech",0.2,0.04
-0.314620541731936,8.39606920400666,0.745625552399024,1,"Pbrm1","Siglech",0.2,0.04
-0.621334788916401,7.19037379405461,0.746294653999543,1,"Aldh9a1","Siglech",0.2,0.04
-0.621334788916401,7.19037379405461,0.746294653999543,1,"Trim44","Siglech",0.2,0.04
-0.621334788916401,7.19037379405461,0.746294653999543,1,"Dstn","Siglech",0.2,0.04
-0.621334788916401,7.19037379405461,0.746294653999543,1,"Dpm1","Siglech",0.2,0.04
-0.621334788916401,7.19037379405461,0.746294653999543,1,"Dnajc5","Siglech",0.2,0.04
-0.621334788916401,7.19037379405461,0.746294653999543,1,"Gria3","Siglech",0.2,0.04
-0.621334788916401,7.19037379405461,0.746294653999543,1,"Tbl1xr1","Siglech",0.2,0.04
-0.621334788916401,7.19037379405461,0.746294653999543,1,"Sh3glb1","Siglech",0.2,0.04
-0.621334788916401,7.19037379405461,0.746294653999543,1,"Rnf220","Siglech",0.2,0.04
-0.621334788916401,7.19037379405461,0.746294653999543,1,"Elovl1","Siglech",0.2,0.04
-0.621334788916401,7.19037379405461,0.746294653999543,1,"Sf3a3","Siglech",0.2,0.04
-0.621334788916401,7.19037379405461,0.746294653999543,1,"Mkln1","Siglech",0.2,0.04
-0.621334788916401,7.19037379405461,0.746294653999543,1,"Rpn1","Siglech",0.2,0.04
-0.621334788916401,7.19037379405461,0.746294653999543,1,"Chchd4","Siglech",0.2,0.04
-0.621334788916401,7.19037379405461,0.746294653999543,1,"Tubgcp5","Siglech",0.2,0.04
-0.621334788916401,7.19037379405461,0.746294653999543,1,"Csnk1g2","Siglech",0.2,0.04
-0.621334788916401,7.19037379405461,0.746294653999543,1,"Yeats4","Siglech",0.2,0.04
-0.621334788916401,7.19037379405461,0.746294653999543,1,"Tmbim4","Siglech",0.2,0.04
-0.621334788916401,7.19037379405461,0.746294653999543,1,"Man2b1","Siglech",0.2,0.04
-0.621334788916401,7.19037379405461,0.746294653999543,1,"Cdt1","Siglech",0.2,0.04
-0.621334788916401,7.19037379405461,0.746294653999543,1,"Dnajc15","Siglech",0.2,0.04
-0.621334788916401,7.19037379405461,0.746294653999543,1,"Ipo5","Siglech",0.2,0.04
-0.621334788916401,7.19037379405461,0.746294653999543,1,"U2surp","Siglech",0.2,0.04
-0.621334788916401,7.19037379405461,0.746294653999543,1,"Uqcrc1","Siglech",0.2,0.04
-0.621334788916401,7.19037379405461,0.746294653999543,1,"Skp1a","Siglech",0.2,0.04
-0.621334788916401,7.19037379405461,0.746294653999543,1,"Mfap3","Siglech",0.2,0.04
-0.621334788916401,7.19037379405461,0.746294653999543,1,"Stat3","Siglech",0.2,0.04
-0.621334788916401,7.19037379405461,0.746294653999543,1,"Mrps7","Siglech",0.2,0.04
-0.621334788916401,7.19037379405461,0.746294653999543,1,"Itgb1bp1","Siglech",0.2,0.04
-0.621334788916401,7.19037379405461,0.746294653999543,1,"Emc2","Siglech",0.2,0.04
-0.621334788916401,7.19037379405461,0.746294653999543,1,"Rogdi","Siglech",0.2,0.04
-0.621334788916401,7.19037379405461,0.746294653999543,1,"Prrc2a","Siglech",0.2,0.04
-0.621334788916401,7.19037379405461,0.746294653999543,1,"Ankrd12","Siglech",0.2,0.04
-0.621334788916401,7.19037379405461,0.746294653999543,1,"Cript","Siglech",0.2,0.04
-0.621334788916401,7.19037379405461,0.746294653999543,1,"Ap3s1","Siglech",0.2,0.04
-0.621334788916401,7.19037379405461,0.746294653999543,1,"1110059E24Rik","Siglech",0.2,0.04
0.349496587179788,7.08471856951063,0.746294653999543,1,"Tcea1","Siglech",0.2,0.04
0.349496587179788,7.08471856951063,0.746294653999543,1,"Smap1","Siglech",0.2,0.04
0.349496587179788,7.08471856951063,0.746294653999543,1,"Stat1","Siglech",0.2,0.04
0.349496587179788,7.08471856951063,0.746294653999543,1,"Plekhm3","Siglech",0.2,0.04
0.349496587179788,7.08471856951063,0.746294653999543,1,"Aamp","Siglech",0.2,0.04
0.349496587179788,7.08471856951063,0.746294653999543,1,"Hdlbp","Siglech",0.2,0.04
0.349496587179788,7.08471856951063,0.746294653999543,1,"Acbd6","Siglech",0.2,0.04
0.349496587179788,7.08471856951063,0.746294653999543,1,"Eif3j1","Siglech",0.2,0.04
0.349496587179788,7.08471856951063,0.746294653999543,1,"Usp8","Siglech",0.2,0.04
0.349496587179788,7.08471856951063,0.746294653999543,1,"Pdrg1","Siglech",0.2,0.04
0.349496587179788,7.08471856951063,0.746294653999543,1,"Dynlrb1","Siglech",0.2,0.04
0.349496587179788,7.08471856951063,0.746294653999543,1,"Pfdn4","Siglech",0.2,0.04
0.349496587179788,7.08471856951063,0.746294653999543,1,"Gid8","Siglech",0.2,0.04
0.349496587179788,7.08471856951063,0.746294653999543,1,"Prkacb","Siglech",0.2,0.04
0.349496587179788,7.08471856951063,0.746294653999543,1,"Plekhf2","Siglech",0.2,0.04
0.349496587179788,7.08471856951063,0.746294653999543,1,"Erp44","Siglech",0.2,0.04
0.349496587179788,7.08471856951063,0.746294653999543,1,"Pik3cd","Siglech",0.2,0.04
0.349496587179788,7.08471856951063,0.746294653999543,1,"Akap9","Siglech",0.2,0.04
0.349496587179788,7.08471856951063,0.746294653999543,1,"Vps29","Siglech",0.2,0.04
0.349496587179788,7.08471856951063,0.746294653999543,1,"Rnf216","Siglech",0.2,0.04
0.349496587179788,7.08471856951063,0.746294653999543,1,"Snrnp27","Siglech",0.2,0.04
0.349496587179788,7.08471856951063,0.746294653999543,1,"Mcm2","Siglech",0.2,0.04
0.349496587179788,7.08471856951063,0.746294653999543,1,"Bax","Siglech",0.2,0.04
0.349496587179788,7.08471856951063,0.746294653999543,1,"Trim12a","Siglech",0.2,0.04
0.349496587179788,7.08471856951063,0.746294653999543,1,"Taok2","Siglech",0.2,0.04
0.349496587179788,7.08471856951063,0.746294653999543,1,"Stx4a","Siglech",0.2,0.04
0.349496587179788,7.08471856951063,0.746294653999543,1,"Gtf2e2","Siglech",0.2,0.04
0.349496587179788,7.08471856951063,0.746294653999543,1,"Pcm1","Siglech",0.2,0.04
0.349496587179788,7.08471856951063,0.746294653999543,1,"Rex1bd","Siglech",0.2,0.04
0.349496587179788,7.08471856951063,0.746294653999543,1,"Fam192a","Siglech",0.2,0.04
0.349496587179788,7.08471856951063,0.746294653999543,1,"Polr2c","Siglech",0.2,0.04
0.349496587179788,7.08471856951063,0.746294653999543,1,"Cnot1","Siglech",0.2,0.04
0.349496587179788,7.08471856951063,0.746294653999543,1,"Gabarapl2","Siglech",0.2,0.04
0.349496587179788,7.08471856951063,0.746294653999543,1,"Elof1","Siglech",0.2,0.04
0.349496587179788,7.08471856951063,0.746294653999543,1,"Dcps","Siglech",0.2,0.04
0.349496587179788,7.08471856951063,0.746294653999543,1,"Stt3a","Siglech",0.2,0.04
0.349496587179788,7.08471856951063,0.746294653999543,1,"Timm8b","Siglech",0.2,0.04
0.349496587179788,7.08471856951063,0.746294653999543,1,"Mns1","Siglech",0.2,0.04
0.349496587179788,7.08471856951063,0.746294653999543,1,"Rbm5","Siglech",0.2,0.04
0.349496587179788,7.08471856951063,0.746294653999543,1,"Setd2","Siglech",0.2,0.04
0.349496587179788,7.08471856951063,0.746294653999543,1,"Cyfip2","Siglech",0.2,0.04
0.349496587179788,7.08471856951063,0.746294653999543,1,"Rufy1","Siglech",0.2,0.04
0.349496587179788,7.08471856951063,0.746294653999543,1,"Phf12","Siglech",0.2,0.04
0.349496587179788,7.08471856951063,0.746294653999543,1,"Ddx52","Siglech",0.2,0.04
0.349496587179788,7.08471856951063,0.746294653999543,1,"Slc48a1","Siglech",0.2,0.04
0.349496587179788,7.08471856951063,0.746294653999543,1,"Arf3","Siglech",0.2,0.04
0.349496587179788,7.08471856951063,0.746294653999543,1,"Mapk1","Siglech",0.2,0.04
0.349496587179788,7.08471856951063,0.746294653999543,1,"Cldnd1","Siglech",0.2,0.04
0.349496587179788,7.08471856951063,0.746294653999543,1,"Mrps34","Siglech",0.2,0.04
0.349496587179788,7.08471856951063,0.746294653999543,1,"Mrps10","Siglech",0.2,0.04
0.349496587179788,7.08471856951063,0.746294653999543,1,"Rftn1","Siglech",0.2,0.04
0.349496587179788,7.08471856951063,0.746294653999543,1,"Mydgf","Siglech",0.2,0.04
0.349496587179788,7.08471856951063,0.746294653999543,1,"Hsd17b4","Siglech",0.2,0.04
0.349496587179788,7.08471856951063,0.746294653999543,1,"BC031181","Siglech",0.2,0.04
0.251133227175484,8.45649820039633,0.757980882711072,1,"Sf3b1","Siglech",0.2,0.04
0.251133227175484,8.45649820039633,0.757980882711072,1,"Dnajc7","Siglech",0.2,0.04
0.251133227175484,8.45649820039633,0.757980882711072,1,"Eef1d","Siglech",0.2,0.04
0.238829239629142,9.2045432880451,0.758366091697646,1,"Tax1bp1","Siglech",0.2,0.04
-0.223469596009072,9.24391280534621,0.76540670674142,1,"Cdc42","Siglech",0.2,0.04
-0.223469596009072,9.24391280534621,0.76540670674142,1,"Hnrnpa1","Siglech",0.2,0.04
-0.191526478557398,9.77433603339361,0.766468767346333,1,"Anp32b","Siglech",0.2,0.04
0.258608160567204,8.54714770127836,0.769086521859395,1,"Mat2a","Siglech",0.2,0.04
0.258608160567204,8.54714770127836,0.769086521859395,1,"Son","Siglech",0.2,0.04
-0.347066551549777,8.53231247563687,0.769086521859395,1,"Mrfap1","Siglech",0.2,0.04
0.351616335164336,7.3078139312517,0.775535270148748,1,"Vps4b","Siglech",0.2,0.04
0.351616335164336,7.3078139312517,0.775535270148748,1,"Ddx18","Siglech",0.2,0.04
0.351616335164336,7.3078139312517,0.775535270148748,1,"Marc2","Siglech",0.2,0.04
0.351616335164336,7.3078139312517,0.775535270148748,1,"Esf1","Siglech",0.2,0.04
0.351616335164336,7.3078139312517,0.775535270148748,1,"Polr3k","Siglech",0.2,0.04
0.351616335164336,7.3078139312517,0.775535270148748,1,"Vbp1","Siglech",0.2,0.04
0.351616335164336,7.3078139312517,0.775535270148748,1,"Hsd17b10","Siglech",0.2,0.04
0.351616335164336,7.3078139312517,0.775535270148748,1,"Pag1","Siglech",0.2,0.04
0.351616335164336,7.3078139312517,0.775535270148748,1,"Bola1","Siglech",0.2,0.04
0.351616335164336,7.3078139312517,0.775535270148748,1,"Cisd2","Siglech",0.2,0.04
0.351616335164336,7.3078139312517,0.775535270148748,1,"Nfkb1","Siglech",0.2,0.04
0.351616335164336,7.3078139312517,0.775535270148748,1,"Zfp292","Siglech",0.2,0.04
0.351616335164336,7.3078139312517,0.775535270148748,1,"Nup205","Siglech",0.2,0.04
0.351616335164336,7.3078139312517,0.775535270148748,1,"Wbp11","Siglech",0.2,0.04
0.351616335164336,7.3078139312517,0.775535270148748,1,"Etnk1","Siglech",0.2,0.04
0.351616335164336,7.3078139312517,0.775535270148748,1,"Orai3","Siglech",0.2,0.04
0.351616335164336,7.3078139312517,0.775535270148748,1,"Hras","Siglech",0.2,0.04
0.351616335164336,7.3078139312517,0.775535270148748,1,"Phactr2","Siglech",0.2,0.04
0.351616335164336,7.3078139312517,0.775535270148748,1,"Lta4h","Siglech",0.2,0.04
0.351616335164336,7.3078139312517,0.775535270148748,1,"Vps36","Siglech",0.2,0.04
0.351616335164336,7.3078139312517,0.775535270148748,1,"Hsbp1","Siglech",0.2,0.04
0.351616335164336,7.3078139312517,0.775535270148748,1,"Tcf25","Siglech",0.2,0.04
0.351616335164336,7.3078139312517,0.775535270148748,1,"Haus4","Siglech",0.2,0.04
0.351616335164336,7.3078139312517,0.775535270148748,1,"Fli1","Siglech",0.2,0.04
0.351616335164336,7.3078139312517,0.775535270148748,1,"Xpo1","Siglech",0.2,0.04
0.351616335164336,7.3078139312517,0.775535270148748,1,"Fmnl1","Siglech",0.2,0.04
0.351616335164336,7.3078139312517,0.775535270148748,1,"Snrnp48","Siglech",0.2,0.04
0.351616335164336,7.3078139312517,0.775535270148748,1,"Brd1","Siglech",0.2,0.04
0.351616335164336,7.3078139312517,0.775535270148748,1,"Klhl6","Siglech",0.2,0.04
0.351616335164336,7.3078139312517,0.775535270148748,1,"Dnajb11","Siglech",0.2,0.04
0.351616335164336,7.3078139312517,0.775535270148748,1,"Znrd1","Siglech",0.2,0.04
0.351616335164336,7.3078139312517,0.775535270148748,1,"Mrps18a","Siglech",0.2,0.04
0.351616335164336,7.3078139312517,0.775535270148748,1,"Ralbp1","Siglech",0.2,0.04
0.351616335164336,7.3078139312517,0.775535270148748,1,"Etf1","Siglech",0.2,0.04
0.351616335164336,7.3078139312517,0.775535270148748,1,"Ier3ip1","Siglech",0.2,0.04
0.351616335164336,7.3078139312517,0.775535270148748,1,"Rbfa","Siglech",0.2,0.04
-0.300134980351675,8.61802064180215,0.77913418111393,1,"Cox7b","Siglech",0.2,0.04
-0.300134980351675,8.61802064180215,0.77913418111393,1,"Snrnp70","Siglech",0.2,0.04
-0.300134980351675,8.61802064180215,0.77913418111393,1,"Tmed3","Siglech",0.2,0.04
0.265125184908697,8.63246429887259,0.77913418111393,1,"Actr3","Siglech",0.2,0.04
0.265125184908697,8.63246429887259,0.77913418111393,1,"Slc38a1","Siglech",0.2,0.04
-0.202641139783829,9.42003037964015,0.784185272251921,1,"Cox5a","Siglech",0.2,0.04
0.270857401163337,8.71304020741485,0.788276774924029,1,"Foxp1","Siglech",0.2,0.04
0.132271653348143,11.4399164574866,0.790424928076032,1,"H2afz","Siglech",0.2,0.04
0.167022681473068,9.50232403064564,0.795068066217872,1,"Pabpc1","Siglech",0.2,0.04
0.275938561208146,8.78937414732112,0.796638000010697,1,"Alyref","Siglech",0.2,0.04
-0.28966586624802,8.81027915073717,0.796638000010697,1,"Apobec3","Siglech",0.2,0.04
-0.62581056144152,7.48825837833345,0.797613768166904,1,"Mapkapk2","Siglech",0.2,0.04
-0.62581056144152,7.48825837833345,0.797613768166904,1,"Pfdn2","Siglech",0.2,0.04
-0.62581056144152,7.48825837833345,0.797613768166904,1,"Dtl","Siglech",0.2,0.04
-0.62581056144152,7.48825837833345,0.797613768166904,1,"Psmb7","Siglech",0.2,0.04
-0.62581056144152,7.48825837833345,0.797613768166904,1,"Sys1","Siglech",0.2,0.04
-0.62581056144152,7.48825837833345,0.797613768166904,1,"Prelid3b","Siglech",0.2,0.04
-0.62581056144152,7.48825837833345,0.797613768166904,1,"Zranb2","Siglech",0.2,0.04
-0.62581056144152,7.48825837833345,0.797613768166904,1,"Psip1","Siglech",0.2,0.04
-0.62581056144152,7.48825837833345,0.797613768166904,1,"Rps6ka1","Siglech",0.2,0.04
-0.62581056144152,7.48825837833345,0.797613768166904,1,"Rsbn1l","Siglech",0.2,0.04
-0.62581056144152,7.48825837833345,0.797613768166904,1,"Rhoh","Siglech",0.2,0.04
-0.62581056144152,7.48825837833345,0.797613768166904,1,"Ndufa5","Siglech",0.2,0.04
-0.62581056144152,7.48825837833345,0.797613768166904,1,"Chmp2a","Siglech",0.2,0.04
-0.62581056144152,7.48825837833345,0.797613768166904,1,"Pih1d1","Siglech",0.2,0.04
-0.62581056144152,7.48825837833345,0.797613768166904,1,"Il16","Siglech",0.2,0.04
-0.62581056144152,7.48825837833345,0.797613768166904,1,"Asf1a","Siglech",0.2,0.04
-0.62581056144152,7.48825837833345,0.797613768166904,1,"Sumo3","Siglech",0.2,0.04
-0.62581056144152,7.48825837833345,0.797613768166904,1,"Naxd","Siglech",0.2,0.04
-0.62581056144152,7.48825837833345,0.797613768166904,1,"Fam208a","Siglech",0.2,0.04
-0.62581056144152,7.48825837833345,0.797613768166904,1,"Anxa6","Siglech",0.2,0.04
-0.62581056144152,7.48825837833345,0.797613768166904,1,"Sirt7","Siglech",0.2,0.04
-0.62581056144152,7.48825837833345,0.797613768166904,1,"Mrpl36","Siglech",0.2,0.04
-0.62581056144152,7.48825837833345,0.797613768166904,1,"Arid4a","Siglech",0.2,0.04
-0.62581056144152,7.48825837833345,0.797613768166904,1,"Eny2","Siglech",0.2,0.04
-0.62581056144152,7.48825837833345,0.797613768166904,1,"Eif4b","Siglech",0.2,0.04
-0.62581056144152,7.48825837833345,0.797613768166904,1,"Stub1","Siglech",0.2,0.04
-0.62581056144152,7.48825837833345,0.797613768166904,1,"Pacsin1","Siglech",0.2,0.04
-0.62581056144152,7.48825837833345,0.797613768166904,1,"Rab11b","Siglech",0.2,0.04
-0.62581056144152,7.48825837833345,0.797613768166904,1,"Brd8","Siglech",0.2,0.04
-0.62581056144152,7.48825837833345,0.797613768166904,1,"Sf3b2","Siglech",0.2,0.04
0.353043915082759,7.50111224096554,0.797613768166904,1,"Pdcl3","Siglech",0.2,0.04
0.353043915082759,7.50111224096554,0.797613768166904,1,"Uchl5","Siglech",0.2,0.04
0.353043915082759,7.50111224096554,0.797613768166904,1,"Sft2d2","Siglech",0.2,0.04
0.353043915082759,7.50111224096554,0.797613768166904,1,"Creg1","Siglech",0.2,0.04
0.353043915082759,7.50111224096554,0.797613768166904,1,"Cdc123","Siglech",0.2,0.04
0.353043915082759,7.50111224096554,0.797613768166904,1,"Ube2r2","Siglech",0.2,0.04
0.353043915082759,7.50111224096554,0.797613768166904,1,"Lrp8","Siglech",0.2,0.04
0.353043915082759,7.50111224096554,0.797613768166904,1,"Eno1","Siglech",0.2,0.04
0.353043915082759,7.50111224096554,0.797613768166904,1,"Rheb","Siglech",0.2,0.04
0.353043915082759,7.50111224096554,0.797613768166904,1,"Sept11","Siglech",0.2,0.04
0.353043915082759,7.50111224096554,0.797613768166904,1,"Tra2a","Siglech",0.2,0.04
0.353043915082759,7.50111224096554,0.797613768166904,1,"Mrpl42","Siglech",0.2,0.04
0.353043915082759,7.50111224096554,0.797613768166904,1,"Trappc5","Siglech",0.2,0.04
0.353043915082759,7.50111224096554,0.797613768166904,1,"Ctnnb1","Siglech",0.2,0.04
0.353043915082759,7.50111224096554,0.797613768166904,1,"Atp2a3","Siglech",0.2,0.04
0.353043915082759,7.50111224096554,0.797613768166904,1,"Sema4d","Siglech",0.2,0.04
0.353043915082759,7.50111224096554,0.797613768166904,1,"Pum2","Siglech",0.2,0.04
0.353043915082759,7.50111224096554,0.797613768166904,1,"Dazap2","Siglech",0.2,0.04
0.353043915082759,7.50111224096554,0.797613768166904,1,"Rpl7l1","Siglech",0.2,0.04
0.353043915082759,7.50111224096554,0.797613768166904,1,"Usmg5","Siglech",0.2,0.04
-0.141934611438343,10.9650587484882,0.800968466139319,1,"Rps15","Siglech",0.2,0.04
-0.25460874981938,8.88140830102122,0.80431916533537,1,"Taldo1","Siglech",0.2,0.04
-0.25460874981938,8.88140830102122,0.80431916533537,1,"Hmgn1","Siglech",0.2,0.04
0.214636332731863,8.96213537767134,0.811404161073228,1,"Dut","Siglech",0.2,0.04
-0.478744280569071,7.6592270100496,0.815052944606036,1,"Kmo","Siglech",0.2,0.04
-0.478744280569071,7.6592270100496,0.815052944606036,1,"Ppig","Siglech",0.2,0.04
-0.478744280569071,7.6592270100496,0.815052944606036,1,"Hprt","Siglech",0.2,0.04
-0.478744280569071,7.6592270100496,0.815052944606036,1,"Idh3g","Siglech",0.2,0.04
-0.478744280569071,7.6592270100496,0.815052944606036,1,"Lamtor2","Siglech",0.2,0.04
-0.478744280569071,7.6592270100496,0.815052944606036,1,"Ak2","Siglech",0.2,0.04
-0.478744280569071,7.6592270100496,0.815052944606036,1,"Dnajc2","Siglech",0.2,0.04
-0.478744280569071,7.6592270100496,0.815052944606036,1,"Nop53","Siglech",0.2,0.04
-0.478744280569071,7.6592270100496,0.815052944606036,1,"Fbl","Siglech",0.2,0.04
-0.478744280569071,7.6592270100496,0.815052944606036,1,"Prdx2","Siglech",0.2,0.04
-0.478744280569071,7.6592270100496,0.815052944606036,1,"Dnajc3","Siglech",0.2,0.04
-0.478744280569071,7.6592270100496,0.815052944606036,1,"Taf1d","Siglech",0.2,0.04
-0.478744280569071,7.6592270100496,0.815052944606036,1,"Purb","Siglech",0.2,0.04
-0.478744280569071,7.6592270100496,0.815052944606036,1,"Vdac1","Siglech",0.2,0.04
-0.478744280569071,7.6592270100496,0.815052944606036,1,"Zcrb1","Siglech",0.2,0.04
-0.478744280569071,7.6592270100496,0.815052944606036,1,"Cox14","Siglech",0.2,0.04
0.354070768558275,7.6716458159658,0.815052944606036,1,"Eif6","Siglech",0.2,0.04
0.354070768558275,7.6716458159658,0.815052944606036,1,"Ndufc1","Siglech",0.2,0.04
0.354070768558275,7.6716458159658,0.815052944606036,1,"Clspn","Siglech",0.2,0.04
0.354070768558275,7.6716458159658,0.815052944606036,1,"Emg1","Siglech",0.2,0.04
0.354070768558275,7.6716458159658,0.815052944606036,1,"Nucb2","Siglech",0.2,0.04
0.354070768558275,7.6716458159658,0.815052944606036,1,"Timm13","Siglech",0.2,0.04
0.354070768558275,7.6716458159658,0.815052944606036,1,"Acin1","Siglech",0.2,0.04
0.354070768558275,7.6716458159658,0.815052944606036,1,"Ppp4r3b","Siglech",0.2,0.04
0.354070768558275,7.6716458159658,0.815052944606036,1,"Iqgap2","Siglech",0.2,0.04
0.354070768558275,7.6716458159658,0.815052944606036,1,"Actr10","Siglech",0.2,0.04
0.354070768558275,7.6716458159658,0.815052944606036,1,"Stip1","Siglech",0.2,0.04
-0.173359728625061,9.71855026589056,0.817901984671232,1,"Set","Siglech",0.2,0.04
-0.173359728625061,9.71855026589056,0.817901984671232,1,"Chchd2","Siglech",0.2,0.04
0.156279185336229,9.73114728472911,0.817901984671232,1,"Ndufa4","Siglech",0.2,0.04
-0.158466427551553,9.75701508111745,0.821856712718505,1,"Myl6","Siglech",0.2,0.04
0.157813271393362,9.05577061566274,0.824055281589667,1,"Ppib","Siglech",0.2,0.04
-0.370653985087761,7.81220559443118,0.829279641174803,1,"Rab14","Siglech",0.2,0.04
-0.370653985087761,7.81220559443118,0.829279641174803,1,"Srsf6","Siglech",0.2,0.04
-0.370653985087761,7.81220559443118,0.829279641174803,1,"Prdx4","Siglech",0.2,0.04
-0.370653985087761,7.81220559443118,0.829279641174803,1,"Usp1","Siglech",0.2,0.04
-0.370653985087761,7.81220559443118,0.829279641174803,1,"Pds5a","Siglech",0.2,0.04
-0.370653985087761,7.81220559443118,0.829279641174803,1,"Baz1b","Siglech",0.2,0.04
-0.370653985087761,7.81220559443118,0.829279641174803,1,"Idh2","Siglech",0.2,0.04
-0.370653985087761,7.81220559443118,0.829279641174803,1,"Cd164","Siglech",0.2,0.04
-0.370653985087761,7.81220559443118,0.829279641174803,1,"Dazap1","Siglech",0.2,0.04
-0.370653985087761,7.81220559443118,0.829279641174803,1,"Frg1","Siglech",0.2,0.04
-0.370653985087761,7.81220559443118,0.829279641174803,1,"Zmiz1","Siglech",0.2,0.04
-0.370653985087761,7.81220559443118,0.829279641174803,1,"Syncrip","Siglech",0.2,0.04
-0.370653985087761,7.81220559443118,0.829279641174803,1,"Lrrc59","Siglech",0.2,0.04
-0.370653985087761,7.81220559443118,0.829279641174803,1,"Uqcc2","Siglech",0.2,0.04
0.354844857034091,7.82421721868284,0.829279641174803,1,"Actl6a","Siglech",0.2,0.04
0.354844857034091,7.82421721868284,0.829279641174803,1,"Sae1","Siglech",0.2,0.04
0.354844857034091,7.82421721868284,0.829279641174803,1,"Uba2","Siglech",0.2,0.04
0.354844857034091,7.82421721868284,0.829279641174803,1,"Sf3b3","Siglech",0.2,0.04
0.354844857034091,7.82421721868284,0.829279641174803,1,"Gmnn","Siglech",0.2,0.04
0.354844857034091,7.82421721868284,0.829279641174803,1,"Nipbl","Siglech",0.2,0.04
0.354844857034091,7.82421721868284,0.829279641174803,1,"Plgrkt","Siglech",0.2,0.04
-0.115813011434179,10.32409937717,0.830723691719376,1,"Ftl1","Siglech",0.2,0.04
0.355449281724699,7.96225262737084,0.841170611441235,1,"Csde1","Siglech",0.2,0.04
0.355449281724699,7.96225262737084,0.841170611441235,1,"Dnajc8","Siglech",0.2,0.04
0.355449281724699,7.96225262737084,0.841170611441235,1,"Hdac2","Siglech",0.2,0.04
0.355449281724699,7.96225262737084,0.841170611441235,1,"Imp3","Siglech",0.2,0.04
0.355449281724699,7.96225262737084,0.841170611441235,1,"Ddx17","Siglech",0.2,0.04
0.355449281724699,7.96225262737084,0.841170611441235,1,"Sf1","Siglech",0.2,0.04
0.355449281724699,7.96225262737084,0.841170611441235,1,"Blnk","Siglech",0.2,0.04
-0.2876439798253,7.95062284981693,0.841170611441235,1,"Nsmce1","Siglech",0.2,0.04
-0.2876439798253,7.95062284981693,0.841170611441235,1,"Rdx","Siglech",0.2,0.04
-0.2876439798253,7.95062284981693,0.841170611441235,1,"Pkm","Siglech",0.2,0.04
-0.2876439798253,7.95062284981693,0.841170611441235,1,"Fam96a","Siglech",0.2,0.04
-0.2876439798253,7.95062284981693,0.841170611441235,1,"Hnrnph1","Siglech",0.2,0.04
-0.2876439798253,7.95062284981693,0.841170611441235,1,"Syngr2","Siglech",0.2,0.04
-0.2876439798253,7.95062284981693,0.841170611441235,1,"Eif5","Siglech",0.2,0.04
0.189511178519043,9.28402515501911,0.844661197707157,1,"Txn1","Siglech",0.2,0.04
0.355934313569603,8.08828234006375,0.851298862305852,1,"Sumo1","Siglech",0.2,0.04
0.355934313569603,8.08828234006375,0.851298862305852,1,"Nsd1","Siglech",0.2,0.04
0.355934313569603,8.08828234006375,0.851298862305852,1,"Tmbim6","Siglech",0.2,0.04
-0.221791872252348,8.07701132148047,0.851298862305852,1,"Arhgap17","Siglech",0.2,0.04
-0.221791872252348,8.07701132148047,0.851298862305852,1,"Suz12","Siglech",0.2,0.04
0.153228530010636,9.40855531313098,0.853182340037331,1,"Cox6c","Siglech",0.2,0.04
-0.159752360751022,9.3976997323344,0.853182340037332,1,"Atp5c1","Siglech",0.2,0.04
-0.11746656761126,10.5993802668214,0.856845342498402,1,"Rpl23a","Siglech",0.2,0.04
0.356332148490398,8.20422830310966,0.860057187957492,1,"Eif2s2","Siglech",0.2,0.04
0.356332148490398,8.20422830310966,0.860057187957492,1,"Ddost","Siglech",0.2,0.04
0.356332148490398,8.20422830310966,0.860057187957492,1,"Selenow","Siglech",0.2,0.04
0.356332148490398,8.20422830310966,0.860057187957492,1,"Txnl1","Siglech",0.2,0.04
-0.27403714565367,8.24543770997511,0.860057187957492,1,"Psmb3","Siglech",0.2,0.04
-0.222348301884684,8.34934571174949,0.867725287247492,1,"Ndufs5","Siglech",0.2,0.04
-0.222348301884684,8.34934571174949,0.867725287247492,1,"Ctsl","Siglech",0.2,0.04
-0.222348301884684,8.34934571174949,0.867725287247492,1,"Fkbp3","Siglech",0.2,0.04
-0.222348301884684,8.34934571174949,0.867725287247492,1,"Dap","Siglech",0.2,0.04
0.136659583421304,8.40637806401307,0.874508605850185,1,"Atp5g3","Siglech",0.2,0.04
0.150364607256033,9.69186140992299,0.876643279938577,1,"Ran","Siglech",0.2,0.04
-0.265261667796998,8.48999710224744,0.880561994065204,1,"Eif3m","Siglech",0.2,0.04
-0.265261667796998,8.48999710224744,0.880561994065204,1,"Srp14","Siglech",0.2,0.04
0.152553718638571,8.50002307949098,0.880561994065204,1,"Prpf40a","Siglech",0.2,0.04
0.152553718638571,8.50002307949098,0.880561994065204,1,"Psmb2","Siglech",0.2,0.04
0.152553718638571,8.50002307949098,0.880561994065204,1,"P4hb","Siglech",0.2,0.04
0.152553718638571,8.50002307949098,0.880561994065204,1,"Ptp4a3","Siglech",0.2,0.04
-0.0747428587707716,10.9105079470472,0.881222574272213,1,"Hsp90ab1","Siglech",0.2,0.04
0.166335920719952,8.58799276443584,0.886004738639448,1,"G3bp1","Siglech",0.2,0.04
-0.185661336597494,8.6614316255433,0.890930459809348,1,"Vamp8","Siglech",0.2,0.04
-0.185661336597494,8.6614316255433,0.890930459809348,1,"Ucp2","Siglech",0.2,0.04
-0.153077761852025,8.74013155223165,0.89541382857693,1,"Psme1","Siglech",0.2,0.04
0.189052517410558,8.74939356475741,0.89541382857693,1,"Tmed2","Siglech",0.2,0.04
-0.190876602059274,8.84850788243414,0.899515247064109,1,"Snrpd1","Siglech",0.2,0.04
-0.162152770550979,8.91788960740353,0.903284185165758,1,"Selenof","Siglech",0.2,0.04
0.207002783080258,8.89462866606182,0.903284185165758,1,"Abracl","Siglech",0.2,0.04
0.137092888122121,8.92659780658876,0.903284185165758,1,"Atp5j2","Siglech",0.2,0.04
-0.136302167658572,8.98411576281731,0.906761607721596,1,"Uqcr10","Siglech",0.2,0.04
0.147958123294006,8.99262044831367,0.906761607721596,1,"Runx2","Siglech",0.2,0.04
0.0842259755338993,9.02243760179998,0.909981771976109,1,"Arf1","Siglech",0.2,0.04
0.128395413092783,9.25545828841307,0.920807669419335,1,"Rsrp1","Siglech",0.2,0.04
0.128395413092783,9.25545828841307,0.920807669419335,1,"Eif3a","Siglech",0.2,0.04
0.145564600742067,9.35929591438738,0.925256464019006,1,"Ppp1ca","Siglech",0.2,0.04
0.106139818354076,9.43078148381707,0.927290301732774,1,"Hint1","Siglech",0.2,0.04
0.106139818354076,9.43078148381707,0.927290301732774,1,"Atp5a1","Siglech",0.2,0.04
-0.0474668775413745,11.3947050590598,0.934234361457753,1,"Ly6d","Siglech",0.2,0.04
-0.0938373428244672,9.58034421564318,0.934390410964975,1,"Calm1","Siglech",0.2,0.04
0.0553240427110773,9.82042026980705,0.94270789297508,1,"Atp5g2","Siglech",0.2,0.04
0.060626130820013,10.0066117625371,0.948147353299046,1,"Gapdh","Siglech",0.2,0.04
0.0284624028809661,10.5744535263304,0.963321309894628,1,"Pfn1","Siglech",0.2,0.04
0.135375961267908,7.58572223767491,0.999999999999999,1,"Adss","Siglech",0.2,0.04
0.135375961267908,7.58572223767491,0.999999999999999,1,"Cox20","Siglech",0.2,0.04
0.135375961267908,7.58572223767491,0.999999999999999,1,"Ndufa3","Siglech",0.2,0.04
0.135375961267908,7.58572223767491,0.999999999999999,1,"Ndufs7","Siglech",0.2,0.04
0.135375961267908,7.58572223767491,0.999999999999999,1,"Atp1b3","Siglech",0.2,0.04
0.135375961267908,7.58572223767491,0.999999999999999,1,"Dock2","Siglech",0.2,0.04
0.135375961267908,7.58572223767491,0.999999999999999,1,"Cdc42se2","Siglech",0.2,0.04
0.135375961267908,7.58572223767491,0.999999999999999,1,"Rpa1","Siglech",0.2,0.04
0.135375961267908,7.58572223767491,0.999999999999999,1,"Nt5c","Siglech",0.2,0.04
0.135375961267908,7.58572223767491,0.999999999999999,1,"Prpf4b","Siglech",0.2,0.04
0.135375961267908,7.58572223767491,0.999999999999999,1,"Prelid1","Siglech",0.2,0.04
0.135375961267908,7.58572223767491,0.999999999999999,1,"Ndufs4","Siglech",0.2,0.04
0.135375961267908,7.58572223767491,0.999999999999999,1,"Cxxc5","Siglech",0.2,0.04
-0.311589201044069,7.57940589097112,0.999999999999999,1,"Mrpl30","Siglech",0.2,0.04
-0.311589201044069,7.57940589097112,0.999999999999999,1,"Zc3h15","Siglech",0.2,0.04
-0.311589201044069,7.57940589097112,0.999999999999999,1,"Stag2","Siglech",0.2,0.04
-0.311589201044069,7.57940589097112,0.999999999999999,1,"Naa15","Siglech",0.2,0.04
-0.311589201044069,7.57940589097112,0.999999999999999,1,"Cd53","Siglech",0.2,0.04
-0.311589201044069,7.57940589097112,0.999999999999999,1,"Eif4e","Siglech",0.2,0.04
-0.311589201044069,7.57940589097112,0.999999999999999,1,"Casp8ap2","Siglech",0.2,0.04
-0.311589201044069,7.57940589097112,0.999999999999999,1,"Cdc26","Siglech",0.2,0.04
-0.311589201044069,7.57940589097112,0.999999999999999,1,"Mlec","Siglech",0.2,0.04
-0.311589201044069,7.57940589097112,0.999999999999999,1,"Hnrnpul1","Siglech",0.2,0.04
-0.311589201044069,7.57940589097112,0.999999999999999,1,"Psma1","Siglech",0.2,0.04
-0.311589201044069,7.57940589097112,0.999999999999999,1,"Cisd1","Siglech",0.2,0.04
-0.311589201044069,7.57940589097112,0.999999999999999,1,"Cstb","Siglech",0.2,0.04
-0.311589201044069,7.57940589097112,0.999999999999999,1,"Ptbp1","Siglech",0.2,0.04
-0.311589201044069,7.57940589097112,0.999999999999999,1,"Lsm7","Siglech",0.2,0.04
-0.311589201044069,7.57940589097112,0.999999999999999,1,"Tacc1","Siglech",0.2,0.04
-0.311589201044069,7.57940589097112,0.999999999999999,1,"Dcun1d5","Siglech",0.2,0.04
-0.311589201044069,7.57940589097112,0.999999999999999,1,"Stt3b","Siglech",0.2,0.04
-0.311589201044069,7.57940589097112,0.999999999999999,1,"Psmd11","Siglech",0.2,0.04
-0.311589201044069,7.57940589097112,0.999999999999999,1,"Syk","Siglech",0.2,0.04
-0.311589201044069,7.57940589097112,0.999999999999999,1,"Pdcd6","Siglech",0.2,0.04
-0.311589201044069,7.57940589097112,0.999999999999999,1,"Srek1","Siglech",0.2,0.04
-0.311589201044069,7.57940589097112,0.999999999999999,1,"Ifnar2","Siglech",0.2,0.04
-0.311589201044069,7.57940589097112,0.999999999999999,1,"Il10rb","Siglech",0.2,0.04
0.164979222188604,7.74688077630933,0.999999999999999,1,"Eprs","Siglech",0.2,0.04
0.164979222188604,7.74688077630933,0.999999999999999,1,"Magt1","Siglech",0.2,0.04
0.164979222188604,7.74688077630933,0.999999999999999,1,"Ube2m","Siglech",0.2,0.04
0.164979222188604,7.74688077630933,0.999999999999999,1,"Pa2g4","Siglech",0.2,0.04
0.164979222188604,7.74688077630933,0.999999999999999,1,"Thoc7","Siglech",0.2,0.04
0.164979222188604,7.74688077630933,0.999999999999999,1,"Cwc15","Siglech",0.2,0.04
0.164979222188604,7.74688077630933,0.999999999999999,1,"Arcn1","Siglech",0.2,0.04
0.164979222188604,7.74688077630933,0.999999999999999,1,"Eif1b","Siglech",0.2,0.04
0.164979222188604,7.74688077630933,0.999999999999999,1,"Eif4a3","Siglech",0.2,0.04
0.164979222188604,7.74688077630933,0.999999999999999,1,"Atad2","Siglech",0.2,0.04
0.164979222188604,7.74688077630933,0.999999999999999,1,"Uhrf1","Siglech",0.2,0.04
0.164979222188604,7.74688077630933,0.999999999999999,1,"Rtn3","Siglech",0.2,0.04
0.164979222188604,7.74688077630933,0.999999999999999,1,"Fam111a","Siglech",0.2,0.04
-0.220870664626766,7.74077481962145,0.999999999999999,1,"Bcap31","Siglech",0.2,0.04
-0.220870664626766,7.74077481962145,0.999999999999999,1,"Ywhah","Siglech",0.2,0.04
-0.220870664626766,7.74077481962145,0.999999999999999,1,"Fis1","Siglech",0.2,0.04
-0.220870664626766,7.74077481962145,0.999999999999999,1,"Tmem208","Siglech",0.2,0.04
-0.220870664626766,7.74077481962145,0.999999999999999,1,"Arf4","Siglech",0.2,0.04
-0.220870664626766,7.74077481962145,0.999999999999999,1,"Sdhd","Siglech",0.2,0.04
-0.220870664626766,7.74077481962145,0.999999999999999,1,"Crlf3","Siglech",0.2,0.04
-0.220870664626766,7.74077481962145,0.999999999999999,1,"Eif4a2","Siglech",0.2,0.04
0.0951702991404528,7.40440628603136,0.999999999999999,1,"Sp100","Siglech",0.2,0.04
0.0951702991404528,7.40440628603136,0.999999999999999,1,"Nop56","Siglech",0.2,0.04
0.0951702991404528,7.40440628603136,0.999999999999999,1,"Naa10","Siglech",0.2,0.04
0.0951702991404528,7.40440628603136,0.999999999999999,1,"Jtb","Siglech",0.2,0.04
0.0951702991404528,7.40440628603136,0.999999999999999,1,"Cdc42se1","Siglech",0.2,0.04
0.0951702991404528,7.40440628603136,0.999999999999999,1,"Ssu72","Siglech",0.2,0.04
0.0951702991404528,7.40440628603136,0.999999999999999,1,"Setd1b","Siglech",0.2,0.04
0.0951702991404528,7.40440628603136,0.999999999999999,1,"Rpa3","Siglech",0.2,0.04
0.0951702991404528,7.40440628603136,0.999999999999999,1,"Pdia4","Siglech",0.2,0.04
0.0951702991404528,7.40440628603136,0.999999999999999,1,"Itpr1","Siglech",0.2,0.04
0.0951702991404528,7.40440628603136,0.999999999999999,1,"Picalm","Siglech",0.2,0.04
0.0951702991404528,7.40440628603136,0.999999999999999,1,"Nsmce4a","Siglech",0.2,0.04
0.0951702991404528,7.40440628603136,0.999999999999999,1,"Ctsd","Siglech",0.2,0.04
0.0951702991404528,7.40440628603136,0.999999999999999,1,"Zbtb7a","Siglech",0.2,0.04
0.0951702991404528,7.40440628603136,0.999999999999999,1,"Smarcc2","Siglech",0.2,0.04
0.0951702991404528,7.40440628603136,0.999999999999999,1,"Hook3","Siglech",0.2,0.04
0.0951702991404528,7.40440628603136,0.999999999999999,1,"Herpud1","Siglech",0.2,0.04
0.0951702991404528,7.40440628603136,0.999999999999999,1,"Mrps16","Siglech",0.2,0.04
0.0951702991404528,7.40440628603136,0.999999999999999,1,"Limd1","Siglech",0.2,0.04
0.0951702991404528,7.40440628603136,0.999999999999999,1,"Cops3","Siglech",0.2,0.04
0.0951702991404528,7.40440628603136,0.999999999999999,1,"Spag7","Siglech",0.2,0.04
0.0951702991404528,7.40440628603136,0.999999999999999,1,"Emc6","Siglech",0.2,0.04
0.0951702991404528,7.40440628603136,0.999999999999999,1,"Net1","Siglech",0.2,0.04
0.0951702991404528,7.40440628603136,0.999999999999999,1,"Brix1","Siglech",0.2,0.04
0.0951702991404528,7.40440628603136,0.999999999999999,1,"Ppp1r18","Siglech",0.2,0.04
0.0951702991404528,7.40440628603136,0.999999999999999,1,"Cdc5l","Siglech",0.2,0.04
0.0951702991404528,7.40440628603136,0.999999999999999,1,"Ndufa11","Siglech",0.2,0.04
0.0951702991404528,7.40440628603136,0.999999999999999,1,"Dpf2","Siglech",0.2,0.04
-0.436719015071849,7.39786491522102,1,1,"Mrpl15","Siglech",0.2,0.04
-0.436719015071849,7.39786491522102,1,1,"Cul3","Siglech",0.2,0.04
-0.436719015071849,7.39786491522102,1,1,"Commd3","Siglech",0.2,0.04
-0.436719015071849,7.39786491522102,1,1,"Ube2e3","Siglech",0.2,0.04
-0.436719015071849,7.39786491522102,1,1,"Mtch2","Siglech",0.2,0.04
-0.436719015071849,7.39786491522102,1,1,"Snrpb2","Siglech",0.2,0.04
-0.436719015071849,7.39786491522102,1,1,"Rbck1","Siglech",0.2,0.04
-0.436719015071849,7.39786491522102,1,1,"Edem2","Siglech",0.2,0.04
-0.436719015071849,7.39786491522102,1,1,"Rnf13","Siglech",0.2,0.04
-0.436719015071849,7.39786491522102,1,1,"Necap2","Siglech",0.2,0.04
-0.436719015071849,7.39786491522102,1,1,"Ctbp1","Siglech",0.2,0.04
-0.436719015071849,7.39786491522102,1,1,"Krcc1","Siglech",0.2,0.04
-0.436719015071849,7.39786491522102,1,1,"Lig1","Siglech",0.2,0.04
-0.436719015071849,7.39786491522102,1,1,"Nup62","Siglech",0.2,0.04
-0.436719015071849,7.39786491522102,1,1,"Ptov1","Siglech",0.2,0.04
-0.436719015071849,7.39786491522102,1,1,"Ddx21","Siglech",0.2,0.04
-0.436719015071849,7.39786491522102,1,1,"Plekhj1","Siglech",0.2,0.04
-0.436719015071849,7.39786491522102,1,1,"Gna11","Siglech",0.2,0.04
-0.436719015071849,7.39786491522102,1,1,"Wdr83os","Siglech",0.2,0.04
-0.436719015071849,7.39786491522102,1,1,"Spcs1","Siglech",0.2,0.04
-0.436719015071849,7.39786491522102,1,1,"Rab5c","Siglech",0.2,0.04
-0.436719015071849,7.39786491522102,1,1,"Rfc4","Siglech",0.2,0.04
-0.436719015071849,7.39786491522102,1,1,"Hcls1","Siglech",0.2,0.04
-0.436719015071849,7.39786491522102,1,1,"Gtf2h5","Siglech",0.2,0.04
-0.436719015071849,7.39786491522102,1,1,"Abcf1","Siglech",0.2,0.04
-0.436719015071849,7.39786491522102,1,1,"Pura","Siglech",0.2,0.04
0.232318621217863,8.25620554026981,1,1,"Lmo2","Siglech",0.2,0.04
0.232318621217863,8.25620554026981,1,1,"Hnrnpr","Siglech",0.2,0.04
0.232318621217863,8.25620554026981,1,1,"Fam49b","Siglech",0.2,0.04
0.232318621217863,8.25620554026981,1,1,"Snu13","Siglech",0.2,0.04
0.232318621217863,8.25620554026981,1,1,"Grk2","Siglech",0.2,0.04
0.187689777509088,7.89191951699776,1,1,"Mrpl20","Siglech",0.2,0.04
0.187689777509088,7.89191951699776,1,1,"Ewsr1","Siglech",0.2,0.04
0.187689777509088,7.89191951699776,1,1,"Cltc","Siglech",0.2,0.04
0.187689777509088,7.89191951699776,1,1,"Anapc11","Siglech",0.2,0.04
-0.151959177797394,7.88601066795025,1,1,"Ilkap","Siglech",0.2,0.04
-0.151959177797394,7.88601066795025,1,1,"Eif1ax","Siglech",0.2,0.04
-0.151959177797394,7.88601066795025,1,1,"Kmt2e","Siglech",0.2,0.04
-0.151959177797394,7.88601066795025,1,1,"Rac1","Siglech",0.2,0.04
-0.151959177797394,7.88601066795025,1,1,"Pdcd5","Siglech",0.2,0.04
-0.151959177797394,7.88601066795025,1,1,"Esd","Siglech",0.2,0.04
-0.151959177797394,7.88601066795025,1,1,"Dbnl","Siglech",0.2,0.04
-0.123768793347771,8.30096978873119,1,1,"Tra2b","Siglech",0.2,0.04
-0.123768793347771,8.30096978873119,1,1,"Kif5b","Siglech",0.2,0.04
-0.123768793347771,8.30096978873119,1,1,"Reep5","Siglech",0.2,0.04
0.118126567070012,8.30627551199389,1,1,"Atxn7l3b","Siglech",0.2,0.04
0.118126567070012,8.30627551199389,1,1,"Psma6","Siglech",0.2,0.04
-0.0796068946688616,8.70365822444287,1,1,"Eif3e","Siglech",0.2,0.04
0.748303901702441,6.9623489934358,1,1,"Lman2l","Siglech",0.2,0.04
0.748303901702441,6.9623489934358,1,1,"Farsb","Siglech",0.2,0.04
0.748303901702441,6.9623489934358,1,1,"Ccnt2","Siglech",0.2,0.04
0.748303901702441,6.9623489934358,1,1,"Strbp","Siglech",0.2,0.04
0.748303901702441,6.9623489934358,1,1,"Dync1i2","Siglech",0.2,0.04
0.748303901702441,6.9623489934358,1,1,"Ccdc32","Siglech",0.2,0.04
0.748303901702441,6.9623489934358,1,1,"Ada","Siglech",0.2,0.04
0.748303901702441,6.9623489934358,1,1,"Bcor","Siglech",0.2,0.04
0.748303901702441,6.9623489934358,1,1,"Mpp1","Siglech",0.2,0.04
0.748303901702441,6.9623489934358,1,1,"Hmgn5","Siglech",0.2,0.04
0.748303901702441,6.9623489934358,1,1,"Jade1","Siglech",0.2,0.04
0.748303901702441,6.9623489934358,1,1,"4933434E20Rik","Siglech",0.2,0.04
0.748303901702441,6.9623489934358,1,1,"Gclm","Siglech",0.2,0.04
0.748303901702441,6.9623489934358,1,1,"Jak1","Siglech",0.2,0.04
0.748303901702441,6.9623489934358,1,1,"Kdm1a","Siglech",0.2,0.04
0.748303901702441,6.9623489934358,1,1,"Paxip1","Siglech",0.2,0.04
0.748303901702441,6.9623489934358,1,1,"Emilin1","Siglech",0.2,0.04
0.748303901702441,6.9623489934358,1,1,"Rbm47","Siglech",0.2,0.04
0.748303901702441,6.9623489934358,1,1,"Fryl","Siglech",0.2,0.04
0.748303901702441,6.9623489934358,1,1,"Suds3","Siglech",0.2,0.04
0.748303901702441,6.9623489934358,1,1,"N4bp2l2","Siglech",0.2,0.04
0.748303901702441,6.9623489934358,1,1,"Mrpl35","Siglech",0.2,0.04
0.748303901702441,6.9623489934358,1,1,"Slc6a6","Siglech",0.2,0.04
0.748303901702441,6.9623489934358,1,1,"Setd5","Siglech",0.2,0.04
0.748303901702441,6.9623489934358,1,1,"Hikeshi","Siglech",0.2,0.04
0.748303901702441,6.9623489934358,1,1,"Itgal","Siglech",0.2,0.04
0.748303901702441,6.9623489934358,1,1,"Ppil4","Siglech",0.2,0.04
0.748303901702441,6.9623489934358,1,1,"Cdc40","Siglech",0.2,0.04
0.748303901702441,6.9623489934358,1,1,"Hk1","Siglech",0.2,0.04
0.748303901702441,6.9623489934358,1,1,"Gnptab","Siglech",0.2,0.04
0.748303901702441,6.9623489934358,1,1,"Eea1","Siglech",0.2,0.04
0.748303901702441,6.9623489934358,1,1,"Rasa3","Siglech",0.2,0.04
0.748303901702441,6.9623489934358,1,1,"Tmem192","Siglech",0.2,0.04
0.748303901702441,6.9623489934358,1,1,"Fcho1","Siglech",0.2,0.04
0.748303901702441,6.9623489934358,1,1,"Adgrg1","Siglech",0.2,0.04
0.748303901702441,6.9623489934358,1,1,"Coa6","Siglech",0.2,0.04
0.748303901702441,6.9623489934358,1,1,"Sap18","Siglech",0.2,0.04
0.748303901702441,6.9623489934358,1,1,"Esco2","Siglech",0.2,0.04
0.748303901702441,6.9623489934358,1,1,"Wbp4","Siglech",0.2,0.04
0.748303901702441,6.9623489934358,1,1,"Rbm26","Siglech",0.2,0.04
0.748303901702441,6.9623489934358,1,1,"Pin1","Siglech",0.2,0.04
0.748303901702441,6.9623489934358,1,1,"Dpagt1","Siglech",0.2,0.04
0.748303901702441,6.9623489934358,1,1,"Zpr1","Siglech",0.2,0.04
0.748303901702441,6.9623489934358,1,1,"Idh3a","Siglech",0.2,0.04
0.748303901702441,6.9623489934358,1,1,"Arih1","Siglech",0.2,0.04
0.748303901702441,6.9623489934358,1,1,"Pold2","Siglech",0.2,0.04
0.748303901702441,6.9623489934358,1,1,"Prorsd1","Siglech",0.2,0.04
0.748303901702441,6.9623489934358,1,1,"Trim11","Siglech",0.2,0.04
0.748303901702441,6.9623489934358,1,1,"Stard3","Siglech",0.2,0.04
0.748303901702441,6.9623489934358,1,1,"Becn1","Siglech",0.2,0.04
0.748303901702441,6.9623489934358,1,1,"Nmt1","Siglech",0.2,0.04
0.748303901702441,6.9623489934358,1,1,"Helz","Siglech",0.2,0.04
0.748303901702441,6.9623489934358,1,1,"Mrpl58","Siglech",0.2,0.04
0.748303901702441,6.9623489934358,1,1,"Srp68","Siglech",0.2,0.04
0.748303901702441,6.9623489934358,1,1,"Jmjd6","Siglech",0.2,0.04
0.748303901702441,6.9623489934358,1,1,"Mrpl32","Siglech",0.2,0.04
0.748303901702441,6.9623489934358,1,1,"Psmg4","Siglech",0.2,0.04
0.748303901702441,6.9623489934358,1,1,"Clptm1l","Siglech",0.2,0.04
0.748303901702441,6.9623489934358,1,1,"Jkamp","Siglech",0.2,0.04
0.748303901702441,6.9623489934358,1,1,"Cdca4","Siglech",0.2,0.04
0.748303901702441,6.9623489934358,1,1,"Dcaf13","Siglech",0.2,0.04
0.748303901702441,6.9623489934358,1,1,"Zbed4","Siglech",0.2,0.04
0.748303901702441,6.9623489934358,1,1,"Trap1","Siglech",0.2,0.04
0.748303901702441,6.9623489934358,1,1,"Gart","Siglech",0.2,0.04
0.748303901702441,6.9623489934358,1,1,"Mpnd","Siglech",0.2,0.04
0.748303901702441,6.9623489934358,1,1,"Tcof1","Siglech",0.2,0.04
0.748303901702441,6.9623489934358,1,1,"Ddb1","Siglech",0.2,0.04
0.748303901702441,6.9623489934358,1,1,"Hhex","Siglech",0.2,0.04
-0.364888752892518,7.07779978039325,1,1,"Clk1","Siglech",0.2,0.04
-0.364888752892518,7.07779978039325,1,1,"Dhx9","Siglech",0.2,0.04
-0.364888752892518,7.07779978039325,1,1,"Sdhc","Siglech",0.2,0.04
-0.364888752892518,7.07779978039325,1,1,"Aim2","Siglech",0.2,0.04
-0.364888752892518,7.07779978039325,1,1,"Degs1","Siglech",0.2,0.04
-0.364888752892518,7.07779978039325,1,1,"Spc25","Siglech",0.2,0.04
-0.364888752892518,7.07779978039325,1,1,"Madd","Siglech",0.2,0.04
-0.364888752892518,7.07779978039325,1,1,"Ppdpf","Siglech",0.2,0.04
-0.364888752892518,7.07779978039325,1,1,"Ttc14","Siglech",0.2,0.04
-0.364888752892518,7.07779978039325,1,1,"Dnajc19","Siglech",0.2,0.04
-0.364888752892518,7.07779978039325,1,1,"Commd2","Siglech",0.2,0.04
-0.364888752892518,7.07779978039325,1,1,"Sars","Siglech",0.2,0.04
-0.364888752892518,7.07779978039325,1,1,"Slc25a51","Siglech",0.2,0.04
-0.364888752892518,7.07779978039325,1,1,"Mtfr1l","Siglech",0.2,0.04
-0.364888752892518,7.07779978039325,1,1,"Srpk2","Siglech",0.2,0.04
-0.364888752892518,7.07779978039325,1,1,"Rnf4","Siglech",0.2,0.04
-0.364888752892518,7.07779978039325,1,1,"Ung","Siglech",0.2,0.04
-0.364888752892518,7.07779978039325,1,1,"Gtf2i","Siglech",0.2,0.04
-0.364888752892518,7.07779978039325,1,1,"Prkrip1","Siglech",0.2,0.04
-0.364888752892518,7.07779978039325,1,1,"Tmem176a","Siglech",0.2,0.04
-0.364888752892518,7.07779978039325,1,1,"Znrf2","Siglech",0.2,0.04
-0.364888752892518,7.07779978039325,1,1,"Gng12","Siglech",0.2,0.04
-0.364888752892518,7.07779978039325,1,1,"Trim30a","Siglech",0.2,0.04
-0.364888752892518,7.07779978039325,1,1,"Nap1l4","Siglech",0.2,0.04
-0.364888752892518,7.07779978039325,1,1,"Fbxo5","Siglech",0.2,0.04
-0.364888752892518,7.07779978039325,1,1,"Sgta","Siglech",0.2,0.04
-0.364888752892518,7.07779978039325,1,1,"Hmg20b","Siglech",0.2,0.04
-0.364888752892518,7.07779978039325,1,1,"Cep83","Siglech",0.2,0.04
-0.364888752892518,7.07779978039325,1,1,"Prim1","Siglech",0.2,0.04
-0.364888752892518,7.07779978039325,1,1,"Mau2","Siglech",0.2,0.04
-0.364888752892518,7.07779978039325,1,1,"Vps35","Siglech",0.2,0.04
-0.364888752892518,7.07779978039325,1,1,"Cmc2","Siglech",0.2,0.04
-0.364888752892518,7.07779978039325,1,1,"Plcg2","Siglech",0.2,0.04
-0.364888752892518,7.07779978039325,1,1,"Gins2","Siglech",0.2,0.04
-0.364888752892518,7.07779978039325,1,1,"Nisch","Siglech",0.2,0.04
-0.364888752892518,7.07779978039325,1,1,"Osgep","Siglech",0.2,0.04
-0.364888752892518,7.07779978039325,1,1,"Apex1","Siglech",0.2,0.04
-0.364888752892518,7.07779978039325,1,1,"Zc3h13","Siglech",0.2,0.04
-0.364888752892518,7.07779978039325,1,1,"Rbm7","Siglech",0.2,0.04
-0.364888752892518,7.07779978039325,1,1,"Senp6","Siglech",0.2,0.04
-0.364888752892518,7.07779978039325,1,1,"Rnf130","Siglech",0.2,0.04
-0.364888752892518,7.07779978039325,1,1,"Rad50","Siglech",0.2,0.04
-0.364888752892518,7.07779978039325,1,1,"Trp53","Siglech",0.2,0.04
-0.364888752892518,7.07779978039325,1,1,"Mrps23","Siglech",0.2,0.04
-0.364888752892518,7.07779978039325,1,1,"Spop","Siglech",0.2,0.04
-0.364888752892518,7.07779978039325,1,1,"Smarcd2","Siglech",0.2,0.04
-0.364888752892518,7.07779978039325,1,1,"Unc13d","Siglech",0.2,0.04
-0.364888752892518,7.07779978039325,1,1,"Tubb2a","Siglech",0.2,0.04
-0.364888752892518,7.07779978039325,1,1,"Mgat2","Siglech",0.2,0.04
-0.364888752892518,7.07779978039325,1,1,"Vrk1","Siglech",0.2,0.04
-0.364888752892518,7.07779978039325,1,1,"Puf60","Siglech",0.2,0.04
-0.364888752892518,7.07779978039325,1,1,"Csf2rb2","Siglech",0.2,0.04
-0.364888752892518,7.07779978039325,1,1,"Polr2f","Siglech",0.2,0.04
-0.364888752892518,7.07779978039325,1,1,"Prr5","Siglech",0.2,0.04
-0.364888752892518,7.07779978039325,1,1,"Pcnp","Siglech",0.2,0.04
-0.364888752892518,7.07779978039325,1,1,"Eif2s3y","Siglech",0.2,0.04
-0.364888752892518,7.07779978039325,1,1,"Nr3c1","Siglech",0.2,0.04
-0.364888752892518,7.07779978039325,1,1,"Zfand5","Siglech",0.2,0.04
-0.364888752892518,7.07779978039325,1,1,"Dock8","Siglech",0.2,0.04
0.12505352540271,8.8574294110535,1,1,"Swi5","Siglech",0.2,0.04
0.12505352540271,8.8574294110535,1,1,"Cox7a2","Siglech",0.2,0.04
-0.0984206227908728,8.88581530043953,1,1,"Atp5j","Siglech",0.2,0.04
-0.052787140479615,6.95528752954285,1,1,"Itm2c","Siglech",0.2,0.04
-0.052787140479615,6.95528752954285,1,1,"Ahctf1","Siglech",0.2,0.04
-0.052787140479615,6.95528752954285,1,1,"Cytip","Siglech",0.2,0.04
-0.052787140479615,6.95528752954285,1,1,"Arhgap1","Siglech",0.2,0.04
-0.052787140479615,6.95528752954285,1,1,"Pigt","Siglech",0.2,0.04
-0.052787140479615,6.95528752954285,1,1,"Nelfcd","Siglech",0.2,0.04
-0.052787140479615,6.95528752954285,1,1,"Timm17b","Siglech",0.2,0.04
-0.052787140479615,6.95528752954285,1,1,"Fmr1","Siglech",0.2,0.04
-0.052787140479615,6.95528752954285,1,1,"Taf1","Siglech",0.2,0.04
-0.052787140479615,6.95528752954285,1,1,"Huwe1","Siglech",0.2,0.04
-0.052787140479615,6.95528752954285,1,1,"Sh3kbp1","Siglech",0.2,0.04
-0.052787140479615,6.95528752954285,1,1,"Mef2d","Siglech",0.2,0.04
-0.052787140479615,6.95528752954285,1,1,"Mtx1","Siglech",0.2,0.04
-0.052787140479615,6.95528752954285,1,1,"S100a6","Siglech",0.2,0.04
-0.052787140479615,6.95528752954285,1,1,"Aph1a","Siglech",0.2,0.04
-0.052787140479615,6.95528752954285,1,1,"Lyn","Siglech",0.2,0.04
-0.052787140479615,6.95528752954285,1,1,"Asph","Siglech",0.2,0.04
-0.052787140479615,6.95528752954285,1,1,"Fam92a","Siglech",0.2,0.04
-0.052787140479615,6.95528752954285,1,1,"Cpne3","Siglech",0.2,0.04
-0.052787140479615,6.95528752954285,1,1,"Stoml2","Siglech",0.2,0.04
-0.052787140479615,6.95528752954285,1,1,"Nipsnap3b","Siglech",0.2,0.04
-0.052787140479615,6.95528752954285,1,1,"Slc31a1","Siglech",0.2,0.04
-0.052787140479615,6.95528752954285,1,1,"Inpp5b","Siglech",0.2,0.04
-0.052787140479615,6.95528752954285,1,1,"Zcchc17","Siglech",0.2,0.04
-0.052787140479615,6.95528752954285,1,1,"Rere","Siglech",0.2,0.04
-0.052787140479615,6.95528752954285,1,1,"Ube2j2","Siglech",0.2,0.04
-0.052787140479615,6.95528752954285,1,1,"Srp72","Siglech",0.2,0.04
-0.052787140479615,6.95528752954285,1,1,"Lin54","Siglech",0.2,0.04
-0.052787140479615,6.95528752954285,1,1,"Sh2b2","Siglech",0.2,0.04
-0.052787140479615,6.95528752954285,1,1,"Ttyh3","Siglech",0.2,0.04
-0.052787140479615,6.95528752954285,1,1,"Cul1","Siglech",0.2,0.04
-0.052787140479615,6.95528752954285,1,1,"Atp6v1e1","Siglech",0.2,0.04
-0.052787140479615,6.95528752954285,1,1,"Etv6","Siglech",0.2,0.04
-0.052787140479615,6.95528752954285,1,1,"Lrmp","Siglech",0.2,0.04
-0.052787140479615,6.95528752954285,1,1,"Siglecg","Siglech",0.2,0.04
-0.052787140479615,6.95528752954285,1,1,"Zfand6","Siglech",0.2,0.04
-0.052787140479615,6.95528752954285,1,1,"Far1","Siglech",0.2,0.04
-0.052787140479615,6.95528752954285,1,1,"Gtf3c6","Siglech",0.2,0.04
-0.052787140479615,6.95528752954285,1,1,"Ppa1","Siglech",0.2,0.04
-0.052787140479615,6.95528752954285,1,1,"Vps26a","Siglech",0.2,0.04
-0.052787140479615,6.95528752954285,1,1,"Ddx50","Siglech",0.2,0.04
-0.052787140479615,6.95528752954285,1,1,"Dna2","Siglech",0.2,0.04
-0.052787140479615,6.95528752954285,1,1,"Gna15","Siglech",0.2,0.04
-0.052787140479615,6.95528752954285,1,1,"Washc4","Siglech",0.2,0.04
-0.052787140479615,6.95528752954285,1,1,"Tmem263","Siglech",0.2,0.04
-0.052787140479615,6.95528752954285,1,1,"Ing1","Siglech",0.2,0.04
-0.052787140479615,6.95528752954285,1,1,"Fnta","Siglech",0.2,0.04
-0.052787140479615,6.95528752954285,1,1,"Abce1","Siglech",0.2,0.04
-0.052787140479615,6.95528752954285,1,1,"Atp6v0d1","Siglech",0.2,0.04
-0.052787140479615,6.95528752954285,1,1,"Aprt","Siglech",0.2,0.04
-0.052787140479615,6.95528752954285,1,1,"Mapk1ip1l","Siglech",0.2,0.04
-0.052787140479615,6.95528752954285,1,1,"Tmem55b","Siglech",0.2,0.04
-0.052787140479615,6.95528752954285,1,1,"Gm49336","Siglech",0.2,0.04
-0.052787140479615,6.95528752954285,1,1,"Hyou1","Siglech",0.2,0.04
-0.052787140479615,6.95528752954285,1,1,"Tle3","Siglech",0.2,0.04
-0.052787140479615,6.95528752954285,1,1,"Myo5a","Siglech",0.2,0.04
-0.052787140479615,6.95528752954285,1,1,"Stag1","Siglech",0.2,0.04
-0.052787140479615,6.95528752954285,1,1,"Aftph","Siglech",0.2,0.04
-0.052787140479615,6.95528752954285,1,1,"Sptbn1","Siglech",0.2,0.04
-0.052787140479615,6.95528752954285,1,1,"Tmem11","Siglech",0.2,0.04
-0.052787140479615,6.95528752954285,1,1,"Acap1","Siglech",0.2,0.04
-0.052787140479615,6.95528752954285,1,1,"Phf23","Siglech",0.2,0.04
-0.052787140479615,6.95528752954285,1,1,"Med31","Siglech",0.2,0.04
-0.052787140479615,6.95528752954285,1,1,"Timm22","Siglech",0.2,0.04
-0.052787140479615,6.95528752954285,1,1,"Ssh2","Siglech",0.2,0.04
-0.052787140479615,6.95528752954285,1,1,"Scpep1","Siglech",0.2,0.04
-0.052787140479615,6.95528752954285,1,1,"Mien1","Siglech",0.2,0.04
-0.052787140479615,6.95528752954285,1,1,"Pcyt2","Siglech",0.2,0.04
-0.052787140479615,6.95528752954285,1,1,"Cast","Siglech",0.2,0.04
-0.052787140479615,6.95528752954285,1,1,"Tmx1","Siglech",0.2,0.04
-0.052787140479615,6.95528752954285,1,1,"Med30","Siglech",0.2,0.04
-0.052787140479615,6.95528752954285,1,1,"Myc","Siglech",0.2,0.04
-0.052787140479615,6.95528752954285,1,1,"Sharpin","Siglech",0.2,0.04
-0.052787140479615,6.95528752954285,1,1,"Cyhr1","Siglech",0.2,0.04
-0.052787140479615,6.95528752954285,1,1,"Pacsin2","Siglech",0.2,0.04
-0.052787140479615,6.95528752954285,1,1,"Marf1","Siglech",0.2,0.04
-0.052787140479615,6.95528752954285,1,1,"Tap2","Siglech",0.2,0.04
-0.052787140479615,6.95528752954285,1,1,"Ptprs","Siglech",0.2,0.04
-0.052787140479615,6.95528752954285,1,1,"Nars","Siglech",0.2,0.04
-0.052787140479615,6.95528752954285,1,1,"Lman1","Siglech",0.2,0.04
-0.052787140479615,6.95528752954285,1,1,"Smad4","Siglech",0.2,0.04
-0.052787140479615,6.95528752954285,1,1,"Gm17018","Siglech",0.2,0.04
-0.052787140479615,6.95528752954285,1,1,"Prdx3","Siglech",0.2,0.04
-0.052787140479615,6.95528752954285,1,1,"AC149090.1","Siglech",0.2,0.04
0.220249511541698,8.14463718151167,1,1,"Lsm8","Siglech",0.2,0.04
0.220249511541698,8.14463718151167,1,1,"Ccar1","Siglech",0.2,0.04
0.220249511541698,8.14463718151167,1,1,"Grb2","Siglech",0.2,0.04
0.205665961263704,8.02377205783854,1,1,"Dtymk","Siglech",0.2,0.04
0.205665961263704,8.02377205783854,1,1,"Prdx6","Siglech",0.2,0.04
0.205665961263704,8.02377205783854,1,1,"Brd3","Siglech",0.2,0.04
0.205665961263704,8.02377205783854,1,1,"Cdca7","Siglech",0.2,0.04
0.205665961263704,8.02377205783854,1,1,"Ptbp3","Siglech",0.2,0.04
0.205665961263704,8.02377205783854,1,1,"Cnn2","Siglech",0.2,0.04
0.205665961263704,8.02377205783854,1,1,"Scaf11","Siglech",0.2,0.04
0.205665961263704,8.02377205783854,1,1,"Mzb1","Siglech",0.2,0.04
-0.0977783449798127,8.01804822802902,1,1,"Ptprc","Siglech",0.2,0.04
-0.0977783449798127,8.01804822802902,1,1,"Sdhb","Siglech",0.2,0.04
-0.0977783449798127,8.01804822802902,1,1,"Bclaf1","Siglech",0.2,0.04
-0.0977783449798127,8.01804822802902,1,1,"2410015M20Rik","Siglech",0.2,0.04
-0.0977783449798127,8.01804822802902,1,1,"Tm9sf3","Siglech",0.2,0.04
0.0965965381421568,8.70834887319025,1,1,"Cnbp","Siglech",0.2,0.04
-0.0438908540551595,9.86960990534768,1,1,"Serinc3","Siglech",0.2,0.04
-0.178537904783236,8.44633029950085,1,1,"Nasp","Siglech",0.2,0.04
-0.168224422184588,8.19329495020317,1,1,"Snx5","Siglech",0.2,0.04
-0.168224422184588,8.19329495020317,1,1,"Hmgn2","Siglech",0.2,0.04
-0.168224422184588,8.19329495020317,1,1,"Ubc","Siglech",0.2,0.04
-0.168224422184588,8.19329495020317,1,1,"Capza2","Siglech",0.2,0.04
-0.168224422184588,8.19329495020317,1,1,"Arpc4","Siglech",0.2,0.04
-0.168224422184588,8.19329495020317,1,1,"Selenok","Siglech",0.2,0.04
-0.168224422184588,8.19329495020317,1,1,"Tmem256","Siglech",0.2,0.04
-0.168224422184588,8.19329495020317,1,1,"Nme1","Siglech",0.2,0.04
-0.168224422184588,8.19329495020317,1,1,"Tmem258","Siglech",0.2,0.04
-0.0862656649359838,8.40122223615923,1,1,"Lsm3","Siglech",0.2,0.04
-0.0862656649359838,8.40122223615923,1,1,"Cope","Siglech",0.2,0.04
-0.0540323680367367,8.1390873405646,1,1,"Eif3c","Siglech",0.2,0.04
-0.0540323680367367,8.1390873405646,1,1,"Mdh1","Siglech",0.2,0.04
1.24753493056172,6.30892437830949,1,1,"Tmem70","Siglech",0.2,0.04
1.24753493056172,6.30892437830949,1,1,"Paqr8","Siglech",0.2,0.04
1.24753493056172,6.30892437830949,1,1,"Mgat4a","Siglech",0.2,0.04
1.24753493056172,6.30892437830949,1,1,"Nbeal1","Siglech",0.2,0.04
1.24753493056172,6.30892437830949,1,1,"Rpe","Siglech",0.2,0.04
1.24753493056172,6.30892437830949,1,1,"Atic","Siglech",0.2,0.04
1.24753493056172,6.30892437830949,1,1,"Wdfy1","Siglech",0.2,0.04
1.24753493056172,6.30892437830949,1,1,"Zcchc2","Siglech",0.2,0.04
1.24753493056172,6.30892437830949,1,1,"Clasp1","Siglech",0.2,0.04
1.24753493056172,6.30892437830949,1,1,"Adipor1","Siglech",0.2,0.04
1.24753493056172,6.30892437830949,1,1,"Kdm5b","Siglech",0.2,0.04
1.24753493056172,6.30892437830949,1,1,"Arl8a","Siglech",0.2,0.04
1.24753493056172,6.30892437830949,1,1,"Xpr1","Siglech",0.2,0.04
1.24753493056172,6.30892437830949,1,1,"Zbtb37","Siglech",0.2,0.04
1.24753493056172,6.30892437830949,1,1,"Vamp4","Siglech",0.2,0.04
1.24753493056172,6.30892437830949,1,1,"Iars2","Siglech",0.2,0.04
1.24753493056172,6.30892437830949,1,1,"Rrp15","Siglech",0.2,0.04
1.24753493056172,6.30892437830949,1,1,"A130010J15Rik","Siglech",0.2,0.04
1.24753493056172,6.30892437830949,1,1,"Mcm10","Siglech",0.2,0.04
1.24753493056172,6.30892437830949,1,1,"Upf2","Siglech",0.2,0.04
1.24753493056172,6.30892437830949,1,1,"Pdss1","Siglech",0.2,0.04
1.24753493056172,6.30892437830949,1,1,"Mastl","Siglech",0.2,0.04
1.24753493056172,6.30892437830949,1,1,"Gle1","Siglech",0.2,0.04
1.24753493056172,6.30892437830949,1,1,"Sptan1","Siglech",0.2,0.04
1.24753493056172,6.30892437830949,1,1,"Rabepk","Siglech",0.2,0.04
1.24753493056172,6.30892437830949,1,1,"Dab2ip","Siglech",0.2,0.04
1.24753493056172,6.30892437830949,1,1,"Zbtb26","Siglech",0.2,0.04
1.24753493056172,6.30892437830949,1,1,"Orc4","Siglech",0.2,0.04
1.24753493056172,6.30892437830949,1,1,"Atf2","Siglech",0.2,0.04
1.24753493056172,6.30892437830949,1,1,"Zdhhc5","Siglech",0.2,0.04
1.24753493056172,6.30892437830949,1,1,"Atg13","Siglech",0.2,0.04
1.24753493056172,6.30892437830949,1,1,"Fam98b","Siglech",0.2,0.04
1.24753493056172,6.30892437830949,1,1,"Zfyve19","Siglech",0.2,0.04
1.24753493056172,6.30892437830949,1,1,"Mfap1b","Siglech",0.2,0.04
1.24753493056172,6.30892437830949,1,1,"Tmem127","Siglech",0.2,0.04
1.24753493056172,6.30892437830949,1,1,"Vps16","Siglech",0.2,0.04
1.24753493056172,6.30892437830949,1,1,"Tmem230","Siglech",0.2,0.04
1.24753493056172,6.30892437830949,1,1,"Crnkl1","Siglech",0.2,0.04
1.24753493056172,6.30892437830949,1,1,"Plagl2","Siglech",0.2,0.04
1.24753493056172,6.30892437830949,1,1,"Gss","Siglech",0.2,0.04
1.24753493056172,6.30892437830949,1,1,"Phf20","Siglech",0.2,0.04
1.24753493056172,6.30892437830949,1,1,"Sla2","Siglech",0.2,0.04
1.24753493056172,6.30892437830949,1,1,"Prex1","Siglech",0.2,0.04
1.24753493056172,6.30892437830949,1,1,"Cebpb","Siglech",0.2,0.04
1.24753493056172,6.30892437830949,1,1,"Npepl1","Siglech",0.2,0.04
1.24753493056172,6.30892437830949,1,1,"Med14","Siglech",0.2,0.04
1.24753493056172,6.30892437830949,1,1,"Pgrmc1","Siglech",0.2,0.04
1.24753493056172,6.30892437830949,1,1,"Ocrl","Siglech",0.2,0.04
1.24753493056172,6.30892437830949,1,1,"Stk26","Siglech",0.2,0.04
1.24753493056172,6.30892437830949,1,1,"Lage3","Siglech",0.2,0.04
1.24753493056172,6.30892437830949,1,1,"F630028O10Rik","Siglech",0.2,0.04
1.24753493056172,6.30892437830949,1,1,"Pja1","Siglech",0.2,0.04
1.24753493056172,6.30892437830949,1,1,"2610002M06Rik","Siglech",0.2,0.04
1.24753493056172,6.30892437830949,1,1,"Phka2","Siglech",0.2,0.04
1.24753493056172,6.30892437830949,1,1,"Gm15261","Siglech",0.2,0.04
1.24753493056172,6.30892437830949,1,1,"Hccs","Siglech",0.2,0.04
1.24753493056172,6.30892437830949,1,1,"Ect2","Siglech",0.2,0.04
1.24753493056172,6.30892437830949,1,1,"Pgrmc2","Siglech",0.2,0.04
1.24753493056172,6.30892437830949,1,1,"Mgst2","Siglech",0.2,0.04
1.24753493056172,6.30892437830949,1,1,"Eif2a","Siglech",0.2,0.04
1.24753493056172,6.30892437830949,1,1,"Dhx36","Siglech",0.2,0.04
1.24753493056172,6.30892437830949,1,1,"Rrnad1","Siglech",0.2,0.04
1.24753493056172,6.30892437830949,1,1,"Clk2","Siglech",0.2,0.04
1.24753493056172,6.30892437830949,1,1,"Slc39a1","Siglech",0.2,0.04
1.24753493056172,6.30892437830949,1,1,"Ints3","Siglech",0.2,0.04
1.24753493056172,6.30892437830949,1,1,"S100a1","Siglech",0.2,0.04
1.24753493056172,6.30892437830949,1,1,"St7l","Siglech",0.2,0.04
1.24753493056172,6.30892437830949,1,1,"Dph5","Siglech",0.2,0.04
1.24753493056172,6.30892437830949,1,1,"Sass6","Siglech",0.2,0.04
1.24753493056172,6.30892437830949,1,1,"Abcd3","Siglech",0.2,0.04
1.24753493056172,6.30892437830949,1,1,"Orc3","Siglech",0.2,0.04
1.24753493056172,6.30892437830949,1,1,"Smim8","Siglech",0.2,0.04
1.24753493056172,6.30892437830949,1,1,"Hemgn","Siglech",0.2,0.04
1.24753493056172,6.30892437830949,1,1,"Ugcg","Siglech",0.2,0.04
1.24753493056172,6.30892437830949,1,1,"Hsdl2","Siglech",0.2,0.04
1.24753493056172,6.30892437830949,1,1,"Caap1","Siglech",0.2,0.04
1.24753493056172,6.30892437830949,1,1,"Usp24","Siglech",0.2,0.04
1.24753493056172,6.30892437830949,1,1,"Mrpl37","Siglech",0.2,0.04
1.24753493056172,6.30892437830949,1,1,"0610037L13Rik","Siglech",0.2,0.04
1.24753493056172,6.30892437830949,1,1,"Zyg11b","Siglech",0.2,0.04
1.24753493056172,6.30892437830949,1,1,"Kti12","Siglech",0.2,0.04
1.24753493056172,6.30892437830949,1,1,"Cdkn2c","Siglech",0.2,0.04
1.24753493056172,6.30892437830949,1,1,"Foxj3","Siglech",0.2,0.04
1.24753493056172,6.30892437830949,1,1,"Ctps","Siglech",0.2,0.04
1.24753493056172,6.30892437830949,1,1,"Cep85","Siglech",0.2,0.04
1.24753493056172,6.30892437830949,1,1,"Paqr7","Siglech",0.2,0.04
1.24753493056172,6.30892437830949,1,1,"Padi2","Siglech",0.2,0.04
1.24753493056172,6.30892437830949,1,1,"Fbxo42","Siglech",0.2,0.04
1.24753493056172,6.30892437830949,1,1,"Miip","Siglech",0.2,0.04
1.24753493056172,6.30892437830949,1,1,"Zbtb48","Siglech",0.2,0.04
1.24753493056172,6.30892437830949,1,1,"Nol9","Siglech",0.2,0.04
1.24753493056172,6.30892437830949,1,1,"Kcnab2","Siglech",0.2,0.04
1.24753493056172,6.30892437830949,1,1,"Atad3a","Siglech",0.2,0.04
1.24753493056172,6.30892437830949,1,1,"Ints11","Siglech",0.2,0.04
1.24753493056172,6.30892437830949,1,1,"Letm1","Siglech",0.2,0.04
1.24753493056172,6.30892437830949,1,1,"Tada2b","Siglech",0.2,0.04
1.24753493056172,6.30892437830949,1,1,"Fbxl5","Siglech",0.2,0.04
1.24753493056172,6.30892437830949,1,1,"Bend4","Siglech",0.2,0.04
1.24753493056172,6.30892437830949,1,1,"Stap1","Siglech",0.2,0.04
1.24753493056172,6.30892437830949,1,1,"Rchy1","Siglech",0.2,0.04
1.24753493056172,6.30892437830949,1,1,"Sec31a","Siglech",0.2,0.04
1.24753493056172,6.30892437830949,1,1,"Lrrc8b","Siglech",0.2,0.04
1.24753493056172,6.30892437830949,1,1,"Rpap2","Siglech",0.2,0.04
1.24753493056172,6.30892437830949,1,1,"Alkbh2","Siglech",0.2,0.04
1.24753493056172,6.30892437830949,1,1,"Kctd10","Siglech",0.2,0.04
1.24753493056172,6.30892437830949,1,1,"Rnf10","Siglech",0.2,0.04
1.24753493056172,6.30892437830949,1,1,"Fbxw8","Siglech",0.2,0.04
1.24753493056172,6.30892437830949,1,1,"Plbd2","Siglech",0.2,0.04
1.24753493056172,6.30892437830949,1,1,"Hectd4","Siglech",0.2,0.04
1.24753493056172,6.30892437830949,1,1,"Mphosph9","Siglech",0.2,0.04
1.24753493056172,6.30892437830949,1,1,"Sfswap","Siglech",0.2,0.04
1.24753493056172,6.30892437830949,1,1,"Zcwpw1","Siglech",0.2,0.04
1.24753493056172,6.30892437830949,1,1,"Mafk","Siglech",0.2,0.04
1.24753493056172,6.30892437830949,1,1,"Psmg3","Siglech",0.2,0.04
1.24753493056172,6.30892437830949,1,1,"Nudt1","Siglech",0.2,0.04
1.24753493056172,6.30892437830949,1,1,"Uspl1","Siglech",0.2,0.04
1.24753493056172,6.30892437830949,1,1,"Nrf1","Siglech",0.2,0.04
1.24753493056172,6.30892437830949,1,1,"Chchd3","Siglech",0.2,0.04
1.24753493056172,6.30892437830949,1,1,"Braf","Siglech",0.2,0.04
1.24753493056172,6.30892437830949,1,1,"Zfp956","Siglech",0.2,0.04
1.24753493056172,6.30892437830949,1,1,"Gimap6","Siglech",0.2,0.04
1.24753493056172,6.30892437830949,1,1,"Smyd5","Siglech",0.2,0.04
1.24753493056172,6.30892437830949,1,1,"Fam136a","Siglech",0.2,0.04
1.24753493056172,6.30892437830949,1,1,"Abtb1","Siglech",0.2,0.04
1.24753493056172,6.30892437830949,1,1,"Ccdc174","Siglech",0.2,0.04
1.24753493056172,6.30892437830949,1,1,"Suclg2","Siglech",0.2,0.04
1.24753493056172,6.30892437830949,1,1,"Arl8b","Siglech",0.2,0.04
1.24753493056172,6.30892437830949,1,1,"Tada3","Siglech",0.2,0.04
1.24753493056172,6.30892437830949,1,1,"Mkrn2","Siglech",0.2,0.04
1.24753493056172,6.30892437830949,1,1,"Ankrd26","Siglech",0.2,0.04
1.24753493056172,6.30892437830949,1,1,"Erc1","Siglech",0.2,0.04
1.24753493056172,6.30892437830949,1,1,"Bid","Siglech",0.2,0.04
1.24753493056172,6.30892437830949,1,1,"Atn1","Siglech",0.2,0.04
1.24753493056172,6.30892437830949,1,1,"Spsb2","Siglech",0.2,0.04
1.24753493056172,6.30892437830949,1,1,"3010003L21Rik","Siglech",0.2,0.04
1.24753493056172,6.30892437830949,1,1,"Zfp444","Siglech",0.2,0.04
1.24753493056172,6.30892437830949,1,1,"Fbxo46","Siglech",0.2,0.04
1.24753493056172,6.30892437830949,1,1,"Ethe1","Siglech",0.2,0.04
1.24753493056172,6.30892437830949,1,1,"Alkbh6","Siglech",0.2,0.04
1.24753493056172,6.30892437830949,1,1,"Pepd","Siglech",0.2,0.04
1.24753493056172,6.30892437830949,1,1,"Zfp507","Siglech",0.2,0.04
1.24753493056172,6.30892437830949,1,1,"Bcat2","Siglech",0.2,0.04
1.24753493056172,6.30892437830949,1,1,"Tm2d3","Siglech",0.2,0.04
1.24753493056172,6.30892437830949,1,1,"AU020206","Siglech",0.2,0.04
1.24753493056172,6.30892437830949,1,1,"Abhd2","Siglech",0.2,0.04
1.24753493056172,6.30892437830949,1,1,"Zfp592","Siglech",0.2,0.04
1.24753493056172,6.30892437830949,1,1,"Ppme1","Siglech",0.2,0.04
1.24753493056172,6.30892437830949,1,1,"Rab6a","Siglech",0.2,0.04
1.24753493056172,6.30892437830949,1,1,"Relt","Siglech",0.2,0.04
1.24753493056172,6.30892437830949,1,1,"Coq7","Siglech",0.2,0.04
1.24753493056172,6.30892437830949,1,1,"Ccp110","Siglech",0.2,0.04
1.24753493056172,6.30892437830949,1,1,"Ate1","Siglech",0.2,0.04
1.24753493056172,6.30892437830949,1,1,"Chst15","Siglech",0.2,0.04
1.24753493056172,6.30892437830949,1,1,"Dhcr7","Siglech",0.2,0.04
1.24753493056172,6.30892437830949,1,1,"Ncoa7","Siglech",0.2,0.04
1.24753493056172,6.30892437830949,1,1,"Tspyl1","Siglech",0.2,0.04
1.24753493056172,6.30892437830949,1,1,"Ascc3","Siglech",0.2,0.04
1.24753493056172,6.30892437830949,1,1,"Nrbf2","Siglech",0.2,0.04
1.24753493056172,6.30892437830949,1,1,"Tfam","Siglech",0.2,0.04
1.24753493056172,6.30892437830949,1,1,"Bcr","Siglech",0.2,0.04
1.24753493056172,6.30892437830949,1,1,"Trappc10","Siglech",0.2,0.04
1.24753493056172,6.30892437830949,1,1,"Cactin","Siglech",0.2,0.04
1.24753493056172,6.30892437830949,1,1,"Hcfc2","Siglech",0.2,0.04
1.24753493056172,6.30892437830949,1,1,"Cry1","Siglech",0.2,0.04
1.24753493056172,6.30892437830949,1,1,"Fbxo7","Siglech",0.2,0.04
1.24753493056172,6.30892437830949,1,1,"Vezt","Siglech",0.2,0.04
1.24753493056172,6.30892437830949,1,1,"Stxbp2","Siglech",0.2,0.04
1.24753493056172,6.30892437830949,1,1,"Dctn6","Siglech",0.2,0.04
1.24753493056172,6.30892437830949,1,1,"Rwdd4a","Siglech",0.2,0.04
1.24753493056172,6.30892437830949,1,1,"Upf1","Siglech",0.2,0.04
1.24753493056172,6.30892437830949,1,1,"Samd1","Siglech",0.2,0.04
1.24753493056172,6.30892437830949,1,1,"Mri1","Siglech",0.2,0.04
1.24753493056172,6.30892437830949,1,1,"Nfix","Siglech",0.2,0.04
1.24753493056172,6.30892437830949,1,1,"N4bp1","Siglech",0.2,0.04
1.24753493056172,6.30892437830949,1,1,"Rbl2","Siglech",0.2,0.04
1.24753493056172,6.30892437830949,1,1,"Mt1","Siglech",0.2,0.04
1.24753493056172,6.30892437830949,1,1,"Prmt7","Siglech",0.2,0.04
1.24753493056172,6.30892437830949,1,1,"Chtf8","Siglech",0.2,0.04
1.24753493056172,6.30892437830949,1,1,"Atxn1l","Siglech",0.2,0.04
1.24753493056172,6.30892437830949,1,1,"Rnf166","Siglech",0.2,0.04
1.24753493056172,6.30892437830949,1,1,"Chmp1a","Siglech",0.2,0.04
1.24753493056172,6.30892437830949,1,1,"Nrp1","Siglech",0.2,0.04
1.24753493056172,6.30892437830949,1,1,"Ngly1","Siglech",0.2,0.04
1.24753493056172,6.30892437830949,1,1,"Anxa7","Siglech",0.2,0.04
1.24753493056172,6.30892437830949,1,1,"Ap3m1","Siglech",0.2,0.04
1.24753493056172,6.30892437830949,1,1,"Ncoa4","Siglech",0.2,0.04
1.24753493056172,6.30892437830949,1,1,"Fam35a","Siglech",0.2,0.04
1.24753493056172,6.30892437830949,1,1,"Dlgap5","Siglech",0.2,0.04
1.24753493056172,6.30892437830949,1,1,"Gmpr2","Siglech",0.2,0.04
1.24753493056172,6.30892437830949,1,1,"Ripk3","Siglech",0.2,0.04
1.24753493056172,6.30892437830949,1,1,"Hmbox1","Siglech",0.2,0.04
1.24753493056172,6.30892437830949,1,1,"Ccdc82","Siglech",0.2,0.04
1.24753493056172,6.30892437830949,1,1,"Smco4","Siglech",0.2,0.04
1.24753493056172,6.30892437830949,1,1,"Ldlr","Siglech",0.2,0.04
1.24753493056172,6.30892437830949,1,1,"Ccdc84","Siglech",0.2,0.04
1.24753493056172,6.30892437830949,1,1,"Cep164","Siglech",0.2,0.04
1.24753493056172,6.30892437830949,1,1,"Sik3","Siglech",0.2,0.04
1.24753493056172,6.30892437830949,1,1,"AU019823","Siglech",0.2,0.04
1.24753493056172,6.30892437830949,1,1,"Ddx10","Siglech",0.2,0.04
1.24753493056172,6.30892437830949,1,1,"Commd4","Siglech",0.2,0.04
1.24753493056172,6.30892437830949,1,1,"Edc3","Siglech",0.2,0.04
1.24753493056172,6.30892437830949,1,1,"Plscr1","Siglech",0.2,0.04
1.24753493056172,6.30892437830949,1,1,"Armc8","Siglech",0.2,0.04
1.24753493056172,6.30892437830949,1,1,"Msl2","Siglech",0.2,0.04
1.24753493056172,6.30892437830949,1,1,"Apeh","Siglech",0.2,0.04
1.24753493056172,6.30892437830949,1,1,"Lrrfip2","Siglech",0.2,0.04
1.24753493056172,6.30892437830949,1,1,"Oxsr1","Siglech",0.2,0.04
1.24753493056172,6.30892437830949,1,1,"Trak1","Siglech",0.2,0.04
1.24753493056172,6.30892437830949,1,1,"Lars2","Siglech",0.2,0.04
1.24753493056172,6.30892437830949,1,1,"Zfp62","Siglech",0.2,0.04
1.24753493056172,6.30892437830949,1,1,"Clk4","Siglech",0.2,0.04
1.24753493056172,6.30892437830949,1,1,"Cdkn2aipnl","Siglech",0.2,0.04
1.24753493056172,6.30892437830949,1,1,"9530068E07Rik","Siglech",0.2,0.04
1.24753493056172,6.30892437830949,1,1,"Fnip1","Siglech",0.2,0.04
1.24753493056172,6.30892437830949,1,1,"Fam114a2","Siglech",0.2,0.04
1.24753493056172,6.30892437830949,1,1,"Gemin5","Siglech",0.2,0.04
1.24753493056172,6.30892437830949,1,1,"Gas7","Siglech",0.2,0.04
1.24753493056172,6.30892437830949,1,1,"Arrb2","Siglech",0.2,0.04
1.24753493056172,6.30892437830949,1,1,"Glod4","Siglech",0.2,0.04
1.24753493056172,6.30892437830949,1,1,"Mrm3","Siglech",0.2,0.04
1.24753493056172,6.30892437830949,1,1,"Spag5","Siglech",0.2,0.04
1.24753493056172,6.30892437830949,1,1,"Lyrm9","Siglech",0.2,0.04
1.24753493056172,6.30892437830949,1,1,"Nf1","Siglech",0.2,0.04
1.24753493056172,6.30892437830949,1,1,"Lig3","Siglech",0.2,0.04
1.24753493056172,6.30892437830949,1,1,"Brip1","Siglech",0.2,0.04
1.24753493056172,6.30892437830949,1,1,"Coil","Siglech",0.2,0.04
1.24753493056172,6.30892437830949,1,1,"Samd14","Siglech",0.2,0.04
1.24753493056172,6.30892437830949,1,1,"Arl5c","Siglech",0.2,0.04
1.24753493056172,6.30892437830949,1,1,"Tmem101","Siglech",0.2,0.04
1.24753493056172,6.30892437830949,1,1,"Mettl2","Siglech",0.2,0.04
1.24753493056172,6.30892437830949,1,1,"Cep95","Siglech",0.2,0.04
1.24753493056172,6.30892437830949,1,1,"Nol11","Siglech",0.2,0.04
1.24753493056172,6.30892437830949,1,1,"Kctd2","Siglech",0.2,0.04
1.24753493056172,6.30892437830949,1,1,"Pitrm1","Siglech",0.2,0.04
1.24753493056172,6.30892437830949,1,1,"Wdr37","Siglech",0.2,0.04
1.24753493056172,6.30892437830949,1,1,"Exoc2","Siglech",0.2,0.04
1.24753493056172,6.30892437830949,1,1,"Ripk1","Siglech",0.2,0.04
1.24753493056172,6.30892437830949,1,1,"Ranbp9","Siglech",0.2,0.04
1.24753493056172,6.30892437830949,1,1,"Gmpr","Siglech",0.2,0.04
1.24753493056172,6.30892437830949,1,1,"Bicd2","Siglech",0.2,0.04
1.24753493056172,6.30892437830949,1,1,"Fbxw17","Siglech",0.2,0.04
1.24753493056172,6.30892437830949,1,1,"Cltb","Siglech",0.2,0.04
1.24753493056172,6.30892437830949,1,1,"Ercc6l2","Siglech",0.2,0.04
1.24753493056172,6.30892437830949,1,1,"Tnpo1","Siglech",0.2,0.04
1.24753493056172,6.30892437830949,1,1,"Serf1","Siglech",0.2,0.04
1.24753493056172,6.30892437830949,1,1,"Dhx29","Siglech",0.2,0.04
1.24753493056172,6.30892437830949,1,1,"Parp8","Siglech",0.2,0.04
1.24753493056172,6.30892437830949,1,1,"Rab10os","Siglech",0.2,0.04
1.24753493056172,6.30892437830949,1,1,"Trappc12","Siglech",0.2,0.04
1.24753493056172,6.30892437830949,1,1,"Bcap29","Siglech",0.2,0.04
1.24753493056172,6.30892437830949,1,1,"Ifrd1","Siglech",0.2,0.04
1.24753493056172,6.30892437830949,1,1,"Heatr5a","Siglech",0.2,0.04
1.24753493056172,6.30892437830949,1,1,"Daam1","Siglech",0.2,0.04
1.24753493056172,6.30892437830949,1,1,"Ppm1a","Siglech",0.2,0.04
1.24753493056172,6.30892437830949,1,1,"Prkch","Siglech",0.2,0.04
1.24753493056172,6.30892437830949,1,1,"Zfp410","Siglech",0.2,0.04
1.24753493056172,6.30892437830949,1,1,"Cep128","Siglech",0.2,0.04
1.24753493056172,6.30892437830949,1,1,"Ighd","Siglech",0.2,0.04
1.24753493056172,6.30892437830949,1,1,"Rad1","Siglech",0.2,0.04
1.24753493056172,6.30892437830949,1,1,"March6","Siglech",0.2,0.04
1.24753493056172,6.30892437830949,1,1,"Nsmce2","Siglech",0.2,0.04
1.24753493056172,6.30892437830949,1,1,"Them6","Siglech",0.2,0.04
1.24753493056172,6.30892437830949,1,1,"Pycrl","Siglech",0.2,0.04
1.24753493056172,6.30892437830949,1,1,"Plec","Siglech",0.2,0.04
1.24753493056172,6.30892437830949,1,1,"Rps19bp1","Siglech",0.2,0.04
1.24753493056172,6.30892437830949,1,1,"Polr3h","Siglech",0.2,0.04
1.24753493056172,6.30892437830949,1,1,"Poldip3","Siglech",0.2,0.04
1.24753493056172,6.30892437830949,1,1,"Arfgap3","Siglech",0.2,0.04
1.24753493056172,6.30892437830949,1,1,"Parvb","Siglech",0.2,0.04
1.24753493056172,6.30892437830949,1,1,"Gxylt1","Siglech",0.2,0.04
1.24753493056172,6.30892437830949,1,1,"Arid2","Siglech",0.2,0.04
1.24753493056172,6.30892437830949,1,1,"Kansl2","Siglech",0.2,0.04
1.24753493056172,6.30892437830949,1,1,"Med15","Siglech",0.2,0.04
1.24753493056172,6.30892437830949,1,1,"Mrpl40","Siglech",0.2,0.04
1.24753493056172,6.30892437830949,1,1,"Abcf3","Siglech",0.2,0.04
1.24753493056172,6.30892437830949,1,1,"Dlg1","Siglech",0.2,0.04
1.24753493056172,6.30892437830949,1,1,"Atp6v1a","Siglech",0.2,0.04
1.24753493056172,6.30892437830949,1,1,"Nxpe3","Siglech",0.2,0.04
1.24753493056172,6.30892437830949,1,1,"Cmss1","Siglech",0.2,0.04
1.24753493056172,6.30892437830949,1,1,"Cpox","Siglech",0.2,0.04
1.24753493056172,6.30892437830949,1,1,"Usp25","Siglech",0.2,0.04
1.24753493056172,6.30892437830949,1,1,"Eci1","Siglech",0.2,0.04
1.24753493056172,6.30892437830949,1,1,"Gfer","Siglech",0.2,0.04
1.24753493056172,6.30892437830949,1,1,"Metrn","Siglech",0.2,0.04
1.24753493056172,6.30892437830949,1,1,"Rhot2","Siglech",0.2,0.04
1.24753493056172,6.30892437830949,1,1,"Nudt3","Siglech",0.2,0.04
1.24753493056172,6.30892437830949,1,1,"Pknox1","Siglech",0.2,0.04
1.24753493056172,6.30892437830949,1,1,"Kifc1","Siglech",0.2,0.04
1.24753493056172,6.30892437830949,1,1,"Rxrb","Siglech",0.2,0.04
1.24753493056172,6.30892437830949,1,1,"Atat1","Siglech",0.2,0.04
1.24753493056172,6.30892437830949,1,1,"Yipf3","Siglech",0.2,0.04
1.24753493056172,6.30892437830949,1,1,"Washc1","Siglech",0.2,0.04
1.24753493056172,6.30892437830949,1,1,"Ddx11","Siglech",0.2,0.04
1.24753493056172,6.30892437830949,1,1,"Cebpzos","Siglech",0.2,0.04
1.24753493056172,6.30892437830949,1,1,"Msh6","Siglech",0.2,0.04
1.24753493056172,6.30892437830949,1,1,"Zfp24","Siglech",0.2,0.04
1.24753493056172,6.30892437830949,1,1,"Ino80c","Siglech",0.2,0.04
1.24753493056172,6.30892437830949,1,1,"Slc39a6","Siglech",0.2,0.04
1.24753493056172,6.30892437830949,1,1,"Elp2","Siglech",0.2,0.04
1.24753493056172,6.30892437830949,1,1,"Kif20a","Siglech",0.2,0.04
1.24753493056172,6.30892437830949,1,1,"Rnf14","Siglech",0.2,0.04
1.24753493056172,6.30892437830949,1,1,"Isoc1","Siglech",0.2,0.04
1.24753493056172,6.30892437830949,1,1,"Rbm22","Siglech",0.2,0.04
1.24753493056172,6.30892437830949,1,1,"Napg","Siglech",0.2,0.04
1.24753493056172,6.30892437830949,1,1,"Chka","Siglech",0.2,0.04
1.24753493056172,6.30892437830949,1,1,"Yif1a","Siglech",0.2,0.04
1.24753493056172,6.30892437830949,1,1,"Kat5","Siglech",0.2,0.04
1.24753493056172,6.30892437830949,1,1,"Arl2","Siglech",0.2,0.04
1.24753493056172,6.30892437830949,1,1,"Bscl2","Siglech",0.2,0.04
1.24753493056172,6.30892437830949,1,1,"Cpsf7","Siglech",0.2,0.04
1.24753493056172,6.30892437830949,1,1,"Cbwd1","Siglech",0.2,0.04
1.24753493056172,6.30892437830949,1,1,"Noc3l","Siglech",0.2,0.04
1.24753493056172,6.30892437830949,1,1,"Arhgap19","Siglech",0.2,0.04
1.24753493056172,6.30892437830949,1,1,"Frat2","Siglech",0.2,0.04
1.24753493056172,6.30892437830949,1,1,"Zdhhc16","Siglech",0.2,0.04
1.24753493056172,6.30892437830949,1,1,"Hps1","Siglech",0.2,0.04
1.24753493056172,6.30892437830949,1,1,"Borcs7","Siglech",0.2,0.04
0.899060008071549,6.67219566130584,1,1,"Fam168b","Siglech",0.2,0.04
0.899060008071549,6.67219566130584,1,1,"Pnkd","Siglech",0.2,0.04
0.899060008071549,6.67219566130584,1,1,"Ctdsp1","Siglech",0.2,0.04
0.899060008071549,6.67219566130584,1,1,"Timm17a","Siglech",0.2,0.04
0.899060008071549,6.67219566130584,1,1,"Acbd3","Siglech",0.2,0.04
0.899060008071549,6.67219566130584,1,1,"Aida","Siglech",0.2,0.04
0.899060008071549,6.67219566130584,1,1,"Mia3","Siglech",0.2,0.04
0.899060008071549,6.67219566130584,1,1,"Nenf","Siglech",0.2,0.04
0.899060008071549,6.67219566130584,1,1,"Camk1d","Siglech",0.2,0.04
0.899060008071549,6.67219566130584,1,1,"Nelfb","Siglech",0.2,0.04
0.899060008071549,6.67219566130584,1,1,"Odf2","Siglech",0.2,0.04
0.899060008071549,6.67219566130584,1,1,"Mmadhc","Siglech",0.2,0.04
0.899060008071549,6.67219566130584,1,1,"Tlk1","Siglech",0.2,0.04
0.899060008071549,6.67219566130584,1,1,"Hsd17b12","Siglech",0.2,0.04
0.899060008071549,6.67219566130584,1,1,"Immp1l","Siglech",0.2,0.04
0.899060008071549,6.67219566130584,1,1,"Stard7","Siglech",0.2,0.04
0.899060008071549,6.67219566130584,1,1,"Fam110a","Siglech",0.2,0.04
0.899060008071549,6.67219566130584,1,1,"Elf4","Siglech",0.2,0.04
0.899060008071549,6.67219566130584,1,1,"Htatsf1","Siglech",0.2,0.04
0.899060008071549,6.67219566130584,1,1,"Emd","Siglech",0.2,0.04
0.899060008071549,6.67219566130584,1,1,"Pin4","Siglech",0.2,0.04
0.899060008071549,6.67219566130584,1,1,"4632415L05Rik","Siglech",0.2,0.04
0.899060008071549,6.67219566130584,1,1,"Gyg","Siglech",0.2,0.04
0.899060008071549,6.67219566130584,1,1,"Pik3ca","Siglech",0.2,0.04
0.899060008071549,6.67219566130584,1,1,"Fxr1","Siglech",0.2,0.04
0.899060008071549,6.67219566130584,1,1,"Kpna4","Siglech",0.2,0.04
0.899060008071549,6.67219566130584,1,1,"Gtf2b","Siglech",0.2,0.04
0.899060008071549,6.67219566130584,1,1,"Odf2l","Siglech",0.2,0.04
0.899060008071549,6.67219566130584,1,1,"Plin2","Siglech",0.2,0.04
0.899060008071549,6.67219566130584,1,1,"Zmpste24","Siglech",0.2,0.04
0.899060008071549,6.67219566130584,1,1,"Ppie","Siglech",0.2,0.04
0.899060008071549,6.67219566130584,1,1,"Hdac1","Siglech",0.2,0.04
0.899060008071549,6.67219566130584,1,1,"Mecr","Siglech",0.2,0.04
0.899060008071549,6.67219566130584,1,1,"Phactr4","Siglech",0.2,0.04
0.899060008071549,6.67219566130584,1,1,"Eif4g3","Siglech",0.2,0.04
0.899060008071549,6.67219566130584,1,1,"Cenps","Siglech",0.2,0.04
0.899060008071549,6.67219566130584,1,1,"Gm26825","Siglech",0.2,0.04
0.899060008071549,6.67219566130584,1,1,"Zfp512","Siglech",0.2,0.04
0.899060008071549,6.67219566130584,1,1,"Polr2b","Siglech",0.2,0.04
0.899060008071549,6.67219566130584,1,1,"Pcgf3","Siglech",0.2,0.04
0.899060008071549,6.67219566130584,1,1,"Ep400","Siglech",0.2,0.04
0.899060008071549,6.67219566130584,1,1,"Ube3b","Siglech",0.2,0.04
0.899060008071549,6.67219566130584,1,1,"Pptc7","Siglech",0.2,0.04
0.899060008071549,6.67219566130584,1,1,"Fam216a","Siglech",0.2,0.04
0.899060008071549,6.67219566130584,1,1,"Tmem248","Siglech",0.2,0.04
0.899060008071549,6.67219566130584,1,1,"Sbds","Siglech",0.2,0.04
0.899060008071549,6.67219566130584,1,1,"Ppp1r35","Siglech",0.2,0.04
0.899060008071549,6.67219566130584,1,1,"Ccz1","Siglech",0.2,0.04
0.899060008071549,6.67219566130584,1,1,"Trrap","Siglech",0.2,0.04
0.899060008071549,6.67219566130584,1,1,"2610001J05Rik","Siglech",0.2,0.04
0.899060008071549,6.67219566130584,1,1,"Rnf181","Siglech",0.2,0.04
0.899060008071549,6.67219566130584,1,1,"Aak1","Siglech",0.2,0.04
0.899060008071549,6.67219566130584,1,1,"Chchd6","Siglech",0.2,0.04
0.899060008071549,6.67219566130584,1,1,"Gt(ROSA)26Sor","Siglech",0.2,0.04
0.899060008071549,6.67219566130584,1,1,"Fbxl14","Siglech",0.2,0.04
0.899060008071549,6.67219566130584,1,1,"Cmas","Siglech",0.2,0.04
0.899060008071549,6.67219566130584,1,1,"C2cd5","Siglech",0.2,0.04
0.899060008071549,6.67219566130584,1,1,"Opa3","Siglech",0.2,0.04
0.899060008071549,6.67219566130584,1,1,"Tomm40","Siglech",0.2,0.04
0.899060008071549,6.67219566130584,1,1,"Klk8","Siglech",0.2,0.04
0.899060008071549,6.67219566130584,1,1,"Nomo1","Siglech",0.2,0.04
0.899060008071549,6.67219566130584,1,1,"Mphosph10","Siglech",0.2,0.04
0.899060008071549,6.67219566130584,1,1,"Mrpl46","Siglech",0.2,0.04
0.899060008071549,6.67219566130584,1,1,"Aen","Siglech",0.2,0.04
0.899060008071549,6.67219566130584,1,1,"Mrpl17","Siglech",0.2,0.04
0.899060008071549,6.67219566130584,1,1,"Tufm","Siglech",0.2,0.04
0.899060008071549,6.67219566130584,1,1,"AI467606","Siglech",0.2,0.04
0.899060008071549,6.67219566130584,1,1,"Ptdss2","Siglech",0.2,0.04
0.899060008071549,6.67219566130584,1,1,"Sf3a2","Siglech",0.2,0.04
0.899060008071549,6.67219566130584,1,1,"Pip5k1c","Siglech",0.2,0.04
0.899060008071549,6.67219566130584,1,1,"Txnrd1","Siglech",0.2,0.04
0.899060008071549,6.67219566130584,1,1,"Wrn","Siglech",0.2,0.04
0.899060008071549,6.67219566130584,1,1,"Naf1","Siglech",0.2,0.04
0.899060008071549,6.67219566130584,1,1,"Ssbp4","Siglech",0.2,0.04
0.899060008071549,6.67219566130584,1,1,"Ocel1","Siglech",0.2,0.04
0.899060008071549,6.67219566130584,1,1,"4921524J17Rik","Siglech",0.2,0.04
0.899060008071549,6.67219566130584,1,1,"Lonp2","Siglech",0.2,0.04
0.899060008071549,6.67219566130584,1,1,"Csnk2a2","Siglech",0.2,0.04
0.899060008071549,6.67219566130584,1,1,"Ist1","Siglech",0.2,0.04
0.899060008071549,6.67219566130584,1,1,"Cenpn","Siglech",0.2,0.04
0.899060008071549,6.67219566130584,1,1,"Gse1","Siglech",0.2,0.04
0.899060008071549,6.67219566130584,1,1,"Gnpnat1","Siglech",0.2,0.04
0.899060008071549,6.67219566130584,1,1,"Ttc5","Siglech",0.2,0.04
0.899060008071549,6.67219566130584,1,1,"Casp1","Siglech",0.2,0.04
0.899060008071549,6.67219566130584,1,1,"Tmem205","Siglech",0.2,0.04
0.899060008071549,6.67219566130584,1,1,"Tbrg1","Siglech",0.2,0.04
0.899060008071549,6.67219566130584,1,1,"Snx1","Siglech",0.2,0.04
0.899060008071549,6.67219566130584,1,1,"Scap","Siglech",0.2,0.04
0.899060008071549,6.67219566130584,1,1,"Sf3a1","Siglech",0.2,0.04
0.899060008071549,6.67219566130584,1,1,"Fignl1","Siglech",0.2,0.04
0.899060008071549,6.67219566130584,1,1,"Gid4","Siglech",0.2,0.04
0.899060008071549,6.67219566130584,1,1,"Flii","Siglech",0.2,0.04
0.899060008071549,6.67219566130584,1,1,"Slfn2","Siglech",0.2,0.04
0.899060008071549,6.67219566130584,1,1,"Mpo","Siglech",0.2,0.04
0.899060008071549,6.67219566130584,1,1,"Vezf1","Siglech",0.2,0.04
0.899060008071549,6.67219566130584,1,1,"Cdk5rap3","Siglech",0.2,0.04
0.899060008071549,6.67219566130584,1,1,"Med1","Siglech",0.2,0.04
0.899060008071549,6.67219566130584,1,1,"Psme3","Siglech",0.2,0.04
0.899060008071549,6.67219566130584,1,1,"Ccdc47","Siglech",0.2,0.04
0.899060008071549,6.67219566130584,1,1,"Ubald2","Siglech",0.2,0.04
0.899060008071549,6.67219566130584,1,1,"Rnf213","Siglech",0.2,0.04
0.899060008071549,6.67219566130584,1,1,"Gps1","Siglech",0.2,0.04
0.899060008071549,6.67219566130584,1,1,"Cdk13","Siglech",0.2,0.04
0.899060008071549,6.67219566130584,1,1,"Eci2","Siglech",0.2,0.04
0.899060008071549,6.67219566130584,1,1,"Eef1e1","Siglech",0.2,0.04
0.899060008071549,6.67219566130584,1,1,"Hivep1","Siglech",0.2,0.04
0.899060008071549,6.67219566130584,1,1,"Fam120a","Siglech",0.2,0.04
0.899060008071549,6.67219566130584,1,1,"Bdp1","Siglech",0.2,0.04
0.899060008071549,6.67219566130584,1,1,"Atad2b","Siglech",0.2,0.04
0.899060008071549,6.67219566130584,1,1,"Ddx1","Siglech",0.2,0.04
0.899060008071549,6.67219566130584,1,1,"Odc1","Siglech",0.2,0.04
0.899060008071549,6.67219566130584,1,1,"Fut8","Siglech",0.2,0.04
0.899060008071549,6.67219566130584,1,1,"Acyp1","Siglech",0.2,0.04
0.899060008071549,6.67219566130584,1,1,"Rcor1","Siglech",0.2,0.04
0.899060008071549,6.67219566130584,1,1,"Cdca7l","Siglech",0.2,0.04
0.899060008071549,6.67219566130584,1,1,"Gpaa1","Siglech",0.2,0.04
0.899060008071549,6.67219566130584,1,1,"Bop1","Siglech",0.2,0.04
0.899060008071549,6.67219566130584,1,1,"Larp4","Siglech",0.2,0.04
0.899060008071549,6.67219566130584,1,1,"Zc3h7a","Siglech",0.2,0.04
0.899060008071549,6.67219566130584,1,1,"Ppp1r2","Siglech",0.2,0.04
0.899060008071549,6.67219566130584,1,1,"Zfp148","Siglech",0.2,0.04
0.899060008071549,6.67219566130584,1,1,"Tomm70a","Siglech",0.2,0.04
0.899060008071549,6.67219566130584,1,1,"Ltn1","Siglech",0.2,0.04
0.899060008071549,6.67219566130584,1,1,"Spsb3","Siglech",0.2,0.04
0.899060008071549,6.67219566130584,1,1,"Zfp101","Siglech",0.2,0.04
0.899060008071549,6.67219566130584,1,1,"Rnf5","Siglech",0.2,0.04
0.899060008071549,6.67219566130584,1,1,"Mrpl14","Siglech",0.2,0.04
0.899060008071549,6.67219566130584,1,1,"Klhdc3","Siglech",0.2,0.04
0.899060008071549,6.67219566130584,1,1,"Oard1","Siglech",0.2,0.04
0.899060008071549,6.67219566130584,1,1,"Lbh","Siglech",0.2,0.04
0.899060008071549,6.67219566130584,1,1,"Rab18","Siglech",0.2,0.04
0.899060008071549,6.67219566130584,1,1,"Smad2","Siglech",0.2,0.04
0.899060008071549,6.67219566130584,1,1,"Mbp","Siglech",0.2,0.04
0.899060008071549,6.67219566130584,1,1,"Pla2g16","Siglech",0.2,0.04
0.899060008071549,6.67219566130584,1,1,"Psat1","Siglech",0.2,0.04
0.899060008071549,6.67219566130584,1,1,"Cdc37l1","Siglech",0.2,0.04
-0.587738661426785,6.30127384185694,1,1,"Dst","Siglech",0.2,0.04
-0.587738661426785,6.30127384185694,1,1,"Hs6st1","Siglech",0.2,0.04
-0.587738661426785,6.30127384185694,1,1,"Arid5a","Siglech",0.2,0.04
-0.587738661426785,6.30127384185694,1,1,"Ankrd39","Siglech",0.2,0.04
-0.587738661426785,6.30127384185694,1,1,"Ppil3","Siglech",0.2,0.04
-0.587738661426785,6.30127384185694,1,1,"Cyp20a1","Siglech",0.2,0.04
-0.587738661426785,6.30127384185694,1,1,"Atg16l1","Siglech",0.2,0.04
-0.587738661426785,6.30127384185694,1,1,"Thap4","Siglech",0.2,0.04
-0.587738661426785,6.30127384185694,1,1,"Ing5","Siglech",0.2,0.04
-0.587738661426785,6.30127384185694,1,1,"Tmem177","Siglech",0.2,0.04
-0.587738661426785,6.30127384185694,1,1,"Rab3gap1","Siglech",0.2,0.04
-0.587738661426785,6.30127384185694,1,1,"Tmem183a","Siglech",0.2,0.04
-0.587738661426785,6.30127384185694,1,1,"Rnpep","Siglech",0.2,0.04
-0.587738661426785,6.30127384185694,1,1,"Dennd1b","Siglech",0.2,0.04
-0.587738661426785,6.30127384185694,1,1,"Rnasel","Siglech",0.2,0.04
-0.587738661426785,6.30127384185694,1,1,"Scyl3","Siglech",0.2,0.04
-0.587738661426785,6.30127384185694,1,1,"Pogk","Siglech",0.2,0.04
-0.587738661426785,6.30127384185694,1,1,"Fcgr2b","Siglech",0.2,0.04
-0.587738661426785,6.30127384185694,1,1,"Hsd11b1","Siglech",0.2,0.04
-0.587738661426785,6.30127384185694,1,1,"Abi1","Siglech",0.2,0.04
-0.587738661426785,6.30127384185694,1,1,"Psd4","Siglech",0.2,0.04
-0.587738661426785,6.30127384185694,1,1,"Arrdc1","Siglech",0.2,0.04
-0.587738661426785,6.30127384185694,1,1,"Anapc2","Siglech",0.2,0.04
-0.587738661426785,6.30127384185694,1,1,"Vav2","Siglech",0.2,0.04
-0.587738661426785,6.30127384185694,1,1,"Tbc1d13","Siglech",0.2,0.04
-0.587738661426785,6.30127384185694,1,1,"Spout1","Siglech",0.2,0.04
-0.587738661426785,6.30127384185694,1,1,"Nup188","Siglech",0.2,0.04
-0.587738661426785,6.30127384185694,1,1,"St6galnac4","Siglech",0.2,0.04
-0.587738661426785,6.30127384185694,1,1,"Ralgps1","Siglech",0.2,0.04
-0.587738661426785,6.30127384185694,1,1,"Mapkap1","Siglech",0.2,0.04
-0.587738661426785,6.30127384185694,1,1,"Psmd5","Siglech",0.2,0.04
-0.587738661426785,6.30127384185694,1,1,"Zeb2os","Siglech",0.2,0.04
-0.587738661426785,6.30127384185694,1,1,"Fmnl2","Siglech",0.2,0.04
-0.587738661426785,6.30127384185694,1,1,"Cobll1","Siglech",0.2,0.04
-0.587738661426785,6.30127384185694,1,1,"Nup35","Siglech",0.2,0.04
-0.587738661426785,6.30127384185694,1,1,"Ptprj","Siglech",0.2,0.04
-0.587738661426785,6.30127384185694,1,1,"Hipk3","Siglech",0.2,0.04
-0.587738661426785,6.30127384185694,1,1,"Dph6","Siglech",0.2,0.04
-0.587738661426785,6.30127384185694,1,1,"Haus2","Siglech",0.2,0.04
-0.587738661426785,6.30127384185694,1,1,"Adal","Siglech",0.2,0.04
-0.587738661426785,6.30127384185694,1,1,"Galk2","Siglech",0.2,0.04
-0.587738661426785,6.30127384185694,1,1,"Dtwd1","Siglech",0.2,0.04
-0.587738661426785,6.30127384185694,1,1,"Itpa","Siglech",0.2,0.04
-0.587738661426785,6.30127384185694,1,1,"Cenpb","Siglech",0.2,0.04
-0.587738661426785,6.30127384185694,1,1,"Mcm8","Siglech",0.2,0.04
-0.587738661426785,6.30127384185694,1,1,"Mkks","Siglech",0.2,0.04
-0.587738661426785,6.30127384185694,1,1,"Pigu","Siglech",0.2,0.04
-0.587738661426785,6.30127384185694,1,1,"Rbm12","Siglech",0.2,0.04
-0.587738661426785,6.30127384185694,1,1,"Pcif1","Siglech",0.2,0.04
-0.587738661426785,6.30127384185694,1,1,"Cse1l","Siglech",0.2,0.04
-0.587738661426785,6.30127384185694,1,1,"Rnf114","Siglech",0.2,0.04
-0.587738661426785,6.30127384185694,1,1,"Adrm1","Siglech",0.2,0.04
-0.587738661426785,6.30127384185694,1,1,"Dynlt3","Siglech",0.2,0.04
-0.587738661426785,6.30127384185694,1,1,"Enox2","Siglech",0.2,0.04
-0.587738661426785,6.30127384185694,1,1,"Hcfc1","Siglech",0.2,0.04
-0.587738661426785,6.30127384185694,1,1,"Amer1","Siglech",0.2,0.04
-0.587738661426785,6.30127384185694,1,1,"Las1l","Siglech",0.2,0.04
-0.587738661426785,6.30127384185694,1,1,"Ercc6l","Siglech",0.2,0.04
-0.587738661426785,6.30127384185694,1,1,"Apool","Siglech",0.2,0.04
-0.587738661426785,6.30127384185694,1,1,"Iqsec2","Siglech",0.2,0.04
-0.587738661426785,6.30127384185694,1,1,"Pex2","Siglech",0.2,0.04
-0.587738661426785,6.30127384185694,1,1,"Phc3","Siglech",0.2,0.04
-0.587738661426785,6.30127384185694,1,1,"Supt20","Siglech",0.2,0.04
-0.587738661426785,6.30127384185694,1,1,"Gmps","Siglech",0.2,0.04
-0.587738661426785,6.30127384185694,1,1,"Etfdh","Siglech",0.2,0.04
-0.587738661426785,6.30127384185694,1,1,"Fbxw7","Siglech",0.2,0.04
-0.587738661426785,6.30127384185694,1,1,"Lrba","Siglech",0.2,0.04
-0.587738661426785,6.30127384185694,1,1,"Cd1d1","Siglech",0.2,0.04
-0.587738661426785,6.30127384185694,1,1,"Flad1","Siglech",0.2,0.04
-0.587738661426785,6.30127384185694,1,1,"Mrpl9","Siglech",0.2,0.04
-0.587738661426785,6.30127384185694,1,1,"Setdb1","Siglech",0.2,0.04
-0.587738661426785,6.30127384185694,1,1,"AI504432","Siglech",0.2,0.04
-0.587738661426785,6.30127384185694,1,1,"Camk2d","Siglech",0.2,0.04
-0.587738661426785,6.30127384185694,1,1,"Pkn2","Siglech",0.2,0.04
-0.587738661426785,6.30127384185694,1,1,"Znhit6","Siglech",0.2,0.04
-0.587738661426785,6.30127384185694,1,1,"Impad1","Siglech",0.2,0.04
-0.587738661426785,6.30127384185694,1,1,"Decr1","Siglech",0.2,0.04
-0.587738661426785,6.30127384185694,1,1,"Dcaf12","Siglech",0.2,0.04
-0.587738661426785,6.30127384185694,1,1,"Galt","Siglech",0.2,0.04
-0.587738661426785,6.30127384185694,1,1,"Tpm2","Siglech",0.2,0.04
-0.587738661426785,6.30127384185694,1,1,"Rnf38","Siglech",0.2,0.04
-0.587738661426785,6.30127384185694,1,1,"Grhpr","Siglech",0.2,0.04
-0.587738661426785,6.30127384185694,1,1,"Dcaf10","Siglech",0.2,0.04
-0.587738661426785,6.30127384185694,1,1,"Trim14","Siglech",0.2,0.04
-0.587738661426785,6.30127384185694,1,1,"Tex10","Siglech",0.2,0.04
-0.587738661426785,6.30127384185694,1,1,"Rnf20","Siglech",0.2,0.04
-0.587738661426785,6.30127384185694,1,1,"Dnajc25","Siglech",0.2,0.04
-0.587738661426785,6.30127384185694,1,1,"Fggy","Siglech",0.2,0.04
-0.587738661426785,6.30127384185694,1,1,"Orc1","Siglech",0.2,0.04
-0.587738661426785,6.30127384185694,1,1,"Rnf11","Siglech",0.2,0.04
-0.587738661426785,6.30127384185694,1,1,"Scmh1","Siglech",0.2,0.04
-0.587738661426785,6.30127384185694,1,1,"Trappc3","Siglech",0.2,0.04
-0.587738661426785,6.30127384185694,1,1,"Smim12","Siglech",0.2,0.04
-0.587738661426785,6.30127384185694,1,1,"Lck","Siglech",0.2,0.04
-0.587738661426785,6.30127384185694,1,1,"Rcc1","Siglech",0.2,0.04
-0.587738661426785,6.30127384185694,1,1,"Pnrc2","Siglech",0.2,0.04
-0.587738661426785,6.30127384185694,1,1,"Pithd1","Siglech",0.2,0.04
-0.587738661426785,6.30127384185694,1,1,"Ephb2","Siglech",0.2,0.04
-0.587738661426785,6.30127384185694,1,1,"Usp48","Siglech",0.2,0.04
-0.587738661426785,6.30127384185694,1,1,"Ddi2","Siglech",0.2,0.04
-0.587738661426785,6.30127384185694,1,1,"Pex14","Siglech",0.2,0.04
-0.587738661426785,6.30127384185694,1,1,"Fam126a","Siglech",0.2,0.04
-0.587738661426785,6.30127384185694,1,1,"Nom1","Siglech",0.2,0.04
-0.587738661426785,6.30127384185694,1,1,"Fam193a","Siglech",0.2,0.04
-0.587738661426785,6.30127384185694,1,1,"Rab28","Siglech",0.2,0.04
-0.587738661426785,6.30127384185694,1,1,"N4bp2","Siglech",0.2,0.04
-0.587738661426785,6.30127384185694,1,1,"Apbb2","Siglech",0.2,0.04
-0.587738661426785,6.30127384185694,1,1,"Slain2","Siglech",0.2,0.04
-0.587738661426785,6.30127384185694,1,1,"Usp46","Siglech",0.2,0.04
-0.587738661426785,6.30127384185694,1,1,"Exoc1","Siglech",0.2,0.04
-0.587738661426785,6.30127384185694,1,1,"Cox18","Siglech",0.2,0.04
-0.587738661426785,6.30127384185694,1,1,"Lrrc8c","Siglech",0.2,0.04
-0.587738661426785,6.30127384185694,1,1,"Dr1","Siglech",0.2,0.04
-0.587738661426785,6.30127384185694,1,1,"Gak","Siglech",0.2,0.04
-0.587738661426785,6.30127384185694,1,1,"Hps4","Siglech",0.2,0.04
-0.587738661426785,6.30127384185694,1,1,"1500011B03Rik","Siglech",0.2,0.04
-0.587738661426785,6.30127384185694,1,1,"AI480526","Siglech",0.2,0.04
-0.587738661426785,6.30127384185694,1,1,"Clip1","Siglech",0.2,0.04
-0.587738661426785,6.30127384185694,1,1,"Gtf2h3","Siglech",0.2,0.04
-0.587738661426785,6.30127384185694,1,1,"Psph","Siglech",0.2,0.04
-0.587738661426785,6.30127384185694,1,1,"Vkorc1l1","Siglech",0.2,0.04
-0.587738661426785,6.30127384185694,1,1,"Crcp","Siglech",0.2,0.04
-0.587738661426785,6.30127384185694,1,1,"Gigyf1","Siglech",0.2,0.04
-0.587738661426785,6.30127384185694,1,1,"Zkscan1","Siglech",0.2,0.04
-0.587738661426785,6.30127384185694,1,1,"Wipi2","Siglech",0.2,0.04
-0.587738661426785,6.30127384185694,1,1,"Rbak","Siglech",0.2,0.04
-0.587738661426785,6.30127384185694,1,1,"Slc7a1","Siglech",0.2,0.04
-0.587738661426785,6.30127384185694,1,1,"Pon2","Siglech",0.2,0.04
-0.587738661426785,6.30127384185694,1,1,"Slc25a13","Siglech",0.2,0.04
-0.587738661426785,6.30127384185694,1,1,"Mkrn1","Siglech",0.2,0.04
-0.587738661426785,6.30127384185694,1,1,"Zfp746","Siglech",0.2,0.04
-0.587738661426785,6.30127384185694,1,1,"Herc6","Siglech",0.2,0.04
-0.587738661426785,6.30127384185694,1,1,"Ptcd3","Siglech",0.2,0.04
-0.587738661426785,6.30127384185694,1,1,"Kcmf1","Siglech",0.2,0.04
-0.587738661426785,6.30127384185694,1,1,"Mrpl19","Siglech",0.2,0.04
-0.587738661426785,6.30127384185694,1,1,"Dctn1","Siglech",0.2,0.04
-0.587738661426785,6.30127384185694,1,1,"Pradc1","Siglech",0.2,0.04
-0.587738661426785,6.30127384185694,1,1,"Pcyox1","Siglech",0.2,0.04
-0.587738661426785,6.30127384185694,1,1,"Eefsec","Siglech",0.2,0.04
-0.587738661426785,6.30127384185694,1,1,"Tpra1","Siglech",0.2,0.04
-0.587738661426785,6.30127384185694,1,1,"Trnt1","Siglech",0.2,0.04
-0.587738661426785,6.30127384185694,1,1,"Jagn1","Siglech",0.2,0.04
-0.587738661426785,6.30127384185694,1,1,"Ddx47","Siglech",0.2,0.04
-0.587738661426785,6.30127384185694,1,1,"Mrps35","Siglech",0.2,0.04
-0.587738661426785,6.30127384185694,1,1,"Slc1a5","Siglech",0.2,0.04
-0.587738661426785,6.30127384185694,1,1,"Dedd2","Siglech",0.2,0.04
-0.587738661426785,6.30127384185694,1,1,"Bckdha","Siglech",0.2,0.04
-0.587738661426785,6.30127384185694,1,1,"Fam98c","Siglech",0.2,0.04
-0.587738661426785,6.30127384185694,1,1,"Gramd1a","Siglech",0.2,0.04
-0.587738661426785,6.30127384185694,1,1,"Faap24","Siglech",0.2,0.04
-0.587738661426785,6.30127384185694,1,1,"Pnkp","Siglech",0.2,0.04
-0.587738661426785,6.30127384185694,1,1,"Rras","Siglech",0.2,0.04
-0.587738661426785,6.30127384185694,1,1,"Lrrk1","Siglech",0.2,0.04
-0.587738661426785,6.30127384185694,1,1,"Crtc3","Siglech",0.2,0.04
-0.587738661426785,6.30127384185694,1,1,"Abhd17c","Siglech",0.2,0.04
-0.587738661426785,6.30127384185694,1,1,"Ctsc","Siglech",0.2,0.04
-0.587738661426785,6.30127384185694,1,1,"Pcf11","Siglech",0.2,0.04
-0.587738661426785,6.30127384185694,1,1,"Kctd14","Siglech",0.2,0.04
-0.587738661426785,6.30127384185694,1,1,"Ints4","Siglech",0.2,0.04
-0.587738661426785,6.30127384185694,1,1,"Thap12","Siglech",0.2,0.04
-0.587738661426785,6.30127384185694,1,1,"Arrb1","Siglech",0.2,0.04
-0.587738661426785,6.30127384185694,1,1,"Stard10","Siglech",0.2,0.04
-0.587738661426785,6.30127384185694,1,1,"Tmem9b","Siglech",0.2,0.04
-0.587738661426785,6.30127384185694,1,1,"Atp2a1","Siglech",0.2,0.04
-0.587738661426785,6.30127384185694,1,1,"Kctd13","Siglech",0.2,0.04
-0.587738661426785,6.30127384185694,1,1,"Zfp553","Siglech",0.2,0.04
-0.587738661426785,6.30127384185694,1,1,"9430038I01Rik","Siglech",0.2,0.04
-0.587738661426785,6.30127384185694,1,1,"Irf7","Siglech",0.2,0.04
-0.587738661426785,6.30127384185694,1,1,"Oraov1","Siglech",0.2,0.04
-0.587738661426785,6.30127384185694,1,1,"Rmnd1","Siglech",0.2,0.04
-0.587738661426785,6.30127384185694,1,1,"Utrn","Siglech",0.2,0.04
-0.587738661426785,6.30127384185694,1,1,"Hddc2","Siglech",0.2,0.04
-0.587738661426785,6.30127384185694,1,1,"Prep","Siglech",0.2,0.04
-0.587738661426785,6.30127384185694,1,1,"Serinc1","Siglech",0.2,0.04
-0.587738661426785,6.30127384185694,1,1,"Micu1","Siglech",0.2,0.04
-0.587738661426785,6.30127384185694,1,1,"Tysnd1","Siglech",0.2,0.04
-0.587738661426785,6.30127384185694,1,1,"Adora2a","Siglech",0.2,0.04
-0.587738661426785,6.30127384185694,1,1,"Sbno2","Siglech",0.2,0.04
-0.587738661426785,6.30127384185694,1,1,"Stk11","Siglech",0.2,0.04
-0.587738661426785,6.30127384185694,1,1,"Btbd2","Siglech",0.2,0.04
-0.587738661426785,6.30127384185694,1,1,"Dot1l","Siglech",0.2,0.04
-0.587738661426785,6.30127384185694,1,1,"Tbxa2r","Siglech",0.2,0.04
-0.587738661426785,6.30127384185694,1,1,"Pip4k2c","Siglech",0.2,0.04
-0.587738661426785,6.30127384185694,1,1,"Stat6","Siglech",0.2,0.04
-0.587738661426785,6.30127384185694,1,1,"A430046D13Rik","Siglech",0.2,0.04
-0.587738661426785,6.30127384185694,1,1,"Plekha2","Siglech",0.2,0.04
-0.587738661426785,6.30127384185694,1,1,"Plpp5","Siglech",0.2,0.04
-0.587738661426785,6.30127384185694,1,1,"Isyna1","Siglech",0.2,0.04
-0.587738661426785,6.30127384185694,1,1,"Map1s","Siglech",0.2,0.04
-0.587738661426785,6.30127384185694,1,1,"Cherp","Siglech",0.2,0.04
-0.587738661426785,6.30127384185694,1,1,"Smad1","Siglech",0.2,0.04
-0.587738661426785,6.30127384185694,1,1,"Gadd45gip1","Siglech",0.2,0.04
-0.587738661426785,6.30127384185694,1,1,"Heatr3","Siglech",0.2,0.04
-0.587738661426785,6.30127384185694,1,1,"Tradd","Siglech",0.2,0.04
-0.587738661426785,6.30127384185694,1,1,"Nfatc3","Siglech",0.2,0.04
-0.587738661426785,6.30127384185694,1,1,"Wwox","Siglech",0.2,0.04
-0.587738661426785,6.30127384185694,1,1,"Mphosph6","Siglech",0.2,0.04
-0.587738661426785,6.30127384185694,1,1,"Klhdc4","Siglech",0.2,0.04
-0.587738661426785,6.30127384185694,1,1,"Ttc13","Siglech",0.2,0.04
-0.587738661426785,6.30127384185694,1,1,"Gm26759","Siglech",0.2,0.04
-0.587738661426785,6.30127384185694,1,1,"2610044O15Rik8","Siglech",0.2,0.04
-0.587738661426785,6.30127384185694,1,1,"Sec24c","Siglech",0.2,0.04
-0.587738661426785,6.30127384185694,1,1,"Mapk8","Siglech",0.2,0.04
-0.587738661426785,6.30127384185694,1,1,"Ghitm","Siglech",0.2,0.04
-0.587738661426785,6.30127384185694,1,1,"Gmfb","Siglech",0.2,0.04
-0.587738661426785,6.30127384185694,1,1,"Parp2","Siglech",0.2,0.04
-0.587738661426785,6.30127384185694,1,1,"Zfp219","Siglech",0.2,0.04
-0.587738661426785,6.30127384185694,1,1,"Chd8","Siglech",0.2,0.04
-0.587738661426785,6.30127384185694,1,1,"Tox4","Siglech",0.2,0.04
-0.587738661426785,6.30127384185694,1,1,"Tm9sf1","Siglech",0.2,0.04
-0.587738661426785,6.30127384185694,1,1,"Dhrs1","Siglech",0.2,0.04
-0.587738661426785,6.30127384185694,1,1,"Cenpj","Siglech",0.2,0.04
-0.587738661426785,6.30127384185694,1,1,"Msra","Siglech",0.2,0.04
-0.587738661426785,6.30127384185694,1,1,"Polr3d","Siglech",0.2,0.04
-0.587738661426785,6.30127384185694,1,1,"Sucla2","Siglech",0.2,0.04
-0.587738661426785,6.30127384185694,1,1,"Commd6","Siglech",0.2,0.04
-0.587738661426785,6.30127384185694,1,1,"Ndfip2","Siglech",0.2,0.04
-0.587738661426785,6.30127384185694,1,1,"Panx1","Siglech",0.2,0.04
-0.587738661426785,6.30127384185694,1,1,"Zfp810","Siglech",0.2,0.04
-0.587738661426785,6.30127384185694,1,1,"Snx19","Siglech",0.2,0.04
-0.587738661426785,6.30127384185694,1,1,"Aplp2","Siglech",0.2,0.04
-0.587738661426785,6.30127384185694,1,1,"Gramd1b","Siglech",0.2,0.04
-0.587738661426785,6.30127384185694,1,1,"Thy1","Siglech",0.2,0.04
-0.587738661426785,6.30127384185694,1,1,"Fdx1","Siglech",0.2,0.04
-0.587738661426785,6.30127384185694,1,1,"Snapc5","Siglech",0.2,0.04
-0.587738661426785,6.30127384185694,1,1,"Pdcd7","Siglech",0.2,0.04
-0.587738661426785,6.30127384185694,1,1,"Usp3","Siglech",0.2,0.04
-0.587738661426785,6.30127384185694,1,1,"Leo1","Siglech",0.2,0.04
-0.587738661426785,6.30127384185694,1,1,"Atr","Siglech",0.2,0.04
-0.587738661426785,6.30127384185694,1,1,"Nck1","Siglech",0.2,0.04
-0.587738661426785,6.30127384185694,1,1,"Rrp9","Siglech",0.2,0.04
-0.587738661426785,6.30127384185694,1,1,"Cyb561d2","Siglech",0.2,0.04
-0.587738661426785,6.30127384185694,1,1,"Gmppb","Siglech",0.2,0.04
-0.587738661426785,6.30127384185694,1,1,"Arih2","Siglech",0.2,0.04
-0.587738661426785,6.30127384185694,1,1,"Cnot10","Siglech",0.2,0.04
-0.587738661426785,6.30127384185694,1,1,"Snrk","Siglech",0.2,0.04
-0.587738661426785,6.30127384185694,1,1,"Pes1","Siglech",0.2,0.04
-0.587738661426785,6.30127384185694,1,1,"Myo1g","Siglech",0.2,0.04
-0.587738661426785,6.30127384185694,1,1,"Ppp3r1","Siglech",0.2,0.04
-0.587738661426785,6.30127384185694,1,1,"Vrk2","Siglech",0.2,0.04
-0.587738661426785,6.30127384185694,1,1,"Nprl3","Siglech",0.2,0.04
-0.587738661426785,6.30127384185694,1,1,"Rmnd5b","Siglech",0.2,0.04
-0.587738661426785,6.30127384185694,1,1,"Sec24a","Siglech",0.2,0.04
-0.587738661426785,6.30127384185694,1,1,"Slc36a1","Siglech",0.2,0.04
-0.587738661426785,6.30127384185694,1,1,"Dhrs7b","Siglech",0.2,0.04
-0.587738661426785,6.30127384185694,1,1,"Map2k3","Siglech",0.2,0.04
-0.587738661426785,6.30127384185694,1,1,"Tvp23b","Siglech",0.2,0.04
-0.587738661426785,6.30127384185694,1,1,"Zkscan6","Siglech",0.2,0.04
-0.587738661426785,6.30127384185694,1,1,"Smyd4","Siglech",0.2,0.04
-0.587738661426785,6.30127384185694,1,1,"Crk","Siglech",0.2,0.04
-0.587738661426785,6.30127384185694,1,1,"Myo18a","Siglech",0.2,0.04
-0.587738661426785,6.30127384185694,1,1,"Rffl","Siglech",0.2,0.04
-0.587738661426785,6.30127384185694,1,1,"Ap2b1","Siglech",0.2,0.04
-0.587738661426785,6.30127384185694,1,1,"Snx11","Siglech",0.2,0.04
-0.587738661426785,6.30127384185694,1,1,"Thra","Siglech",0.2,0.04
-0.587738661426785,6.30127384185694,1,1,"Cdc6","Siglech",0.2,0.04
-0.587738661426785,6.30127384185694,1,1,"Dcakd","Siglech",0.2,0.04
-0.587738661426785,6.30127384185694,1,1,"Gosr2","Siglech",0.2,0.04
-0.587738661426785,6.30127384185694,1,1,"Ddx42","Siglech",0.2,0.04
-0.587738661426785,6.30127384185694,1,1,"Unk","Siglech",0.2,0.04
-0.587738661426785,6.30127384185694,1,1,"Prpsap1","Siglech",0.2,0.04
-0.587738661426785,6.30127384185694,1,1,"Slc25a10","Siglech",0.2,0.04
-0.587738661426785,6.30127384185694,1,1,"Wdr45b","Siglech",0.2,0.04
-0.587738661426785,6.30127384185694,1,1,"Lgals8","Siglech",0.2,0.04
-0.587738661426785,6.30127384185694,1,1,"Mcur1","Siglech",0.2,0.04
-0.587738661426785,6.30127384185694,1,1,"Thoc3","Siglech",0.2,0.04
-0.587738661426785,6.30127384185694,1,1,"Isca1","Siglech",0.2,0.04
-0.587738661426785,6.30127384185694,1,1,"Ccdc127","Siglech",0.2,0.04
-0.587738661426785,6.30127384185694,1,1,"Msh3","Siglech",0.2,0.04
-0.587738661426785,6.30127384185694,1,1,"Fcho2","Siglech",0.2,0.04
-0.587738661426785,6.30127384185694,1,1,"Wdcp","Siglech",0.2,0.04
-0.587738661426785,6.30127384185694,1,1,"Id2","Siglech",0.2,0.04
-0.587738661426785,6.30127384185694,1,1,"Ap4s1","Siglech",0.2,0.04
-0.587738661426785,6.30127384185694,1,1,"Togaram1","Siglech",0.2,0.04
-0.587738661426785,6.30127384185694,1,1,"Prpf39","Siglech",0.2,0.04
-0.587738661426785,6.30127384185694,1,1,"Arf6","Siglech",0.2,0.04
-0.587738661426785,6.30127384185694,1,1,"Hif1a","Siglech",0.2,0.04
-0.587738661426785,6.30127384185694,1,1,"Gphn","Siglech",0.2,0.04
-0.587738661426785,6.30127384185694,1,1,"Dcaf5","Siglech",0.2,0.04
-0.587738661426785,6.30127384185694,1,1,"Psen1","Siglech",0.2,0.04
-0.587738661426785,6.30127384185694,1,1,"Isca2","Siglech",0.2,0.04
-0.587738661426785,6.30127384185694,1,1,"Arel1","Siglech",0.2,0.04
-0.587738661426785,6.30127384185694,1,1,"Gtf2a1","Siglech",0.2,0.04
-0.587738661426785,6.30127384185694,1,1,"Cpsf2","Siglech",0.2,0.04
-0.587738661426785,6.30127384185694,1,1,"Klc1","Siglech",0.2,0.04
-0.587738661426785,6.30127384185694,1,1,"Zfp622","Siglech",0.2,0.04
-0.587738661426785,6.30127384185694,1,1,"Ebag9","Siglech",0.2,0.04
-0.587738661426785,6.30127384185694,1,1,"Trps1","Siglech",0.2,0.04
-0.587738661426785,6.30127384185694,1,1,"Derl1","Siglech",0.2,0.04
-0.587738661426785,6.30127384185694,1,1,"Fam91a1","Siglech",0.2,0.04
-0.587738661426785,6.30127384185694,1,1,"Sla","Siglech",0.2,0.04
-0.587738661426785,6.30127384185694,1,1,"Hsf1","Siglech",0.2,0.04
-0.587738661426785,6.30127384185694,1,1,"Sh3bp1","Siglech",0.2,0.04
-0.587738661426785,6.30127384185694,1,1,"Dnal4","Siglech",0.2,0.04
-0.587738661426785,6.30127384185694,1,1,"Cbx6","Siglech",0.2,0.04
-0.587738661426785,6.30127384185694,1,1,"Desi1","Siglech",0.2,0.04
-0.587738661426785,6.30127384185694,1,1,"Naga","Siglech",0.2,0.04
-0.587738661426785,6.30127384185694,1,1,"Tbc1d22a","Siglech",0.2,0.04
-0.587738661426785,6.30127384185694,1,1,"Sbf1","Siglech",0.2,0.04
-0.587738661426785,6.30127384185694,1,1,"Arsa","Siglech",0.2,0.04
-0.587738661426785,6.30127384185694,1,1,"Calcoco1","Siglech",0.2,0.04
-0.587738661426785,6.30127384185694,1,1,"Nckap1l","Siglech",0.2,0.04
-0.587738661426785,6.30127384185694,1,1,"Spidr","Siglech",0.2,0.04
-0.587738661426785,6.30127384185694,1,1,"Ydjc","Siglech",0.2,0.04
-0.587738661426785,6.30127384185694,1,1,"Snap29","Siglech",0.2,0.04
-0.587738661426785,6.30127384185694,1,1,"Crkl","Siglech",0.2,0.04
-0.587738661426785,6.30127384185694,1,1,"Dgcr8","Siglech",0.2,0.04
-0.587738661426785,6.30127384185694,1,1,"Klhl24","Siglech",0.2,0.04
-0.587738661426785,6.30127384185694,1,1,"Tctex1d2","Siglech",0.2,0.04
-0.587738661426785,6.30127384185694,1,1,"Hacd2","Siglech",0.2,0.04
-0.587738661426785,6.30127384185694,1,1,"Nsun3","Siglech",0.2,0.04
-0.587738661426785,6.30127384185694,1,1,"Setd4","Siglech",0.2,0.04
-0.587738661426785,6.30127384185694,1,1,"Cbr1","Siglech",0.2,0.04
-0.587738661426785,6.30127384185694,1,1,"Zdhhc14","Siglech",0.2,0.04
-0.587738661426785,6.30127384185694,1,1,"Rnaset2a","Siglech",0.2,0.04
-0.587738661426785,6.30127384185694,1,1,"Pdcd2","Siglech",0.2,0.04
-0.587738661426785,6.30127384185694,1,1,"E4f1","Siglech",0.2,0.04
-0.587738661426785,6.30127384185694,1,1,"BC003965","Siglech",0.2,0.04
-0.587738661426785,6.30127384185694,1,1,"Unkl","Siglech",0.2,0.04
-0.587738661426785,6.30127384185694,1,1,"Jmjd8","Siglech",0.2,0.04
-0.587738661426785,6.30127384185694,1,1,"Rab40c","Siglech",0.2,0.04
-0.587738661426785,6.30127384185694,1,1,"Gm8186","Siglech",0.2,0.04
-0.587738661426785,6.30127384185694,1,1,"Crebrf","Siglech",0.2,0.04
-0.587738661426785,6.30127384185694,1,1,"Bak1","Siglech",0.2,0.04
-0.587738661426785,6.30127384185694,1,1,"Gm26724","Siglech",0.2,0.04
-0.587738661426785,6.30127384185694,1,1,"Ccdc167","Siglech",0.2,0.04
-0.587738661426785,6.30127384185694,1,1,"Myo1f","Siglech",0.2,0.04
-0.587738661426785,6.30127384185694,1,1,"Zbtb22","Siglech",0.2,0.04
-0.587738661426785,6.30127384185694,1,1,"Slc39a7","Siglech",0.2,0.04
-0.587738661426785,6.30127384185694,1,1,"Fem1a","Siglech",0.2,0.04
-0.587738661426785,6.30127384185694,1,1,"Dus3l","Siglech",0.2,0.04
-0.587738661426785,6.30127384185694,1,1,"Gpr108","Siglech",0.2,0.04
-0.587738661426785,6.30127384185694,1,1,"Gm4707","Siglech",0.2,0.04
-0.587738661426785,6.30127384185694,1,1,"Cdc42ep3","Siglech",0.2,0.04
-0.587738661426785,6.30127384185694,1,1,"Tpgs2","Siglech",0.2,0.04
-0.587738661426785,6.30127384185694,1,1,"Taf7","Siglech",0.2,0.04
-0.587738661426785,6.30127384185694,1,1,"Fam210a","Siglech",0.2,0.04
-0.587738661426785,6.30127384185694,1,1,"Tcirg1","Siglech",0.2,0.04
-0.587738661426785,6.30127384185694,1,1,"Sart1","Siglech",0.2,0.04
-0.587738661426785,6.30127384185694,1,1,"Patl1","Siglech",0.2,0.04
-0.587738661426785,6.30127384185694,1,1,"Smarca2","Siglech",0.2,0.04
-0.587738661426785,6.30127384185694,1,1,"Atad1","Siglech",0.2,0.04
-0.587738661426785,6.30127384185694,1,1,"Rpp30","Siglech",0.2,0.04
-0.587738661426785,6.30127384185694,1,1,"March5","Siglech",0.2,0.04
-0.587738661426785,6.30127384185694,1,1,"Aldh18a1","Siglech",0.2,0.04
-0.587738661426785,6.30127384185694,1,1,"Got1","Siglech",0.2,0.04
-0.587738661426785,6.30127384185694,1,1,"Ldb1","Siglech",0.2,0.04
-0.587738661426785,6.30127384185694,1,1,"Actr1a","Siglech",0.2,0.04
-0.587738661426785,6.30127384185694,1,1,"Rab11fip2","Siglech",0.2,0.04
-0.213768119256851,6.66485117742214,1,1,"Sgk3","Siglech",0.2,0.04
-0.213768119256851,6.66485117742214,1,1,"Unc50","Siglech",0.2,0.04
-0.213768119256851,6.66485117742214,1,1,"Ankrd44","Siglech",0.2,0.04
-0.213768119256851,6.66485117742214,1,1,"Cflar","Siglech",0.2,0.04
-0.213768119256851,6.66485117742214,1,1,"Ndufs1","Siglech",0.2,0.04
-0.213768119256851,6.66485117742214,1,1,"Trip12","Siglech",0.2,0.04
-0.213768119256851,6.66485117742214,1,1,"Sp140","Siglech",0.2,0.04
-0.213768119256851,6.66485117742214,1,1,"Rassf5","Siglech",0.2,0.04
-0.213768119256851,6.66485117742214,1,1,"Ube2t","Siglech",0.2,0.04
-0.213768119256851,6.66485117742214,1,1,"Trmt1l","Siglech",0.2,0.04
-0.213768119256851,6.66485117742214,1,1,"Ncf2","Siglech",0.2,0.04
-0.213768119256851,6.66485117742214,1,1,"Nudt5","Siglech",0.2,0.04
-0.213768119256851,6.66485117742214,1,1,"Yme1l1","Siglech",0.2,0.04
-0.213768119256851,6.66485117742214,1,1,"Sh2d3c","Siglech",0.2,0.04
-0.213768119256851,6.66485117742214,1,1,"Ppp6c","Siglech",0.2,0.04
-0.213768119256851,6.66485117742214,1,1,"Myef2","Siglech",0.2,0.04
-0.213768119256851,6.66485117742214,1,1,"Ncaph","Siglech",0.2,0.04
-0.213768119256851,6.66485117742214,1,1,"Trpc4ap","Siglech",0.2,0.04
-0.213768119256851,6.66485117742214,1,1,"Oser1","Siglech",0.2,0.04
-0.213768119256851,6.66485117742214,1,1,"Rbm38","Siglech",0.2,0.04
-0.213768119256851,6.66485117742214,1,1,"Rab22a","Siglech",0.2,0.04
-0.213768119256851,6.66485117742214,1,1,"Rbmx","Siglech",0.2,0.04
-0.213768119256851,6.66485117742214,1,1,"Hmgb3","Siglech",0.2,0.04
-0.213768119256851,6.66485117742214,1,1,"Haus7","Siglech",0.2,0.04
-0.213768119256851,6.66485117742214,1,1,"Tbl1x","Siglech",0.2,0.04
-0.213768119256851,6.66485117742214,1,1,"Pdk3","Siglech",0.2,0.04
-0.213768119256851,6.66485117742214,1,1,"Alg13","Siglech",0.2,0.04
-0.213768119256851,6.66485117742214,1,1,"Ctps2","Siglech",0.2,0.04
-0.213768119256851,6.66485117742214,1,1,"Zfp704","Siglech",0.2,0.04
-0.213768119256851,6.66485117742214,1,1,"Mrpl47","Siglech",0.2,0.04
-0.213768119256851,6.66485117742214,1,1,"Atp11b","Siglech",0.2,0.04
-0.213768119256851,6.66485117742214,1,1,"Alg5","Siglech",0.2,0.04
-0.213768119256851,6.66485117742214,1,1,"Glmp","Siglech",0.2,0.04
-0.213768119256851,6.66485117742214,1,1,"Slc50a1","Siglech",0.2,0.04
-0.213768119256851,6.66485117742214,1,1,"Gatad2b","Siglech",0.2,0.04
-0.213768119256851,6.66485117742214,1,1,"Vps72","Siglech",0.2,0.04
-0.213768119256851,6.66485117742214,1,1,"Man1a2","Siglech",0.2,0.04
-0.213768119256851,6.66485117742214,1,1,"Tspan2","Siglech",0.2,0.04
-0.213768119256851,6.66485117742214,1,1,"Hipk1","Siglech",0.2,0.04
-0.213768119256851,6.66485117742214,1,1,"Ahcyl1","Siglech",0.2,0.04
-0.213768119256851,6.66485117742214,1,1,"Larp7","Siglech",0.2,0.04
-0.213768119256851,6.66485117742214,1,1,"Hadh","Siglech",0.2,0.04
-0.213768119256851,6.66485117742214,1,1,"Acadm","Siglech",0.2,0.04
-0.213768119256851,6.66485117742214,1,1,"Tgs1","Siglech",0.2,0.04
-0.213768119256851,6.66485117742214,1,1,"Nsmaf","Siglech",0.2,0.04
-0.213768119256851,6.66485117742214,1,1,"Ufl1","Siglech",0.2,0.04
-0.213768119256851,6.66485117742214,1,1,"Topors","Siglech",0.2,0.04
-0.213768119256851,6.66485117742214,1,1,"Tesk1","Siglech",0.2,0.04
-0.213768119256851,6.66485117742214,1,1,"Zcchc7","Siglech",0.2,0.04
-0.213768119256851,6.66485117742214,1,1,"Alad","Siglech",0.2,0.04
-0.213768119256851,6.66485117742214,1,1,"Mknk1","Siglech",0.2,0.04
-0.213768119256851,6.66485117742214,1,1,"Svbp","Siglech",0.2,0.04
-0.213768119256851,6.66485117742214,1,1,"Rragc","Siglech",0.2,0.04
-0.213768119256851,6.66485117742214,1,1,"Meaf6","Siglech",0.2,0.04
-0.213768119256851,6.66485117742214,1,1,"Srsf4","Siglech",0.2,0.04
-0.213768119256851,6.66485117742214,1,1,"Emc1","Siglech",0.2,0.04
-0.213768119256851,6.66485117742214,1,1,"C1qtnf12","Siglech",0.2,0.04
-0.213768119256851,6.66485117742214,1,1,"Dbf4","Siglech",0.2,0.04
-0.213768119256851,6.66485117742214,1,1,"2700038G22Rik","Siglech",0.2,0.04
-0.213768119256851,6.66485117742214,1,1,"Slc4a1ap","Siglech",0.2,0.04
-0.213768119256851,6.66485117742214,1,1,"Ppat","Siglech",0.2,0.04
-0.213768119256851,6.66485117742214,1,1,"Mob1b","Siglech",0.2,0.04
-0.213768119256851,6.66485117742214,1,1,"Bmp2k","Siglech",0.2,0.04
-0.213768119256851,6.66485117742214,1,1,"Grk3","Siglech",0.2,0.04
-0.213768119256851,6.66485117742214,1,1,"Camkk2","Siglech",0.2,0.04
-0.213768119256851,6.66485117742214,1,1,"Bud23","Siglech",0.2,0.04
-0.213768119256851,6.66485117742214,1,1,"Ints1","Siglech",0.2,0.04
-0.213768119256851,6.66485117742214,1,1,"Ubn2","Siglech",0.2,0.04
-0.213768119256851,6.66485117742214,1,1,"Osbpl3","Siglech",0.2,0.04
-0.213768119256851,6.66485117742214,1,1,"Gars","Siglech",0.2,0.04
-0.213768119256851,6.66485117742214,1,1,"Mthfd2","Siglech",0.2,0.04
-0.213768119256851,6.66485117742214,1,1,"Bola3","Siglech",0.2,0.04
-0.213768119256851,6.66485117742214,1,1,"Tia1","Siglech",0.2,0.04
-0.213768119256851,6.66485117742214,1,1,"Nfu1","Siglech",0.2,0.04
-0.213768119256851,6.66485117742214,1,1,"Mboat7","Siglech",0.2,0.04
-0.213768119256851,6.66485117742214,1,1,"Pop4","Siglech",0.2,0.04
-0.213768119256851,6.66485117742214,1,1,"Josd2","Siglech",0.2,0.04
-0.213768119256851,6.66485117742214,1,1,"Gtf2h1","Siglech",0.2,0.04
-0.213768119256851,6.66485117742214,1,1,"Nsmce3","Siglech",0.2,0.04
-0.213768119256851,6.66485117742214,1,1,"Snrpa1","Siglech",0.2,0.04
-0.213768119256851,6.66485117742214,1,1,"Unc45a","Siglech",0.2,0.04
-0.213768119256851,6.66485117742214,1,1,"Tmem126a","Siglech",0.2,0.04
-0.213768119256851,6.66485117742214,1,1,"Slc29a3","Siglech",0.2,0.04
-0.213768119256851,6.66485117742214,1,1,"Tcf3","Siglech",0.2,0.04
-0.213768119256851,6.66485117742214,1,1,"Nup107","Siglech",0.2,0.04
-0.213768119256851,6.66485117742214,1,1,"Arhgap9","Siglech",0.2,0.04
-0.213768119256851,6.66485117742214,1,1,"Arhgef18","Siglech",0.2,0.04
-0.213768119256851,6.66485117742214,1,1,"Xab2","Siglech",0.2,0.04
-0.213768119256851,6.66485117742214,1,1,"Polb","Siglech",0.2,0.04
-0.213768119256851,6.66485117742214,1,1,"Acsl1","Siglech",0.2,0.04
-0.213768119256851,6.66485117742214,1,1,"Ing2","Siglech",0.2,0.04
-0.213768119256851,6.66485117742214,1,1,"E2f4","Siglech",0.2,0.04
-0.213768119256851,6.66485117742214,1,1,"Pxk","Siglech",0.2,0.04
-0.213768119256851,6.66485117742214,1,1,"Ecd","Siglech",0.2,0.04
-0.213768119256851,6.66485117742214,1,1,"Smim4","Siglech",0.2,0.04
-0.213768119256851,6.66485117742214,1,1,"Nt5dc2","Siglech",0.2,0.04
-0.213768119256851,6.66485117742214,1,1,"Dhrs4","Siglech",0.2,0.04
-0.213768119256851,6.66485117742214,1,1,"Sacs","Siglech",0.2,0.04
-0.213768119256851,6.66485117742214,1,1,"Ebpl","Siglech",0.2,0.04
-0.213768119256851,6.66485117742214,1,1,"Ints6","Siglech",0.2,0.04
-0.213768119256851,6.66485117742214,1,1,"Ppp2r2a","Siglech",0.2,0.04
-0.213768119256851,6.66485117742214,1,1,"Chek1","Siglech",0.2,0.04
-0.213768119256851,6.66485117742214,1,1,"Cul5","Siglech",0.2,0.04
-0.213768119256851,6.66485117742214,1,1,"Etfa","Siglech",0.2,0.04
-0.213768119256851,6.66485117742214,1,1,"Pstpip1","Siglech",0.2,0.04
-0.213768119256851,6.66485117742214,1,1,"Fbxo9","Siglech",0.2,0.04
-0.213768119256851,6.66485117742214,1,1,"Faim","Siglech",0.2,0.04
-0.213768119256851,6.66485117742214,1,1,"Mrpl3","Siglech",0.2,0.04
-0.213768119256851,6.66485117742214,1,1,"Ppm1m","Siglech",0.2,0.04
-0.213768119256851,6.66485117742214,1,1,"Ndufaf3","Siglech",0.2,0.04
-0.213768119256851,6.66485117742214,1,1,"Ahsa2","Siglech",0.2,0.04
-0.213768119256851,6.66485117742214,1,1,"Med7","Siglech",0.2,0.04
-0.213768119256851,6.66485117742214,1,1,"Sar1b","Siglech",0.2,0.04
-0.213768119256851,6.66485117742214,1,1,"Alkbh5","Siglech",0.2,0.04
-0.213768119256851,6.66485117742214,1,1,"Cntrob","Siglech",0.2,0.04
-0.213768119256851,6.66485117742214,1,1,"Chd3","Siglech",0.2,0.04
-0.213768119256851,6.66485117742214,1,1,"Mpdu1","Siglech",0.2,0.04
-0.213768119256851,6.66485117742214,1,1,"Plscr3","Siglech",0.2,0.04
-0.213768119256851,6.66485117742214,1,1,"Txndc17","Siglech",0.2,0.04
-0.213768119256851,6.66485117742214,1,1,"Supt6","Siglech",0.2,0.04
-0.213768119256851,6.66485117742214,1,1,"2610507B11Rik","Siglech",0.2,0.04
-0.213768119256851,6.66485117742214,1,1,"Tmem97","Siglech",0.2,0.04
-0.213768119256851,6.66485117742214,1,1,"Atad5","Siglech",0.2,0.04
-0.213768119256851,6.66485117742214,1,1,"Appbp2","Siglech",0.2,0.04
-0.213768119256851,6.66485117742214,1,1,"Kat7","Siglech",0.2,0.04
-0.213768119256851,6.66485117742214,1,1,"Casc3","Siglech",0.2,0.04
-0.213768119256851,6.66485117742214,1,1,"Gpatch8","Siglech",0.2,0.04
-0.213768119256851,6.66485117742214,1,1,"Tk1","Siglech",0.2,0.04
-0.213768119256851,6.66485117742214,1,1,"BC017643","Siglech",0.2,0.04
-0.213768119256851,6.66485117742214,1,1,"Rala","Siglech",0.2,0.04
-0.213768119256851,6.66485117742214,1,1,"Golm1","Siglech",0.2,0.04
-0.213768119256851,6.66485117742214,1,1,"Hmgcr","Siglech",0.2,0.04
-0.213768119256851,6.66485117742214,1,1,"Rgs7bp","Siglech",0.2,0.04
-0.213768119256851,6.66485117742214,1,1,"Prkar2b","Siglech",0.2,0.04
-0.213768119256851,6.66485117742214,1,1,"Pik3cg","Siglech",0.2,0.04
-0.213768119256851,6.66485117742214,1,1,"Trappc6b","Siglech",0.2,0.04
-0.213768119256851,6.66485117742214,1,1,"Zfyve26","Siglech",0.2,0.04
-0.213768119256851,6.66485117742214,1,1,"Adck1","Siglech",0.2,0.04
-0.213768119256851,6.66485117742214,1,1,"Cinp","Siglech",0.2,0.04
-0.213768119256851,6.66485117742214,1,1,"Otulin","Siglech",0.2,0.04
-0.213768119256851,6.66485117742214,1,1,"Vps13b","Siglech",0.2,0.04
-0.213768119256851,6.66485117742214,1,1,"St3gal1","Siglech",0.2,0.04
-0.213768119256851,6.66485117742214,1,1,"Tsta3","Siglech",0.2,0.04
-0.213768119256851,6.66485117742214,1,1,"Adsl","Siglech",0.2,0.04
-0.213768119256851,6.66485117742214,1,1,"Ep300","Siglech",0.2,0.04
-0.213768119256851,6.66485117742214,1,1,"Cenpm","Siglech",0.2,0.04
-0.213768119256851,6.66485117742214,1,1,"Ccnt1","Siglech",0.2,0.04
-0.213768119256851,6.66485117742214,1,1,"Ube2v2","Siglech",0.2,0.04
-0.213768119256851,6.66485117742214,1,1,"Cdc45","Siglech",0.2,0.04
-0.213768119256851,6.66485117742214,1,1,"Senp7","Siglech",0.2,0.04
-0.213768119256851,6.66485117742214,1,1,"Chaf1b","Siglech",0.2,0.04
-0.213768119256851,6.66485117742214,1,1,"Haghl","Siglech",0.2,0.04
-0.213768119256851,6.66485117742214,1,1,"Axin1","Siglech",0.2,0.04
-0.213768119256851,6.66485117742214,1,1,"Lemd2","Siglech",0.2,0.04
-0.213768119256851,6.66485117742214,1,1,"Akap8","Siglech",0.2,0.04
-0.213768119256851,6.66485117742214,1,1,"Supt3","Siglech",0.2,0.04
-0.213768119256851,6.66485117742214,1,1,"2310039H08Rik","Siglech",0.2,0.04
-0.213768119256851,6.66485117742214,1,1,"Lpin2","Siglech",0.2,0.04
-0.213768119256851,6.66485117742214,1,1,"Yipf4","Siglech",0.2,0.04
-0.213768119256851,6.66485117742214,1,1,"Ppp1r21","Siglech",0.2,0.04
-0.213768119256851,6.66485117742214,1,1,"Apc","Siglech",0.2,0.04
-0.213768119256851,6.66485117742214,1,1,"Ik","Siglech",0.2,0.04
-0.213768119256851,6.66485117742214,1,1,"Commd10","Siglech",0.2,0.04
-0.213768119256851,6.66485117742214,1,1,"Ptpn2","Siglech",0.2,0.04
-0.213768119256851,6.66485117742214,1,1,"Ppp6r3","Siglech",0.2,0.04
-0.213768119256851,6.66485117742214,1,1,"Rab1b","Siglech",0.2,0.04
-0.213768119256851,6.66485117742214,1,1,"Men1","Siglech",0.2,0.04
-0.213768119256851,6.66485117742214,1,1,"Pum3","Siglech",0.2,0.04
-0.213768119256851,6.66485117742214,1,1,"Tnks2","Siglech",0.2,0.04
-0.213768119256851,6.66485117742214,1,1,"mt-Atp8","Siglech",0.2,0.04
-0.108247167975221,8.62283398593242,1,1,"Mcm6","Siglech",0.2,0.04
-0.108247167975221,8.62283398593242,1,1,"Fus","Siglech",0.2,0.04
-0.108247167975221,8.62283398593242,1,1,"Psmb1","Siglech",0.2,0.04
0.0796121577061904,8.62764855586343,1,1,"Ndufa13","Siglech",0.2,0.04
0.0796121577061904,8.62764855586343,1,1,"Tkt","Siglech",0.2,0.04
0.0796121577061904,8.62764855586343,1,1,"Sf3b6","Siglech",0.2,0.04
0.0796121577061904,8.62764855586343,1,1,"Smc6","Siglech",0.2,0.04
0.0796121577061904,8.62764855586343,1,1,"Psma3","Siglech",0.2,0.04
3.34127212892633,5.82273475019451,1,1,"4732440D04Rik","Siglech",0.2,0.04
3.34127212892633,5.82273475019451,1,1,"Gm26901","Siglech",0.2,0.04
3.34127212892633,5.82273475019451,1,1,"Arfgef1","Siglech",0.2,0.04
3.34127212892633,5.82273475019451,1,1,"Stau2","Siglech",0.2,0.04
3.34127212892633,5.82273475019451,1,1,"Prim2","Siglech",0.2,0.04
3.34127212892633,5.82273475019451,1,1,"Sema4c","Siglech",0.2,0.04
3.34127212892633,5.82273475019451,1,1,"Aff3","Siglech",0.2,0.04
3.34127212892633,5.82273475019451,1,1,"Il1r2","Siglech",0.2,0.04
3.34127212892633,5.82273475019451,1,1,"Nabp1","Siglech",0.2,0.04
3.34127212892633,5.82273475019451,1,1,"Nif3l1","Siglech",0.2,0.04
3.34127212892633,5.82273475019451,1,1,"Stradb","Siglech",0.2,0.04
3.34127212892633,5.82273475019451,1,1,"Cnot9","Siglech",0.2,0.04
3.34127212892633,5.82273475019451,1,1,"Rnf25","Siglech",0.2,0.04
3.34127212892633,5.82273475019451,1,1,"Ttll4","Siglech",0.2,0.04
3.34127212892633,5.82273475019451,1,1,"Gm16094","Siglech",0.2,0.04
3.34127212892633,5.82273475019451,1,1,"Dis3l2","Siglech",0.2,0.04
3.34127212892633,5.82273475019451,1,1,"Erfe","Siglech",0.2,0.04
3.34127212892633,5.82273475019451,1,1,"Epb41l5","Siglech",0.2,0.04
3.34127212892633,5.82273475019451,1,1,"Gm15675","Siglech",0.2,0.04
3.34127212892633,5.82273475019451,1,1,"Cd55","Siglech",0.2,0.04
3.34127212892633,5.82273475019451,1,1,"Rbbp5","Siglech",0.2,0.04
3.34127212892633,5.82273475019451,1,1,"Ppp1r15b","Siglech",0.2,0.04
3.34127212892633,5.82273475019451,1,1,"Plekha6","Siglech",0.2,0.04
3.34127212892633,5.82273475019451,1,1,"Tmem9","Siglech",0.2,0.04
3.34127212892633,5.82273475019451,1,1,"Edem3","Siglech",0.2,0.04
3.34127212892633,5.82273475019451,1,1,"Klhl20","Siglech",0.2,0.04
3.34127212892633,5.82273475019451,1,1,"Mettl13","Siglech",0.2,0.04
3.34127212892633,5.82273475019451,1,1,"Mgst3","Siglech",0.2,0.04
3.34127212892633,5.82273475019451,1,1,"Uap1","Siglech",0.2,0.04
3.34127212892633,5.82273475019451,1,1,"Tomm40l","Siglech",0.2,0.04
3.34127212892633,5.82273475019451,1,1,"Dedd","Siglech",0.2,0.04
3.34127212892633,5.82273475019451,1,1,"Ifi207","Siglech",0.2,0.04
3.34127212892633,5.82273475019451,1,1,"Exo1","Siglech",0.2,0.04
3.34127212892633,5.82273475019451,1,1,"Sdccag8","Siglech",0.2,0.04
3.34127212892633,5.82273475019451,1,1,"Psen2","Siglech",0.2,0.04
3.34127212892633,5.82273475019451,1,1,"Fbxo28","Siglech",0.2,0.04
3.34127212892633,5.82273475019451,1,1,"Brox","Siglech",0.2,0.04
3.34127212892633,5.82273475019451,1,1,"Cd46","Siglech",0.2,0.04
3.34127212892633,5.82273475019451,1,1,"Suv39h2","Siglech",0.2,0.04
3.34127212892633,5.82273475019451,1,1,"Optn","Siglech",0.2,0.04
3.34127212892633,5.82273475019451,1,1,"St8sia6","Siglech",0.2,0.04
3.34127212892633,5.82273475019451,1,1,"Cacnb2","Siglech",0.2,0.04
3.34127212892633,5.82273475019451,1,1,"Plxdc2","Siglech",0.2,0.04
3.34127212892633,5.82273475019451,1,1,"Pip4k2a","Siglech",0.2,0.04
3.34127212892633,5.82273475019451,1,1,"Hnmt","Siglech",0.2,0.04
3.34127212892633,5.82273475019451,1,1,"Ndor1","Siglech",0.2,0.04
3.34127212892633,5.82273475019451,1,1,"Tprn","Siglech",0.2,0.04
3.34127212892633,5.82273475019451,1,1,"Man1b1","Siglech",0.2,0.04
3.34127212892633,5.82273475019451,1,1,"Uap1l1","Siglech",0.2,0.04
3.34127212892633,5.82273475019451,1,1,"Qsox2","Siglech",0.2,0.04
3.34127212892633,5.82273475019451,1,1,"Snapc4","Siglech",0.2,0.04
3.34127212892633,5.82273475019451,1,1,"Sdccag3","Siglech",0.2,0.04
3.34127212892633,5.82273475019451,1,1,"Inpp5e","Siglech",0.2,0.04
3.34127212892633,5.82273475019451,1,1,"Med27","Siglech",0.2,0.04
3.34127212892633,5.82273475019451,1,1,"Gpr107","Siglech",0.2,0.04
3.34127212892633,5.82273475019451,1,1,"Fubp3","Siglech",0.2,0.04
3.34127212892633,5.82273475019451,1,1,"Stxbp1","Siglech",0.2,0.04
3.34127212892633,5.82273475019451,1,1,"Phf19","Siglech",0.2,0.04
3.34127212892633,5.82273475019451,1,1,"9030204H09Rik","Siglech",0.2,0.04
3.34127212892633,5.82273475019451,1,1,"Gm13496","Siglech",0.2,0.04
3.34127212892633,5.82273475019451,1,1,"Ifih1","Siglech",0.2,0.04
3.34127212892633,5.82273475019451,1,1,"Phospho2","Siglech",0.2,0.04
3.34127212892633,5.82273475019451,1,1,"Gorasp2","Siglech",0.2,0.04
3.34127212892633,5.82273475019451,1,1,"Itga6","Siglech",0.2,0.04
3.34127212892633,5.82273475019451,1,1,"Rbm45","Siglech",0.2,0.04
3.34127212892633,5.82273475019451,1,1,"Harbi1","Siglech",0.2,0.04
3.34127212892633,5.82273475019451,1,1,"Ambra1","Siglech",0.2,0.04
3.34127212892633,5.82273475019451,1,1,"Prdm11","Siglech",0.2,0.04
3.34127212892633,5.82273475019451,1,1,"Tspan18","Siglech",0.2,0.04
3.34127212892633,5.82273475019451,1,1,"Alkbh3","Siglech",0.2,0.04
3.34127212892633,5.82273475019451,1,1,"Ttc17","Siglech",0.2,0.04
3.34127212892633,5.82273475019451,1,1,"Traf6","Siglech",0.2,0.04
3.34127212892633,5.82273475019451,1,1,"Ldlrad3","Siglech",0.2,0.04
3.34127212892633,5.82273475019451,1,1,"Nat10","Siglech",0.2,0.04
3.34127212892633,5.82273475019451,1,1,"Cd59a","Siglech",0.2,0.04
3.34127212892633,5.82273475019451,1,1,"Cstf3","Siglech",0.2,0.04
3.34127212892633,5.82273475019451,1,1,"Elp4","Siglech",0.2,0.04
3.34127212892633,5.82273475019451,1,1,"Arl14ep","Siglech",0.2,0.04
3.34127212892633,5.82273475019451,1,1,"Kif18a","Siglech",0.2,0.04
3.34127212892633,5.82273475019451,1,1,"BC052040","Siglech",0.2,0.04
3.34127212892633,5.82273475019451,1,1,"Inafm2","Siglech",0.2,0.04
3.34127212892633,5.82273475019451,1,1,"Gchfr","Siglech",0.2,0.04
3.34127212892633,5.82273475019451,1,1,"Ndufaf1","Siglech",0.2,0.04
3.34127212892633,5.82273475019451,1,1,"Stard9","Siglech",0.2,0.04
3.34127212892633,5.82273475019451,1,1,"Tmem62","Siglech",0.2,0.04
3.34127212892633,5.82273475019451,1,1,"Zscan29","Siglech",0.2,0.04
3.34127212892633,5.82273475019451,1,1,"Catsper2","Siglech",0.2,0.04
3.34127212892633,5.82273475019451,1,1,"Spg11","Siglech",0.2,0.04
3.34127212892633,5.82273475019451,1,1,"Gatm","Siglech",0.2,0.04
3.34127212892633,5.82273475019451,1,1,"Secisbp2l","Siglech",0.2,0.04
3.34127212892633,5.82273475019451,1,1,"Trpm7","Siglech",0.2,0.04
3.34127212892633,5.82273475019451,1,1,"Ap4e1","Siglech",0.2,0.04
3.34127212892633,5.82273475019451,1,1,"1810024B03Rik","Siglech",0.2,0.04
3.34127212892633,5.82273475019451,1,1,"Ciao1","Siglech",0.2,0.04
3.34127212892633,5.82273475019451,1,1,"Zc3h8","Siglech",0.2,0.04
3.34127212892633,5.82273475019451,1,1,"Chchd5","Siglech",0.2,0.04
3.34127212892633,5.82273475019451,1,1,"Atrn","Siglech",0.2,0.04
3.34127212892633,5.82273475019451,1,1,"Mavs","Siglech",0.2,0.04
3.34127212892633,5.82273475019451,1,1,"Smox","Siglech",0.2,0.04
3.34127212892633,5.82273475019451,1,1,"Tasp1","Siglech",0.2,0.04
3.34127212892633,5.82273475019451,1,1,"Macrod2","Siglech",0.2,0.04
3.34127212892633,5.82273475019451,1,1,"Kat14","Siglech",0.2,0.04
3.34127212892633,5.82273475019451,1,1,"Polr3f","Siglech",0.2,0.04
3.34127212892633,5.82273475019451,1,1,"Ralgapa2","Siglech",0.2,0.04
3.34127212892633,5.82273475019451,1,1,"Pygb","Siglech",0.2,0.04
3.34127212892633,5.82273475019451,1,1,"Gm14161","Siglech",0.2,0.04
3.34127212892633,5.82273475019451,1,1,"Tm9sf4","Siglech",0.2,0.04
3.34127212892633,5.82273475019451,1,1,"Dnmt3b","Siglech",0.2,0.04
3.34127212892633,5.82273475019451,1,1,"Cbfa2t2","Siglech",0.2,0.04
3.34127212892633,5.82273475019451,1,1,"Ncoa6","Siglech",0.2,0.04
3.34127212892633,5.82273475019451,1,1,"Epb41l1","Siglech",0.2,0.04
3.34127212892633,5.82273475019451,1,1,"Zhx3","Siglech",0.2,0.04
3.34127212892633,5.82273475019451,1,1,"Chd6","Siglech",0.2,0.04
3.34127212892633,5.82273475019451,1,1,"Arfgef2","Siglech",0.2,0.04
3.34127212892633,5.82273475019451,1,1,"Slc9a8","Siglech",0.2,0.04
3.34127212892633,5.82273475019451,1,1,"Nfatc2","Siglech",0.2,0.04
3.34127212892633,5.82273475019451,1,1,"Fam210b","Siglech",0.2,0.04
3.34127212892633,5.82273475019451,1,1,"Gm6710","Siglech",0.2,0.04
3.34127212892633,5.82273475019451,1,1,"Gm14295","Siglech",0.2,0.04
3.34127212892633,5.82273475019451,1,1,"Lsm14b","Siglech",0.2,0.04
3.34127212892633,5.82273475019451,1,1,"Arfgap1","Siglech",0.2,0.04
3.34127212892633,5.82273475019451,1,1,"Gmeb2","Siglech",0.2,0.04
3.34127212892633,5.82273475019451,1,1,"Zfp512b","Siglech",0.2,0.04
3.34127212892633,5.82273475019451,1,1,"Ccdc22","Siglech",0.2,0.04
3.34127212892633,5.82273475019451,1,1,"Tfe3","Siglech",0.2,0.04
3.34127212892633,5.82273475019451,1,1,"Maoa","Siglech",0.2,0.04
3.34127212892633,5.82273475019451,1,1,"Kdm6a","Siglech",0.2,0.04
3.34127212892633,5.82273475019451,1,1,"Usp11","Siglech",0.2,0.04
3.34127212892633,5.82273475019451,1,1,"Upf3b","Siglech",0.2,0.04
3.34127212892633,5.82273475019451,1,1,"C1galt1c1","Siglech",0.2,0.04
3.34127212892633,5.82273475019451,1,1,"Rbmx2","Siglech",0.2,0.04
3.34127212892633,5.82273475019451,1,1,"Mospd1","Siglech",0.2,0.04
3.34127212892633,5.82273475019451,1,1,"Atp11c","Siglech",0.2,0.04
3.34127212892633,5.82273475019451,1,1,"Tmem185a","Siglech",0.2,0.04
3.34127212892633,5.82273475019451,1,1,"Cd99l2","Siglech",0.2,0.04
3.34127212892633,5.82273475019451,1,1,"Nsdhl","Siglech",0.2,0.04
3.34127212892633,5.82273475019451,1,1,"F8a","Siglech",0.2,0.04
3.34127212892633,5.82273475019451,1,1,"Zfp275","Siglech",0.2,0.04
3.34127212892633,5.82273475019451,1,1,"Dnase1l1","Siglech",0.2,0.04
3.34127212892633,5.82273475019451,1,1,"Cmc4","Siglech",0.2,0.04
3.34127212892633,5.82273475019451,1,1,"Zfx","Siglech",0.2,0.04
3.34127212892633,5.82273475019451,1,1,"Zc4h2","Siglech",0.2,0.04
3.34127212892633,5.82273475019451,1,1,"Yipf6","Siglech",0.2,0.04
3.34127212892633,5.82273475019451,1,1,"Kif4","Siglech",0.2,0.04
3.34127212892633,5.82273475019451,1,1,"Med12","Siglech",0.2,0.04
3.34127212892633,5.82273475019451,1,1,"P2ry10","Siglech",0.2,0.04
3.34127212892633,5.82273475019451,1,1,"Chm","Siglech",0.2,0.04
3.34127212892633,5.82273475019451,1,1,"Tspan6","Siglech",0.2,0.04
3.34127212892633,5.82273475019451,1,1,"Gla","Siglech",0.2,0.04
3.34127212892633,5.82273475019451,1,1,"Armcx2","Siglech",0.2,0.04
3.34127212892633,5.82273475019451,1,1,"Arxes2","Siglech",0.2,0.04
3.34127212892633,5.82273475019451,1,1,"Acsl4","Siglech",0.2,0.04
3.34127212892633,5.82273475019451,1,1,"Tmem29","Siglech",0.2,0.04
3.34127212892633,5.82273475019451,1,1,"Apex2","Siglech",0.2,0.04
3.34127212892633,5.82273475019451,1,1,"Tspyl2","Siglech",0.2,0.04
3.34127212892633,5.82273475019451,1,1,"Syap1","Siglech",0.2,0.04
3.34127212892633,5.82273475019451,1,1,"Piga","Siglech",0.2,0.04
3.34127212892633,5.82273475019451,1,1,"Gpm6b","Siglech",0.2,0.04
3.34127212892633,5.82273475019451,1,1,"Tceanc","Siglech",0.2,0.04
3.34127212892633,5.82273475019451,1,1,"Tnik","Siglech",0.2,0.04
3.34127212892633,5.82273475019451,1,1,"Cetn4","Siglech",0.2,0.04
3.34127212892633,5.82273475019451,1,1,"Nudt6","Siglech",0.2,0.04
3.34127212892633,5.82273475019451,1,1,"Noct","Siglech",0.2,0.04
3.34127212892633,5.82273475019451,1,1,"Siah2","Siglech",0.2,0.04
3.34127212892633,5.82273475019451,1,1,"Med12l","Siglech",0.2,0.04
3.34127212892633,5.82273475019451,1,1,"P2ry13","Siglech",0.2,0.04
3.34127212892633,5.82273475019451,1,1,"Fnip2","Siglech",0.2,0.04
3.34127212892633,5.82273475019451,1,1,"Arfip1","Siglech",0.2,0.04
3.34127212892633,5.82273475019451,1,1,"Iqgap3","Siglech",0.2,0.04
3.34127212892633,5.82273475019451,1,1,"Lmna","Siglech",0.2,0.04
3.34127212892633,5.82273475019451,1,1,"Rit1","Siglech",0.2,0.04
3.34127212892633,5.82273475019451,1,1,"Gba","Siglech",0.2,0.04
3.34127212892633,5.82273475019451,1,1,"Atp8b2","Siglech",0.2,0.04
3.34127212892633,5.82273475019451,1,1,"Rab13","Siglech",0.2,0.04
3.34127212892633,5.82273475019451,1,1,"S100a4","Siglech",0.2,0.04
3.34127212892633,5.82273475019451,1,1,"S100a8","Siglech",0.2,0.04
3.34127212892633,5.82273475019451,1,1,"Snx27","Siglech",0.2,0.04
3.34127212892633,5.82273475019451,1,1,"Tuft1","Siglech",0.2,0.04
3.34127212892633,5.82273475019451,1,1,"Anxa9","Siglech",0.2,0.04
3.34127212892633,5.82273475019451,1,1,"Rprd2","Siglech",0.2,0.04
3.34127212892633,5.82273475019451,1,1,"Prpf3","Siglech",0.2,0.04
3.34127212892633,5.82273475019451,1,1,"Lix1l","Siglech",0.2,0.04
3.34127212892633,5.82273475019451,1,1,"Gpr89","Siglech",0.2,0.04
3.34127212892633,5.82273475019451,1,1,"Magi3","Siglech",0.2,0.04
3.34127212892633,5.82273475019451,1,1,"Chil3","Siglech",0.2,0.04
3.34127212892633,5.82273475019451,1,1,"Dram2","Siglech",0.2,0.04
3.34127212892633,5.82273475019451,1,1,"Cyb561d1","Siglech",0.2,0.04
3.34127212892633,5.82273475019451,1,1,"Psrc1","Siglech",0.2,0.04
3.34127212892633,5.82273475019451,1,1,"Gpsm2","Siglech",0.2,0.04
3.34127212892633,5.82273475019451,1,1,"Snx7","Siglech",0.2,0.04
3.34127212892633,5.82273475019451,1,1,"Papss1","Siglech",0.2,0.04
3.34127212892633,5.82273475019451,1,1,"Tbck","Siglech",0.2,0.04
3.34127212892633,5.82273475019451,1,1,"Gm43254","Siglech",0.2,0.04
3.34127212892633,5.82273475019451,1,1,"Slc39a8","Siglech",0.2,0.04
3.34127212892633,5.82273475019451,1,1,"Pdlim5","Siglech",0.2,0.04
3.34127212892633,5.82273475019451,1,1,"Gbp7","Siglech",0.2,0.04
3.34127212892633,5.82273475019451,1,1,"Kyat3","Siglech",0.2,0.04
3.34127212892633,5.82273475019451,1,1,"Hs2st1","Siglech",0.2,0.04
3.34127212892633,5.82273475019451,1,1,"Mcoln2","Siglech",0.2,0.04
3.34127212892633,5.82273475019451,1,1,"Ctbs","Siglech",0.2,0.04
3.34127212892633,5.82273475019451,1,1,"Depdc1a","Siglech",0.2,0.04
3.34127212892633,5.82273475019451,1,1,"2610301B20Rik","Siglech",0.2,0.04
3.34127212892633,5.82273475019451,1,1,"Gem","Siglech",0.2,0.04
3.34127212892633,5.82273475019451,1,1,"Pdp1","Siglech",0.2,0.04
3.34127212892633,5.82273475019451,1,1,"Rbm12b2","Siglech",0.2,0.04
3.34127212892633,5.82273475019451,1,1,"Nudt2","Siglech",0.2,0.04
3.34127212892633,5.82273475019451,1,1,"Gba2","Siglech",0.2,0.04
3.34127212892633,5.82273475019451,1,1,"Rgp1","Siglech",0.2,0.04
3.34127212892633,5.82273475019451,1,1,"Glipr2","Siglech",0.2,0.04
3.34127212892633,5.82273475019451,1,1,"Tmod1","Siglech",0.2,0.04
3.34127212892633,5.82273475019451,1,1,"Galnt12","Siglech",0.2,0.04
3.34127212892633,5.82273475019451,1,1,"Mrpl50","Siglech",0.2,0.04
3.34127212892633,5.82273475019451,1,1,"Tmem245","Siglech",0.2,0.04
3.34127212892633,5.82273475019451,1,1,"Susd1","Siglech",0.2,0.04
3.34127212892633,5.82273475019451,1,1,"Akna","Siglech",0.2,0.04
3.34127212892633,5.82273475019451,1,1,"Trim32","Siglech",0.2,0.04
3.34127212892633,5.82273475019451,1,1,"Kdm4c","Siglech",0.2,0.04
3.34127212892633,5.82273475019451,1,1,"Mpdz","Siglech",0.2,0.04
3.34127212892633,5.82273475019451,1,1,"Haus6","Siglech",0.2,0.04
3.34127212892633,5.82273475019451,1,1,"Dnajc6","Siglech",0.2,0.04
3.34127212892633,5.82273475019451,1,1,"Ndc1","Siglech",0.2,0.04
3.34127212892633,5.82273475019451,1,1,"Bend5","Siglech",0.2,0.04
3.34127212892633,5.82273475019451,1,1,"Stil","Siglech",0.2,0.04
3.34127212892633,5.82273475019451,1,1,"Tal1","Siglech",0.2,0.04
3.34127212892633,5.82273475019451,1,1,"Tmem69","Siglech",0.2,0.04
3.34127212892633,5.82273475019451,1,1,"Gpbp1l1","Siglech",0.2,0.04
3.34127212892633,5.82273475019451,1,1,"Ccdc17","Siglech",0.2,0.04
3.34127212892633,5.82273475019451,1,1,"Mpl","Siglech",0.2,0.04
3.34127212892633,5.82273475019451,1,1,"Exo5","Siglech",0.2,0.04
3.34127212892633,5.82273475019451,1,1,"Mycbp","Siglech",0.2,0.04
3.34127212892633,5.82273475019451,1,1,"Stk40","Siglech",0.2,0.04
3.34127212892633,5.82273475019451,1,1,"Eva1b","Siglech",0.2,0.04
3.34127212892633,5.82273475019451,1,1,"Zmym4","Siglech",0.2,0.04
3.34127212892633,5.82273475019451,1,1,"Bsdc1","Siglech",0.2,0.04
3.34127212892633,5.82273475019451,1,1,"Iqcc","Siglech",0.2,0.04
3.34127212892633,5.82273475019451,1,1,"Kpna6","Siglech",0.2,0.04
3.34127212892633,5.82273475019451,1,1,"Gpatch3","Siglech",0.2,0.04
3.34127212892633,5.82273475019451,1,1,"Pigv","Siglech",0.2,0.04
3.34127212892633,5.82273475019451,1,1,"Pafah2","Siglech",0.2,0.04
3.34127212892633,5.82273475019451,1,1,"Ldlrap1","Siglech",0.2,0.04
3.34127212892633,5.82273475019451,1,1,"Zbtb40","Siglech",0.2,0.04
3.34127212892633,5.82273475019451,1,1,"Mul1","Siglech",0.2,0.04
3.34127212892633,5.82273475019451,1,1,"Pqlc2","Siglech",0.2,0.04
3.34127212892633,5.82273475019451,1,1,"Akr7a5","Siglech",0.2,0.04
3.34127212892633,5.82273475019451,1,1,"Aldh4a1","Siglech",0.2,0.04
3.34127212892633,5.82273475019451,1,1,"Zbtb17","Siglech",0.2,0.04
3.34127212892633,5.82273475019451,1,1,"Zfp933","Siglech",0.2,0.04
3.34127212892633,5.82273475019451,1,1,"Ubiad1","Siglech",0.2,0.04
3.34127212892633,5.82273475019451,1,1,"Slc25a33","Siglech",0.2,0.04
3.34127212892633,5.82273475019451,1,1,"H6pd","Siglech",0.2,0.04
3.34127212892633,5.82273475019451,1,1,"Dffb","Siglech",0.2,0.04
3.34127212892633,5.82273475019451,1,1,"Smim1","Siglech",0.2,0.04
3.34127212892633,5.82273475019451,1,1,"Wrap73","Siglech",0.2,0.04
3.34127212892633,5.82273475019451,1,1,"Pex10","Siglech",0.2,0.04
3.34127212892633,5.82273475019451,1,1,"Agrn","Siglech",0.2,0.04
3.34127212892633,5.82273475019451,1,1,"Slc25a40","Siglech",0.2,0.04
3.34127212892633,5.82273475019451,1,1,"Abcb1b","Siglech",0.2,0.04
3.34127212892633,5.82273475019451,1,1,"Abcb4","Siglech",0.2,0.04
3.34127212892633,5.82273475019451,1,1,"Fbxl13","Siglech",0.2,0.04
3.34127212892633,5.82273475019451,1,1,"Tmub1","Siglech",0.2,0.04
3.34127212892633,5.82273475019451,1,1,"Tmem214","Siglech",0.2,0.04
3.34127212892633,5.82273475019451,1,1,"Cad","Siglech",0.2,0.04
3.34127212892633,5.82273475019451,1,1,"Ift172","Siglech",0.2,0.04
3.34127212892633,5.82273475019451,1,1,"Pisd","Siglech",0.2,0.04
3.34127212892633,5.82273475019451,1,1,"Nat8l","Siglech",0.2,0.04
3.34127212892633,5.82273475019451,1,1,"Tbc1d14","Siglech",0.2,0.04
3.34127212892633,5.82273475019451,1,1,"5730480H06Rik","Siglech",0.2,0.04
3.34127212892633,5.82273475019451,1,1,"Anapc4","Siglech",0.2,0.04
3.34127212892633,5.82273475019451,1,1,"Rbpj","Siglech",0.2,0.04
3.34127212892633,5.82273475019451,1,1,"Pcdh7","Siglech",0.2,0.04
3.34127212892633,5.82273475019451,1,1,"Arap2","Siglech",0.2,0.04
3.34127212892633,5.82273475019451,1,1,"Tec","Siglech",0.2,0.04
3.34127212892633,5.82273475019451,1,1,"Scfd2","Siglech",0.2,0.04
3.34127212892633,5.82273475019451,1,1,"Kdr","Siglech",0.2,0.04
3.34127212892633,5.82273475019451,1,1,"Uba6","Siglech",0.2,0.04
3.34127212892633,5.82273475019451,1,1,"Pf4","Siglech",0.2,0.04
3.34127212892633,5.82273475019451,1,1,"Mthfd2l","Siglech",0.2,0.04
3.34127212892633,5.82273475019451,1,1,"Sdad1","Siglech",0.2,0.04
3.34127212892633,5.82273475019451,1,1,"Gpat3","Siglech",0.2,0.04
3.34127212892633,5.82273475019451,1,1,"Pkd2","Siglech",0.2,0.04
3.34127212892633,5.82273475019451,1,1,"Gbp4","Siglech",0.2,0.04
3.34127212892633,5.82273475019451,1,1,"Tmem175","Siglech",0.2,0.04
3.34127212892633,5.82273475019451,1,1,"Gm26779","Siglech",0.2,0.04
3.34127212892633,5.82273475019451,1,1,"Gtpbp6","Siglech",0.2,0.04
3.34127212892633,5.82273475019451,1,1,"2900026A02Rik","Siglech",0.2,0.04
3.34127212892633,5.82273475019451,1,1,"Ssh1","Siglech",0.2,0.04
3.34127212892633,5.82273475019451,1,1,"Coq5","Siglech",0.2,0.04
3.34127212892633,5.82273475019451,1,1,"Gm13830","Siglech",0.2,0.04
3.34127212892633,5.82273475019451,1,1,"Triap1","Siglech",0.2,0.04
3.34127212892633,5.82273475019451,1,1,"Prkab1","Siglech",0.2,0.04
3.34127212892633,5.82273475019451,1,1,"Oas3","Siglech",0.2,0.04
3.34127212892633,5.82273475019451,1,1,"Brap","Siglech",0.2,0.04
3.34127212892633,5.82273475019451,1,1,"Vps33a","Siglech",0.2,0.04
3.34127212892633,5.82273475019451,1,1,"Vps37b","Siglech",0.2,0.04
3.34127212892633,5.82273475019451,1,1,"Pitpnm2os2","Siglech",0.2,0.04
3.34127212892633,5.82273475019451,1,1,"Sbno1","Siglech",0.2,0.04
3.34127212892633,5.82273475019451,1,1,"Tpst1","Siglech",0.2,0.04
3.34127212892633,5.82273475019451,1,1,"Kctd7","Siglech",0.2,0.04
3.34127212892633,5.82273475019451,1,1,"Limk1","Siglech",0.2,0.04
3.34127212892633,5.82273475019451,1,1,"Por","Siglech",0.2,0.04
3.34127212892633,5.82273475019451,1,1,"Tmem120a","Siglech",0.2,0.04
3.34127212892633,5.82273475019451,1,1,"Orai2","Siglech",0.2,0.04
3.34127212892633,5.82273475019451,1,1,"Tfr2","Siglech",0.2,0.04
3.34127212892633,5.82273475019451,1,1,"Mblac1","Siglech",0.2,0.04
3.34127212892633,5.82273475019451,1,1,"Mrm2","Siglech",0.2,0.04
3.34127212892633,5.82273475019451,1,1,"Gna12","Siglech",0.2,0.04
3.34127212892633,5.82273475019451,1,1,"Foxk1","Siglech",0.2,0.04
3.34127212892633,5.82273475019451,1,1,"Fam220a","Siglech",0.2,0.04
3.34127212892633,5.82273475019451,1,1,"Bhlha15","Siglech",0.2,0.04
3.34127212892633,5.82273475019451,1,1,"Ptcd1","Siglech",0.2,0.04
3.34127212892633,5.82273475019451,1,1,"Fry","Siglech",0.2,0.04
3.34127212892633,5.82273475019451,1,1,"Sgce","Siglech",0.2,0.04
3.34127212892633,5.82273475019451,1,1,"Pon3","Siglech",0.2,0.04
3.34127212892633,5.82273475019451,1,1,"Sdhaf3","Siglech",0.2,0.04
3.34127212892633,5.82273475019451,1,1,"Tes","Siglech",0.2,0.04
3.34127212892633,5.82273475019451,1,1,"Gcc1","Siglech",0.2,0.04
3.34127212892633,5.82273475019451,1,1,"Impdh1","Siglech",0.2,0.04
3.34127212892633,5.82273475019451,1,1,"Cep41","Siglech",0.2,0.04
3.34127212892633,5.82273475019451,1,1,"Podxl","Siglech",0.2,0.04
3.34127212892633,5.82273475019451,1,1,"Slc35b4","Siglech",0.2,0.04
3.34127212892633,5.82273475019451,1,1,"Bpgm","Siglech",0.2,0.04
3.34127212892633,5.82273475019451,1,1,"Tmem140","Siglech",0.2,0.04
3.34127212892633,5.82273475019451,1,1,"Wdr91","Siglech",0.2,0.04
3.34127212892633,5.82273475019451,1,1,"Zc3hav1l","Siglech",0.2,0.04
3.34127212892633,5.82273475019451,1,1,"Ephb6","Siglech",0.2,0.04
3.34127212892633,5.82273475019451,1,1,"Gstk1","Siglech",0.2,0.04
3.34127212892633,5.82273475019451,1,1,"Tcaf1","Siglech",0.2,0.04
3.34127212892633,5.82273475019451,1,1,"Zfp282","Siglech",0.2,0.04
3.34127212892633,5.82273475019451,1,1,"Gimap9","Siglech",0.2,0.04
3.34127212892633,5.82273475019451,1,1,"Igf2bp3","Siglech",0.2,0.04
3.34127212892633,5.82273475019451,1,1,"Fkbp9","Siglech",0.2,0.04
3.34127212892633,5.82273475019451,1,1,"Ppm1k","Siglech",0.2,0.04
3.34127212892633,5.82273475019451,1,1,"Abcg2","Siglech",0.2,0.04
3.34127212892633,5.82273475019451,1,1,"Gadd45a","Siglech",0.2,0.04
3.34127212892633,5.82273475019451,1,1,"Cd8a","Siglech",0.2,0.04
3.34127212892633,5.82273475019451,1,1,"Ggcx","Siglech",0.2,0.04
3.34127212892633,5.82273475019451,1,1,"Retsat","Siglech",0.2,0.04
3.34127212892633,5.82273475019451,1,1,"Gm15401","Siglech",0.2,0.04
3.34127212892633,5.82273475019451,1,1,"Hk2","Siglech",0.2,0.04
3.34127212892633,5.82273475019451,1,1,"Nat8f1","Siglech",0.2,0.04
3.34127212892633,5.82273475019451,1,1,"Gmcl1","Siglech",0.2,0.04
3.34127212892633,5.82273475019451,1,1,"Gp9","Siglech",0.2,0.04
3.34127212892633,5.82273475019451,1,1,"H1fx","Siglech",0.2,0.04
3.34127212892633,5.82273475019451,1,1,"Gata2","Siglech",0.2,0.04
3.34127212892633,5.82273475019451,1,1,"Aldh1l1","Siglech",0.2,0.04
3.34127212892633,5.82273475019451,1,1,"Iqsec1","Siglech",0.2,0.04
3.34127212892633,5.82273475019451,1,1,"4930590J08Rik","Siglech",0.2,0.04
3.34127212892633,5.82273475019451,1,1,"Crbn","Siglech",0.2,0.04
3.34127212892633,5.82273475019451,1,1,"Mtmr14","Siglech",0.2,0.04
3.34127212892633,5.82273475019451,1,1,"Camk1","Siglech",0.2,0.04
3.34127212892633,5.82273475019451,1,1,"Fancd2","Siglech",0.2,0.04
3.34127212892633,5.82273475019451,1,1,"Tmem40","Siglech",0.2,0.04
3.34127212892633,5.82273475019451,1,1,"Rad52","Siglech",0.2,0.04
3.34127212892633,5.82273475019451,1,1,"Clec4d","Siglech",0.2,0.04
3.34127212892633,5.82273475019451,1,1,"Clec4e","Siglech",0.2,0.04
3.34127212892633,5.82273475019451,1,1,"Cd163","Siglech",0.2,0.04
3.34127212892633,5.82273475019451,1,1,"P3h3","Siglech",0.2,0.04
3.34127212892633,5.82273475019451,1,1,"Cd4","Siglech",0.2,0.04
3.34127212892633,5.82273475019451,1,1,"Gabarapl1","Siglech",0.2,0.04
3.34127212892633,5.82273475019451,1,1,"Cdkn1b","Siglech",0.2,0.04
3.34127212892633,5.82273475019451,1,1,"Erp27","Siglech",0.2,0.04
3.34127212892633,5.82273475019451,1,1,"Rassf8","Siglech",0.2,0.04
3.34127212892633,5.82273475019451,1,1,"Bhlhe41","Siglech",0.2,0.04
3.34127212892633,5.82273475019451,1,1,"Klhl42","Siglech",0.2,0.04
3.34127212892633,5.82273475019451,1,1,"Fam60a","Siglech",0.2,0.04
3.34127212892633,5.82273475019451,1,1,"Bicd1","Siglech",0.2,0.04
3.34127212892633,5.82273475019451,1,1,"Cdc42ep5","Siglech",0.2,0.04
3.34127212892633,5.82273475019451,1,1,"Zfp579","Siglech",0.2,0.04
3.34127212892633,5.82273475019451,1,1,"Zfp773","Siglech",0.2,0.04
3.34127212892633,5.82273475019451,1,1,"Zfp606","Siglech",0.2,0.04
3.34127212892633,5.82273475019451,1,1,"Mzf1","Siglech",0.2,0.04
3.34127212892633,5.82273475019451,1,1,"Kptn","Siglech",0.2,0.04
3.34127212892633,5.82273475019451,1,1,"Arhgap35","Siglech",0.2,0.04
3.34127212892633,5.82273475019451,1,1,"Ercc2","Siglech",0.2,0.04
3.34127212892633,5.82273475019451,1,1,"Exoc3l2","Siglech",0.2,0.04
3.34127212892633,5.82273475019451,1,1,"Ppp1r37","Siglech",0.2,0.04
3.34127212892633,5.82273475019451,1,1,"Zfp296","Siglech",0.2,0.04
3.34127212892633,5.82273475019451,1,1,"Clasrp","Siglech",0.2,0.04
3.34127212892633,5.82273475019451,1,1,"Zfp235","Siglech",0.2,0.04
3.34127212892633,5.82273475019451,1,1,"Zfp428","Siglech",0.2,0.04
3.34127212892633,5.82273475019451,1,1,"Tmem91","Siglech",0.2,0.04
3.34127212892633,5.82273475019451,1,1,"Sertad3","Siglech",0.2,0.04
3.34127212892633,5.82273475019451,1,1,"2310022A10Rik","Siglech",0.2,0.04
3.34127212892633,5.82273475019451,1,1,"Zfp850","Siglech",0.2,0.04
3.34127212892633,5.82273475019451,1,1,"Paf1","Siglech",0.2,0.04
3.34127212892633,5.82273475019451,1,1,"Lrfn1","Siglech",0.2,0.04
3.34127212892633,5.82273475019451,1,1,"Zfp940","Siglech",0.2,0.04
3.34127212892633,5.82273475019451,1,1,"Gm4673","Siglech",0.2,0.04
3.34127212892633,5.82273475019451,1,1,"4931406P16Rik","Siglech",0.2,0.04
3.34127212892633,5.82273475019451,1,1,"Gpatch1","Siglech",0.2,0.04
3.34127212892633,5.82273475019451,1,1,"Cep89","Siglech",0.2,0.04
3.34127212892633,5.82273475019451,1,1,"Zfp976","Siglech",0.2,0.04
3.34127212892633,5.82273475019451,1,1,"Ctu1","Siglech",0.2,0.04
3.34127212892633,5.82273475019451,1,1,"Ap2a1","Siglech",0.2,0.04
3.34127212892633,5.82273475019451,1,1,"Prr12","Siglech",0.2,0.04
3.34127212892633,5.82273475019451,1,1,"Rcn3","Siglech",0.2,0.04
3.34127212892633,5.82273475019451,1,1,"Hps5","Siglech",0.2,0.04
3.34127212892633,5.82273475019451,1,1,"Tjp1","Siglech",0.2,0.04
3.34127212892633,5.82273475019451,1,1,"Gm44752","Siglech",0.2,0.04
3.34127212892633,5.82273475019451,1,1,"Asb7","Siglech",0.2,0.04
3.34127212892633,5.82273475019451,1,1,"Lysmd4","Siglech",0.2,0.04
3.34127212892633,5.82273475019451,1,1,"Lrrc28","Siglech",0.2,0.04
3.34127212892633,5.82273475019451,1,1,"Slco3a1","Siglech",0.2,0.04
3.34127212892633,5.82273475019451,1,1,"Det1","Siglech",0.2,0.04
3.34127212892633,5.82273475019451,1,1,"Fanci","Siglech",0.2,0.04
3.34127212892633,5.82273475019451,1,1,"Polg","Siglech",0.2,0.04
3.34127212892633,5.82273475019451,1,1,"Ngrn","Siglech",0.2,0.04
3.34127212892633,5.82273475019451,1,1,"Rab38","Siglech",0.2,0.04
3.34127212892633,5.82273475019451,1,1,"Nars2","Siglech",0.2,0.04
3.34127212892633,5.82273475019451,1,1,"Lipt2","Siglech",0.2,0.04
3.34127212892633,5.82273475019451,1,1,"Clpb","Siglech",0.2,0.04
3.34127212892633,5.82273475019451,1,1,"Hbb-bt","Siglech",0.2,0.04
3.34127212892633,5.82273475019451,1,1,"Trim5","Siglech",0.2,0.04
3.34127212892633,5.82273475019451,1,1,"Trim30b","Siglech",0.2,0.04
3.34127212892633,5.82273475019451,1,1,"Cavin3","Siglech",0.2,0.04
3.34127212892633,5.82273475019451,1,1,"Rrp8","Siglech",0.2,0.04
3.34127212892633,5.82273475019451,1,1,"Mical2","Siglech",0.2,0.04
3.34127212892633,5.82273475019451,1,1,"Itpripl2","Siglech",0.2,0.04
3.34127212892633,5.82273475019451,1,1,"Gde1","Siglech",0.2,0.04
3.34127212892633,5.82273475019451,1,1,"Usp31","Siglech",0.2,0.04
3.34127212892633,5.82273475019451,1,1,"Zg16","Siglech",0.2,0.04
3.34127212892633,5.82273475019451,1,1,"Qprt","Siglech",0.2,0.04
3.34127212892633,5.82273475019451,1,1,"Zfp689","Siglech",0.2,0.04
3.34127212892633,5.82273475019451,1,1,"Prr14","Siglech",0.2,0.04
3.34127212892633,5.82273475019451,1,1,"Zfp629","Siglech",0.2,0.04
3.34127212892633,5.82273475019451,1,1,"Fbxl19","Siglech",0.2,0.04
3.34127212892633,5.82273475019451,1,1,"Hsd3b7","Siglech",0.2,0.04
3.34127212892633,5.82273475019451,1,1,"Kat8","Siglech",0.2,0.04
3.34127212892633,5.82273475019451,1,1,"Bag3","Siglech",0.2,0.04
3.34127212892633,5.82273475019451,1,1,"Pstk","Siglech",0.2,0.04
3.34127212892633,5.82273475019451,1,1,"Dock1","Siglech",0.2,0.04
3.34127212892633,5.82273475019451,1,1,"Paox","Siglech",0.2,0.04
3.34127212892633,5.82273475019451,1,1,"Sigirr","Siglech",0.2,0.04
3.34127212892633,5.82273475019451,1,1,"Tmem80","Siglech",0.2,0.04
3.34127212892633,5.82273475019451,1,1,"Slc25a22","Siglech",0.2,0.04
3.34127212892633,5.82273475019451,1,1,"Slc22a18","Siglech",0.2,0.04
3.34127212892633,5.82273475019451,1,1,"Fadd","Siglech",0.2,0.04
3.34127212892633,5.82273475019451,1,1,"Fgf3","Siglech",0.2,0.04
3.34127212892633,5.82273475019451,1,1,"Zbtb2","Siglech",0.2,0.04
3.34127212892633,5.82273475019451,1,1,"Lrp11","Siglech",0.2,0.04
3.34127212892633,5.82273475019451,1,1,"Sash1","Siglech",0.2,0.04
3.34127212892633,5.82273475019451,1,1,"Fbxo30","Siglech",0.2,0.04
3.34127212892633,5.82273475019451,1,1,"Tbpl1","Siglech",0.2,0.04
3.34127212892633,5.82273475019451,1,1,"Med23","Siglech",0.2,0.04
3.34127212892633,5.82273475019451,1,1,"Arhgap18","Siglech",0.2,0.04
3.34127212892633,5.82273475019451,1,1,"Trmt11","Siglech",0.2,0.04
3.34127212892633,5.82273475019451,1,1,"Dse","Siglech",0.2,0.04
3.34127212892633,5.82273475019451,1,1,"Tspyl4","Siglech",0.2,0.04
3.34127212892633,5.82273475019451,1,1,"Amd2","Siglech",0.2,0.04
3.34127212892633,5.82273475019451,1,1,"Tube1","Siglech",0.2,0.04
3.34127212892633,5.82273475019451,1,1,"Zbtb24","Siglech",0.2,0.04
3.34127212892633,5.82273475019451,1,1,"Smpd2","Siglech",0.2,0.04
3.34127212892633,5.82273475019451,1,1,"Foxo3","Siglech",0.2,0.04
3.34127212892633,5.82273475019451,1,1,"Dnajb12","Siglech",0.2,0.04
3.34127212892633,5.82273475019451,1,1,"Lrrc20","Siglech",0.2,0.04
3.34127212892633,5.82273475019451,1,1,"Rufy2","Siglech",0.2,0.04
3.34127212892633,5.82273475019451,1,1,"Slc19a1","Siglech",0.2,0.04
3.34127212892633,5.82273475019451,1,1,"Itgb2","Siglech",0.2,0.04
3.34127212892633,5.82273475019451,1,1,"Pwp2","Siglech",0.2,0.04
3.34127212892633,5.82273475019451,1,1,"Agpat3","Siglech",0.2,0.04
3.34127212892633,5.82273475019451,1,1,"Plpp2","Siglech",0.2,0.04
3.34127212892633,5.82273475019451,1,1,"Fstl3","Siglech",0.2,0.04
3.34127212892633,5.82273475019451,1,1,"Mex3d","Siglech",0.2,0.04
3.34127212892633,5.82273475019451,1,1,"4930404N11Rik","Siglech",0.2,0.04
3.34127212892633,5.82273475019451,1,1,"Dohh","Siglech",0.2,0.04
3.34127212892633,5.82273475019451,1,1,"Ankrd24","Siglech",0.2,0.04
3.34127212892633,5.82273475019451,1,1,"Tdg","Siglech",0.2,0.04
3.34127212892633,5.82273475019451,1,1,"Eid3","Siglech",0.2,0.04
3.34127212892633,5.82273475019451,1,1,"Parpbp","Siglech",0.2,0.04
3.34127212892633,5.82273475019451,1,1,"Gm15915","Siglech",0.2,0.04
3.34127212892633,5.82273475019451,1,1,"Cnot2","Siglech",0.2,0.04
3.34127212892633,5.82273475019451,1,1,"Helb","Siglech",0.2,0.04
3.34127212892633,5.82273475019451,1,1,"Hmga2","Siglech",0.2,0.04
3.34127212892633,5.82273475019451,1,1,"Tbk1","Siglech",0.2,0.04
3.34127212892633,5.82273475019451,1,1,"Mettl1","Siglech",0.2,0.04
3.34127212892633,5.82273475019451,1,1,"Dtx3","Siglech",0.2,0.04
3.34127212892633,5.82273475019451,1,1,"Shmt2","Siglech",0.2,0.04
3.34127212892633,5.82273475019451,1,1,"Zbtb39","Siglech",0.2,0.04
3.34127212892633,5.82273475019451,1,1,"Erbb3","Siglech",0.2,0.04
3.34127212892633,5.82273475019451,1,1,"Tmem198b","Siglech",0.2,0.04
3.34127212892633,5.82273475019451,1,1,"Dnajc14","Siglech",0.2,0.04
3.34127212892633,5.82273475019451,1,1,"Zfp358","Siglech",0.2,0.04
3.34127212892633,5.82273475019451,1,1,"Tubgcp3","Siglech",0.2,0.04
3.34127212892633,5.82273475019451,1,1,"Angpt2","Siglech",0.2,0.04
3.34127212892633,5.82273475019451,1,1,"Tti2","Siglech",0.2,0.04
3.34127212892633,5.82273475019451,1,1,"Lonrf1","Siglech",0.2,0.04
3.34127212892633,5.82273475019451,1,1,"Cenpu","Siglech",0.2,0.04
3.34127212892633,5.82273475019451,1,1,"Cep44","Siglech",0.2,0.04
3.34127212892633,5.82273475019451,1,1,"Ddx60","Siglech",0.2,0.04
3.34127212892633,5.82273475019451,1,1,"Psd3","Siglech",0.2,0.04
3.34127212892633,5.82273475019451,1,1,"Lzts1","Siglech",0.2,0.04
3.34127212892633,5.82273475019451,1,1,"Zfp866","Siglech",0.2,0.04
3.34127212892633,5.82273475019451,1,1,"Lpar2","Siglech",0.2,0.04
3.34127212892633,5.82273475019451,1,1,"Pbx4","Siglech",0.2,0.04
3.34127212892633,5.82273475019451,1,1,"Tmem161a","Siglech",0.2,0.04
3.34127212892633,5.82273475019451,1,1,"Ell","Siglech",0.2,0.04
3.34127212892633,5.82273475019451,1,1,"2010320M18Rik","Siglech",0.2,0.04
3.34127212892633,5.82273475019451,1,1,"Ano8","Siglech",0.2,0.04
3.34127212892633,5.82273475019451,1,1,"Prmt9","Siglech",0.2,0.04
3.34127212892633,5.82273475019451,1,1,"Il27ra","Siglech",0.2,0.04
3.34127212892633,5.82273475019451,1,1,"Mylk3","Siglech",0.2,0.04
3.34127212892633,5.82273475019451,1,1,"Coq9","Siglech",0.2,0.04
3.34127212892633,5.82273475019451,1,1,"Katnb1","Siglech",0.2,0.04
3.34127212892633,5.82273475019451,1,1,"Zfp319","Siglech",0.2,0.04
3.34127212892633,5.82273475019451,1,1,"Setd6","Siglech",0.2,0.04
3.34127212892633,5.82273475019451,1,1,"Dync1li2","Siglech",0.2,0.04
3.34127212892633,5.82273475019451,1,1,"B3gnt9","Siglech",0.2,0.04
3.34127212892633,5.82273475019451,1,1,"Gm5914","Siglech",0.2,0.04
3.34127212892633,5.82273475019451,1,1,"Ddx28","Siglech",0.2,0.04
3.34127212892633,5.82273475019451,1,1,"Vps4a","Siglech",0.2,0.04
3.34127212892633,5.82273475019451,1,1,"Zfp821","Siglech",0.2,0.04
3.34127212892633,5.82273475019451,1,1,"Ap1g1","Siglech",0.2,0.04
3.34127212892633,5.82273475019451,1,1,"Pdpr","Siglech",0.2,0.04
3.34127212892633,5.82273475019451,1,1,"Rfwd3","Siglech",0.2,0.04
3.34127212892633,5.82273475019451,1,1,"Adat1","Siglech",0.2,0.04
3.34127212892633,5.82273475019451,1,1,"Nudt7","Siglech",0.2,0.04
3.34127212892633,5.82273475019451,1,1,"Gan","Siglech",0.2,0.04
3.34127212892633,5.82273475019451,1,1,"Mvd","Siglech",0.2,0.04
3.34127212892633,5.82273475019451,1,1,"Gas8","Siglech",0.2,0.04
3.34127212892633,5.82273475019451,1,1,"Rab4a","Siglech",0.2,0.04
3.34127212892633,5.82273475019451,1,1,"Nup133","Siglech",0.2,0.04
3.34127212892633,5.82273475019451,1,1,"Disc1","Siglech",0.2,0.04
3.34127212892633,5.82273475019451,1,1,"Samd8","Siglech",0.2,0.04
3.34127212892633,5.82273475019451,1,1,"Pde12","Siglech",0.2,0.04
3.34127212892633,5.82273475019451,1,1,"Dnah12","Siglech",0.2,0.04
3.34127212892633,5.82273475019451,1,1,"Appl1","Siglech",0.2,0.04
3.34127212892633,5.82273475019451,1,1,"Actr8","Siglech",0.2,0.04
3.34127212892633,5.82273475019451,1,1,"Sfmbt1","Siglech",0.2,0.04
3.34127212892633,5.82273475019451,1,1,"Hacl1","Siglech",0.2,0.04
3.34127212892633,5.82273475019451,1,1,"Timm23","Siglech",0.2,0.04
3.34127212892633,5.82273475019451,1,1,"Ercc6","Siglech",0.2,0.04
3.34127212892633,5.82273475019451,1,1,"Arhgap22","Siglech",0.2,0.04
3.34127212892633,5.82273475019451,1,1,"Nrg3","Siglech",0.2,0.04
3.34127212892633,5.82273475019451,1,1,"Fam213a","Siglech",0.2,0.04
3.34127212892633,5.82273475019451,1,1,"Ero1l","Siglech",0.2,0.04
3.34127212892633,5.82273475019451,1,1,"Exoc5","Siglech",0.2,0.04
3.34127212892633,5.82273475019451,1,1,"Ang","Siglech",0.2,0.04
3.34127212892633,5.82273475019451,1,1,"Mettl3","Siglech",0.2,0.04
3.34127212892633,5.82273475019451,1,1,"Cebpe","Siglech",0.2,0.04
3.34127212892633,5.82273475019451,1,1,"AC174678.1","Siglech",0.2,0.04
3.34127212892633,5.82273475019451,1,1,"Rabggta","Siglech",0.2,0.04
3.34127212892633,5.82273475019451,1,1,"Khnyn","Siglech",0.2,0.04
3.34127212892633,5.82273475019451,1,1,"Ift88","Siglech",0.2,0.04
3.34127212892633,5.82273475019451,1,1,"Xpo4","Siglech",0.2,0.04
3.34127212892633,5.82273475019451,1,1,"Ska3","Siglech",0.2,0.04
3.34127212892633,5.82273475019451,1,1,"Cab39l","Siglech",0.2,0.04
3.34127212892633,5.82273475019451,1,1,"Cdadc1","Siglech",0.2,0.04
3.34127212892633,5.82273475019451,1,1,"Shisa2","Siglech",0.2,0.04
3.34127212892633,5.82273475019451,1,1,"Mtmr9","Siglech",0.2,0.04
3.34127212892633,5.82273475019451,1,1,"Dock5","Siglech",0.2,0.04
3.34127212892633,5.82273475019451,1,1,"Slc25a37","Siglech",0.2,0.04
3.34127212892633,5.82273475019451,1,1,"Sorbs3","Siglech",0.2,0.04
3.34127212892633,5.82273475019451,1,1,"Nudt18","Siglech",0.2,0.04
3.34127212892633,5.82273475019451,1,1,"Fam160b2","Siglech",0.2,0.04
3.34127212892633,5.82273475019451,1,1,"Gpalpp1","Siglech",0.2,0.04
3.34127212892633,5.82273475019451,1,1,"Ccdc122","Siglech",0.2,0.04
3.34127212892633,5.82273475019451,1,1,"Rgcc","Siglech",0.2,0.04
3.34127212892633,5.82273475019451,1,1,"Tbc1d4","Siglech",0.2,0.04
3.34127212892633,5.82273475019451,1,1,"Rap2a","Siglech",0.2,0.04
3.34127212892633,5.82273475019451,1,1,"Tmtc4","Siglech",0.2,0.04
3.34127212892633,5.82273475019451,1,1,"Casp4","Siglech",0.2,0.04
3.34127212892633,5.82273475019451,1,1,"Mre11a","Siglech",0.2,0.04
3.34127212892633,5.82273475019451,1,1,"Zfp26","Siglech",0.2,0.04
3.34127212892633,5.82273475019451,1,1,"Atg4d","Siglech",0.2,0.04
3.34127212892633,5.82273475019451,1,1,"AB124611","Siglech",0.2,0.04
3.34127212892633,5.82273475019451,1,1,"Yipf2","Siglech",0.2,0.04
3.34127212892633,5.82273475019451,1,1,"Timm29","Siglech",0.2,0.04
3.34127212892633,5.82273475019451,1,1,"Zfp653","Siglech",0.2,0.04
3.34127212892633,5.82273475019451,1,1,"Zfp809","Siglech",0.2,0.04
3.34127212892633,5.82273475019451,1,1,"Jam3","Siglech",0.2,0.04
3.34127212892633,5.82273475019451,1,1,"Foxred1","Siglech",0.2,0.04
3.34127212892633,5.82273475019451,1,1,"Robo3","Siglech",0.2,0.04
3.34127212892633,5.82273475019451,1,1,"Olfr920","Siglech",0.2,0.04
3.34127212892633,5.82273475019451,1,1,"C2cd2l","Siglech",0.2,0.04
3.34127212892633,5.82273475019451,1,1,"Fdxacb1","Siglech",0.2,0.04
3.34127212892633,5.82273475019451,1,1,"Sik2","Siglech",0.2,0.04
3.34127212892633,5.82273475019451,1,1,"Ireb2","Siglech",0.2,0.04
3.34127212892633,5.82273475019451,1,1,"Scaper","Siglech",0.2,0.04
3.34127212892633,5.82273475019451,1,1,"Stoml1","Siglech",0.2,0.04
3.34127212892633,5.82273475019451,1,1,"Myo9a","Siglech",0.2,0.04
3.34127212892633,5.82273475019451,1,1,"Lrrc49","Siglech",0.2,0.04
3.34127212892633,5.82273475019451,1,1,"Pias1","Siglech",0.2,0.04
3.34127212892633,5.82273475019451,1,1,"Mtfmt","Siglech",0.2,0.04
3.34127212892633,5.82273475019451,1,1,"Zfp609","Siglech",0.2,0.04
3.34127212892633,5.82273475019451,1,1,"Ccpg1","Siglech",0.2,0.04
3.34127212892633,5.82273475019451,1,1,"Lysmd2","Siglech",0.2,0.04
3.34127212892633,5.82273475019451,1,1,"Mto1","Siglech",0.2,0.04
3.34127212892633,5.82273475019451,1,1,"Lca5","Siglech",0.2,0.04
3.34127212892633,5.82273475019451,1,1,"Rwdd2a","Siglech",0.2,0.04
3.34127212892633,5.82273475019451,1,1,"Mthfsl","Siglech",0.2,0.04
3.34127212892633,5.82273475019451,1,1,"Tbc1d2b","Siglech",0.2,0.04
3.34127212892633,5.82273475019451,1,1,"Pccb","Siglech",0.2,0.04
3.34127212892633,5.82273475019451,1,1,"Cep63","Siglech",0.2,0.04
3.34127212892633,5.82273475019451,1,1,"Trf","Siglech",0.2,0.04
3.34127212892633,5.82273475019451,1,1,"Nudt16","Siglech",0.2,0.04
3.34127212892633,5.82273475019451,1,1,"Abhd14a","Siglech",0.2,0.04
3.34127212892633,5.82273475019451,1,1,"Pcbp4","Siglech",0.2,0.04
3.34127212892633,5.82273475019451,1,1,"Gpr62","Siglech",0.2,0.04
3.34127212892633,5.82273475019451,1,1,"Rad54l2","Siglech",0.2,0.04
3.34127212892633,5.82273475019451,1,1,"Traip","Siglech",0.2,0.04
3.34127212892633,5.82273475019451,1,1,"Dalrd3","Siglech",0.2,0.04
3.34127212892633,5.82273475019451,1,1,"Ip6k2","Siglech",0.2,0.04
3.34127212892633,5.82273475019451,1,1,"Nckipsd","Siglech",0.2,0.04
3.34127212892633,5.82273475019451,1,1,"Ccdc51","Siglech",0.2,0.04
3.34127212892633,5.82273475019451,1,1,"Nbeal2","Siglech",0.2,0.04
3.34127212892633,5.82273475019451,1,1,"Gm2415","Siglech",0.2,0.04
3.34127212892633,5.82273475019451,1,1,"Ulk4","Siglech",0.2,0.04
3.34127212892633,5.82273475019451,1,1,"Tcaim","Siglech",0.2,0.04
3.34127212892633,5.82273475019451,1,1,"Gm39469","Siglech",0.2,0.04
3.34127212892633,5.82273475019451,1,1,"Sfi1","Siglech",0.2,0.04
3.34127212892633,5.82273475019451,1,1,"Osm","Siglech",0.2,0.04
3.34127212892633,5.82273475019451,1,1,"Kremen1","Siglech",0.2,0.04
3.34127212892633,5.82273475019451,1,1,"Pno1","Siglech",0.2,0.04
3.34127212892633,5.82273475019451,1,1,"Gm16141","Siglech",0.2,0.04
3.34127212892633,5.82273475019451,1,1,"B3gnt2","Siglech",0.2,0.04
3.34127212892633,5.82273475019451,1,1,"0610010F05Rik","Siglech",0.2,0.04
3.34127212892633,5.82273475019451,1,1,"Pnpt1","Siglech",0.2,0.04
3.34127212892633,5.82273475019451,1,1,"Cfap36","Siglech",0.2,0.04
3.34127212892633,5.82273475019451,1,1,"Mtif2","Siglech",0.2,0.04
3.34127212892633,5.82273475019451,1,1,"Cpeb4","Siglech",0.2,0.04
3.34127212892633,5.82273475019451,1,1,"Stk10","Siglech",0.2,0.04
3.34127212892633,5.82273475019451,1,1,"Fbxw11","Siglech",0.2,0.04
3.34127212892633,5.82273475019451,1,1,"Pank3","Siglech",0.2,0.04
3.34127212892633,5.82273475019451,1,1,"Pttg1","Siglech",0.2,0.04
3.34127212892633,5.82273475019451,1,1,"Trim41","Siglech",0.2,0.04
3.34127212892633,5.82273475019451,1,1,"9930111J21Rik1","Siglech",0.2,0.04
3.34127212892633,5.82273475019451,1,1,"Ltc4s","Siglech",0.2,0.04
3.34127212892633,5.82273475019451,1,1,"Lyrm7","Siglech",0.2,0.04
3.34127212892633,5.82273475019451,1,1,"Tnip1","Siglech",0.2,0.04
3.34127212892633,5.82273475019451,1,1,"Sparc","Siglech",0.2,0.04
3.34127212892633,5.82273475019451,1,1,"Zfp692","Siglech",0.2,0.04
3.34127212892633,5.82273475019451,1,1,"Gm12258","Siglech",0.2,0.04
3.34127212892633,5.82273475019451,1,1,"Nt5m","Siglech",0.2,0.04
3.34127212892633,5.82273475019451,1,1,"Smcr8","Siglech",0.2,0.04
3.34127212892633,5.82273475019451,1,1,"Grap","Siglech",0.2,0.04
3.34127212892633,5.82273475019451,1,1,"Ulk2","Siglech",0.2,0.04
3.34127212892633,5.82273475019451,1,1,"Akap10","Siglech",0.2,0.04
3.34127212892633,5.82273475019451,1,1,"Adora2b","Siglech",0.2,0.04
3.34127212892633,5.82273475019451,1,1,"Trim16","Siglech",0.2,0.04
3.34127212892633,5.82273475019451,1,1,"Rangrf","Siglech",0.2,0.04
3.34127212892633,5.82273475019451,1,1,"Pfas","Siglech",0.2,0.04
3.34127212892633,5.82273475019451,1,1,"Fxr2","Siglech",0.2,0.04
3.34127212892633,5.82273475019451,1,1,"Eno3","Siglech",0.2,0.04
3.34127212892633,5.82273475019451,1,1,"Mettl16","Siglech",0.2,0.04
3.34127212892633,5.82273475019451,1,1,"Tsr1","Siglech",0.2,0.04
3.34127212892633,5.82273475019451,1,1,"Scarf1","Siglech",0.2,0.04
3.34127212892633,5.82273475019451,1,1,"Nek8","Siglech",0.2,0.04
3.34127212892633,5.82273475019451,1,1,"Evi2","Siglech",0.2,0.04
3.34127212892633,5.82273475019451,1,1,"Gm26563","Siglech",0.2,0.04
3.34127212892633,5.82273475019451,1,1,"Gm11423","Siglech",0.2,0.04
3.34127212892633,5.82273475019451,1,1,"Mmd","Siglech",0.2,0.04
3.34127212892633,5.82273475019451,1,1,"Tom1l1","Siglech",0.2,0.04
3.34127212892633,5.82273475019451,1,1,"Utp18","Siglech",0.2,0.04
3.34127212892633,5.82273475019451,1,1,"Phb","Siglech",0.2,0.04
3.34127212892633,5.82273475019451,1,1,"Hoxb4","Siglech",0.2,0.04
3.34127212892633,5.82273475019451,1,1,"Skap1","Siglech",0.2,0.04
3.34127212892633,5.82273475019451,1,1,"Osbpl7","Siglech",0.2,0.04
3.34127212892633,5.82273475019451,1,1,"Pcgf2","Siglech",0.2,0.04
3.34127212892633,5.82273475019451,1,1,"Nkiras2","Siglech",0.2,0.04
3.34127212892633,5.82273475019451,1,1,"Rnd2","Siglech",0.2,0.04
3.34127212892633,5.82273475019451,1,1,"Atxn7l3","Siglech",0.2,0.04
3.34127212892633,5.82273475019451,1,1,"Hexim1","Siglech",0.2,0.04
3.34127212892633,5.82273475019451,1,1,"Sstr2","Siglech",0.2,0.04
3.34127212892633,5.82273475019451,1,1,"Cdc42ep4","Siglech",0.2,0.04
3.34127212892633,5.82273475019451,1,1,"Tmem104","Siglech",0.2,0.04
3.34127212892633,5.82273475019451,1,1,"Smim6","Siglech",0.2,0.04
3.34127212892633,5.82273475019451,1,1,"Trim65","Siglech",0.2,0.04
3.34127212892633,5.82273475019451,1,1,"Pgs1","Siglech",0.2,0.04
3.34127212892633,5.82273475019451,1,1,"Timp2","Siglech",0.2,0.04
3.34127212892633,5.82273475019451,1,1,"Lgals3bp","Siglech",0.2,0.04
3.34127212892633,5.82273475019451,1,1,"Slc26a11","Siglech",0.2,0.04
3.34127212892633,5.82273475019451,1,1,"Nploc4","Siglech",0.2,0.04
3.34127212892633,5.82273475019451,1,1,"Npb","Siglech",0.2,0.04
3.34127212892633,5.82273475019451,1,1,"Fn3krp","Siglech",0.2,0.04
3.34127212892633,5.82273475019451,1,1,"B3gntl1","Siglech",0.2,0.04
3.34127212892633,5.82273475019451,1,1,"Hist1h2ag","Siglech",0.2,0.04
3.34127212892633,5.82273475019451,1,1,"Mrs2","Siglech",0.2,0.04
3.34127212892633,5.82273475019451,1,1,"Smim13","Siglech",0.2,0.04
3.34127212892633,5.82273475019451,1,1,"Ippk","Siglech",0.2,0.04
3.34127212892633,5.82273475019451,1,1,"Simc1","Siglech",0.2,0.04
3.34127212892633,5.82273475019451,1,1,"Rnf44","Siglech",0.2,0.04
3.34127212892633,5.82273475019451,1,1,"Rgs14","Siglech",0.2,0.04
3.34127212892633,5.82273475019451,1,1,"Dapk1","Siglech",0.2,0.04
3.34127212892633,5.82273475019451,1,1,"Gm49359","Siglech",0.2,0.04
3.34127212892633,5.82273475019451,1,1,"Zfp369","Siglech",0.2,0.04
3.34127212892633,5.82273475019451,1,1,"Zfp58","Siglech",0.2,0.04
3.34127212892633,5.82273475019451,1,1,"Zfp729a","Siglech",0.2,0.04
3.34127212892633,5.82273475019451,1,1,"Zfp273","Siglech",0.2,0.04
3.34127212892633,5.82273475019451,1,1,"Srd5a1","Siglech",0.2,0.04
3.34127212892633,5.82273475019451,1,1,"Ftl1-ps1","Siglech",0.2,0.04
3.34127212892633,5.82273475019451,1,1,"E430024I08Rik","Siglech",0.2,0.04
3.34127212892633,5.82273475019451,1,1,"Zfp825","Siglech",0.2,0.04
3.34127212892633,5.82273475019451,1,1,"Gm47469","Siglech",0.2,0.04
3.34127212892633,5.82273475019451,1,1,"Erap1","Siglech",0.2,0.04
3.34127212892633,5.82273475019451,1,1,"Rhobtb3","Siglech",0.2,0.04
3.34127212892633,5.82273475019451,1,1,"Pou5f2","Siglech",0.2,0.04
3.34127212892633,5.82273475019451,1,1,"Fam151b","Siglech",0.2,0.04
3.34127212892633,5.82273475019451,1,1,"Mtx3","Siglech",0.2,0.04
3.34127212892633,5.82273475019451,1,1,"Hexb","Siglech",0.2,0.04
3.34127212892633,5.82273475019451,1,1,"Enc1","Siglech",0.2,0.04
3.34127212892633,5.82273475019451,1,1,"Naip2","Siglech",0.2,0.04
3.34127212892633,5.82273475019451,1,1,"Gtf2h2","Siglech",0.2,0.04
3.34127212892633,5.82273475019451,1,1,"Nln","Siglech",0.2,0.04
3.34127212892633,5.82273475019451,1,1,"Cwc27","Siglech",0.2,0.04
3.34127212892633,5.82273475019451,1,1,"Ndufaf2","Siglech",0.2,0.04
3.34127212892633,5.82273475019451,1,1,"Itga2","Siglech",0.2,0.04
3.34127212892633,5.82273475019451,1,1,"Dnajc27","Siglech",0.2,0.04
3.34127212892633,5.82273475019451,1,1,"Ncoa1","Siglech",0.2,0.04
3.34127212892633,5.82273475019451,1,1,"Sdc1","Siglech",0.2,0.04
3.34127212892633,5.82273475019451,1,1,"Wdr35","Siglech",0.2,0.04
3.34127212892633,5.82273475019451,1,1,"Rdh14","Siglech",0.2,0.04
3.34127212892633,5.82273475019451,1,1,"Trib2","Siglech",0.2,0.04
3.34127212892633,5.82273475019451,1,1,"Nol10","Siglech",0.2,0.04
3.34127212892633,5.82273475019451,1,1,"Kidins220","Siglech",0.2,0.04
3.34127212892633,5.82273475019451,1,1,"Rsad2","Siglech",0.2,0.04
3.34127212892633,5.82273475019451,1,1,"Arl4a","Siglech",0.2,0.04
3.34127212892633,5.82273475019451,1,1,"Pnpla8","Siglech",0.2,0.04
3.34127212892633,5.82273475019451,1,1,"Cfl2","Siglech",0.2,0.04
3.34127212892633,5.82273475019451,1,1,"1110008L16Rik","Siglech",0.2,0.04
3.34127212892633,5.82273475019451,1,1,"Prps1l3","Siglech",0.2,0.04
3.34127212892633,5.82273475019451,1,1,"Sec23a","Siglech",0.2,0.04
3.34127212892633,5.82273475019451,1,1,"Gm10451","Siglech",0.2,0.04
3.34127212892633,5.82273475019451,1,1,"Acot2","Siglech",0.2,0.04
3.34127212892633,5.82273475019451,1,1,"Mlh3","Siglech",0.2,0.04
3.34127212892633,5.82273475019451,1,1,"Batf","Siglech",0.2,0.04
3.34127212892633,5.82273475019451,1,1,"Alkbh1","Siglech",0.2,0.04
3.34127212892633,5.82273475019451,1,1,"Dio2","Siglech",0.2,0.04
3.34127212892633,5.82273475019451,1,1,"D130020L05Rik","Siglech",0.2,0.04
3.34127212892633,5.82273475019451,1,1,"Rin3","Siglech",0.2,0.04
3.34127212892633,5.82273475019451,1,1,"Golga5","Siglech",0.2,0.04
3.34127212892633,5.82273475019451,1,1,"Ubr7","Siglech",0.2,0.04
3.34127212892633,5.82273475019451,1,1,"Atg2b","Siglech",0.2,0.04
3.34127212892633,5.82273475019451,1,1,"Slc25a47","Siglech",0.2,0.04
3.34127212892633,5.82273475019451,1,1,"Wdr25","Siglech",0.2,0.04
3.34127212892633,5.82273475019451,1,1,"Wdr20","Siglech",0.2,0.04
3.34127212892633,5.82273475019451,1,1,"Ckb","Siglech",0.2,0.04
3.34127212892633,5.82273475019451,1,1,"5033406O09Rik","Siglech",0.2,0.04
3.34127212892633,5.82273475019451,1,1,"Inf2","Siglech",0.2,0.04
3.34127212892633,5.82273475019451,1,1,"Cep170b","Siglech",0.2,0.04
3.34127212892633,5.82273475019451,1,1,"Gm49207","Siglech",0.2,0.04
3.34127212892633,5.82273475019451,1,1,"Capsl","Siglech",0.2,0.04
3.34127212892633,5.82273475019451,1,1,"Mtmr12","Siglech",0.2,0.04
3.34127212892633,5.82273475019451,1,1,"Fam173b","Siglech",0.2,0.04
3.34127212892633,5.82273475019451,1,1,"Ankrd46","Siglech",0.2,0.04
3.34127212892633,5.82273475019451,1,1,"Fbxo32","Siglech",0.2,0.04
3.34127212892633,5.82273475019451,1,1,"Fam84b","Siglech",0.2,0.04
3.34127212892633,5.82273475019451,1,1,"Ndrg1","Siglech",0.2,0.04
3.34127212892633,5.82273475019451,1,1,"Trappc9","Siglech",0.2,0.04
3.34127212892633,5.82273475019451,1,1,"Parp10","Siglech",0.2,0.04
3.34127212892633,5.82273475019451,1,1,"Cpsf1","Siglech",0.2,0.04
3.34127212892633,5.82273475019451,1,1,"Foxred2","Siglech",0.2,0.04
3.34127212892633,5.82273475019451,1,1,"Tst","Siglech",0.2,0.04
3.34127212892633,5.82273475019451,1,1,"Syngr1","Siglech",0.2,0.04
3.34127212892633,5.82273475019451,1,1,"Sgsm3","Siglech",0.2,0.04
3.34127212892633,5.82273475019451,1,1,"Fam109b","Siglech",0.2,0.04
3.34127212892633,5.82273475019451,1,1,"Ppp6r2","Siglech",0.2,0.04
3.34127212892633,5.82273475019451,1,1,"Lrrk2","Siglech",0.2,0.04
3.34127212892633,5.82273475019451,1,1,"Pus7l","Siglech",0.2,0.04
3.34127212892633,5.82273475019451,1,1,"Kmt2d","Siglech",0.2,0.04
3.34127212892633,5.82273475019451,1,1,"Tuba1a","Siglech",0.2,0.04
3.34127212892633,5.82273475019451,1,1,"Prpf40b","Siglech",0.2,0.04
3.34127212892633,5.82273475019451,1,1,"Cela1","Siglech",0.2,0.04
3.34127212892633,5.82273475019451,1,1,"Acvrl1","Siglech",0.2,0.04
3.34127212892633,5.82273475019451,1,1,"Acvr1b","Siglech",0.2,0.04
3.34127212892633,5.82273475019451,1,1,"Atg101","Siglech",0.2,0.04
3.34127212892633,5.82273475019451,1,1,"Krt18","Siglech",0.2,0.04
3.34127212892633,5.82273475019451,1,1,"Mfsd5","Siglech",0.2,0.04
3.34127212892633,5.82273475019451,1,1,"Zfp385a","Siglech",0.2,0.04
3.34127212892633,5.82273475019451,1,1,"Dnaja3","Siglech",0.2,0.04
3.34127212892633,5.82273475019451,1,1,"Mgrn1","Siglech",0.2,0.04
3.34127212892633,5.82273475019451,1,1,"Alg1","Siglech",0.2,0.04
3.34127212892633,5.82273475019451,1,1,"1810013L24Rik","Siglech",0.2,0.04
3.34127212892633,5.82273475019451,1,1,"2610020C07Rik","Siglech",0.2,0.04
3.34127212892633,5.82273475019451,1,1,"Ercc4","Siglech",0.2,0.04
3.34127212892633,5.82273475019451,1,1,"Mkl2","Siglech",0.2,0.04
3.34127212892633,5.82273475019451,1,1,"Yars2","Siglech",0.2,0.04
3.34127212892633,5.82273475019451,1,1,"1700056N10Rik","Siglech",0.2,0.04
3.34127212892633,5.82273475019451,1,1,"Slc7a4","Siglech",0.2,0.04
3.34127212892633,5.82273475019451,1,1,"Ufd1","Siglech",0.2,0.04
3.34127212892633,5.82273475019451,1,1,"Abcc5","Siglech",0.2,0.04
3.34127212892633,5.82273475019451,1,1,"Ehhadh","Siglech",0.2,0.04
3.34127212892633,5.82273475019451,1,1,"1300002E11Rik","Siglech",0.2,0.04
3.34127212892633,5.82273475019451,1,1,"Igf2bp2","Siglech",0.2,0.04
3.34127212892633,5.82273475019451,1,1,"Dgkg","Siglech",0.2,0.04
3.34127212892633,5.82273475019451,1,1,"Gp5","Siglech",0.2,0.04
3.34127212892633,5.82273475019451,1,1,"Fam43a","Siglech",0.2,0.04
3.34127212892633,5.82273475019451,1,1,"Xxylt1","Siglech",0.2,0.04
3.34127212892633,5.82273475019451,1,1,"Heg1","Siglech",0.2,0.04
3.34127212892633,5.82273475019451,1,1,"Gm15657","Siglech",0.2,0.04
3.34127212892633,5.82273475019451,1,1,"Rabl3","Siglech",0.2,0.04
3.34127212892633,5.82273475019451,1,1,"Timmdc1","Siglech",0.2,0.04
3.34127212892633,5.82273475019451,1,1,"Dzip3","Siglech",0.2,0.04
3.34127212892633,5.82273475019451,1,1,"Zbtb11os1","Siglech",0.2,0.04
3.34127212892633,5.82273475019451,1,1,"App","Siglech",0.2,0.04
3.34127212892633,5.82273475019451,1,1,"Bach1","Siglech",0.2,0.04
3.34127212892633,5.82273475019451,1,1,"Tiam1","Siglech",0.2,0.04
3.34127212892633,5.82273475019451,1,1,"Gm17518","Siglech",0.2,0.04
3.34127212892633,5.82273475019451,1,1,"1110004E09Rik","Siglech",0.2,0.04
3.34127212892633,5.82273475019451,1,1,"Itsn1","Siglech",0.2,0.04
3.34127212892633,5.82273475019451,1,1,"Erg","Siglech",0.2,0.04
3.34127212892633,5.82273475019451,1,1,"Sh3bgr","Siglech",0.2,0.04
3.34127212892633,5.82273475019451,1,1,"Zbtb21","Siglech",0.2,0.04
3.34127212892633,5.82273475019451,1,1,"Synj2","Siglech",0.2,0.04
3.34127212892633,5.82273475019451,1,1,"Map3k4","Siglech",0.2,0.04
3.34127212892633,5.82273475019451,1,1,"Wdr27","Siglech",0.2,0.04
3.34127212892633,5.82273475019451,1,1,"1600012H06Rik","Siglech",0.2,0.04
3.34127212892633,5.82273475019451,1,1,"Spaca6","Siglech",0.2,0.04
3.34127212892633,5.82273475019451,1,1,"Zfp948","Siglech",0.2,0.04
3.34127212892633,5.82273475019451,1,1,"Zfp943","Siglech",0.2,0.04
3.34127212892633,5.82273475019451,1,1,"Zfp40","Siglech",0.2,0.04
3.34127212892633,5.82273475019451,1,1,"Hcfc1r1","Siglech",0.2,0.04
3.34127212892633,5.82273475019451,1,1,"Flywch1","Siglech",0.2,0.04
3.34127212892633,5.82273475019451,1,1,"Flywch2","Siglech",0.2,0.04
3.34127212892633,5.82273475019451,1,1,"Tedc2","Siglech",0.2,0.04
3.34127212892633,5.82273475019451,1,1,"Nthl1","Siglech",0.2,0.04
3.34127212892633,5.82273475019451,1,1,"Zfp598","Siglech",0.2,0.04
3.34127212892633,5.82273475019451,1,1,"Mettl26","Siglech",0.2,0.04
3.34127212892633,5.82273475019451,1,1,"Phf1","Siglech",0.2,0.04
3.34127212892633,5.82273475019451,1,1,"Taf11","Siglech",0.2,0.04
3.34127212892633,5.82273475019451,1,1,"Anks1","Siglech",0.2,0.04
3.34127212892633,5.82273475019451,1,1,"Rab44","Siglech",0.2,0.04
3.34127212892633,5.82273475019451,1,1,"Tbc1d22b","Siglech",0.2,0.04
3.34127212892633,5.82273475019451,1,1,"Mdga1","Siglech",0.2,0.04
3.34127212892633,5.82273475019451,1,1,"Ubash3a","Siglech",0.2,0.04
3.34127212892633,5.82273475019451,1,1,"Sik1","Siglech",0.2,0.04
3.34127212892633,5.82273475019451,1,1,"Ephx3","Siglech",0.2,0.04
3.34127212892633,5.82273475019451,1,1,"Cyp4f16","Siglech",0.2,0.04
3.34127212892633,5.82273475019451,1,1,"Zfp81","Siglech",0.2,0.04
3.34127212892633,5.82273475019451,1,1,"Rgl2","Siglech",0.2,0.04
3.34127212892633,5.82273475019451,1,1,"H2-Ab1","Siglech",0.2,0.04
3.34127212892633,5.82273475019451,1,1,"Gnl1","Siglech",0.2,0.04
3.34127212892633,5.82273475019451,1,1,"H2-T24","Siglech",0.2,0.04
3.34127212892633,5.82273475019451,1,1,"B230354K17Rik","Siglech",0.2,0.04
3.34127212892633,5.82273475019451,1,1,"Mad2l1bp","Siglech",0.2,0.04
3.34127212892633,5.82273475019451,1,1,"Xpo5","Siglech",0.2,0.04
3.34127212892633,5.82273475019451,1,1,"Dnph1","Siglech",0.2,0.04
3.34127212892633,5.82273475019451,1,1,"Cul7","Siglech",0.2,0.04
3.34127212892633,5.82273475019451,1,1,"AI661453","Siglech",0.2,0.04
3.34127212892633,5.82273475019451,1,1,"Taf8","Siglech",0.2,0.04
3.34127212892633,5.82273475019451,1,1,"Tomm6","Siglech",0.2,0.04
3.34127212892633,5.82273475019451,1,1,"Sgo1","Siglech",0.2,0.04
3.34127212892633,5.82273475019451,1,1,"Ccdc94","Siglech",0.2,0.04
3.34127212892633,5.82273475019451,1,1,"Sh3gl1","Siglech",0.2,0.04
3.34127212892633,5.82273475019451,1,1,"Tnfaip8l1","Siglech",0.2,0.04
3.34127212892633,5.82273475019451,1,1,"Mllt1","Siglech",0.2,0.04
3.34127212892633,5.82273475019451,1,1,"Slc25a23","Siglech",0.2,0.04
3.34127212892633,5.82273475019451,1,1,"Rpl7a-ps5","Siglech",0.2,0.04
3.34127212892633,5.82273475019451,1,1,"Rab31","Siglech",0.2,0.04
3.34127212892633,5.82273475019451,1,1,"Twsg1","Siglech",0.2,0.04
3.34127212892633,5.82273475019451,1,1,"Crim1","Siglech",0.2,0.04
3.34127212892633,5.82273475019451,1,1,"Strn","Siglech",0.2,0.04
3.34127212892633,5.82273475019451,1,1,"Gm26637","Siglech",0.2,0.04
3.34127212892633,5.82273475019451,1,1,"Galm","Siglech",0.2,0.04
3.34127212892633,5.82273475019451,1,1,"Thada","Siglech",0.2,0.04
3.34127212892633,5.82273475019451,1,1,"Srbd1","Siglech",0.2,0.04
3.34127212892633,5.82273475019451,1,1,"Prkce","Siglech",0.2,0.04
3.34127212892633,5.82273475019451,1,1,"Pigf","Siglech",0.2,0.04
3.34127212892633,5.82273475019451,1,1,"Gm20939","Siglech",0.2,0.04
3.34127212892633,5.82273475019451,1,1,"Crem","Siglech",0.2,0.04
3.34127212892633,5.82273475019451,1,1,"Rbbp8","Siglech",0.2,0.04
3.34127212892633,5.82273475019451,1,1,"Osbpl1a","Siglech",0.2,0.04
3.34127212892633,5.82273475019451,1,1,"Kctd1","Siglech",0.2,0.04
3.34127212892633,5.82273475019451,1,1,"Gm10036","Siglech",0.2,0.04
3.34127212892633,5.82273475019451,1,1,"Rprd1a","Siglech",0.2,0.04
3.34127212892633,5.82273475019451,1,1,"Sft2d3","Siglech",0.2,0.04
3.34127212892633,5.82273475019451,1,1,"Gypc","Siglech",0.2,0.04
3.34127212892633,5.82273475019451,1,1,"Cdc25c","Siglech",0.2,0.04
3.34127212892633,5.82273475019451,1,1,"Fam53c","Siglech",0.2,0.04
3.34127212892633,5.82273475019451,1,1,"Pcdhga9","Siglech",0.2,0.04
3.34127212892633,5.82273475019451,1,1,"Arap3","Siglech",0.2,0.04
3.34127212892633,5.82273475019451,1,1,"Prelid2","Siglech",0.2,0.04
3.34127212892633,5.82273475019451,1,1,"Pggt1b","Siglech",0.2,0.04
3.34127212892633,5.82273475019451,1,1,"Ppic","Siglech",0.2,0.04
3.34127212892633,5.82273475019451,1,1,"Dctn4","Siglech",0.2,0.04
3.34127212892633,5.82273475019451,1,1,"Grpel2","Siglech",0.2,0.04
3.34127212892633,5.82273475019451,1,1,"Adrb2","Siglech",0.2,0.04
3.34127212892633,5.82273475019451,1,1,"Nedd4l","Siglech",0.2,0.04
3.34127212892633,5.82273475019451,1,1,"Tubb6","Siglech",0.2,0.04
3.34127212892633,5.82273475019451,1,1,"Psmg2","Siglech",0.2,0.04
3.34127212892633,5.82273475019451,1,1,"Rab27b","Siglech",0.2,0.04
3.34127212892633,5.82273475019451,1,1,"8030462N17Rik","Siglech",0.2,0.04
3.34127212892633,5.82273475019451,1,1,"Socs6","Siglech",0.2,0.04
3.34127212892633,5.82273475019451,1,1,"Kmt5b","Siglech",0.2,0.04
3.34127212892633,5.82273475019451,1,1,"Ctsw","Siglech",0.2,0.04
3.34127212892633,5.82273475019451,1,1,"Mrpl49","Siglech",0.2,0.04
3.34127212892633,5.82273475019451,1,1,"Znhit2","Siglech",0.2,0.04
3.34127212892633,5.82273475019451,1,1,"Vps51","Siglech",0.2,0.04
3.34127212892633,5.82273475019451,1,1,"Plcb3","Siglech",0.2,0.04
3.34127212892633,5.82273475019451,1,1,"Eml3","Siglech",0.2,0.04
3.34127212892633,5.82273475019451,1,1,"Tut1","Siglech",0.2,0.04
3.34127212892633,5.82273475019451,1,1,"Ms4a4c","Siglech",0.2,0.04
3.34127212892633,5.82273475019451,1,1,"Ms4a3","Siglech",0.2,0.04
3.34127212892633,5.82273475019451,1,1,"4430402I18Rik","Siglech",0.2,0.04
3.34127212892633,5.82273475019451,1,1,"2700046G09Rik","Siglech",0.2,0.04
3.34127212892633,5.82273475019451,1,1,"Rnls","Siglech",0.2,0.04
3.34127212892633,5.82273475019451,1,1,"Lipa","Siglech",0.2,0.04
3.34127212892633,5.82273475019451,1,1,"Ifit2","Siglech",0.2,0.04
3.34127212892633,5.82273475019451,1,1,"AI606181","Siglech",0.2,0.04
3.34127212892633,5.82273475019451,1,1,"Exosc1","Siglech",0.2,0.04
3.34127212892633,5.82273475019451,1,1,"Twnk","Siglech",0.2,0.04
3.34127212892633,5.82273475019451,1,1,"Fbxl15","Siglech",0.2,0.04
3.34127212892633,5.82273475019451,1,1,"Cnnm2","Siglech",0.2,0.04
3.34127212892633,5.82273475019451,1,1,"Nt5c2","Siglech",0.2,0.04
3.34127212892633,5.82273475019451,1,1,"Nhlrc2","Siglech",0.2,0.04
3.34127212892633,5.82273475019451,1,1,"Ablim1","Siglech",0.2,0.04
3.34127212892633,5.82273475019451,1,1,"Slc18a2","Siglech",0.2,0.04
3.34127212892633,5.82273475019451,1,1,"Csprs","Siglech",0.2,0.04
-3.02074757456305,5.81475228481907,1,1,"Pcmtd1","Siglech",0.2,0.04
-3.02074757456305,5.81475228481907,1,1,"Eya1","Siglech",0.2,0.04
-3.02074757456305,5.81475228481907,1,1,"Jph1","Siglech",0.2,0.04
-3.02074757456305,5.81475228481907,1,1,"Ptp4a1","Siglech",0.2,0.04
-3.02074757456305,5.81475228481907,1,1,"4930568A12Rik","Siglech",0.2,0.04
-3.02074757456305,5.81475228481907,1,1,"Actr1b","Siglech",0.2,0.04
-3.02074757456305,5.81475228481907,1,1,"Zap70","Siglech",0.2,0.04
-3.02074757456305,5.81475228481907,1,1,"Rev1","Siglech",0.2,0.04
-3.02074757456305,5.81475228481907,1,1,"Rnf149","Siglech",0.2,0.04
-3.02074757456305,5.81475228481907,1,1,"Tgfbrap1","Siglech",0.2,0.04
-3.02074757456305,5.81475228481907,1,1,"AI597479","Siglech",0.2,0.04
-3.02074757456305,5.81475228481907,1,1,"Slc40a1","Siglech",0.2,0.04
-3.02074757456305,5.81475228481907,1,1,"Ormdl1","Siglech",0.2,0.04
-3.02074757456305,5.81475228481907,1,1,"Mars2","Siglech",0.2,0.04
-3.02074757456305,5.81475228481907,1,1,"1700066M21Rik","Siglech",0.2,0.04
-3.02074757456305,5.81475228481907,1,1,"G730003C15Rik","Siglech",0.2,0.04
-3.02074757456305,5.81475228481907,1,1,"Als2","Siglech",0.2,0.04
-3.02074757456305,5.81475228481907,1,1,"Cd28","Siglech",0.2,0.04
-3.02074757456305,5.81475228481907,1,1,"Fastkd2","Siglech",0.2,0.04
-3.02074757456305,5.81475228481907,1,1,"Mettl21a","Siglech",0.2,0.04
-3.02074757456305,5.81475228481907,1,1,"Kansl1l","Siglech",0.2,0.04
-3.02074757456305,5.81475228481907,1,1,"Cyp27a1","Siglech",0.2,0.04
-3.02074757456305,5.81475228481907,1,1,"Atg9a","Siglech",0.2,0.04
-3.02074757456305,5.81475228481907,1,1,"Dnpep","Siglech",0.2,0.04
-3.02074757456305,5.81475228481907,1,1,"Rhbdd1","Siglech",0.2,0.04
-3.02074757456305,5.81475228481907,1,1,"Armc9","Siglech",0.2,0.04
-3.02074757456305,5.81475228481907,1,1,"Ugt1a7c","Siglech",0.2,0.04
-3.02074757456305,5.81475228481907,1,1,"Cops8","Siglech",0.2,0.04
-3.02074757456305,5.81475228481907,1,1,"Otos","Siglech",0.2,0.04
-3.02074757456305,5.81475228481907,1,1,"Mterf4","Siglech",0.2,0.04
-3.02074757456305,5.81475228481907,1,1,"D2hgdh","Siglech",0.2,0.04
-3.02074757456305,5.81475228481907,1,1,"Ppip5k2","Siglech",0.2,0.04
-3.02074757456305,5.81475228481907,1,1,"Pign","Siglech",0.2,0.04
-3.02074757456305,5.81475228481907,1,1,"Kdsr","Siglech",0.2,0.04
-3.02074757456305,5.81475228481907,1,1,"Insig2","Siglech",0.2,0.04
-3.02074757456305,5.81475228481907,1,1,"Dyrk3","Siglech",0.2,0.04
-3.02074757456305,5.81475228481907,1,1,"Fam72a","Siglech",0.2,0.04
-3.02074757456305,5.81475228481907,1,1,"Rab29","Siglech",0.2,0.04
-3.02074757456305,5.81475228481907,1,1,"Zc3h11a","Siglech",0.2,0.04
-3.02074757456305,5.81475228481907,1,1,"Ddx59","Siglech",0.2,0.04
-3.02074757456305,5.81475228481907,1,1,"Gm19705","Siglech",0.2,0.04
-3.02074757456305,5.81475228481907,1,1,"Fam20b","Siglech",0.2,0.04
-3.02074757456305,5.81475228481907,1,1,"Cryzl2","Siglech",0.2,0.04
-3.02074757456305,5.81475228481907,1,1,"Cenpl","Siglech",0.2,0.04
-3.02074757456305,5.81475228481907,1,1,"Gorab","Siglech",0.2,0.04
-3.02074757456305,5.81475228481907,1,1,"BC055324","Siglech",0.2,0.04
-3.02074757456305,5.81475228481907,1,1,"Mettl18","Siglech",0.2,0.04
-3.02074757456305,5.81475228481907,1,1,"Selp","Siglech",0.2,0.04
-3.02074757456305,5.81475228481907,1,1,"Gpr161","Siglech",0.2,0.04
-3.02074757456305,5.81475228481907,1,1,"Dcaf6","Siglech",0.2,0.04
-3.02074757456305,5.81475228481907,1,1,"Pou2f1","Siglech",0.2,0.04
-3.02074757456305,5.81475228481907,1,1,"B4galt3","Siglech",0.2,0.04
-3.02074757456305,5.81475228481907,1,1,"Gm20045","Siglech",0.2,0.04
-3.02074757456305,5.81475228481907,1,1,"Tstd1","Siglech",0.2,0.04
-3.02074757456305,5.81475228481907,1,1,"Slamf7","Siglech",0.2,0.04
-3.02074757456305,5.81475228481907,1,1,"Chml","Siglech",0.2,0.04
-3.02074757456305,5.81475228481907,1,1,"Tfb2m","Siglech",0.2,0.04
-3.02074757456305,5.81475228481907,1,1,"Itpkb","Siglech",0.2,0.04
-3.02074757456305,5.81475228481907,1,1,"Lin9","Siglech",0.2,0.04
-3.02074757456305,5.81475228481907,1,1,"H3f3aos","Siglech",0.2,0.04
-3.02074757456305,5.81475228481907,1,1,"1700056E22Rik","Siglech",0.2,0.04
-3.02074757456305,5.81475228481907,1,1,"Bpnt1","Siglech",0.2,0.04
-3.02074757456305,5.81475228481907,1,1,"Tatdn3","Siglech",0.2,0.04
-3.02074757456305,5.81475228481907,1,1,"D730003I15Rik","Siglech",0.2,0.04
-3.02074757456305,5.81475228481907,1,1,"Rcor3","Siglech",0.2,0.04
-3.02074757456305,5.81475228481907,1,1,"Lamb3","Siglech",0.2,0.04
-3.02074757456305,5.81475228481907,1,1,"Nmt2","Siglech",0.2,0.04
-3.02074757456305,5.81475228481907,1,1,"Gm45902","Siglech",0.2,0.04
-3.02074757456305,5.81475228481907,1,1,"Pfkfb3","Siglech",0.2,0.04
-3.02074757456305,5.81475228481907,1,1,"Mindy3","Siglech",0.2,0.04
-3.02074757456305,5.81475228481907,1,1,"Mrc1","Siglech",0.2,0.04
-3.02074757456305,5.81475228481907,1,1,"Armc3","Siglech",0.2,0.04
-3.02074757456305,5.81475228481907,1,1,"Otud1","Siglech",0.2,0.04
-3.02074757456305,5.81475228481907,1,1,"Spopl","Siglech",0.2,0.04
-3.02074757456305,5.81475228481907,1,1,"Pnpla7","Siglech",0.2,0.04
-3.02074757456305,5.81475228481907,1,1,"Fbxw5","Siglech",0.2,0.04
-3.02074757456305,5.81475228481907,1,1,"Ubac1","Siglech",0.2,0.04
-3.02074757456305,5.81475228481907,1,1,"Pmpca","Siglech",0.2,0.04
-3.02074757456305,5.81475228481907,1,1,"Gfi1b","Siglech",0.2,0.04
-3.02074757456305,5.81475228481907,1,1,"Gtf3c4","Siglech",0.2,0.04
-3.02074757456305,5.81475228481907,1,1,"Rapgef1","Siglech",0.2,0.04
-3.02074757456305,5.81475228481907,1,1,"Urm1","Siglech",0.2,0.04
-3.02074757456305,5.81475228481907,1,1,"Cercam","Siglech",0.2,0.04
-3.02074757456305,5.81475228481907,1,1,"Pkn3","Siglech",0.2,0.04
-3.02074757456305,5.81475228481907,1,1,"Zer1","Siglech",0.2,0.04
-3.02074757456305,5.81475228481907,1,1,"Miga2","Siglech",0.2,0.04
-3.02074757456305,5.81475228481907,1,1,"Dolpp1","Siglech",0.2,0.04
-3.02074757456305,5.81475228481907,1,1,"Ntmt1","Siglech",0.2,0.04
-3.02074757456305,5.81475228481907,1,1,"Asb6","Siglech",0.2,0.04
-3.02074757456305,5.81475228481907,1,1,"Naif1","Siglech",0.2,0.04
-3.02074757456305,5.81475228481907,1,1,"St6galnac6","Siglech",0.2,0.04
-3.02074757456305,5.81475228481907,1,1,"Slc2a8","Siglech",0.2,0.04
-3.02074757456305,5.81475228481907,1,1,"Gsn","Siglech",0.2,0.04
-3.02074757456305,5.81475228481907,1,1,"Rbm18","Siglech",0.2,0.04
-3.02074757456305,5.81475228481907,1,1,"Scai","Siglech",0.2,0.04
-3.02074757456305,5.81475228481907,1,1,"Nr4a2","Siglech",0.2,0.04
-3.02074757456305,5.81475228481907,1,1,"Gpd2","Siglech",0.2,0.04
-3.02074757456305,5.81475228481907,1,1,"Upp2","Siglech",0.2,0.04
-3.02074757456305,5.81475228481907,1,1,"Wdsub1","Siglech",0.2,0.04
-3.02074757456305,5.81475228481907,1,1,"Cers6","Siglech",0.2,0.04
-3.02074757456305,5.81475228481907,1,1,"Bbs5","Siglech",0.2,0.04
-3.02074757456305,5.81475228481907,1,1,"Fastkd1","Siglech",0.2,0.04
-3.02074757456305,5.81475228481907,1,1,"Mettl5","Siglech",0.2,0.04
-3.02074757456305,5.81475228481907,1,1,"Mettl8","Siglech",0.2,0.04
-3.02074757456305,5.81475228481907,1,1,"Dcaf17","Siglech",0.2,0.04
-3.02074757456305,5.81475228481907,1,1,"Pdk1","Siglech",0.2,0.04
-3.02074757456305,5.81475228481907,1,1,"Sp3os","Siglech",0.2,0.04
-3.02074757456305,5.81475228481907,1,1,"Ttc30a1","Siglech",0.2,0.04
-3.02074757456305,5.81475228481907,1,1,"Fkbp7","Siglech",0.2,0.04
-3.02074757456305,5.81475228481907,1,1,"Dusp19","Siglech",0.2,0.04
-3.02074757456305,5.81475228481907,1,1,"Kbtbd4","Siglech",0.2,0.04
-3.02074757456305,5.81475228481907,1,1,"A330069E16Rik","Siglech",0.2,0.04
-3.02074757456305,5.81475228481907,1,1,"Phf21a","Siglech",0.2,0.04
-3.02074757456305,5.81475228481907,1,1,"Slc35c1","Siglech",0.2,0.04
-3.02074757456305,5.81475228481907,1,1,"Tcp11l1","Siglech",0.2,0.04
-3.02074757456305,5.81475228481907,1,1,"Dnajc24","Siglech",0.2,0.04
-3.02074757456305,5.81475228481907,1,1,"Oip5","Siglech",0.2,0.04
-3.02074757456305,5.81475228481907,1,1,"Lrrc57","Siglech",0.2,0.04
-3.02074757456305,5.81475228481907,1,1,"Cdan1","Siglech",0.2,0.04
-3.02074757456305,5.81475228481907,1,1,"Ubr1","Siglech",0.2,0.04
-3.02074757456305,5.81475228481907,1,1,"Casc4","Siglech",0.2,0.04
-3.02074757456305,5.81475228481907,1,1,"Atp8b4","Siglech",0.2,0.04
-3.02074757456305,5.81475228481907,1,1,"Gabpb1","Siglech",0.2,0.04
-3.02074757456305,5.81475228481907,1,1,"Itpripl1","Siglech",0.2,0.04
-3.02074757456305,5.81475228481907,1,1,"Zfp661","Siglech",0.2,0.04
-3.02074757456305,5.81475228481907,1,1,"Bcl2l11","Siglech",0.2,0.04
-3.02074757456305,5.81475228481907,1,1,"Gm10762","Siglech",0.2,0.04
-3.02074757456305,5.81475228481907,1,1,"Zc3h6","Siglech",0.2,0.04
-3.02074757456305,5.81475228481907,1,1,"Polr1b","Siglech",0.2,0.04
-3.02074757456305,5.81475228481907,1,1,"Stk35","Siglech",0.2,0.04
-3.02074757456305,5.81475228481907,1,1,"Ap5s1","Siglech",0.2,0.04
-3.02074757456305,5.81475228481907,1,1,"Rnf24","Siglech",0.2,0.04
-3.02074757456305,5.81475228481907,1,1,"Cds2","Siglech",0.2,0.04
-3.02074757456305,5.81475228481907,1,1,"Entpd6","Siglech",0.2,0.04
-3.02074757456305,5.81475228481907,1,1,"Abhd12","Siglech",0.2,0.04
-3.02074757456305,5.81475228481907,1,1,"Gins1","Siglech",0.2,0.04
-3.02074757456305,5.81475228481907,1,1,"Ninl","Siglech",0.2,0.04
-3.02074757456305,5.81475228481907,1,1,"Sox12","Siglech",0.2,0.04
-3.02074757456305,5.81475228481907,1,1,"Zcchc3","Siglech",0.2,0.04
-3.02074757456305,5.81475228481907,1,1,"Pofut1","Siglech",0.2,0.04
-3.02074757456305,5.81475228481907,1,1,"Cdk5rap1","Siglech",0.2,0.04
-3.02074757456305,5.81475228481907,1,1,"Cnbd2","Siglech",0.2,0.04
-3.02074757456305,5.81475228481907,1,1,"4930518I15Rik","Siglech",0.2,0.04
-3.02074757456305,5.81475228481907,1,1,"Ralgapb","Siglech",0.2,0.04
-3.02074757456305,5.81475228481907,1,1,"2900093K20Rik","Siglech",0.2,0.04
-3.02074757456305,5.81475228481907,1,1,"Kcng1","Siglech",0.2,0.04
-3.02074757456305,5.81475228481907,1,1,"Cstf1","Siglech",0.2,0.04
-3.02074757456305,5.81475228481907,1,1,"Zfp831","Siglech",0.2,0.04
-3.02074757456305,5.81475228481907,1,1,"Slco4a1","Siglech",0.2,0.04
-3.02074757456305,5.81475228481907,1,1,"Rtel1","Siglech",0.2,0.04
-3.02074757456305,5.81475228481907,1,1,"Cacna1f","Siglech",0.2,0.04
-3.02074757456305,5.81475228481907,1,1,"Prickle3","Siglech",0.2,0.04
-3.02074757456305,5.81475228481907,1,1,"Hdac6","Siglech",0.2,0.04
-3.02074757456305,5.81475228481907,1,1,"Cask","Siglech",0.2,0.04
-3.02074757456305,5.81475228481907,1,1,"Araf","Siglech",0.2,0.04
-3.02074757456305,5.81475228481907,1,1,"Mdrl","Siglech",0.2,0.04
-3.02074757456305,5.81475228481907,1,1,"Rap2c","Siglech",0.2,0.04
-3.02074757456305,5.81475228481907,1,1,"Mbnl3","Siglech",0.2,0.04
-3.02074757456305,5.81475228481907,1,1,"Rtl8b","Siglech",0.2,0.04
-3.02074757456305,5.81475228481907,1,1,"1110012L19Rik","Siglech",0.2,0.04
-3.02074757456305,5.81475228481907,1,1,"Mtm1","Siglech",0.2,0.04
-3.02074757456305,5.81475228481907,1,1,"Dusp9","Siglech",0.2,0.04
-3.02074757456305,5.81475228481907,1,1,"Pnck","Siglech",0.2,0.04
-3.02074757456305,5.81475228481907,1,1,"Renbp","Siglech",0.2,0.04
-3.02074757456305,5.81475228481907,1,1,"Foxo4","Siglech",0.2,0.04
-3.02074757456305,5.81475228481907,1,1,"Il2rg","Siglech",0.2,0.04
-3.02074757456305,5.81475228481907,1,1,"Rtl5","Siglech",0.2,0.04
-3.02074757456305,5.81475228481907,1,1,"Phka1","Siglech",0.2,0.04
-3.02074757456305,5.81475228481907,1,1,"Ftx","Siglech",0.2,0.04
-3.02074757456305,5.81475228481907,1,1,"Xkrx","Siglech",0.2,0.04
-3.02074757456305,5.81475228481907,1,1,"Cenpi","Siglech",0.2,0.04
-3.02074757456305,5.81475228481907,1,1,"Armcx5","Siglech",0.2,0.04
-3.02074757456305,5.81475228481907,1,1,"Tceal8","Siglech",0.2,0.04
-3.02074757456305,5.81475228481907,1,1,"Tmsb15b1","Siglech",0.2,0.04
-3.02074757456305,5.81475228481907,1,1,"Tmem164","Siglech",0.2,0.04
-3.02074757456305,5.81475228481907,1,1,"Ammecr1","Siglech",0.2,0.04
-3.02074757456305,5.81475228481907,1,1,"Cldn34b2","Siglech",0.2,0.04
-3.02074757456305,5.81475228481907,1,1,"Mbtps2","Siglech",0.2,0.04
-3.02074757456305,5.81475228481907,1,1,"Cdkl5","Siglech",0.2,0.04
-3.02074757456305,5.81475228481907,1,1,"Ap1s2","Siglech",0.2,0.04
-3.02074757456305,5.81475228481907,1,1,"Tlr7","Siglech",0.2,0.04
-3.02074757456305,5.81475228481907,1,1,"Prps2","Siglech",0.2,0.04
-3.02074757456305,5.81475228481907,1,1,"Gm8797","Siglech",0.2,0.04
-3.02074757456305,5.81475228481907,1,1,"Zfand1","Siglech",0.2,0.04
-3.02074757456305,5.81475228481907,1,1,"Lrrcc1","Siglech",0.2,0.04
-3.02074757456305,5.81475228481907,1,1,"Car1","Siglech",0.2,0.04
-3.02074757456305,5.81475228481907,1,1,"Ythdf3","Siglech",0.2,0.04
-3.02074757456305,5.81475228481907,1,1,"Cyp7b1","Siglech",0.2,0.04
-3.02074757456305,5.81475228481907,1,1,"Hltf","Siglech",0.2,0.04
-3.02074757456305,5.81475228481907,1,1,"Fndc3b","Siglech",0.2,0.04
-3.02074757456305,5.81475228481907,1,1,"Gm15952","Siglech",0.2,0.04
-3.02074757456305,5.81475228481907,1,1,"D3Ertd254e","Siglech",0.2,0.04
-3.02074757456305,5.81475228481907,1,1,"Spry1","Siglech",0.2,0.04
-3.02074757456305,5.81475228481907,1,1,"Intu","Siglech",0.2,0.04
-3.02074757456305,5.81475228481907,1,1,"Sclt1","Siglech",0.2,0.04
-3.02074757456305,5.81475228481907,1,1,"Cog6","Siglech",0.2,0.04
-3.02074757456305,5.81475228481907,1,1,"Tsc22d2","Siglech",0.2,0.04
-3.02074757456305,5.81475228481907,1,1,"Gm37305","Siglech",0.2,0.04
-3.02074757456305,5.81475228481907,1,1,"Gfm1","Siglech",0.2,0.04
-3.02074757456305,5.81475228481907,1,1,"Ift80","Siglech",0.2,0.04
-3.02074757456305,5.81475228481907,1,1,"B3galnt1","Siglech",0.2,0.04
-3.02074757456305,5.81475228481907,1,1,"Tmem154","Siglech",0.2,0.04
-3.02074757456305,5.81475228481907,1,1,"Gatb","Siglech",0.2,0.04
-3.02074757456305,5.81475228481907,1,1,"Mex3a","Siglech",0.2,0.04
-3.02074757456305,5.81475228481907,1,1,"Gm43714","Siglech",0.2,0.04
-3.02074757456305,5.81475228481907,1,1,"Efna4","Siglech",0.2,0.04
-3.02074757456305,5.81475228481907,1,1,"Pmvk","Siglech",0.2,0.04
-3.02074757456305,5.81475228481907,1,1,"Snapin","Siglech",0.2,0.04
-3.02074757456305,5.81475228481907,1,1,"Tdrkh","Siglech",0.2,0.04
-3.02074757456305,5.81475228481907,1,1,"Gm128","Siglech",0.2,0.04
-3.02074757456305,5.81475228481907,1,1,"Mindy1","Siglech",0.2,0.04
-3.02074757456305,5.81475228481907,1,1,"Tars2","Siglech",0.2,0.04
-3.02074757456305,5.81475228481907,1,1,"Gm17690","Siglech",0.2,0.04
-3.02074757456305,5.81475228481907,1,1,"Hist2h2ac","Siglech",0.2,0.04
-3.02074757456305,5.81475228481907,1,1,"Polr3gl","Siglech",0.2,0.04
-3.02074757456305,5.81475228481907,1,1,"Pex11b","Siglech",0.2,0.04
-3.02074757456305,5.81475228481907,1,1,"Prkab2","Siglech",0.2,0.04
-3.02074757456305,5.81475228481907,1,1,"Hmgcs2","Siglech",0.2,0.04
-3.02074757456305,5.81475228481907,1,1,"Slc22a15","Siglech",0.2,0.04
-3.02074757456305,5.81475228481907,1,1,"Ap4b1","Siglech",0.2,0.04
-3.02074757456305,5.81475228481907,1,1,"Phtf1os","Siglech",0.2,0.04
-3.02074757456305,5.81475228481907,1,1,"Lrig2","Siglech",0.2,0.04
-3.02074757456305,5.81475228481907,1,1,"Ddx20","Siglech",0.2,0.04
-3.02074757456305,5.81475228481907,1,1,"Gm5547","Siglech",0.2,0.04
-3.02074757456305,5.81475228481907,1,1,"Gstm7","Siglech",0.2,0.04
-3.02074757456305,5.81475228481907,1,1,"Atxn7l2","Siglech",0.2,0.04
-3.02074757456305,5.81475228481907,1,1,"Sort1","Siglech",0.2,0.04
-3.02074757456305,5.81475228481907,1,1,"Taf13","Siglech",0.2,0.04
-3.02074757456305,5.81475228481907,1,1,"C130013H08Rik","Siglech",0.2,0.04
-3.02074757456305,5.81475228481907,1,1,"Slc35a3","Siglech",0.2,0.04
-3.02074757456305,5.81475228481907,1,1,"Alg14","Siglech",0.2,0.04
-3.02074757456305,5.81475228481907,1,1,"Bcar3","Siglech",0.2,0.04
-3.02074757456305,5.81475228481907,1,1,"Fam241a","Siglech",0.2,0.04
-3.02074757456305,5.81475228481907,1,1,"Egf","Siglech",0.2,0.04
-3.02074757456305,5.81475228481907,1,1,"St6galnac3","Siglech",0.2,0.04
-3.02074757456305,5.81475228481907,1,1,"Fpgt","Siglech",0.2,0.04
-3.02074757456305,5.81475228481907,1,1,"Dpy19l4","Siglech",0.2,0.04
-3.02074757456305,5.81475228481907,1,1,"Rad54b","Siglech",0.2,0.04
-3.02074757456305,5.81475228481907,1,1,"Fsbp","Siglech",0.2,0.04
-3.02074757456305,5.81475228481907,1,1,"Otud6b","Siglech",0.2,0.04
-3.02074757456305,5.81475228481907,1,1,"Osgin2","Siglech",0.2,0.04
-3.02074757456305,5.81475228481907,1,1,"Tstd3","Siglech",0.2,0.04
-3.02074757456305,5.81475228481907,1,1,"Rars2","Siglech",0.2,0.04
-3.02074757456305,5.81475228481907,1,1,"Mob3b","Siglech",0.2,0.04
-3.02074757456305,5.81475228481907,1,1,"Ubap1","Siglech",0.2,0.04
-3.02074757456305,5.81475228481907,1,1,"Enho","Siglech",0.2,0.04
-3.02074757456305,5.81475228481907,1,1,"Dnajb5","Siglech",0.2,0.04
-3.02074757456305,5.81475228481907,1,1,"Pigo","Siglech",0.2,0.04
-3.02074757456305,5.81475228481907,1,1,"Creb3","Siglech",0.2,0.04
-3.02074757456305,5.81475228481907,1,1,"Tmem8b","Siglech",0.2,0.04
-3.02074757456305,5.81475228481907,1,1,"Tdrd7","Siglech",0.2,0.04
-3.02074757456305,5.81475228481907,1,1,"Xpa","Siglech",0.2,0.04
-3.02074757456305,5.81475228481907,1,1,"Invs","Siglech",0.2,0.04
-3.02074757456305,5.81475228481907,1,1,"Fktn","Siglech",0.2,0.04
-3.02074757456305,5.81475228481907,1,1,"Ctnnal1","Siglech",0.2,0.04
-3.02074757456305,5.81475228481907,1,1,"Rgs3","Siglech",0.2,0.04
-3.02074757456305,5.81475228481907,1,1,"Whrn","Siglech",0.2,0.04
-3.02074757456305,5.81475228481907,1,1,"Cdk5rap2","Siglech",0.2,0.04
-3.02074757456305,5.81475228481907,1,1,"Dennd4c","Siglech",0.2,0.04
-3.02074757456305,5.81475228481907,1,1,"Mtap","Siglech",0.2,0.04
-3.02074757456305,5.81475228481907,1,1,"Tusc1","Siglech",0.2,0.04
-3.02074757456305,5.81475228481907,1,1,"Hook1","Siglech",0.2,0.04
-3.02074757456305,5.81475228481907,1,1,"Alg6","Siglech",0.2,0.04
-3.02074757456305,5.81475228481907,1,1,"Gm44037","Siglech",0.2,0.04
-3.02074757456305,5.81475228481907,1,1,"Oma1","Siglech",0.2,0.04
-3.02074757456305,5.81475228481907,1,1,"Dhcr24","Siglech",0.2,0.04
-3.02074757456305,5.81475228481907,1,1,"Tceanc2","Siglech",0.2,0.04
-3.02074757456305,5.81475228481907,1,1,"Lrrc42","Siglech",0.2,0.04
-3.02074757456305,5.81475228481907,1,1,"Cpt2","Siglech",0.2,0.04
-3.02074757456305,5.81475228481907,1,1,"Coa7","Siglech",0.2,0.04
-3.02074757456305,5.81475228481907,1,1,"Cc2d1b","Siglech",0.2,0.04
-3.02074757456305,5.81475228481907,1,1,"Lrrc41","Siglech",0.2,0.04
-3.02074757456305,5.81475228481907,1,1,"Dmap1","Siglech",0.2,0.04
-3.02074757456305,5.81475228481907,1,1,"Ipo13","Siglech",0.2,0.04
-3.02074757456305,5.81475228481907,1,1,"Frg2f1","Siglech",0.2,0.04
-3.02074757456305,5.81475228481907,1,1,"Trit1","Siglech",0.2,0.04
-3.02074757456305,5.81475228481907,1,1,"Ago3","Siglech",0.2,0.04
-3.02074757456305,5.81475228481907,1,1,"Ago4","Siglech",0.2,0.04
-3.02074757456305,5.81475228481907,1,1,"AU040320","Siglech",0.2,0.04
-3.02074757456305,5.81475228481907,1,1,"Zmym1","Siglech",0.2,0.04
-3.02074757456305,5.81475228481907,1,1,"Zscan20","Siglech",0.2,0.04
-3.02074757456305,5.81475228481907,1,1,"Pef1","Siglech",0.2,0.04
-3.02074757456305,5.81475228481907,1,1,"Gmeb1","Siglech",0.2,0.04
-3.02074757456305,5.81475228481907,1,1,"Med18","Siglech",0.2,0.04
-3.02074757456305,5.81475228481907,1,1,"Sesn2","Siglech",0.2,0.04
-3.02074757456305,5.81475228481907,1,1,"Ppp1r8","Siglech",0.2,0.04
-3.02074757456305,5.81475228481907,1,1,"Stx12","Siglech",0.2,0.04
-3.02074757456305,5.81475228481907,1,1,"Tmem57","Siglech",0.2,0.04
-3.02074757456305,5.81475228481907,1,1,"Rcan3","Siglech",0.2,0.04
-3.02074757456305,5.81475228481907,1,1,"Gale","Siglech",0.2,0.04
-3.02074757456305,5.81475228481907,1,1,"2810405F17Rik","Siglech",0.2,0.04
-3.02074757456305,5.81475228481907,1,1,"Ece1","Siglech",0.2,0.04
-3.02074757456305,5.81475228481907,1,1,"Pink1","Siglech",0.2,0.04
-3.02074757456305,5.81475228481907,1,1,"Plekhm2","Siglech",0.2,0.04
-3.02074757456305,5.81475228481907,1,1,"Tnfrsf1b","Siglech",0.2,0.04
-3.02074757456305,5.81475228481907,1,1,"Mfn2","Siglech",0.2,0.04
-3.02074757456305,5.81475228481907,1,1,"Ube4b","Siglech",0.2,0.04
-3.02074757456305,5.81475228481907,1,1,"Cep104","Siglech",0.2,0.04
-3.02074757456305,5.81475228481907,1,1,"Fam213b","Siglech",0.2,0.04
-3.02074757456305,5.81475228481907,1,1,"Tnfrsf14","Siglech",0.2,0.04
-3.02074757456305,5.81475228481907,1,1,"Slc35e2","Siglech",0.2,0.04
-3.02074757456305,5.81475228481907,1,1,"Cptp","Siglech",0.2,0.04
-3.02074757456305,5.81475228481907,1,1,"B3galt6","Siglech",0.2,0.04
-3.02074757456305,5.81475228481907,1,1,"Tmem60","Siglech",0.2,0.04
-3.02074757456305,5.81475228481907,1,1,"Klhl7","Siglech",0.2,0.04
-3.02074757456305,5.81475228481907,1,1,"Cdk5","Siglech",0.2,0.04
-3.02074757456305,5.81475228481907,1,1,"Agap3","Siglech",0.2,0.04
-3.02074757456305,5.81475228481907,1,1,"Chpf2","Siglech",0.2,0.04
-3.02074757456305,5.81475228481907,1,1,"Wdr86","Siglech",0.2,0.04
-3.02074757456305,5.81475228481907,1,1,"Eif2b4","Siglech",0.2,0.04
-3.02074757456305,5.81475228481907,1,1,"Zfp513","Siglech",0.2,0.04
-3.02074757456305,5.81475228481907,1,1,"Rbks","Siglech",0.2,0.04
-3.02074757456305,5.81475228481907,1,1,"Fam53a","Siglech",0.2,0.04
-3.02074757456305,5.81475228481907,1,1,"Tmem129","Siglech",0.2,0.04
-3.02074757456305,5.81475228481907,1,1,"Bloc1s4","Siglech",0.2,0.04
-3.02074757456305,5.81475228481907,1,1,"Man2b2","Siglech",0.2,0.04
-3.02074757456305,5.81475228481907,1,1,"Hs3st1","Siglech",0.2,0.04
-3.02074757456305,5.81475228481907,1,1,"Bst1","Siglech",0.2,0.04
-3.02074757456305,5.81475228481907,1,1,"Cd38","Siglech",0.2,0.04
-3.02074757456305,5.81475228481907,1,1,"Lcorl","Siglech",0.2,0.04
-3.02074757456305,5.81475228481907,1,1,"Pi4k2b","Siglech",0.2,0.04
-3.02074757456305,5.81475228481907,1,1,"Smim20","Siglech",0.2,0.04
-3.02074757456305,5.81475228481907,1,1,"Tbc1d19","Siglech",0.2,0.04
-3.02074757456305,5.81475228481907,1,1,"Ugdh","Siglech",0.2,0.04
-3.02074757456305,5.81475228481907,1,1,"Gnpda2","Siglech",0.2,0.04
-3.02074757456305,5.81475228481907,1,1,"Rasl11b","Siglech",0.2,0.04
-3.02074757456305,5.81475228481907,1,1,"Cep135","Siglech",0.2,0.04
-3.02074757456305,5.81475228481907,1,1,"Ccng2","Siglech",0.2,0.04
-3.02074757456305,5.81475228481907,1,1,"Paqr3","Siglech",0.2,0.04
-3.02074757456305,5.81475228481907,1,1,"Antxr2","Siglech",0.2,0.04
-3.02074757456305,5.81475228481907,1,1,"4930524J08Rik","Siglech",0.2,0.04
-3.02074757456305,5.81475228481907,1,1,"Ccdc18","Siglech",0.2,0.04
-3.02074757456305,5.81475228481907,1,1,"5430403G16Rik","Siglech",0.2,0.04
-3.02074757456305,5.81475228481907,1,1,"Gm15446","Siglech",0.2,0.04
-3.02074757456305,5.81475228481907,1,1,"Ttc28","Siglech",0.2,0.04
-3.02074757456305,5.81475228481907,1,1,"Mmab","Siglech",0.2,0.04
-3.02074757456305,5.81475228481907,1,1,"2610524H06Rik","Siglech",0.2,0.04
-3.02074757456305,5.81475228481907,1,1,"Rbm19","Siglech",0.2,0.04
-3.02074757456305,5.81475228481907,1,1,"Rad9b","Siglech",0.2,0.04
-3.02074757456305,5.81475228481907,1,1,"P2rx4","Siglech",0.2,0.04
-3.02074757456305,5.81475228481907,1,1,"A930024E05Rik","Siglech",0.2,0.04
-3.02074757456305,5.81475228481907,1,1,"Snrnp35","Siglech",0.2,0.04
-3.02074757456305,5.81475228481907,1,1,"Scarb1","Siglech",0.2,0.04
-3.02074757456305,5.81475228481907,1,1,"Nipsnap2","Siglech",0.2,0.04
-3.02074757456305,5.81475228481907,1,1,"Rabgef1","Siglech",0.2,0.04
-3.02074757456305,5.81475228481907,1,1,"Tyw1","Siglech",0.2,0.04
-3.02074757456305,5.81475228481907,1,1,"Gatsl2","Siglech",0.2,0.04
-3.02074757456305,5.81475228481907,1,1,"Gtf2ird1","Siglech",0.2,0.04
-3.02074757456305,5.81475228481907,1,1,"Mettl27","Siglech",0.2,0.04
-3.02074757456305,5.81475228481907,1,1,"Ift22","Siglech",0.2,0.04
-3.02074757456305,5.81475228481907,1,1,"Znhit1","Siglech",0.2,0.04
-3.02074757456305,5.81475228481907,1,1,"Trip6","Siglech",0.2,0.04
-3.02074757456305,5.81475228481907,1,1,"Mepce","Siglech",0.2,0.04
-3.02074757456305,5.81475228481907,1,1,"Pdgfa","Siglech",0.2,0.04
-3.02074757456305,5.81475228481907,1,1,"Cox19","Siglech",0.2,0.04
-3.02074757456305,5.81475228481907,1,1,"Gpr146","Siglech",0.2,0.04
-3.02074757456305,5.81475228481907,1,1,"Lfng","Siglech",0.2,0.04
-3.02074757456305,5.81475228481907,1,1,"Eif2ak1","Siglech",0.2,0.04
-3.02074757456305,5.81475228481907,1,1,"2900089D17Rik","Siglech",0.2,0.04
-3.02074757456305,5.81475228481907,1,1,"Smurf1","Siglech",0.2,0.04
-3.02074757456305,5.81475228481907,1,1,"Zkscan5","Siglech",0.2,0.04
-3.02074757456305,5.81475228481907,1,1,"Slc46a3","Siglech",0.2,0.04
-3.02074757456305,5.81475228481907,1,1,"B3glct","Siglech",0.2,0.04
-3.02074757456305,5.81475228481907,1,1,"Gm43597","Siglech",0.2,0.04
-3.02074757456305,5.81475228481907,1,1,"Vps50","Siglech",0.2,0.04
-3.02074757456305,5.81475228481907,1,1,"Casd1","Siglech",0.2,0.04
-3.02074757456305,5.81475228481907,1,1,"Asns","Siglech",0.2,0.04
-3.02074757456305,5.81475228481907,1,1,"Mios","Siglech",0.2,0.04
-3.02074757456305,5.81475228481907,1,1,"Tmem168","Siglech",0.2,0.04
-3.02074757456305,5.81475228481907,1,1,"St7","Siglech",0.2,0.04
-3.02074757456305,5.81475228481907,1,1,"Hilpda","Siglech",0.2,0.04
-3.02074757456305,5.81475228481907,1,1,"Irf5","Siglech",0.2,0.04
-3.02074757456305,5.81475228481907,1,1,"Ahcyl2","Siglech",0.2,0.04
-3.02074757456305,5.81475228481907,1,1,"Ube2h","Siglech",0.2,0.04
-3.02074757456305,5.81475228481907,1,1,"Rab19","Siglech",0.2,0.04
-3.02074757456305,5.81475228481907,1,1,"Adck2","Siglech",0.2,0.04
-3.02074757456305,5.81475228481907,1,1,"Zfp786","Siglech",0.2,0.04
-3.02074757456305,5.81475228481907,1,1,"Zfp212","Siglech",0.2,0.04
-3.02074757456305,5.81475228481907,1,1,"Zfp775","Siglech",0.2,0.04
-3.02074757456305,5.81475228481907,1,1,"Gimap1","Siglech",0.2,0.04
-3.02074757456305,5.81475228481907,1,1,"Ccdc126","Siglech",0.2,0.04
-3.02074757456305,5.81475228481907,1,1,"Fam221a","Siglech",0.2,0.04
-3.02074757456305,5.81475228481907,1,1,"Hoxa3","Siglech",0.2,0.04
-3.02074757456305,5.81475228481907,1,1,"Hoxaas3","Siglech",0.2,0.04
-3.02074757456305,5.81475228481907,1,1,"Ggct","Siglech",0.2,0.04
-3.02074757456305,5.81475228481907,1,1,"Vopp1","Siglech",0.2,0.04
-3.02074757456305,5.81475228481907,1,1,"Cd8b1","Siglech",0.2,0.04
-3.02074757456305,5.81475228481907,1,1,"Elmod3","Siglech",0.2,0.04
-3.02074757456305,5.81475228481907,1,1,"Gcfc2","Siglech",0.2,0.04
-3.02074757456305,5.81475228481907,1,1,"Pcgf1","Siglech",0.2,0.04
-3.02074757456305,5.81475228481907,1,1,"Wbp1","Siglech",0.2,0.04
-3.02074757456305,5.81475228481907,1,1,"Paip2b","Siglech",0.2,0.04
-3.02074757456305,5.81475228481907,1,1,"Aplf","Siglech",0.2,0.04
-3.02074757456305,5.81475228481907,1,1,"Rab43","Siglech",0.2,0.04
-3.02074757456305,5.81475228481907,1,1,"1810044D09Rik","Siglech",0.2,0.04
-3.02074757456305,5.81475228481907,1,1,"Kbtbd8","Siglech",0.2,0.04
-3.02074757456305,5.81475228481907,1,1,"Gm20696","Siglech",0.2,0.04
-3.02074757456305,5.81475228481907,1,1,"Sumf1","Siglech",0.2,0.04
-3.02074757456305,5.81475228481907,1,1,"Srgap3","Siglech",0.2,0.04
-3.02074757456305,5.81475228481907,1,1,"Brpf1","Siglech",0.2,0.04
-3.02074757456305,5.81475228481907,1,1,"Creld1","Siglech",0.2,0.04
-3.02074757456305,5.81475228481907,1,1,"Irak2","Siglech",0.2,0.04
-3.02074757456305,5.81475228481907,1,1,"Tatdn2","Siglech",0.2,0.04
-3.02074757456305,5.81475228481907,1,1,"Gm26982","Siglech",0.2,0.04
-3.02074757456305,5.81475228481907,1,1,"Hrh1","Siglech",0.2,0.04
-3.02074757456305,5.81475228481907,1,1,"Ift122","Siglech",0.2,0.04
-3.02074757456305,5.81475228481907,1,1,"Plxnd1","Siglech",0.2,0.04
-3.02074757456305,5.81475228481907,1,1,"8430408G22Rik","Siglech",0.2,0.04
-3.02074757456305,5.81475228481907,1,1,"Hdhd5","Siglech",0.2,0.04
-3.02074757456305,5.81475228481907,1,1,"Bcl2l13","Siglech",0.2,0.04
-3.02074757456305,5.81475228481907,1,1,"Usp18","Siglech",0.2,0.04
-3.02074757456305,5.81475228481907,1,1,"Phc1","Siglech",0.2,0.04
-3.02074757456305,5.81475228481907,1,1,"Apobec1","Siglech",0.2,0.04
-3.02074757456305,5.81475228481907,1,1,"Slc2a3","Siglech",0.2,0.04
-3.02074757456305,5.81475228481907,1,1,"Lag3","Siglech",0.2,0.04
-3.02074757456305,5.81475228481907,1,1,"Tapbpl","Siglech",0.2,0.04
-3.02074757456305,5.81475228481907,1,1,"Tigar","Siglech",0.2,0.04
-3.02074757456305,5.81475228481907,1,1,"Cracr2a","Siglech",0.2,0.04
-3.02074757456305,5.81475228481907,1,1,"Foxm1","Siglech",0.2,0.04
-3.02074757456305,5.81475228481907,1,1,"Itfg2","Siglech",0.2,0.04
-3.02074757456305,5.81475228481907,1,1,"Clec2i","Siglech",0.2,0.04
-3.02074757456305,5.81475228481907,1,1,"Cd69","Siglech",0.2,0.04
-3.02074757456305,5.81475228481907,1,1,"Clec9a","Siglech",0.2,0.04
-3.02074757456305,5.81475228481907,1,1,"Bcl2l14","Siglech",0.2,0.04
-3.02074757456305,5.81475228481907,1,1,"Gpr19","Siglech",0.2,0.04
-3.02074757456305,5.81475228481907,1,1,"Pyroxd1","Siglech",0.2,0.04
-3.02074757456305,5.81475228481907,1,1,"Etfbkmt","Siglech",0.2,0.04
-3.02074757456305,5.81475228481907,1,1,"Pira2","Siglech",0.2,0.04
-3.02074757456305,5.81475228481907,1,1,"Isoc2b","Siglech",0.2,0.04
-3.02074757456305,5.81475228481907,1,1,"Isoc2a","Siglech",0.2,0.04
-3.02074757456305,5.81475228481907,1,1,"Zfp628","Siglech",0.2,0.04
-3.02074757456305,5.81475228481907,1,1,"Zfp865","Siglech",0.2,0.04
-3.02074757456305,5.81475228481907,1,1,"Zfp784","Siglech",0.2,0.04
-3.02074757456305,5.81475228481907,1,1,"Zfp580","Siglech",0.2,0.04
-3.02074757456305,5.81475228481907,1,1,"Rasl2-9","Siglech",0.2,0.04
-3.02074757456305,5.81475228481907,1,1,"Clcn4","Siglech",0.2,0.04
-3.02074757456305,5.81475228481907,1,1,"Zik1","Siglech",0.2,0.04
-3.02074757456305,5.81475228481907,1,1,"Zfp446","Siglech",0.2,0.04
-3.02074757456305,5.81475228481907,1,1,"Zbtb45","Siglech",0.2,0.04
-3.02074757456305,5.81475228481907,1,1,"Bicra","Siglech",0.2,0.04
-3.02074757456305,5.81475228481907,1,1,"Dhx34","Siglech",0.2,0.04
-3.02074757456305,5.81475228481907,1,1,"Mypopos","Siglech",0.2,0.04
-3.02074757456305,5.81475228481907,1,1,"Dmwd","Siglech",0.2,0.04
-3.02074757456305,5.81475228481907,1,1,"Ppp1r13l","Siglech",0.2,0.04
-3.02074757456305,5.81475228481907,1,1,"Ceacam16","Siglech",0.2,0.04
-3.02074757456305,5.81475228481907,1,1,"Pvr","Siglech",0.2,0.04
-3.02074757456305,5.81475228481907,1,1,"Smg9","Siglech",0.2,0.04
-3.02074757456305,5.81475228481907,1,1,"Irgq","Siglech",0.2,0.04
-3.02074757456305,5.81475228481907,1,1,"Gm9844","Siglech",0.2,0.04
-3.02074757456305,5.81475228481907,1,1,"Gsk3a","Siglech",0.2,0.04
-3.02074757456305,5.81475228481907,1,1,"Erf","Siglech",0.2,0.04
-3.02074757456305,5.81475228481907,1,1,"Lipe","Siglech",0.2,0.04
-3.02074757456305,5.81475228481907,1,1,"Numbl","Siglech",0.2,0.04
-3.02074757456305,5.81475228481907,1,1,"Shkbp1","Siglech",0.2,0.04
-3.02074757456305,5.81475228481907,1,1,"Akt2","Siglech",0.2,0.04
-3.02074757456305,5.81475228481907,1,1,"Map3k10","Siglech",0.2,0.04
-3.02074757456305,5.81475228481907,1,1,"Zfp60","Siglech",0.2,0.04
-3.02074757456305,5.81475228481907,1,1,"Eid2b","Siglech",0.2,0.04
-3.02074757456305,5.81475228481907,1,1,"Zfp36","Siglech",0.2,0.04
-3.02074757456305,5.81475228481907,1,1,"Med29","Siglech",0.2,0.04
-3.02074757456305,5.81475228481907,1,1,"Pak4","Siglech",0.2,0.04
-3.02074757456305,5.81475228481907,1,1,"Ryr1","Siglech",0.2,0.04
-3.02074757456305,5.81475228481907,1,1,"Sipa1l3","Siglech",0.2,0.04
-3.02074757456305,5.81475228481907,1,1,"Zfp84","Siglech",0.2,0.04
-3.02074757456305,5.81475228481907,1,1,"Zfp74","Siglech",0.2,0.04
-3.02074757456305,5.81475228481907,1,1,"Hcst","Siglech",0.2,0.04
-3.02074757456305,5.81475228481907,1,1,"Nfkbid","Siglech",0.2,0.04
-3.02074757456305,5.81475228481907,1,1,"Hspb6","Siglech",0.2,0.04
-3.02074757456305,5.81475228481907,1,1,"Lin37","Siglech",0.2,0.04
-3.02074757456305,5.81475228481907,1,1,"Haus5","Siglech",0.2,0.04
-3.02074757456305,5.81475228481907,1,1,"Atp4a","Siglech",0.2,0.04
-3.02074757456305,5.81475228481907,1,1,"Sbsn","Siglech",0.2,0.04
-3.02074757456305,5.81475228481907,1,1,"Dpy19l3","Siglech",0.2,0.04
-3.02074757456305,5.81475228481907,1,1,"Tshz3","Siglech",0.2,0.04
-3.02074757456305,5.81475228481907,1,1,"Gm37494","Siglech",0.2,0.04
-3.02074757456305,5.81475228481907,1,1,"AI987944","Siglech",0.2,0.04
-3.02074757456305,5.81475228481907,1,1,"2610021A01Rik","Siglech",0.2,0.04
-3.02074757456305,5.81475228481907,1,1,"Zfp719","Siglech",0.2,0.04
-3.02074757456305,5.81475228481907,1,1,"1700028J19Rik","Siglech",0.2,0.04
-3.02074757456305,5.81475228481907,1,1,"Clec11a","Siglech",0.2,0.04
-3.02074757456305,5.81475228481907,1,1,"Prrg2","Siglech",0.2,0.04
-3.02074757456305,5.81475228481907,1,1,"Gys1","Siglech",0.2,0.04
-3.02074757456305,5.81475228481907,1,1,"Dbp","Siglech",0.2,0.04
-3.02074757456305,5.81475228481907,1,1,"Sphk2","Siglech",0.2,0.04
-3.02074757456305,5.81475228481907,1,1,"Grwd1","Siglech",0.2,0.04
-3.02074757456305,5.81475228481907,1,1,"Ap3s2","Siglech",0.2,0.04
-3.02074757456305,5.81475228481907,1,1,"Efl1","Siglech",0.2,0.04
-3.02074757456305,5.81475228481907,1,1,"Stard5","Siglech",0.2,0.04
-3.02074757456305,5.81475228481907,1,1,"Ccdc90b","Siglech",0.2,0.04
-3.02074757456305,5.81475228481907,1,1,"Pak1","Siglech",0.2,0.04
-3.02074757456305,5.81475228481907,1,1,"Acer3","Siglech",0.2,0.04
-3.02074757456305,5.81475228481907,1,1,"Rnf121","Siglech",0.2,0.04
-3.02074757456305,5.81475228481907,1,1,"Xndc1","Siglech",0.2,0.04
-3.02074757456305,5.81475228481907,1,1,"Pgap2","Siglech",0.2,0.04
-3.02074757456305,5.81475228481907,1,1,"Trim68","Siglech",0.2,0.04
-3.02074757456305,5.81475228481907,1,1,"Olfr658","Siglech",0.2,0.04
-3.02074757456305,5.81475228481907,1,1,"1600010M07Rik","Siglech",0.2,0.04
-3.02074757456305,5.81475228481907,1,1,"Swap70","Siglech",0.2,0.04
-3.02074757456305,5.81475228481907,1,1,"Gm34225","Siglech",0.2,0.04
-3.02074757456305,5.81475228481907,1,1,"Pik3c2a","Siglech",0.2,0.04
-3.02074757456305,5.81475228481907,1,1,"Palb2","Siglech",0.2,0.04
-3.02074757456305,5.81475228481907,1,1,"Lcmt1","Siglech",0.2,0.04
-3.02074757456305,5.81475228481907,1,1,"Kdm8","Siglech",0.2,0.04
-3.02074757456305,5.81475228481907,1,1,"Rabep2","Siglech",0.2,0.04
-3.02074757456305,5.81475228481907,1,1,"Cln3","Siglech",0.2,0.04
-3.02074757456305,5.81475228481907,1,1,"Slx1b","Siglech",0.2,0.04
-3.02074757456305,5.81475228481907,1,1,"Zfp771","Siglech",0.2,0.04
-3.02074757456305,5.81475228481907,1,1,"Zfp764","Siglech",0.2,0.04
-3.02074757456305,5.81475228481907,1,1,"Gm42715","Siglech",0.2,0.04
-3.02074757456305,5.81475228481907,1,1,"Zfp668","Siglech",0.2,0.04
-3.02074757456305,5.81475228481907,1,1,"Gm26690","Siglech",0.2,0.04
-3.02074757456305,5.81475228481907,1,1,"9130023H24Rik","Siglech",0.2,0.04
-3.02074757456305,5.81475228481907,1,1,"Tgfb1i1","Siglech",0.2,0.04
-3.02074757456305,5.81475228481907,1,1,"Tacc2","Siglech",0.2,0.04
-3.02074757456305,5.81475228481907,1,1,"Gm34908","Siglech",0.2,0.04
-3.02074757456305,5.81475228481907,1,1,"Uros","Siglech",0.2,0.04
-3.02074757456305,5.81475228481907,1,1,"Mapk1ip1","Siglech",0.2,0.04
-3.02074757456305,5.81475228481907,1,1,"Ppp2r2d","Siglech",0.2,0.04
-3.02074757456305,5.81475228481907,1,1,"Bnip3","Siglech",0.2,0.04
-3.02074757456305,5.81475228481907,1,1,"Fuom","Siglech",0.2,0.04
-3.02074757456305,5.81475228481907,1,1,"Echs1","Siglech",0.2,0.04
-3.02074757456305,5.81475228481907,1,1,"Ifitm1","Siglech",0.2,0.04
-3.02074757456305,5.81475228481907,1,1,"Rassf7","Siglech",0.2,0.04
-3.02074757456305,5.81475228481907,1,1,"Chid1","Siglech",0.2,0.04
-3.02074757456305,5.81475228481907,1,1,"Mob2","Siglech",0.2,0.04
-3.02074757456305,5.81475228481907,1,1,"Nadsyn1","Siglech",0.2,0.04
-3.02074757456305,5.81475228481907,1,1,"Esr1","Siglech",0.2,0.04
-3.02074757456305,5.81475228481907,1,1,"Mtrf1l","Siglech",0.2,0.04
-3.02074757456305,5.81475228481907,1,1,"Stxbp5","Siglech",0.2,0.04
-3.02074757456305,5.81475228481907,1,1,"Pex3","Siglech",0.2,0.04
-3.02074757456305,5.81475228481907,1,1,"Aig1","Siglech",0.2,0.04
-3.02074757456305,5.81475228481907,1,1,"Map3k5","Siglech",0.2,0.04
-3.02074757456305,5.81475228481907,1,1,"Slc18b1","Siglech",0.2,0.04
-3.02074757456305,5.81475228481907,1,1,"L3mbtl3","Siglech",0.2,0.04
-3.02074757456305,5.81475228481907,1,1,"Wisp3","Siglech",0.2,0.04
-3.02074757456305,5.81475228481907,1,1,"Traf3ip2","Siglech",0.2,0.04
-3.02074757456305,5.81475228481907,1,1,"E130307A14Rik","Siglech",0.2,0.04
-3.02074757456305,5.81475228481907,1,1,"Mical1","Siglech",0.2,0.04
-3.02074757456305,5.81475228481907,1,1,"Ccdc162","Siglech",0.2,0.04
-3.02074757456305,5.81475228481907,1,1,"Sesn1","Siglech",0.2,0.04
-3.02074757456305,5.81475228481907,1,1,"Gm26947","Siglech",0.2,0.04
-3.02074757456305,5.81475228481907,1,1,"Tet1","Siglech",0.2,0.04
-3.02074757456305,5.81475228481907,1,1,"Sirt1","Siglech",0.2,0.04
-3.02074757456305,5.81475228481907,1,1,"Arid5b","Siglech",0.2,0.04
-3.02074757456305,5.81475228481907,1,1,"Ipmk","Siglech",0.2,0.04
-3.02074757456305,5.81475228481907,1,1,"Gstt2","Siglech",0.2,0.04
-3.02074757456305,5.81475228481907,1,1,"Pcnt","Siglech",0.2,0.04
-3.02074757456305,5.81475228481907,1,1,"Mcm3ap","Siglech",0.2,0.04
-3.02074757456305,5.81475228481907,1,1,"Mier2","Siglech",0.2,0.04
-3.02074757456305,5.81475228481907,1,1,"Elane","Siglech",0.2,0.04
-3.02074757456305,5.81475228481907,1,1,"Sppl2b","Siglech",0.2,0.04
-3.02074757456305,5.81475228481907,1,1,"Apba3","Siglech",0.2,0.04
-3.02074757456305,5.81475228481907,1,1,"Gm3055","Siglech",0.2,0.04
-3.02074757456305,5.81475228481907,1,1,"Zfp873","Siglech",0.2,0.04
-3.02074757456305,5.81475228481907,1,1,"AU041133","Siglech",0.2,0.04
-3.02074757456305,5.81475228481907,1,1,"D10Wsu102e","Siglech",0.2,0.04
-3.02074757456305,5.81475228481907,1,1,"Tcp11l2","Siglech",0.2,0.04
-3.02074757456305,5.81475228481907,1,1,"Ric8b","Siglech",0.2,0.04
-3.02074757456305,5.81475228481907,1,1,"Ttc41","Siglech",0.2,0.04
-3.02074757456305,5.81475228481907,1,1,"Uhrf1bp1l","Siglech",0.2,0.04
-3.02074757456305,5.81475228481907,1,1,"Nedd1","Siglech",0.2,0.04
-3.02074757456305,5.81475228481907,1,1,"Tmcc3","Siglech",0.2,0.04
-3.02074757456305,5.81475228481907,1,1,"Dusp6","Siglech",0.2,0.04
-3.02074757456305,5.81475228481907,1,1,"Kitl","Siglech",0.2,0.04
-3.02074757456305,5.81475228481907,1,1,"Tmtc3","Siglech",0.2,0.04
-3.02074757456305,5.81475228481907,1,1,"4930430F08Rik","Siglech",0.2,0.04
-3.02074757456305,5.81475228481907,1,1,"Mettl25","Siglech",0.2,0.04
-3.02074757456305,5.81475228481907,1,1,"Csrp2","Siglech",0.2,0.04
-3.02074757456305,5.81475228481907,1,1,"Tmem19","Siglech",0.2,0.04
-3.02074757456305,5.81475228481907,1,1,"1700006J14Rik","Siglech",0.2,0.04
-3.02074757456305,5.81475228481907,1,1,"Atp23","Siglech",0.2,0.04
-3.02074757456305,5.81475228481907,1,1,"Ddit3","Siglech",0.2,0.04
-3.02074757456305,5.81475228481907,1,1,"Lrp1","Siglech",0.2,0.04
-3.02074757456305,5.81475228481907,1,1,"Nemp1","Siglech",0.2,0.04
-3.02074757456305,5.81475228481907,1,1,"Coq10a","Siglech",0.2,0.04
-3.02074757456305,5.81475228481907,1,1,"Nabp2","Siglech",0.2,0.04
-3.02074757456305,5.81475228481907,1,1,"Pym1","Siglech",0.2,0.04
-3.02074757456305,5.81475228481907,1,1,"Bloc1s1","Siglech",0.2,0.04
-3.02074757456305,5.81475228481907,1,1,"Snapc2","Siglech",0.2,0.04
-3.02074757456305,5.81475228481907,1,1,"Ccl25","Siglech",0.2,0.04
-3.02074757456305,5.81475228481907,1,1,"Atp11a","Siglech",0.2,0.04
-3.02074757456305,5.81475228481907,1,1,"Pcid2","Siglech",0.2,0.04
-3.02074757456305,5.81475228481907,1,1,"Dcun1d2","Siglech",0.2,0.04
-3.02074757456305,5.81475228481907,1,1,"Coprs","Siglech",0.2,0.04
-3.02074757456305,5.81475228481907,1,1,"Arhgef10","Siglech",0.2,0.04
-3.02074757456305,5.81475228481907,1,1,"Thsd1","Siglech",0.2,0.04
-3.02074757456305,5.81475228481907,1,1,"Slc25a15","Siglech",0.2,0.04
-3.02074757456305,5.81475228481907,1,1,"Kat6a","Siglech",0.2,0.04
-3.02074757456305,5.81475228481907,1,1,"Gpat4","Siglech",0.2,0.04
-3.02074757456305,5.81475228481907,1,1,"Letm2","Siglech",0.2,0.04
-3.02074757456305,5.81475228481907,1,1,"Bag4","Siglech",0.2,0.04
-3.02074757456305,5.81475228481907,1,1,"Zfp703","Siglech",0.2,0.04
-3.02074757456305,5.81475228481907,1,1,"Proscos","Siglech",0.2,0.04
-3.02074757456305,5.81475228481907,1,1,"Ppp2cb","Siglech",0.2,0.04
-3.02074757456305,5.81475228481907,1,1,"Ubxn8","Siglech",0.2,0.04
-3.02074757456305,5.81475228481907,1,1,"Dusp4","Siglech",0.2,0.04
-3.02074757456305,5.81475228481907,1,1,"Mfhas1","Siglech",0.2,0.04
-3.02074757456305,5.81475228481907,1,1,"Tusc3","Siglech",0.2,0.04
-3.02074757456305,5.81475228481907,1,1,"Micu3","Siglech",0.2,0.04
-3.02074757456305,5.81475228481907,1,1,"Ankrd37","Siglech",0.2,0.04
-3.02074757456305,5.81475228481907,1,1,"Trappc11","Siglech",0.2,0.04
-3.02074757456305,5.81475228481907,1,1,"Sh3rf1","Siglech",0.2,0.04
-3.02074757456305,5.81475228481907,1,1,"Cbr4","Siglech",0.2,0.04
-3.02074757456305,5.81475228481907,1,1,"Atp13a1","Siglech",0.2,0.04
-3.02074757456305,5.81475228481907,1,1,"Gmip","Siglech",0.2,0.04
-3.02074757456305,5.81475228481907,1,1,"Armc6","Siglech",0.2,0.04
-3.02074757456305,5.81475228481907,1,1,"Crtc1","Siglech",0.2,0.04
-3.02074757456305,5.81475228481907,1,1,"Klhl26","Siglech",0.2,0.04
-3.02074757456305,5.81475228481907,1,1,"Mast3","Siglech",0.2,0.04
-3.02074757456305,5.81475228481907,1,1,"Gtpbp3","Siglech",0.2,0.04
-3.02074757456305,5.81475228481907,1,1,"Tmem221","Siglech",0.2,0.04
-3.02074757456305,5.81475228481907,1,1,"Zfp961","Siglech",0.2,0.04
-3.02074757456305,5.81475228481907,1,1,"Cyp4f18","Siglech",0.2,0.04
-3.02074757456305,5.81475228481907,1,1,"Slc35e1","Siglech",0.2,0.04
-3.02074757456305,5.81475228481907,1,1,"Slc10a7","Siglech",0.2,0.04
-3.02074757456305,5.81475228481907,1,1,"Usp38","Siglech",0.2,0.04
-3.02074757456305,5.81475228481907,1,1,"Rnf150","Siglech",0.2,0.04
-3.02074757456305,5.81475228481907,1,1,"D830024N08Rik","Siglech",0.2,0.04
-3.02074757456305,5.81475228481907,1,1,"Cc2d1a","Siglech",0.2,0.04
-3.02074757456305,5.81475228481907,1,1,"Zswim4","Siglech",0.2,0.04
-3.02074757456305,5.81475228481907,1,1,"Gm42031","Siglech",0.2,0.04
-3.02074757456305,5.81475228481907,1,1,"Itfg1","Siglech",0.2,0.04
-3.02074757456305,5.81475228481907,1,1,"Cnep1r1","Siglech",0.2,0.04
-3.02074757456305,5.81475228481907,1,1,"Aktip","Siglech",0.2,0.04
-3.02074757456305,5.81475228481907,1,1,"9330175E14Rik","Siglech",0.2,0.04
-3.02074757456305,5.81475228481907,1,1,"Drc7","Siglech",0.2,0.04
-3.02074757456305,5.81475228481907,1,1,"Rrad","Siglech",0.2,0.04
-3.02074757456305,5.81475228481907,1,1,"4931428F04Rik","Siglech",0.2,0.04
-3.02074757456305,5.81475228481907,1,1,"Zdhhc1","Siglech",0.2,0.04
-3.02074757456305,5.81475228481907,1,1,"Gfod2","Siglech",0.2,0.04
-3.02074757456305,5.81475228481907,1,1,"Nutf2","Siglech",0.2,0.04
-3.02074757456305,5.81475228481907,1,1,"Edc4","Siglech",0.2,0.04
-3.02074757456305,5.81475228481907,1,1,"Slc7a6","Siglech",0.2,0.04
-3.02074757456305,5.81475228481907,1,1,"Smpd3","Siglech",0.2,0.04
-3.02074757456305,5.81475228481907,1,1,"Utp4","Siglech",0.2,0.04
-3.02074757456305,5.81475228481907,1,1,"Sntb2","Siglech",0.2,0.04
-3.02074757456305,5.81475228481907,1,1,"Nfat5","Siglech",0.2,0.04
-3.02074757456305,5.81475228481907,1,1,"Zfhx3","Siglech",0.2,0.04
-3.02074757456305,5.81475228481907,1,1,"Phlpp2","Siglech",0.2,0.04
-3.02074757456305,5.81475228481907,1,1,"Wdr59","Siglech",0.2,0.04
-3.02074757456305,5.81475228481907,1,1,"Klhl36","Siglech",0.2,0.04
-3.02074757456305,5.81475228481907,1,1,"Fbxo31","Siglech",0.2,0.04
-3.02074757456305,5.81475228481907,1,1,"Cdk10","Siglech",0.2,0.04
-3.02074757456305,5.81475228481907,1,1,"Tarbp1","Siglech",0.2,0.04
-3.02074757456305,5.81475228481907,1,1,"Gm31718","Siglech",0.2,0.04
-3.02074757456305,5.81475228481907,1,1,"Flnb","Siglech",0.2,0.04
-3.02074757456305,5.81475228481907,1,1,"Abhd6","Siglech",0.2,0.04
-3.02074757456305,5.81475228481907,1,1,"Rpp14","Siglech",0.2,0.04
-3.02074757456305,5.81475228481907,1,1,"Pdhb","Siglech",0.2,0.04
-3.02074757456305,5.81475228481907,1,1,"Il3ra","Siglech",0.2,0.04
-3.02074757456305,5.81475228481907,1,1,"Saysd1","Siglech",0.2,0.04
-3.02074757456305,5.81475228481907,1,1,"Fam149b","Siglech",0.2,0.04
-3.02074757456305,5.81475228481907,1,1,"Gm30054","Siglech",0.2,0.04
-3.02074757456305,5.81475228481907,1,1,"Fut11","Siglech",0.2,0.04
-3.02074757456305,5.81475228481907,1,1,"Ndst2","Siglech",0.2,0.04
-3.02074757456305,5.81475228481907,1,1,"Polr3a","Siglech",0.2,0.04
-3.02074757456305,5.81475228481907,1,1,"Zcchc24","Siglech",0.2,0.04
-3.02074757456305,5.81475228481907,1,1,"Ccdc66","Siglech",0.2,0.04
-3.02074757456305,5.81475228481907,1,1,"Rft1","Siglech",0.2,0.04
-3.02074757456305,5.81475228481907,1,1,"Glt8d1","Siglech",0.2,0.04
-3.02074757456305,5.81475228481907,1,1,"Capn7","Siglech",0.2,0.04
-3.02074757456305,5.81475228481907,1,1,"Gch1","Siglech",0.2,0.04
-3.02074757456305,5.81475228481907,1,1,"Lgals3","Siglech",0.2,0.04
-3.02074757456305,5.81475228481907,1,1,"Peli2","Siglech",0.2,0.04
-3.02074757456305,5.81475228481907,1,1,"Naa30","Siglech",0.2,0.04
-3.02074757456305,5.81475228481907,1,1,"Tep1","Siglech",0.2,0.04
-3.02074757456305,5.81475228481907,1,1,"Mettl17","Siglech",0.2,0.04
-3.02074757456305,5.81475228481907,1,1,"Cdh24","Siglech",0.2,0.04
-3.02074757456305,5.81475228481907,1,1,"Emc9","Siglech",0.2,0.04
-3.02074757456305,5.81475228481907,1,1,"Nop9","Siglech",0.2,0.04
-3.02074757456305,5.81475228481907,1,1,"Ltb4r1","Siglech",0.2,0.04
-3.02074757456305,5.81475228481907,1,1,"Spryd7","Siglech",0.2,0.04
-3.02074757456305,5.81475228481907,1,1,"Trim13","Siglech",0.2,0.04
-3.02074757456305,5.81475228481907,1,1,"Kif13b","Siglech",0.2,0.04
-3.02074757456305,5.81475228481907,1,1,"Extl3","Siglech",0.2,0.04
-3.02074757456305,5.81475228481907,1,1,"Zfp395","Siglech",0.2,0.04
-3.02074757456305,5.81475228481907,1,1,"Dpysl2","Siglech",0.2,0.04
-3.02074757456305,5.81475228481907,1,1,"Chmp7","Siglech",0.2,0.04
-3.02074757456305,5.81475228481907,1,1,"Rhobtb2","Siglech",0.2,0.04
-3.02074757456305,5.81475228481907,1,1,"Slc39a14","Siglech",0.2,0.04
-3.02074757456305,5.81475228481907,1,1,"Lrch1","Siglech",0.2,0.04
-3.02074757456305,5.81475228481907,1,1,"Lacc1","Siglech",0.2,0.04
-3.02074757456305,5.81475228481907,1,1,"Akap11","Siglech",0.2,0.04
-3.02074757456305,5.81475228481907,1,1,"Mtrf1","Siglech",0.2,0.04
-3.02074757456305,5.81475228481907,1,1,"Tdrd3","Siglech",0.2,0.04
-3.02074757456305,5.81475228481907,1,1,"Rpl36a-ps1","Siglech",0.2,0.04
-3.02074757456305,5.81475228481907,1,1,"Gpr18","Siglech",0.2,0.04
-3.02074757456305,5.81475228481907,1,1,"Clybl","Siglech",0.2,0.04
-3.02074757456305,5.81475228481907,1,1,"Msantd4","Siglech",0.2,0.04
-3.02074757456305,5.81475228481907,1,1,"Cep57","Siglech",0.2,0.04
-3.02074757456305,5.81475228481907,1,1,"Endod1","Siglech",0.2,0.04
-3.02074757456305,5.81475228481907,1,1,"Zfp560","Siglech",0.2,0.04
-3.02074757456305,5.81475228481907,1,1,"Zfp426","Siglech",0.2,0.04
-3.02074757456305,5.81475228481907,1,1,"1700084C06Rik","Siglech",0.2,0.04
-3.02074757456305,5.81475228481907,1,1,"Tyk2","Siglech",0.2,0.04
-3.02074757456305,5.81475228481907,1,1,"Pde4a","Siglech",0.2,0.04
-3.02074757456305,5.81475228481907,1,1,"Kri1","Siglech",0.2,0.04
-3.02074757456305,5.81475228481907,1,1,"Ap1m2","Siglech",0.2,0.04
-3.02074757456305,5.81475228481907,1,1,"Rab3d","Siglech",0.2,0.04
-3.02074757456305,5.81475228481907,1,1,"Swsap1","Siglech",0.2,0.04
-3.02074757456305,5.81475228481907,1,1,"Zbtb44","Siglech",0.2,0.04
-3.02074757456305,5.81475228481907,1,1,"St14","Siglech",0.2,0.04
-3.02074757456305,5.81475228481907,1,1,"Arhgap32","Siglech",0.2,0.04
-3.02074757456305,5.81475228481907,1,1,"Kirrel3os","Siglech",0.2,0.04
-3.02074757456305,5.81475228481907,1,1,"Msantd2","Siglech",0.2,0.04
-3.02074757456305,5.81475228481907,1,1,"Siae","Siglech",0.2,0.04
-3.02074757456305,5.81475228481907,1,1,"Spa17","Siglech",0.2,0.04
-3.02074757456305,5.81475228481907,1,1,"Vwa5a","Siglech",0.2,0.04
-3.02074757456305,5.81475228481907,1,1,"Ube4a","Siglech",0.2,0.04
-3.02074757456305,5.81475228481907,1,1,"Cadm1","Siglech",0.2,0.04
-3.02074757456305,5.81475228481907,1,1,"Gm5617","Siglech",0.2,0.04
-3.02074757456305,5.81475228481907,1,1,"Usp28","Siglech",0.2,0.04
-3.02074757456305,5.81475228481907,1,1,"Dlat","Siglech",0.2,0.04
-3.02074757456305,5.81475228481907,1,1,"Zc3h12c","Siglech",0.2,0.04
-3.02074757456305,5.81475228481907,1,1,"Rcn2","Siglech",0.2,0.04
-3.02074757456305,5.81475228481907,1,1,"Hmg20a","Siglech",0.2,0.04
-3.02074757456305,5.81475228481907,1,1,"Man2c1","Siglech",0.2,0.04
-3.02074757456305,5.81475228481907,1,1,"Arid3b","Siglech",0.2,0.04
-3.02074757456305,5.81475228481907,1,1,"Fem1b","Siglech",0.2,0.04
-3.02074757456305,5.81475228481907,1,1,"Gm26609","Siglech",0.2,0.04
-3.02074757456305,5.81475228481907,1,1,"Aagab","Siglech",0.2,0.04
-3.02074757456305,5.81475228481907,1,1,"Zwilch","Siglech",0.2,0.04
-3.02074757456305,5.81475228481907,1,1,"Dpp8","Siglech",0.2,0.04
-3.02074757456305,5.81475228481907,1,1,"Plekho2","Siglech",0.2,0.04
-3.02074757456305,5.81475228481907,1,1,"Trip4","Siglech",0.2,0.04
-3.02074757456305,5.81475228481907,1,1,"Mindy2","Siglech",0.2,0.04
-3.02074757456305,5.81475228481907,1,1,"Gm10642","Siglech",0.2,0.04
-3.02074757456305,5.81475228481907,1,1,"Rab27a","Siglech",0.2,0.04
-3.02074757456305,5.81475228481907,1,1,"Fam214a","Siglech",0.2,0.04
-3.02074757456305,5.81475228481907,1,1,"Gnb5","Siglech",0.2,0.04
-3.02074757456305,5.81475228481907,1,1,"Slc17a5","Siglech",0.2,0.04
-3.02074757456305,5.81475228481907,1,1,"Pgm3","Siglech",0.2,0.04
-3.02074757456305,5.81475228481907,1,1,"Slc9a9","Siglech",0.2,0.04
-3.02074757456305,5.81475228481907,1,1,"Tfdp2","Siglech",0.2,0.04
-3.02074757456305,5.81475228481907,1,1,"Slc25a36","Siglech",0.2,0.04
-3.02074757456305,5.81475228481907,1,1,"Il20rb","Siglech",0.2,0.04
-3.02074757456305,5.81475228481907,1,1,"Acad11","Siglech",0.2,0.04
-3.02074757456305,5.81475228481907,1,1,"Atp2c1","Siglech",0.2,0.04
-3.02074757456305,5.81475228481907,1,1,"Mapkapk3","Siglech",0.2,0.04
-3.02074757456305,5.81475228481907,1,1,"Hyal3","Siglech",0.2,0.04
-3.02074757456305,5.81475228481907,1,1,"Rnf123","Siglech",0.2,0.04
-3.02074757456305,5.81475228481907,1,1,"Bsn","Siglech",0.2,0.04
-3.02074757456305,5.81475228481907,1,1,"Dag1","Siglech",0.2,0.04
-3.02074757456305,5.81475228481907,1,1,"4833445I07Rik","Siglech",0.2,0.04
-3.02074757456305,5.81475228481907,1,1,"Slc25a20","Siglech",0.2,0.04
-3.02074757456305,5.81475228481907,1,1,"Prkar2a","Siglech",0.2,0.04
-3.02074757456305,5.81475228481907,1,1,"Slc26a6","Siglech",0.2,0.04
-3.02074757456305,5.81475228481907,1,1,"Camp","Siglech",0.2,0.04
-3.02074757456305,5.81475228481907,1,1,"Elp6","Siglech",0.2,0.04
-3.02074757456305,5.81475228481907,1,1,"Arpp21","Siglech",0.2,0.04
-3.02074757456305,5.81475228481907,1,1,"Clasp2","Siglech",0.2,0.04
-3.02074757456305,5.81475228481907,1,1,"Myd88","Siglech",0.2,0.04
-3.02074757456305,5.81475228481907,1,1,"Slc25a38","Siglech",0.2,0.04
-3.02074757456305,5.81475228481907,1,1,"1700048O20Rik","Siglech",0.2,0.04
-3.02074757456305,5.81475228481907,1,1,"Tmem42","Siglech",0.2,0.04
-3.02074757456305,5.81475228481907,1,1,"Fyco1","Siglech",0.2,0.04
-3.02074757456305,5.81475228481907,1,1,"Ccr5","Siglech",0.2,0.04
-3.02074757456305,5.81475228481907,1,1,"Selenom","Siglech",0.2,0.04
-3.02074757456305,5.81475228481907,1,1,"Tug1","Siglech",0.2,0.04
-3.02074757456305,5.81475228481907,1,1,"Morc2a","Siglech",0.2,0.04
-3.02074757456305,5.81475228481907,1,1,"Tbc1d10a","Siglech",0.2,0.04
-3.02074757456305,5.81475228481907,1,1,"Nipsnap1","Siglech",0.2,0.04
-3.02074757456305,5.81475228481907,1,1,"Thoc5","Siglech",0.2,0.04
-3.02074757456305,5.81475228481907,1,1,"Tns3","Siglech",0.2,0.04
-3.02074757456305,5.81475228481907,1,1,"Ddc","Siglech",0.2,0.04
-3.02074757456305,5.81475228481907,1,1,"Fbxo48","Siglech",0.2,0.04
-3.02074757456305,5.81475228481907,1,1,"Cep68","Siglech",0.2,0.04
-3.02074757456305,5.81475228481907,1,1,"Sertad2","Siglech",0.2,0.04
-3.02074757456305,5.81475228481907,1,1,"Fancl","Siglech",0.2,0.04
-3.02074757456305,5.81475228481907,1,1,"Asb3","Siglech",0.2,0.04
-3.02074757456305,5.81475228481907,1,1,"Nsg2","Siglech",0.2,0.04
-3.02074757456305,5.81475228481907,1,1,"Thg1l","Siglech",0.2,0.04
-3.02074757456305,5.81475228481907,1,1,"Adam19","Siglech",0.2,0.04
-3.02074757456305,5.81475228481907,1,1,"Igtp","Siglech",0.2,0.04
-3.02074757456305,5.81475228481907,1,1,"Zfp672","Siglech",0.2,0.04
-3.02074757456305,5.81475228481907,1,1,"Sh3bp5l","Siglech",0.2,0.04
-3.02074757456305,5.81475228481907,1,1,"Iba57","Siglech",0.2,0.04
-3.02074757456305,5.81475228481907,1,1,"Snap47","Siglech",0.2,0.04
-3.02074757456305,5.81475228481907,1,1,"Tom1l2","Siglech",0.2,0.04
-3.02074757456305,5.81475228481907,1,1,"Atpaf2","Siglech",0.2,0.04
-3.02074757456305,5.81475228481907,1,1,"Natd1","Siglech",0.2,0.04
-3.02074757456305,5.81475228481907,1,1,"Mapk7","Siglech",0.2,0.04
-3.02074757456305,5.81475228481907,1,1,"A530017D24Rik","Siglech",0.2,0.04
-3.02074757456305,5.81475228481907,1,1,"Specc1","Siglech",0.2,0.04
-3.02074757456305,5.81475228481907,1,1,"Zswim7","Siglech",0.2,0.04
-3.02074757456305,5.81475228481907,1,1,"Cox10","Siglech",0.2,0.04
-3.02074757456305,5.81475228481907,1,1,"Pik3r5","Siglech",0.2,0.04
-3.02074757456305,5.81475228481907,1,1,"Slc25a35","Siglech",0.2,0.04
-3.02074757456305,5.81475228481907,1,1,"Per1","Siglech",0.2,0.04
-3.02074757456305,5.81475228481907,1,1,"Wrap53","Siglech",0.2,0.04
-3.02074757456305,5.81475228481907,1,1,"Atp1b2","Siglech",0.2,0.04
-3.02074757456305,5.81475228481907,1,1,"2810408A11Rik","Siglech",0.2,0.04
-3.02074757456305,5.81475228481907,1,1,"Neurl4","Siglech",0.2,0.04
-3.02074757456305,5.81475228481907,1,1,"Dvl2","Siglech",0.2,0.04
-3.02074757456305,5.81475228481907,1,1,"Camta2","Siglech",0.2,0.04
-3.02074757456305,5.81475228481907,1,1,"Dhx33","Siglech",0.2,0.04
-3.02074757456305,5.81475228481907,1,1,"4933427D14Rik","Siglech",0.2,0.04
-3.02074757456305,5.81475228481907,1,1,"Gm43951","Siglech",0.2,0.04
-3.02074757456305,5.81475228481907,1,1,"Ube2g1","Siglech",0.2,0.04
-3.02074757456305,5.81475228481907,1,1,"P2rx1","Siglech",0.2,0.04
-3.02074757456305,5.81475228481907,1,1,"Tax1bp3","Siglech",0.2,0.04
-3.02074757456305,5.81475228481907,1,1,"Srr","Siglech",0.2,0.04
-3.02074757456305,5.81475228481907,1,1,"Serpinf1","Siglech",0.2,0.04
-3.02074757456305,5.81475228481907,1,1,"Tlcd2","Siglech",0.2,0.04
-3.02074757456305,5.81475228481907,1,1,"Abr","Siglech",0.2,0.04
-3.02074757456305,5.81475228481907,1,1,"Cpd","Siglech",0.2,0.04
-3.02074757456305,5.81475228481907,1,1,"Gm10392","Siglech",0.2,0.04
-3.02074757456305,5.81475228481907,1,1,"Pigs","Siglech",0.2,0.04
-3.02074757456305,5.81475228481907,1,1,"Nlk","Siglech",0.2,0.04
-3.02074757456305,5.81475228481907,1,1,"Evi2a","Siglech",0.2,0.04
-3.02074757456305,5.81475228481907,1,1,"Utp6","Siglech",0.2,0.04
-3.02074757456305,5.81475228481907,1,1,"Rnf135","Siglech",0.2,0.04
-3.02074757456305,5.81475228481907,1,1,"Wfdc17","Siglech",0.2,0.04
-3.02074757456305,5.81475228481907,1,1,"Acaca","Siglech",0.2,0.04
-3.02074757456305,5.81475228481907,1,1,"Usp32","Siglech",0.2,0.04
-3.02074757456305,5.81475228481907,1,1,"Ska2","Siglech",0.2,0.04
-3.02074757456305,5.81475228481907,1,1,"Gm11491","Siglech",0.2,0.04
-3.02074757456305,5.81475228481907,1,1,"Trim37","Siglech",0.2,0.04
-3.02074757456305,5.81475228481907,1,1,"2010015M23Rik","Siglech",0.2,0.04
-3.02074757456305,5.81475228481907,1,1,"Trim25","Siglech",0.2,0.04
-3.02074757456305,5.81475228481907,1,1,"Mbtd1","Siglech",0.2,0.04
-3.02074757456305,5.81475228481907,1,1,"Scrn2","Siglech",0.2,0.04
-3.02074757456305,5.81475228481907,1,1,"Mrpl45","Siglech",0.2,0.04
-3.02074757456305,5.81475228481907,1,1,"Socs7","Siglech",0.2,0.04
-3.02074757456305,5.81475228481907,1,1,"Pip4k2b","Siglech",0.2,0.04
-3.02074757456305,5.81475228481907,1,1,"Cwc25","Siglech",0.2,0.04
-3.02074757456305,5.81475228481907,1,1,"Krt10","Siglech",0.2,0.04
-3.02074757456305,5.81475228481907,1,1,"Dhx58","Siglech",0.2,0.04
-3.02074757456305,5.81475228481907,1,1,"Atp6v0a1","Siglech",0.2,0.04
-3.02074757456305,5.81475228481907,1,1,"Naglu","Siglech",0.2,0.04
-3.02074757456305,5.81475228481907,1,1,"Mlx","Siglech",0.2,0.04
-3.02074757456305,5.81475228481907,1,1,"Psmc3ip","Siglech",0.2,0.04
-3.02074757456305,5.81475228481907,1,1,"Ptges3l","Siglech",0.2,0.04
-3.02074757456305,5.81475228481907,1,1,"Dusp3","Siglech",0.2,0.04
-3.02074757456305,5.81475228481907,1,1,"Tmub2","Siglech",0.2,0.04
-3.02074757456305,5.81475228481907,1,1,"Gm26668","Siglech",0.2,0.04
-3.02074757456305,5.81475228481907,1,1,"Hexim2","Siglech",0.2,0.04
-3.02074757456305,5.81475228481907,1,1,"Plekhm1","Siglech",0.2,0.04
-3.02074757456305,5.81475228481907,1,1,"Tanc2","Siglech",0.2,0.04
-3.02074757456305,5.81475228481907,1,1,"Map3k3","Siglech",0.2,0.04
-3.02074757456305,5.81475228481907,1,1,"Ern1","Siglech",0.2,0.04
-3.02074757456305,5.81475228481907,1,1,"Polg2","Siglech",0.2,0.04
-3.02074757456305,5.81475228481907,1,1,"Smurf2","Siglech",0.2,0.04
-3.02074757456305,5.81475228481907,1,1,"Gm11713","Siglech",0.2,0.04
-3.02074757456305,5.81475228481907,1,1,"Slc16a6","Siglech",0.2,0.04
-3.02074757456305,5.81475228481907,1,1,"Wipi1","Siglech",0.2,0.04
-3.02074757456305,5.81475228481907,1,1,"Slc39a11","Siglech",0.2,0.04
-3.02074757456305,5.81475228481907,1,1,"D11Wsu47e","Siglech",0.2,0.04
-3.02074757456305,5.81475228481907,1,1,"Gprc5c","Siglech",0.2,0.04
-3.02074757456305,5.81475228481907,1,1,"Cd300c2","Siglech",0.2,0.04
-3.02074757456305,5.81475228481907,1,1,"Mif4gd","Siglech",0.2,0.04
-3.02074757456305,5.81475228481907,1,1,"Recql5","Siglech",0.2,0.04
-3.02074757456305,5.81475228481907,1,1,"Acox1","Siglech",0.2,0.04
-3.02074757456305,5.81475228481907,1,1,"Exoc7","Siglech",0.2,0.04
-3.02074757456305,5.81475228481907,1,1,"Rhbdf2","Siglech",0.2,0.04
-3.02074757456305,5.81475228481907,1,1,"1810032O08Rik","Siglech",0.2,0.04
-3.02074757456305,5.81475228481907,1,1,"Mfsd11","Siglech",0.2,0.04
-3.02074757456305,5.81475228481907,1,1,"Sec14l1","Siglech",0.2,0.04
-3.02074757456305,5.81475228481907,1,1,"Tha1","Siglech",0.2,0.04
-3.02074757456305,5.81475228481907,1,1,"Cbx2","Siglech",0.2,0.04
-3.02074757456305,5.81475228481907,1,1,"Rptor","Siglech",0.2,0.04
-3.02074757456305,5.81475228481907,1,1,"Cep131","Siglech",0.2,0.04
-3.02074757456305,5.81475228481907,1,1,"Oxld1","Siglech",0.2,0.04
-3.02074757456305,5.81475228481907,1,1,"Slc16a3","Siglech",0.2,0.04
-3.02074757456305,5.81475228481907,1,1,"Hexdc","Siglech",0.2,0.04
-3.02074757456305,5.81475228481907,1,1,"Asb13","Siglech",0.2,0.04
-3.02074757456305,5.81475228481907,1,1,"Ero1lb","Siglech",0.2,0.04
-3.02074757456305,5.81475228481907,1,1,"Lyst","Siglech",0.2,0.04
-3.02074757456305,5.81475228481907,1,1,"AW209491","Siglech",0.2,0.04
-3.02074757456305,5.81475228481907,1,1,"Vps41","Siglech",0.2,0.04
-3.02074757456305,5.81475228481907,1,1,"Hist1h2ai","Siglech",0.2,0.04
-3.02074757456305,5.81475228481907,1,1,"Hist1h4i","Siglech",0.2,0.04
-3.02074757456305,5.81475228481907,1,1,"Hist1h2bc","Siglech",0.2,0.04
-3.02074757456305,5.81475228481907,1,1,"Hfe","Siglech",0.2,0.04
-3.02074757456305,5.81475228481907,1,1,"Hist1h1c","Siglech",0.2,0.04
-3.02074757456305,5.81475228481907,1,1,"Hist1h2ab","Siglech",0.2,0.04
-3.02074757456305,5.81475228481907,1,1,"Hist1h4b","Siglech",0.2,0.04
-3.02074757456305,5.81475228481907,1,1,"Hist1h1a","Siglech",0.2,0.04
-3.02074757456305,5.81475228481907,1,1,"Aldh5a1","Siglech",0.2,0.04
-3.02074757456305,5.81475228481907,1,1,"Gm26735","Siglech",0.2,0.04
-3.02074757456305,5.81475228481907,1,1,"Dusp22","Siglech",0.2,0.04
-3.02074757456305,5.81475228481907,1,1,"Wrnip1","Siglech",0.2,0.04
-3.02074757456305,5.81475228481907,1,1,"Serpinb6b","Siglech",0.2,0.04
-3.02074757456305,5.81475228481907,1,1,"Rpp40","Siglech",0.2,0.04
-3.02074757456305,5.81475228481907,1,1,"Fars2","Siglech",0.2,0.04
-3.02074757456305,5.81475228481907,1,1,"F13a1","Siglech",0.2,0.04
-3.02074757456305,5.81475228481907,1,1,"Slc35b3","Siglech",0.2,0.04
-3.02074757456305,5.81475228481907,1,1,"Nedd9","Siglech",0.2,0.04
-3.02074757456305,5.81475228481907,1,1,"Sirt5","Siglech",0.2,0.04
-3.02074757456305,5.81475228481907,1,1,"Gm34084","Siglech",0.2,0.04
-3.02074757456305,5.81475228481907,1,1,"Tspan17","Siglech",0.2,0.04
-3.02074757456305,5.81475228481907,1,1,"Mxd3","Siglech",0.2,0.04
-3.02074757456305,5.81475228481907,1,1,"Dok3","Siglech",0.2,0.04
-3.02074757456305,5.81475228481907,1,1,"Gm47071","Siglech",0.2,0.04
-3.02074757456305,5.81475228481907,1,1,"Gkap1","Siglech",0.2,0.04
-3.02074757456305,5.81475228481907,1,1,"Naa35","Siglech",0.2,0.04
-3.02074757456305,5.81475228481907,1,1,"Gm3604","Siglech",0.2,0.04
-3.02074757456305,5.81475228481907,1,1,"Platr25","Siglech",0.2,0.04
-3.02074757456305,5.81475228481907,1,1,"Gm5141","Siglech",0.2,0.04
-3.02074757456305,5.81475228481907,1,1,"2010111I01Rik","Siglech",0.2,0.04
-3.02074757456305,5.81475228481907,1,1,"1810034E14Rik","Siglech",0.2,0.04
-3.02074757456305,5.81475228481907,1,1,"Mterf3","Siglech",0.2,0.04
-3.02074757456305,5.81475228481907,1,1,"Zfp456","Siglech",0.2,0.04
-3.02074757456305,5.81475228481907,1,1,"Zfp738","Siglech",0.2,0.04
-3.02074757456305,5.81475228481907,1,1,"Mtrr","Siglech",0.2,0.04
-3.02074757456305,5.81475228481907,1,1,"Fastkd3","Siglech",0.2,0.04
-3.02074757456305,5.81475228481907,1,1,"Ice1","Siglech",0.2,0.04
-3.02074757456305,5.81475228481907,1,1,"Lpcat1","Siglech",0.2,0.04
-3.02074757456305,5.81475228481907,1,1,"Cep72","Siglech",0.2,0.04
-3.02074757456305,5.81475228481907,1,1,"Ell2","Siglech",0.2,0.04
-3.02074757456305,5.81475228481907,1,1,"Ttc37","Siglech",0.2,0.04
-3.02074757456305,5.81475228481907,1,1,"Arrdc3","Siglech",0.2,0.04
-3.02074757456305,5.81475228481907,1,1,"Xrcc4","Siglech",0.2,0.04
-3.02074757456305,5.81475228481907,1,1,"Atg10","Siglech",0.2,0.04
-3.02074757456305,5.81475228481907,1,1,"Serinc5","Siglech",0.2,0.04
-3.02074757456305,5.81475228481907,1,1,"Gm10320","Siglech",0.2,0.04
-3.02074757456305,5.81475228481907,1,1,"Gm807","Siglech",0.2,0.04
-3.02074757456305,5.81475228481907,1,1,"Mrps27","Siglech",0.2,0.04
-3.02074757456305,5.81475228481907,1,1,"Naip6","Siglech",0.2,0.04
-3.02074757456305,5.81475228481907,1,1,"Mast4","Siglech",0.2,0.04
-3.02074757456305,5.81475228481907,1,1,"Ppwd1","Siglech",0.2,0.04
-3.02074757456305,5.81475228481907,1,1,"Rnf180","Siglech",0.2,0.04
-3.02074757456305,5.81475228481907,1,1,"Dimt1","Siglech",0.2,0.04
-3.02074757456305,5.81475228481907,1,1,"Slc38a9","Siglech",0.2,0.04
-3.02074757456305,5.81475228481907,1,1,"Tmem267","Siglech",0.2,0.04
-3.02074757456305,5.81475228481907,1,1,"BC147527","Siglech",0.2,0.04
-3.02074757456305,5.81475228481907,1,1,"Hs1bp3","Siglech",0.2,0.04
-3.02074757456305,5.81475228481907,1,1,"Fam49a","Siglech",0.2,0.04
-3.02074757456305,5.81475228481907,1,1,"AC164424.1","Siglech",0.2,0.04
-3.02074757456305,5.81475228481907,1,1,"Mboat2","Siglech",0.2,0.04
-3.02074757456305,5.81475228481907,1,1,"Adi1","Siglech",0.2,0.04
-3.02074757456305,5.81475228481907,1,1,"Hbp1","Siglech",0.2,0.04
-3.02074757456305,5.81475228481907,1,1,"Gdap10","Siglech",0.2,0.04
-3.02074757456305,5.81475228481907,1,1,"Hdac9","Siglech",0.2,0.04
-3.02074757456305,5.81475228481907,1,1,"Zfp277","Siglech",0.2,0.04
-3.02074757456305,5.81475228481907,1,1,"Dtd2","Siglech",0.2,0.04
-3.02074757456305,5.81475228481907,1,1,"Egln3","Siglech",0.2,0.04
-3.02074757456305,5.81475228481907,1,1,"Ralgapa1","Siglech",0.2,0.04
-3.02074757456305,5.81475228481907,1,1,"Fbxo33","Siglech",0.2,0.04
-3.02074757456305,5.81475228481907,1,1,"Klhl28","Siglech",0.2,0.04
-3.02074757456305,5.81475228481907,1,1,"Klhdc1","Siglech",0.2,0.04
-3.02074757456305,5.81475228481907,1,1,"Frmd6","Siglech",0.2,0.04
-3.02074757456305,5.81475228481907,1,1,"Akap5","Siglech",0.2,0.04
-3.02074757456305,5.81475228481907,1,1,"Hspa2","Siglech",0.2,0.04
-3.02074757456305,5.81475228481907,1,1,"Plekhg3","Siglech",0.2,0.04
-3.02074757456305,5.81475228481907,1,1,"Max","Siglech",0.2,0.04
-3.02074757456305,5.81475228481907,1,1,"Pigh","Siglech",0.2,0.04
-3.02074757456305,5.81475228481907,1,1,"Actn1","Siglech",0.2,0.04
-3.02074757456305,5.81475228481907,1,1,"Slc10a1","Siglech",0.2,0.04
-3.02074757456305,5.81475228481907,1,1,"Bbof1","Siglech",0.2,0.04
-3.02074757456305,5.81475228481907,1,1,"Lin52","Siglech",0.2,0.04
-3.02074757456305,5.81475228481907,1,1,"Jdp2","Siglech",0.2,0.04
-3.02074757456305,5.81475228481907,1,1,"Irf2bpl","Siglech",0.2,0.04
-3.02074757456305,5.81475228481907,1,1,"Vipas39","Siglech",0.2,0.04
-3.02074757456305,5.81475228481907,1,1,"Otub2","Siglech",0.2,0.04
-3.02074757456305,5.81475228481907,1,1,"Snhg10","Siglech",0.2,0.04
-3.02074757456305,5.81475228481907,1,1,"Gskip","Siglech",0.2,0.04
-3.02074757456305,5.81475228481907,1,1,"AC163040.1","Siglech",0.2,0.04
-3.02074757456305,5.81475228481907,1,1,"Wars","Siglech",0.2,0.04
-3.02074757456305,5.81475228481907,1,1,"Tecpr2","Siglech",0.2,0.04
-3.02074757456305,5.81475228481907,1,1,"Ankrd9","Siglech",0.2,0.04
-3.02074757456305,5.81475228481907,1,1,"Traf3","Siglech",0.2,0.04
-3.02074757456305,5.81475228481907,1,1,"Tnfaip2","Siglech",0.2,0.04
-3.02074757456305,5.81475228481907,1,1,"Brf1","Siglech",0.2,0.04
-3.02074757456305,5.81475228481907,1,1,"Btbd6","Siglech",0.2,0.04
-3.02074757456305,5.81475228481907,1,1,"Crip2","Siglech",0.2,0.04
-3.02074757456305,5.81475228481907,1,1,"Esyt2","Siglech",0.2,0.04
-3.02074757456305,5.81475228481907,1,1,"Rapgef5","Siglech",0.2,0.04
-3.02074757456305,5.81475228481907,1,1,"Sp4","Siglech",0.2,0.04
-3.02074757456305,5.81475228481907,1,1,"AW549877","Siglech",0.2,0.04
-3.02074757456305,5.81475228481907,1,1,"Prkaa1","Siglech",0.2,0.04
-3.02074757456305,5.81475228481907,1,1,"2410089E03Rik","Siglech",0.2,0.04
-3.02074757456305,5.81475228481907,1,1,"Amacr","Siglech",0.2,0.04
-3.02074757456305,5.81475228481907,1,1,"Retreg1","Siglech",0.2,0.04
-3.02074757456305,5.81475228481907,1,1,"Matn2","Siglech",0.2,0.04
-3.02074757456305,5.81475228481907,1,1,"Gm10384","Siglech",0.2,0.04
-3.02074757456305,5.81475228481907,1,1,"Rrm2b","Siglech",0.2,0.04
-3.02074757456305,5.81475228481907,1,1,"Klf10","Siglech",0.2,0.04
-3.02074757456305,5.81475228481907,1,1,"Zhx1","Siglech",0.2,0.04
-3.02074757456305,5.81475228481907,1,1,"Tmem65","Siglech",0.2,0.04
-3.02074757456305,5.81475228481907,1,1,"Zfp41","Siglech",0.2,0.04
-3.02074757456305,5.81475228481907,1,1,"Zfp623","Siglech",0.2,0.04
-3.02074757456305,5.81475228481907,1,1,"Ccdc166","Siglech",0.2,0.04
-3.02074757456305,5.81475228481907,1,1,"Hgh1","Siglech",0.2,0.04
-3.02074757456305,5.81475228481907,1,1,"Dgat1","Siglech",0.2,0.04
-3.02074757456305,5.81475228481907,1,1,"Adck5","Siglech",0.2,0.04
-3.02074757456305,5.81475228481907,1,1,"Gpt","Siglech",0.2,0.04
-3.02074757456305,5.81475228481907,1,1,"Arhgap39","Siglech",0.2,0.04
-3.02074757456305,5.81475228481907,1,1,"Ift27","Siglech",0.2,0.04
-3.02074757456305,5.81475228481907,1,1,"H1f0","Siglech",0.2,0.04
-3.02074757456305,5.81475228481907,1,1,"Pick1","Siglech",0.2,0.04
-3.02074757456305,5.81475228481907,1,1,"Josd1","Siglech",0.2,0.04
-3.02074757456305,5.81475228481907,1,1,"Cbx7","Siglech",0.2,0.04
-3.02074757456305,5.81475228481907,1,1,"Tab1","Siglech",0.2,0.04
-3.02074757456305,5.81475228481907,1,1,"Pmm1","Siglech",0.2,0.04
-3.02074757456305,5.81475228481907,1,1,"Ttll12","Siglech",0.2,0.04
-3.02074757456305,5.81475228481907,1,1,"AC162302.1","Siglech",0.2,0.04
-3.02074757456305,5.81475228481907,1,1,"Pim3","Siglech",0.2,0.04
-3.02074757456305,5.81475228481907,1,1,"Selenoo","Siglech",0.2,0.04
-3.02074757456305,5.81475228481907,1,1,"Dennd6b","Siglech",0.2,0.04
-3.02074757456305,5.81475228481907,1,1,"Pphln1","Siglech",0.2,0.04
-3.02074757456305,5.81475228481907,1,1,"9330020H09Rik","Siglech",0.2,0.04
-3.02074757456305,5.81475228481907,1,1,"Lmbr1l","Siglech",0.2,0.04
-3.02074757456305,5.81475228481907,1,1,"Bcdin3d","Siglech",0.2,0.04
-3.02074757456305,5.81475228481907,1,1,"2310068J16Rik","Siglech",0.2,0.04
-3.02074757456305,5.81475228481907,1,1,"Mettl7a1","Siglech",0.2,0.04
-3.02074757456305,5.81475228481907,1,1,"Spryd3","Siglech",0.2,0.04
-3.02074757456305,5.81475228481907,1,1,"Csad","Siglech",0.2,0.04
-3.02074757456305,5.81475228481907,1,1,"Itga5","Siglech",0.2,0.04
-3.02074757456305,5.81475228481907,1,1,"Zfp174","Siglech",0.2,0.04
-3.02074757456305,5.81475228481907,1,1,"Srl","Siglech",0.2,0.04
-3.02074757456305,5.81475228481907,1,1,"Smim22","Siglech",0.2,0.04
-3.02074757456305,5.81475228481907,1,1,"Gm42477","Siglech",0.2,0.04
-3.02074757456305,5.81475228481907,1,1,"Tmem186","Siglech",0.2,0.04
-3.02074757456305,5.81475228481907,1,1,"Pmm2","Siglech",0.2,0.04
-3.02074757456305,5.81475228481907,1,1,"Vpreb1","Siglech",0.2,0.04
-3.02074757456305,5.81475228481907,1,1,"Klhl22","Siglech",0.2,0.04
-3.02074757456305,5.81475228481907,1,1,"Hira","Siglech",0.2,0.04
-3.02074757456305,5.81475228481907,1,1,"B3gnt5","Siglech",0.2,0.04
-3.02074757456305,5.81475228481907,1,1,"Alg3","Siglech",0.2,0.04
-3.02074757456305,5.81475228481907,1,1,"Camk2n2","Siglech",0.2,0.04
-3.02074757456305,5.81475228481907,1,1,"Etv5","Siglech",0.2,0.04
-3.02074757456305,5.81475228481907,1,1,"Tbccd1","Siglech",0.2,0.04
-3.02074757456305,5.81475228481907,1,1,"Lppos","Siglech",0.2,0.04
-3.02074757456305,5.81475228481907,1,1,"Cep19","Siglech",0.2,0.04
-3.02074757456305,5.81475228481907,1,1,"Wdr53","Siglech",0.2,0.04
-3.02074757456305,5.81475228481907,1,1,"Rubcn","Siglech",0.2,0.04
-3.02074757456305,5.81475228481907,1,1,"Lmln","Siglech",0.2,0.04
-3.02074757456305,5.81475228481907,1,1,"Hspbap1","Siglech",0.2,0.04
-3.02074757456305,5.81475228481907,1,1,"Parp14","Siglech",0.2,0.04
-3.02074757456305,5.81475228481907,1,1,"Wdr5b","Siglech",0.2,0.04
-3.02074757456305,5.81475228481907,1,1,"Polq","Siglech",0.2,0.04
-3.02074757456305,5.81475228481907,1,1,"B4galt4","Siglech",0.2,0.04
-3.02074757456305,5.81475228481907,1,1,"Nepro","Siglech",0.2,0.04
-3.02074757456305,5.81475228481907,1,1,"Gtpbp8","Siglech",0.2,0.04
-3.02074757456305,5.81475228481907,1,1,"Ift57","Siglech",0.2,0.04
-3.02074757456305,5.81475228481907,1,1,"Tbc1d23","Siglech",0.2,0.04
-3.02074757456305,5.81475228481907,1,1,"Dcbld2","Siglech",0.2,0.04
-3.02074757456305,5.81475228481907,1,1,"Riox2","Siglech",0.2,0.04
-3.02074757456305,5.81475228481907,1,1,"Arl6","Siglech",0.2,0.04
-3.02074757456305,5.81475228481907,1,1,"4930453N24Rik","Siglech",0.2,0.04
-3.02074757456305,5.81475228481907,1,1,"Mrpl39","Siglech",0.2,0.04
-3.02074757456305,5.81475228481907,1,1,"Synj1","Siglech",0.2,0.04
-3.02074757456305,5.81475228481907,1,1,"Cryzl1","Siglech",0.2,0.04
-3.02074757456305,5.81475228481907,1,1,"Mrps6","Siglech",0.2,0.04
-3.02074757456305,5.81475228481907,1,1,"Dopey2","Siglech",0.2,0.04
-3.02074757456305,5.81475228481907,1,1,"Mx1","Siglech",0.2,0.04
-3.02074757456305,5.81475228481907,1,1,"A630089N07Rik","Siglech",0.2,0.04
-3.02074757456305,5.81475228481907,1,1,"Tiam2","Siglech",0.2,0.04
-3.02074757456305,5.81475228481907,1,1,"Rps6ka2","Siglech",0.2,0.04
-3.02074757456305,5.81475228481907,1,1,"E430024P14Rik","Siglech",0.2,0.04
-3.02074757456305,5.81475228481907,1,1,"Tagap","Siglech",0.2,0.04
-3.02074757456305,5.81475228481907,1,1,"Acat2","Siglech",0.2,0.04
-3.02074757456305,5.81475228481907,1,1,"Gm3435","Siglech",0.2,0.04
-3.02074757456305,5.81475228481907,1,1,"Prdm9","Siglech",0.2,0.04
-3.02074757456305,5.81475228481907,1,1,"Zfp53","Siglech",0.2,0.04
-3.02074757456305,5.81475228481907,1,1,"Zfp229","Siglech",0.2,0.04
-3.02074757456305,5.81475228481907,1,1,"Zfp942","Siglech",0.2,0.04
-3.02074757456305,5.81475228481907,1,1,"Mlst8","Siglech",0.2,0.04
-3.02074757456305,5.81475228481907,1,1,"Rab26","Siglech",0.2,0.04
-3.02074757456305,5.81475228481907,1,1,"Tsc2","Siglech",0.2,0.04
-3.02074757456305,5.81475228481907,1,1,"Tbl3","Siglech",0.2,0.04
-3.02074757456305,5.81475228481907,1,1,"Cramp1l","Siglech",0.2,0.04
-3.02074757456305,5.81475228481907,1,1,"Tsr3","Siglech",0.2,0.04
-3.02074757456305,5.81475228481907,1,1,"Wdr90","Siglech",0.2,0.04
-3.02074757456305,5.81475228481907,1,1,"Dusp1","Siglech",0.2,0.04
-3.02074757456305,5.81475228481907,1,1,"Itpr3","Siglech",0.2,0.04
-3.02074757456305,5.81475228481907,1,1,"Brpf3","Siglech",0.2,0.04
-3.02074757456305,5.81475228481907,1,1,"Pi16","Siglech",0.2,0.04
-3.02074757456305,5.81475228481907,1,1,"Fgd2","Siglech",0.2,0.04
-3.02074757456305,5.81475228481907,1,1,"Rnf8","Siglech",0.2,0.04
-3.02074757456305,5.81475228481907,1,1,"Dnah8","Siglech",0.2,0.04
-3.02074757456305,5.81475228481907,1,1,"Abcg1","Siglech",0.2,0.04
-3.02074757456305,5.81475228481907,1,1,"Notch3","Siglech",0.2,0.04
-3.02074757456305,5.81475228481907,1,1,"Akap8l","Siglech",0.2,0.04
-3.02074757456305,5.81475228481907,1,1,"H2-DMb2","Siglech",0.2,0.04
-3.02074757456305,5.81475228481907,1,1,"Ppt2","Siglech",0.2,0.04
-3.02074757456305,5.81475228481907,1,1,"Stk19","Siglech",0.2,0.04
-3.02074757456305,5.81475228481907,1,1,"Neu1","Siglech",0.2,0.04
-3.02074757456305,5.81475228481907,1,1,"Msh5","Siglech",0.2,0.04
-3.02074757456305,5.81475228481907,1,1,"D17H6S53E","Siglech",0.2,0.04
-3.02074757456305,5.81475228481907,1,1,"Vars2","Siglech",0.2,0.04
-3.02074757456305,5.81475228481907,1,1,"Mdc1","Siglech",0.2,0.04
-3.02074757456305,5.81475228481907,1,1,"2310061I04Rik","Siglech",0.2,0.04
-3.02074757456305,5.81475228481907,1,1,"Rhag","Siglech",0.2,0.04
-3.02074757456305,5.81475228481907,1,1,"Enpp4","Siglech",0.2,0.04
-3.02074757456305,5.81475228481907,1,1,"Polr1c","Siglech",0.2,0.04
-3.02074757456305,5.81475228481907,1,1,"Mrpl2","Siglech",0.2,0.04
-3.02074757456305,5.81475228481907,1,1,"Rrp36","Siglech",0.2,0.04
-3.02074757456305,5.81475228481907,1,1,"Pex6","Siglech",0.2,0.04
-3.02074757456305,5.81475228481907,1,1,"Bicral","Siglech",0.2,0.04
-3.02074757456305,5.81475228481907,1,1,"Guca1a","Siglech",0.2,0.04
-3.02074757456305,5.81475228481907,1,1,"Usp49","Siglech",0.2,0.04
-3.02074757456305,5.81475228481907,1,1,"Zfp119a","Siglech",0.2,0.04
-3.02074757456305,5.81475228481907,1,1,"Ticam1","Siglech",0.2,0.04
-3.02074757456305,5.81475228481907,1,1,"Alkbh7","Siglech",0.2,0.04
-3.02074757456305,5.81475228481907,1,1,"Dennd1c","Siglech",0.2,0.04
-3.02074757456305,5.81475228481907,1,1,"Tnfsf9","Siglech",0.2,0.04
-3.02074757456305,5.81475228481907,1,1,"Gm26510","Siglech",0.2,0.04
-3.02074757456305,5.81475228481907,1,1,"Lclat1","Siglech",0.2,0.04
-3.02074757456305,5.81475228481907,1,1,"Slc30a6","Siglech",0.2,0.04
-3.02074757456305,5.81475228481907,1,1,"Nlrc4","Siglech",0.2,0.04
-3.02074757456305,5.81475228481907,1,1,"Fez2","Siglech",0.2,0.04
-3.02074757456305,5.81475228481907,1,1,"Hnrnpll","Siglech",0.2,0.04
-3.02074757456305,5.81475228481907,1,1,"Bambi","Siglech",0.2,0.04
-3.02074757456305,5.81475228481907,1,1,"Arhgap12","Siglech",0.2,0.04
-3.02074757456305,5.81475228481907,1,1,"Rpl27-ps3","Siglech",0.2,0.04
-3.02074757456305,5.81475228481907,1,1,"Ccny","Siglech",0.2,0.04
-3.02074757456305,5.81475228481907,1,1,"Mib1","Siglech",0.2,0.04
-3.02074757456305,5.81475228481907,1,1,"Zfp521","Siglech",0.2,0.04
-3.02074757456305,5.81475228481907,1,1,"Gm15972","Siglech",0.2,0.04
-3.02074757456305,5.81475228481907,1,1,"Zfp35","Siglech",0.2,0.04
-3.02074757456305,5.81475228481907,1,1,"2700062C07Rik","Siglech",0.2,0.04
-3.02074757456305,5.81475228481907,1,1,"Ercc3","Siglech",0.2,0.04
-3.02074757456305,5.81475228481907,1,1,"Tmco6","Siglech",0.2,0.04
-3.02074757456305,5.81475228481907,1,1,"0610009O20Rik","Siglech",0.2,0.04
-3.02074757456305,5.81475228481907,1,1,"Arhgap26","Siglech",0.2,0.04
-3.02074757456305,5.81475228481907,1,1,"Ythdc2","Siglech",0.2,0.04
-3.02074757456305,5.81475228481907,1,1,"Ndst1","Siglech",0.2,0.04
-3.02074757456305,5.81475228481907,1,1,"Pdgfrb","Siglech",0.2,0.04
-3.02074757456305,5.81475228481907,1,1,"Slc26a2","Siglech",0.2,0.04
-3.02074757456305,5.81475228481907,1,1,"Pmaip1","Siglech",0.2,0.04
-3.02074757456305,5.81475228481907,1,1,"Cep76","Siglech",0.2,0.04
-3.02074757456305,5.81475228481907,1,1,"Mbd1","Siglech",0.2,0.04
-3.02074757456305,5.81475228481907,1,1,"Pias2","Siglech",0.2,0.04
-3.02074757456305,5.81475228481907,1,1,"Epg5","Siglech",0.2,0.04
-3.02074757456305,5.81475228481907,1,1,"Gm6133","Siglech",0.2,0.04
-3.02074757456305,5.81475228481907,1,1,"Pard6g","Siglech",0.2,0.04
-3.02074757456305,5.81475228481907,1,1,"Ctdp1","Siglech",0.2,0.04
-3.02074757456305,5.81475228481907,1,1,"Lrp5","Siglech",0.2,0.04
-3.02074757456305,5.81475228481907,1,1,"Nudt8.1","Siglech",0.2,0.04
-3.02074757456305,5.81475228481907,1,1,"Rps6kb2","Siglech",0.2,0.04
-3.02074757456305,5.81475228481907,1,1,"Clcf1","Siglech",0.2,0.04
-3.02074757456305,5.81475228481907,1,1,"Ssh3","Siglech",0.2,0.04
-3.02074757456305,5.81475228481907,1,1,"Ankrd13d","Siglech",0.2,0.04
-3.02074757456305,5.81475228481907,1,1,"Rce1","Siglech",0.2,0.04
-3.02074757456305,5.81475228481907,1,1,"Rbm14","Siglech",0.2,0.04
-3.02074757456305,5.81475228481907,1,1,"Peli3","Siglech",0.2,0.04
-3.02074757456305,5.81475228481907,1,1,"Pacs1","Siglech",0.2,0.04
-3.02074757456305,5.81475228481907,1,1,"Frmd8","Siglech",0.2,0.04
-3.02074757456305,5.81475228481907,1,1,"Rps6ka4","Siglech",0.2,0.04
-3.02074757456305,5.81475228481907,1,1,"Gpr137","Siglech",0.2,0.04
-3.02074757456305,5.81475228481907,1,1,"Atl3","Siglech",0.2,0.04
-3.02074757456305,5.81475228481907,1,1,"1810009A15Rik","Siglech",0.2,0.04
-3.02074757456305,5.81475228481907,1,1,"Pcna-ps2","Siglech",0.2,0.04
-3.02074757456305,5.81475228481907,1,1,"Tmem216","Siglech",0.2,0.04
-3.02074757456305,5.81475228481907,1,1,"Nmrk1","Siglech",0.2,0.04
-3.02074757456305,5.81475228481907,1,1,"Gm10053","Siglech",0.2,0.04
-3.02074757456305,5.81475228481907,1,1,"Glis3","Siglech",0.2,0.04
-3.02074757456305,5.81475228481907,1,1,"Plpp6","Siglech",0.2,0.04
-3.02074757456305,5.81475228481907,1,1,"Fgfbp3","Siglech",0.2,0.04
-3.02074757456305,5.81475228481907,1,1,"Cep55","Siglech",0.2,0.04
-3.02074757456305,5.81475228481907,1,1,"Lcor","Siglech",0.2,0.04
-3.02074757456305,5.81475228481907,1,1,"Pi4k2a","Siglech",0.2,0.04
-3.02074757456305,5.81475228481907,1,1,"Cutc","Siglech",0.2,0.04
-3.02074757456305,5.81475228481907,1,1,"Dnmbp","Siglech",0.2,0.04
-3.02074757456305,5.81475228481907,1,1,"Scd2","Siglech",0.2,0.04
-3.02074757456305,5.81475228481907,1,1,"Poll","Siglech",0.2,0.04
-3.02074757456305,5.81475228481907,1,1,"Nfkb2","Siglech",0.2,0.04
-3.02074757456305,5.81475228481907,1,1,"Taf5","Siglech",0.2,0.04
-3.02074757456305,5.81475228481907,1,1,"Sh3pxd2a","Siglech",0.2,0.04
-3.02074757456305,5.81475228481907,1,1,"4833407H14Rik","Siglech",0.2,0.04
-3.02074757456305,5.81475228481907,1,1,"Cacul1","Siglech",0.2,0.04
-3.02074757456305,5.81475228481907,1,1,"Fam45a","Siglech",0.2,0.04
-3.02074757456305,5.81475228481907,1,1,"CAAA01118383.1","Siglech",0.2,0.04
-3.02074757456305,5.81475228481907,1,1,"CAAA01147332.1","Siglech",0.2,0.04
0.346020174043038,6.82092568185863,1,1,"Ogfrl1","Siglech",0.2,0.04
0.346020174043038,6.82092568185863,1,1,"Coa5","Siglech",0.2,0.04
0.346020174043038,6.82092568185863,1,1,"Tbc1d8","Siglech",0.2,0.04
0.346020174043038,6.82092568185863,1,1,"Cab39","Siglech",0.2,0.04
0.346020174043038,6.82092568185863,1,1,"Tiprl","Siglech",0.2,0.04
0.346020174043038,6.82092568185863,1,1,"Pex19","Siglech",0.2,0.04
0.346020174043038,6.82092568185863,1,1,"Kin","Siglech",0.2,0.04
0.346020174043038,6.82092568185863,1,1,"Mllt10","Siglech",0.2,0.04
0.346020174043038,6.82092568185863,1,1,"Ciz1","Siglech",0.2,0.04
0.346020174043038,6.82092568185863,1,1,"Api5","Siglech",0.2,0.04
0.346020174043038,6.82092568185863,1,1,"Dido1","Siglech",0.2,0.04
0.346020174043038,6.82092568185863,1,1,"Was","Siglech",0.2,0.04
0.346020174043038,6.82092568185863,1,1,"Fundc1","Siglech",0.2,0.04
0.346020174043038,6.82092568185863,1,1,"Uba1","Siglech",0.2,0.04
0.346020174043038,6.82092568185863,1,1,"C330007P06Rik","Siglech",0.2,0.04
0.346020174043038,6.82092568185863,1,1,"Hnrnph2","Siglech",0.2,0.04
0.346020174043038,6.82092568185863,1,1,"Rab9","Siglech",0.2,0.04
0.346020174043038,6.82092568185863,1,1,"Impa1","Siglech",0.2,0.04
0.346020174043038,6.82092568185863,1,1,"4932438A13Rik","Siglech",0.2,0.04
0.346020174043038,6.82092568185863,1,1,"Ssr3","Siglech",0.2,0.04
0.346020174043038,6.82092568185863,1,1,"Nfx1","Siglech",0.2,0.04
0.346020174043038,6.82092568185863,1,1,"Hint2","Siglech",0.2,0.04
0.346020174043038,6.82092568185863,1,1,"Rlf","Siglech",0.2,0.04
0.346020174043038,6.82092568185863,1,1,"Mrps15","Siglech",0.2,0.04
0.346020174043038,6.82092568185863,1,1,"Fgr","Siglech",0.2,0.04
0.346020174043038,6.82092568185863,1,1,"Dnajc11","Siglech",0.2,0.04
0.346020174043038,6.82092568185863,1,1,"Preb","Siglech",0.2,0.04
0.346020174043038,6.82092568185863,1,1,"Maea","Siglech",0.2,0.04
0.346020174043038,6.82092568185863,1,1,"D5Ertd579e","Siglech",0.2,0.04
0.346020174043038,6.82092568185863,1,1,"Ociad1","Siglech",0.2,0.04
0.346020174043038,6.82092568185863,1,1,"Eif2b1","Siglech",0.2,0.04
0.346020174043038,6.82092568185863,1,1,"Tnrc18","Siglech",0.2,0.04
0.346020174043038,6.82092568185863,1,1,"Pan3","Siglech",0.2,0.04
0.346020174043038,6.82092568185863,1,1,"Hoxa7","Siglech",0.2,0.04
0.346020174043038,6.82092568185863,1,1,"Ing4","Siglech",0.2,0.04
0.346020174043038,6.82092568185863,1,1,"Magohb","Siglech",0.2,0.04
0.346020174043038,6.82092568185863,1,1,"Recql","Siglech",0.2,0.04
0.346020174043038,6.82092568185863,1,1,"Prpf31","Siglech",0.2,0.04
0.346020174043038,6.82092568185863,1,1,"Xrcc1","Siglech",0.2,0.04
0.346020174043038,6.82092568185863,1,1,"Sdhaf1","Siglech",0.2,0.04
0.346020174043038,6.82092568185863,1,1,"Irf3","Siglech",0.2,0.04
0.346020174043038,6.82092568185863,1,1,"Cyfip1","Siglech",0.2,0.04
0.346020174043038,6.82092568185863,1,1,"Nipa2","Siglech",0.2,0.04
0.346020174043038,6.82092568185863,1,1,"Chd2","Siglech",0.2,0.04
0.346020174043038,6.82092568185863,1,1,"Eed","Siglech",0.2,0.04
0.346020174043038,6.82092568185863,1,1,"Trim12c","Siglech",0.2,0.04
0.346020174043038,6.82092568185863,1,1,"Ppp4c","Siglech",0.2,0.04
0.346020174043038,6.82092568185863,1,1,"Tmem219","Siglech",0.2,0.04
0.346020174043038,6.82092568185863,1,1,"Tial1","Siglech",0.2,0.04
0.346020174043038,6.82092568185863,1,1,"Oat","Siglech",0.2,0.04
0.346020174043038,6.82092568185863,1,1,"Zranb1","Siglech",0.2,0.04
0.346020174043038,6.82092568185863,1,1,"Anapc16","Siglech",0.2,0.04
0.346020174043038,6.82092568185863,1,1,"Rnf126","Siglech",0.2,0.04
0.346020174043038,6.82092568185863,1,1,"Map2k2","Siglech",0.2,0.04
0.346020174043038,6.82092568185863,1,1,"Ormdl2","Siglech",0.2,0.04
0.346020174043038,6.82092568185863,1,1,"Pet100","Siglech",0.2,0.04
0.346020174043038,6.82092568185863,1,1,"Nr2c2ap","Siglech",0.2,0.04
0.346020174043038,6.82092568185863,1,1,"Anapc10","Siglech",0.2,0.04
0.346020174043038,6.82092568185863,1,1,"Fto","Siglech",0.2,0.04
0.346020174043038,6.82092568185863,1,1,"Terf2","Siglech",0.2,0.04
0.346020174043038,6.82092568185863,1,1,"Dhx38","Siglech",0.2,0.04
0.346020174043038,6.82092568185863,1,1,"Itgb1","Siglech",0.2,0.04
0.346020174043038,6.82092568185863,1,1,"Sugt1","Siglech",0.2,0.04
0.346020174043038,6.82092568185863,1,1,"Srprb","Siglech",0.2,0.04
0.346020174043038,6.82092568185863,1,1,"Zfp445","Siglech",0.2,0.04
0.346020174043038,6.82092568185863,1,1,"Commd1","Siglech",0.2,0.04
0.346020174043038,6.82092568185863,1,1,"Cnot6","Siglech",0.2,0.04
0.346020174043038,6.82092568185863,1,1,"Med9","Siglech",0.2,0.04
0.346020174043038,6.82092568185863,1,1,"Ctdnep1","Siglech",0.2,0.04
0.346020174043038,6.82092568185863,1,1,"Rabep1","Siglech",0.2,0.04
0.346020174043038,6.82092568185863,1,1,"Derl2","Siglech",0.2,0.04
0.346020174043038,6.82092568185863,1,1,"Zzef1","Siglech",0.2,0.04
0.346020174043038,6.82092568185863,1,1,"Blmh","Siglech",0.2,0.04
0.346020174043038,6.82092568185863,1,1,"Synrg","Siglech",0.2,0.04
0.346020174043038,6.82092568185863,1,1,"Vmp1","Siglech",0.2,0.04
0.346020174043038,6.82092568185863,1,1,"Spag9","Siglech",0.2,0.04
0.346020174043038,6.82092568185863,1,1,"Eftud2","Siglech",0.2,0.04
0.346020174043038,6.82092568185863,1,1,"Nsf","Siglech",0.2,0.04
0.346020174043038,6.82092568185863,1,1,"Zmynd11","Siglech",0.2,0.04
0.346020174043038,6.82092568185863,1,1,"Ddx41","Siglech",0.2,0.04
0.346020174043038,6.82092568185863,1,1,"Fam193b","Siglech",0.2,0.04
0.346020174043038,6.82092568185863,1,1,"Fam172a","Siglech",0.2,0.04
0.346020174043038,6.82092568185863,1,1,"Cenpk","Siglech",0.2,0.04
0.346020174043038,6.82092568185863,1,1,"Klhdc2","Siglech",0.2,0.04
0.346020174043038,6.82092568185863,1,1,"Sav1","Siglech",0.2,0.04
0.346020174043038,6.82092568185863,1,1,"Eif2b2","Siglech",0.2,0.04
0.346020174043038,6.82092568185863,1,1,"Ago2","Siglech",0.2,0.04
0.346020174043038,6.82092568185863,1,1,"Ncf4","Siglech",0.2,0.04
0.346020174043038,6.82092568185863,1,1,"Rangap1","Siglech",0.2,0.04
0.346020174043038,6.82092568185863,1,1,"Sp1","Siglech",0.2,0.04
0.346020174043038,6.82092568185863,1,1,"Zfp263","Siglech",0.2,0.04
0.346020174043038,6.82092568185863,1,1,"Parl","Siglech",0.2,0.04
0.346020174043038,6.82092568185863,1,1,"Atp13a3","Siglech",0.2,0.04
0.346020174043038,6.82092568185863,1,1,"Nrip1","Siglech",0.2,0.04
0.346020174043038,6.82092568185863,1,1,"Paxbp1","Siglech",0.2,0.04
0.346020174043038,6.82092568185863,1,1,"Zfp760","Siglech",0.2,0.04
0.346020174043038,6.82092568185863,1,1,"Tbc1d5","Siglech",0.2,0.04
0.346020174043038,6.82092568185863,1,1,"Lrpprc","Siglech",0.2,0.04
0.346020174043038,6.82092568185863,1,1,"Rnf138","Siglech",0.2,0.04
0.346020174043038,6.82092568185863,1,1,"Snx2","Siglech",0.2,0.04
0.346020174043038,6.82092568185863,1,1,"Phax","Siglech",0.2,0.04
0.346020174043038,6.82092568185863,1,1,"Prrc1","Siglech",0.2,0.04
0.346020174043038,6.82092568185863,1,1,"Cxxc1","Siglech",0.2,0.04
0.346020174043038,6.82092568185863,1,1,"Pold4","Siglech",0.2,0.04
0.346020174043038,6.82092568185863,1,1,"Kdm2a","Siglech",0.2,0.04
0.346020174043038,6.82092568185863,1,1,"Pola2","Siglech",0.2,0.04
0.346020174043038,6.82092568185863,1,1,"Fxn","Siglech",0.2,0.04
0.346020174043038,6.82092568185863,1,1,"Rrp12","Siglech",0.2,0.04
0.33927171477166,6.49817679301644,1,1,"Usp37","Siglech",0.2,0.04
0.33927171477166,6.49817679301644,1,1,"Bcs1l","Siglech",0.2,0.04
0.33927171477166,6.49817679301644,1,1,"Swt1","Siglech",0.2,0.04
0.33927171477166,6.49817679301644,1,1,"Tor1aip1","Siglech",0.2,0.04
0.33927171477166,6.49817679301644,1,1,"Ralgps2","Siglech",0.2,0.04
0.33927171477166,6.49817679301644,1,1,"Nos1ap","Siglech",0.2,0.04
0.33927171477166,6.49817679301644,1,1,"Slamf6","Siglech",0.2,0.04
0.33927171477166,6.49817679301644,1,1,"Sde2","Siglech",0.2,0.04
0.33927171477166,6.49817679301644,1,1,"Nvl","Siglech",0.2,0.04
0.33927171477166,6.49817679301644,1,1,"Sec61a2","Siglech",0.2,0.04
0.33927171477166,6.49817679301644,1,1,"Hacd1","Siglech",0.2,0.04
0.33927171477166,6.49817679301644,1,1,"Zmynd19","Siglech",0.2,0.04
0.33927171477166,6.49817679301644,1,1,"BC005624","Siglech",0.2,0.04
0.33927171477166,6.49817679301644,1,1,"Nek6","Siglech",0.2,0.04
0.33927171477166,6.49817679301644,1,1,"Cir1","Siglech",0.2,0.04
0.33927171477166,6.49817679301644,1,1,"Mtx2","Siglech",0.2,0.04
0.33927171477166,6.49817679301644,1,1,"Dnajc10","Siglech",0.2,0.04
0.33927171477166,6.49817679301644,1,1,"Clp1","Siglech",0.2,0.04
0.33927171477166,6.49817679301644,1,1,"Timm10","Siglech",0.2,0.04
0.33927171477166,6.49817679301644,1,1,"Fbxo3","Siglech",0.2,0.04
0.33927171477166,6.49817679301644,1,1,"Mga","Siglech",0.2,0.04
0.33927171477166,6.49817679301644,1,1,"Tubgcp4","Siglech",0.2,0.04
0.33927171477166,6.49817679301644,1,1,"Slc24a5","Siglech",0.2,0.04
0.33927171477166,6.49817679301644,1,1,"Stau1","Siglech",0.2,0.04
0.33927171477166,6.49817679301644,1,1,"Tmem189","Siglech",0.2,0.04
0.33927171477166,6.49817679301644,1,1,"Gdi1","Siglech",0.2,0.04
0.33927171477166,6.49817679301644,1,1,"Ubl4a","Siglech",0.2,0.04
0.33927171477166,6.49817679301644,1,1,"Rlim","Siglech",0.2,0.04
0.33927171477166,6.49817679301644,1,1,"Timm8a1","Siglech",0.2,0.04
0.33927171477166,6.49817679301644,1,1,"Armcx3","Siglech",0.2,0.04
0.33927171477166,6.49817679301644,1,1,"Psmd10","Siglech",0.2,0.04
0.33927171477166,6.49817679301644,1,1,"Kantr","Siglech",0.2,0.04
0.33927171477166,6.49817679301644,1,1,"Bclaf3","Siglech",0.2,0.04
0.33927171477166,6.49817679301644,1,1,"Msl3","Siglech",0.2,0.04
0.33927171477166,6.49817679301644,1,1,"Mrps28","Siglech",0.2,0.04
0.33927171477166,6.49817679301644,1,1,"Exosc9","Siglech",0.2,0.04
0.33927171477166,6.49817679301644,1,1,"Tmem131l","Siglech",0.2,0.04
0.33927171477166,6.49817679301644,1,1,"Isg20l2","Siglech",0.2,0.04
0.33927171477166,6.49817679301644,1,1,"Gpatch4","Siglech",0.2,0.04
0.33927171477166,6.49817679301644,1,1,"Dennd4b","Siglech",0.2,0.04
0.33927171477166,6.49817679301644,1,1,"Ensa","Siglech",0.2,0.04
0.33927171477166,6.49817679301644,1,1,"Trim33","Siglech",0.2,0.04
0.33927171477166,6.49817679301644,1,1,"Rsbn1","Siglech",0.2,0.04
0.33927171477166,6.49817679301644,1,1,"Gnai3","Siglech",0.2,0.04
0.33927171477166,6.49817679301644,1,1,"Mfsd14a","Siglech",0.2,0.04
0.33927171477166,6.49817679301644,1,1,"Frrs1","Siglech",0.2,0.04
0.33927171477166,6.49817679301644,1,1,"Sec24d","Siglech",0.2,0.04
0.33927171477166,6.49817679301644,1,1,"Mettl14","Siglech",0.2,0.04
0.33927171477166,6.49817679301644,1,1,"Rap1gds1","Siglech",0.2,0.04
0.33927171477166,6.49817679301644,1,1,"Zzz3","Siglech",0.2,0.04
0.33927171477166,6.49817679301644,1,1,"Rabggtb","Siglech",0.2,0.04
0.33927171477166,6.49817679301644,1,1,"Rngtt","Siglech",0.2,0.04
0.33927171477166,6.49817679301644,1,1,"Chmp5","Siglech",0.2,0.04
0.33927171477166,6.49817679301644,1,1,"Ubap2","Siglech",0.2,0.04
0.33927171477166,6.49817679301644,1,1,"Fkbp15","Siglech",0.2,0.04
0.33927171477166,6.49817679301644,1,1,"Ift74","Siglech",0.2,0.04
0.33927171477166,6.49817679301644,1,1,"Urod","Siglech",0.2,0.04
0.33927171477166,6.49817679301644,1,1,"Tmem39b","Siglech",0.2,0.04
0.33927171477166,6.49817679301644,1,1,"Tmem222","Siglech",0.2,0.04
0.33927171477166,6.49817679301644,1,1,"Crot","Siglech",0.2,0.04
0.33927171477166,6.49817679301644,1,1,"Ube3c","Siglech",0.2,0.04
0.33927171477166,6.49817679301644,1,1,"Lrpap1","Siglech",0.2,0.04
0.33927171477166,6.49817679301644,1,1,"Qdpr","Siglech",0.2,0.04
0.33927171477166,6.49817679301644,1,1,"Tmem33","Siglech",0.2,0.04
0.33927171477166,6.49817679301644,1,1,"Srd5a3","Siglech",0.2,0.04
0.33927171477166,6.49817679301644,1,1,"Noa1","Siglech",0.2,0.04
0.33927171477166,6.49817679301644,1,1,"Uso1","Siglech",0.2,0.04
0.33927171477166,6.49817679301644,1,1,"Scarb2","Siglech",0.2,0.04
0.33927171477166,6.49817679301644,1,1,"Golga3","Siglech",0.2,0.04
0.33927171477166,6.49817679301644,1,1,"Mvk","Siglech",0.2,0.04
0.33927171477166,6.49817679301644,1,1,"Trafd1","Siglech",0.2,0.04
0.33927171477166,6.49817679301644,1,1,"Gpn3","Siglech",0.2,0.04
0.33927171477166,6.49817679301644,1,1,"Fam3c","Siglech",0.2,0.04
0.33927171477166,6.49817679301644,1,1,"Zfp800","Siglech",0.2,0.04
0.33927171477166,6.49817679301644,1,1,"Zfp777","Siglech",0.2,0.04
0.33927171477166,6.49817679301644,1,1,"Mrps25","Siglech",0.2,0.04
0.33927171477166,6.49817679301644,1,1,"Tmcc1","Siglech",0.2,0.04
0.33927171477166,6.49817679301644,1,1,"Pex5","Siglech",0.2,0.04
0.33927171477166,6.49817679301644,1,1,"Usp5","Siglech",0.2,0.04
0.33927171477166,6.49817679301644,1,1,"2310001H17Rik","Siglech",0.2,0.04
0.33927171477166,6.49817679301644,1,1,"Ints13","Siglech",0.2,0.04
0.33927171477166,6.49817679301644,1,1,"Trappc6a","Siglech",0.2,0.04
0.33927171477166,6.49817679301644,1,1,"Nup98","Siglech",0.2,0.04
0.33927171477166,6.49817679301644,1,1,"Ipo7","Siglech",0.2,0.04
0.33927171477166,6.49817679301644,1,1,"Ctr9","Siglech",0.2,0.04
0.33927171477166,6.49817679301644,1,1,"Smg1","Siglech",0.2,0.04
0.33927171477166,6.49817679301644,1,1,"Lat","Siglech",0.2,0.04
0.33927171477166,6.49817679301644,1,1,"Inpp5f","Siglech",0.2,0.04
0.33927171477166,6.49817679301644,1,1,"Tollip","Siglech",0.2,0.04
0.33927171477166,6.49817679301644,1,1,"Nup43","Siglech",0.2,0.04
0.33927171477166,6.49817679301644,1,1,"Ltv1","Siglech",0.2,0.04
0.33927171477166,6.49817679301644,1,1,"Mtfr2","Siglech",0.2,0.04
0.33927171477166,6.49817679301644,1,1,"Hbs1l","Siglech",0.2,0.04
0.33927171477166,6.49817679301644,1,1,"Hint3","Siglech",0.2,0.04
0.33927171477166,6.49817679301644,1,1,"Gcc2","Siglech",0.2,0.04
0.33927171477166,6.49817679301644,1,1,"Pttg1ip","Siglech",0.2,0.04
0.33927171477166,6.49817679301644,1,1,"D10Jhu81e","Siglech",0.2,0.04
0.33927171477166,6.49817679301644,1,1,"Lmnb2","Siglech",0.2,0.04
0.33927171477166,6.49817679301644,1,1,"Thap2","Siglech",0.2,0.04
0.33927171477166,6.49817679301644,1,1,"Tspan31","Siglech",0.2,0.04
0.33927171477166,6.49817679301644,1,1,"R3hdm2","Siglech",0.2,0.04
0.33927171477166,6.49817679301644,1,1,"Cars2","Siglech",0.2,0.04
0.33927171477166,6.49817679301644,1,1,"Upf3a","Siglech",0.2,0.04
0.33927171477166,6.49817679301644,1,1,"Kbtbd11","Siglech",0.2,0.04
0.33927171477166,6.49817679301644,1,1,"Ckap2","Siglech",0.2,0.04
0.33927171477166,6.49817679301644,1,1,"Gsr","Siglech",0.2,0.04
0.33927171477166,6.49817679301644,1,1,"Irf2","Siglech",0.2,0.04
0.33927171477166,6.49817679301644,1,1,"Cdkn2aip","Siglech",0.2,0.04
0.33927171477166,6.49817679301644,1,1,"Ddx49","Siglech",0.2,0.04
0.33927171477166,6.49817679301644,1,1,"Abhd8","Siglech",0.2,0.04
0.33927171477166,6.49817679301644,1,1,"Ogfod1","Siglech",0.2,0.04
0.33927171477166,6.49817679301644,1,1,"Cog8","Siglech",0.2,0.04
0.33927171477166,6.49817679301644,1,1,"Aars","Siglech",0.2,0.04
0.33927171477166,6.49817679301644,1,1,"Terf2ip","Siglech",0.2,0.04
0.33927171477166,6.49817679301644,1,1,"Ppp3cb","Siglech",0.2,0.04
0.33927171477166,6.49817679301644,1,1,"Mettl6","Siglech",0.2,0.04
0.33927171477166,6.49817679301644,1,1,"Eaf1","Siglech",0.2,0.04
0.33927171477166,6.49817679301644,1,1,"Wdfy4","Siglech",0.2,0.04
0.33927171477166,6.49817679301644,1,1,"Ppp2r1b","Siglech",0.2,0.04
0.33927171477166,6.49817679301644,1,1,"Tspan3","Siglech",0.2,0.04
0.33927171477166,6.49817679301644,1,1,"Sin3a","Siglech",0.2,0.04
0.33927171477166,6.49817679301644,1,1,"Senp8","Siglech",0.2,0.04
0.33927171477166,6.49817679301644,1,1,"Csnk1g1","Siglech",0.2,0.04
0.33927171477166,6.49817679301644,1,1,"Mb21d1","Siglech",0.2,0.04
0.33927171477166,6.49817679301644,1,1,"Dbr1","Siglech",0.2,0.04
0.33927171477166,6.49817679301644,1,1,"Alas1","Siglech",0.2,0.04
0.33927171477166,6.49817679301644,1,1,"Ifrd2","Siglech",0.2,0.04
0.33927171477166,6.49817679301644,1,1,"Epm2aip1","Siglech",0.2,0.04
0.33927171477166,6.49817679301644,1,1,"Ubp1","Siglech",0.2,0.04
0.33927171477166,6.49817679301644,1,1,"Acaa1a","Siglech",0.2,0.04
0.33927171477166,6.49817679301644,1,1,"Ss18l2","Siglech",0.2,0.04
0.33927171477166,6.49817679301644,1,1,"Zdhhc3","Siglech",0.2,0.04
0.33927171477166,6.49817679301644,1,1,"Ccm2","Siglech",0.2,0.04
0.33927171477166,6.49817679301644,1,1,"Vps54","Siglech",0.2,0.04
0.33927171477166,6.49817679301644,1,1,"Psme4","Siglech",0.2,0.04
0.33927171477166,6.49817679301644,1,1,"Ccng1","Siglech",0.2,0.04
0.33927171477166,6.49817679301644,1,1,"Stx8","Siglech",0.2,0.04
0.33927171477166,6.49817679301644,1,1,"Pelp1","Siglech",0.2,0.04
0.33927171477166,6.49817679301644,1,1,"Rnft1","Siglech",0.2,0.04
0.33927171477166,6.49817679301644,1,1,"Mrpl27","Siglech",0.2,0.04
0.33927171477166,6.49817679301644,1,1,"Ppp1r9b","Siglech",0.2,0.04
0.33927171477166,6.49817679301644,1,1,"Brca1","Siglech",0.2,0.04
0.33927171477166,6.49817679301644,1,1,"Rdm1","Siglech",0.2,0.04
0.33927171477166,6.49817679301644,1,1,"G6pc3","Siglech",0.2,0.04
0.33927171477166,6.49817679301644,1,1,"Tlk2","Siglech",0.2,0.04
0.33927171477166,6.49817679301644,1,1,"Nup85","Siglech",0.2,0.04
0.33927171477166,6.49817679301644,1,1,"Fasn","Siglech",0.2,0.04
0.33927171477166,6.49817679301644,1,1,"Yae1d1","Siglech",0.2,0.04
0.33927171477166,6.49817679301644,1,1,"Gmds","Siglech",0.2,0.04
0.33927171477166,6.49817679301644,1,1,"Caml","Siglech",0.2,0.04
0.33927171477166,6.49817679301644,1,1,"Brd9","Siglech",0.2,0.04
0.33927171477166,6.49817679301644,1,1,"Rasa1","Siglech",0.2,0.04
0.33927171477166,6.49817679301644,1,1,"Ssbp2","Siglech",0.2,0.04
0.33927171477166,6.49817679301644,1,1,"Papd4","Siglech",0.2,0.04
0.33927171477166,6.49817679301644,1,1,"Arsb","Siglech",0.2,0.04
0.33927171477166,6.49817679301644,1,1,"Smn1","Siglech",0.2,0.04
0.33927171477166,6.49817679301644,1,1,"Slc30a5","Siglech",0.2,0.04
0.33927171477166,6.49817679301644,1,1,"Smim15","Siglech",0.2,0.04
0.33927171477166,6.49817679301644,1,1,"Mier3","Siglech",0.2,0.04
0.33927171477166,6.49817679301644,1,1,"Mrps30","Siglech",0.2,0.04
0.33927171477166,6.49817679301644,1,1,"Adam17","Siglech",0.2,0.04
0.33927171477166,6.49817679301644,1,1,"Cog5","Siglech",0.2,0.04
0.33927171477166,6.49817679301644,1,1,"Ccdc71l","Siglech",0.2,0.04
0.33927171477166,6.49817679301644,1,1,"Nampt","Siglech",0.2,0.04
0.33927171477166,6.49817679301644,1,1,"Atxn7l1","Siglech",0.2,0.04
0.33927171477166,6.49817679301644,1,1,"Fancm","Siglech",0.2,0.04
0.33927171477166,6.49817679301644,1,1,"Timm9","Siglech",0.2,0.04
0.33927171477166,6.49817679301644,1,1,"Tdp1","Siglech",0.2,0.04
0.33927171477166,6.49817679301644,1,1,"Nol12","Siglech",0.2,0.04
0.33927171477166,6.49817679301644,1,1,"Triobp","Siglech",0.2,0.04
0.33927171477166,6.49817679301644,1,1,"Grap2","Siglech",0.2,0.04
0.33927171477166,6.49817679301644,1,1,"Rpap3","Siglech",0.2,0.04
0.33927171477166,6.49817679301644,1,1,"Smarcd1","Siglech",0.2,0.04
0.33927171477166,6.49817679301644,1,1,"Nudt16l1","Siglech",0.2,0.04
0.33927171477166,6.49817679301644,1,1,"Txndc11","Siglech",0.2,0.04
0.33927171477166,6.49817679301644,1,1,"Slc25a1","Siglech",0.2,0.04
0.33927171477166,6.49817679301644,1,1,"Tango2","Siglech",0.2,0.04
0.33927171477166,6.49817679301644,1,1,"Fam162a","Siglech",0.2,0.04
0.33927171477166,6.49817679301644,1,1,"Gsk3b","Siglech",0.2,0.04
0.33927171477166,6.49817679301644,1,1,"C330027C09Rik","Siglech",0.2,0.04
0.33927171477166,6.49817679301644,1,1,"Brwd1","Siglech",0.2,0.04
0.33927171477166,6.49817679301644,1,1,"Tagap1","Siglech",0.2,0.04
0.33927171477166,6.49817679301644,1,1,"Riok2","Siglech",0.2,0.04
0.33927171477166,6.49817679301644,1,1,"Pkmyt1","Siglech",0.2,0.04
0.33927171477166,6.49817679301644,1,1,"Pdpk1","Siglech",0.2,0.04
0.33927171477166,6.49817679301644,1,1,"Traf7","Siglech",0.2,0.04
0.33927171477166,6.49817679301644,1,1,"Rab26os","Siglech",0.2,0.04
0.33927171477166,6.49817679301644,1,1,"Snhg9","Siglech",0.2,0.04
0.33927171477166,6.49817679301644,1,1,"Glo1","Siglech",0.2,0.04
0.33927171477166,6.49817679301644,1,1,"March2","Siglech",0.2,0.04
0.33927171477166,6.49817679301644,1,1,"Nelfe","Siglech",0.2,0.04
0.33927171477166,6.49817679301644,1,1,"Trim26","Siglech",0.2,0.04
0.33927171477166,6.49817679301644,1,1,"Cd2ap","Siglech",0.2,0.04
0.33927171477166,6.49817679301644,1,1,"Ppp4r1","Siglech",0.2,0.04
0.33927171477166,6.49817679301644,1,1,"Gemin6","Siglech",0.2,0.04
0.33927171477166,6.49817679301644,1,1,"Msh2","Siglech",0.2,0.04
0.33927171477166,6.49817679301644,1,1,"Fbxo11","Siglech",0.2,0.04
0.33927171477166,6.49817679301644,1,1,"Ddx3y","Siglech",0.2,0.04
0.33927171477166,6.49817679301644,1,1,"Mtpap","Siglech",0.2,0.04
0.33927171477166,6.49817679301644,1,1,"Epc1","Siglech",0.2,0.04
0.33927171477166,6.49817679301644,1,1,"Thoc1","Siglech",0.2,0.04
0.33927171477166,6.49817679301644,1,1,"Trappc8","Siglech",0.2,0.04
0.33927171477166,6.49817679301644,1,1,"Map3k2","Siglech",0.2,0.04
0.33927171477166,6.49817679301644,1,1,"Slc35a4","Siglech",0.2,0.04
0.33927171477166,6.49817679301644,1,1,"Atg12","Siglech",0.2,0.04
0.33927171477166,6.49817679301644,1,1,"Malt1","Siglech",0.2,0.04
0.33927171477166,6.49817679301644,1,1,"Haus1","Siglech",0.2,0.04
0.33927171477166,6.49817679301644,1,1,"Txnl4a","Siglech",0.2,0.04
0.33927171477166,6.49817679301644,1,1,"Zfp407","Siglech",0.2,0.04
0.33927171477166,6.49817679301644,1,1,"Coro1b","Siglech",0.2,0.04
0.33927171477166,6.49817679301644,1,1,"Brms1","Siglech",0.2,0.04
0.33927171477166,6.49817679301644,1,1,"Wdr74","Siglech",0.2,0.04
0.33927171477166,6.49817679301644,1,1,"Ttc9c","Siglech",0.2,0.04
0.33927171477166,6.49817679301644,1,1,"Ak3","Siglech",0.2,0.04
0.33927171477166,6.49817679301644,1,1,"9930021J03Rik","Siglech",0.2,0.04
0.33927171477166,6.49817679301644,1,1,"Exoc6","Siglech",0.2,0.04
0.33927171477166,6.49817679301644,1,1,"Fra10ac1","Siglech",0.2,0.04
0.33927171477166,6.49817679301644,1,1,"Pcgf6","Siglech",0.2,0.04
0.33927171477166,6.49817679301644,1,1,"Slk","Siglech",0.2,0.04
0.33927171477166,6.49817679301644,1,1,"Add3","Siglech",0.2,0.04
0.33927171477166,6.49817679301644,1,1,"Casp7","Siglech",0.2,0.04
0.33927171477166,6.49817679301644,1,1,"mt-Nd6","Siglech",0.2,0.04
0.320524554363278,6.08224828530209,1,1,"Vcpip1","Siglech",0.2,0.04
0.320524554363278,6.08224828530209,1,1,"Snhg6","Siglech",0.2,0.04
0.320524554363278,6.08224828530209,1,1,"Zfp451","Siglech",0.2,0.04
0.320524554363278,6.08224828530209,1,1,"Plekhb2","Siglech",0.2,0.04
0.320524554363278,6.08224828530209,1,1,"Kansl3","Siglech",0.2,0.04
0.320524554363278,6.08224828530209,1,1,"Mitd1","Siglech",0.2,0.04
0.320524554363278,6.08224828530209,1,1,"Tpp2","Siglech",0.2,0.04
0.320524554363278,6.08224828530209,1,1,"Slc39a10","Siglech",0.2,0.04
0.320524554363278,6.08224828530209,1,1,"Mfsd6","Siglech",0.2,0.04
0.320524554363278,6.08224828530209,1,1,"Gtf3c3","Siglech",0.2,0.04
0.320524554363278,6.08224828530209,1,1,"Ikzf2","Siglech",0.2,0.04
0.320524554363278,6.08224828530209,1,1,"Cnppd1","Siglech",0.2,0.04
0.320524554363278,6.08224828530209,1,1,"Retreg2","Siglech",0.2,0.04
0.320524554363278,6.08224828530209,1,1,"Gmppa","Siglech",0.2,0.04
0.320524554363278,6.08224828530209,1,1,"A530032D15Rik","Siglech",0.2,0.04
0.320524554363278,6.08224828530209,1,1,"A630001G21Rik","Siglech",0.2,0.04
0.320524554363278,6.08224828530209,1,1,"Pask","Siglech",0.2,0.04
0.320524554363278,6.08224828530209,1,1,"Cyb5r1","Siglech",0.2,0.04
0.320524554363278,6.08224828530209,1,1,"Rabif","Siglech",0.2,0.04
0.320524554363278,6.08224828530209,1,1,"Kif14","Siglech",0.2,0.04
0.320524554363278,6.08224828530209,1,1,"Zbtb41","Siglech",0.2,0.04
0.320524554363278,6.08224828530209,1,1,"Cdc73","Siglech",0.2,0.04
0.320524554363278,6.08224828530209,1,1,"BC003331","Siglech",0.2,0.04
0.320524554363278,6.08224828530209,1,1,"Npl","Siglech",0.2,0.04
0.320524554363278,6.08224828530209,1,1,"Abl2","Siglech",0.2,0.04
0.320524554363278,6.08224828530209,1,1,"Tor3a","Siglech",0.2,0.04
0.320524554363278,6.08224828530209,1,1,"Dars2","Siglech",0.2,0.04
0.320524554363278,6.08224828530209,1,1,"Kifap3","Siglech",0.2,0.04
0.320524554363278,6.08224828530209,1,1,"Tada1","Siglech",0.2,0.04
0.320524554363278,6.08224828530209,1,1,"Hsd17b7","Siglech",0.2,0.04
0.320524554363278,6.08224828530209,1,1,"Gm7694","Siglech",0.2,0.04
0.320524554363278,6.08224828530209,1,1,"Dusp12","Siglech",0.2,0.04
0.320524554363278,6.08224828530209,1,1,"Cd84","Siglech",0.2,0.04
0.320524554363278,6.08224828530209,1,1,"Pea15a","Siglech",0.2,0.04
0.320524554363278,6.08224828530209,1,1,"Igsf8","Siglech",0.2,0.04
0.320524554363278,6.08224828530209,1,1,"Cnst","Siglech",0.2,0.04
0.320524554363278,6.08224828530209,1,1,"Sccpdh","Siglech",0.2,0.04
0.320524554363278,6.08224828530209,1,1,"Hlx","Siglech",0.2,0.04
0.320524554363278,6.08224828530209,1,1,"Gpatch2","Siglech",0.2,0.04
0.320524554363278,6.08224828530209,1,1,"Prkcq","Siglech",0.2,0.04
0.320524554363278,6.08224828530209,1,1,"Fbxo18","Siglech",0.2,0.04
0.320524554363278,6.08224828530209,1,1,"Bmi1","Siglech",0.2,0.04
0.320524554363278,6.08224828530209,1,1,"Msrb2","Siglech",0.2,0.04
0.320524554363278,6.08224828530209,1,1,"Tmem203","Siglech",0.2,0.04
0.320524554363278,6.08224828530209,1,1,"Phpt1","Siglech",0.2,0.04
0.320524554363278,6.08224828530209,1,1,"Rabl6","Siglech",0.2,0.04
0.320524554363278,6.08224828530209,1,1,"Fam69b","Siglech",0.2,0.04
0.320524554363278,6.08224828530209,1,1,"Surf6","Siglech",0.2,0.04
0.320524554363278,6.08224828530209,1,1,"Spaca9","Siglech",0.2,0.04
0.320524554363278,6.08224828530209,1,1,"Coq4","Siglech",0.2,0.04
0.320524554363278,6.08224828530209,1,1,"Wdr34","Siglech",0.2,0.04
0.320524554363278,6.08224828530209,1,1,"Usp20","Siglech",0.2,0.04
0.320524554363278,6.08224828530209,1,1,"Fam78a","Siglech",0.2,0.04
0.320524554363278,6.08224828530209,1,1,"Eng","Siglech",0.2,0.04
0.320524554363278,6.08224828530209,1,1,"Pbx3","Siglech",0.2,0.04
0.320524554363278,6.08224828530209,1,1,"Stom","Siglech",0.2,0.04
0.320524554363278,6.08224828530209,1,1,"Pdcl","Siglech",0.2,0.04
0.320524554363278,6.08224828530209,1,1,"Epc2","Siglech",0.2,0.04
0.320524554363278,6.08224828530209,1,1,"Ubr3","Siglech",0.2,0.04
0.320524554363278,6.08224828530209,1,1,"Sestd1","Siglech",0.2,0.04
0.320524554363278,6.08224828530209,1,1,"Qser1","Siglech",0.2,0.04
0.320524554363278,6.08224828530209,1,1,"Mettl15","Siglech",0.2,0.04
0.320524554363278,6.08224828530209,1,1,"Plcb2","Siglech",0.2,0.04
0.320524554363278,6.08224828530209,1,1,"Rmdn3","Siglech",0.2,0.04
0.320524554363278,6.08224828530209,1,1,"Chp1","Siglech",0.2,0.04
0.320524554363278,6.08224828530209,1,1,"Itpka","Siglech",0.2,0.04
0.320524554363278,6.08224828530209,1,1,"Trp53bp1","Siglech",0.2,0.04
0.320524554363278,6.08224828530209,1,1,"Ppip5k1","Siglech",0.2,0.04
0.320524554363278,6.08224828530209,1,1,"Slc30a4","Siglech",0.2,0.04
0.320524554363278,6.08224828530209,1,1,"Ckap2l","Siglech",0.2,0.04
0.320524554363278,6.08224828530209,1,1,"Crls1","Siglech",0.2,0.04
0.320524554363278,6.08224828530209,1,1,"Ndufaf5","Siglech",0.2,0.04
0.320524554363278,6.08224828530209,1,1,"Smim26","Siglech",0.2,0.04
0.320524554363278,6.08224828530209,1,1,"Bcl2l1","Siglech",0.2,0.04
0.320524554363278,6.08224828530209,1,1,"Cep250","Siglech",0.2,0.04
0.320524554363278,6.08224828530209,1,1,"Dlgap4","Siglech",0.2,0.04
0.320524554363278,6.08224828530209,1,1,"Soga1","Siglech",0.2,0.04
0.320524554363278,6.08224828530209,1,1,"Rprd1b","Siglech",0.2,0.04
0.320524554363278,6.08224828530209,1,1,"Actr5","Siglech",0.2,0.04
0.320524554363278,6.08224828530209,1,1,"Ppp1r16b","Siglech",0.2,0.04
0.320524554363278,6.08224828530209,1,1,"Ttpal","Siglech",0.2,0.04
0.320524554363278,6.08224828530209,1,1,"Zswim1","Siglech",0.2,0.04
0.320524554363278,6.08224828530209,1,1,"Zfp335","Siglech",0.2,0.04
0.320524554363278,6.08224828530209,1,1,"Ncoa5","Siglech",0.2,0.04
0.320524554363278,6.08224828530209,1,1,"Trp53rka","Siglech",0.2,0.04
0.320524554363278,6.08224828530209,1,1,"Ncoa3","Siglech",0.2,0.04
0.320524554363278,6.08224828530209,1,1,"Vapb","Siglech",0.2,0.04
0.320524554363278,6.08224828530209,1,1,"Gm14305","Siglech",0.2,0.04
0.320524554363278,6.08224828530209,1,1,"Taf4","Siglech",0.2,0.04
0.320524554363278,6.08224828530209,1,1,"Osbpl2","Siglech",0.2,0.04
0.320524554363278,6.08224828530209,1,1,"Arfrp1","Siglech",0.2,0.04
0.320524554363278,6.08224828530209,1,1,"Zgpat","Siglech",0.2,0.04
0.320524554363278,6.08224828530209,1,1,"Slc35a2","Siglech",0.2,0.04
0.320524554363278,6.08224828530209,1,1,"Ftsj1","Siglech",0.2,0.04
0.320524554363278,6.08224828530209,1,1,"Zfp280c","Siglech",0.2,0.04
0.320524554363278,6.08224828530209,1,1,"Slc25a14","Siglech",0.2,0.04
0.320524554363278,6.08224828530209,1,1,"Ints6l","Siglech",0.2,0.04
0.320524554363278,6.08224828530209,1,1,"Xlr4a","Siglech",0.2,0.04
0.320524554363278,6.08224828530209,1,1,"Igbp1","Siglech",0.2,0.04
0.320524554363278,6.08224828530209,1,1,"Zmym3","Siglech",0.2,0.04
0.320524554363278,6.08224828530209,1,1,"Abcb7","Siglech",0.2,0.04
0.320524554363278,6.08224828530209,1,1,"Brwd3","Siglech",0.2,0.04
0.320524554363278,6.08224828530209,1,1,"Trmt2b","Siglech",0.2,0.04
0.320524554363278,6.08224828530209,1,1,"Nxt2","Siglech",0.2,0.04
0.320524554363278,6.08224828530209,1,1,"Tsr2","Siglech",0.2,0.04
0.320524554363278,6.08224828530209,1,1,"Nbdy","Siglech",0.2,0.04
0.320524554363278,6.08224828530209,1,1,"Snx16","Siglech",0.2,0.04
0.320524554363278,6.08224828530209,1,1,"Car2","Siglech",0.2,0.04
0.320524554363278,6.08224828530209,1,1,"Hps3","Siglech",0.2,0.04
0.320524554363278,6.08224828530209,1,1,"Mfn1","Siglech",0.2,0.04
0.320524554363278,6.08224828530209,1,1,"Acad9","Siglech",0.2,0.04
0.320524554363278,6.08224828530209,1,1,"Il2","Siglech",0.2,0.04
0.320524554363278,6.08224828530209,1,1,"Spata5","Siglech",0.2,0.04
0.320524554363278,6.08224828530209,1,1,"Foxo1","Siglech",0.2,0.04
0.320524554363278,6.08224828530209,1,1,"Proser1","Siglech",0.2,0.04
0.320524554363278,6.08224828530209,1,1,"Rfxap","Siglech",0.2,0.04
0.320524554363278,6.08224828530209,1,1,"Rap2b","Siglech",0.2,0.04
0.320524554363278,6.08224828530209,1,1,"Rapgef2","Siglech",0.2,0.04
0.320524554363278,6.08224828530209,1,1,"Ctso","Siglech",0.2,0.04
0.320524554363278,6.08224828530209,1,1,"Mnd1","Siglech",0.2,0.04
0.320524554363278,6.08224828530209,1,1,"Rusc1","Siglech",0.2,0.04
0.320524554363278,6.08224828530209,1,1,"Hax1","Siglech",0.2,0.04
0.320524554363278,6.08224828530209,1,1,"Pip5k1a","Siglech",0.2,0.04
0.320524554363278,6.08224828530209,1,1,"Golph3l","Siglech",0.2,0.04
0.320524554363278,6.08224828530209,1,1,"Vps45","Siglech",0.2,0.04
0.320524554363278,6.08224828530209,1,1,"Gdap2","Siglech",0.2,0.04
0.320524554363278,6.08224828530209,1,1,"Phtf1","Siglech",0.2,0.04
0.320524554363278,6.08224828530209,1,1,"Slc16a1","Siglech",0.2,0.04
0.320524554363278,6.08224828530209,1,1,"Cept1","Siglech",0.2,0.04
0.320524554363278,6.08224828530209,1,1,"Gstm1","Siglech",0.2,0.04
0.320524554363278,6.08224828530209,1,1,"Fam102b","Siglech",0.2,0.04
0.320524554363278,6.08224828530209,1,1,"Rnpc3","Siglech",0.2,0.04
0.320524554363278,6.08224828530209,1,1,"Fnbp1l","Siglech",0.2,0.04
0.320524554363278,6.08224828530209,1,1,"Synpo2","Siglech",0.2,0.04
0.320524554363278,6.08224828530209,1,1,"Ifi44","Siglech",0.2,0.04
0.320524554363278,6.08224828530209,1,1,"Miga1","Siglech",0.2,0.04
0.320524554363278,6.08224828530209,1,1,"Fam110b","Siglech",0.2,0.04
0.320524554363278,6.08224828530209,1,1,"Ndufaf6","Siglech",0.2,0.04
0.320524554363278,6.08224828530209,1,1,"Virma","Siglech",0.2,0.04
0.320524554363278,6.08224828530209,1,1,"Tmem55a","Siglech",0.2,0.04
0.320524554363278,6.08224828530209,1,1,"Coq3","Siglech",0.2,0.04
0.320524554363278,6.08224828530209,1,1,"Bach2","Siglech",0.2,0.04
0.320524554363278,6.08224828530209,1,1,"Lyrm2","Siglech",0.2,0.04
0.320524554363278,6.08224828530209,1,1,"Nol6","Siglech",0.2,0.04
0.320524554363278,6.08224828530209,1,1,"Kif24","Siglech",0.2,0.04
0.320524554363278,6.08224828530209,1,1,"Il11ra1","Siglech",0.2,0.04
0.320524554363278,6.08224828530209,1,1,"Melk","Siglech",0.2,0.04
0.320524554363278,6.08224828530209,1,1,"Ncbp1","Siglech",0.2,0.04
0.320524554363278,6.08224828530209,1,1,"Slc44a1","Siglech",0.2,0.04
0.320524554363278,6.08224828530209,1,1,"Rad23b","Siglech",0.2,0.04
0.320524554363278,6.08224828530209,1,1,"Ikbkap","Siglech",0.2,0.04
0.320524554363278,6.08224828530209,1,1,"Snapc3","Siglech",0.2,0.04
0.320524554363278,6.08224828530209,1,1,"Tm2d1","Siglech",0.2,0.04
0.320524554363278,6.08224828530209,1,1,"Itgb3bp","Siglech",0.2,0.04
0.320524554363278,6.08224828530209,1,1,"Ttc4","Siglech",0.2,0.04
0.320524554363278,6.08224828530209,1,1,"Pomgnt1","Siglech",0.2,0.04
0.320524554363278,6.08224828530209,1,1,"Eif2b3","Siglech",0.2,0.04
0.320524554363278,6.08224828530209,1,1,"Kdm4a","Siglech",0.2,0.04
0.320524554363278,6.08224828530209,1,1,"Rnf19b","Siglech",0.2,0.04
0.320524554363278,6.08224828530209,1,1,"Aunip","Siglech",0.2,0.04
0.320524554363278,6.08224828530209,1,1,"Man1c1","Siglech",0.2,0.04
0.320524554363278,6.08224828530209,1,1,"Lypla2","Siglech",0.2,0.04
0.320524554363278,6.08224828530209,1,1,"Luzp1","Siglech",0.2,0.04
0.320524554363278,6.08224828530209,1,1,"Gm13012","Siglech",0.2,0.04
0.320524554363278,6.08224828530209,1,1,"Spen","Siglech",0.2,0.04
0.320524554363278,6.08224828530209,1,1,"Agtrap","Siglech",0.2,0.04
0.320524554363278,6.08224828530209,1,1,"Mtor","Siglech",0.2,0.04
0.320524554363278,6.08224828530209,1,1,"Dffa","Siglech",0.2,0.04
0.320524554363278,6.08224828530209,1,1,"A430005L14Rik","Siglech",0.2,0.04
0.320524554363278,6.08224828530209,1,1,"Tnfrsf18","Siglech",0.2,0.04
0.320524554363278,6.08224828530209,1,1,"Ankib1","Siglech",0.2,0.04
0.320524554363278,6.08224828530209,1,1,"Mterf1a","Siglech",0.2,0.04
0.320524554363278,6.08224828530209,1,1,"Gtpbp10","Siglech",0.2,0.04
0.320524554363278,6.08224828530209,1,1,"Rint1","Siglech",0.2,0.04
0.320524554363278,6.08224828530209,1,1,"Galnt11","Siglech",0.2,0.04
0.320524554363278,6.08224828530209,1,1,"Xrcc2","Siglech",0.2,0.04
0.320524554363278,6.08224828530209,1,1,"Rbm33","Siglech",0.2,0.04
0.320524554363278,6.08224828530209,1,1,"Agbl5","Siglech",0.2,0.04
0.320524554363278,6.08224828530209,1,1,"Supt7l","Siglech",0.2,0.04
0.320524554363278,6.08224828530209,1,1,"Depdc5","Siglech",0.2,0.04
0.320524554363278,6.08224828530209,1,1,"Uvssa","Siglech",0.2,0.04
0.320524554363278,6.08224828530209,1,1,"5830416I19Rik","Siglech",0.2,0.04
0.320524554363278,6.08224828530209,1,1,"Slc30a9","Siglech",0.2,0.04
0.320524554363278,6.08224828530209,1,1,"Enoph1","Siglech",0.2,0.04
0.320524554363278,6.08224828530209,1,1,"Wdfy3","Siglech",0.2,0.04
0.320524554363278,6.08224828530209,1,1,"Aff1","Siglech",0.2,0.04
0.320524554363278,6.08224828530209,1,1,"Glmn","Siglech",0.2,0.04
0.320524554363278,6.08224828530209,1,1,"Zfp932","Siglech",0.2,0.04
0.320524554363278,6.08224828530209,1,1,"Pgam5","Siglech",0.2,0.04
0.320524554363278,6.08224828530209,1,1,"Pus1","Siglech",0.2,0.04
0.320524554363278,6.08224828530209,1,1,"Mn1","Siglech",0.2,0.04
0.320524554363278,6.08224828530209,1,1,"Tfip11","Siglech",0.2,0.04
0.320524554363278,6.08224828530209,1,1,"Srrd","Siglech",0.2,0.04
0.320524554363278,6.08224828530209,1,1,"Gatc","Siglech",0.2,0.04
0.320524554363278,6.08224828530209,1,1,"Tpcn1","Siglech",0.2,0.04
0.320524554363278,6.08224828530209,1,1,"Rhof","Siglech",0.2,0.04
0.320524554363278,6.08224828530209,1,1,"Kntc1","Siglech",0.2,0.04
0.320524554363278,6.08224828530209,1,1,"Ccdc62","Siglech",0.2,0.04
0.320524554363278,6.08224828530209,1,1,"Slc15a4","Siglech",0.2,0.04
0.320524554363278,6.08224828530209,1,1,"Rcc1l","Siglech",0.2,0.04
0.320524554363278,6.08224828530209,1,1,"Dtx2","Siglech",0.2,0.04
0.320524554363278,6.08224828530209,1,1,"Plod3","Siglech",0.2,0.04
0.320524554363278,6.08224828530209,1,1,"Cnpy4","Siglech",0.2,0.04
0.320524554363278,6.08224828530209,1,1,"Pms2","Siglech",0.2,0.04
0.320524554363278,6.08224828530209,1,1,"Zkscan14","Siglech",0.2,0.04
0.320524554363278,6.08224828530209,1,1,"Zfp655","Siglech",0.2,0.04
0.320524554363278,6.08224828530209,1,1,"Usp12","Siglech",0.2,0.04
0.320524554363278,6.08224828530209,1,1,"Mtif3","Siglech",0.2,0.04
0.320524554363278,6.08224828530209,1,1,"Katnal1","Siglech",0.2,0.04
0.320524554363278,6.08224828530209,1,1,"Samd9l","Siglech",0.2,0.04
0.320524554363278,6.08224828530209,1,1,"Mdfic","Siglech",0.2,0.04
0.320524554363278,6.08224828530209,1,1,"Ing3","Siglech",0.2,0.04
0.320524554363278,6.08224828530209,1,1,"Zc3hc1","Siglech",0.2,0.04
0.320524554363278,6.08224828530209,1,1,"Lncpint","Siglech",0.2,0.04
0.320524554363278,6.08224828530209,1,1,"Agk","Siglech",0.2,0.04
0.320524554363278,6.08224828530209,1,1,"Snx10","Siglech",0.2,0.04
0.320524554363278,6.08224828530209,1,1,"Kbtbd2","Siglech",0.2,0.04
0.320524554363278,6.08224828530209,1,1,"Pyurf","Siglech",0.2,0.04
0.320524554363278,6.08224828530209,1,1,"Lancl2","Siglech",0.2,0.04
0.320524554363278,6.08224828530209,1,1,"Herc3","Siglech",0.2,0.04
0.320524554363278,6.08224828530209,1,1,"Eif2ak3","Siglech",0.2,0.04
0.320524554363278,6.08224828530209,1,1,"Kdm3a","Siglech",0.2,0.04
0.320524554363278,6.08224828530209,1,1,"Spr","Siglech",0.2,0.04
0.320524554363278,6.08224828530209,1,1,"Rbsn","Siglech",0.2,0.04
0.320524554363278,6.08224828530209,1,1,"Rybp","Siglech",0.2,0.04
0.320524554363278,6.08224828530209,1,1,"Vhl","Siglech",0.2,0.04
0.320524554363278,6.08224828530209,1,1,"Grcc10","Siglech",0.2,0.04
0.320524554363278,6.08224828530209,1,1,"Cops7a","Siglech",0.2,0.04
0.320524554363278,6.08224828530209,1,1,"Ltbr","Siglech",0.2,0.04
0.320524554363278,6.08224828530209,1,1,"Cd9","Siglech",0.2,0.04
0.320524554363278,6.08224828530209,1,1,"Gm44067","Siglech",0.2,0.04
0.320524554363278,6.08224828530209,1,1,"Golt1b","Siglech",0.2,0.04
0.320524554363278,6.08224828530209,1,1,"Itpr2","Siglech",0.2,0.04
0.320524554363278,6.08224828530209,1,1,"Ppfibp1","Siglech",0.2,0.04
0.320524554363278,6.08224828530209,1,1,"Ipo8","Siglech",0.2,0.04
0.320524554363278,6.08224828530209,1,1,"Amn1","Siglech",0.2,0.04
0.320524554363278,6.08224828530209,1,1,"Myadm","Siglech",0.2,0.04
0.320524554363278,6.08224828530209,1,1,"Leng1","Siglech",0.2,0.04
0.320524554363278,6.08224828530209,1,1,"Tmem238","Siglech",0.2,0.04
0.320524554363278,6.08224828530209,1,1,"Fiz1","Siglech",0.2,0.04
0.320524554363278,6.08224828530209,1,1,"Zfp524","Siglech",0.2,0.04
0.320524554363278,6.08224828530209,1,1,"Zfp787","Siglech",0.2,0.04
0.320524554363278,6.08224828530209,1,1,"Zfp110","Siglech",0.2,0.04
0.320524554363278,6.08224828530209,1,1,"Zfp324","Siglech",0.2,0.04
0.320524554363278,6.08224828530209,1,1,"Strn4","Siglech",0.2,0.04
0.320524554363278,6.08224828530209,1,1,"Eml2","Siglech",0.2,0.04
0.320524554363278,6.08224828530209,1,1,"Ercc1","Siglech",0.2,0.04
0.320524554363278,6.08224828530209,1,1,"Gm26890","Siglech",0.2,0.04
0.320524554363278,6.08224828530209,1,1,"Clptm1","Siglech",0.2,0.04
0.320524554363278,6.08224828530209,1,1,"Bcl3","Siglech",0.2,0.04
0.320524554363278,6.08224828530209,1,1,"Cic","Siglech",0.2,0.04
0.320524554363278,6.08224828530209,1,1,"Nfkbib","Siglech",0.2,0.04
0.320524554363278,6.08224828530209,1,1,"Zfp27","Siglech",0.2,0.04
0.320524554363278,6.08224828530209,1,1,"1600014C10Rik","Siglech",0.2,0.04
0.320524554363278,6.08224828530209,1,1,"Vrk3","Siglech",0.2,0.04
0.320524554363278,6.08224828530209,1,1,"Akt1s1","Siglech",0.2,0.04
0.320524554363278,6.08224828530209,1,1,"Cyth2","Siglech",0.2,0.04
0.320524554363278,6.08224828530209,1,1,"Prmt3","Siglech",0.2,0.04
0.320524554363278,6.08224828530209,1,1,"Mfge8","Siglech",0.2,0.04
0.320524554363278,6.08224828530209,1,1,"Ticrr","Siglech",0.2,0.04
0.320524554363278,6.08224828530209,1,1,"Gdpgp1","Siglech",0.2,0.04
0.320524554363278,6.08224828530209,1,1,"Wdr73","Siglech",0.2,0.04
0.320524554363278,6.08224828530209,1,1,"Btbd1","Siglech",0.2,0.04
0.320524554363278,6.08224828530209,1,1,"Mex3b","Siglech",0.2,0.04
0.320524554363278,6.08224828530209,1,1,"Aamdc","Siglech",0.2,0.04
0.320524554363278,6.08224828530209,1,1,"Myo7a","Siglech",0.2,0.04
0.320524554363278,6.08224828530209,1,1,"Coa4","Siglech",0.2,0.04
0.320524554363278,6.08224828530209,1,1,"Trim34a","Siglech",0.2,0.04
0.320524554363278,6.08224828530209,1,1,"Arfip2","Siglech",0.2,0.04
0.320524554363278,6.08224828530209,1,1,"Rnf141","Siglech",0.2,0.04
0.320524554363278,6.08224828530209,1,1,"Btbd10","Siglech",0.2,0.04
0.320524554363278,6.08224828530209,1,1,"Dctn5","Siglech",0.2,0.04
0.320524554363278,6.08224828530209,1,1,"Nfatc2ip","Siglech",0.2,0.04
0.320524554363278,6.08224828530209,1,1,"Cd2bp2","Siglech",0.2,0.04
0.320524554363278,6.08224828530209,1,1,"Sephs2","Siglech",0.2,0.04
0.320524554363278,6.08224828530209,1,1,"Rnf40","Siglech",0.2,0.04
0.320524554363278,6.08224828530209,1,1,"Setd1a","Siglech",0.2,0.04
0.320524554363278,6.08224828530209,1,1,"Zfp646","Siglech",0.2,0.04
0.320524554363278,6.08224828530209,1,1,"Vkorc1","Siglech",0.2,0.04
0.320524554363278,6.08224828530209,1,1,"2310057M21Rik","Siglech",0.2,0.04
0.320524554363278,6.08224828530209,1,1,"Eef1akmt2","Siglech",0.2,0.04
0.320524554363278,6.08224828530209,1,1,"Bet1l","Siglech",0.2,0.04
0.320524554363278,6.08224828530209,1,1,"Katna1","Siglech",0.2,0.04
0.320524554363278,6.08224828530209,1,1,"Adat2","Siglech",0.2,0.04
0.320524554363278,6.08224828530209,1,1,"Nt5dc1","Siglech",0.2,0.04
0.320524554363278,6.08224828530209,1,1,"Nus1","Siglech",0.2,0.04
0.320524554363278,6.08224828530209,1,1,"Herc4","Siglech",0.2,0.04
0.320524554363278,6.08224828530209,1,1,"Gucd1","Siglech",0.2,0.04
0.320524554363278,6.08224828530209,1,1,"Pcbp3","Siglech",0.2,0.04
0.320524554363278,6.08224828530209,1,1,"Mob3a","Siglech",0.2,0.04
0.320524554363278,6.08224828530209,1,1,"Ap3d1","Siglech",0.2,0.04
0.320524554363278,6.08224828530209,1,1,"Slc39a3","Siglech",0.2,0.04
0.320524554363278,6.08224828530209,1,1,"Sirt6","Siglech",0.2,0.04
0.320524554363278,6.08224828530209,1,1,"Slc41a2","Siglech",0.2,0.04
0.320524554363278,6.08224828530209,1,1,"Prdm4","Siglech",0.2,0.04
0.320524554363278,6.08224828530209,1,1,"Utp20","Siglech",0.2,0.04
0.320524554363278,6.08224828530209,1,1,"Actr6","Siglech",0.2,0.04
0.320524554363278,6.08224828530209,1,1,"Apaf1","Siglech",0.2,0.04
0.320524554363278,6.08224828530209,1,1,"Poc1b","Siglech",0.2,0.04
0.320524554363278,6.08224828530209,1,1,"Slc35e3","Siglech",0.2,0.04
0.320524554363278,6.08224828530209,1,1,"Rassf3","Siglech",0.2,0.04
0.320524554363278,6.08224828530209,1,1,"Ctdsp2","Siglech",0.2,0.04
0.320524554363278,6.08224828530209,1,1,"Zc3h10","Siglech",0.2,0.04
0.320524554363278,6.08224828530209,1,1,"Cers4","Siglech",0.2,0.04
0.320524554363278,6.08224828530209,1,1,"Plpbp","Siglech",0.2,0.04
0.320524554363278,6.08224828530209,1,1,"Snx25","Siglech",0.2,0.04
0.320524554363278,6.08224828530209,1,1,"Primpol","Siglech",0.2,0.04
0.320524554363278,6.08224828530209,1,1,"Aga","Siglech",0.2,0.04
0.320524554363278,6.08224828530209,1,1,"Neil3","Siglech",0.2,0.04
0.320524554363278,6.08224828530209,1,1,"Zfp930","Siglech",0.2,0.04
0.320524554363278,6.08224828530209,1,1,"Rfxank","Siglech",0.2,0.04
0.320524554363278,6.08224828530209,1,1,"Borcs8","Siglech",0.2,0.04
0.320524554363278,6.08224828530209,1,1,"Med26","Siglech",0.2,0.04
0.320524554363278,6.08224828530209,1,1,"Tmem184c","Siglech",0.2,0.04
0.320524554363278,6.08224828530209,1,1,"Otud4","Siglech",0.2,0.04
0.320524554363278,6.08224828530209,1,1,"Rnaseh2a","Siglech",0.2,0.04
0.320524554363278,6.08224828530209,1,1,"Fbxw9","Siglech",0.2,0.04
0.320524554363278,6.08224828530209,1,1,"Dhps","Siglech",0.2,0.04
0.320524554363278,6.08224828530209,1,1,"Cpne2","Siglech",0.2,0.04
0.320524554363278,6.08224828530209,1,1,"Fam96b","Siglech",0.2,0.04
0.320524554363278,6.08224828530209,1,1,"D230025D16Rik","Siglech",0.2,0.04
0.320524554363278,6.08224828530209,1,1,"Ranbp10","Siglech",0.2,0.04
0.320524554363278,6.08224828530209,1,1,"Thap11","Siglech",0.2,0.04
0.320524554363278,6.08224828530209,1,1,"Slc7a6os","Siglech",0.2,0.04
0.320524554363278,6.08224828530209,1,1,"Cog4","Siglech",0.2,0.04
0.320524554363278,6.08224828530209,1,1,"Fuk","Siglech",0.2,0.04
0.320524554363278,6.08224828530209,1,1,"St3gal2","Siglech",0.2,0.04
0.320524554363278,6.08224828530209,1,1,"Zfp1","Siglech",0.2,0.04
0.320524554363278,6.08224828530209,1,1,"Cdyl2","Siglech",0.2,0.04
0.320524554363278,6.08224828530209,1,1,"Cmip","Siglech",0.2,0.04
0.320524554363278,6.08224828530209,1,1,"Hsdl1","Siglech",0.2,0.04
0.320524554363278,6.08224828530209,1,1,"Zdhhc7","Siglech",0.2,0.04
0.320524554363278,6.08224828530209,1,1,"Fanca","Siglech",0.2,0.04
0.320524554363278,6.08224828530209,1,1,"Zswim8","Siglech",0.2,0.04
0.320524554363278,6.08224828530209,1,1,"Camk2g","Siglech",0.2,0.04
0.320524554363278,6.08224828530209,1,1,"Comtd1","Siglech",0.2,0.04
0.320524554363278,6.08224828530209,1,1,"Dcp1a","Siglech",0.2,0.04
0.320524554363278,6.08224828530209,1,1,"Ccser2","Siglech",0.2,0.04
0.320524554363278,6.08224828530209,1,1,"Ap5m1","Siglech",0.2,0.04
0.320524554363278,6.08224828530209,1,1,"Ppp1r3e","Siglech",0.2,0.04
0.320524554363278,6.08224828530209,1,1,"Sdr39u1","Siglech",0.2,0.04
0.320524554363278,6.08224828530209,1,1,"Mphosph8","Siglech",0.2,0.04
0.320524554363278,6.08224828530209,1,1,"Kpna3","Siglech",0.2,0.04
0.320524554363278,6.08224828530209,1,1,"Pinx1","Siglech",0.2,0.04
0.320524554363278,6.08224828530209,1,1,"Ccdc25","Siglech",0.2,0.04
0.320524554363278,6.08224828530209,1,1,"Ptk2b","Siglech",0.2,0.04
0.320524554363278,6.08224828530209,1,1,"Kctd9","Siglech",0.2,0.04
0.320524554363278,6.08224828530209,1,1,"Rcbtb2","Siglech",0.2,0.04
0.320524554363278,6.08224828530209,1,1,"Nufip1","Siglech",0.2,0.04
0.320524554363278,6.08224828530209,1,1,"Cln5","Siglech",0.2,0.04
0.320524554363278,6.08224828530209,1,1,"Mir17hg","Siglech",0.2,0.04
0.320524554363278,6.08224828530209,1,1,"Gpr180","Siglech",0.2,0.04
0.320524554363278,6.08224828530209,1,1,"Birc2","Siglech",0.2,0.04
0.320524554363278,6.08224828530209,1,1,"Mtmr2","Siglech",0.2,0.04
0.320524554363278,6.08224828530209,1,1,"Slc36a4","Siglech",0.2,0.04
0.320524554363278,6.08224828530209,1,1,"Fbxl12","Siglech",0.2,0.04
0.320524554363278,6.08224828530209,1,1,"A230050P20Rik","Siglech",0.2,0.04
0.320524554363278,6.08224828530209,1,1,"Ecsit","Siglech",0.2,0.04
0.320524554363278,6.08224828530209,1,1,"Eepd1","Siglech",0.2,0.04
0.320524554363278,6.08224828530209,1,1,"Rpusd4","Siglech",0.2,0.04
0.320524554363278,6.08224828530209,1,1,"Pus3","Siglech",0.2,0.04
0.320524554363278,6.08224828530209,1,1,"Tmem218","Siglech",0.2,0.04
0.320524554363278,6.08224828530209,1,1,"Sc5d","Siglech",0.2,0.04
0.320524554363278,6.08224828530209,1,1,"Slc37a4","Siglech",0.2,0.04
0.320524554363278,6.08224828530209,1,1,"Foxr1","Siglech",0.2,0.04
0.320524554363278,6.08224828530209,1,1,"Sidt2","Siglech",0.2,0.04
0.320524554363278,6.08224828530209,1,1,"Cln6","Siglech",0.2,0.04
0.320524554363278,6.08224828530209,1,1,"2300009A05Rik","Siglech",0.2,0.04
0.320524554363278,6.08224828530209,1,1,"Rab11a","Siglech",0.2,0.04
0.320524554363278,6.08224828530209,1,1,"Aph1c","Siglech",0.2,0.04
0.320524554363278,6.08224828530209,1,1,"Rab8b","Siglech",0.2,0.04
0.320524554363278,6.08224828530209,1,1,"Mapk6","Siglech",0.2,0.04
0.320524554363278,6.08224828530209,1,1,"Gclc","Siglech",0.2,0.04
0.320524554363278,6.08224828530209,1,1,"Snx14","Siglech",0.2,0.04
0.320524554363278,6.08224828530209,1,1,"Rab6b","Siglech",0.2,0.04
0.320524554363278,6.08224828530209,1,1,"Nprl2","Siglech",0.2,0.04
0.320524554363278,6.08224828530209,1,1,"Ip6k1","Siglech",0.2,0.04
0.320524554363278,6.08224828530209,1,1,"Usp4","Siglech",0.2,0.04
0.320524554363278,6.08224828530209,1,1,"Nme6","Siglech",0.2,0.04
0.320524554363278,6.08224828530209,1,1,"Ctdspl","Siglech",0.2,0.04
0.320524554363278,6.08224828530209,1,1,"Mtmr3","Siglech",0.2,0.04
0.320524554363278,6.08224828530209,1,1,"Ascc2","Siglech",0.2,0.04
0.320524554363278,6.08224828530209,1,1,"Nf2","Siglech",0.2,0.04
0.320524554363278,6.08224828530209,1,1,"Urgcp","Siglech",0.2,0.04
0.320524554363278,6.08224828530209,1,1,"Ddx56","Siglech",0.2,0.04
0.320524554363278,6.08224828530209,1,1,"Tmed4","Siglech",0.2,0.04
0.320524554363278,6.08224828530209,1,1,"Tbrg4","Siglech",0.2,0.04
0.320524554363278,6.08224828530209,1,1,"Rel","Siglech",0.2,0.04
0.320524554363278,6.08224828530209,1,1,"Rars","Siglech",0.2,0.04
0.320524554363278,6.08224828530209,1,1,"Pwwp2a","Siglech",0.2,0.04
0.320524554363278,6.08224828530209,1,1,"Lsm11","Siglech",0.2,0.04
0.320524554363278,6.08224828530209,1,1,"Irf1","Siglech",0.2,0.04
0.320524554363278,6.08224828530209,1,1,"Ccdc69","Siglech",0.2,0.04
0.320524554363278,6.08224828530209,1,1,"Gm12253","Siglech",0.2,0.04
0.320524554363278,6.08224828530209,1,1,"2310033P09Rik","Siglech",0.2,0.04
0.320524554363278,6.08224828530209,1,1,"Llgl1","Siglech",0.2,0.04
0.320524554363278,6.08224828530209,1,1,"Top3a","Siglech",0.2,0.04
0.320524554363278,6.08224828530209,1,1,"Map2k4","Siglech",0.2,0.04
0.320524554363278,6.08224828530209,1,1,"Senp3","Siglech",0.2,0.04
0.320524554363278,6.08224828530209,1,1,"Acadvl","Siglech",0.2,0.04
0.320524554363278,6.08224828530209,1,1,"Dlg4","Siglech",0.2,0.04
0.320524554363278,6.08224828530209,1,1,"Mgl2","Siglech",0.2,0.04
0.320524554363278,6.08224828530209,1,1,"Mybbp1a","Siglech",0.2,0.04
0.320524554363278,6.08224828530209,1,1,"Rtn4rl1","Siglech",0.2,0.04
0.320524554363278,6.08224828530209,1,1,"Myo1c","Siglech",0.2,0.04
0.320524554363278,6.08224828530209,1,1,"Nsrp1","Siglech",0.2,0.04
0.320524554363278,6.08224828530209,1,1,"Taok1","Siglech",0.2,0.04
0.320524554363278,6.08224828530209,1,1,"Tmem199","Siglech",0.2,0.04
0.320524554363278,6.08224828530209,1,1,"Zfp830","Siglech",0.2,0.04
0.320524554363278,6.08224828530209,1,1,"Dhx40","Siglech",0.2,0.04
0.320524554363278,6.08224828530209,1,1,"Ppm1e","Siglech",0.2,0.04
0.320524554363278,6.08224828530209,1,1,"Gm45716","Siglech",0.2,0.04
0.320524554363278,6.08224828530209,1,1,"Gngt2","Siglech",0.2,0.04
0.320524554363278,6.08224828530209,1,1,"Nfe2l1","Siglech",0.2,0.04
0.320524554363278,6.08224828530209,1,1,"Epop","Siglech",0.2,0.04
0.320524554363278,6.08224828530209,1,1,"Fbxl20","Siglech",0.2,0.04
0.320524554363278,6.08224828530209,1,1,"Med24","Siglech",0.2,0.04
0.320524554363278,6.08224828530209,1,1,"Rara","Siglech",0.2,0.04
0.320524554363278,6.08224828530209,1,1,"Acly","Siglech",0.2,0.04
0.320524554363278,6.08224828530209,1,1,"Kat2a","Siglech",0.2,0.04
0.320524554363278,6.08224828530209,1,1,"Coasy","Siglech",0.2,0.04
0.320524554363278,6.08224828530209,1,1,"Rundc1","Siglech",0.2,0.04
0.320524554363278,6.08224828530209,1,1,"Nbr1","Siglech",0.2,0.04
0.320524554363278,6.08224828530209,1,1,"Hdac5","Siglech",0.2,0.04
0.320524554363278,6.08224828530209,1,1,"Ccdc43","Siglech",0.2,0.04
0.320524554363278,6.08224828530209,1,1,"Gga3","Siglech",0.2,0.04
0.320524554363278,6.08224828530209,1,1,"Slc25a19","Siglech",0.2,0.04
0.320524554363278,6.08224828530209,1,1,"Tsen54","Siglech",0.2,0.04
0.320524554363278,6.08224828530209,1,1,"Wbp2","Siglech",0.2,0.04
0.320524554363278,6.08224828530209,1,1,"Evpl","Siglech",0.2,0.04
0.320524554363278,6.08224828530209,1,1,"Tmc8","Siglech",0.2,0.04
0.320524554363278,6.08224828530209,1,1,"Slc38a10","Siglech",0.2,0.04
0.320524554363278,6.08224828530209,1,1,"Dcxr","Siglech",0.2,0.04
0.320524554363278,6.08224828530209,1,1,"Dus1l","Siglech",0.2,0.04
0.320524554363278,6.08224828530209,1,1,"Zkscan8","Siglech",0.2,0.04
0.320524554363278,6.08224828530209,1,1,"Bphl","Siglech",0.2,0.04
0.320524554363278,6.08224828530209,1,1,"Cdyl","Siglech",0.2,0.04
0.320524554363278,6.08224828530209,1,1,"Tmem170b","Siglech",0.2,0.04
0.320524554363278,6.08224828530209,1,1,"Arl10","Siglech",0.2,0.04
0.320524554363278,6.08224828530209,1,1,"Zfp367","Siglech",0.2,0.04
0.320524554363278,6.08224828530209,1,1,"Zfp87","Siglech",0.2,0.04
0.320524554363278,6.08224828530209,1,1,"Polk","Siglech",0.2,0.04
0.320524554363278,6.08224828530209,1,1,"Mrps36","Siglech",0.2,0.04
0.320524554363278,6.08224828530209,1,1,"Trappc13","Siglech",0.2,0.04
0.320524554363278,6.08224828530209,1,1,"Ercc8","Siglech",0.2,0.04
0.320524554363278,6.08224828530209,1,1,"Mocs2","Siglech",0.2,0.04
0.320524554363278,6.08224828530209,1,1,"Zfp131","Siglech",0.2,0.04
0.320524554363278,6.08224828530209,1,1,"Adcy3","Siglech",0.2,0.04
0.320524554363278,6.08224828530209,1,1,"Cenpo","Siglech",0.2,0.04
0.320524554363278,6.08224828530209,1,1,"Cpsf3","Siglech",0.2,0.04
0.320524554363278,6.08224828530209,1,1,"Cbll1","Siglech",0.2,0.04
0.320524554363278,6.08224828530209,1,1,"Immp2l","Siglech",0.2,0.04
0.320524554363278,6.08224828530209,1,1,"Eapp","Siglech",0.2,0.04
0.320524554363278,6.08224828530209,1,1,"Brms1l","Siglech",0.2,0.04
0.320524554363278,6.08224828530209,1,1,"Mbip","Siglech",0.2,0.04
0.320524554363278,6.08224828530209,1,1,"Mipol1","Siglech",0.2,0.04
0.320524554363278,6.08224828530209,1,1,"L2hgdh","Siglech",0.2,0.04
0.320524554363278,6.08224828530209,1,1,"Pygl","Siglech",0.2,0.04
0.320524554363278,6.08224828530209,1,1,"2700049A03Rik","Siglech",0.2,0.04
0.320524554363278,6.08224828530209,1,1,"Sgpp1","Siglech",0.2,0.04
0.320524554363278,6.08224828530209,1,1,"Rdh12","Siglech",0.2,0.04
0.320524554363278,6.08224828530209,1,1,"Rad51b","Siglech",0.2,0.04
0.320524554363278,6.08224828530209,1,1,"Slc39a9","Siglech",0.2,0.04
0.320524554363278,6.08224828530209,1,1,"Pcnx","Siglech",0.2,0.04
0.320524554363278,6.08224828530209,1,1,"Dcaf4","Siglech",0.2,0.04
0.320524554363278,6.08224828530209,1,1,"Riox1","Siglech",0.2,0.04
0.320524554363278,6.08224828530209,1,1,"Nek9","Siglech",0.2,0.04
0.320524554363278,6.08224828530209,1,1,"Rps6ka5","Siglech",0.2,0.04
0.320524554363278,6.08224828530209,1,1,"Trip11","Siglech",0.2,0.04
0.320524554363278,6.08224828530209,1,1,"Zfyve21","Siglech",0.2,0.04
0.320524554363278,6.08224828530209,1,1,"Tedc1","Siglech",0.2,0.04
0.320524554363278,6.08224828530209,1,1,"Tmem121","Siglech",0.2,0.04
0.320524554363278,6.08224828530209,1,1,"Fbxo4","Siglech",0.2,0.04
0.320524554363278,6.08224828530209,1,1,"Ptger4","Siglech",0.2,0.04
0.320524554363278,6.08224828530209,1,1,"Nadk2","Siglech",0.2,0.04
0.320524554363278,6.08224828530209,1,1,"Ank","Siglech",0.2,0.04
0.320524554363278,6.08224828530209,1,1,"Fam105a","Siglech",0.2,0.04
0.320524554363278,6.08224828530209,1,1,"Atp6v1c1","Siglech",0.2,0.04
0.320524554363278,6.08224828530209,1,1,"9130401M01Rik","Siglech",0.2,0.04
0.320524554363278,6.08224828530209,1,1,"Tatdn1","Siglech",0.2,0.04
0.320524554363278,6.08224828530209,1,1,"Asap1","Siglech",0.2,0.04
0.320524554363278,6.08224828530209,1,1,"Top1mt","Siglech",0.2,0.04
0.320524554363278,6.08224828530209,1,1,"Pdxp","Siglech",0.2,0.04
0.320524554363278,6.08224828530209,1,1,"Cby1","Siglech",0.2,0.04
0.320524554363278,6.08224828530209,1,1,"Gtpbp1","Siglech",0.2,0.04
0.320524554363278,6.08224828530209,1,1,"AC113595.1","Siglech",0.2,0.04
0.320524554363278,6.08224828530209,1,1,"Cyb5r3","Siglech",0.2,0.04
0.320524554363278,6.08224828530209,1,1,"Chkb","Siglech",0.2,0.04
0.320524554363278,6.08224828530209,1,1,"Pced1b","Siglech",0.2,0.04
0.320524554363278,6.08224828530209,1,1,"Tmem106c","Siglech",0.2,0.04
0.320524554363278,6.08224828530209,1,1,"Adcy6","Siglech",0.2,0.04
0.320524554363278,6.08224828530209,1,1,"Ddx23","Siglech",0.2,0.04
0.320524554363278,6.08224828530209,1,1,"Troap","Siglech",0.2,0.04
0.320524554363278,6.08224828530209,1,1,"Cluap1","Siglech",0.2,0.04
0.320524554363278,6.08224828530209,1,1,"Snx29","Siglech",0.2,0.04
0.320524554363278,6.08224828530209,1,1,"3110001I22Rik","Siglech",0.2,0.04
0.320524554363278,6.08224828530209,1,1,"Pdxdc1","Siglech",0.2,0.04
0.320524554363278,6.08224828530209,1,1,"Top3b","Siglech",0.2,0.04
0.320524554363278,6.08224828530209,1,1,"Dgcr14","Siglech",0.2,0.04
0.320524554363278,6.08224828530209,1,1,"Zdhhc8","Siglech",0.2,0.04
0.320524554363278,6.08224828530209,1,1,"2510002D24Rik","Siglech",0.2,0.04
0.320524554363278,6.08224828530209,1,1,"Fbxo45","Siglech",0.2,0.04
0.320524554363278,6.08224828530209,1,1,"Fyttd1","Siglech",0.2,0.04
0.320524554363278,6.08224828530209,1,1,"Pdia5","Siglech",0.2,0.04
0.320524554363278,6.08224828530209,1,1,"Kpna1","Siglech",0.2,0.04
0.320524554363278,6.08224828530209,1,1,"Eaf2","Siglech",0.2,0.04
0.320524554363278,6.08224828530209,1,1,"Gtf2e1","Siglech",0.2,0.04
0.320524554363278,6.08224828530209,1,1,"Cblb","Siglech",0.2,0.04
0.320524554363278,6.08224828530209,1,1,"Alcam","Siglech",0.2,0.04
0.320524554363278,6.08224828530209,1,1,"Zfp654","Siglech",0.2,0.04
0.320524554363278,6.08224828530209,1,1,"Rwdd2b","Siglech",0.2,0.04
0.320524554363278,6.08224828530209,1,1,"Tmem50b","Siglech",0.2,0.04
0.320524554363278,6.08224828530209,1,1,"Dyrk1a","Siglech",0.2,0.04
0.320524554363278,6.08224828530209,1,1,"Wrb","Siglech",0.2,0.04
0.320524554363278,6.08224828530209,1,1,"Tmem242","Siglech",0.2,0.04
0.320524554363278,6.08224828530209,1,1,"Snx9","Siglech",0.2,0.04
0.320524554363278,6.08224828530209,1,1,"Ermard","Siglech",0.2,0.04
0.320524554363278,6.08224828530209,1,1,"Zfp994","Siglech",0.2,0.04
0.320524554363278,6.08224828530209,1,1,"Prss30","Siglech",0.2,0.04
0.320524554363278,6.08224828530209,1,1,"Jpt2","Siglech",0.2,0.04
0.320524554363278,6.08224828530209,1,1,"Clcn7","Siglech",0.2,0.04
0.320524554363278,6.08224828530209,1,1,"Lmf1","Siglech",0.2,0.04
0.320524554363278,6.08224828530209,1,1,"Rpusd1","Siglech",0.2,0.04
0.320524554363278,6.08224828530209,1,1,"Capn15","Siglech",0.2,0.04
0.320524554363278,6.08224828530209,1,1,"Rab11fip3","Siglech",0.2,0.04
0.320524554363278,6.08224828530209,1,1,"Tmem8","Siglech",0.2,0.04
0.320524554363278,6.08224828530209,1,1,"Fance","Siglech",0.2,0.04
0.320524554363278,6.08224828530209,1,1,"Wdr4","Siglech",0.2,0.04
0.320524554363278,6.08224828530209,1,1,"Rrp1b","Siglech",0.2,0.04
0.320524554363278,6.08224828530209,1,1,"Dhx16","Siglech",0.2,0.04
0.320524554363278,6.08224828530209,1,1,"Zfp318","Siglech",0.2,0.04
0.320524554363278,6.08224828530209,1,1,"Bysl","Siglech",0.2,0.04
0.320524554363278,6.08224828530209,1,1,"Kat2b","Siglech",0.2,0.04
0.320524554363278,6.08224828530209,1,1,"Pot1b","Siglech",0.2,0.04
0.320524554363278,6.08224828530209,1,1,"Dpp9","Siglech",0.2,0.04
0.320524554363278,6.08224828530209,1,1,"Plin3","Siglech",0.2,0.04
0.320524554363278,6.08224828530209,1,1,"Fbxl17","Siglech",0.2,0.04
0.320524554363278,6.08224828530209,1,1,"Pja2","Siglech",0.2,0.04
0.320524554363278,6.08224828530209,1,1,"Rab12","Siglech",0.2,0.04
0.320524554363278,6.08224828530209,1,1,"Ypel5","Siglech",0.2,0.04
0.320524554363278,6.08224828530209,1,1,"Ttc27","Siglech",0.2,0.04
0.320524554363278,6.08224828530209,1,1,"Gpatch11","Siglech",0.2,0.04
0.320524554363278,6.08224828530209,1,1,"Ndufaf7","Siglech",0.2,0.04
0.320524554363278,6.08224828530209,1,1,"Dhx57","Siglech",0.2,0.04
0.320524554363278,6.08224828530209,1,1,"Thumpd2","Siglech",0.2,0.04
0.320524554363278,6.08224828530209,1,1,"Eml4","Siglech",0.2,0.04
0.320524554363278,6.08224828530209,1,1,"Rhoq","Siglech",0.2,0.04
0.320524554363278,6.08224828530209,1,1,"Foxn2","Siglech",0.2,0.04
0.320524554363278,6.08224828530209,1,1,"Kdm5d","Siglech",0.2,0.04
0.320524554363278,6.08224828530209,1,1,"Cul2","Siglech",0.2,0.04
0.320524554363278,6.08224828530209,1,1,"3110002H16Rik","Siglech",0.2,0.04
0.320524554363278,6.08224828530209,1,1,"Impact","Siglech",0.2,0.04
0.320524554363278,6.08224828530209,1,1,"Ss18","Siglech",0.2,0.04
0.320524554363278,6.08224828530209,1,1,"Slc25a46","Siglech",0.2,0.04
0.320524554363278,6.08224828530209,1,1,"Polr2d","Siglech",0.2,0.04
0.320524554363278,6.08224828530209,1,1,"Spata24","Siglech",0.2,0.04
0.320524554363278,6.08224828530209,1,1,"Ndfip1","Siglech",0.2,0.04
0.320524554363278,6.08224828530209,1,1,"C330018D20Rik","Siglech",0.2,0.04
0.320524554363278,6.08224828530209,1,1,"Fbxo38","Siglech",0.2,0.04
0.320524554363278,6.08224828530209,1,1,"Ldlrad4","Siglech",0.2,0.04
0.320524554363278,6.08224828530209,1,1,"Dym","Siglech",0.2,0.04
0.320524554363278,6.08224828530209,1,1,"AI837181","Siglech",0.2,0.04
0.320524554363278,6.08224828530209,1,1,"Ehbp1l1","Siglech",0.2,0.04
0.320524554363278,6.08224828530209,1,1,"Capn1","Siglech",0.2,0.04
0.320524554363278,6.08224828530209,1,1,"Snx15","Siglech",0.2,0.04
0.320524554363278,6.08224828530209,1,1,"Ppp2r5b","Siglech",0.2,0.04
0.320524554363278,6.08224828530209,1,1,"Esrra","Siglech",0.2,0.04
0.320524554363278,6.08224828530209,1,1,"Nudt22","Siglech",0.2,0.04
0.320524554363278,6.08224828530209,1,1,"Stx5a","Siglech",0.2,0.04
0.320524554363278,6.08224828530209,1,1,"Ints5.1","Siglech",0.2,0.04
0.320524554363278,6.08224828530209,1,1,"Asrgl1","Siglech",0.2,0.04
0.320524554363278,6.08224828530209,1,1,"Sdhaf2","Siglech",0.2,0.04
0.320524554363278,6.08224828530209,1,1,"Tmem138","Siglech",0.2,0.04
0.320524554363278,6.08224828530209,1,1,"AW112010","Siglech",0.2,0.04
0.320524554363278,6.08224828530209,1,1,"Rfk","Siglech",0.2,0.04
0.320524554363278,6.08224828530209,1,1,"Gm6563","Siglech",0.2,0.04
0.320524554363278,6.08224828530209,1,1,"Pank1","Siglech",0.2,0.04
0.320524554363278,6.08224828530209,1,1,"Entpd7","Siglech",0.2,0.04
0.320524554363278,6.08224828530209,1,1,"Chuk","Siglech",0.2,0.04
0.320524554363278,6.08224828530209,1,1,"Trim8","Siglech",0.2,0.04
0.320524554363278,6.08224828530209,1,1,"Sfxn2","Siglech",0.2,0.04
0.320524554363278,6.08224828530209,1,1,"Calhm2","Siglech",0.2,0.04
0.320524554363278,6.08224828530209,1,1,"Xpnpep1","Siglech",0.2,0.04
0.320524554363278,6.08224828530209,1,1,"Mxi1","Siglech",0.2,0.04
0.320524554363278,6.08224828530209,1,1,"Vti1a","Siglech",0.2,0.04
0.320524554363278,6.08224828530209,1,1,"Trub1","Siglech",0.2,0.04
0.320524554363278,6.08224828530209,1,1,"Csf2ra","Siglech",0.2,0.04
-0.219051061256998,7.3011465806671,1,1,"Ndufb3","Siglech",0.2,0.04
-0.219051061256998,7.3011465806671,1,1,"Hjurp","Siglech",0.2,0.04
-0.219051061256998,7.3011465806671,1,1,"Cnih4","Siglech",0.2,0.04
-0.219051061256998,7.3011465806671,1,1,"Slc43a3","Siglech",0.2,0.04
-0.219051061256998,7.3011465806671,1,1,"Commd7","Siglech",0.2,0.04
-0.219051061256998,7.3011465806671,1,1,"Stk4","Siglech",0.2,0.04
-0.219051061256998,7.3011465806671,1,1,"Stx16","Siglech",0.2,0.04
-0.219051061256998,7.3011465806671,1,1,"Lamtor3","Siglech",0.2,0.04
-0.219051061256998,7.3011465806671,1,1,"Smim27","Siglech",0.2,0.04
-0.219051061256998,7.3011465806671,1,1,"Akirin1","Siglech",0.2,0.04
-0.219051061256998,7.3011465806671,1,1,"Arid1a","Siglech",0.2,0.04
-0.219051061256998,7.3011465806671,1,1,"Chic2","Siglech",0.2,0.04
-0.219051061256998,7.3011465806671,1,1,"Rest","Siglech",0.2,0.04
-0.219051061256998,7.3011465806671,1,1,"Arpc1a","Siglech",0.2,0.04
-0.219051061256998,7.3011465806671,1,1,"Mrps33","Siglech",0.2,0.04
-0.219051061256998,7.3011465806671,1,1,"Psenen","Siglech",0.2,0.04
-0.219051061256998,7.3011465806671,1,1,"Nucb1","Siglech",0.2,0.04
-0.219051061256998,7.3011465806671,1,1,"Syce2","Siglech",0.2,0.04
-0.219051061256998,7.3011465806671,1,1,"Cdv3","Siglech",0.2,0.04
-0.219051061256998,7.3011465806671,1,1,"Smarcc1","Siglech",0.2,0.04
-0.219051061256998,7.3011465806671,1,1,"Riok1","Siglech",0.2,0.04
-0.219051061256998,7.3011465806671,1,1,"Jarid2","Siglech",0.2,0.04
-0.219051061256998,7.3011465806671,1,1,"Map3k1","Siglech",0.2,0.04
-0.219051061256998,7.3011465806671,1,1,"Dlst","Siglech",0.2,0.04
-0.219051061256998,7.3011465806671,1,1,"Snw1","Siglech",0.2,0.04
-0.219051061256998,7.3011465806671,1,1,"Akt1","Siglech",0.2,0.04
-0.219051061256998,7.3011465806671,1,1,"Il7r","Siglech",0.2,0.04
-0.219051061256998,7.3011465806671,1,1,"Maf1","Siglech",0.2,0.04
-0.219051061256998,7.3011465806671,1,1,"Atxn10","Siglech",0.2,0.04
-0.219051061256998,7.3011465806671,1,1,"Glyr1","Siglech",0.2,0.04
-0.219051061256998,7.3011465806671,1,1,"Atg3","Siglech",0.2,0.04
-0.219051061256998,7.3011465806671,1,1,"Pgp","Siglech",0.2,0.04
-0.219051061256998,7.3011465806671,1,1,"Nrm","Siglech",0.2,0.04
-0.219051061256998,7.3011465806671,1,1,"Polr2g","Siglech",0.2,0.04
-0.140915927976623,8.53725577421579,1,1,"Uqcr11","Siglech",0.2,0.04
-0.140915927976623,8.53725577421579,1,1,"Uqcrb","Siglech",0.2,0.04
-0.122497654674398,7.49467907077679,1,1,"Phf3","Siglech",0.2,0.04
-0.122497654674398,7.49467907077679,1,1,"Apbb1ip","Siglech",0.2,0.04
-0.122497654674398,7.49467907077679,1,1,"Sp3","Siglech",0.2,0.04
-0.122497654674398,7.49467907077679,1,1,"Pdcd10","Siglech",0.2,0.04
-0.122497654674398,7.49467907077679,1,1,"Psmd4","Siglech",0.2,0.04
-0.122497654674398,7.49467907077679,1,1,"Syf2","Siglech",0.2,0.04
-0.122497654674398,7.49467907077679,1,1,"Cops4","Siglech",0.2,0.04
-0.122497654674398,7.49467907077679,1,1,"Skap2","Siglech",0.2,0.04
-0.122497654674398,7.49467907077679,1,1,"Suclg1","Siglech",0.2,0.04
-0.122497654674398,7.49467907077679,1,1,"Polr2e","Siglech",0.2,0.04
-0.122497654674398,7.49467907077679,1,1,"Tap1","Siglech",0.2,0.04
-0.122497654674398,7.49467907077679,1,1,"Vars","Siglech",0.2,0.04
-0.122497654674398,7.49467907077679,1,1,"Khsrp","Siglech",0.2,0.04
-0.122497654674398,7.49467907077679,1,1,"Ube2d2a","Siglech",0.2,0.04
-0.122497654674398,7.49467907077679,1,1,"Cyb5a","Siglech",0.2,0.04
0.0962359842691626,8.19875936657617,1,1,"Pnisr","Siglech",0.2,0.04
0.0962359842691626,8.19875936657617,1,1,"Mcm7","Siglech",0.2,0.04
0.0962359842691626,8.19875936657617,1,1,"Psmb5","Siglech",0.2,0.04
0.0962359842691626,8.19875936657617,1,1,"Pitpna","Siglech",0.2,0.04
0.0962359842691626,8.19875936657617,1,1,"Ubxn1","Siglech",0.2,0.04
-0.0866802081556806,9.30076965559349,1,1,"Atp5l","Siglech",0.2,0.04
0.0699811592357984,8.08264400871013,1,1,"Scp2","Siglech",0.2,0.04
0.0699811592357984,8.08264400871013,1,1,"Hspa4","Siglech",0.2,0.04
0.0645756798345122,9.2263512742432,1,1,"Laptm5","Siglech",0.2,0.04
0.0645756798345122,9.2263512742432,1,1,"Atp5g1","Siglech",0.2,0.04
0.0551436304445731,8.8902221024811,1,1,"Srrm2","Siglech",0.2,0.04
0.0551436304445731,8.8902221024811,1,1,"Elob","Siglech",0.2,0.04
-0.0541921649628617,8.4950090485356,1,1,"Ssrp1","Siglech",0.2,0.04
-0.0541921649628617,8.4950090485356,1,1,"S100a10","Siglech",0.2,0.04
-0.0541921649628617,8.4950090485356,1,1,"Eif3i","Siglech",0.2,0.04
-0.053715585101763,7.66543124932048,1,1,"Ptpn7","Siglech",0.2,0.04
-0.053715585101763,7.66543124932048,1,1,"Sdc4","Siglech",0.2,0.04
-0.053715585101763,7.66543124932048,1,1,"Rtf2","Siglech",0.2,0.04
-0.053715585101763,7.66543124932048,1,1,"Ube2a","Siglech",0.2,0.04
-0.053715585101763,7.66543124932048,1,1,"Ufm1","Siglech",0.2,0.04
-0.053715585101763,7.66543124932048,1,1,"Nans","Siglech",0.2,0.04
-0.053715585101763,7.66543124932048,1,1,"Tardbp","Siglech",0.2,0.04
-0.053715585101763,7.66543124932048,1,1,"G3bp2","Siglech",0.2,0.04
-0.053715585101763,7.66543124932048,1,1,"Hnrnpdl","Siglech",0.2,0.04
-0.053715585101763,7.66543124932048,1,1,"Sec61a1","Siglech",0.2,0.04
-0.053715585101763,7.66543124932048,1,1,"Hnrnpl","Siglech",0.2,0.04
-0.053715585101763,7.66543124932048,1,1,"Cd37","Siglech",0.2,0.04
-0.053715585101763,7.66543124932048,1,1,"Ube3a","Siglech",0.2,0.04
-0.053715585101763,7.66543124932048,1,1,"Btg1","Siglech",0.2,0.04
-0.053715585101763,7.66543124932048,1,1,"Cnpy2","Siglech",0.2,0.04
-0.053715585101763,7.66543124932048,1,1,"Bnip3l","Siglech",0.2,0.04
-0.053715585101763,7.66543124932048,1,1,"Prkar1a","Siglech",0.2,0.04
-0.053715585101763,7.66543124932048,1,1,"Ndufs6","Siglech",0.2,0.04
-0.053715585101763,7.66543124932048,1,1,"Sypl","Siglech",0.2,0.04
-0.053715585101763,7.66543124932048,1,1,"Naa50","Siglech",0.2,0.04
-0.053715585101763,7.66543124932048,1,1,"Lsm2","Siglech",0.2,0.04
-0.053715585101763,7.66543124932048,1,1,"Ostf1","Siglech",0.2,0.04
-0.053715585101763,7.66543124932048,1,1,"Abhd17b","Siglech",0.2,0.04
0.0381674816051217,8.81931111298031,1,1,"Snrpd2","Siglech",0.2,0.04
0.0381674816051217,8.81931111298031,1,1,"Rexo2","Siglech",0.2,0.04
0.0379064570480929,7.95643425822866,1,1,"Nop58","Siglech",0.2,0.04
0.0379064570480929,7.95643425822866,1,1,"Lamtor1","Siglech",0.2,0.04
0.0379064570480929,7.95643425822866,1,1,"Glrx3","Siglech",0.2,0.04
0.0379064570480929,7.95643425822866,1,1,"Smarce1","Siglech",0.2,0.04
0.0379064570480929,7.95643425822866,1,1,"Ly6c2","Siglech",0.2,0.04
0.0379064570480929,7.95643425822866,1,1,"Mpc1","Siglech",0.2,0.04
0.0379064570480929,7.95643425822866,1,1,"Npm3","Siglech",0.2,0.04
0.037394974766885,7.19715635845042,1,1,"Ndufs2","Siglech",0.2,0.04
0.037394974766885,7.19715635845042,1,1,"Sept6","Siglech",0.2,0.04
0.037394974766885,7.19715635845042,1,1,"Mcts1","Siglech",0.2,0.04
0.037394974766885,7.19715635845042,1,1,"Tceal9","Siglech",0.2,0.04
0.037394974766885,7.19715635845042,1,1,"Gpr171","Siglech",0.2,0.04
0.037394974766885,7.19715635845042,1,1,"Ash1l","Siglech",0.2,0.04
0.037394974766885,7.19715635845042,1,1,"Gar1","Siglech",0.2,0.04
0.037394974766885,7.19715635845042,1,1,"Epha2","Siglech",0.2,0.04
0.037394974766885,7.19715635845042,1,1,"Ccni","Siglech",0.2,0.04
0.037394974766885,7.19715635845042,1,1,"Cdk2ap1","Siglech",0.2,0.04
0.037394974766885,7.19715635845042,1,1,"Pds5b","Siglech",0.2,0.04
0.037394974766885,7.19715635845042,1,1,"Exoc4","Siglech",0.2,0.04
0.037394974766885,7.19715635845042,1,1,"Mtpn","Siglech",0.2,0.04
0.037394974766885,7.19715635845042,1,1,"Ndufb2","Siglech",0.2,0.04
0.037394974766885,7.19715635845042,1,1,"Dusp11","Siglech",0.2,0.04
0.037394974766885,7.19715635845042,1,1,"Ilk","Siglech",0.2,0.04
0.037394974766885,7.19715635845042,1,1,"Lims1","Siglech",0.2,0.04
0.037394974766885,7.19715635845042,1,1,"Ccdc59","Siglech",0.2,0.04
0.037394974766885,7.19715635845042,1,1,"Gns","Siglech",0.2,0.04
0.037394974766885,7.19715635845042,1,1,"Tsfm","Siglech",0.2,0.04
0.037394974766885,7.19715635845042,1,1,"Nsd3","Siglech",0.2,0.04
0.037394974766885,7.19715635845042,1,1,"Got2","Siglech",0.2,0.04
0.037394974766885,7.19715635845042,1,1,"Uchl3","Siglech",0.2,0.04
0.037394974766885,7.19715635845042,1,1,"Tm9sf2","Siglech",0.2,0.04
0.037394974766885,7.19715635845042,1,1,"Rp9","Siglech",0.2,0.04
0.037394974766885,7.19715635845042,1,1,"Cbl","Siglech",0.2,0.04
0.037394974766885,7.19715635845042,1,1,"Trappc4","Siglech",0.2,0.04
0.037394974766885,7.19715635845042,1,1,"Pts","Siglech",0.2,0.04
0.037394974766885,7.19715635845042,1,1,"Gtf2a2","Siglech",0.2,0.04
0.037394974766885,7.19715635845042,1,1,"Prpf8","Siglech",0.2,0.04
0.037394974766885,7.19715635845042,1,1,"Ift20","Siglech",0.2,0.04
0.037394974766885,7.19715635845042,1,1,"Ptrh2","Siglech",0.2,0.04
0.037394974766885,7.19715635845042,1,1,"Supt4a","Siglech",0.2,0.04
0.037394974766885,7.19715635845042,1,1,"Slc25a39","Siglech",0.2,0.04
0.037394974766885,7.19715635845042,1,1,"Pitpnc1","Siglech",0.2,0.04
0.037394974766885,7.19715635845042,1,1,"Cetn3","Siglech",0.2,0.04
0.037394974766885,7.19715635845042,1,1,"Bzw2","Siglech",0.2,0.04
0.037394974766885,7.19715635845042,1,1,"Erg28","Siglech",0.2,0.04
0.037394974766885,7.19715635845042,1,1,"Nrros","Siglech",0.2,0.04
0.037394974766885,7.19715635845042,1,1,"Sod1","Siglech",0.2,0.04
0.037394974766885,7.19715635845042,1,1,"Sod2","Siglech",0.2,0.04
0.037394974766885,7.19715635845042,1,1,"Galnt1","Siglech",0.2,0.04
0.0337999706680999,10.6877420654752,1,1,"Hmgb1","Siglech",0.2,0.04
0.0316559908943571,10.155878652041,1,1,"Ybx1","Siglech",0.2,0.04
0.0276716024279275,9.5196809978092,1,1,"Tuba1b","Siglech",0.2,0.04
-0.0264422842224423,8.58311306020394,1,1,"Psma2","Siglech",0.2,0.04
-0.0180532076953258,9.1395995668328,1,1,"Tpm3","Siglech",0.2,0.04
-0.0180532076953258,9.1395995668328,1,1,"Hnrnpa0","Siglech",0.2,0.04
-0.0179560698786883,8.25081959826798,1,1,"1110008F13Rik","Siglech",0.2,0.04
-0.0179560698786883,8.25081959826798,1,1,"Sin3b","Siglech",0.2,0.04
0.0163366441570236,9.4741758552296,1,1,"Tagln2","Siglech",0.2,0.04
0.0123956204908127,9.80058065506602,1,1,"Eif5a","Siglech",0.2,0.04
0.0123138436009292,8.35457384409939,1,1,"Trim28","Siglech",0.2,0.04
0.0123138436009292,8.35457384409939,1,1,"Hnrnpc","Siglech",0.2,0.04
0.0123138436009292,8.35457384409939,1,1,"Anxa2","Siglech",0.2,0.04
0.0123138436009292,8.35457384409939,1,1,"Tmem14c","Siglech",0.2,0.04
0.0123138436009292,8.35457384409939,1,1,"Srsf5","Siglech",0.2,0.04
-0.00640370304758293,10.0038462928554,1,1,"Ddx5","Siglech",0.2,0.04
0.00419800183187589,9.42719956047442,1,1,"Crip1","Siglech",0.2,0.04
-0.00217585733639887,7.81820715315288,1,1,"Lbr","Siglech",0.2,0.04
-0.00217585733639887,7.81820715315288,1,1,"Ostc","Siglech",0.2,0.04
-0.00217585733639887,7.81820715315288,1,1,"Paics","Siglech",0.2,0.04
-0.00217585733639887,7.81820715315288,1,1,"Polr2j","Siglech",0.2,0.04
-0.00217585733639887,7.81820715315288,1,1,"Lsm5","Siglech",0.2,0.04
-0.00217585733639887,7.81820715315288,1,1,"Clns1a","Siglech",0.2,0.04
-0.00217585733639887,7.81820715315288,1,1,"Rnh1","Siglech",0.2,0.04
-0.00217585733639887,7.81820715315288,1,1,"Usp15","Siglech",0.2,0.04
-0.00217585733639887,7.81820715315288,1,1,"Thyn1","Siglech",0.2,0.04
-0.00217585733639887,7.81820715315288,1,1,"Psma4","Siglech",0.2,0.04
-0.00217585733639887,7.81820715315288,1,1,"Cenpx","Siglech",0.2,0.04
-0.00217585733639887,7.81820715315288,1,1,"Ddx24","Siglech",0.2,0.04
-0.00217585733639887,7.81820715315288,1,1,"Papola","Siglech",0.2,0.04
-0.00217585733639887,7.81820715315288,1,1,"Ndufv2","Siglech",0.2,0.04
