"logFC","logCPM","PValue","FDR","gene","celltype","bcv","dispersion"
-5.09149181793641,7.77688857813533,3.3622261687164e-14,3.93985662450188e-10,"Mcpt8","Prg2",0.2,0.04
-5.63624225246767,7.36610988281359,1.42043695700064e-13,8.32234013106677e-10,"Prss34","Prg2",0.2,0.04
-3.94484096837296,8.21877200341381,1.60439098811153e-12,6.26675119956364e-09,"Pf4","Prg2",0.2,0.04
-3.4612762654966,8.55864281422367,2.75966107778799e-11,8.08442712737992e-08,"Ifitm1","Prg2",0.2,0.04
3.17106810714086,5.89354208099867,2.12165007583693e-06,0.00497229911773143,"Gm10036","Prg2",0.2,0.04
-2.39675943856027,7.50928378836094,6.30296148547867e-06,0.0123096837811398,"Rnase12","Prg2",0.2,0.04
-2.27657644079696,7.26063608705393,3.56682035639862e-05,0.0597085727661129,"Fcer1g","Prg2",0.2,0.04
-7.26422508267661,4.80410304447696,4.77658993920414e-05,0.0699651011344926,"Fcer1a","Prg2",0.2,0.04
-3.26043989748773,5.79535688984831,7.02462030895964e-05,0.0870775646269308,"Fgf3","Prg2",0.2,0.04
3.56589171478527,5.09566618589624,8.17420388202969e-05,0.0870775646269308,"Rbms1","Prg2",0.2,0.04
3.168918982404,5.13840291285487,8.17420388202969e-05,0.0870775646269308,"Csf2rb2","Prg2",0.2,0.04
-7.07292006749488,4.64924770254013,0.00012049913490041,0.11766740523025,"Chdh","Prg2",0.2,0.04
2.366502329165,6.08891346475649,0.00013896585357236,0.125261682473917,"Rhoj","Prg2",0.2,0.04
-3.35173187788747,5.3749647322551,0.000154712059366703,0.129493993689931,"Serpine2","Prg2",0.2,0.04
-1.59696119986735,9.49651427556674,0.000313592740389717,0.244978648792447,"Elane","Prg2",0.2,0.04
1.77226431605004,7.29694532498333,0.000397087571826217,0.283158659120427,"Serpina3g","Prg2",0.2,0.04
-1.80367153752581,7.47195821293282,0.000410795119051652,0.283158659120427,"Napsa","Prg2",0.2,0.04
-2.93964135831941,5.53571933794789,0.00049536340128543,0.288633635129254,"Car1","Prg2",0.2,0.04
-6.85231246245218,4.47422054752816,0.000517264579084685,0.288633635129254,"Rcn3","Prg2",0.2,0.04
-6.77058458530722,4.41042550016326,0.000517264579084685,0.288633635129254,"Tmem215","Prg2",0.2,0.04
-6.77058458530722,4.41042550016326,0.000517264579084685,0.288633635129254,"Cd72","Prg2",0.2,0.04
-6.68394736601245,4.34345646615868,0.000857570223219348,0.434484113532015,"Il17rb","Prg2",0.2,0.04
3.46677354169532,4.52100603420014,0.000884859318970173,0.434484113532015,"Pcp4l1","Prg2",0.2,0.04
1.87705413325326,6.45274137074089,0.000889880416860247,0.434484113532015,"Grb10","Prg2",0.2,0.04
1.9373537856277,6.21494933473137,0.00102771708034801,0.48171154990072,"Mylk3","Prg2",0.2,0.04
1.59351032843902,7.32614348359152,0.00130368628771674,0.587561381517875,"Pim1","Prg2",0.2,0.04
-6.5917730956779,4.27298252667676,0.00143700956323242,0.62366215044287,"Ets1","Prg2",0.2,0.04
-3.6462777768776,4.81514618041445,0.0023648225458361,0.951084779425377,"Spns2","Prg2",0.2,0.04
-2.88465616867035,5.00721162363477,0.00237037140205092,0.951084779425377,"1700006J14Rik","Prg2",0.2,0.04
-6.49330540507728,4.19861860136806,0.00243493287103271,0.951084779425377,"Smpd2","Prg2",0.2,0.04
-1.81726259891943,6.32159932181393,0.00263887189685936,0.997493577012839,"4930519L02Rik","Prg2",0.2,0.04
-2.82841928772413,4.96420693548324,0.00338513180761866,1,"Usp11","Prg2",0.2,0.04
2.71175945122411,4.78375058435622,0.00338513180761866,1,"Tmem246","Prg2",0.2,0.04
2.2482303159892,5.1579885573742,0.00390491865910473,1,"Ptgs1","Prg2",0.2,0.04
2.00511415851028,5.45578977862694,0.00406587048258616,1,"S100a9","Prg2",0.2,0.04
-6.38762150758522,4.11991300371143,0.00417417063605608,1,"Ptms","Prg2",0.2,0.04
-6.38762150758522,4.11991300371143,0.00417417063605608,1,"Rhebl1","Prg2",0.2,0.04
-6.27357948737569,4.03633121223927,0.00417417063605608,1,"Ncam1","Prg2",0.2,0.04
3.56508487905302,3.86346526606925,0.00417417063605608,1,"Kif18b","Prg2",0.2,0.04
-2.76990103940726,4.91977299150117,0.00484911421090813,1,"Ldhb","Prg2",0.2,0.04
2.61920490216045,4.71627103927474,0.00484911421090813,1,"Fam160a2","Prg2",0.2,0.04
1.62112152945136,6.32989931303888,0.00503206907649119,1,"Il1rl1","Prg2",0.2,0.04
2.81109164635405,4.50807518229993,0.00524730524756346,1,"Dcaf5","Prg2",0.2,0.04
2.17458059916813,5.10530866878236,0.00528627763808468,1,"Mpst","Prg2",0.2,0.04
-1.94311183785563,5.82745459571481,0.00561466002724002,1,"Gm11697","Prg2",0.2,0.04
-1.94311183785563,5.82745459571481,0.00561466002724002,1,"Gm1604a","Prg2",0.2,0.04
-1.32478489982911,7.87947933220762,0.00604701858477935,1,"Tyrobp","Prg2",0.2,0.04
-1.57529424033655,6.64186739523238,0.00625300244558796,1,"Emb","Prg2",0.2,0.04
1.24169030449403,8.45974761160777,0.00637953145940112,1,"Runx1","Prg2",0.2,0.04
-1.16990497981275,9.75551566978849,0.00677851968958509,1,"Epx","Prg2",0.2,0.04
1.7476765515035,5.73015073666549,0.00701326971967908,1,"Tjp1","Prg2",0.2,0.04
-1.87920474210706,5.77998084863148,0.00701326971967908,1,"Slc18a2","Prg2",0.2,0.04
-1.4416794981827,7.03642920024991,0.00710676829825002,1,"Ctsh","Prg2",0.2,0.04
-6.14974290877969,3.94723438861286,0.00724341375080319,1,"Mgst1","Prg2",0.2,0.04
-6.14974290877969,3.94723438861286,0.00724341375080319,1,"Mogat2","Prg2",0.2,0.04
-6.14974290877969,3.94723438861286,0.00724341375080319,1,"Gm11713","Prg2",0.2,0.04
-6.14974290877969,3.94723438861286,0.00724341375080319,1,"Rpap3","Prg2",0.2,0.04
3.37480262906886,3.73994237020716,0.00724341375080319,1,"Serinc5","Prg2",0.2,0.04
-1.57704111295996,6.46448527371663,0.00753464956454061,1,"Gm47283","Prg2",0.2,0.04
1.17338380205831,9.05429926670034,0.00769861890072822,1,"Casp3","Prg2",0.2,0.04
2.05955018531724,5.19830900651443,0.00813533053223075,1,"Arid5a","Prg2",0.2,0.04
2.9851440324319,4.17166999421477,0.00839028164338929,1,"Tspoap1","Prg2",0.2,0.04
2.14509078748397,4.88738809134705,0.00845893383545742,1,"Atf6","Prg2",0.2,0.04
-1.17215829651891,8.93856025522505,0.00850593174331176,1,"Nkg7","Prg2",0.2,0.04
-1.14287757395341,9.24923548675537,0.00910983063475804,1,"Cpa3","Prg2",0.2,0.04
1.34036048296158,6.84483968177777,0.00939859983494134,1,"Csf2rb","Prg2",0.2,0.04
-2.57859602422553,4.7768542491805,0.0100337229032323,1,"Mta3","Prg2",0.2,0.04
2.52030308779376,4.64586366077418,0.0100337229032323,1,"Arl5a","Prg2",0.2,0.04
2.52030308779376,4.64586366077418,0.0100337229032323,1,"Trim65","Prg2",0.2,0.04
2.52030308779376,4.64586366077418,0.0100337229032323,1,"Riok2","Prg2",0.2,0.04
-2.16937951235894,5.29414292706326,0.0108117135540044,1,"Fut7","Prg2",0.2,0.04
-2.16937951235894,5.29414292706326,0.0108117135540044,1,"Ccndbp1","Prg2",0.2,0.04
-2.12231632177962,5.25925831387341,0.0108117135540044,1,"Nqo2","Prg2",0.2,0.04
1.4629448437406,6.15885684212634,0.0111590979125962,1,"Lbp","Prg2",0.2,0.04
-1.72122987283259,5.83547155803607,0.011463391468349,1,"Ahsa2","Prg2",0.2,0.04
1.21038980912768,7.52238848711812,0.0116743766324369,1,"Psap","Prg2",0.2,0.04
-1.94376929387872,5.4029757728685,0.0117238597025633,1,"Ear2","Prg2",0.2,0.04
2.5719426809595,4.3424138187222,0.0118324272465622,1,"Med23","Prg2",0.2,0.04
2.5719426809595,4.3424138187222,0.0118324272465622,1,"Dhx33","Prg2",0.2,0.04
-3.29535772434589,4.54698476199769,0.0118324272465622,1,"Atp5s","Prg2",0.2,0.04
-6.01426992617939,3.8518504622307,0.0127308484105026,1,"Dusp12","Prg2",0.2,0.04
-1.37029593652031,6.65322368533128,0.0128534850706953,1,"Prss57","Prg2",0.2,0.04
-2.32118970468155,5.05925458156398,0.0132310503373166,1,"Tada3","Prg2",0.2,0.04
2.01494115435057,4.99453791785911,0.0132310503373166,1,"Tmem164","Prg2",0.2,0.04
2.01494115435057,4.99453791785911,0.0132310503373166,1,"Cavin1","Prg2",0.2,0.04
2.83461497868628,4.07109962072911,0.0134120892568359,1,"Tasp1","Prg2",0.2,0.04
1.58474993892677,5.61945454995947,0.0137050355327956,1,"Itga6","Prg2",0.2,0.04
-1.29239874739385,7.09805768088471,0.0139993841553745,1,"Hist1h1b","Prg2",0.2,0.04
1.37295116561678,6.43561228727033,0.0142524102177909,1,"Chd7","Prg2",0.2,0.04
2.10313926129852,4.63339610330982,0.0144854260375257,1,"Ccnc","Prg2",0.2,0.04
1.48788722533571,5.89792712479639,0.0149310339575001,1,"Anapc1","Prg2",0.2,0.04
-1.89958882861784,5.37073513163703,0.015305393689328,1,"Dnm2","Prg2",0.2,0.04
1.39925944056717,6.17814907273569,0.015902771912734,1,"Abhd17b","Prg2",0.2,0.04
-1.2379132926852,7.00640925248049,0.0170555476069388,1,"Cd9","Prg2",0.2,0.04
1.54266042649084,5.68507813432863,0.0175390690866382,1,"Chchd10","Prg2",0.2,0.04
-1.62205275941774,5.76384429527224,0.0175390690866382,1,"Tbxas1","Prg2",0.2,0.04
-3.12699262790616,4.4226491703587,0.0178622178785732,1,"Rnase6","Prg2",0.2,0.04
-3.12699262790616,4.4226491703587,0.0178622178785732,1,"Pip5k1b","Prg2",0.2,0.04
-2.26495282373533,5.0177230463789,0.0180031668391758,1,"Slpi","Prg2",0.2,0.04
1.43913112301028,5.8657465425231,0.0181211222691608,1,"Fam46c","Prg2",0.2,0.04
1.12845832470109,7.6725757642478,0.0182675324050909,1,"Gyg","Prg2",0.2,0.04
-1.43038924966929,6.1551103776699,0.0186396906496492,1,"C1qtnf12","Prg2",0.2,0.04
-2.0233175210567,5.18662257405062,0.0191373658007543,1,"Dhdds","Prg2",0.2,0.04
-0.97345680885575,11.4538702787746,0.0202868262781125,1,"Tmsb4x","Prg2",0.2,0.04
-2.43533362415289,4.67230621436108,0.0209521105904993,1,"Gpatch2","Prg2",0.2,0.04
1.98851444441541,4.55960482237188,0.0209521105904993,1,"Cln6","Prg2",0.2,0.04
1.62077910986337,5.43609777961184,0.0210963346562918,1,"Prdx4","Prg2",0.2,0.04
1.50673708965384,5.46879783611071,0.0210963346562918,1,"Dennd4a","Prg2",0.2,0.04
2.66653041148512,3.96383935906624,0.0215665482862897,1,"Usp46","Prg2",0.2,0.04
2.66653041148512,3.96383935906624,0.0215665482862897,1,"P2rx7","Prg2",0.2,0.04
2.66653041148512,3.96383935906624,0.0215665482862897,1,"Sgk1","Prg2",0.2,0.04
2.66653041148512,3.96383935906624,0.0215665482862897,1,"Ppm1e","Prg2",0.2,0.04
2.66653041148512,3.96383935906624,0.0215665482862897,1,"Gp5","Prg2",0.2,0.04
-1.58741849953241,5.73908575133528,0.0216952903340808,1,"Car2","Prg2",0.2,0.04
1.50474377503788,5.74784746263181,0.0218721508126955,1,"Herc2","Prg2",0.2,0.04
1.28457668172144,6.32629306523316,0.0219798434843382,1,"Tfr2","Prg2",0.2,0.04
-1.49541184303966,5.9622243811492,0.0220647392202095,1,"Gstm1","Prg2",0.2,0.04
-1.49541184303966,5.9622243811492,0.0220647392202095,1,"Ppih","Prg2",0.2,0.04
1.33775134447023,6.07607384922745,0.022113467802027,1,"Agps","Prg2",0.2,0.04
6.03596933069441,3.47528268240669,0.0226768237312078,1,"Oasl2","Prg2",0.2,0.04
6.03596933069441,3.47528268240669,0.0226768237312078,1,"Rfng","Prg2",0.2,0.04
6.03596933069441,3.47528268240669,0.0226768237312078,1,"Tcrg-C1","Prg2",0.2,0.04
-5.86474473039446,3.7492344668426,0.0226768237312078,1,"Mettl18","Prg2",0.2,0.04
-5.86474473039446,3.7492344668426,0.0226768237312078,1,"Ccdc73","Prg2",0.2,0.04
-5.86474473039446,3.7492344668426,0.0226768237312078,1,"Znfx1","Prg2",0.2,0.04
-5.86474473039446,3.7492344668426,0.0226768237312078,1,"Rit1","Prg2",0.2,0.04
-5.86474473039446,3.7492344668426,0.0226768237312078,1,"Sytl1","Prg2",0.2,0.04
-5.86474473039446,3.7492344668426,0.0226768237312078,1,"Agap3","Prg2",0.2,0.04
-5.86474473039446,3.7492344668426,0.0226768237312078,1,"Dusp6","Prg2",0.2,0.04
-5.86474473039446,3.7492344668426,0.0226768237312078,1,"Btd","Prg2",0.2,0.04
-5.86474473039446,3.7492344668426,0.0226768237312078,1,"Gpr183","Prg2",0.2,0.04
-5.86474473039446,3.7492344668426,0.0226768237312078,1,"Dcaf4","Prg2",0.2,0.04
-5.86474473039446,3.7492344668426,0.0226768237312078,1,"Khdrbs3","Prg2",0.2,0.04
1.95363442405362,4.75959407974511,0.0230708535108059,1,"Dhdh","Prg2",0.2,0.04
-2.01512956023673,4.83729978608479,0.0230708535108059,1,"Fance","Prg2",0.2,0.04
-2.20643457541845,4.97485581928496,0.02451059843262,1,"Crnkl1","Prg2",0.2,0.04
-1.91702153763303,5.10979265139911,0.0254752966249815,1,"Rab37","Prg2",0.2,0.04
-1.75829895634379,5.26904007625826,0.0261053308212822,1,"Fabp5","Prg2",0.2,0.04
-1.75829895634379,5.26904007625826,0.0261053308212822,1,"Rev3l","Prg2",0.2,0.04
-1.4178208413326,6.03194314533206,0.0263987830523653,1,"Trappc4","Prg2",0.2,0.04
1.60771840466104,5.3120595210831,0.0264976873979674,1,"Cops8","Prg2",0.2,0.04
-1.45396819221657,5.79631737402106,0.0267800290942501,1,"Arfgap2","Prg2",0.2,0.04
-1.5155511680312,5.68814085108561,0.0268318827063355,1,"Med29","Prg2",0.2,0.04
-3.03481835757161,4.35587398373963,0.0270427099219053,1,"Inpp4b","Prg2",0.2,0.04
-3.03481835757161,4.35587398373963,0.0270427099219053,1,"Mex3c","Prg2",0.2,0.04
-3.03481835757161,4.35587398373963,0.0270427099219053,1,"Rab11fip2","Prg2",0.2,0.04
-0.961440317109765,9.44053883035049,0.0274803345031982,1,"Cmtm7","Prg2",0.2,0.04
-1.23671861207043,6.55994482012009,0.028192520924327,1,"Ptprs","Prg2",0.2,0.04
1.03745142064044,7.51447745788572,0.0303162570014628,1,"Zfp106","Prg2",0.2,0.04
-2.35798841918282,4.61679441816431,0.0303481479751617,1,"Rbmx2","Prg2",0.2,0.04
-2.35798841918282,4.61679441816431,0.0303481479751617,1,"Rlf","Prg2",0.2,0.04
-2.35798841918282,4.61679441816431,0.0303481479751617,1,"Pef1","Prg2",0.2,0.04
-2.35798841918282,4.61679441816431,0.0303481479751617,1,"Mettl3","Prg2",0.2,0.04
2.17496994857823,4.41425945878124,0.0303481479751617,1,"Otos","Prg2",0.2,0.04
2.17496994857823,4.41425945878124,0.0303481479751617,1,"4930402H24Rik","Prg2",0.2,0.04
1.86399029590396,4.48232097599051,0.0303481479751617,1,"Ankrd16","Prg2",0.2,0.04
1.86399029590396,4.48232097599051,0.0303481479751617,1,"Cdan1","Prg2",0.2,0.04
1.86399029590396,4.48232097599051,0.0303481479751617,1,"Nhsl2","Prg2",0.2,0.04
1.86399029590396,4.48232097599051,0.0303481479751617,1,"Crcp","Prg2",0.2,0.04
1.86399029590396,4.48232097599051,0.0303481479751617,1,"Asb7","Prg2",0.2,0.04
1.16087692739334,6.68849112807202,0.0304004872784865,1,"Hnrnpl","Prg2",0.2,0.04
-1.32177721499936,6.07908960495756,0.0311036963612826,1,"Nfkbia","Prg2",0.2,0.04
-1.94527590911886,4.78809809622086,0.0322922385746993,1,"Zfp664","Prg2",0.2,0.04
1.84745025023265,4.69174313911946,0.0322922385746993,1,"Ttf2","Prg2",0.2,0.04
1.16984884066393,6.39971363824401,0.0331210913038086,1,"Asxl1","Prg2",0.2,0.04
-1.47822881628972,5.66191631629879,0.0331736841979679,1,"Pold4","Prg2",0.2,0.04
-2.14544200772573,4.93056361460788,0.033376343413611,1,"Alox5","Prg2",0.2,0.04
-2.14544200772573,4.93056361460788,0.033376343413611,1,"Wdr36","Prg2",0.2,0.04
1.40105319216178,5.50067137688532,0.0335330864573409,1,"Prcp","Prg2",0.2,0.04
1.40105319216178,5.50067137688532,0.0335330864573409,1,"Sla","Prg2",0.2,0.04
1.73928793793569,4.98320029712483,0.0339102218453729,1,"Mllt3","Prg2",0.2,0.04
1.73928793793569,4.98320029712483,0.0339102218453729,1,"2700038G22Rik","Prg2",0.2,0.04
-1.86078465668681,5.06964640077315,0.0339102218453729,1,"Cox18","Prg2",0.2,0.04
-1.06307970014387,7.4264324033991,0.0340028755838836,1,"Hist1h2ap","Prg2",0.2,0.04
-1.70795055117204,5.23333507464725,0.0340883821040597,1,"Rspry1","Prg2",0.2,0.04
-1.70795055117204,5.23333507464725,0.0340883821040597,1,"Arl2","Prg2",0.2,0.04
2.47624816150096,3.84892544345237,0.0348666017835272,1,"Sgms2","Prg2",0.2,0.04
2.47624816150096,3.84892544345237,0.0348666017835272,1,"Ccp110","Prg2",0.2,0.04
2.47624816150096,3.84892544345237,0.0348666017835272,1,"Pccb","Prg2",0.2,0.04
-0.896924015703228,10.2311479484572,0.0350141637303321,1,"Ctsg","Prg2",0.2,0.04
1.22979832015503,6.06836747141088,0.0361571871988054,1,"Asxl2","Prg2",0.2,0.04
-0.941908219050317,8.72706961173196,0.0364145390173906,1,"Tmsb10","Prg2",0.2,0.04
1.24781468092035,6.01842576413707,0.0368697721828089,1,"Pbx1","Prg2",0.2,0.04
-1.21514393386961,6.4682894612343,0.0372812456463486,1,"BC037034","Prg2",0.2,0.04
-1.32884198452562,5.96987174086373,0.0376208190834082,1,"Csrp3","Prg2",0.2,0.04
1.28212105971656,5.76518955320517,0.0392384893474274,1,"Cyld","Prg2",0.2,0.04
-1.38384772595779,5.74741270237324,0.040101413001327,1,"Cox6b2","Prg2",0.2,0.04
-1.34746660083004,5.72226719294476,0.040101413001327,1,"Pola1","Prg2",0.2,0.04
5.77732564419133,3.31457135637189,0.0409645848047624,1,"Nfib","Prg2",0.2,0.04
5.77732564419133,3.31457135637189,0.0409645848047624,1,"Tnfrsf26","Prg2",0.2,0.04
5.77732564419133,3.31457135637189,0.0409645848047624,1,"Lats2","Prg2",0.2,0.04
5.77732564419133,3.31457135637189,0.0409645848047624,1,"Dhx58","Prg2",0.2,0.04
5.77732564419133,3.31457135637189,0.0409645848047624,1,"Fzd6","Prg2",0.2,0.04
-5.69791112812348,3.63821295171249,0.0409645848047624,1,"Stau2","Prg2",0.2,0.04
-5.69791112812348,3.63821295171249,0.0409645848047624,1,"Per2","Prg2",0.2,0.04
-5.69791112812348,3.63821295171249,0.0409645848047624,1,"Lrba","Prg2",0.2,0.04
-5.69791112812348,3.63821295171249,0.0409645848047624,1,"Gimap5","Prg2",0.2,0.04
-5.69791112812348,3.63821295171249,0.0409645848047624,1,"Dqx1","Prg2",0.2,0.04
-5.69791112812348,3.63821295171249,0.0409645848047624,1,"Ckm","Prg2",0.2,0.04
-5.69791112812348,3.63821295171249,0.0409645848047624,1,"Aatk","Prg2",0.2,0.04
-5.69791112812348,3.63821295171249,0.0409645848047624,1,"Mycn","Prg2",0.2,0.04
-5.50923099745153,3.51730412539282,0.0409645848047624,1,"Rab23","Prg2",0.2,0.04
-5.50923099745153,3.51730412539282,0.0409645848047624,1,"Tmcc2","Prg2",0.2,0.04
-5.50923099745153,3.51730412539282,0.0409645848047624,1,"Ak4","Prg2",0.2,0.04
-5.50923099745153,3.51730412539282,0.0409645848047624,1,"Med18","Prg2",0.2,0.04
-5.50923099745153,3.51730412539282,0.0409645848047624,1,"Plekha5","Prg2",0.2,0.04
-5.50923099745153,3.51730412539282,0.0409645848047624,1,"Esr1","Prg2",0.2,0.04
-5.50923099745153,3.51730412539282,0.0409645848047624,1,"Hmox1","Prg2",0.2,0.04
-5.50923099745153,3.51730412539282,0.0409645848047624,1,"Ddx28","Prg2",0.2,0.04
-5.50923099745153,3.51730412539282,0.0409645848047624,1,"Map3k3","Prg2",0.2,0.04
-5.50923099745153,3.51730412539282,0.0409645848047624,1,"Tbc1d7","Prg2",0.2,0.04
-5.50923099745153,3.51730412539282,0.0409645848047624,1,"Pomt2","Prg2",0.2,0.04
-5.50923099745153,3.51730412539282,0.0409645848047624,1,"Ttc7b","Prg2",0.2,0.04
-5.50923099745153,3.51730412539282,0.0409645848047624,1,"Zfp119b","Prg2",0.2,0.04
-5.50923099745153,3.51730412539282,0.0409645848047624,1,"Ccdc94","Prg2",0.2,0.04
-5.50923099745153,3.51730412539282,0.0409645848047624,1,"1810055G02Rik","Prg2",0.2,0.04
1.36645217691346,5.57145942384406,0.0409935207255904,1,"Zfp451","Prg2",0.2,0.04
1.36645217691346,5.57145942384406,0.0409935207255904,1,"Sell","Prg2",0.2,0.04
-2.93635066697099,4.28560140194626,0.0410320311307923,1,"Jun","Prg2",0.2,0.04
-2.93635066697099,4.28560140194626,0.0410320311307923,1,"Kcnk12","Prg2",0.2,0.04
2.28511725716599,4.1578810138422,0.0410320311307923,1,"Hdac6","Prg2",0.2,0.04
2.28511725716599,4.1578810138422,0.0410320311307923,1,"Amer1","Prg2",0.2,0.04
2.28511725716599,4.1578810138422,0.0410320311307923,1,"Dmwd","Prg2",0.2,0.04
1.267279620293,5.96669865629647,0.0436842254264311,1,"Jmjd1c","Prg2",0.2,0.04
-1.49965526984071,5.31348402026152,0.0436929906786516,1,"Usp50","Prg2",0.2,0.04
1.45645592536657,5.21629753597374,0.0436929906786516,1,"Erlin1","Prg2",0.2,0.04
-2.27626054203786,4.55887532128416,0.0439913106172877,1,"Ces2g","Prg2",0.2,0.04
-2.27626054203786,4.55887532128416,0.0439913106172877,1,"Serpinb6a","Prg2",0.2,0.04
-2.1896233227431,4.49833093014047,0.0439913106172877,1,"Mrps2","Prg2",0.2,0.04
-2.1896233227431,4.49833093014047,0.0439913106172877,1,"Hvcn1","Prg2",0.2,0.04
-1.6557813076548,5.19664299374215,0.0444890890976636,1,"Rassf1","Prg2",0.2,0.04
1.50990222562271,5.125440709725,0.0444890890976636,1,"Uxt","Prg2",0.2,0.04
1.50990222562271,5.125440709725,0.0444890890976636,1,"Gng11","Prg2",0.2,0.04
-1.29791959687679,5.94851998334194,0.0448790152364769,1,"Tbrg1","Prg2",0.2,0.04
1.23791554020377,5.88130982747543,0.0448790152364769,1,"Man2a2","Prg2",0.2,0.04
1.64673338887203,4.92469344273134,0.0451174651451937,1,"Olr1","Prg2",0.2,0.04
1.47989978660105,4.97187654758481,0.0451174651451937,1,"Cic","Prg2",0.2,0.04
1.47989978660105,4.97187654758481,0.0451174651451937,1,"Ston2","Prg2",0.2,0.04
1.73282543334954,4.62095778456359,0.0452021776641502,1,"Sass6","Prg2",0.2,0.04
1.73651170517729,4.81287520598008,0.0454359592573193,1,"Mtmr1","Prg2",0.2,0.04
1.73651170517729,4.81287520598008,0.0454359592573193,1,"Ptger4","Prg2",0.2,0.04
-1.37030887117611,5.87439125599005,0.0461632848677199,1,"Gps2","Prg2",0.2,0.04
-1.01473252206755,7.23583066035408,0.0463386403633482,1,"Gm2a","Prg2",0.2,0.04
-1.20958025896521,6.20546720526458,0.0472122973829664,1,"Angpt1","Prg2",0.2,0.04
1.30747075869683,5.70344452785924,0.0475441295162121,1,"Atad2b","Prg2",0.2,0.04
1.22574288155188,5.73024224018681,0.0475441295162121,1,"Gnb4","Prg2",0.2,0.04
-1.23508154797908,6.12483164156445,0.048597148516322,1,"Snapc5","Prg2",0.2,0.04
1.16880575246231,6.08888932804454,0.048597148516322,1,"Ppp1r15b","Prg2",0.2,0.04
-0.96862611011852,7.40037656414942,0.0487643601756097,1,"Ankrd12","Prg2",0.2,0.04
1.33543671867723,5.63895292366914,0.0490281879270485,1,"2810403A07Rik","Prg2",0.2,0.04
-1.31014424908856,5.69663529852662,0.0490281879270485,1,"Pitpnb","Prg2",0.2,0.04
-1.10531264996651,6.61233751727154,0.0496537126935159,1,"Mcrip1","Prg2",0.2,0.04
1.18412927774692,6.03971521467773,0.050097828479252,1,"Nucb2","Prg2",0.2,0.04
-0.849288760365317,9.35853897580406,0.0505052304165994,1,"Lgals1","Prg2",0.2,0.04
1.30258550156116,5.53176012264516,0.0506207722996915,1,"Cd55","Prg2",0.2,0.04
1.30258550156116,5.53176012264516,0.0506207722996915,1,"Ubqln4","Prg2",0.2,0.04
1.30258550156116,5.53176012264516,0.0506207722996915,1,"Ccdc174","Prg2",0.2,0.04
0.929593614103587,7.61857589740616,0.050900270427738,1,"Zeb2","Prg2",0.2,0.04
1.0194872652415,6.87501855314182,0.0519447325439021,1,"Mgat5","Prg2",0.2,0.04
-1.4658776156356,5.48349003155375,0.0523243385671565,1,"Dhrs4","Prg2",0.2,0.04
-1.4658776156356,5.48349003155375,0.0523243385671565,1,"Ccs","Prg2",0.2,0.04
-0.795382436967994,14.6045888588455,0.0542571376037044,1,"Prg2","Prg2",0.2,0.04
-1.02275048103543,6.96529577714001,0.0546355238109982,1,"Cmpk1","Prg2",0.2,0.04
1.09831824434098,6.15594996097235,0.0549158008895501,1,"Acly","Prg2",0.2,0.04
-1.44930686466896,5.27882922304212,0.0560417731316982,1,"Smim12","Prg2",0.2,0.04
-1.44930686466896,5.27882922304212,0.0560417731316982,1,"Abr","Prg2",0.2,0.04
-1.44930686466896,5.27882922304212,0.0560417731316982,1,"Mnat1","Prg2",0.2,0.04
-0.801426091899821,10.8224711240641,0.0564789121601857,1,"Rpl35","Prg2",0.2,0.04
-1.20715239811625,6.10575518193166,0.05682666138791,1,"Hist1h2ae","Prg2",0.2,0.04
-0.828500646237298,9.38882833697838,0.0572335221708814,1,"Gm10076","Prg2",0.2,0.04
-1.14331221575076,6.33814994217597,0.0574029028912133,1,"Mrps34","Prg2",0.2,0.04
1.42292913987978,5.0722951439263,0.0580100081893484,1,"Ctc1","Prg2",0.2,0.04
-1.60165456774838,5.15890712389395,0.0580100081893485,1,"Tacc3","Prg2",0.2,0.04
-1.60165456774838,5.15890712389395,0.0580100081893485,1,"Mrpl39","Prg2",0.2,0.04
-1.54541768680216,5.1200657451868,0.0580100081893485,1,"Cebpa","Prg2",0.2,0.04
-1.74127384067722,4.98552128481471,0.059973578356584,1,"Sclt1","Prg2",0.2,0.04
-1.74127384067722,4.98552128481471,0.059973578356584,1,"Rcbtb2","Prg2",0.2,0.04
1.54783157450534,4.86402414142437,0.059973578356584,1,"S100a8","Prg2",0.2,0.04
1.54783157450534,4.86402414142437,0.059973578356584,1,"Gclc","Prg2",0.2,0.04
1.54783157450534,4.86402414142437,0.059973578356584,1,"Trib1","Prg2",0.2,0.04
-1.06718629357859,6.44472678066464,0.0613407448962843,1,"Nt5dc2","Prg2",0.2,0.04
1.63032753135632,4.7475503504909,0.0618006707791585,1,"Gfi1b","Prg2",0.2,0.04
1.63032753135632,4.7475503504909,0.0618006707791585,1,"Aldh16a1","Prg2",0.2,0.04
1.63032753135632,4.7475503504909,0.0618006707791585,1,"Trappc11","Prg2",0.2,0.04
1.63032753135632,4.7475503504909,0.0618006707791585,1,"Grpel2","Prg2",0.2,0.04
0.927249810712203,7.31698194435726,0.0621348899929484,1,"Xbp1","Prg2",0.2,0.04
0.983683173112698,6.7214994605031,0.0623123471991124,1,"Gda","Prg2",0.2,0.04
-2.83066676947893,4.21144684208378,0.0623388434335588,1,"Dis3l2","Prg2",0.2,0.04
-2.83066676947893,4.21144684208378,0.0623388434335588,1,"Kctd13","Prg2",0.2,0.04
-2.83066676947893,4.21144684208378,0.0623388434335588,1,"Aig1","Prg2",0.2,0.04
-2.83066676947893,4.21144684208378,0.0623388434335588,1,"Hacd2","Prg2",0.2,0.04
-2.83066676947893,4.21144684208378,0.0623388434335588,1,"Ddah2","Prg2",0.2,0.04
-2.7166247492694,4.1329591629402,0.0623388434335588,1,"3110009E18Rik","Prg2",0.2,0.04
-2.7166247492694,4.1329591629402,0.0623388434335588,1,"Bicd1","Prg2",0.2,0.04
-2.7166247492694,4.1329591629402,0.0623388434335588,1,"Gcdh","Prg2",0.2,0.04
-2.7166247492694,4.1329591629402,0.0623388434335588,1,"Bud13","Prg2",0.2,0.04
-2.7166247492694,4.1329591629402,0.0623388434335588,1,"Zfp386","Prg2",0.2,0.04
-2.7166247492694,4.1329591629402,0.0623388434335588,1,"Tmem186","Prg2",0.2,0.04
-2.7166247492694,4.1329591629402,0.0623388434335588,1,"Zfp994","Prg2",0.2,0.04
2.11703268996482,4.05708780849716,0.0623388434335588,1,"Dclre1c","Prg2",0.2,0.04
2.11703268996482,4.05708780849716,0.0623388434335588,1,"Zfp157","Prg2",0.2,0.04
2.11703268996482,4.05708780849716,0.0623388434335588,1,"Hpn","Prg2",0.2,0.04
2.11703268996482,4.05708780849716,0.0623388434335588,1,"Irf9","Prg2",0.2,0.04
2.11703268996482,4.05708780849716,0.0623388434335588,1,"Dok2","Prg2",0.2,0.04
2.11703268996482,4.05708780849716,0.0623388434335588,1,"B4galt7","Prg2",0.2,0.04
2.11703268996482,4.05708780849716,0.0623388434335588,1,"Zfp952","Prg2",0.2,0.04
1.23576002316564,5.4910759493902,0.0624507086520882,1,"Fam208b","Prg2",0.2,0.04
-1.36009349961365,5.57997979570362,0.0624507086520882,1,"B230118H07Rik","Prg2",0.2,0.04
-1.31846297242599,5.55150119944661,0.0624507086520882,1,"Commd6","Prg2",0.2,0.04
1.60830128483809,4.54697618289314,0.0632342788214804,1,"Nup155","Prg2",0.2,0.04
1.60830128483809,4.54697618289314,0.0632342788214804,1,"Dgat1","Prg2",0.2,0.04
-1.79452195519402,4.68387821578042,0.0632342788214804,1,"Prkab1","Prg2",0.2,0.04
-1.79452195519402,4.68387821578042,0.0632342788214804,1,"Tmem173","Prg2",0.2,0.04
-0.853094304714312,8.13842029110933,0.0634233018191902,1,"S100a11","Prg2",0.2,0.04
-1.20096503135011,5.88232234875416,0.0637358522610697,1,"Ebp","Prg2",0.2,0.04
-2.09744905240855,4.43491248357974,0.0637646780952338,1,"Ube2t","Prg2",0.2,0.04
-2.09744905240855,4.43491248357974,0.0637646780952338,1,"Nudt18","Prg2",0.2,0.04
-2.09744905240855,4.43491248357974,0.0637646780952338,1,"Sik2","Prg2",0.2,0.04
-2.09744905240855,4.43491248357974,0.0637646780952338,1,"0610010K14Rik","Prg2",0.2,0.04
-2.09744905240855,4.43491248357974,0.0637646780952338,1,"Hspa2","Prg2",0.2,0.04
-2.09744905240855,4.43491248357974,0.0637646780952338,1,"Map3k4","Prg2",0.2,0.04
-2.09744905240855,4.43491248357974,0.0637646780952338,1,"H2-Q4","Prg2",0.2,0.04
2.03867357853034,4.32910562966902,0.0637646780952338,1,"Gstcd","Prg2",0.2,0.04
2.03867357853034,4.32910562966902,0.0637646780952338,1,"Mosmo","Prg2",0.2,0.04
1.72769392585607,4.40120007521876,0.0637646780952338,1,"Ctnnd1","Prg2",0.2,0.04
1.72769392585607,4.40120007521876,0.0637646780952338,1,"Susd1","Prg2",0.2,0.04
1.72769392585607,4.40120007521876,0.0637646780952338,1,"Shkbp1","Prg2",0.2,0.04
1.72769392585607,4.40120007521876,0.0637646780952338,1,"Ankrd40","Prg2",0.2,0.04
1.72769392585607,4.40120007521876,0.0637646780952338,1,"Tbcd","Prg2",0.2,0.04
1.72769392585607,4.40120007521876,0.0637646780952338,1,"Zfp839","Prg2",0.2,0.04
1.72769392585607,4.40120007521876,0.0637646780952338,1,"Avpi1","Prg2",0.2,0.04
-1.12889737415811,6.15076210834587,0.0638362512988135,1,"Ankrd10","Prg2",0.2,0.04
-1.42169715037472,5.45294139814186,0.0652687431543615,1,"Ncf1","Prg2",0.2,0.04
-1.42169715037472,5.45294139814186,0.0652687431543615,1,"Hdhd2","Prg2",0.2,0.04
1.3698398058555,5.38257018388868,0.0652687431543615,1,"Tor1aip2","Prg2",0.2,0.04
1.3698398058555,5.38257018388868,0.0652687431543615,1,"Ireb2","Prg2",0.2,0.04
0.999949141699062,6.62469111558268,0.0662197414719233,1,"Stat3","Prg2",0.2,0.04
-1.17867187593804,6.08640081024316,0.0664041117126028,1,"Asf1a","Prg2",0.2,0.04
1.14839767658181,5.75648344817339,0.0665284499020061,1,"Ralgps2","Prg2",0.2,0.04
0.783532236873752,9.64729998693367,0.067157263160725,1,"Dbi","Prg2",0.2,0.04
0.944917145119519,6.76478648148627,0.0672036628366241,1,"Fam117a","Prg2",0.2,0.04
1.03302889868017,6.44740805199937,0.0672614429391785,1,"Usp15","Prg2",0.2,0.04
-0.891813319811628,7.70385816534613,0.0675512483626631,1,"Emp3","Prg2",0.2,0.04
1.08821107047856,5.9808471962671,0.0692351924271849,1,"Tufm","Prg2",0.2,0.04
1.08821107047856,5.9808471962671,0.0692351924271849,1,"Bora","Prg2",0.2,0.04
-0.900748629868054,7.5275453071727,0.069570155292068,1,"Sec62","Prg2",0.2,0.04
1.24879949938246,5.66704784911434,0.0696284377556366,1,"Pno1","Prg2",0.2,0.04
-0.8464455712034,8.11327818191022,0.0703854272536378,1,"Atp6ap2","Prg2",0.2,0.04
0.923467592026429,6.93593430587214,0.0706216700836382,1,"Muc13","Prg2",0.2,0.04
-0.946668797235225,7.05950478258484,0.0711033999342964,1,"Rpia","Prg2",0.2,0.04
-0.882424233813278,7.6977564913967,0.071645879697034,1,"Ncoa4","Prg2",0.2,0.04
-1.39713762115171,5.24324282396804,0.0717909449558736,1,"Tbpl1","Prg2",0.2,0.04
-1.39713762115171,5.24324282396804,0.0717909449558736,1,"Rida","Prg2",0.2,0.04
-1.39713762115171,5.24324282396804,0.0717909449558736,1,"Gfer","Prg2",0.2,0.04
1.37442924302241,5.16623772389668,0.0717909449558736,1,"Mms22l","Prg2",0.2,0.04
1.37442924302241,5.16623772389668,0.0717909449558736,1,"Csf3r","Prg2",0.2,0.04
-1.14179573332647,5.95623107252955,0.0723694331662247,1,"Rbm22","Prg2",0.2,0.04
-1.05633913000784,6.36080250071397,0.0724026774512404,1,"Gstm5","Prg2",0.2,0.04
0.862065843894947,7.59450426266345,0.072890532979334,1,"Gatm","Prg2",0.2,0.04
-1.23247178153704,5.64383284339027,0.0730843593059278,1,"Birc2","Prg2",0.2,0.04
-1.23247178153704,5.64383284339027,0.0730843593059278,1,"Hhex","Prg2",0.2,0.04
-1.10096822429528,6.13201471739348,0.0741519516438845,1,"Gpsm3","Prg2",0.2,0.04
1.06461846173732,6.08124828972723,0.0741519516438845,1,"Rapgef6","Prg2",0.2,0.04
-0.832337569186847,8.08304273252623,0.0747552230681577,1,"Zfp36l2","Prg2",0.2,0.04
5.46195867430668,3.13561085772968,0.075101738808731,1,"Dusp10","Prg2",0.2,0.04
5.46195867430668,3.13561085772968,0.075101738808731,1,"Ralgps1","Prg2",0.2,0.04
5.46195867430668,3.13561085772968,0.075101738808731,1,"Spef1","Prg2",0.2,0.04
5.46195867430668,3.13561085772968,0.075101738808731,1,"Acad12","Prg2",0.2,0.04
5.46195867430668,3.13561085772968,0.075101738808731,1,"Podxl","Prg2",0.2,0.04
5.46195867430668,3.13561085772968,0.075101738808731,1,"Zfp36","Prg2",0.2,0.04
5.46195867430668,3.13561085772968,0.075101738808731,1,"Lins1","Prg2",0.2,0.04
5.46195867430668,3.13561085772968,0.075101738808731,1,"Mcf2l","Prg2",0.2,0.04
5.46195867430668,3.13561085772968,0.075101738808731,1,"Gpr18","Prg2",0.2,0.04
5.46195867430668,3.13561085772968,0.075101738808731,1,"Xylt2","Prg2",0.2,0.04
5.46195867430668,3.13561085772968,0.075101738808731,1,"Dnajc27","Prg2",0.2,0.04
-5.2921082785752,3.38459980190954,0.075101738808731,1,"Glb1l","Prg2",0.2,0.04
-5.2921082785752,3.38459980190954,0.075101738808731,1,"Ccdc173","Prg2",0.2,0.04
-5.2921082785752,3.38459980190954,0.075101738808731,1,"Cdc25b","Prg2",0.2,0.04
-5.2921082785752,3.38459980190954,0.075101738808731,1,"Map7d3","Prg2",0.2,0.04
-5.2921082785752,3.38459980190954,0.075101738808731,1,"Dnajc6","Prg2",0.2,0.04
-5.2921082785752,3.38459980190954,0.075101738808731,1,"Acap3","Prg2",0.2,0.04
-5.2921082785752,3.38459980190954,0.075101738808731,1,"Tesc","Prg2",0.2,0.04
-5.2921082785752,3.38459980190954,0.075101738808731,1,"Trip6","Prg2",0.2,0.04
-5.2921082785752,3.38459980190954,0.075101738808731,1,"A430033K04Rik","Prg2",0.2,0.04
-5.2921082785752,3.38459980190954,0.075101738808731,1,"Krba1","Prg2",0.2,0.04
-5.2921082785752,3.38459980190954,0.075101738808731,1,"Ggcx","Prg2",0.2,0.04
-5.2921082785752,3.38459980190954,0.075101738808731,1,"Hddc3","Prg2",0.2,0.04
-5.2921082785752,3.38459980190954,0.075101738808731,1,"Mrgpre","Prg2",0.2,0.04
-5.2921082785752,3.38459980190954,0.075101738808731,1,"Ska3","Prg2",0.2,0.04
-5.2921082785752,3.38459980190954,0.075101738808731,1,"Calml4","Prg2",0.2,0.04
-5.2921082785752,3.38459980190954,0.075101738808731,1,"Parp16","Prg2",0.2,0.04
-5.2921082785752,3.38459980190954,0.075101738808731,1,"Hmgn3","Prg2",0.2,0.04
-5.2921082785752,3.38459980190954,0.075101738808731,1,"Bfsp2","Prg2",0.2,0.04
-5.2921082785752,3.38459980190954,0.075101738808731,1,"Chac2","Prg2",0.2,0.04
-5.2921082785752,3.38459980190954,0.075101738808731,1,"Alox15","Prg2",0.2,0.04
-5.2921082785752,3.38459980190954,0.075101738808731,1,"Klhdc1","Prg2",0.2,0.04
-5.2921082785752,3.38459980190954,0.075101738808731,1,"Soat2","Prg2",0.2,0.04
-5.2921082785752,3.38459980190954,0.075101738808731,1,"Igf2r","Prg2",0.2,0.04
-5.2921082785752,3.38459980190954,0.075101738808731,1,"Gm26724","Prg2",0.2,0.04
-5.2921082785752,3.38459980190954,0.075101738808731,1,"Cd74","Prg2",0.2,0.04
-5.2921082785752,3.38459980190954,0.075101738808731,1,"Gm45871","Prg2",0.2,0.04
1.13136710579172,5.81590340819815,0.0758548642564832,1,"Mfge8","Prg2",0.2,0.04
-1.16714276842306,5.85950063453128,0.0758548642564832,1,"Ccl9","Prg2",0.2,0.04
-1.27559536565144,5.52239605106731,0.0769542838705062,1,"Ppp5c","Prg2",0.2,0.04
-1.27559536565144,5.52239605106731,0.0769542838705062,1,"Adgrg1","Prg2",0.2,0.04
-1.27559536565144,5.52239605106731,0.0769542838705062,1,"Ctnna1","Prg2",0.2,0.04
-0.867652420518359,7.53805960717872,0.0775893132765241,1,"Ear1","Prg2",0.2,0.04
-0.818244543485544,8.15685911665454,0.0792268959442829,1,"Mrpl33","Prg2",0.2,0.04
-1.00317877787492,6.54407085534342,0.079573746210387,1,"Mrpl21","Prg2",0.2,0.04
-1.67758843750379,4.94137236770748,0.0796048708144927,1,"2410004B18Rik","Prg2",0.2,0.04
-1.67758843750379,4.94137236770748,0.0796048708144927,1,"Thumpd3","Prg2",0.2,0.04
-1.67758843750379,4.94137236770748,0.0796048708144927,1,"Apeh","Prg2",0.2,0.04
-1.67758843750379,4.94137236770748,0.0796048708144927,1,"Senp7","Prg2",0.2,0.04
-1.61096139318821,4.89570459549749,0.0796048708144927,1,"Rrnad1","Prg2",0.2,0.04
-1.61096139318821,4.89570459549749,0.0796048708144927,1,"Nup43","Prg2",0.2,0.04
-1.61096139318821,4.89570459549749,0.0796048708144927,1,"Banp","Prg2",0.2,0.04
-1.61096139318821,4.89570459549749,0.0796048708144927,1,"Dlat","Prg2",0.2,0.04
-1.61096139318821,4.89570459549749,0.0796048708144927,1,"Mis18bp1","Prg2",0.2,0.04
-1.23331867221217,5.78033339569282,0.0797496730278267,1,"Armcx3","Prg2",0.2,0.04
1.08972641726744,5.72143129654998,0.0797496730278267,1,"Fnbp4","Prg2",0.2,0.04
1.08972641726744,5.72143129654998,0.0797496730278267,1,"Rere","Prg2",0.2,0.04
-0.897270683047246,7.11603869502834,0.0798250832438171,1,"Nars","Prg2",0.2,0.04
1.03774944159689,5.95059515593071,0.0812892916133329,1,"Tcf12","Prg2",0.2,0.04
-1.37612086423116,5.42167126226851,0.0813077284300527,1,"Rrp7a","Prg2",0.2,0.04
-1.32905767365184,5.38964419179687,0.0813077284300527,1,"Dnpep","Prg2",0.2,0.04
-1.32905767365184,5.38964419179687,0.0813077284300527,1,"Taf12","Prg2",0.2,0.04
0.894413488154858,6.94677654292892,0.082342358939761,1,"Nup210","Prg2",0.2,0.04
1.51570271447321,4.67951854744046,0.0839319949325028,1,"Copg2","Prg2",0.2,0.04
1.51570271447321,4.67951854744046,0.0839319949325028,1,"Ccdc186","Prg2",0.2,0.04
1.18764068728414,5.62982348660975,0.0841249098572357,1,"Zfp280d","Prg2",0.2,0.04
1.18764068728414,5.62982348660975,0.0841249098572357,1,"Poldip3","Prg2",0.2,0.04
0.922403733160505,6.68413759808311,0.0856430823332137,1,"Nadk2","Prg2",0.2,0.04
-0.966909543445307,6.45099368153328,0.0861436691300297,1,"Hcst","Prg2",0.2,0.04
-0.709067762027191,12.313585233094,0.0875068670829872,1,"Rpl39","Prg2",0.2,0.04
-0.708023747216922,12.4324678326817,0.0877980918131435,1,"Rps29","Prg2",0.2,0.04
-1.71279407804906,4.62853921438272,0.0883315892041972,1,"Pygo2","Prg2",0.2,0.04
-1.71279407804906,4.62853921438272,0.0883315892041972,1,"Lat2","Prg2",0.2,0.04
-1.71279407804906,4.62853921438272,0.0883315892041972,1,"Gna11","Prg2",0.2,0.04
-1.71279407804906,4.62853921438272,0.0883315892041972,1,"Dimt1","Prg2",0.2,0.04
-1.71279407804906,4.62853921438272,0.0883315892041972,1,"Zdhhc16","Prg2",0.2,0.04
-1.62615685875429,4.57079919184922,0.0883315892041972,1,"Map3k10","Prg2",0.2,0.04
-1.62615685875429,4.57079919184922,0.0883315892041972,1,"Prr14","Prg2",0.2,0.04
-1.62615685875429,4.57079919184922,0.0883315892041972,1,"Lonp2","Prg2",0.2,0.04
-1.62615685875429,4.57079919184922,0.0883315892041972,1,"Khnyn","Prg2",0.2,0.04
-1.62615685875429,4.57079919184922,0.0883315892041972,1,"Gm5617","Prg2",0.2,0.04
1.4720049147902,4.4694990587436,0.0883315892041972,1,"Zbtb37","Prg2",0.2,0.04
1.4720049147902,4.4694990587436,0.0883315892041972,1,"3110082I17Rik","Prg2",0.2,0.04
1.4720049147902,4.4694990587436,0.0883315892041972,1,"A230050P20Rik","Prg2",0.2,0.04
1.4720049147902,4.4694990587436,0.0883315892041972,1,"Map4k5","Prg2",0.2,0.04
-0.916550972323229,6.79007449240075,0.088337085913187,1,"Edem2","Prg2",0.2,0.04
0.783690357724953,8.02716502962891,0.0886027819052725,1,"Fus","Prg2",0.2,0.04
0.839994847121397,7.34955835727564,0.0893857550029239,1,"Sumo3","Prg2",0.2,0.04
-0.998097407509082,6.39881940348049,0.0899024144379386,1,"Eef2k","Prg2",0.2,0.04
-1.13250850853773,5.83627846033382,0.0901797490493076,1,"Hes6","Prg2",0.2,0.04
-0.739232106183173,9.38293533872272,0.0901821866851795,1,"Ms4a3","Prg2",0.2,0.04
0.992022260917314,6.19407452367195,0.0902831357385273,1,"Rnf4","Prg2",0.2,0.04
0.992022260917314,6.19407452367195,0.0902831357385273,1,"Ckap4","Prg2",0.2,0.04
-1.11996650759721,6.04682418234985,0.0904457708028107,1,"Bin1","Prg2",0.2,0.04
-1.08969301913107,6.02658384562276,0.0904457708028107,1,"Wasf2","Prg2",0.2,0.04
-0.815765645700619,7.76452995575418,0.0912146786805657,1,"2410015M20Rik","Prg2",0.2,0.04
-0.705104078980936,11.3522979213264,0.0912820482846969,1,"Rps27","Prg2",0.2,0.04
-1.3430108812453,5.20667275213392,0.091812305918561,1,"Fam98b","Prg2",0.2,0.04
-1.3430108812453,5.20667275213392,0.091812305918561,1,"Chmp1a","Prg2",0.2,0.04
1.28745615727948,5.11460838524059,0.091812305918561,1,"Akr1c13","Prg2",0.2,0.04
1.28745615727948,5.11460838524059,0.091812305918561,1,"Ak3","Prg2",0.2,0.04
-1.28677400029908,5.16906246277128,0.091812305918561,1,"Itpr1","Prg2",0.2,0.04
-1.28677400029908,5.16906246277128,0.091812305918561,1,"Wdyhv1","Prg2",0.2,0.04
3.15555463732882,3.60607232044036,0.0922986509761439,1,"Slc41a1","Prg2",0.2,0.04
3.15555463732882,3.60607232044036,0.0922986509761439,1,"Trit1","Prg2",0.2,0.04
3.15555463732882,3.60607232044036,0.0922986509761439,1,"Zfand4","Prg2",0.2,0.04
3.15555463732882,3.60607232044036,0.0922986509761439,1,"Pgghg","Prg2",0.2,0.04
3.15555463732882,3.60607232044036,0.0922986509761439,1,"B230208H11Rik","Prg2",0.2,0.04
3.15555463732882,3.60607232044036,0.0922986509761439,1,"Arid5b","Prg2",0.2,0.04
3.15555463732882,3.60607232044036,0.0922986509761439,1,"Styx","Prg2",0.2,0.04
3.15555463732882,3.60607232044036,0.0922986509761439,1,"Afdn","Prg2",0.2,0.04
2.25700016976091,3.72516464263733,0.0922986509761439,1,"Gpc3","Prg2",0.2,0.04
2.25700016976091,3.72516464263733,0.0922986509761439,1,"9930104L06Rik","Prg2",0.2,0.04
2.25700016976091,3.72516464263733,0.0922986509761439,1,"E2f2","Prg2",0.2,0.04
2.25700016976091,3.72516464263733,0.0922986509761439,1,"Lmtk2","Prg2",0.2,0.04
2.25700016976091,3.72516464263733,0.0922986509761439,1,"Rccd1","Prg2",0.2,0.04
2.25700016976091,3.72516464263733,0.0922986509761439,1,"Zbtb24","Prg2",0.2,0.04
2.25700016976091,3.72516464263733,0.0922986509761439,1,"Adgrl1","Prg2",0.2,0.04
2.25700016976091,3.72516464263733,0.0922986509761439,1,"Rnf135","Prg2",0.2,0.04
2.25700016976091,3.72516464263733,0.0922986509761439,1,"1300002E11Rik","Prg2",0.2,0.04
2.25700016976091,3.72516464263733,0.0922986509761439,1,"Aldh3b1","Prg2",0.2,0.04
-1.99898136180793,4.36833440924247,0.0923262088967114,1,"Dnajc17","Prg2",0.2,0.04
-1.99898136180793,4.36833440924247,0.0923262088967114,1,"Map1lc3a","Prg2",0.2,0.04
-1.99898136180793,4.36833440924247,0.0923262088967114,1,"Mnd1","Prg2",0.2,0.04
-1.99898136180793,4.36833440924247,0.0923262088967114,1,"Rbm48","Prg2",0.2,0.04
-1.99898136180793,4.36833440924247,0.0923262088967114,1,"Arfip2","Prg2",0.2,0.04
-1.99898136180793,4.36833440924247,0.0923262088967114,1,"2510046G10Rik","Prg2",0.2,0.04
-1.99898136180793,4.36833440924247,0.0923262088967114,1,"Msantd4","Prg2",0.2,0.04
-1.99898136180793,4.36833440924247,0.0923262088967114,1,"Immp2l","Prg2",0.2,0.04
-1.99898136180793,4.36833440924247,0.0923262088967114,1,"Ccdc134","Prg2",0.2,0.04
1.88814452478472,4.23925169364129,0.0923262088967114,1,"Agap1","Prg2",0.2,0.04
1.88814452478472,4.23925169364129,0.0923262088967114,1,"Prdm4","Prg2",0.2,0.04
1.88814452478472,4.23925169364129,0.0923262088967114,1,"Kat6b","Prg2",0.2,0.04
1.88814452478472,4.23925169364129,0.0923262088967114,1,"Extl3","Prg2",0.2,0.04
1.88814452478472,4.23925169364129,0.0923262088967114,1,"Rad1","Prg2",0.2,0.04
-1.23141490039056,5.4926356752583,0.0946878444889178,1,"Asnsd1","Prg2",0.2,0.04
-1.23141490039056,5.4926356752583,0.0946878444889178,1,"Slain2","Prg2",0.2,0.04
-1.23141490039056,5.4926356752583,0.0946878444889178,1,"Klk8","Prg2",0.2,0.04
-1.23141490039056,5.4926356752583,0.0946878444889178,1,"Epm2aip1","Prg2",0.2,0.04
1.16568821776283,5.44935925809024,0.0946878444889179,1,"Btk","Prg2",0.2,0.04
1.92675043998066,3.94960184265134,0.094716842521096,1,"Prr14l","Prg2",0.2,0.04
1.92675043998066,3.94960184265134,0.094716842521096,1,"Pde3b","Prg2",0.2,0.04
1.92675043998066,3.94960184265134,0.094716842521096,1,"Gorasp1","Prg2",0.2,0.04
1.92675043998066,3.94960184265134,0.094716842521096,1,"Pimreg","Prg2",0.2,0.04
1.92675043998066,3.94960184265134,0.094716842521096,1,"Wdr37","Prg2",0.2,0.04
1.92675043998066,3.94960184265134,0.094716842521096,1,"Brpf3","Prg2",0.2,0.04
-2.5927881706734,4.04960444231983,0.094716842521096,1,"Notch1","Prg2",0.2,0.04
-2.5927881706734,4.04960444231983,0.094716842521096,1,"Orc5","Prg2",0.2,0.04
-2.5927881706734,4.04960444231983,0.094716842521096,1,"Acp5","Prg2",0.2,0.04
-2.5927881706734,4.04960444231983,0.094716842521096,1,"Uty","Prg2",0.2,0.04
-2.5927881706734,4.04960444231983,0.094716842521096,1,"Sfxn2","Prg2",0.2,0.04
-2.5927881706734,4.04960444231983,0.094716842521096,1,"Dclre1a","Prg2",0.2,0.04
0.954254840884683,6.12146353449281,0.0947833523340269,1,"Ddx3y","Prg2",0.2,0.04
-1.19693754708441,5.75573708501804,0.0954815930704699,1,"Rnf181","Prg2",0.2,0.04
-1.19693754708441,5.75573708501804,0.0954815930704699,1,"Snx6","Prg2",0.2,0.04
-1.15961519534294,5.73067470611571,0.0954815930704699,1,"Arhgap17","Prg2",0.2,0.04
-1.15961519534294,5.73067470611571,0.0954815930704699,1,"Fbxo22","Prg2",0.2,0.04
-0.693304673702201,11.7767049773145,0.0957322441360748,1,"Mpo","Prg2",0.2,0.04
-0.786385381578697,7.98826837857859,0.0961614702369874,1,"Crip1","Prg2",0.2,0.04
0.830050695036935,7.11785208190653,0.096214508697963,1,"Usp1","Prg2",0.2,0.04
-1.42590687079256,5.03879080666378,0.0981750123287305,1,"Sgf29","Prg2",0.2,0.04
-1.42590687079256,5.03879080666378,0.0981750123287305,1,"Atg5","Prg2",0.2,0.04
-1.42590687079256,5.03879080666378,0.0981750123287305,1,"Hist1h1c","Prg2",0.2,0.04
1.38099797223436,4.91320593855619,0.0981750123287305,1,"Arhgap21","Prg2",0.2,0.04
1.38099797223436,4.91320593855619,0.0981750123287305,1,"Kdm6a","Prg2",0.2,0.04
1.38099797223436,4.91320593855619,0.0981750123287305,1,"Kctd12","Prg2",0.2,0.04
1.38099797223436,4.91320593855619,0.0981750123287305,1,"Slc36a4","Prg2",0.2,0.04
1.38099797223436,4.91320593855619,0.0981750123287305,1,"F2r","Prg2",0.2,0.04
1.38099797223436,4.91320593855619,0.0981750123287305,1,"Napg","Prg2",0.2,0.04
1.23147277644943,4.96056731344333,0.0981750123287305,1,"Qsox2","Prg2",0.2,0.04
1.23147277644943,4.96056731344333,0.0981750123287305,1,"Gcnt2","Prg2",0.2,0.04
1.23147277644943,4.96056731344333,0.0981750123287305,1,"Ankrd54","Prg2",0.2,0.04
1.23147277644943,4.96056731344333,0.0981750123287305,1,"D030056L22Rik","Prg2",0.2,0.04
-1.0434335982455,6.09370573631904,0.0997931678570834,1,"P2rx4","Prg2",0.2,0.04
-0.960210848891994,6.5157557709311,0.100410361875075,1,"Lage3","Prg2",0.2,0.04
1.06151345467385,5.84051767403174,0.100850326497024,1,"Msl2","Prg2",0.2,0.04
1.06151345467385,5.84051767403174,0.100850326497024,1,"Arid1b","Prg2",0.2,0.04
0.994886410358276,5.86466288958553,0.100850326497024,1,"Tug1","Prg2",0.2,0.04
1.21857732656103,5.29156322816888,0.101120592594142,1,"Sik3","Prg2",0.2,0.04
1.11289342906897,5.32758747025216,0.101120592594142,1,"Cdc16","Prg2",0.2,0.04
-1.28040727810067,5.35682208442729,0.101120592594142,1,"Zpr1","Prg2",0.2,0.04
-0.901370501357122,6.7245537348682,0.101462096486342,1,"Rock1","Prg2",0.2,0.04
1.12377401193184,5.59173499409286,0.101499836886466,1,"Atl2","Prg2",0.2,0.04
-0.950128775053052,6.36731019977944,0.101979697710449,1,"Arpc5l","Prg2",0.2,0.04
-0.950128775053052,6.36731019977944,0.101979697710449,1,"Plcb2","Prg2",0.2,0.04
-0.950128775053052,6.36731019977944,0.101979697710449,1,"Chmp5","Prg2",0.2,0.04
-0.950128775053052,6.36731019977944,0.101979697710449,1,"Nfu1","Prg2",0.2,0.04
-0.964839732176577,6.21935133602004,0.103657968531208,1,"Iqgap2","Prg2",0.2,0.04
1.44164740068436,4.80103029993246,0.105439901504063,1,"Pigm","Prg2",0.2,0.04
1.44164740068436,4.80103029993246,0.105439901504063,1,"Lmf1","Prg2",0.2,0.04
-1.54110774207034,4.84840921451267,0.105439901504063,1,"Fgl2","Prg2",0.2,0.04
-1.54110774207034,4.84840921451267,0.105439901504063,1,"Nudt1","Prg2",0.2,0.04
-1.54110774207034,4.84840921451267,0.105439901504063,1,"Gimap1","Prg2",0.2,0.04
-1.54110774207034,4.84840921451267,0.105439901504063,1,"Mgmt","Prg2",0.2,0.04
-1.54110774207034,4.84840921451267,0.105439901504063,1,"Cbll1","Prg2",0.2,0.04
-1.54110774207034,4.84840921451267,0.105439901504063,1,"Ncf4","Prg2",0.2,0.04
-1.54110774207034,4.84840921451267,0.105439901504063,1,"Mcrip2","Prg2",0.2,0.04
-0.924135619335104,6.68147915908952,0.105610604878247,1,"Birc5","Prg2",0.2,0.04
0.888909924228869,6.27407858887776,0.107042695712584,1,"P2ry14","Prg2",0.2,0.04
-0.982536883769908,6.31194149994188,0.107042695712584,1,"Zcchc7","Prg2",0.2,0.04
1.01631766831266,5.74777161770717,0.107073534154523,1,"Ube2g1","Prg2",0.2,0.04
-1.10751079845027,5.5604504358383,0.108378696843745,1,"Cars2","Prg2",0.2,0.04
-1.10751079845027,5.5604504358383,0.108378696843745,1,"Samd1","Prg2",0.2,0.04
-1.10751079845027,5.5604504358383,0.108378696843745,1,"Ak6","Prg2",0.2,0.04
-1.10751079845027,5.5604504358383,0.108378696843745,1,"Pcnx","Prg2",0.2,0.04
-0.789849581781835,7.42340990701363,0.108432826874074,1,"Bola2","Prg2",0.2,0.04
1.25059266442641,5.20576614005482,0.108539012545616,1,"Sirpa","Prg2",0.2,0.04
-0.811731873755847,7.29840175856468,0.108822639076812,1,"Rfc2","Prg2",0.2,0.04
-0.759457233848016,7.90266620539547,0.108926570333375,1,"Serpinb1a","Prg2",0.2,0.04
-0.97358588775038,6.13919114747773,0.109289805944283,1,"Mcts1","Prg2",0.2,0.04
-0.676532851922635,10.1963315814089,0.112040805365892,1,"Ubb","Prg2",0.2,0.04
0.941673855745565,6.21271604382276,0.112653431294427,1,"Ppp1r2","Prg2",0.2,0.04
1.39117856596176,4.60854941777504,0.113724162062005,1,"Smg7","Prg2",0.2,0.04
1.39117856596176,4.60854941777504,0.113724162062005,1,"Ptgr1","Prg2",0.2,0.04
1.39117856596176,4.60854941777504,0.113724162062005,1,"Stx7","Prg2",0.2,0.04
1.39117856596176,4.60854941777504,0.113724162062005,1,"Lztfl1","Prg2",0.2,0.04
1.39117856596176,4.60854941777504,0.113724162062005,1,"Nampt","Prg2",0.2,0.04
1.39117856596176,4.60854941777504,0.113724162062005,1,"Dtd2","Prg2",0.2,0.04
1.39117856596176,4.60854941777504,0.113724162062005,1,"Cers5","Prg2",0.2,0.04
1.39117856596176,4.60854941777504,0.113724162062005,1,"Abcf3","Prg2",0.2,0.04
1.39117856596176,4.60854941777504,0.113724162062005,1,"Camk2a","Prg2",0.2,0.04
1.39117856596176,4.60854941777504,0.113724162062005,1,"CAAA01118383.1","Prg2",0.2,0.04
-1.12130161912418,5.70512786950434,0.114153316353405,1,"BC003965","Prg2",0.2,0.04
0.865937859371546,6.54396690065772,0.115048540812744,1,"Lair1","Prg2",0.2,0.04
0.885041541345085,6.31583597768147,0.115585127029685,1,"Cop1","Prg2",0.2,0.04
-0.92553279401826,6.3512708584475,0.115585127029685,1,"Znrf1","Prg2",0.2,0.04
0.968700254468968,6.02410615544743,0.115590140656623,1,"H1f0","Prg2",0.2,0.04
-1.01378233377624,6.07412770970738,0.115590140656623,1,"Naxe","Prg2",0.2,0.04
-1.01378233377624,6.07412770970738,0.115590140656623,1,"Zbtb20","Prg2",0.2,0.04
-0.983508845310093,6.05425573162099,0.115590140656623,1,"Zcchc17","Prg2",0.2,0.04
-0.678055370526899,9.62333450978884,0.115655038685389,1,"Myl12b","Prg2",0.2,0.04
-0.746673589739164,7.96315540676603,0.115928983636303,1,"1700123O20Rik","Prg2",0.2,0.04
-1.185838614247,5.46218938399755,0.11630187812247,1,"Paxx","Prg2",0.2,0.04
-1.185838614247,5.46218938399755,0.11630187812247,1,"Hist1h1e","Prg2",0.2,0.04
-1.185838614247,5.46218938399755,0.11630187812247,1,"Ptp4a3","Prg2",0.2,0.04
1.09203850094176,5.40655887462178,0.11630187812247,1,"Gon4l","Prg2",0.2,0.04
1.09203850094176,5.40655887462178,0.11630187812247,1,"Nacc1","Prg2",0.2,0.04
1.19490160821582,5.06131144733108,0.11716402921547,1,"Mbnl3","Prg2",0.2,0.04
1.19490160821582,5.06131144733108,0.11716402921547,1,"Emc1","Prg2",0.2,0.04
1.19490160821582,5.06131144733108,0.11716402921547,1,"Tmem106b","Prg2",0.2,0.04
1.19490160821582,5.06131144733108,0.11716402921547,1,"Emilin2","Prg2",0.2,0.04
-1.2282557519822,5.1303504123397,0.11716402921547,1,"Cryzl2","Prg2",0.2,0.04
-1.2282557519822,5.1303504123397,0.11716402921547,1,"Eefsec","Prg2",0.2,0.04
-1.2282557519822,5.1303504123397,0.11716402921547,1,"Acaa1a","Prg2",0.2,0.04
-0.739196717289524,7.68931659853561,0.118753021619094,1,"S100a10","Prg2",0.2,0.04
-1.00798436002628,5.8675022520304,0.118829518634956,1,"Tet3","Prg2",0.2,0.04
-0.937441010727757,6.20147759557346,0.11889797651731,1,"Setd2","Prg2",0.2,0.04
-0.909511860864929,6.18335929816699,0.11889797651731,1,"Rnaseh2b","Prg2",0.2,0.04
0.902085597367435,6.14110358737677,0.11889797651731,1,"Mospd3","Prg2",0.2,0.04
-0.890139043489176,6.53602434135258,0.120437481671372,1,"Bloc1s2","Prg2",0.2,0.04
0.808765910075888,7.02999979474835,0.120787914116542,1,"Lims1","Prg2",0.2,0.04
0.826922178857688,6.59278732642754,0.122464398913656,1,"Fam120a","Prg2",0.2,0.04
-1.53398258841974,4.5104405438233,0.123084780529072,1,"Kdelc1","Prg2",0.2,0.04
-1.53398258841974,4.5104405438233,0.123084780529072,1,"Cacfd1","Prg2",0.2,0.04
-1.53398258841974,4.5104405438233,0.123084780529072,1,"Pigv","Prg2",0.2,0.04
-1.53398258841974,4.5104405438233,0.123084780529072,1,"Zkscan1","Prg2",0.2,0.04
-1.53398258841974,4.5104405438233,0.123084780529072,1,"Osbpl3","Prg2",0.2,0.04
-1.53398258841974,4.5104405438233,0.123084780529072,1,"Rassf4","Prg2",0.2,0.04
-1.53398258841974,4.5104405438233,0.123084780529072,1,"Gm5914","Prg2",0.2,0.04
-1.53398258841974,4.5104405438233,0.123084780529072,1,"Slc7a6os","Prg2",0.2,0.04
-1.53398258841974,4.5104405438233,0.123084780529072,1,"Ppcdc","Prg2",0.2,0.04
-1.53398258841974,4.5104405438233,0.123084780529072,1,"Ormdl3","Prg2",0.2,0.04
-1.53398258841974,4.5104405438233,0.123084780529072,1,"Zfp608","Prg2",0.2,0.04
0.784656312778509,6.93656506646796,0.123874396523716,1,"Cenpa","Prg2",0.2,0.04
0.881397017481011,6.3564289676268,0.124201898931867,1,"Bach1","Prg2",0.2,0.04
-0.701409848587268,8.28906813781828,0.12536960181699,1,"Atp6v0e","Prg2",0.2,0.04
-1.23005887292892,5.32316389373637,0.125506638815448,1,"Kdsr","Prg2",0.2,0.04
-1.23005887292892,5.32316389373637,0.125506638815448,1,"Crtc3","Prg2",0.2,0.04
1.13655064421688,5.24410359146966,0.125506638815448,1,"Sp140","Prg2",0.2,0.04
1.13655064421688,5.24410359146966,0.125506638815448,1,"Zswim8","Prg2",0.2,0.04
1.13655064421688,5.24410359146966,0.125506638815448,1,"Slc25a28","Prg2",0.2,0.04
1.03086674672481,5.28132081959261,0.125506638815448,1,"Prmt5","Prg2",0.2,0.04
1.03086674672481,5.28132081959261,0.125506638815448,1,"Zbtb16","Prg2",0.2,0.04
0.834243183435572,6.44998016397432,0.12635353802841,1,"Birc6","Prg2",0.2,0.04
-1.06064117703652,5.78857335568477,0.126945433155756,1,"Kmt2c","Prg2",0.2,0.04
-1.06064117703652,5.78857335568477,0.126945433155756,1,"Sirt3","Prg2",0.2,0.04
0.66204746054886,9.08790608970851,0.127182007604379,1,"Arsb","Prg2",0.2,0.04
-1.36222146761913,4.9962028241919,0.127280866783699,1,"Tspan4","Prg2",0.2,0.04
-1.36222146761913,4.9962028241919,0.127280866783699,1,"2010111I01Rik","Prg2",0.2,0.04
-0.70632296025979,8.27457480464141,0.12749984360316,1,"F630028O10Rik","Prg2",0.2,0.04
-0.721956499250983,7.83150636757055,0.128169528996439,1,"Vim","Prg2",0.2,0.04
-0.844957488432645,6.56990677969127,0.128247142982448,1,"Cxcr4","Prg2",0.2,0.04
-0.875045936713335,6.31859854694551,0.130888020120319,1,"Mrps26","Prg2",0.2,0.04
1.07351394742828,5.48147946663298,0.131632762443942,1,"Ap4m1","Prg2",0.2,0.04
-1.06333033318939,5.53144310578305,0.131632762443942,1,"Tm9sf4","Prg2",0.2,0.04
-1.06333033318939,5.53144310578305,0.131632762443942,1,"Bud23","Prg2",0.2,0.04
-1.89329746431587,4.29826672378823,0.133361551109447,1,"Disp1","Prg2",0.2,0.04
-1.89329746431587,4.29826672378823,0.133361551109447,1,"Arfip1","Prg2",0.2,0.04
-1.89329746431587,4.29826672378823,0.133361551109447,1,"Slc9a1","Prg2",0.2,0.04
-1.89329746431587,4.29826672378823,0.133361551109447,1,"Gm17745","Prg2",0.2,0.04
-1.89329746431587,4.29826672378823,0.133361551109447,1,"Gns","Prg2",0.2,0.04
-1.89329746431587,4.29826672378823,0.133361551109447,1,"Akap11","Prg2",0.2,0.04
-1.89329746431587,4.29826672378823,0.133361551109447,1,"Ccdc69","Prg2",0.2,0.04
-1.89329746431587,4.29826672378823,0.133361551109447,1,"Med24","Prg2",0.2,0.04
-1.89329746431587,4.29826672378823,0.133361551109447,1,"Zbtb25","Prg2",0.2,0.04
1.72005995758356,4.14414734916008,0.133361551109447,1,"Ifi203","Prg2",0.2,0.04
1.72005995758356,4.14414734916008,0.133361551109447,1,"Zswim1","Prg2",0.2,0.04
1.72005995758356,4.14414734916008,0.133361551109447,1,"Zfp777","Prg2",0.2,0.04
1.72005995758356,4.14414734916008,0.133361551109447,1,"Btbd10","Prg2",0.2,0.04
1.72005995758356,4.14414734916008,0.133361551109447,1,"Zfp668","Prg2",0.2,0.04
1.72005995758356,4.14414734916008,0.133361551109447,1,"Peak1","Prg2",0.2,0.04
1.72005995758356,4.14414734916008,0.133361551109447,1,"Cep68","Prg2",0.2,0.04
1.72005995758356,4.14414734916008,0.133361551109447,1,"Cd68","Prg2",0.2,0.04
1.72005995758356,4.14414734916008,0.133361551109447,1,"Lysmd3","Prg2",0.2,0.04
1.72005995758356,4.14414734916008,0.133361551109447,1,"Rnf144a","Prg2",0.2,0.04
1.72005995758356,4.14414734916008,0.133361551109447,1,"Dnajc18","Prg2",0.2,0.04
1.72005995758356,4.14414734916008,0.133361551109447,1,"Cep76","Prg2",0.2,0.04
-0.952586457661259,6.03408059311555,0.133727063174126,1,"Mettl23","Prg2",0.2,0.04
-0.952586457661259,6.03408059311555,0.133727063174126,1,"Def6","Prg2",0.2,0.04
0.918238625587298,5.9947662975836,0.133727063174126,1,"Edem1","Prg2",0.2,0.04
0.757534154980221,7.19180754192051,0.13391459103467,1,"Sh3bgrl","Prg2",0.2,0.04
-0.789179284461898,6.8630433249469,0.133964822420198,1,"Ahsa1","Prg2",0.2,0.04
0.693538898897049,7.99816426992673,0.134101691845861,1,"Srsf1","Prg2",0.2,0.04
0.78515324847017,6.90948402714486,0.13505569056034,1,"Mt1","Prg2",0.2,0.04
-0.776855233250628,6.99499293969139,0.136046558728789,1,"Rin3","Prg2",0.2,0.04
-1.08194272779142,5.67907707370668,0.136249690944926,1,"Tpx2","Prg2",0.2,0.04
-1.08194272779142,5.67907707370668,0.136249690944926,1,"Flii","Prg2",0.2,0.04
0.964700929816823,5.64899964427853,0.136249690944926,1,"Pgm1","Prg2",0.2,0.04
0.964700929816823,5.64899964427853,0.136249690944926,1,"Cstf2t","Prg2",0.2,0.04
1.16361957868348,5.15556183178172,0.136304219168977,1,"Slc28a2","Prg2",0.2,0.04
1.16361957868348,5.15556183178172,0.136304219168977,1,"Pik3ca","Prg2",0.2,0.04
1.16361957868348,5.15556183178172,0.136304219168977,1,"Arl2bp","Prg2",0.2,0.04
0.629650476608358,10.0887936340581,0.13738497267916,1,"Tspo","Prg2",0.2,0.04
-0.823533361527011,6.67438705888569,0.137415554093956,1,"Timm8a1","Prg2",0.2,0.04
-0.734547015551678,7.45319565700242,0.137442893145442,1,"Gng12","Prg2",0.2,0.04
0.719358493735412,7.43547422109823,0.137442893145442,1,"Larp1","Prg2",0.2,0.04
-0.664444719379702,8.57862573187985,0.138677661489777,1,"Lmo4","Prg2",0.2,0.04
0.70101263855002,7.85766456894099,0.138709652755301,1,"Ptpre","Prg2",0.2,0.04
-1.46769899311556,4.79936543623601,0.139260305315864,1,"Tmem141","Prg2",0.2,0.04
-1.46769899311556,4.79936543623601,0.139260305315864,1,"Erich1","Prg2",0.2,0.04
-1.46769899311556,4.79936543623601,0.139260305315864,1,"Cenpp","Prg2",0.2,0.04
-1.46769899311556,4.79936543623601,0.139260305315864,1,"Map3k1","Prg2",0.2,0.04
-1.46769899311556,4.79936543623601,0.139260305315864,1,"Yaf2","Prg2",0.2,0.04
-1.46769899311556,4.79936543623601,0.139260305315864,1,"Mrpl49","Prg2",0.2,0.04
1.32702258380126,4.73553057502877,0.139260305315864,1,"Tnik","Prg2",0.2,0.04
1.32702258380126,4.73553057502877,0.139260305315864,1,"Ccdc90b","Prg2",0.2,0.04
5.05779050725816,2.93359043294528,0.13984461709212,1,"Inpp4a","Prg2",0.2,0.04
5.05779050725816,2.93359043294528,0.13984461709212,1,"Gm14286","Prg2",0.2,0.04
5.05779050725816,2.93359043294528,0.13984461709212,1,"Rhox8","Prg2",0.2,0.04
5.05779050725816,2.93359043294528,0.13984461709212,1,"Tsix","Prg2",0.2,0.04
5.05779050725816,2.93359043294528,0.13984461709212,1,"Atp7a","Prg2",0.2,0.04
5.05779050725816,2.93359043294528,0.13984461709212,1,"1700064H15Rik","Prg2",0.2,0.04
5.05779050725816,2.93359043294528,0.13984461709212,1,"Tlr2","Prg2",0.2,0.04
5.05779050725816,2.93359043294528,0.13984461709212,1,"Fhdc1","Prg2",0.2,0.04
5.05779050725816,2.93359043294528,0.13984461709212,1,"S100a6","Prg2",0.2,0.04
5.05779050725816,2.93359043294528,0.13984461709212,1,"Synpo2","Prg2",0.2,0.04
5.05779050725816,2.93359043294528,0.13984461709212,1,"Spata1","Prg2",0.2,0.04
5.05779050725816,2.93359043294528,0.13984461709212,1,"Reck","Prg2",0.2,0.04
5.05779050725816,2.93359043294528,0.13984461709212,1,"Oas3","Prg2",0.2,0.04
5.05779050725816,2.93359043294528,0.13984461709212,1,"Fam109a","Prg2",0.2,0.04
5.05779050725816,2.93359043294528,0.13984461709212,1,"Sgce","Prg2",0.2,0.04
5.05779050725816,2.93359043294528,0.13984461709212,1,"Peg10","Prg2",0.2,0.04
5.05779050725816,2.93359043294528,0.13984461709212,1,"Plxna1","Prg2",0.2,0.04
5.05779050725816,2.93359043294528,0.13984461709212,1,"Bhlhe40","Prg2",0.2,0.04
5.05779050725816,2.93359043294528,0.13984461709212,1,"Rras","Prg2",0.2,0.04
5.05779050725816,2.93359043294528,0.13984461709212,1,"Mtss1l","Prg2",0.2,0.04
5.05779050725816,2.93359043294528,0.13984461709212,1,"Tnfrsf10b","Prg2",0.2,0.04
5.05779050725816,2.93359043294528,0.13984461709212,1,"Jam3","Prg2",0.2,0.04
5.05779050725816,2.93359043294528,0.13984461709212,1,"Tmem17","Prg2",0.2,0.04
5.05779050725816,2.93359043294528,0.13984461709212,1,"Iba57","Prg2",0.2,0.04
5.05779050725816,2.93359043294528,0.13984461709212,1,"Grap","Prg2",0.2,0.04
5.05779050725816,2.93359043294528,0.13984461709212,1,"Tlcd1","Prg2",0.2,0.04
5.05779050725816,2.93359043294528,0.13984461709212,1,"Aoc2","Prg2",0.2,0.04
5.05779050725816,2.93359043294528,0.13984461709212,1,"Hist1h4b","Prg2",0.2,0.04
5.05779050725816,2.93359043294528,0.13984461709212,1,"Kank3","Prg2",0.2,0.04
5.05779050725816,2.93359043294528,0.13984461709212,1,"Abcc2","Prg2",0.2,0.04
-5.03641926750933,3.23758489658852,0.13984461709212,1,"Slc39a13","Prg2",0.2,0.04
-5.03641926750933,3.23758489658852,0.13984461709212,1,"Prnp","Prg2",0.2,0.04
-5.03641926750933,3.23758489658852,0.13984461709212,1,"Nkrf","Prg2",0.2,0.04
-5.03641926750933,3.23758489658852,0.13984461709212,1,"Prrg1","Prg2",0.2,0.04
-5.03641926750933,3.23758489658852,0.13984461709212,1,"1700113A16Rik","Prg2",0.2,0.04
-5.03641926750933,3.23758489658852,0.13984461709212,1,"6330562C20Rik","Prg2",0.2,0.04
-5.03641926750933,3.23758489658852,0.13984461709212,1,"Hist2h2be","Prg2",0.2,0.04
-5.03641926750933,3.23758489658852,0.13984461709212,1,"Atxn7l2","Prg2",0.2,0.04
-5.03641926750933,3.23758489658852,0.13984461709212,1,"Syde2","Prg2",0.2,0.04
-5.03641926750933,3.23758489658852,0.13984461709212,1,"Tmod1","Prg2",0.2,0.04
-5.03641926750933,3.23758489658852,0.13984461709212,1,"Ctnnal1","Prg2",0.2,0.04
-5.03641926750933,3.23758489658852,0.13984461709212,1,"Zbtb8a","Prg2",0.2,0.04
-5.03641926750933,3.23758489658852,0.13984461709212,1,"2410131K14Rik","Prg2",0.2,0.04
-5.03641926750933,3.23758489658852,0.13984461709212,1,"Hdhd5","Prg2",0.2,0.04
-5.03641926750933,3.23758489658852,0.13984461709212,1,"Gm44000","Prg2",0.2,0.04
-5.03641926750933,3.23758489658852,0.13984461709212,1,"Zswim9","Prg2",0.2,0.04
-5.03641926750933,3.23758489658852,0.13984461709212,1,"Tmem143","Prg2",0.2,0.04
-5.03641926750933,3.23758489658852,0.13984461709212,1,"Mex3d","Prg2",0.2,0.04
-5.03641926750933,3.23758489658852,0.13984461709212,1,"Mterf2","Prg2",0.2,0.04
-5.03641926750933,3.23758489658852,0.13984461709212,1,"Gm26847","Prg2",0.2,0.04
-5.03641926750933,3.23758489658852,0.13984461709212,1,"Klf1","Prg2",0.2,0.04
-5.03641926750933,3.23758489658852,0.13984461709212,1,"Lgals3","Prg2",0.2,0.04
-5.03641926750933,3.23758489658852,0.13984461709212,1,"4931414P19Rik","Prg2",0.2,0.04
-5.03641926750933,3.23758489658852,0.13984461709212,1,"Cyp11a1","Prg2",0.2,0.04
-5.03641926750933,3.23758489658852,0.13984461709212,1,"Gm29562","Prg2",0.2,0.04
-5.03641926750933,3.23758489658852,0.13984461709212,1,"Mthfs","Prg2",0.2,0.04
-5.03641926750933,3.23758489658852,0.13984461709212,1,"Spsb4","Prg2",0.2,0.04
-5.03641926750933,3.23758489658852,0.13984461709212,1,"Gm16140","Prg2",0.2,0.04
-5.03641926750933,3.23758489658852,0.13984461709212,1,"Hoxb3","Prg2",0.2,0.04
-5.03641926750933,3.23758489658852,0.13984461709212,1,"Ttyh2","Prg2",0.2,0.04
-5.03641926750933,3.23758489658852,0.13984461709212,1,"Zfp58","Prg2",0.2,0.04
-5.03641926750933,3.23758489658852,0.13984461709212,1,"Mtbp","Prg2",0.2,0.04
-5.03641926750933,3.23758489658852,0.13984461709212,1,"Ly6c2","Prg2",0.2,0.04
-5.03641926750933,3.23758489658852,0.13984461709212,1,"Zfp647","Prg2",0.2,0.04
-5.03641926750933,3.23758489658852,0.13984461709212,1,"Setd4","Prg2",0.2,0.04
-5.03641926750933,3.23758489658852,0.13984461709212,1,"Zfp677","Prg2",0.2,0.04
-5.03641926750933,3.23758489658852,0.13984461709212,1,"Aars2","Prg2",0.2,0.04
-5.03641926750933,3.23758489658852,0.13984461709212,1,"Trem3","Prg2",0.2,0.04
-5.03641926750933,3.23758489658852,0.13984461709212,1,"Nudt8.1","Prg2",0.2,0.04
-0.847920031544855,6.37381013919715,0.140074899804309,1,"Adipor1","Prg2",0.2,0.04
-0.847920031544855,6.37381013919715,0.140074899804309,1,"Psmc2","Prg2",0.2,0.04
-0.847920031544855,6.37381013919715,0.140074899804309,1,"Cpq","Prg2",0.2,0.04
-0.773417370659411,6.9011701597371,0.140562239727314,1,"Cd52","Prg2",0.2,0.04
-0.617732479320482,10.7302028144708,0.140972271013315,1,"Hspa8","Prg2",0.2,0.04
0.757257591329688,6.94737770677825,0.141401252972207,1,"Map2k2","Prg2",0.2,0.04
-1.13877542366768,5.43102428446737,0.142547490391782,1,"Mtx1","Prg2",0.2,0.04
-1.09012502811651,5.39910506358942,0.142547490391782,1,"Slc40a1","Prg2",0.2,0.04
1.01442573846835,5.3626197330318,0.142547490391782,1,"Daglb","Prg2",0.2,0.04
-0.779870802518692,7.08303555980474,0.142846017428224,1,"Tipin","Prg2",0.2,0.04
-0.76478872783111,7.07348465745745,0.142846017428224,1,"Gm20342","Prg2",0.2,0.04
0.757460845491492,7.12269823070488,0.143471321455792,1,"Nudt3","Prg2",0.2,0.04
-0.707105233507166,7.6420568389802,0.143675644188585,1,"Cycs","Prg2",0.2,0.04
-2.4573151880731,3.96074450224689,0.143685221306379,1,"Aff3","Prg2",0.2,0.04
-2.4573151880731,3.96074450224689,0.143685221306379,1,"Tyw5","Prg2",0.2,0.04
-2.4573151880731,3.96074450224689,0.143685221306379,1,"Mindy3","Prg2",0.2,0.04
-2.4573151880731,3.96074450224689,0.143685221306379,1,"Oip5","Prg2",0.2,0.04
-2.4573151880731,3.96074450224689,0.143685221306379,1,"Acss2","Prg2",0.2,0.04
-2.4573151880731,3.96074450224689,0.143685221306379,1,"Gprasp1","Prg2",0.2,0.04
-2.4573151880731,3.96074450224689,0.143685221306379,1,"Zmym1","Prg2",0.2,0.04
-2.4573151880731,3.96074450224689,0.143685221306379,1,"Ccdc28a","Prg2",0.2,0.04
-2.4573151880731,3.96074450224689,0.143685221306379,1,"E130307A14Rik","Prg2",0.2,0.04
-2.4573151880731,3.96074450224689,0.143685221306379,1,"Spryd4","Prg2",0.2,0.04
-2.4573151880731,3.96074450224689,0.143685221306379,1,"Kctd9","Prg2",0.2,0.04
-2.4573151880731,3.96074450224689,0.143685221306379,1,"Ppp1r13b","Prg2",0.2,0.04
-2.4573151880731,3.96074450224689,0.143685221306379,1,"Enpp5","Prg2",0.2,0.04
0.734484787929622,7.17826289329109,0.144042405176937,1,"Khk","Prg2",0.2,0.04
-0.784718619403188,6.70529011751831,0.144924767087331,1,"Pcmt1","Prg2",0.2,0.04
0.787957701008268,6.76594993684545,0.145769211745872,1,"Parp1","Prg2",0.2,0.04
0.757115439008601,6.83680111697149,0.146512892814217,1,"Gclm","Prg2",0.2,0.04
-0.630670502513459,9.33231459568381,0.146568847871875,1,"Sec61g","Prg2",0.2,0.04
-0.65769434668693,8.22668571852881,0.147878158769002,1,"Snrpg","Prg2",0.2,0.04
1.09599979384913,5.0062392511613,0.149110257624926,1,"Pogz","Prg2",0.2,0.04
1.09599979384913,5.0062392511613,0.149110257624926,1,"Cipc","Prg2",0.2,0.04
1.09599979384913,5.0062392511613,0.149110257624926,1,"Mcat","Prg2",0.2,0.04
-1.16726318428948,5.09046945462591,0.149110257624926,1,"Bet1l","Prg2",0.2,0.04
-1.16726318428948,5.09046945462591,0.149110257624926,1,"Glt8d1","Prg2",0.2,0.04
-1.16726318428948,5.09046945462591,0.149110257624926,1,"Desi1","Prg2",0.2,0.04
-0.737907141598017,7.32277265615157,0.150216891142215,1,"Cuedc2","Prg2",0.2,0.04
-0.98500524907629,5.73907970242403,0.15025198136708,1,"Dnttip1","Prg2",0.2,0.04
0.79488429210281,6.46540359943061,0.15028228512369,1,"Rps6ka3","Prg2",0.2,0.04
-0.662571990779209,8.15633181478389,0.150421507321744,1,"Clec12a","Prg2",0.2,0.04
2.89691095082574,3.45992457040568,0.15069115124609,1,"Nostrin","Prg2",0.2,0.04
2.89691095082574,3.45992457040568,0.15069115124609,1,"Pear1","Prg2",0.2,0.04
2.89691095082574,3.45992457040568,0.15069115124609,1,"Gcfc2","Prg2",0.2,0.04
2.89691095082574,3.45992457040568,0.15069115124609,1,"Gm32856","Prg2",0.2,0.04
2.89691095082574,3.45992457040568,0.15069115124609,1,"4833445I07Rik","Prg2",0.2,0.04
2.89691095082574,3.45992457040568,0.15069115124609,1,"Gm45716","Prg2",0.2,0.04
2.89691095082574,3.45992457040568,0.15069115124609,1,"Samd14","Prg2",0.2,0.04
2.89691095082574,3.45992457040568,0.15069115124609,1,"Sgsh","Prg2",0.2,0.04
2.89691095082574,3.45992457040568,0.15069115124609,1,"Atrnl1","Prg2",0.2,0.04
1.99835648325783,3.59105434681078,0.15069115124609,1,"Ly96","Prg2",0.2,0.04
1.99835648325783,3.59105434681078,0.15069115124609,1,"Gtdc1","Prg2",0.2,0.04
1.99835648325783,3.59105434681078,0.15069115124609,1,"Itpripl1","Prg2",0.2,0.04
1.99835648325783,3.59105434681078,0.15069115124609,1,"Trim34a","Prg2",0.2,0.04
1.99835648325783,3.59105434681078,0.15069115124609,1,"Inpp5f","Prg2",0.2,0.04
1.99835648325783,3.59105434681078,0.15069115124609,1,"Socs2","Prg2",0.2,0.04
1.99835648325783,3.59105434681078,0.15069115124609,1,"Galnt4","Prg2",0.2,0.04
1.99835648325783,3.59105434681078,0.15069115124609,1,"Hook2","Prg2",0.2,0.04
1.99835648325783,3.59105434681078,0.15069115124609,1,"Dis3","Prg2",0.2,0.04
1.99835648325783,3.59105434681078,0.15069115124609,1,"Nprl2","Prg2",0.2,0.04
1.99835648325783,3.59105434681078,0.15069115124609,1,"Mon1a","Prg2",0.2,0.04
1.99835648325783,3.59105434681078,0.15069115124609,1,"Lgalsl","Prg2",0.2,0.04
1.99835648325783,3.59105434681078,0.15069115124609,1,"Slc25a10","Prg2",0.2,0.04
1.99835648325783,3.59105434681078,0.15069115124609,1,"Mtrr","Prg2",0.2,0.04
1.99835648325783,3.59105434681078,0.15069115124609,1,"Naip6","Prg2",0.2,0.04
1.99835648325783,3.59105434681078,0.15069115124609,1,"Syne2","Prg2",0.2,0.04
1.99835648325783,3.59105434681078,0.15069115124609,1,"Mtss1","Prg2",0.2,0.04
1.99835648325783,3.59105434681078,0.15069115124609,1,"Tonsl","Prg2",0.2,0.04
1.99835648325783,3.59105434681078,0.15069115124609,1,"Arhgap39","Prg2",0.2,0.04
1.99835648325783,3.59105434681078,0.15069115124609,1,"Espl1","Prg2",0.2,0.04
1.99835648325783,3.59105434681078,0.15069115124609,1,"Crybg3","Prg2",0.2,0.04
1.99835648325783,3.59105434681078,0.15069115124609,1,"Rab40c","Prg2",0.2,0.04
-0.662089270802656,8.26471700544405,0.15084492716107,1,"Aldh2","Prg2",0.2,0.04
-0.69935647939147,7.5525138217459,0.151435805769164,1,"H2afx","Prg2",0.2,0.04
-0.893359543143176,5.89817102188079,0.152672703835771,1,"Pmf1","Prg2",0.2,0.04
-0.893359543143176,5.89817102188079,0.152672703835771,1,"Akirin1","Prg2",0.2,0.04
-0.893359543143176,5.89817102188079,0.152672703835771,1,"Haus4","Prg2",0.2,0.04
-0.893359543143176,5.89817102188079,0.152672703835771,1,"Psmg1","Prg2",0.2,0.04
-0.594929065625587,11.6822032748456,0.152689643198483,1,"Rpl21","Prg2",0.2,0.04
0.726761824893291,6.79031935998947,0.152957600273327,1,"Siglecf","Prg2",0.2,0.04
-0.650845788278969,8.22247260097869,0.153560726442345,1,"Prdx6","Prg2",0.2,0.04
1.25488219591387,4.53438123500138,0.153584596199261,1,"Pithd1","Prg2",0.2,0.04
1.25488219591387,4.53438123500138,0.153584596199261,1,"Rell1","Prg2",0.2,0.04
1.25488219591387,4.53438123500138,0.153584596199261,1,"Herc6","Prg2",0.2,0.04
1.25488219591387,4.53438123500138,0.153584596199261,1,"Zfp710","Prg2",0.2,0.04
1.25488219591387,4.53438123500138,0.153584596199261,1,"Rptor","Prg2",0.2,0.04
1.25488219591387,4.53438123500138,0.153584596199261,1,"Klhl28","Prg2",0.2,0.04
1.25488219591387,4.53438123500138,0.153584596199261,1,"Tab1","Prg2",0.2,0.04
1.25488219591387,4.53438123500138,0.153584596199261,1,"Noc3l","Prg2",0.2,0.04
-0.731186190842512,7.00990525699053,0.154116087247502,1,"Bcas2","Prg2",0.2,0.04
0.865947810056843,5.96489055902498,0.154502083512358,1,"Xylt1","Prg2",0.2,0.04
0.628331578055884,8.90146374674517,0.154505854988688,1,"Kcnq1ot1","Prg2",0.2,0.04
-0.724912470868853,7.12962723822593,0.154656116995647,1,"Ptprcap","Prg2",0.2,0.04
-1.17788962941167,5.2886253192967,0.155392798722538,1,"Nrip1","Prg2",0.2,0.04
-0.636422374700885,8.47458270694551,0.156481293331062,1,"Vamp8","Prg2",0.2,0.04
-0.877866646433648,6.24386326065257,0.15698139508372,1,"Sugt1","Prg2",0.2,0.04
-0.822897438952347,6.35781975939178,0.157821111959834,1,"Rab11a","Prg2",0.2,0.04
-0.823049968369207,6.42700619584246,0.158477061526183,1,"Ccnd2","Prg2",0.2,0.04
-0.779026530485781,6.52790285270088,0.158990838263141,1,"Hmgb3","Prg2",0.2,0.04
-0.63774851831916,8.26710346765041,0.159350987562933,1,"Tomm7","Prg2",0.2,0.04
-1.01775404704584,5.50178306029984,0.159529945389573,1,"Mrpl9","Prg2",0.2,0.04
-1.01775404704584,5.50178306029984,0.159529945389573,1,"Rrp9","Prg2",0.2,0.04
-1.01775404704584,5.50178306029984,0.159529945389573,1,"Tfg","Prg2",0.2,0.04
0.99986423060721,5.43963972120285,0.159529945389573,1,"C330007P06Rik","Prg2",0.2,0.04
0.99986423060721,5.43963972120285,0.159529945389573,1,"Nadk","Prg2",0.2,0.04
0.99986423060721,5.43963972120285,0.159529945389573,1,"Lgals3bp","Prg2",0.2,0.04
-0.764862102212635,6.69272610744366,0.159708351172687,1,"Ech1","Prg2",0.2,0.04
-0.753624359746496,6.840546832617,0.160142693414617,1,"Bnip3l","Prg2",0.2,0.04
-1.04147987866686,5.65250161402351,0.162312081488771,1,"Ppm1b","Prg2",0.2,0.04
-0.999849351479207,5.62537948178918,0.162312081488771,1,"Med19","Prg2",0.2,0.04
-0.999849351479207,5.62537948178918,0.162312081488771,1,"Papss1","Prg2",0.2,0.04
0.897875451421306,5.6115537112196,0.162312081488771,1,"Gabpb2","Prg2",0.2,0.04
0.897875451421306,5.6115537112196,0.162312081488771,1,"Kat6a","Prg2",0.2,0.04
0.897875451421306,5.6115537112196,0.162312081488771,1,"Runx2","Prg2",0.2,0.04
-0.936117028525074,5.820797683707,0.164205243783069,1,"Acot7","Prg2",0.2,0.04
-0.936117028525074,5.820797683707,0.164205243783069,1,"Ociad1","Prg2",0.2,0.04
-0.936117028525074,5.820797683707,0.164205243783069,1,"E2f8","Prg2",0.2,0.04
-0.898794676783594,5.7968099020631,0.164205243783069,1,"Mrpl35","Prg2",0.2,0.04
-0.898794676783594,5.7968099020631,0.164205243783069,1,"Dnajc15","Prg2",0.2,0.04
-0.898794676783594,5.7968099020631,0.164205243783069,1,"Csf2ra","Prg2",0.2,0.04
-0.680669703533093,7.75657351056187,0.164241979020246,1,"Pomp","Prg2",0.2,0.04
1.27481379841339,4.85237011295372,0.16449140022308,1,"Tsc1","Prg2",0.2,0.04
1.27481379841339,4.85237011295372,0.16449140022308,1,"Fam189b","Prg2",0.2,0.04
1.27481379841339,4.85237011295372,0.16449140022308,1,"Abhd2","Prg2",0.2,0.04
1.27481379841339,4.85237011295372,0.16449140022308,1,"Gramd1b","Prg2",0.2,0.04
1.27481379841339,4.85237011295372,0.16449140022308,1,"Atxn1","Prg2",0.2,0.04
1.27481379841339,4.85237011295372,0.16449140022308,1,"Ttc33","Prg2",0.2,0.04
1.12528860262845,4.90173536067416,0.16449140022308,1,"Kpna6","Prg2",0.2,0.04
1.12528860262845,4.90173536067416,0.16449140022308,1,"Pop4","Prg2",0.2,0.04
1.12528860262845,4.90173536067416,0.16449140022308,1,"Slc10a7","Prg2",0.2,0.04
1.12528860262845,4.90173536067416,0.16449140022308,1,"Zmym2","Prg2",0.2,0.04
1.12528860262845,4.90173536067416,0.16449140022308,1,"Sept8","Prg2",0.2,0.04
1.12528860262845,4.90173536067416,0.16449140022308,1,"Cwc27","Prg2",0.2,0.04
1.12528860262845,4.90173536067416,0.16449140022308,1,"Agpat1","Prg2",0.2,0.04
-1.29559442330355,4.95219873276671,0.16449140022308,1,"Bag2","Prg2",0.2,0.04
-1.29559442330355,4.95219873276671,0.16449140022308,1,"Auts2","Prg2",0.2,0.04
-1.29559442330355,4.95219873276671,0.16449140022308,1,"Ube2d1","Prg2",0.2,0.04
-1.29559442330355,4.95219873276671,0.16449140022308,1,"Dus3l","Prg2",0.2,0.04
-1.22574077218569,4.90668051585559,0.16449140022308,1,"Msantd3","Prg2",0.2,0.04
-1.22574077218569,4.90668051585559,0.16449140022308,1,"Mob3a","Prg2",0.2,0.04
-1.22574077218569,4.90668051585559,0.16449140022308,1,"Riox1","Prg2",0.2,0.04
-1.22574077218569,4.90668051585559,0.16449140022308,1,"Pla2g16","Prg2",0.2,0.04
0.677685152830369,7.37324892417459,0.165723980418899,1,"Adss","Prg2",0.2,0.04
-0.689558578157635,7.32685049325402,0.165905179935739,1,"Psmd7","Prg2",0.2,0.04
-0.853684643294569,6.06168105825838,0.166373523705633,1,"Chchd7","Prg2",0.2,0.04
0.807875004734658,6.03745371100084,0.166373523705633,1,"Mbd1","Prg2",0.2,0.04
0.650347106961426,7.93457164222832,0.167153437205523,1,"Mbnl1","Prg2",0.2,0.04
-0.738717655580228,6.87928526399235,0.167316272677985,1,"Pfdn6","Prg2",0.2,0.04
-0.721049720933267,6.86820700987118,0.167316272677985,1,"Grpel1","Prg2",0.2,0.04
0.800383983471519,6.26705684254308,0.167327967867491,1,"Asph","Prg2",0.2,0.04
-0.822728029901234,6.28510030312665,0.167327967867491,1,"Gm2000","Prg2",0.2,0.04
-0.822728029901234,6.28510030312665,0.167327967867491,1,"Cdc42ep3","Prg2",0.2,0.04
-0.572129994648517,12.260944123799,0.167431924763608,1,"Rps15a","Prg2",0.2,0.04
-0.769461818403706,6.80074957823324,0.167453193667532,1,"Fmc1","Prg2",0.2,0.04
0.797993469309647,6.34965948703539,0.167547401314304,1,"Twistnb","Prg2",0.2,0.04
0.756801712598906,6.62043306271328,0.167645842179691,1,"Dhx9","Prg2",0.2,0.04
0.793073096300407,6.53775626038576,0.167680861394738,1,"Hk1","Prg2",0.2,0.04
-0.613136705021803,8.69398315410325,0.169777477817458,1,"Tmed3","Prg2",0.2,0.04
-0.678764016626939,7.44969449486922,0.170548299361086,1,"Polr2j","Prg2",0.2,0.04
1.07106502961982,5.10378552237716,0.17068433395339,1,"Rabgap1","Prg2",0.2,0.04
1.07106502961982,5.10378552237716,0.17068433395339,1,"9030624J02Rik","Prg2",0.2,0.04
1.07106502961982,5.10378552237716,0.17068433395339,1,"Mcm3ap","Prg2",0.2,0.04
1.07106502961982,5.10378552237716,0.17068433395339,1,"Prkar2a","Prg2",0.2,0.04
1.07106502961982,5.10378552237716,0.17068433395339,1,"Enpp4","Prg2",0.2,0.04
1.57716487211045,4.31584283335358,0.170870418600775,1,"Utp14b","Prg2",0.2,0.04
1.57716487211045,4.31584283335358,0.170870418600775,1,"Sccpdh","Prg2",0.2,0.04
1.57716487211045,4.31584283335358,0.170870418600775,1,"Cd69","Prg2",0.2,0.04
1.57716487211045,4.31584283335358,0.170870418600775,1,"Vps33b","Prg2",0.2,0.04
1.57716487211045,4.31584283335358,0.170870418600775,1,"Naa30","Prg2",0.2,0.04
1.57716487211045,4.31584283335358,0.170870418600775,1,"Ccdc71","Prg2",0.2,0.04
1.57716487211045,4.31584283335358,0.170870418600775,1,"Calhm2","Prg2",0.2,0.04
1.32147586104458,4.38818206317369,0.170870418600775,1,"Nipsnap2","Prg2",0.2,0.04
1.32147586104458,4.38818206317369,0.170870418600775,1,"Zfp395","Prg2",0.2,0.04
1.32147586104458,4.38818206317369,0.170870418600775,1,"Dag1","Prg2",0.2,0.04
1.32147586104458,4.38818206317369,0.170870418600775,1,"Snx9","Prg2",0.2,0.04
1.32147586104458,4.38818206317369,0.170870418600775,1,"Pkmyt1","Prg2",0.2,0.04
-1.43551489781913,4.44721493335789,0.170870418600775,1,"Cenpl","Prg2",0.2,0.04
-1.43551489781913,4.44721493335789,0.170870418600775,1,"Mrpl47","Prg2",0.2,0.04
-1.43551489781913,4.44721493335789,0.170870418600775,1,"Lyrm2","Prg2",0.2,0.04
-1.43551489781913,4.44721493335789,0.170870418600775,1,"Pusl1","Prg2",0.2,0.04
-1.43551489781913,4.44721493335789,0.170870418600775,1,"Mpv17","Prg2",0.2,0.04
-1.43551489781913,4.44721493335789,0.170870418600775,1,"Itfg2","Prg2",0.2,0.04
-1.43551489781913,4.44721493335789,0.170870418600775,1,"Pwp2","Prg2",0.2,0.04
-1.43551489781913,4.44721493335789,0.170870418600775,1,"Nedd1","Prg2",0.2,0.04
-1.43551489781913,4.44721493335789,0.170870418600775,1,"Acox1","Prg2",0.2,0.04
-1.43551489781913,4.44721493335789,0.170870418600775,1,"Adck1","Prg2",0.2,0.04
-1.43551489781913,4.44721493335789,0.170870418600775,1,"Cbr1","Prg2",0.2,0.04
-1.43551489781913,4.44721493335789,0.170870418600775,1,"Zfp946","Prg2",0.2,0.04
-1.43551489781913,4.44721493335789,0.170870418600775,1,"Smim3","Prg2",0.2,0.04
-0.684376529472045,7.14329914383264,0.172742169357966,1,"Acbd6","Prg2",0.2,0.04
0.932399056124198,5.31748246270704,0.17427873125806,1,"Rnf216","Prg2",0.2,0.04
0.932399056124198,5.31748246270704,0.17427873125806,1,"Ripk1","Prg2",0.2,0.04
0.932399056124198,5.31748246270704,0.17427873125806,1,"Memo1","Prg2",0.2,0.04
-1.03977662294476,5.36639374568479,0.17427873125806,1,"Otud5","Prg2",0.2,0.04
-1.03977662294476,5.36639374568479,0.17427873125806,1,"Prc1","Prg2",0.2,0.04
-1.03977662294476,5.36639374568479,0.17427873125806,1,"Ing2","Prg2",0.2,0.04
-1.03977662294476,5.36639374568479,0.17427873125806,1,"Zfpm1","Prg2",0.2,0.04
-1.03977662294476,5.36639374568479,0.17427873125806,1,"Bin3","Prg2",0.2,0.04
-1.03977662294476,5.36639374568479,0.17427873125806,1,"Ifrd1","Prg2",0.2,0.04
0.986876728133508,5.51280742820096,0.176352119367398,1,"Mdn1","Prg2",0.2,0.04
0.986876728133508,5.51280742820096,0.176352119367398,1,"Atp13a2","Prg2",0.2,0.04
0.986876728133508,5.51280742820096,0.176352119367398,1,"Anln","Prg2",0.2,0.04
-0.912801279443769,5.56939996418596,0.176352119367398,1,"Srpk2","Prg2",0.2,0.04
-0.912801279443769,5.56939996418596,0.176352119367398,1,"Sh2b1","Prg2",0.2,0.04
-0.912801279443769,5.56939996418596,0.176352119367398,1,"Cwf19l2","Prg2",0.2,0.04
-0.912801279443769,5.56939996418596,0.176352119367398,1,"Zfp445","Prg2",0.2,0.04
0.90514885098855,5.54338214937368,0.176352119367398,1,"Trmt1l","Prg2",0.2,0.04
0.90514885098855,5.54338214937368,0.176352119367398,1,"Acer3","Prg2",0.2,0.04
0.90514885098855,5.54338214937368,0.176352119367398,1,"Gins2","Prg2",0.2,0.04
-0.756362542825906,6.51360113619393,0.176796870216233,1,"Chd3","Prg2",0.2,0.04
-0.945646357743528,5.71361827118893,0.177496256849098,1,"Abca2","Prg2",0.2,0.04
-0.945646357743528,5.71361827118893,0.177496256849098,1,"1500011K16Rik","Prg2",0.2,0.04
-0.945646357743528,5.71361827118893,0.177496256849098,1,"Hsph1","Prg2",0.2,0.04
-0.945646357743528,5.71361827118893,0.177496256849098,1,"4921524J17Rik","Prg2",0.2,0.04
0.891292180862046,5.67669198135401,0.177496256849098,1,"Wdr48","Prg2",0.2,0.04
-0.79743317423993,6.34163401030708,0.177624855959478,1,"Mettl1","Prg2",0.2,0.04
-0.771511364974368,6.32524790038136,0.177624855959478,1,"Ik","Prg2",0.2,0.04
0.756023606065195,6.19826924687102,0.177951931799424,1,"Imp4","Prg2",0.2,0.04
0.756023606065195,6.19826924687102,0.177951931799424,1,"Zfp704","Prg2",0.2,0.04
0.879836972879214,5.79886686293073,0.178055092736381,1,"Brix1","Prg2",0.2,0.04
0.879836972879214,5.79886686293073,0.178055092736381,1,"Klhl24","Prg2",0.2,0.04
-0.857873336769721,5.87549943267487,0.178055092736381,1,"Rnf10","Prg2",0.2,0.04
-0.857873336769721,5.87549943267487,0.178055092736381,1,"Hdac7","Prg2",0.2,0.04
0.816151569705783,5.82366446258784,0.178055092736381,1,"Abhd17c","Prg2",0.2,0.04
0.816151569705783,5.82366446258784,0.178055092736381,1,"Txnrd1","Prg2",0.2,0.04
0.816151569705783,5.82366446258784,0.178055092736381,1,"Unc119","Prg2",0.2,0.04
-0.822325970345887,6.1274656321473,0.178174836364704,1,"Chd9","Prg2",0.2,0.04
-0.792052481879743,6.10829606968147,0.178174836364704,1,"Tnrc18","Prg2",0.2,0.04
-0.792052481879743,6.10829606968147,0.178174836364704,1,"Orc6","Prg2",0.2,0.04
-0.557927356049884,11.700683593718,0.179666781627863,1,"Rps21","Prg2",0.2,0.04
-0.614818355272155,8.23575355132313,0.18102270793516,1,"Ndufa6","Prg2",0.2,0.04
-0.724661268333982,6.91701948409403,0.181599710628965,1,"Mfsd10","Prg2",0.2,0.04
-0.638819990792778,7.96156995995008,0.182044661496134,1,"Lamtor2","Prg2",0.2,0.04
0.698370840317831,6.83142120810064,0.182380789131059,1,"Msl1","Prg2",0.2,0.04
-0.732063444996469,6.7771988308303,0.183199894824928,1,"H2-T23","Prg2",0.2,0.04
-1.3903537881455,4.74843860401003,0.183239218697509,1,"Nmt2","Prg2",0.2,0.04
-1.3903537881455,4.74843860401003,0.183239218697509,1,"Akna","Prg2",0.2,0.04
-1.3903537881455,4.74843860401003,0.183239218697509,1,"Gsdme","Prg2",0.2,0.04
-1.3903537881455,4.74843860401003,0.183239218697509,1,"Tnks","Prg2",0.2,0.04
1.20249843528981,4.66732113447795,0.183239218697509,1,"AU040320","Prg2",0.2,0.04
1.20249843528981,4.66732113447795,0.183239218697509,1,"Sox6","Prg2",0.2,0.04
1.20249843528981,4.66732113447795,0.183239218697509,1,"Myo5a","Prg2",0.2,0.04
1.20249843528981,4.66732113447795,0.183239218697509,1,"Mapk6","Prg2",0.2,0.04
-0.608232947832949,8.42724130274577,0.183685611586141,1,"Srsf7","Prg2",0.2,0.04
-0.76226941436014,6.63548315900034,0.184954422868357,1,"Bcl7c","Prg2",0.2,0.04
-0.76226941436014,6.63548315900034,0.184954422868357,1,"Rps27rt","Prg2",0.2,0.04
-0.76226941436014,6.63548315900034,0.184954422868357,1,"AY036118","Prg2",0.2,0.04
-0.741256006625973,6.62225830843659,0.184954422868357,1,"Slc25a11","Prg2",0.2,0.04
-0.547735731079592,12.9407444066442,0.18498070033279,1,"Rps24","Prg2",0.2,0.04
0.661443973711506,7.1133970453918,0.185764127058835,1,"Ptbp1","Prg2",0.2,0.04
0.720251767990001,6.53153597622067,0.185888528908561,1,"Mia2","Prg2",0.2,0.04
-0.752978162966389,6.44851170919069,0.18685686612008,1,"Trabd","Prg2",0.2,0.04
-0.545907675398542,11.8986803667848,0.188572560745016,1,"Rpl37","Prg2",0.2,0.04
-0.694540983605609,6.94330069011587,0.188696682526631,1,"Dap","Prg2",0.2,0.04
-0.795839964089492,6.26802776905696,0.188866421669001,1,"Prorsd1","Prg2",0.2,0.04
-1.10357778111605,5.04934614318398,0.189130807500508,1,"Eif2d","Prg2",0.2,0.04
-1.10357778111605,5.04934614318398,0.189130807500508,1,"Psmd10","Prg2",0.2,0.04
-1.10357778111605,5.04934614318398,0.189130807500508,1,"Htra2","Prg2",0.2,0.04
-1.10357778111605,5.04934614318398,0.189130807500508,1,"Strn4","Prg2",0.2,0.04
-1.10357778111605,5.04934614318398,0.189130807500508,1,"Rab5b","Prg2",0.2,0.04
-1.10357778111605,5.04934614318398,0.189130807500508,1,"Chaf1b","Prg2",0.2,0.04
0.80457508725276,6.13366679527714,0.189878224485367,1,"Cbl","Prg2",0.2,0.04
0.809710929110621,5.98686340780455,0.190858369104263,1,"Ctr9","Prg2",0.2,0.04
0.755584189204203,6.00846365751515,0.190858369104263,1,"Vmp1","Prg2",0.2,0.04
0.813830261327441,5.88011045640588,0.191757594488563,1,"Zdhhc20","Prg2",0.2,0.04
-1.12376288950526,5.25315845509065,0.191834632415699,1,"Letm1","Prg2",0.2,0.04
-1.12376288950526,5.25315845509065,0.191834632415699,1,"Exosc4","Prg2",0.2,0.04
-1.12376288950526,5.25315845509065,0.191834632415699,1,"Ubxn6","Prg2",0.2,0.04
-1.12376288950526,5.25315845509065,0.191834632415699,1,"Nr3c1","Prg2",0.2,0.04
-1.06752600855903,5.21671138931633,0.191834632415699,1,"Hibch","Prg2",0.2,0.04
-1.06752600855903,5.21671138931633,0.191834632415699,1,"Diaph2","Prg2",0.2,0.04
-1.06752600855903,5.21671138931633,0.191834632415699,1,"Atpaf1","Prg2",0.2,0.04
-1.06752600855903,5.21671138931633,0.191834632415699,1,"Zfp800","Prg2",0.2,0.04
-1.06752600855903,5.21671138931633,0.191834632415699,1,"Zfp865","Prg2",0.2,0.04
-1.06752600855903,5.21671138931633,0.191834632415699,1,"Bin2","Prg2",0.2,0.04
-1.06752600855903,5.21671138931633,0.191834632415699,1,"Pcyox1l","Prg2",0.2,0.04
-1.06752600855903,5.21671138931633,0.191834632415699,1,"Kif20b","Prg2",0.2,0.04
1.04957755847395,5.19524126192748,0.191834632415699,1,"St8sia4","Prg2",0.2,0.04
0.943893660981885,5.23372461590112,0.191834632415699,1,"Mettl5","Prg2",0.2,0.04
0.943893660981885,5.23372461590112,0.191834632415699,1,"E130309D02Rik","Prg2",0.2,0.04
1.5297777075994,4.04313721555609,0.191850839783707,1,"Ankzf1","Prg2",0.2,0.04
1.5297777075994,4.04313721555609,0.191850839783707,1,"Hacd4","Prg2",0.2,0.04
1.5297777075994,4.04313721555609,0.191850839783707,1,"Pisd","Prg2",0.2,0.04
1.5297777075994,4.04313721555609,0.191850839783707,1,"Cep135","Prg2",0.2,0.04
1.5297777075994,4.04313721555609,0.191850839783707,1,"4930522L14Rik","Prg2",0.2,0.04
1.5297777075994,4.04313721555609,0.191850839783707,1,"Ppp1r15a","Prg2",0.2,0.04
1.5297777075994,4.04313721555609,0.191850839783707,1,"Aldh3a2","Prg2",0.2,0.04
1.5297777075994,4.04313721555609,0.191850839783707,1,"Nbas","Prg2",0.2,0.04
1.5297777075994,4.04313721555609,0.191850839783707,1,"Sec22a","Prg2",0.2,0.04
1.5297777075994,4.04313721555609,0.191850839783707,1,"A630089N07Rik","Prg2",0.2,0.04
1.5297777075994,4.04313721555609,0.191850839783707,1,"C030034I22Rik","Prg2",0.2,0.04
1.5297777075994,4.04313721555609,0.191850839783707,1,"Ppargc1b","Prg2",0.2,0.04
-1.77925544410634,4.22432537084695,0.191850839783708,1,"Wdr13","Prg2",0.2,0.04
-1.77925544410634,4.22432537084695,0.191850839783708,1,"Dnajb14","Prg2",0.2,0.04
-1.77925544410634,4.22432537084695,0.191850839783708,1,"Sh2d5","Prg2",0.2,0.04
-1.77925544410634,4.22432537084695,0.191850839783708,1,"Gm26825","Prg2",0.2,0.04
-1.77925544410634,4.22432537084695,0.191850839783708,1,"Adap1","Prg2",0.2,0.04
-1.77925544410634,4.22432537084695,0.191850839783708,1,"Usp42","Prg2",0.2,0.04
-1.77925544410634,4.22432537084695,0.191850839783708,1,"Zfp212","Prg2",0.2,0.04
-1.77925544410634,4.22432537084695,0.191850839783708,1,"Zfp703","Prg2",0.2,0.04
-1.77925544410634,4.22432537084695,0.191850839783708,1,"Trf","Prg2",0.2,0.04
-1.77925544410634,4.22432537084695,0.191850839783708,1,"Ppm1m","Prg2",0.2,0.04
-1.77925544410634,4.22432537084695,0.191850839783708,1,"Per1","Prg2",0.2,0.04
-1.77925544410634,4.22432537084695,0.191850839783708,1,"Mmd","Prg2",0.2,0.04
-1.77925544410634,4.22432537084695,0.191850839783708,1,"March6","Prg2",0.2,0.04
-1.65541886551034,4.14605978748292,0.191850839783708,1,"Fam69b","Prg2",0.2,0.04
-1.65541886551034,4.14605978748292,0.191850839783708,1,"Rapgef1","Prg2",0.2,0.04
-1.65541886551034,4.14605978748292,0.191850839783708,1,"Golga1","Prg2",0.2,0.04
-1.65541886551034,4.14605978748292,0.191850839783708,1,"Bcorl1","Prg2",0.2,0.04
-1.65541886551034,4.14605978748292,0.191850839783708,1,"Ofd1","Prg2",0.2,0.04
-1.65541886551034,4.14605978748292,0.191850839783708,1,"Snx30","Prg2",0.2,0.04
-1.65541886551034,4.14605978748292,0.191850839783708,1,"Cdk5rap2","Prg2",0.2,0.04
-1.65541886551034,4.14605978748292,0.191850839783708,1,"Coa7","Prg2",0.2,0.04
-1.65541886551034,4.14605978748292,0.191850839783708,1,"Zbtb17","Prg2",0.2,0.04
-1.65541886551034,4.14605978748292,0.191850839783708,1,"Trmt44","Prg2",0.2,0.04
-1.65541886551034,4.14605978748292,0.191850839783708,1,"A430046D13Rik","Prg2",0.2,0.04
-1.65541886551034,4.14605978748292,0.191850839783708,1,"Cdh1","Prg2",0.2,0.04
-1.65541886551034,4.14605978748292,0.191850839783708,1,"Tbc1d10a","Prg2",0.2,0.04
-1.65541886551034,4.14605978748292,0.191850839783708,1,"Zbtb4","Prg2",0.2,0.04
-1.65541886551034,4.14605978748292,0.191850839783708,1,"Kpna2","Prg2",0.2,0.04
-1.65541886551034,4.14605978748292,0.191850839783708,1,"Hist1h1a","Prg2",0.2,0.04
-1.65541886551034,4.14605978748292,0.191850839783708,1,"Klc1","Prg2",0.2,0.04
-1.65541886551034,4.14605978748292,0.191850839783708,1,"Mtmr12","Prg2",0.2,0.04
-0.86048110056484,5.77237704798148,0.192495100000103,1,"Rps19bp1","Prg2",0.2,0.04
-0.970690856466513,5.47143971956921,0.192851580574632,1,"Map7d1","Prg2",0.2,0.04
-0.970690856466513,5.47143971956921,0.192851580574632,1,"Mri1","Prg2",0.2,0.04
-0.970690856466513,5.47143971956921,0.192851580574632,1,"Ripk3","Prg2",0.2,0.04
0.922251468133805,5.39671416538575,0.192851580574632,1,"Zfp217","Prg2",0.2,0.04
0.922251468133805,5.39671416538575,0.192851580574632,1,"Plaa","Prg2",0.2,0.04
0.922251468133805,5.39671416538575,0.192851580574632,1,"Ung","Prg2",0.2,0.04
-0.922040460915345,5.4403803056716,0.192851580574632,1,"Tor2a","Prg2",0.2,0.04
-0.922040460915345,5.4403803056716,0.192851580574632,1,"Larp7","Prg2",0.2,0.04
-0.922040460915345,5.4403803056716,0.192851580574632,1,"Zmpste24","Prg2",0.2,0.04
-0.922040460915345,5.4403803056716,0.192851580574632,1,"Lrrfip2","Prg2",0.2,0.04
-0.922040460915345,5.4403803056716,0.192851580574632,1,"Acap1","Prg2",0.2,0.04
-0.922040460915345,5.4403803056716,0.192851580574632,1,"Cdc23","Prg2",0.2,0.04
-0.956981744704651,5.59768725289544,0.192936325183763,1,"Rpf2","Prg2",0.2,0.04
0.827803646018487,5.57323982427941,0.192936325183763,1,"Sptlc2","Prg2",0.2,0.04
0.721205764799199,6.56650895807342,0.194918384208448,1,"Psmd1","Prg2",0.2,0.04
-0.672708432812368,7.28209851322207,0.195701914438375,1,"Glrx3","Prg2",0.2,0.04
0.585196437563921,8.41043328628868,0.195722532223467,1,"Ear6","Prg2",0.2,0.04
-0.682363298383448,6.97944200762695,0.195756273733032,1,"Rpa3","Prg2",0.2,0.04
0.718191612813874,6.45897104170912,0.196410398914827,1,"Mrps7","Prg2",0.2,0.04
-0.639583724583182,7.48615901448643,0.196465600881583,1,"Cope","Prg2",0.2,0.04
-0.537141840014168,11.4509115989864,0.197261261973,1,"Rpl38","Prg2",0.2,0.04
0.715900092997435,6.3826109949545,0.197996721169736,1,"Tbc1d15","Prg2",0.2,0.04
0.715900092997435,6.3826109949545,0.197996721169736,1,"Rbm6","Prg2",0.2,0.04
0.609374472155447,7.79013259331574,0.198235859515781,1,"Vat1","Prg2",0.2,0.04
-0.61103702953517,7.76299200125995,0.199257053730102,1,"Dpm3","Prg2",0.2,0.04
0.756203518210637,6.28466797913365,0.199680210887966,1,"Vrk1","Prg2",0.2,0.04
-0.598949298960245,7.84930047448706,0.201319273407088,1,"Ebna1bp2","Prg2",0.2,0.04
0.612970875129684,7.67587164396978,0.201451402442304,1,"Ankrd28","Prg2",0.2,0.04
-0.761130094230909,6.08884375798151,0.203331780911113,1,"Impa1","Prg2",0.2,0.04
-0.761130094230909,6.08884375798151,0.203331780911113,1,"Hip1r","Prg2",0.2,0.04
-0.761130094230909,6.08884375798151,0.203331780911113,1,"mt-Atp8","Prg2",0.2,0.04
-0.590461783667935,8.03495716105343,0.203824005094614,1,"Sf3b6","Prg2",0.2,0.04
-0.578547181698143,8.34700234063048,0.204409167868616,1,"Rbx1","Prg2",0.2,0.04
-0.616742632327961,7.74207143965155,0.204698737531126,1,"Ostf1","Prg2",0.2,0.04
-0.855631892134582,5.97163731733332,0.205277677331948,1,"Tespa1","Prg2",0.2,0.04
-0.82180962920753,5.95014815736588,0.205277677331948,1,"Zfp292","Prg2",0.2,0.04
-0.82180962920753,5.95014815736588,0.205277677331948,1,"Trappc3","Prg2",0.2,0.04
-0.82180962920753,5.95014815736588,0.205277677331948,1,"Tsnax","Prg2",0.2,0.04
-0.82180962920753,5.95014815736588,0.205277677331948,1,"Fndc3a","Prg2",0.2,0.04
0.811690191175251,5.93446031402662,0.205277677331949,1,"Snhg20","Prg2",0.2,0.04
0.719248364142577,6.49570432065579,0.205880055739617,1,"Ctsb","Prg2",0.2,0.04
-0.568356221840753,8.47736195772508,0.205945320139609,1,"Dut","Prg2",0.2,0.04
0.669890318139623,6.84307593288656,0.20632950759492,1,"Cotl1","Prg2",0.2,0.04
-0.821492211641968,5.8524306759729,0.207264069054584,1,"Csrp1","Prg2",0.2,0.04
-0.821492211641968,5.8524306759729,0.207264069054584,1,"Timm10b","Prg2",0.2,0.04
-0.784169859900488,5.82895023292604,0.207264069054584,1,"Psph","Prg2",0.2,0.04
-0.784169859900488,5.82895023292604,0.207264069054584,1,"Cops7a","Prg2",0.2,0.04
-0.784169859900488,5.82895023292604,0.207264069054584,1,"Tiam1","Prg2",0.2,0.04
-0.547379692924985,9.08913722670707,0.2078121428407,1,"Arpc3","Prg2",0.2,0.04
-0.728794490355763,6.43334816275775,0.208041790676088,1,"Lap3","Prg2",0.2,0.04
0.717077143061481,6.42128989480452,0.208041790676088,1,"Slc35d1","Prg2",0.2,0.04
0.824466702466528,5.63996968947963,0.209224384467692,1,"Eif2b1","Prg2",0.2,0.04
-0.905183508618969,5.68765490557882,0.209224384467693,1,"Polr2b","Prg2",0.2,0.04
0.913227011312442,5.47188235297929,0.211032436981507,1,"Mbtps1","Prg2",0.2,0.04
0.913227011312442,5.47188235297929,0.211032436981507,1,"Zfp652","Prg2",0.2,0.04
-0.867224993300214,5.54049097610555,0.211032436981507,1,"Anxa4","Prg2",0.2,0.04
-0.867224993300214,5.54049097610555,0.211032436981507,1,"Gt(ROSA)26Sor","Prg2",0.2,0.04
-0.867224993300214,5.54049097610555,0.211032436981507,1,"Gramd1a","Prg2",0.2,0.04
-0.867224993300214,5.54049097610555,0.211032436981507,1,"Ric8a","Prg2",0.2,0.04
-0.867224993300214,5.54049097610555,0.211032436981507,1,"Dnase2a","Prg2",0.2,0.04
-0.867224993300214,5.54049097610555,0.211032436981507,1,"Trappc13","Prg2",0.2,0.04
0.831499134167484,5.50332907902969,0.211032436981507,1,"Ctdspl2","Prg2",0.2,0.04
0.831499134167484,5.50332907902969,0.211032436981507,1,"Heg1","Prg2",0.2,0.04
0.831499134167484,5.50332907902969,0.211032436981507,1,"Ifnar2","Prg2",0.2,0.04
-1.15233202323091,4.85953968192501,0.211732599198294,1,"Nup160","Prg2",0.2,0.04
-1.15233202323091,4.85953968192501,0.211732599198294,1,"Apool","Prg2",0.2,0.04
-1.15233202323091,4.85953968192501,0.211732599198294,1,"March8","Prg2",0.2,0.04
-1.15233202323091,4.85953968192501,0.211732599198294,1,"Tmem192","Prg2",0.2,0.04
-1.15233202323091,4.85953968192501,0.211732599198294,1,"Rbl2","Prg2",0.2,0.04
-1.15233202323091,4.85953968192501,0.211732599198294,1,"Prmt7","Prg2",0.2,0.04
-1.15233202323091,4.85953968192501,0.211732599198294,1,"Med10","Prg2",0.2,0.04
-1.15233202323091,4.85953968192501,0.211732599198294,1,"Smarcd1","Prg2",0.2,0.04
-1.15233202323091,4.85953968192501,0.211732599198294,1,"Vegfa","Prg2",0.2,0.04
1.16018898153028,4.7892070362777,0.211732599198294,1,"Nek7","Prg2",0.2,0.04
1.16018898153028,4.7892070362777,0.211732599198294,1,"Acsl4","Prg2",0.2,0.04
1.16018898153028,4.7892070362777,0.211732599198294,1,"Clic4","Prg2",0.2,0.04
1.01066378574535,4.84073560643327,0.211732599198294,1,"Ipo9","Prg2",0.2,0.04
1.01066378574535,4.84073560643327,0.211732599198294,1,"Phf8","Prg2",0.2,0.04
1.01066378574535,4.84073560643327,0.211732599198294,1,"Gba","Prg2",0.2,0.04
1.01066378574535,4.84073560643327,0.211732599198294,1,"Mical3","Prg2",0.2,0.04
1.01066378574535,4.84073560643327,0.211732599198294,1,"Itgal","Prg2",0.2,0.04
1.01066378574535,4.84073560643327,0.211732599198294,1,"Ogfod1","Prg2",0.2,0.04
1.01066378574535,4.84073560643327,0.211732599198294,1,"Fam118b","Prg2",0.2,0.04
-0.546019858990019,9.13449775443041,0.212001126712164,1,"Gng5","Prg2",0.2,0.04
-0.987607379427513,5.33284941914613,0.212448194908801,1,"Odf2","Prg2",0.2,0.04
-0.987607379427513,5.33284941914613,0.212448194908801,1,"Smim26","Prg2",0.2,0.04
-0.987607379427513,5.33284941914613,0.212448194908801,1,"Pcif1","Prg2",0.2,0.04
-0.987607379427513,5.33284941914613,0.212448194908801,1,"Ffar2","Prg2",0.2,0.04
-0.987607379427513,5.33284941914613,0.212448194908801,1,"Map2k5","Prg2",0.2,0.04
-0.682584747311597,6.64124945078777,0.212753052459245,1,"Mrps18c","Prg2",0.2,0.04
0.71044731992164,6.21676920443573,0.212902826325598,1,"Cox20","Prg2",0.2,0.04
-0.768441242640671,6.25073188070201,0.212902826325598,1,"Sept1","Prg2",0.2,0.04
-0.740512092777843,6.23320652803329,0.212902826325598,1,"Sap18","Prg2",0.2,0.04
-0.740512092777843,6.23320652803329,0.212902826325598,1,"Ppp1r11","Prg2",0.2,0.04
0.972163215253126,5.05033916589406,0.213002714443838,1,"Fam126b","Prg2",0.2,0.04
0.972163215253126,5.05033916589406,0.213002714443838,1,"Smim8","Prg2",0.2,0.04
0.972163215253126,5.05033916589406,0.213002714443838,1,"Eps15","Prg2",0.2,0.04
0.972163215253126,5.05033916589406,0.213002714443838,1,"Vps26b","Prg2",0.2,0.04
0.972163215253126,5.05033916589406,0.213002714443838,1,"Wipi1","Prg2",0.2,0.04
0.591889824703824,7.76604426457624,0.213386528989842,1,"Lgals9","Prg2",0.2,0.04
-0.6899615532548,6.8953695298571,0.213928181582923,1,"Fam107b","Prg2",0.2,0.04
-0.639595228560736,7.11564091171428,0.214514154746213,1,"Use1","Prg2",0.2,0.04
0.684765561616547,6.54603897135242,0.215255734576018,1,"Numa1","Prg2",0.2,0.04
0.755818984927332,6.10644219230426,0.215634966754095,1,"Fam20b","Prg2",0.2,0.04
0.755818984927332,6.10644219230426,0.215634966754095,1,"Zhx1","Prg2",0.2,0.04
-0.648131366672285,6.8229512610734,0.216266989752178,1,"Hsbp1","Prg2",0.2,0.04
-0.643968915086955,7.03933050407958,0.216663855796432,1,"Ogfrl1","Prg2",0.2,0.04
-2.30778999228817,3.86560800184866,0.217137789484305,1,"2900093K20Rik","Prg2",0.2,0.04
-2.30778999228817,3.86560800184866,0.217137789484305,1,"Rtl8a","Prg2",0.2,0.04
-2.30778999228817,3.86560800184866,0.217137789484305,1,"Orc1","Prg2",0.2,0.04
-2.30778999228817,3.86560800184866,0.217137789484305,1,"Tnfrsf18","Prg2",0.2,0.04
-2.30778999228817,3.86560800184866,0.217137789484305,1,"Insig1","Prg2",0.2,0.04
-2.30778999228817,3.86560800184866,0.217137789484305,1,"Tada2b","Prg2",0.2,0.04
-2.30778999228817,3.86560800184866,0.217137789484305,1,"Plekha8","Prg2",0.2,0.04
-2.30778999228817,3.86560800184866,0.217137789484305,1,"Qpctl","Prg2",0.2,0.04
-2.30778999228817,3.86560800184866,0.217137789484305,1,"Coa4","Prg2",0.2,0.04
-2.30778999228817,3.86560800184866,0.217137789484305,1,"Lat","Prg2",0.2,0.04
-2.30778999228817,3.86560800184866,0.217137789484305,1,"Plppr3","Prg2",0.2,0.04
-2.30778999228817,3.86560800184866,0.217137789484305,1,"Pgpep1","Prg2",0.2,0.04
-2.30778999228817,3.86560800184866,0.217137789484305,1,"Rpgrip1l","Prg2",0.2,0.04
-2.30778999228817,3.86560800184866,0.217137789484305,1,"Polr3a","Prg2",0.2,0.04
-2.30778999228817,3.86560800184866,0.217137789484305,1,"Rabggta","Prg2",0.2,0.04
-2.30778999228817,3.86560800184866,0.217137789484305,1,"Ick","Prg2",0.2,0.04
-2.30778999228817,3.86560800184866,0.217137789484305,1,"Igtp","Prg2",0.2,0.04
-2.30778999228817,3.86560800184866,0.217137789484305,1,"Fam105a","Prg2",0.2,0.04
-2.30778999228817,3.86560800184866,0.217137789484305,1,"Pkd1","Prg2",0.2,0.04
-2.30778999228817,3.86560800184866,0.217137789484305,1,"Fkbpl","Prg2",0.2,0.04
1.70750244824062,3.83445964971669,0.217137789484305,1,"Mettl8","Prg2",0.2,0.04
1.70750244824062,3.83445964971669,0.217137789484305,1,"Tmem87b","Prg2",0.2,0.04
1.70750244824062,3.83445964971669,0.217137789484305,1,"Slc25a14","Prg2",0.2,0.04
1.70750244824062,3.83445964971669,0.217137789484305,1,"Jpx","Prg2",0.2,0.04
1.70750244824062,3.83445964971669,0.217137789484305,1,"2900026A02Rik","Prg2",0.2,0.04
1.70750244824062,3.83445964971669,0.217137789484305,1,"Hist4h4","Prg2",0.2,0.04
1.70750244824062,3.83445964971669,0.217137789484305,1,"Etfbkmt","Prg2",0.2,0.04
1.70750244824062,3.83445964971669,0.217137789484305,1,"Fuz","Prg2",0.2,0.04
1.70750244824062,3.83445964971669,0.217137789484305,1,"Zfp747","Prg2",0.2,0.04
1.70750244824062,3.83445964971669,0.217137789484305,1,"Plekha1","Prg2",0.2,0.04
1.70750244824062,3.83445964971669,0.217137789484305,1,"Rtn4ip1","Prg2",0.2,0.04
1.70750244824062,3.83445964971669,0.217137789484305,1,"Zfp810","Prg2",0.2,0.04
1.70750244824062,3.83445964971669,0.217137789484305,1,"Pex12","Prg2",0.2,0.04
1.70750244824062,3.83445964971669,0.217137789484305,1,"Tedc2","Prg2",0.2,0.04
1.70750244824062,3.83445964971669,0.217137789484305,1,"Zfp407","Prg2",0.2,0.04
-0.512895198345812,11.7269827216975,0.217145505282066,1,"Rpl34","Prg2",0.2,0.04
-0.575502996199648,7.90155511394205,0.217400601830946,1,"Nsa2","Prg2",0.2,0.04
-0.709937644416275,6.48452664499665,0.217976789778216,1,"Golga4","Prg2",0.2,0.04
0.564156942031092,8.07689481653774,0.218116957986338,1,"Ywhaz","Prg2",0.2,0.04
-0.789777547546,6.02114994158233,0.218587739470971,1,"Nfyb","Prg2",0.2,0.04
-0.789777547546,6.02114994158233,0.218587739470971,1,"Ube2q2","Prg2",0.2,0.04
-0.749247722131281,6.38030221518897,0.220944034683974,1,"Polr2c","Prg2",0.2,0.04
-0.749247722131281,6.38030221518897,0.220944034683974,1,"Ezr","Prg2",0.2,0.04
0.755159002013065,5.84798837978916,0.2217692069541,1,"Araf","Prg2",0.2,0.04
0.605890067799246,7.25340448812979,0.22284308962086,1,"Magt1","Prg2",0.2,0.04
0.608347651245411,7.06040894410136,0.223529466312729,1,"Tmed5","Prg2",0.2,0.04
0.597527494692371,7.36512809712097,0.224265134416307,1,"Cltc","Prg2",0.2,0.04
-0.55220372280975,8.26608034073441,0.225012275066412,1,"Fxyd5","Prg2",0.2,0.04
-0.821122209232078,5.74748189912522,0.225173738942631,1,"Hirip3","Prg2",0.2,0.04
0.821438529744179,5.70379433984485,0.225173738942631,1,"4933434E20Rik","Prg2",0.2,0.04
0.821438529744179,5.70379433984485,0.225173738942631,1,"Tfam","Prg2",0.2,0.04
0.821438529744179,5.70379433984485,0.225173738942631,1,"Edc4","Prg2",0.2,0.04
-0.654554241062796,7.00465489860675,0.226127285753536,1,"Kif5b","Prg2",0.2,0.04
-0.63017529233191,7.14778545988264,0.227662663839679,1,"Sri","Prg2",0.2,0.04
-0.76500414907222,6.17209264681665,0.227749798097885,1,"Yipf4","Prg2",0.2,0.04
-0.669470150231034,6.51970486728898,0.227792044832577,1,"Fxr1","Prg2",0.2,0.04
-0.610238522694175,7.27800465312001,0.228882645563774,1,"Rexo2","Prg2",0.2,0.04
-0.593629692639361,7.39744889652131,0.22987022819835,1,"Eif1b","Prg2",0.2,0.04
-0.608949666534701,7.09688022541015,0.230337785884867,1,"Srpk1","Prg2",0.2,0.04
-0.501175231775048,11.2271048806524,0.230715230676425,1,"Cd63","Prg2",0.2,0.04
-0.729530379192038,6.0690999816755,0.231666444768647,1,"Grk3","Prg2",0.2,0.04
-0.729530379192038,6.0690999816755,0.231666444768647,1,"Slc48a1","Prg2",0.2,0.04
0.703414945686955,6.02970417277368,0.231666444768647,1,"Prkar2b","Prg2",0.2,0.04
-0.871692055743596,5.40856962766608,0.232452672846237,1,"Atraid","Prg2",0.2,0.04
-0.871692055743596,5.40856962766608,0.232452672846237,1,"Gnpat","Prg2",0.2,0.04
-0.871692055743596,5.40856962766608,0.232452672846237,1,"Cdc6","Prg2",0.2,0.04
-0.871692055743596,5.40856962766608,0.232452672846237,1,"Pfkp","Prg2",0.2,0.04
-0.871692055743596,5.40856962766608,0.232452672846237,1,"Ptgr2","Prg2",0.2,0.04
0.840224785789649,5.35264773530271,0.232452672846237,1,"Wrn","Prg2",0.2,0.04
0.840224785789649,5.35264773530271,0.232452672846237,1,"Rpl36a-ps1","Prg2",0.2,0.04
0.840224785789649,5.35264773530271,0.232452672846237,1,"Eif2b5","Prg2",0.2,0.04
0.516932110019784,9.33341365908731,0.232550898131337,1,"Hdc","Prg2",0.2,0.04
0.588141632041325,7.45016484453879,0.232986961345198,1,"Atp13a3","Prg2",0.2,0.04
-0.545086187634037,8.49206525537387,0.233648183057063,1,"Cox5b","Prg2",0.2,0.04
0.713335911436081,6.30203978808388,0.235308091926294,1,"Grn","Prg2",0.2,0.04
1.40908030490928,4.22578269330053,0.235949906641285,1,"5730460C07Rik","Prg2",0.2,0.04
1.40908030490928,4.22578269330053,0.235949906641285,1,"Aldh1b1","Prg2",0.2,0.04
1.40908030490928,4.22578269330053,0.235949906641285,1,"Smim1","Prg2",0.2,0.04
1.40908030490928,4.22578269330053,0.235949906641285,1,"5430416N02Rik","Prg2",0.2,0.04
1.40908030490928,4.22578269330053,0.235949906641285,1,"Foxk1","Prg2",0.2,0.04
1.40908030490928,4.22578269330053,0.235949906641285,1,"Rbsn","Prg2",0.2,0.04
1.40908030490928,4.22578269330053,0.235949906641285,1,"Ccdc8","Prg2",0.2,0.04
1.40908030490928,4.22578269330053,0.235949906641285,1,"Oxld1","Prg2",0.2,0.04
1.40908030490928,4.22578269330053,0.235949906641285,1,"Socs6","Prg2",0.2,0.04
1.40908030490928,4.22578269330053,0.235949906641285,1,"Ranbp6","Prg2",0.2,0.04
1.40908030490928,4.22578269330053,0.235949906641285,1,"Pi4k2a","Prg2",0.2,0.04
-1.32983100032707,4.38083725143137,0.235949906641285,1,"Fhl2","Prg2",0.2,0.04
-1.32983100032707,4.38083725143137,0.235949906641285,1,"Hdac4","Prg2",0.2,0.04
-1.32983100032707,4.38083725143137,0.235949906641285,1,"BC055324","Prg2",0.2,0.04
-1.32983100032707,4.38083725143137,0.235949906641285,1,"Fancg","Prg2",0.2,0.04
-1.32983100032707,4.38083725143137,0.235949906641285,1,"Lrrc42","Prg2",0.2,0.04
-1.32983100032707,4.38083725143137,0.235949906641285,1,"Hspb11","Prg2",0.2,0.04
-1.32983100032707,4.38083725143137,0.235949906641285,1,"Nmnat3","Prg2",0.2,0.04
-1.32983100032707,4.38083725143137,0.235949906641285,1,"Akr1e1","Prg2",0.2,0.04
-1.32983100032707,4.38083725143137,0.235949906641285,1,"Dnal4","Prg2",0.2,0.04
-1.32983100032707,4.38083725143137,0.235949906641285,1,"Aaas","Prg2",0.2,0.04
-1.32983100032707,4.38083725143137,0.235949906641285,1,"Tomm6","Prg2",0.2,0.04
-1.32983100032707,4.38083725143137,0.235949906641285,1,"2700062C07Rik","Prg2",0.2,0.04
-1.32983100032707,4.38083725143137,0.235949906641285,1,"Sil1","Prg2",0.2,0.04
1.15339129384342,4.30262607780027,0.235949906641285,1,"Exo1","Prg2",0.2,0.04
1.15339129384342,4.30262607780027,0.235949906641285,1,"Dennd1a","Prg2",0.2,0.04
1.15339129384342,4.30262607780027,0.235949906641285,1,"Kiz","Prg2",0.2,0.04
1.15339129384342,4.30262607780027,0.235949906641285,1,"Lrrc40","Prg2",0.2,0.04
1.15339129384342,4.30262607780027,0.235949906641285,1,"Cpt2","Prg2",0.2,0.04
1.15339129384342,4.30262607780027,0.235949906641285,1,"Zfp282","Prg2",0.2,0.04
1.15339129384342,4.30262607780027,0.235949906641285,1,"Avl9","Prg2",0.2,0.04
1.15339129384342,4.30262607780027,0.235949906641285,1,"Specc1l","Prg2",0.2,0.04
1.15339129384342,4.30262607780027,0.235949906641285,1,"Cmtr2","Prg2",0.2,0.04
1.15339129384342,4.30262607780027,0.235949906641285,1,"Wdr59","Prg2",0.2,0.04
1.15339129384342,4.30262607780027,0.235949906641285,1,"Arih2","Prg2",0.2,0.04
1.15339129384342,4.30262607780027,0.235949906641285,1,"Wrnip1","Prg2",0.2,0.04
1.15339129384342,4.30262607780027,0.235949906641285,1,"Mtx3","Prg2",0.2,0.04
-0.787175369322203,5.92830254670714,0.23598523391146,1,"Fkbp11","Prg2",0.2,0.04
0.755312013010565,5.90345597485229,0.23598523391146,1,"Zmym5","Prg2",0.2,0.04
-1.00900776024216,5.17922774731644,0.236006552043774,1,"Wwp1","Prg2",0.2,0.04
-1.00900776024216,5.17922774731644,0.236006552043774,1,"Pttg1ip","Prg2",0.2,0.04
-1.00900776024216,5.17922774731644,0.236006552043774,1,"Drosha","Prg2",0.2,0.04
0.957023009410286,5.14489415525301,0.236006552043774,1,"Urm1","Prg2",0.2,0.04
0.957023009410286,5.14489415525301,0.236006552043774,1,"Rap1gds1","Prg2",0.2,0.04
0.957023009410286,5.14489415525301,0.236006552043774,1,"Rnf38","Prg2",0.2,0.04
0.957023009410286,5.14489415525301,0.236006552043774,1,"Mrpl37","Prg2",0.2,0.04
0.957023009410286,5.14489415525301,0.236006552043774,1,"Stard10","Prg2",0.2,0.04
0.957023009410286,5.14489415525301,0.236006552043774,1,"Chek1","Prg2",0.2,0.04
0.851339111918226,5.18472344856191,0.236006552043774,1,"Zmynd19","Prg2",0.2,0.04
0.851339111918226,5.18472344856191,0.236006552043774,1,"Gid8","Prg2",0.2,0.04
0.851339111918226,5.18472344856191,0.236006552043774,1,"Ssx2ip","Prg2",0.2,0.04
0.851339111918226,5.18472344856191,0.236006552043774,1,"Nr1h2","Prg2",0.2,0.04
0.851339111918226,5.18472344856191,0.236006552043774,1,"Ist1","Prg2",0.2,0.04
-0.503158875234413,10.1327123656484,0.236120186254354,1,"Ftl1","Prg2",0.2,0.04
-0.60460432005573,6.97403811668096,0.236323309160833,1,"Uchl5","Prg2",0.2,0.04
0.597191187007834,6.95867037264347,0.236323309160833,1,"Mogs","Prg2",0.2,0.04
-0.618341266374131,7.24865201909352,0.237637426177399,1,"Psenen","Prg2",0.2,0.04
-0.492232273201655,11.2446878786797,0.238162419185596,1,"Rps28","Prg2",0.2,0.04
-0.573135526271816,7.58696331751666,0.23856515934955,1,"Nop58","Prg2",0.2,0.04
-0.508502588493723,9.29948026606631,0.238822945404499,1,"Atp5e","Prg2",0.2,0.04
0.989815620028157,4.94927323123884,0.238912467101842,1,"Stam","Prg2",0.2,0.04
0.989815620028157,4.94927323123884,0.238912467101842,1,"Tsc22d2","Prg2",0.2,0.04
0.989815620028157,4.94927323123884,0.238912467101842,1,"Shc1","Prg2",0.2,0.04
0.989815620028157,4.94927323123884,0.238912467101842,1,"Rnf19b","Prg2",0.2,0.04
0.989815620028157,4.94927323123884,0.238912467101842,1,"Alkbh8","Prg2",0.2,0.04
0.989815620028157,4.94927323123884,0.238912467101842,1,"Rictor","Prg2",0.2,0.04
0.989815620028157,4.94927323123884,0.238912467101842,1,"Ints5.1","Prg2",0.2,0.04
-1.03695073680047,5.00689992217747,0.238912467101842,1,"Lrrcc1","Prg2",0.2,0.04
-1.03695073680047,5.00689992217747,0.238912467101842,1,"Ddx55","Prg2",0.2,0.04
-1.03695073680047,5.00689992217747,0.238912467101842,1,"Pxylp1","Prg2",0.2,0.04
-1.03695073680047,5.00689992217747,0.238912467101842,1,"Trim25","Prg2",0.2,0.04
-1.03695073680047,5.00689992217747,0.238912467101842,1,"Rhobtb3","Prg2",0.2,0.04
-1.03695073680047,5.00689992217747,0.238912467101842,1,"Sh3gl1","Prg2",0.2,0.04
-1.03695073680047,5.00689992217747,0.238912467101842,1,"Vegfb","Prg2",0.2,0.04
-1.03695073680047,5.00689992217747,0.238912467101842,1,"Nt5c2","Prg2",0.2,0.04
-0.967097085682605,4.96304218355116,0.238912467101842,1,"Nup188","Prg2",0.2,0.04
-0.967097085682605,4.96304218355116,0.238912467101842,1,"Ciz1","Prg2",0.2,0.04
-0.967097085682605,4.96304218355116,0.238912467101842,1,"Tmem230","Prg2",0.2,0.04
-0.967097085682605,4.96304218355116,0.238912467101842,1,"Gdi1","Prg2",0.2,0.04
-0.967097085682605,4.96304218355116,0.238912467101842,1,"Gm45051","Prg2",0.2,0.04
-0.967097085682605,4.96304218355116,0.238912467101842,1,"Rmnd1","Prg2",0.2,0.04
-0.967097085682605,4.96304218355116,0.238912467101842,1,"Zfp219","Prg2",0.2,0.04
-0.967097085682605,4.96304218355116,0.238912467101842,1,"Inpp5k","Prg2",0.2,0.04
-0.967097085682605,4.96304218355116,0.238912467101842,1,"Synrg","Prg2",0.2,0.04
-0.967097085682605,4.96304218355116,0.238912467101842,1,"Zcchc9","Prg2",0.2,0.04
-0.967097085682605,4.96304218355116,0.238912467101842,1,"Psen1","Prg2",0.2,0.04
-0.566806740220865,7.85234903524031,0.23895216224392,1,"Selenok","Prg2",0.2,0.04
0.541929779655553,8.00686183390356,0.239072009574505,1,"Ssr1","Prg2",0.2,0.04
-0.712031570599634,6.21544534455417,0.239662104947199,1,"Med28","Prg2",0.2,0.04
-0.712031570599634,6.21544534455417,0.239662104947199,1,"Ndufv1","Prg2",0.2,0.04
1.06620206524192,4.59617169880591,0.239948870163316,1,"Ago3","Prg2",0.2,0.04
1.06620206524192,4.59617169880591,0.239948870163316,1,"Srd5a3","Prg2",0.2,0.04
1.06620206524192,4.59617169880591,0.239948870163316,1,"Dnajb12","Prg2",0.2,0.04
1.06620206524192,4.59617169880591,0.239948870163316,1,"Lemd3","Prg2",0.2,0.04
1.06620206524192,4.59617169880591,0.239948870163316,1,"Stat2","Prg2",0.2,0.04
1.06620206524192,4.59617169880591,0.239948870163316,1,"Abcc4","Prg2",0.2,0.04
1.06620206524192,4.59617169880591,0.239948870163316,1,"Akap10","Prg2",0.2,0.04
1.06620206524192,4.59617169880591,0.239948870163316,1,"Cyth1","Prg2",0.2,0.04
1.06620206524192,4.59617169880591,0.239948870163316,1,"Tslp","Prg2",0.2,0.04
-1.30862591100054,4.6954779981648,0.239948870163316,1,"Bloc1s6","Prg2",0.2,0.04
-1.30862591100054,4.6954779981648,0.239948870163316,1,"Saraf","Prg2",0.2,0.04
-1.30862591100054,4.6954779981648,0.239948870163316,1,"Tdp1","Prg2",0.2,0.04
-1.30862591100054,4.6954779981648,0.239948870163316,1,"Ighm","Prg2",0.2,0.04
-1.30862591100054,4.6954779981648,0.239948870163316,1,"Dxo","Prg2",0.2,0.04
-1.30862591100054,4.6954779981648,0.239948870163316,1,"Cndp2","Prg2",0.2,0.04
-1.30862591100054,4.6954779981648,0.239948870163316,1,"Gstp1","Prg2",0.2,0.04
-1.22198869170577,4.64031419067509,0.239948870163316,1,"Kansl1l","Prg2",0.2,0.04
-1.22198869170577,4.64031419067509,0.239948870163316,1,"Tmem9","Prg2",0.2,0.04
-1.22198869170577,4.64031419067509,0.239948870163316,1,"Utp4","Prg2",0.2,0.04
-1.22198869170577,4.64031419067509,0.239948870163316,1,"Tmem107","Prg2",0.2,0.04
-1.22198869170577,4.64031419067509,0.239948870163316,1,"Ripor2","Prg2",0.2,0.04
-1.22198869170577,4.64031419067509,0.239948870163316,1,"Arfgap3","Prg2",0.2,0.04
0.581920468837373,7.04566419951373,0.240239031387262,1,"Ddx39","Prg2",0.2,0.04
-0.618174922374423,7.06355766849345,0.240239031387262,1,"Lsm3","Prg2",0.2,0.04
-0.618174922374423,7.06355766849345,0.240239031387262,1,"Wdr83os","Prg2",0.2,0.04
0.818678160780899,5.76495510589491,0.240754266487985,1,"Pik3cd","Prg2",0.2,0.04
0.818678160780899,5.76495510589491,0.240754266487985,1,"Rfx7","Prg2",0.2,0.04
0.818678160780899,5.76495510589491,0.240754266487985,1,"Rangap1","Prg2",0.2,0.04
0.754992757607468,5.79033955151149,0.240754266487985,1,"Papss2","Prg2",0.2,0.04
-0.745856283681734,5.8050427709573,0.240754266487985,1,"Slc43a3","Prg2",0.2,0.04
-0.745856283681734,5.8050427709573,0.240754266487985,1,"Rnf220","Prg2",0.2,0.04
-0.745856283681734,5.8050427709573,0.240754266487985,1,"Arid4b","Prg2",0.2,0.04
-0.538473940355991,8.25786643124848,0.240771714737708,1,"Hmgn2","Prg2",0.2,0.04
0.57979400831588,7.5304643311335,0.241036282961554,1,"Lamp2","Prg2",0.2,0.04
0.57979400831588,7.5304643311335,0.241036282961554,1,"Sdcbp","Prg2",0.2,0.04
0.563145512927652,7.53747462059676,0.241036282961554,1,"Tra2a","Prg2",0.2,0.04
-0.661969011960245,6.45479975549705,0.241645464109756,1,"Snrnp48","Prg2",0.2,0.04
0.600132547229752,6.98477785754768,0.2436425973925,1,"Mphosph10","Prg2",0.2,0.04
0.600132547229752,6.98477785754768,0.2436425973925,1,"Sod2","Prg2",0.2,0.04
-0.596583924763839,7.26968870716763,0.243792799297842,1,"Prdx5","Prg2",0.2,0.04
0.585471479456407,7.2619721036967,0.243792799297843,1,"BC005537","Prg2",0.2,0.04
0.705357356045662,6.07875722074042,0.244497690168873,1,"Chchd4","Prg2",0.2,0.04
0.705357356045662,6.07875722074042,0.244497690168873,1,"Ncaph2","Prg2",0.2,0.04
-0.554046920935285,7.99300444031961,0.244848714617229,1,"Lcp1","Prg2",0.2,0.04
-0.534685892142707,8.23886356473632,0.245738830045113,1,"H2afv","Prg2",0.2,0.04
2.58154398094108,3.29896043755068,0.245787508828574,1,"Mars2","Prg2",0.2,0.04
2.58154398094108,3.29896043755068,0.245787508828574,1,"Soat1","Prg2",0.2,0.04
2.58154398094108,3.29896043755068,0.245787508828574,1,"Dcaf6","Prg2",0.2,0.04
2.58154398094108,3.29896043755068,0.245787508828574,1,"Tcp11l1","Prg2",0.2,0.04
2.58154398094108,3.29896043755068,0.245787508828574,1,"Tuft1","Prg2",0.2,0.04
2.58154398094108,3.29896043755068,0.245787508828574,1,"Rbm12b1","Prg2",0.2,0.04
2.58154398094108,3.29896043755068,0.245787508828574,1,"Nfia","Prg2",0.2,0.04
2.58154398094108,3.29896043755068,0.245787508828574,1,"Wdfy3","Prg2",0.2,0.04
2.58154398094108,3.29896043755068,0.245787508828574,1,"E330009J07Rik","Prg2",0.2,0.04
2.58154398094108,3.29896043755068,0.245787508828574,1,"Clstn3","Prg2",0.2,0.04
2.58154398094108,3.29896043755068,0.245787508828574,1,"Cracr2a","Prg2",0.2,0.04
2.58154398094108,3.29896043755068,0.245787508828574,1,"Mansc1","Prg2",0.2,0.04
2.58154398094108,3.29896043755068,0.245787508828574,1,"Leng9","Prg2",0.2,0.04
2.58154398094108,3.29896043755068,0.245787508828574,1,"Mypopos","Prg2",0.2,0.04
2.58154398094108,3.29896043755068,0.245787508828574,1,"Gm4673","Prg2",0.2,0.04
2.58154398094108,3.29896043755068,0.245787508828574,1,"Slc25a42","Prg2",0.2,0.04
2.58154398094108,3.29896043755068,0.245787508828574,1,"4930513N10Rik","Prg2",0.2,0.04
2.58154398094108,3.29896043755068,0.245787508828574,1,"Lacc1","Prg2",0.2,0.04
2.58154398094108,3.29896043755068,0.245787508828574,1,"AB124611","Prg2",0.2,0.04
2.58154398094108,3.29896043755068,0.245787508828574,1,"Kcnj5","Prg2",0.2,0.04
2.58154398094108,3.29896043755068,0.245787508828574,1,"Stxbp4","Prg2",0.2,0.04
2.58154398094108,3.29896043755068,0.245787508828574,1,"Cd180","Prg2",0.2,0.04
2.58154398094108,3.29896043755068,0.245787508828574,1,"Hs1bp3","Prg2",0.2,0.04
2.58154398094108,3.29896043755068,0.245787508828574,1,"Fam49a","Prg2",0.2,0.04
2.58154398094108,3.29896043755068,0.245787508828574,1,"Dlk1","Prg2",0.2,0.04
2.58154398094108,3.29896043755068,0.245787508828574,1,"Stk3","Prg2",0.2,0.04
1.68298951337318,3.44466445036867,0.245787508828574,1,"Nabp1","Prg2",0.2,0.04
1.68298951337318,3.44466445036867,0.245787508828574,1,"Gm45902","Prg2",0.2,0.04
1.68298951337318,3.44466445036867,0.245787508828574,1,"Kyat1","Prg2",0.2,0.04
1.68298951337318,3.44466445036867,0.245787508828574,1,"Tanc1","Prg2",0.2,0.04
1.68298951337318,3.44466445036867,0.245787508828574,1,"Spg11","Prg2",0.2,0.04
1.68298951337318,3.44466445036867,0.245787508828574,1,"Soga1","Prg2",0.2,0.04
1.68298951337318,3.44466445036867,0.245787508828574,1,"Pim2","Prg2",0.2,0.04
1.68298951337318,3.44466445036867,0.245787508828574,1,"Pdlim5","Prg2",0.2,0.04
1.68298951337318,3.44466445036867,0.245787508828574,1,"Trp53inp1","Prg2",0.2,0.04
1.68298951337318,3.44466445036867,0.245787508828574,1,"Tmem156","Prg2",0.2,0.04
1.68298951337318,3.44466445036867,0.245787508828574,1,"Idua","Prg2",0.2,0.04
1.68298951337318,3.44466445036867,0.245787508828574,1,"Srrd","Prg2",0.2,0.04
1.68298951337318,3.44466445036867,0.245787508828574,1,"Zbed5","Prg2",0.2,0.04
1.68298951337318,3.44466445036867,0.245787508828574,1,"Tmc4","Prg2",0.2,0.04
1.68298951337318,3.44466445036867,0.245787508828574,1,"Zfp61","Prg2",0.2,0.04
1.68298951337318,3.44466445036867,0.245787508828574,1,"Sars2","Prg2",0.2,0.04
1.68298951337318,3.44466445036867,0.245787508828574,1,"Zfp975","Prg2",0.2,0.04
1.68298951337318,3.44466445036867,0.245787508828574,1,"Zfp719","Prg2",0.2,0.04
1.68298951337318,3.44466445036867,0.245787508828574,1,"4933406P04Rik","Prg2",0.2,0.04
1.68298951337318,3.44466445036867,0.245787508828574,1,"Ppp1r3b","Prg2",0.2,0.04
1.68298951337318,3.44466445036867,0.245787508828574,1,"Fbxw9","Prg2",0.2,0.04
1.68298951337318,3.44466445036867,0.245787508828574,1,"Ndrg2","Prg2",0.2,0.04
1.68298951337318,3.44466445036867,0.245787508828574,1,"Acvr2b","Prg2",0.2,0.04
1.68298951337318,3.44466445036867,0.245787508828574,1,"Snap47","Prg2",0.2,0.04
1.68298951337318,3.44466445036867,0.245787508828574,1,"Cdk5r1","Prg2",0.2,0.04
1.68298951337318,3.44466445036867,0.245787508828574,1,"6720427I07Rik","Prg2",0.2,0.04
1.68298951337318,3.44466445036867,0.245787508828574,1,"Fam120aos","Prg2",0.2,0.04
1.68298951337318,3.44466445036867,0.245787508828574,1,"Smug1","Prg2",0.2,0.04
1.68298951337318,3.44466445036867,0.245787508828574,1,"Mkl2","Prg2",0.2,0.04
1.68298951337318,3.44466445036867,0.245787508828574,1,"3110001I22Rik","Prg2",0.2,0.04
1.68298951337318,3.44466445036867,0.245787508828574,1,"Adrb2","Prg2",0.2,0.04
1.68298951337318,3.44466445036867,0.245787508828574,1,"Ctdp1","Prg2",0.2,0.04
-0.556889185879601,7.65572615035572,0.245878090938784,1,"Rasgrp2","Prg2",0.2,0.04
-0.863552981431316,5.66116898112915,0.246018347588415,1,"Blvrb","Prg2",0.2,0.04
-0.863552981431316,5.66116898112915,0.246018347588415,1,"Rexo1","Prg2",0.2,0.04
-0.863552981431316,5.66116898112915,0.246018347588415,1,"Zfp131","Prg2",0.2,0.04
-0.82068537465676,5.63413857397436,0.246018347588415,1,"Itch","Prg2",0.2,0.04
-0.82068537465676,5.63413857397436,0.246018347588415,1,"Pgap2","Prg2",0.2,0.04
-0.82068537465676,5.63413857397436,0.246018347588415,1,"Pcbd2","Prg2",0.2,0.04
-0.82068537465676,5.63413857397436,0.246018347588415,1,"Apopt1","Prg2",0.2,0.04
-0.723783457418864,6.36436081230018,0.246248818683518,1,"Cdk1","Prg2",0.2,0.04
-0.723783457418864,6.36436081230018,0.246248818683518,1,"Csnk2b","Prg2",0.2,0.04
-0.6763144909528,6.58177515662205,0.247032844525346,1,"Cetn2","Prg2",0.2,0.04
-0.654001043035167,6.56800161599893,0.247032844525346,1,"Txnip","Prg2",0.2,0.04
-0.593379263726376,7.08740049186638,0.247191947622889,1,"Suclg1","Prg2",0.2,0.04
0.602147269455531,6.74919754642806,0.24731546440142,1,"Etv6","Prg2",0.2,0.04
-0.557483059658007,7.80139006612295,0.247662846549237,1,"Atp8b4","Prg2",0.2,0.04
-0.557101041044777,7.70593775665698,0.248060889685654,1,"Ost4","Prg2",0.2,0.04
-0.567536752802172,7.61024834542767,0.248484023327338,1,"Txnl1","Prg2",0.2,0.04
0.513008482028294,8.68306063651851,0.248952904344168,1,"Eif4g2","Prg2",0.2,0.04
0.755453310229029,5.95690053159404,0.24989395071512,1,"Gtf3c2","Prg2",0.2,0.04
0.701326570322611,5.97895267104672,0.24989395071512,1,"Ankrd44","Prg2",0.2,0.04
-0.72290781484084,5.97933205688919,0.249893950715121,1,"Hsd17b12","Prg2",0.2,0.04
-0.72290781484084,5.97933205688919,0.249893950715121,1,"Pex7","Prg2",0.2,0.04
-0.72290781484084,5.97933205688919,0.249893950715121,1,"Emid1","Prg2",0.2,0.04
-0.72290781484084,5.97933205688919,0.249893950715121,1,"Tnpo1","Prg2",0.2,0.04
0.602968780366127,7.01042641457798,0.250884181655852,1,"Ddx3x","Prg2",0.2,0.04
-0.662899330304438,6.25759294740267,0.251361073776152,1,"Eif4g3","Prg2",0.2,0.04
-0.646070969063977,6.50529031002065,0.251764135464192,1,"Mrpl54","Prg2",0.2,0.04
0.835614248839037,5.42992060722176,0.251805242825121,1,"Clcc1","Prg2",0.2,0.04
0.835614248839037,5.42992060722176,0.251805242825121,1,"Chsy1","Prg2",0.2,0.04
0.835614248839037,5.42992060722176,0.251805242825121,1,"Nup98","Prg2",0.2,0.04
0.835614248839037,5.42992060722176,0.251805242825121,1,"Sgta","Prg2",0.2,0.04
0.835614248839037,5.42992060722176,0.251805242825121,1,"Elp3","Prg2",0.2,0.04
0.835614248839037,5.42992060722176,0.251805242825121,1,"Supt6","Prg2",0.2,0.04
-0.820161802720891,5.51093181974659,0.251805242825121,1,"Usp5","Prg2",0.2,0.04
-0.820161802720891,5.51093181974659,0.251805242825121,1,"Msra","Prg2",0.2,0.04
-0.820161802720891,5.51093181974659,0.251805242825121,1,"Atp6v1d","Prg2",0.2,0.04
-0.771511407169723,5.48069202608739,0.251805242825121,1,"Ncbp1","Prg2",0.2,0.04
-0.771511407169723,5.48069202608739,0.251805242825121,1,"Smim20","Prg2",0.2,0.04
-0.771511407169723,5.48069202608739,0.251805242825121,1,"Pyurf","Prg2",0.2,0.04
-0.771511407169723,5.48069202608739,0.251805242825121,1,"Kras","Prg2",0.2,0.04
-0.771511407169723,5.48069202608739,0.251805242825121,1,"Zfp266","Prg2",0.2,0.04
-0.495017367007492,9.48543239120691,0.251838663911848,1,"Gpi1","Prg2",0.2,0.04
0.530167700472799,8.01183643653553,0.252507756070657,1,"Atp6v0b","Prg2",0.2,0.04
0.587874539261397,7.09445399378929,0.254073232592849,1,"Ralbp1","Prg2",0.2,0.04
0.515126605283648,8.38801259061322,0.254267404723429,1,"Tmem50a","Prg2",0.2,0.04
-0.552564261702102,7.77521306754147,0.254575145574656,1,"Ldhc","Prg2",0.2,0.04
-0.500666892975266,8.7127847546499,0.256248411892638,1,"Krtcap2","Prg2",0.2,0.04
-0.639616818328669,6.61474352044127,0.25644667265815,1,"Ssu72","Prg2",0.2,0.04
-0.679175916728462,6.40248980967387,0.257004098777776,1,"Zcrb1","Prg2",0.2,0.04
-0.735352884602957,6.15352343718517,0.257069726055963,1,"Acaa2","Prg2",0.2,0.04
-0.933480639521095,5.29842792725666,0.258092511857811,1,"Clip1","Prg2",0.2,0.04
-0.933480639521095,5.29842792725666,0.258092511857811,1,"Fam3c","Prg2",0.2,0.04
-0.933480639521095,5.29842792725666,0.258092511857811,1,"Taf2","Prg2",0.2,0.04
-0.933480639521095,5.29842792725666,0.258092511857811,1,"Tctex1d2","Prg2",0.2,0.04
-0.877243758574873,5.26308151737582,0.258092511857811,1,"Tsen15","Prg2",0.2,0.04
-0.877243758574873,5.26308151737582,0.258092511857811,1,"Tmem214","Prg2",0.2,0.04
-0.877243758574873,5.26308151737582,0.258092511857811,1,"Mboat7","Prg2",0.2,0.04
-0.877243758574873,5.26308151737582,0.258092511857811,1,"Upf3a","Prg2",0.2,0.04
-0.877243758574873,5.26308151737582,0.258092511857811,1,"Dda1","Prg2",0.2,0.04
-0.877243758574873,5.26308151737582,0.258092511857811,1,"Anxa2","Prg2",0.2,0.04
-0.877243758574873,5.26308151737582,0.258092511857811,1,"Mb21d1","Prg2",0.2,0.04
-0.877243758574873,5.26308151737582,0.258092511857811,1,"Ninj1","Prg2",0.2,0.04
-0.877243758574873,5.26308151737582,0.258092511857811,1,"Abhd16a","Prg2",0.2,0.04
0.845425970381269,5.2710829181072,0.258092511857811,1,"Tada1","Prg2",0.2,0.04
0.845425970381269,5.2710829181072,0.258092511857811,1,"Uhmk1","Prg2",0.2,0.04
0.845425970381269,5.2710829181072,0.258092511857811,1,"Xpo6","Prg2",0.2,0.04
-0.469148922322339,11.6298009650374,0.259170586703819,1,"Rpl10","Prg2",0.2,0.04
-0.634092674538453,6.71643412739308,0.2604696575763,1,"Mplkip","Prg2",0.2,0.04
-0.600167182589589,7.12945507767313,0.260881060979543,1,"Aes","Prg2",0.2,0.04
-0.584925771234492,7.1201950830375,0.260881060979543,1,"Ift20","Prg2",0.2,0.04
-0.780659360107519,5.72210621142394,0.26276559982407,1,"Ago1","Prg2",0.2,0.04
0.669068290294318,6.27769688344721,0.262838727274092,1,"Cd44","Prg2",0.2,0.04
0.669068290294318,6.27769688344721,0.262838727274092,1,"Nufip2","Prg2",0.2,0.04
-0.541417795535118,7.67170005598313,0.263092091602336,1,"Ppid","Prg2",0.2,0.04
-0.530937399453984,7.66543008904152,0.263092091602336,1,"Cacybp","Prg2",0.2,0.04
-0.69722299848234,6.04905561336486,0.263482910540878,1,"Nxt1","Prg2",0.2,0.04
-0.69722299848234,6.04905561336486,0.263482910540878,1,"Tgs1","Prg2",0.2,0.04
-0.69722299848234,6.04905561336486,0.263482910540878,1,"Dcps","Prg2",0.2,0.04
-0.470642215265825,10.4996239783301,0.263503856877057,1,"H3f3a","Prg2",0.2,0.04
0.608610878187429,6.80880513898627,0.263961758694486,1,"Nsun2","Prg2",0.2,0.04
-4.72543961483506,3.07285010826051,0.264705882352941,1,"Gm16152","Prg2",0.2,0.04
-4.72543961483506,3.07285010826051,0.264705882352941,1,"Gpc1","Prg2",0.2,0.04
-4.72543961483506,3.07285010826051,0.264705882352941,1,"Mastl","Prg2",0.2,0.04
-4.72543961483506,3.07285010826051,0.264705882352941,1,"Dpp7","Prg2",0.2,0.04
-4.72543961483506,3.07285010826051,0.264705882352941,1,"Nr4a2","Prg2",0.2,0.04
-4.72543961483506,3.07285010826051,0.264705882352941,1,"Lcmt2","Prg2",0.2,0.04
-4.72543961483506,3.07285010826051,0.264705882352941,1,"Gm6710","Prg2",0.2,0.04
-4.72543961483506,3.07285010826051,0.264705882352941,1,"Xlr3b","Prg2",0.2,0.04
-4.72543961483506,3.07285010826051,0.264705882352941,1,"Gm15013","Prg2",0.2,0.04
-4.72543961483506,3.07285010826051,0.264705882352941,1,"Bbs7","Prg2",0.2,0.04
-4.72543961483506,3.07285010826051,0.264705882352941,1,"Gm37305","Prg2",0.2,0.04
-4.72543961483506,3.07285010826051,0.264705882352941,1,"Syt11","Prg2",0.2,0.04
-4.72543961483506,3.07285010826051,0.264705882352941,1,"Gstm7","Prg2",0.2,0.04
-4.72543961483506,3.07285010826051,0.264705882352941,1,"Rwdd3","Prg2",0.2,0.04
-4.72543961483506,3.07285010826051,0.264705882352941,1,"Adgrl2","Prg2",0.2,0.04
-4.72543961483506,3.07285010826051,0.264705882352941,1,"Kif24","Prg2",0.2,0.04
-4.72543961483506,3.07285010826051,0.264705882352941,1,"Zc3h12a","Prg2",0.2,0.04
-4.72543961483506,3.07285010826051,0.264705882352941,1,"Oscp1","Prg2",0.2,0.04
-4.72543961483506,3.07285010826051,0.264705882352941,1,"Slc30a2","Prg2",0.2,0.04
-4.72543961483506,3.07285010826051,0.264705882352941,1,"Hip1","Prg2",0.2,0.04
-4.72543961483506,3.07285010826051,0.264705882352941,1,"Zcwpw1","Prg2",0.2,0.04
-4.72543961483506,3.07285010826051,0.264705882352941,1,"C1rl","Prg2",0.2,0.04
-4.72543961483506,3.07285010826051,0.264705882352941,1,"Vamp1","Prg2",0.2,0.04
-4.72543961483506,3.07285010826051,0.264705882352941,1,"Vwf","Prg2",0.2,0.04
-4.72543961483506,3.07285010826051,0.264705882352941,1,"3010003L21Rik","Prg2",0.2,0.04
-4.72543961483506,3.07285010826051,0.264705882352941,1,"Gm9844","Prg2",0.2,0.04
-4.72543961483506,3.07285010826051,0.264705882352941,1,"Atp1a3","Prg2",0.2,0.04
-4.72543961483506,3.07285010826051,0.264705882352941,1,"Lrfn1","Prg2",0.2,0.04
-4.72543961483506,3.07285010826051,0.264705882352941,1,"Trim3","Prg2",0.2,0.04
-4.72543961483506,3.07285010826051,0.264705882352941,1,"Cttn","Prg2",0.2,0.04
-4.72543961483506,3.07285010826051,0.264705882352941,1,"1500009L16Rik","Prg2",0.2,0.04
-4.72543961483506,3.07285010826051,0.264705882352941,1,"Slc16a7","Prg2",0.2,0.04
-4.72543961483506,3.07285010826051,0.264705882352941,1,"Car7","Prg2",0.2,0.04
-4.72543961483506,3.07285010826051,0.264705882352941,1,"1190005I06Rik","Prg2",0.2,0.04
-4.72543961483506,3.07285010826051,0.264705882352941,1,"Irf8","Prg2",0.2,0.04
-4.72543961483506,3.07285010826051,0.264705882352941,1,"Gm7324","Prg2",0.2,0.04
-4.72543961483506,3.07285010826051,0.264705882352941,1,"Slc22a17","Prg2",0.2,0.04
-4.72543961483506,3.07285010826051,0.264705882352941,1,"Rec8","Prg2",0.2,0.04
-4.72543961483506,3.07285010826051,0.264705882352941,1,"Spa17","Prg2",0.2,0.04
-4.72543961483506,3.07285010826051,0.264705882352941,1,"Snx33","Prg2",0.2,0.04
-4.72543961483506,3.07285010826051,0.264705882352941,1,"2700012I20Rik","Prg2",0.2,0.04
-4.72543961483506,3.07285010826051,0.264705882352941,1,"Serpinf1","Prg2",0.2,0.04
-4.72543961483506,3.07285010826051,0.264705882352941,1,"Hoxb5os","Prg2",0.2,0.04
-4.72543961483506,3.07285010826051,0.264705882352941,1,"Rhbdf2","Prg2",0.2,0.04
-4.72543961483506,3.07285010826051,0.264705882352941,1,"Hist1h2ab","Prg2",0.2,0.04
-4.72543961483506,3.07285010826051,0.264705882352941,1,"Zfp759","Prg2",0.2,0.04
-4.72543961483506,3.07285010826051,0.264705882352941,1,"Zfp458","Prg2",0.2,0.04
-4.72543961483506,3.07285010826051,0.264705882352941,1,"Zfp85","Prg2",0.2,0.04
-4.72543961483506,3.07285010826051,0.264705882352941,1,"Zfp273","Prg2",0.2,0.04
-4.72543961483506,3.07285010826051,0.264705882352941,1,"Rnf180","Prg2",0.2,0.04
-4.72543961483506,3.07285010826051,0.264705882352941,1,"Lrp12","Prg2",0.2,0.04
-4.72543961483506,3.07285010826051,0.264705882352941,1,"Gpt","Prg2",0.2,0.04
-4.72543961483506,3.07285010826051,0.264705882352941,1,"C730034F03Rik","Prg2",0.2,0.04
-4.72543961483506,3.07285010826051,0.264705882352941,1,"Zfp385a","Prg2",0.2,0.04
-4.72543961483506,3.07285010826051,0.264705882352941,1,"Vpreb1","Prg2",0.2,0.04
-4.72543961483506,3.07285010826051,0.264705882352941,1,"Rtn4r","Prg2",0.2,0.04
-4.72543961483506,3.07285010826051,0.264705882352941,1,"C3","Prg2",0.2,0.04
-4.72543961483506,3.07285010826051,0.264705882352941,1,"Rmdn2","Prg2",0.2,0.04
-4.72543961483506,3.07285010826051,0.264705882352941,1,"Haao","Prg2",0.2,0.04
-4.72543961483506,3.07285010826051,0.264705882352941,1,"Ticam2","Prg2",0.2,0.04
-4.72543961483506,3.07285010826051,0.264705882352941,1,"Spindoc","Prg2",0.2,0.04
-4.72543961483506,3.07285010826051,0.264705882352941,1,"1810009A15Rik","Prg2",0.2,0.04
-0.884329789376008,5.10089969943287,0.264725179487719,1,"Toe1","Prg2",0.2,0.04
-0.884329789376008,5.10089969943287,0.264725179487719,1,"Slc25a36","Prg2",0.2,0.04
-0.884329789376008,5.10089969943287,0.264725179487719,1,"Hk3","Prg2",0.2,0.04
0.865979041432153,4.99511514051265,0.264725179487719,1,"Lnpk","Prg2",0.2,0.04
0.865979041432153,4.99511514051265,0.264725179487719,1,"Slc35c1","Prg2",0.2,0.04
0.865979041432153,4.99511514051265,0.264725179487719,1,"Miga1","Prg2",0.2,0.04
0.865979041432153,4.99511514051265,0.264725179487719,1,"Akt2","Prg2",0.2,0.04
0.865979041432153,4.99511514051265,0.264725179487719,1,"Bcl2l12","Prg2",0.2,0.04
0.865979041432153,4.99511514051265,0.264725179487719,1,"Gpalpp1","Prg2",0.2,0.04
0.865979041432153,4.99511514051265,0.264725179487719,1,"Prkaa1","Prg2",0.2,0.04
0.865979041432153,4.99511514051265,0.264725179487719,1,"Mzt2","Prg2",0.2,0.04
0.865979041432153,4.99511514051265,0.264725179487719,1,"Crkl","Prg2",0.2,0.04
-0.577638980977616,7.07785319009598,0.265125617668482,1,"Mbd3","Prg2",0.2,0.04
-0.604882563502969,6.64700757836117,0.265716980801241,1,"Adssl1","Prg2",0.2,0.04
0.587394391499014,6.62215463857907,0.265716980801241,1,"Slco3a1","Prg2",0.2,0.04
-0.482384302304611,9.38432721526689,0.265791445269267,1,"Tubb5","Prg2",0.2,0.04
-0.480523414339961,9.53170342020498,0.267498114649738,1,"Ssr4","Prg2",0.2,0.04
-0.637373030925453,6.43968205178588,0.267568297901443,1,"Gatad1","Prg2",0.2,0.04
-0.637373030925453,6.43968205178588,0.267568297901443,1,"Hnrnph3","Prg2",0.2,0.04
-0.576870154206989,7.15226484905557,0.267613907266912,1,"Cbx1","Prg2",0.2,0.04
-0.515593142485529,7.94975723701345,0.26768758924001,1,"Eif3m","Prg2",0.2,0.04
-0.561942798895038,7.34696431384601,0.267858080941027,1,"Limd2","Prg2",0.2,0.04
-0.682977466728064,6.1974416927258,0.269374410536869,1,"Tmed7","Prg2",0.2,0.04
-0.457314611833366,12.0773331314074,0.26987165156181,1,"Rps7","Prg2",0.2,0.04
0.754153929197421,5.53401908482043,0.270484410034264,1,"Pcyox1","Prg2",0.2,0.04
-0.528754065802077,7.78418059868021,0.270820075107114,1,"Ywhaq","Prg2",0.2,0.04
0.525606425878301,7.62633457318537,0.271184608182788,1,"Iqgap1","Prg2",0.2,0.04
-1.07498681826085,4.81065572559628,0.271197045460801,1,"Pdzd11","Prg2",0.2,0.04
-1.07498681826085,4.81065572559628,0.271197045460801,1,"Mfn2","Prg2",0.2,0.04
-1.07498681826085,4.81065572559628,0.271197045460801,1,"Tbc1d1","Prg2",0.2,0.04
-1.07498681826085,4.81065572559628,0.271197045460801,1,"Casp2","Prg2",0.2,0.04
-1.07498681826085,4.81065572559628,0.271197045460801,1,"Wbp1","Prg2",0.2,0.04
-1.07498681826085,4.81065572559628,0.271197045460801,1,"Sacm1l","Prg2",0.2,0.04
-1.07498681826085,4.81065572559628,0.271197045460801,1,"Ero1lb","Prg2",0.2,0.04
-1.07498681826085,4.81065572559628,0.271197045460801,1,"Caml","Prg2",0.2,0.04
-1.07498681826085,4.81065572559628,0.271197045460801,1,"Trip13","Prg2",0.2,0.04
-1.07498681826085,4.81065572559628,0.271197045460801,1,"1700097N02Rik","Prg2",0.2,0.04
-1.07498681826085,4.81065572559628,0.271197045460801,1,"Rrp36","Prg2",0.2,0.04
1.03566483301883,4.72353544029736,0.271197045460801,1,"Stat6","Prg2",0.2,0.04
1.03566483301883,4.72353544029736,0.271197045460801,1,"Cep44","Prg2",0.2,0.04
1.03566483301883,4.72353544029736,0.271197045460801,1,"Dirc2","Prg2",0.2,0.04
0.886139637233898,4.77740608647966,0.271197045460801,1,"Pnpla7","Prg2",0.2,0.04
0.886139637233898,4.77740608647966,0.271197045460801,1,"Abl1","Prg2",0.2,0.04
0.886139637233898,4.77740608647966,0.271197045460801,1,"Ada","Prg2",0.2,0.04
0.886139637233898,4.77740608647966,0.271197045460801,1,"Ints3","Prg2",0.2,0.04
0.886139637233898,4.77740608647966,0.271197045460801,1,"Lrrc41","Prg2",0.2,0.04
0.886139637233898,4.77740608647966,0.271197045460801,1,"Slc7a1","Prg2",0.2,0.04
0.886139637233898,4.77740608647966,0.271197045460801,1,"Uspl1","Prg2",0.2,0.04
0.886139637233898,4.77740608647966,0.271197045460801,1,"Fyco1","Prg2",0.2,0.04
0.886139637233898,4.77740608647966,0.271197045460801,1,"Mfap3","Prg2",0.2,0.04
0.886139637233898,4.77740608647966,0.271197045460801,1,"Dcxr","Prg2",0.2,0.04
0.886139637233898,4.77740608647966,0.271197045460801,1,"Smc5","Prg2",0.2,0.04
0.612746772756041,6.53985530465397,0.271509807594422,1,"Cdc40","Prg2",0.2,0.04
0.612746772756041,6.53985530465397,0.271509807594422,1,"4930453N24Rik","Prg2",0.2,0.04
0.505971931792955,8.15204885793994,0.27335271349159,1,"Etf1","Prg2",0.2,0.04
-0.671465550606763,6.33188944610545,0.27408947655935,1,"1810022K09Rik","Prg2",0.2,0.04
0.671705384248428,6.31917895616114,0.274089476559351,1,"Adipor2","Prg2",0.2,0.04
0.671705384248428,6.31917895616114,0.274089476559351,1,"Syk","Prg2",0.2,0.04
-1.51994588291004,4.06293668830743,0.274267564733802,1,"Scyl3","Prg2",0.2,0.04
-1.51994588291004,4.06293668830743,0.274267564733802,1,"B930036N10Rik","Prg2",0.2,0.04
-1.51994588291004,4.06293668830743,0.274267564733802,1,"Kif16b","Prg2",0.2,0.04
-1.51994588291004,4.06293668830743,0.274267564733802,1,"Gm15261","Prg2",0.2,0.04
-1.51994588291004,4.06293668830743,0.274267564733802,1,"I830077J02Rik","Prg2",0.2,0.04
-1.51994588291004,4.06293668830743,0.274267564733802,1,"Vcam1","Prg2",0.2,0.04
-1.51994588291004,4.06293668830743,0.274267564733802,1,"Mettl14","Prg2",0.2,0.04
-1.51994588291004,4.06293668830743,0.274267564733802,1,"Fam206a","Prg2",0.2,0.04
-1.51994588291004,4.06293668830743,0.274267564733802,1,"E130308A19Rik","Prg2",0.2,0.04
-1.51994588291004,4.06293668830743,0.274267564733802,1,"Snapc3","Prg2",0.2,0.04
-1.51994588291004,4.06293668830743,0.274267564733802,1,"1110065P20Rik","Prg2",0.2,0.04
-1.51994588291004,4.06293668830743,0.274267564733802,1,"Prkrip1","Prg2",0.2,0.04
-1.51994588291004,4.06293668830743,0.274267564733802,1,"Atn1","Prg2",0.2,0.04
-1.51994588291004,4.06293668830743,0.274267564733802,1,"Zfp688","Prg2",0.2,0.04
-1.51994588291004,4.06293668830743,0.274267564733802,1,"Rab3ip","Prg2",0.2,0.04
-1.51994588291004,4.06293668830743,0.274267564733802,1,"Snapc2","Prg2",0.2,0.04
-1.51994588291004,4.06293668830743,0.274267564733802,1,"Mlkl","Prg2",0.2,0.04
-1.51994588291004,4.06293668830743,0.274267564733802,1,"Lrmda","Prg2",0.2,0.04
-1.51994588291004,4.06293668830743,0.274267564733802,1,"Plekhm1","Prg2",0.2,0.04
-1.51994588291004,4.06293668830743,0.274267564733802,1,"Arf2","Prg2",0.2,0.04
-1.51994588291004,4.06293668830743,0.274267564733802,1,"Cep131","Prg2",0.2,0.04
-1.51994588291004,4.06293668830743,0.274267564733802,1,"Arl16","Prg2",0.2,0.04
-1.51994588291004,4.06293668830743,0.274267564733802,1,"Zfp934","Prg2",0.2,0.04
-1.51994588291004,4.06293668830743,0.274267564733802,1,"Gphn","Prg2",0.2,0.04
-1.51994588291004,4.06293668830743,0.274267564733802,1,"Trmt12","Prg2",0.2,0.04
-1.51994588291004,4.06293668830743,0.274267564733802,1,"Ndc80","Prg2",0.2,0.04
-1.51994588291004,4.06293668830743,0.274267564733802,1,"Ercc3","Prg2",0.2,0.04
-1.51994588291004,4.06293668830743,0.274267564733802,1,"Srfbp1","Prg2",0.2,0.04
-1.51994588291004,4.06293668830743,0.274267564733802,1,"Cep120","Prg2",0.2,0.04
1.31052971585935,3.93543188072855,0.274267564733802,1,"Nck2","Prg2",0.2,0.04
1.31052971585935,3.93543188072855,0.274267564733802,1,"Kctd3","Prg2",0.2,0.04
1.31052971585935,3.93543188072855,0.274267564733802,1,"Zscan29","Prg2",0.2,0.04
1.31052971585935,3.93543188072855,0.274267564733802,1,"Prune1","Prg2",0.2,0.04
1.31052971585935,3.93543188072855,0.274267564733802,1,"Usp45","Prg2",0.2,0.04
1.31052971585935,3.93543188072855,0.274267564733802,1,"Lin37","Prg2",0.2,0.04
1.31052971585935,3.93543188072855,0.274267564733802,1,"Rnf169","Prg2",0.2,0.04
1.31052971585935,3.93543188072855,0.274267564733802,1,"Rufy2","Prg2",0.2,0.04
1.31052971585935,3.93543188072855,0.274267564733802,1,"Specc1","Prg2",0.2,0.04
1.31052971585935,3.93543188072855,0.274267564733802,1,"Tada2a","Prg2",0.2,0.04
1.31052971585935,3.93543188072855,0.274267564733802,1,"Sema4d","Prg2",0.2,0.04
1.31052971585935,3.93543188072855,0.274267564733802,1,"Zfp729b","Prg2",0.2,0.04
1.31052971585935,3.93543188072855,0.274267564733802,1,"Lin52","Prg2",0.2,0.04
1.31052971585935,3.93543188072855,0.274267564733802,1,"Abca3","Prg2",0.2,0.04
1.31052971585935,3.93543188072855,0.274267564733802,1,"Itpr3","Prg2",0.2,0.04
1.31052971585935,3.93543188072855,0.274267564733802,1,"Trim39","Prg2",0.2,0.04
-0.543494334278278,7.42783144403601,0.275415272688116,1,"Agpat5","Prg2",0.2,0.04
-0.450841152179217,12.5022958261025,0.275646604544724,1,"Malat1","Prg2",0.2,0.04
1.10435314216825,4.45671485395729,0.275998822358522,1,"Entpd6","Prg2",0.2,0.04
1.10435314216825,4.45671485395729,0.275998822358522,1,"Slc31a1","Prg2",0.2,0.04
1.10435314216825,4.45671485395729,0.275998822358522,1,"Zfp655","Prg2",0.2,0.04
1.10435314216825,4.45671485395729,0.275998822358522,1,"Utp20","Prg2",0.2,0.04
1.10435314216825,4.45671485395729,0.275998822358522,1,"Asb3","Prg2",0.2,0.04
1.10435314216825,4.45671485395729,0.275998822358522,1,"Cox11","Prg2",0.2,0.04
1.10435314216825,4.45671485395729,0.275998822358522,1,"Tfap4","Prg2",0.2,0.04
1.10435314216825,4.45671485395729,0.275998822358522,1,"App","Prg2",0.2,0.04
1.10435314216825,4.45671485395729,0.275998822358522,1,"Wbp1l","Prg2",0.2,0.04
0.653066540515206,6.05059715818684,0.276744319087451,1,"Usp48","Prg2",0.2,0.04
0.653066540515206,6.05059715818684,0.276744319087451,1,"Cdt1","Prg2",0.2,0.04
-0.56989668318923,7.03421377171339,0.277001419130822,1,"Timm8b","Prg2",0.2,0.04
0.57309316558396,6.76154950826385,0.277689553835427,1,"Cat","Prg2",0.2,0.04
0.57309316558396,6.76154950826385,0.277689553835427,1,"Cd164","Prg2",0.2,0.04
0.754811485428601,5.73033201009718,0.278997379553853,1,"Pcf11","Prg2",0.2,0.04
0.69112608225517,5.75632868575514,0.278997379553853,1,"Fam168b","Prg2",0.2,0.04
0.69112608225517,5.75632868575514,0.278997379553853,1,"Las1l","Prg2",0.2,0.04
-0.706497392348972,5.78069208192705,0.278997379553853,1,"Clpp","Prg2",0.2,0.04
-0.706497392348972,5.78069208192705,0.278997379553853,1,"Psmg2","Prg2",0.2,0.04
-0.706497392348972,5.78069208192705,0.278997379553853,1,"Sssca1","Prg2",0.2,0.04
-0.819522812226348,5.37596983986053,0.279244756297596,1,"Hoxa7","Prg2",0.2,0.04
-0.819522812226348,5.37596983986053,0.279244756297596,1,"Aurkb","Prg2",0.2,0.04
-0.819522812226348,5.37596983986053,0.279244756297596,1,"Acadvl","Prg2",0.2,0.04
-0.819522812226348,5.37596983986053,0.279244756297596,1,"Vps53","Prg2",0.2,0.04
-0.819522812226348,5.37596983986053,0.279244756297596,1,"Ralgapa1","Prg2",0.2,0.04
0.482670455603761,8.68733370110401,0.280164873055461,1,"Rpn2","Prg2",0.2,0.04
0.512430623953776,7.44239050569508,0.280991994244147,1,"Sun2","Prg2",0.2,0.04
-0.634418808126229,6.24012293064972,0.281406579596898,1,"Ss18l2","Prg2",0.2,0.04
0.619104749717832,6.20959589696379,0.281406579596898,1,"Mia3","Prg2",0.2,0.04
0.619104749717832,6.20959589696379,0.281406579596898,1,"Dmac1","Prg2",0.2,0.04
0.619104749717832,6.20959589696379,0.281406579596898,1,"Xpot","Prg2",0.2,0.04
0.619104749717832,6.20959589696379,0.281406579596898,1,"Hcls1","Prg2",0.2,0.04
-0.492405365491067,8.07232199324972,0.281417361474715,1,"Cct5","Prg2",0.2,0.04
-0.507427547729659,7.72465729642225,0.282040408874001,1,"Pnp","Prg2",0.2,0.04
-0.512320822565461,7.57717434869918,0.283542436196038,1,"Ndufc1","Prg2",0.2,0.04
-0.473061888064695,9.17096983690783,0.283813892123863,1,"Ppib","Prg2",0.2,0.04
-0.613674086195614,6.703940865842,0.28381560389937,1,"Gm8113","Prg2",0.2,0.04
-0.613674086195614,6.703940865842,0.28381560389937,1,"Pgp","Prg2",0.2,0.04
-0.613674086195614,6.703940865842,0.28381560389937,1,"Glo1","Prg2",0.2,0.04
-0.48218618147366,8.39688006047004,0.284570754348512,1,"Erp29","Prg2",0.2,0.04
-0.653711652016046,6.38678632524237,0.285109736968534,1,"Mbd2","Prg2",0.2,0.04
-0.627789842750484,6.3708939113461,0.285109736968534,1,"Snrnp27","Prg2",0.2,0.04
-0.627789842750484,6.3708939113461,0.285109736968534,1,"Rab5c","Prg2",0.2,0.04
0.699075132064343,5.92638171555125,0.285117324438677,1,"Afg3l1","Prg2",0.2,0.04
0.699075132064343,5.92638171555125,0.285117324438677,1,"Gm15657","Prg2",0.2,0.04
-0.688273554955513,5.95791378616063,0.285117324438677,1,"Marcksl1","Prg2",0.2,0.04
0.644948392157926,5.94890299529986,0.285117324438677,1,"Suco","Prg2",0.2,0.04
0.644948392157926,5.94890299529986,0.285117324438677,1,"Kdm2b","Prg2",0.2,0.04
0.644948392157926,5.94890299529986,0.285117324438677,1,"Med1","Prg2",0.2,0.04
0.644948392157926,5.94890299529986,0.285117324438677,1,"Dgkg","Prg2",0.2,0.04
-0.441261908820013,12.6247103955655,0.285697637542128,1,"Rpl23","Prg2",0.2,0.04
-0.776504909395878,5.6065403496994,0.288483965512137,1,"Ttc5","Prg2",0.2,0.04
0.858121195043596,5.09297270381719,0.289175799326644,1,"Rbbp5","Prg2",0.2,0.04
0.858121195043596,5.09297270381719,0.289175799326644,1,"Dhtkd1","Prg2",0.2,0.04
0.858121195043596,5.09297270381719,0.289175799326644,1,"Zfp687","Prg2",0.2,0.04
0.858121195043596,5.09297270381719,0.289175799326644,1,"Ube3c","Prg2",0.2,0.04
0.858121195043596,5.09297270381719,0.289175799326644,1,"Vgll4","Prg2",0.2,0.04
0.858121195043596,5.09297270381719,0.289175799326644,1,"Gabarapl1","Prg2",0.2,0.04
0.858121195043596,5.09297270381719,0.289175799326644,1,"Adgre5","Prg2",0.2,0.04
0.858121195043596,5.09297270381719,0.289175799326644,1,"Junb","Prg2",0.2,0.04
0.858121195043596,5.09297270381719,0.289175799326644,1,"Acd","Prg2",0.2,0.04
0.858121195043596,5.09297270381719,0.289175799326644,1,"Snhg9","Prg2",0.2,0.04
0.752437297551536,5.13423525723249,0.289175799326644,1,"BC035044","Prg2",0.2,0.04
0.752437297551536,5.13423525723249,0.289175799326644,1,"Trim30a","Prg2",0.2,0.04
0.752437297551536,5.13423525723249,0.289175799326644,1,"Tbc1d10b","Prg2",0.2,0.04
0.752437297551536,5.13423525723249,0.289175799326644,1,"AU019823","Prg2",0.2,0.04
0.752437297551536,5.13423525723249,0.289175799326644,1,"Rhob","Prg2",0.2,0.04
0.752437297551536,5.13423525723249,0.289175799326644,1,"Fbxo33","Prg2",0.2,0.04
0.752437297551536,5.13423525723249,0.289175799326644,1,"Srebf2","Prg2",0.2,0.04
-0.948015192549439,5.14064616767464,0.289175799326645,1,"Cstf2","Prg2",0.2,0.04
-0.948015192549439,5.14064616767464,0.289175799326645,1,"Ect2","Prg2",0.2,0.04
-0.948015192549439,5.14064616767464,0.289175799326645,1,"Meaf6","Prg2",0.2,0.04
-0.948015192549439,5.14064616767464,0.289175799326645,1,"Hmgcl","Prg2",0.2,0.04
-0.948015192549439,5.14064616767464,0.289175799326645,1,"Far2","Prg2",0.2,0.04
-0.948015192549439,5.14064616767464,0.289175799326645,1,"AI413582","Prg2",0.2,0.04
-0.948015192549439,5.14064616767464,0.289175799326645,1,"Myo1f","Prg2",0.2,0.04
-0.948015192549439,5.14064616767464,0.289175799326645,1,"Gemin6","Prg2",0.2,0.04
-0.948015192549439,5.14064616767464,0.289175799326645,1,"Taf7","Prg2",0.2,0.04
0.656706960494494,6.09891848513901,0.289674126818089,1,"Gps1","Prg2",0.2,0.04
-0.705079396136813,6.13468891040983,0.289674126818089,1,"Smu1","Prg2",0.2,0.04
-0.705079396136813,6.13468891040983,0.289674126818089,1,"Ccdc107","Prg2",0.2,0.04
-0.705079396136813,6.13468891040983,0.289674126818089,1,"Mphosph8","Prg2",0.2,0.04
-0.705079396136813,6.13468891040983,0.289674126818089,1,"Ikzf1","Prg2",0.2,0.04
-0.705079396136813,6.13468891040983,0.289674126818089,1,"Slc38a10","Prg2",0.2,0.04
-0.705079396136813,6.13468891040983,0.289674126818089,1,"Pam16","Prg2",0.2,0.04
-0.67415700848798,6.11558113994816,0.289674126818089,1,"Bola3","Prg2",0.2,0.04
0.526821876975517,7.4157955727528,0.290984864304006,1,"Csde1","Prg2",0.2,0.04
0.598702324575098,6.71845649978456,0.292640255260132,1,"Pabpc4","Prg2",0.2,0.04
-0.617178763346199,6.29859922898578,0.293163516657189,1,"Fbxo9","Prg2",0.2,0.04
-0.617178763346199,6.29859922898578,0.293163516657189,1,"Commd1","Prg2",0.2,0.04
-0.589249613483372,6.28163349254863,0.293163516657189,1,"Il3ra","Prg2",0.2,0.04
-0.435994568742212,11.754670917867,0.293816194219177,1,"Rpl15","Prg2",0.2,0.04
-0.580554898258915,6.82822957372411,0.294383286992823,1,"Ap2m1","Prg2",0.2,0.04
-0.535194850115033,6.93209260785156,0.295872561322,1,"Syne1","Prg2",0.2,0.04
0.56504696902333,6.91603881922898,0.295872561322,1,"Uggt1","Prg2",0.2,0.04
0.596519722186148,6.39215852823425,0.295897599224907,1,"Rnps1","Prg2",0.2,0.04
-0.553951217755228,7.10148089418427,0.298274447125571,1,"Ndufa10","Prg2",0.2,0.04
-0.664175528704232,6.02870108724307,0.299089425527356,1,"Pnrc1","Prg2",0.2,0.04
-0.664175528704232,6.02870108724307,0.299089425527356,1,"Tvp23b","Prg2",0.2,0.04
-0.664175528704232,6.02870108724307,0.299089425527356,1,"Ppp4r3a","Prg2",0.2,0.04
0.649157326805363,6.00063037860459,0.299089425527356,1,"Heatr5a","Prg2",0.2,0.04
-0.630353265777181,6.0080263705732,0.299089425527356,1,"Trim44","Prg2",0.2,0.04
-0.630353265777181,6.0080263705732,0.299089425527356,1,"Hsd17b10","Prg2",0.2,0.04
-0.630353265777181,6.0080263705732,0.299089425527356,1,"Ydjc","Prg2",0.2,0.04
0.460566835813009,8.93503679319698,0.299155872645602,1,"Serinc3","Prg2",0.2,0.04
0.75358756649488,5.38687101580894,0.299469905921261,1,"Pnkd","Prg2",0.2,0.04
0.75358756649488,5.38687101580894,0.299469905921261,1,"Tmem60","Prg2",0.2,0.04
0.75358756649488,5.38687101580894,0.299469905921261,1,"Tnpo2","Prg2",0.2,0.04
0.75358756649488,5.38687101580894,0.299469905921261,1,"Fam76b","Prg2",0.2,0.04
0.75358756649488,5.38687101580894,0.299469905921261,1,"Seh1l","Prg2",0.2,0.04
-0.721163001997974,5.44973893493544,0.299469905921261,1,"Chst11","Prg2",0.2,0.04
-0.721163001997974,5.44973893493544,0.299469905921261,1,"BC004004","Prg2",0.2,0.04
-0.721163001997974,5.44973893493544,0.299469905921261,1,"AW112010","Prg2",0.2,0.04
-0.893688336727828,4.91767516320043,0.30030984727682,1,"Fahd2a","Prg2",0.2,0.04
-0.893688336727828,4.91767516320043,0.30030984727682,1,"Clk2","Prg2",0.2,0.04
-0.893688336727828,4.91767516320043,0.30030984727682,1,"Hs2st1","Prg2",0.2,0.04
-0.893688336727828,4.91767516320043,0.30030984727682,1,"Ino80b","Prg2",0.2,0.04
-0.893688336727828,4.91767516320043,0.30030984727682,1,"Bcl2l13","Prg2",0.2,0.04
-0.893688336727828,4.91767516320043,0.30030984727682,1,"Washc4","Prg2",0.2,0.04
-0.893688336727828,4.91767516320043,0.30030984727682,1,"Hist1h1d","Prg2",0.2,0.04
-0.893688336727828,4.91767516320043,0.30030984727682,1,"Hbp1","Prg2",0.2,0.04
0.875190803145051,4.89028235633413,0.30030984727682,1,"Acp2","Prg2",0.2,0.04
0.875190803145051,4.89028235633413,0.30030984727682,1,"Ski","Prg2",0.2,0.04
0.875190803145051,4.89028235633413,0.30030984727682,1,"Gins4","Prg2",0.2,0.04
0.875190803145051,4.89028235633413,0.30030984727682,1,"Vill","Prg2",0.2,0.04
0.875190803145051,4.89028235633413,0.30030984727682,1,"Nlk","Prg2",0.2,0.04
0.875190803145051,4.89028235633413,0.30030984727682,1,"Rnf44","Prg2",0.2,0.04
-0.495625576003288,7.78734762015689,0.300362213145758,1,"Mrps14","Prg2",0.2,0.04
-0.571330377944786,6.77610439114372,0.301313845617432,1,"Galnt6","Prg2",0.2,0.04
-0.428446675968336,11.9725654325109,0.301510557795069,1,"Rpl9","Prg2",0.2,0.04
0.614529112653285,6.16488390956929,0.302271281658001,1,"Atp6ap1","Prg2",0.2,0.04
0.614529112653285,6.16488390956929,0.302271281658001,1,"Ppt1","Prg2",0.2,0.04
-0.653326202258801,6.17918864834409,0.302271281658001,1,"Tmem176b","Prg2",0.2,0.04
-0.55221315940393,6.85619580067153,0.302530305476242,1,"Rpl7l1","Prg2",0.2,0.04
0.627437763106665,6.29512755729697,0.304644506876304,1,"Wac","Prg2",0.2,0.04
0.586974913982106,6.31232444667816,0.304644506876304,1,"Gls","Prg2",0.2,0.04
0.586974913982106,6.31232444667816,0.304644506876304,1,"Zbtb7a","Prg2",0.2,0.04
0.684541245945844,5.63093629853156,0.305808537659589,1,"Slc16a1","Prg2",0.2,0.04
0.684541245945844,5.63093629853156,0.305808537659589,1,"Nom1","Prg2",0.2,0.04
0.684541245945844,5.63093629853156,0.305808537659589,1,"Gadd45a","Prg2",0.2,0.04
0.684541245945844,5.63093629853156,0.305808537659589,1,"Pigs","Prg2",0.2,0.04
0.684541245945844,5.63093629853156,0.305808537659589,1,"Gmpr","Prg2",0.2,0.04
-0.739028832919866,5.69623063684141,0.305808537659589,1,"Tmem70","Prg2",0.2,0.04
-0.739028832919866,5.69623063684141,0.305808537659589,1,"Itfg1","Prg2",0.2,0.04
-0.739028832919866,5.69623063684141,0.305808537659589,1,"Oxa1l","Prg2",0.2,0.04
-0.739028832919866,5.69623063684141,0.305808537659589,1,"Unc13d","Prg2",0.2,0.04
-0.739028832919866,5.69623063684141,0.305808537659589,1,"Pex6","Prg2",0.2,0.04
-0.69616122614531,5.66983463273244,0.305808537659589,1,"Rc3h1","Prg2",0.2,0.04
-0.69616122614531,5.66983463273244,0.305808537659589,1,"Htatsf1","Prg2",0.2,0.04
-0.69616122614531,5.66983463273244,0.305808537659589,1,"Gnl2","Prg2",0.2,0.04
-0.69616122614531,5.66983463273244,0.305808537659589,1,"Ankrd27","Prg2",0.2,0.04
-0.69616122614531,5.66983463273244,0.305808537659589,1,"Dalrd3","Prg2",0.2,0.04
-0.69616122614531,5.66983463273244,0.305808537659589,1,"Mrpl22","Prg2",0.2,0.04
-0.69616122614531,5.66983463273244,0.305808537659589,1,"Prkag1","Prg2",0.2,0.04
-0.69616122614531,5.66983463273244,0.305808537659589,1,"Dnph1","Prg2",0.2,0.04
-0.69616122614531,5.66983463273244,0.305808537659589,1,"Sart1","Prg2",0.2,0.04
0.532108865935219,7.19192335776881,0.305820055040737,1,"Atxn7l3b","Prg2",0.2,0.04
-0.500319683205893,7.27808849036366,0.30638224983347,1,"Capns1","Prg2",0.2,0.04
0.522431964587349,7.26620157224597,0.30638224983347,1,"Rsu1","Prg2",0.2,0.04
0.60090527370444,6.43050223513679,0.306452548588973,1,"Dhx36","Prg2",0.2,0.04
0.60090527370444,6.43050223513679,0.306452548588973,1,"Rock2","Prg2",0.2,0.04
0.564524148576686,6.44607724509571,0.306452548588973,1,"Zranb1","Prg2",0.2,0.04
0.545877040050882,6.56846972492893,0.307854389121233,1,"Yeats4","Prg2",0.2,0.04
-0.572665796060916,6.57396391807078,0.307854389121234,1,"Cnih4","Prg2",0.2,0.04
-0.572665796060916,6.57396391807078,0.307854389121234,1,"Chmp2a","Prg2",0.2,0.04
-0.422167725017314,12.162549586999,0.308083535573466,1,"Rpl37a","Prg2",0.2,0.04
-0.57194895026532,6.67859607421243,0.308957392247292,1,"Znrd1","Prg2",0.2,0.04
0.560414700140969,6.66819030394415,0.308957392247292,1,"Psmd14","Prg2",0.2,0.04
0.560414700140969,6.66819030394415,0.308957392247292,1,"Zcchc6","Prg2",0.2,0.04
-0.483889374023504,7.91041943147806,0.309635986929309,1,"Tpi1","Prg2",0.2,0.04
-0.715308037820995,5.8834919385308,0.30990857408973,1,"Dpp3","Prg2",0.2,0.04
-0.677985686079515,5.8605002376091,0.30990857408973,1,"Epb41l4aos","Prg2",0.2,0.04
-0.677985686079515,5.8605002376091,0.30990857408973,1,"Aip","Prg2",0.2,0.04
0.635481941597874,5.83964144067625,0.30990857408973,1,"Me2","Prg2",0.2,0.04
-0.432687628981271,10.0871992161882,0.310251650632416,1,"Cebpe","Prg2",0.2,0.04
-0.543463935527644,6.89464096473764,0.310543689003288,1,"Psmc6","Prg2",0.2,0.04
-0.818725510257997,5.226758441612,0.31230350412863,1,"Cebpg","Prg2",0.2,0.04
-0.818725510257997,5.226758441612,0.31230350412863,1,"Kif1bp","Prg2",0.2,0.04
-0.818725510257997,5.226758441612,0.31230350412863,1,"Cep290","Prg2",0.2,0.04
-0.818725510257997,5.226758441612,0.31230350412863,1,"Nabp2","Prg2",0.2,0.04
-0.818725510257997,5.226758441612,0.31230350412863,1,"Pxk","Prg2",0.2,0.04
-0.818725510257997,5.226758441612,0.31230350412863,1,"Exoc3","Prg2",0.2,0.04
-0.818725510257997,5.226758441612,0.31230350412863,1,"Jak2","Prg2",0.2,0.04
0.752871421317609,5.2233516410707,0.31230350412863,1,"Galk2","Prg2",0.2,0.04
0.752871421317609,5.2233516410707,0.31230350412863,1,"Sbno2","Prg2",0.2,0.04
0.752871421317609,5.2233516410707,0.31230350412863,1,"Pitrm1","Prg2",0.2,0.04
0.752871421317609,5.2233516410707,0.31230350412863,1,"Rab31","Prg2",0.2,0.04
0.752871421317609,5.2233516410707,0.31230350412863,1,"Slc26a2","Prg2",0.2,0.04
-1.12981442137122,4.58275583389871,0.312308126727794,1,"Surf2","Prg2",0.2,0.04
-1.12981442137122,4.58275583389871,0.312308126727794,1,"Il12a","Prg2",0.2,0.04
-1.12981442137122,4.58275583389871,0.312308126727794,1,"Ddx58","Prg2",0.2,0.04
-1.12981442137122,4.58275583389871,0.312308126727794,1,"Akr7a5","Prg2",0.2,0.04
-1.12981442137122,4.58275583389871,0.312308126727794,1,"Mad2l2","Prg2",0.2,0.04
-1.12981442137122,4.58275583389871,0.312308126727794,1,"Slc25a13","Prg2",0.2,0.04
-1.12981442137122,4.58275583389871,0.312308126727794,1,"Neil3","Prg2",0.2,0.04
-1.12981442137122,4.58275583389871,0.312308126727794,1,"Galns","Prg2",0.2,0.04
-1.12981442137122,4.58275583389871,0.312308126727794,1,"Wdfy2","Prg2",0.2,0.04
-1.12981442137122,4.58275583389871,0.312308126727794,1,"Rb1","Prg2",0.2,0.04
-1.12981442137122,4.58275583389871,0.312308126727794,1,"Cyb561d2","Prg2",0.2,0.04
-1.12981442137122,4.58275583389871,0.312308126727794,1,"Pus10","Prg2",0.2,0.04
-1.12981442137122,4.58275583389871,0.312308126727794,1,"Evi2","Prg2",0.2,0.04
-1.12981442137122,4.58275583389871,0.312308126727794,1,"Tmem170b","Prg2",0.2,0.04
-1.12981442137122,4.58275583389871,0.312308126727794,1,"Poglut1","Prg2",0.2,0.04
-1.12981442137122,4.58275583389871,0.312308126727794,1,"Cul9","Prg2",0.2,0.04
0.525894403118725,7.28734435776477,0.312567460313039,1,"Ndufa11","Prg2",0.2,0.04
0.506569840896181,7.29569404090571,0.312567460313039,1,"Nin","Prg2",0.2,0.04
-0.433110102768137,9.6448560191482,0.313387281767782,1,"Stmn1","Prg2",0.2,0.04
-0.474425097583611,7.96569825512265,0.313806544552822,1,"Ndufa7","Prg2",0.2,0.04
0.452678495230994,8.31685901596632,0.31391770423542,1,"Tardbp","Prg2",0.2,0.04
0.463569938862577,8.21913681989412,0.317304777258388,1,"Ptbp3","Prg2",0.2,0.04
-0.561265053473739,6.62057825299974,0.317428445133975,1,"Snrpa","Prg2",0.2,0.04
-0.561383270665158,6.72199398637857,0.317888066100607,1,"Ddx50","Prg2",0.2,0.04
-0.475438122327073,7.84190484534542,0.318046330796039,1,"Tubb4b","Prg2",0.2,0.04
-0.493330850310459,7.73990894275397,0.318215906453085,1,"Smc4","Prg2",0.2,0.04
-0.519946762182164,7.00421140174033,0.318563350328754,1,"Nsmce4a","Prg2",0.2,0.04
0.512831582767867,7.07530660034626,0.318645778805827,1,"Ubap2l","Prg2",0.2,0.04
-0.508581200444206,7.31501036473746,0.318673413293923,1,"Ndufa3","Prg2",0.2,0.04
0.503448780354268,7.15563426716131,0.318685030699404,1,"Ucp2","Prg2",0.2,0.04
0.753886371694079,5.46228503304738,0.31878913813963,1,"Tmem57","Prg2",0.2,0.04
0.753886371694079,5.46228503304738,0.31878913813963,1,"Gcnt1","Prg2",0.2,0.04
0.676541166724016,5.49384994011525,0.31878913813963,1,"Dcun1d1","Prg2",0.2,0.04
0.676541166724016,5.49384994011525,0.31878913813963,1,"Nmd3","Prg2",0.2,0.04
0.676541166724016,5.49384994011525,0.31878913813963,1,"Htt","Prg2",0.2,0.04
0.676541166724016,5.49384994011525,0.31878913813963,1,"Flnb","Prg2",0.2,0.04
0.415134889233764,11.3094292194611,0.318906245324494,1,"mt-Nd1","Prg2",0.2,0.04
-0.428476506727259,9.63607597647965,0.320061122896856,1,"Pfn1","Prg2",0.2,0.04
-0.666034543224413,5.75588101433001,0.322470320047532,1,"Cenpf","Prg2",0.2,0.04
-0.666034543224413,5.75588101433001,0.322470320047532,1,"2310001H17Rik","Prg2",0.2,0.04
-0.666034543224413,5.75588101433001,0.322470320047532,1,"Stxbp5","Prg2",0.2,0.04
-0.666034543224413,5.75588101433001,0.322470320047532,1,"Cenpv","Prg2",0.2,0.04
0.624300603859652,5.72160485203901,0.322470320047532,1,"Cdc73","Prg2",0.2,0.04
0.624300603859652,5.72160485203901,0.322470320047532,1,"Cenpb","Prg2",0.2,0.04
0.624300603859652,5.72160485203901,0.322470320047532,1,"Eloa","Prg2",0.2,0.04
0.624300603859652,5.72160485203901,0.322470320047532,1,"Bcl7a","Prg2",0.2,0.04
-0.454207208955232,8.3506417726694,0.323349393081007,1,"Eef1d","Prg2",0.2,0.04
1.21879805492512,4.13046956932161,0.323451739300794,1,"Mgat4a","Prg2",0.2,0.04
1.21879805492512,4.13046956932161,0.323451739300794,1,"Carf","Prg2",0.2,0.04
1.21879805492512,4.13046956932161,0.323451739300794,1,"Gtf3c4","Prg2",0.2,0.04
1.21879805492512,4.13046956932161,0.323451739300794,1,"Asb6","Prg2",0.2,0.04
1.21879805492512,4.13046956932161,0.323451739300794,1,"Ikbkg","Prg2",0.2,0.04
1.21879805492512,4.13046956932161,0.323451739300794,1,"Fbxo6","Prg2",0.2,0.04
1.21879805492512,4.13046956932161,0.323451739300794,1,"Zscan21","Prg2",0.2,0.04
1.21879805492512,4.13046956932161,0.323451739300794,1,"Txnrd3","Prg2",0.2,0.04
1.21879805492512,4.13046956932161,0.323451739300794,1,"Deaf1","Prg2",0.2,0.04
1.21879805492512,4.13046956932161,0.323451739300794,1,"Acsf3","Prg2",0.2,0.04
1.21879805492512,4.13046956932161,0.323451739300794,1,"Acad11","Prg2",0.2,0.04
1.21879805492512,4.13046956932161,0.323451739300794,1,"Aldh6a1","Prg2",0.2,0.04
1.21879805492512,4.13046956932161,0.323451739300794,1,"Ptk2","Prg2",0.2,0.04
1.21879805492512,4.13046956932161,0.323451739300794,1,"Naa60","Prg2",0.2,0.04
1.21879805492512,4.13046956932161,0.323451739300794,1,"Ubtd1","Prg2",0.2,0.04
-1.21578898011754,4.31097802198549,0.323451739300794,1,"Ccdc32","Prg2",0.2,0.04
-1.21578898011754,4.31097802198549,0.323451739300794,1,"Kat14","Prg2",0.2,0.04
-1.21578898011754,4.31097802198549,0.323451739300794,1,"Mad1l1","Prg2",0.2,0.04
-1.21578898011754,4.31097802198549,0.323451739300794,1,"Mtmr14","Prg2",0.2,0.04
-1.21578898011754,4.31097802198549,0.323451739300794,1,"Gga2","Prg2",0.2,0.04
-1.21578898011754,4.31097802198549,0.323451739300794,1,"Mtg1","Prg2",0.2,0.04
-1.21578898011754,4.31097802198549,0.323451739300794,1,"Arhgef7","Prg2",0.2,0.04
-1.21578898011754,4.31097802198549,0.323451739300794,1,"Nudt7","Prg2",0.2,0.04
-1.21578898011754,4.31097802198549,0.323451739300794,1,"Abhd4","Prg2",0.2,0.04
-1.21578898011754,4.31097802198549,0.323451739300794,1,"Ipo4","Prg2",0.2,0.04
-1.21578898011754,4.31097802198549,0.323451739300794,1,"Mto1","Prg2",0.2,0.04
-1.21578898011754,4.31097802198549,0.323451739300794,1,"Evi2a","Prg2",0.2,0.04
-1.21578898011754,4.31097802198549,0.323451739300794,1,"Nol10","Prg2",0.2,0.04
-1.21578898011754,4.31097802198549,0.323451739300794,1,"Tbc1d31","Prg2",0.2,0.04
-1.21578898011754,4.31097802198549,0.323451739300794,1,"Ppm1f","Prg2",0.2,0.04
-1.21578898011754,4.31097802198549,0.323451739300794,1,"Map4k2","Prg2",0.2,0.04
-1.21578898011754,4.31097802198549,0.323451739300794,1,"Dnajc4","Prg2",0.2,0.04
-1.21578898011754,4.31097802198549,0.323451739300794,1,"Fgfbp3","Prg2",0.2,0.04
-1.09195240152153,4.23725374540826,0.323451739300794,1,"Stradb","Prg2",0.2,0.04
-1.09195240152153,4.23725374540826,0.323451739300794,1,"Zbtb6","Prg2",0.2,0.04
-1.09195240152153,4.23725374540826,0.323451739300794,1,"Secisbp2l","Prg2",0.2,0.04
-1.09195240152153,4.23725374540826,0.323451739300794,1,"Cbfa2t2","Prg2",0.2,0.04
-1.09195240152153,4.23725374540826,0.323451739300794,1,"Cables2","Prg2",0.2,0.04
-1.09195240152153,4.23725374540826,0.323451739300794,1,"Ube2j1","Prg2",0.2,0.04
-1.09195240152153,4.23725374540826,0.323451739300794,1,"Dffb","Prg2",0.2,0.04
-1.09195240152153,4.23725374540826,0.323451739300794,1,"Aqp1","Prg2",0.2,0.04
-1.09195240152153,4.23725374540826,0.323451739300794,1,"Rnf141","Prg2",0.2,0.04
-1.09195240152153,4.23725374540826,0.323451739300794,1,"Kif22","Prg2",0.2,0.04
-1.09195240152153,4.23725374540826,0.323451739300794,1,"Zfp553","Prg2",0.2,0.04
-1.09195240152153,4.23725374540826,0.323451739300794,1,"Zfp768","Prg2",0.2,0.04
-1.09195240152153,4.23725374540826,0.323451739300794,1,"Sirt1","Prg2",0.2,0.04
-1.09195240152153,4.23725374540826,0.323451739300794,1,"Cryl1","Prg2",0.2,0.04
-1.09195240152153,4.23725374540826,0.323451739300794,1,"Hyal1","Prg2",0.2,0.04
-1.09195240152153,4.23725374540826,0.323451739300794,1,"Papolg","Prg2",0.2,0.04
-1.09195240152153,4.23725374540826,0.323451739300794,1,"Wrap53","Prg2",0.2,0.04
-1.09195240152153,4.23725374540826,0.323451739300794,1,"Zscan26","Prg2",0.2,0.04
-1.09195240152153,4.23725374540826,0.323451739300794,1,"Snx13","Prg2",0.2,0.04
-1.09195240152153,4.23725374540826,0.323451739300794,1,"Tmem191c","Prg2",0.2,0.04
-1.09195240152153,4.23725374540826,0.323451739300794,1,"Dgcr14","Prg2",0.2,0.04
-1.09195240152153,4.23725374540826,0.323451739300794,1,"Adamts10","Prg2",0.2,0.04
-1.09195240152153,4.23725374540826,0.323451739300794,1,"Fam13b","Prg2",0.2,0.04
-1.09195240152153,4.23725374540826,0.323451739300794,1,"Ndfip1","Prg2",0.2,0.04
-1.09195240152153,4.23725374540826,0.323451739300794,1,"Nfatc1","Prg2",0.2,0.04
-1.09195240152153,4.23725374540826,0.323451739300794,1,"Scyl1","Prg2",0.2,0.04
0.963109043859256,4.21236474490415,0.323451739300794,1,"Stx6","Prg2",0.2,0.04
0.963109043859256,4.21236474490415,0.323451739300794,1,"Zcchc3","Prg2",0.2,0.04
0.963109043859256,4.21236474490415,0.323451739300794,1,"Fam217b","Prg2",0.2,0.04
0.963109043859256,4.21236474490415,0.323451739300794,1,"Slc10a3","Prg2",0.2,0.04
0.963109043859256,4.21236474490415,0.323451739300794,1,"Slc25a44","Prg2",0.2,0.04
0.963109043859256,4.21236474490415,0.323451739300794,1,"Phtf1","Prg2",0.2,0.04
0.963109043859256,4.21236474490415,0.323451739300794,1,"Tmem129","Prg2",0.2,0.04
0.963109043859256,4.21236474490415,0.323451739300794,1,"Samd9l","Prg2",0.2,0.04
0.963109043859256,4.21236474490415,0.323451739300794,1,"Unc45a","Prg2",0.2,0.04
0.963109043859256,4.21236474490415,0.323451739300794,1,"Slc25a22","Prg2",0.2,0.04
0.963109043859256,4.21236474490415,0.323451739300794,1,"Dgka","Prg2",0.2,0.04
0.963109043859256,4.21236474490415,0.323451739300794,1,"Ercc6","Prg2",0.2,0.04
0.963109043859256,4.21236474490415,0.323451739300794,1,"Brca1","Prg2",0.2,0.04
0.963109043859256,4.21236474490415,0.323451739300794,1,"Ercc6l2","Prg2",0.2,0.04
0.963109043859256,4.21236474490415,0.323451739300794,1,"Mterf3","Prg2",0.2,0.04
0.963109043859256,4.21236474490415,0.323451739300794,1,"Cd200r3","Prg2",0.2,0.04
0.963109043859256,4.21236474490415,0.323451739300794,1,"Alcam","Prg2",0.2,0.04
0.963109043859256,4.21236474490415,0.323451739300794,1,"Clcn7","Prg2",0.2,0.04
0.963109043859256,4.21236474490415,0.323451739300794,1,"Chtf18","Prg2",0.2,0.04
-0.440204077797092,8.66539083046531,0.324095457073889,1,"Pgls","Prg2",0.2,0.04
-0.652787348582058,5.93614057806883,0.324598468612334,1,"Fh1","Prg2",0.2,0.04
-0.652787348582058,5.93614057806883,0.324598468612334,1,"Pdcd11","Prg2",0.2,0.04
0.640403872749967,5.89528735820173,0.324598468612335,1,"Rad17","Prg2",0.2,0.04
0.586277132843549,5.91829597639461,0.324598468612335,1,"Pank2","Prg2",0.2,0.04
0.586277132843549,5.91829597639461,0.324598468612335,1,"Gigyf1","Prg2",0.2,0.04
0.586277132843549,5.91829597639461,0.324598468612335,1,"Ncapd3","Prg2",0.2,0.04
-0.642557293449109,6.09619183595522,0.325815276137462,1,"Mrps9","Prg2",0.2,0.04
0.604416144964038,6.07115420275545,0.325815276137462,1,"Mafg","Prg2",0.2,0.04
-2.14095639001719,3.76325078368209,0.325868652055929,1,"Bmpr2","Prg2",0.2,0.04
-2.14095639001719,3.76325078368209,0.325868652055929,1,"Nme7","Prg2",0.2,0.04
-2.14095639001719,3.76325078368209,0.325868652055929,1,"Optn","Prg2",0.2,0.04
-2.14095639001719,3.76325078368209,0.325868652055929,1,"Zbtb43","Prg2",0.2,0.04
-2.14095639001719,3.76325078368209,0.325868652055929,1,"Gsn","Prg2",0.2,0.04
-2.14095639001719,3.76325078368209,0.325868652055929,1,"Mcm8","Prg2",0.2,0.04
-2.14095639001719,3.76325078368209,0.325868652055929,1,"Praf2","Prg2",0.2,0.04
-2.14095639001719,3.76325078368209,0.325868652055929,1,"Tmem29","Prg2",0.2,0.04
-2.14095639001719,3.76325078368209,0.325868652055929,1,"Ubiad1","Prg2",0.2,0.04
-2.14095639001719,3.76325078368209,0.325868652055929,1,"Cep104","Prg2",0.2,0.04
-2.14095639001719,3.76325078368209,0.325868652055929,1,"Pkd2","Prg2",0.2,0.04
-2.14095639001719,3.76325078368209,0.325868652055929,1,"Spsb2","Prg2",0.2,0.04
-2.14095639001719,3.76325078368209,0.325868652055929,1,"Zfp446","Prg2",0.2,0.04
-2.14095639001719,3.76325078368209,0.325868652055929,1,"Nt5dc3","Prg2",0.2,0.04
-2.14095639001719,3.76325078368209,0.325868652055929,1,"Med26","Prg2",0.2,0.04
-2.14095639001719,3.76325078368209,0.325868652055929,1,"Vwa8","Prg2",0.2,0.04
-2.14095639001719,3.76325078368209,0.325868652055929,1,"Camta2","Prg2",0.2,0.04
-2.14095639001719,3.76325078368209,0.325868652055929,1,"Cul7","Prg2",0.2,0.04
-2.14095639001719,3.76325078368209,0.325868652055929,1,"Ctsf","Prg2",0.2,0.04
-1.95227625934524,3.65250029634434,0.325868652055929,1,"Ap1s3","Prg2",0.2,0.04
-1.95227625934524,3.65250029634434,0.325868652055929,1,"D1Ertd622e","Prg2",0.2,0.04
-1.95227625934524,3.65250029634434,0.325868652055929,1,"Alyref2","Prg2",0.2,0.04
-1.95227625934524,3.65250029634434,0.325868652055929,1,"Xlr4b","Prg2",0.2,0.04
-1.95227625934524,3.65250029634434,0.325868652055929,1,"Tceal1","Prg2",0.2,0.04
-1.95227625934524,3.65250029634434,0.325868652055929,1,"Mynn","Prg2",0.2,0.04
-1.95227625934524,3.65250029634434,0.325868652055929,1,"Fam102b","Prg2",0.2,0.04
-1.95227625934524,3.65250029634434,0.325868652055929,1,"Gtf2ird1","Prg2",0.2,0.04
-1.95227625934524,3.65250029634434,0.325868652055929,1,"Rasa4","Prg2",0.2,0.04
-1.95227625934524,3.65250029634434,0.325868652055929,1,"Ica1","Prg2",0.2,0.04
-1.95227625934524,3.65250029634434,0.325868652055929,1,"Gm26890","Prg2",0.2,0.04
-1.95227625934524,3.65250029634434,0.325868652055929,1,"Zfp27","Prg2",0.2,0.04
-1.95227625934524,3.65250029634434,0.325868652055929,1,"Uevld","Prg2",0.2,0.04
-1.95227625934524,3.65250029634434,0.325868652055929,1,"Prkcb","Prg2",0.2,0.04
-1.95227625934524,3.65250029634434,0.325868652055929,1,"Mvp","Prg2",0.2,0.04
-1.95227625934524,3.65250029634434,0.325868652055929,1,"Bag3","Prg2",0.2,0.04
-1.95227625934524,3.65250029634434,0.325868652055929,1,"Adam9","Prg2",0.2,0.04
-1.95227625934524,3.65250029634434,0.325868652055929,1,"Lpar2","Prg2",0.2,0.04
-1.95227625934524,3.65250029634434,0.325868652055929,1,"G430095P16Rik","Prg2",0.2,0.04
-1.95227625934524,3.65250029634434,0.325868652055929,1,"Slc37a4","Prg2",0.2,0.04
-1.95227625934524,3.65250029634434,0.325868652055929,1,"Hyal3","Prg2",0.2,0.04
-1.95227625934524,3.65250029634434,0.325868652055929,1,"Klf6","Prg2",0.2,0.04
-1.95227625934524,3.65250029634434,0.325868652055929,1,"Il31ra","Prg2",0.2,0.04
-1.95227625934524,3.65250029634434,0.325868652055929,1,"Ccdc166","Prg2",0.2,0.04
-1.95227625934524,3.65250029634434,0.325868652055929,1,"Gm3435","Prg2",0.2,0.04
-1.95227625934524,3.65250029634434,0.325868652055929,1,"Phf1","Prg2",0.2,0.04
-1.95227625934524,3.65250029634434,0.325868652055929,1,"Tspo2","Prg2",0.2,0.04
1.44885876173754,3.71046834717826,0.325868652055929,1,"Tgfbrap1","Prg2",0.2,0.04
1.44885876173754,3.71046834717826,0.325868652055929,1,"Mfsd6","Prg2",0.2,0.04
1.44885876173754,3.71046834717826,0.325868652055929,1,"Osgepl1","Prg2",0.2,0.04
1.44885876173754,3.71046834717826,0.325868652055929,1,"Ppp1r12b","Prg2",0.2,0.04
1.44885876173754,3.71046834717826,0.325868652055929,1,"Suv39h2","Prg2",0.2,0.04
1.44885876173754,3.71046834717826,0.325868652055929,1,"Prkcq","Prg2",0.2,0.04
1.44885876173754,3.71046834717826,0.325868652055929,1,"Pdss1","Prg2",0.2,0.04
1.44885876173754,3.71046834717826,0.325868652055929,1,"Ttc21b","Prg2",0.2,0.04
1.44885876173754,3.71046834717826,0.325868652055929,1,"Dram2","Prg2",0.2,0.04
1.44885876173754,3.71046834717826,0.325868652055929,1,"Slc25a24","Prg2",0.2,0.04
1.44885876173754,3.71046834717826,0.325868652055929,1,"Tmem55a","Prg2",0.2,0.04
1.44885876173754,3.71046834717826,0.325868652055929,1,"Gm17590","Prg2",0.2,0.04
1.44885876173754,3.71046834717826,0.325868652055929,1,"Abraxas1","Prg2",0.2,0.04
1.44885876173754,3.71046834717826,0.325868652055929,1,"Gm15446","Prg2",0.2,0.04
1.44885876173754,3.71046834717826,0.325868652055929,1,"Clip2","Prg2",0.2,0.04
1.44885876173754,3.71046834717826,0.325868652055929,1,"Zfp12","Prg2",0.2,0.04
1.44885876173754,3.71046834717826,0.325868652055929,1,"Bhlha15","Prg2",0.2,0.04
1.44885876173754,3.71046834717826,0.325868652055929,1,"Prdm5","Prg2",0.2,0.04
1.44885876173754,3.71046834717826,0.325868652055929,1,"Gm15706","Prg2",0.2,0.04
1.44885876173754,3.71046834717826,0.325868652055929,1,"Mier2","Prg2",0.2,0.04
1.44885876173754,3.71046834717826,0.325868652055929,1,"Ddx60","Prg2",0.2,0.04
1.44885876173754,3.71046834717826,0.325868652055929,1,"Csgalnact1","Prg2",0.2,0.04
1.44885876173754,3.71046834717826,0.325868652055929,1,"Nek4","Prg2",0.2,0.04
1.44885876173754,3.71046834717826,0.325868652055929,1,"Lrch1","Prg2",0.2,0.04
1.44885876173754,3.71046834717826,0.325868652055929,1,"Bbs9","Prg2",0.2,0.04
1.44885876173754,3.71046834717826,0.325868652055929,1,"Pif1","Prg2",0.2,0.04
1.44885876173754,3.71046834717826,0.325868652055929,1,"Elp6","Prg2",0.2,0.04
1.44885876173754,3.71046834717826,0.325868652055929,1,"Zc3h3","Prg2",0.2,0.04
1.44885876173754,3.71046834717826,0.325868652055929,1,"Anks3","Prg2",0.2,0.04
1.44885876173754,3.71046834717826,0.325868652055929,1,"Rwdd2b","Prg2",0.2,0.04
1.44885876173754,3.71046834717826,0.325868652055929,1,"Zfp758","Prg2",0.2,0.04
1.44885876173754,3.71046834717826,0.325868652055929,1,"Cdkn1a","Prg2",0.2,0.04
1.44885876173754,3.71046834717826,0.325868652055929,1,"Ubash3a","Prg2",0.2,0.04
1.44885876173754,3.71046834717826,0.325868652055929,1,"Crim1","Prg2",0.2,0.04
1.44885876173754,3.71046834717826,0.325868652055929,1,"Rttn","Prg2",0.2,0.04
1.44885876173754,3.71046834717826,0.325868652055929,1,"Cwf19l1","Prg2",0.2,0.04
1.44885876173754,3.71046834717826,0.325868652055929,1,"Fbxw4","Prg2",0.2,0.04
-0.533392793315989,6.84489628402097,0.326428226360935,1,"Pts","Prg2",0.2,0.04
-0.560769091305163,6.26444633095878,0.326474838328016,1,"BC005624","Prg2",0.2,0.04
-0.560769091305163,6.26444633095878,0.326474838328016,1,"Fdps","Prg2",0.2,0.04
-0.560769091305163,6.26444633095878,0.326474838328016,1,"Rad50","Prg2",0.2,0.04
-0.560769091305163,6.26444633095878,0.326474838328016,1,"Treml2","Prg2",0.2,0.04
0.576237142943276,6.22789451619945,0.326474838328016,1,"1700017B05Rik","Prg2",0.2,0.04
0.576237142943276,6.22789451619945,0.326474838328016,1,"Blmh","Prg2",0.2,0.04
-0.586886173620528,6.40891767601362,0.326783614285865,1,"Ccnl2","Prg2",0.2,0.04
-0.560964364354967,6.39326236811454,0.326783614285865,1,"Naa15","Prg2",0.2,0.04
-0.560964364354967,6.39326236811454,0.326783614285865,1,"Gabarapl2","Prg2",0.2,0.04
-0.560964364354967,6.39326236811454,0.326783614285865,1,"Ccdc88a","Prg2",0.2,0.04
-0.584912156965661,6.52580039231406,0.326867221322791,1,"Exosc8","Prg2",0.2,0.04
-0.441219990540912,8.61694049980183,0.32711938546522,1,"Eif3h","Prg2",0.2,0.04
-0.81770274506043,5.05991510579062,0.327413195281991,1,"Wdr75","Prg2",0.2,0.04
-0.81770274506043,5.05991510579062,0.327413195281991,1,"Exosc9","Prg2",0.2,0.04
-0.81770274506043,5.05991510579062,0.327413195281991,1,"Cdc42se1","Prg2",0.2,0.04
-0.81770274506043,5.05991510579062,0.327413195281991,1,"Nfx1","Prg2",0.2,0.04
-0.81770274506043,5.05991510579062,0.327413195281991,1,"Scmh1","Prg2",0.2,0.04
-0.81770274506043,5.05991510579062,0.327413195281991,1,"Itgb2","Prg2",0.2,0.04
-0.81770274506043,5.05991510579062,0.327413195281991,1,"Utp15","Prg2",0.2,0.04
-0.81770274506043,5.05991510579062,0.327413195281991,1,"Gga1","Prg2",0.2,0.04
-0.747849093942563,5.01761205633351,0.327413195281991,1,"Lypla1","Prg2",0.2,0.04
-0.747849093942563,5.01761205633351,0.327413195281991,1,"Uck1","Prg2",0.2,0.04
-0.747849093942563,5.01761205633351,0.327413195281991,1,"Ptpn22","Prg2",0.2,0.04
-0.747849093942563,5.01761205633351,0.327413195281991,1,"Slc35a1","Prg2",0.2,0.04
-0.747849093942563,5.01761205633351,0.327413195281991,1,"Aamdc","Prg2",0.2,0.04
-0.747849093942563,5.01761205633351,0.327413195281991,1,"Dctn5","Prg2",0.2,0.04
-0.747849093942563,5.01761205633351,0.327413195281991,1,"Nrbf2","Prg2",0.2,0.04
-0.747849093942563,5.01761205633351,0.327413195281991,1,"Ipmk","Prg2",0.2,0.04
-0.747849093942563,5.01761205633351,0.327413195281991,1,"Rad23a","Prg2",0.2,0.04
-0.747849093942563,5.01761205633351,0.327413195281991,1,"Naa16","Prg2",0.2,0.04
-0.747849093942563,5.01761205633351,0.327413195281991,1,"Gpd1l","Prg2",0.2,0.04
-0.747849093942563,5.01761205633351,0.327413195281991,1,"Ugp2","Prg2",0.2,0.04
-0.747849093942563,5.01761205633351,0.327413195281991,1,"Wdr70","Prg2",0.2,0.04
-0.747849093942563,5.01761205633351,0.327413195281991,1,"Cby1","Prg2",0.2,0.04
-0.747849093942563,5.01761205633351,0.327413195281991,1,"Smad2","Prg2",0.2,0.04
-0.747849093942563,5.01761205633351,0.327413195281991,1,"Sipa1","Prg2",0.2,0.04
-0.404411527646238,12.1017262618986,0.329007736634565,1,"Fau","Prg2",0.2,0.04
-0.484788056516608,7.36286391838259,0.330648343037408,1,"Eif3l","Prg2",0.2,0.04
0.508575249500467,7.0508230551677,0.33309828074749,1,"Lyar","Prg2",0.2,0.04
0.47388202521822,7.61269873715812,0.333659325300587,1,"Ctsz","Prg2",0.2,0.04
-0.765396072319931,5.34254016913324,0.334166373439495,1,"2310009B15Rik","Prg2",0.2,0.04
-0.765396072319931,5.34254016913324,0.334166373439495,1,"Armt1","Prg2",0.2,0.04
-0.765396072319931,5.34254016913324,0.334166373439495,1,"Pbk","Prg2",0.2,0.04
-0.765396072319931,5.34254016913324,0.334166373439495,1,"Cdc42se2","Prg2",0.2,0.04
-0.765396072319931,5.34254016913324,0.334166373439495,1,"Taok1","Prg2",0.2,0.04
-0.765396072319931,5.34254016913324,0.334166373439495,1,"Bphl","Prg2",0.2,0.04
0.753251700046719,5.30738106815324,0.334166373439495,1,"Leprotl1","Prg2",0.2,0.04
0.43466208056975,8.45384177778773,0.334702948235173,1,"Lta4h","Prg2",0.2,0.04
-0.502717758428804,6.78151168948181,0.335235905612107,1,"Trappc6a","Prg2",0.2,0.04
0.524872288811309,6.64910212862445,0.33598490643949,1,"Slc30a5","Prg2",0.2,0.04
-0.550624944621378,6.66573974930284,0.33598490643949,1,"Exosc3","Prg2",0.2,0.04
-0.550624944621378,6.66573974930284,0.33598490643949,1,"Gata2","Prg2",0.2,0.04
-0.550624944621378,6.66573974930284,0.33598490643949,1,"Mesd","Prg2",0.2,0.04
0.462971389631862,7.78898091376139,0.33638314384955,1,"Tm6sf1","Prg2",0.2,0.04
-0.730928623252323,5.57834944011618,0.337232761598042,1,"Bcl2","Prg2",0.2,0.04
-0.730928623252323,5.57834944011618,0.337232761598042,1,"Mid1ip1","Prg2",0.2,0.04
-0.730928623252323,5.57834944011618,0.337232761598042,1,"Utp18","Prg2",0.2,0.04
0.680745180242644,5.56398873126332,0.337232761598042,1,"A430005L14Rik","Prg2",0.2,0.04
0.680745180242644,5.56398873126332,0.337232761598042,1,"E2f4","Prg2",0.2,0.04
0.680745180242644,5.56398873126332,0.337232761598042,1,"Rbm14","Prg2",0.2,0.04
0.559197370444668,6.40817302334644,0.337447241165989,1,"Pum1","Prg2",0.2,0.04
0.559197370444668,6.40817302334644,0.337447241165989,1,"Cdk2ap1","Prg2",0.2,0.04
0.559197370444668,6.40817302334644,0.337447241165989,1,"Tm9sf2","Prg2",0.2,0.04
0.581768720698549,6.27071652150274,0.338089130558074,1,"Cnot4","Prg2",0.2,0.04
0.54130587157399,6.28820606321297,0.338089130558074,1,"Sec23b","Prg2",0.2,0.04
0.54130587157399,6.28820606321297,0.338089130558074,1,"Uhrf1","Prg2",0.2,0.04
-0.491614592253995,7.24018355679796,0.338234847618266,1,"Chchd1","Prg2",0.2,0.04
-0.436377139550449,8.21426054270469,0.33833676946548,1,"Ndufb5","Prg2",0.2,0.04
0.630133514562452,5.7818065951124,0.338486666545203,1,"Nol8","Prg2",0.2,0.04
0.630133514562452,5.7818065951124,0.338486666545203,1,"Ylpm1","Prg2",0.2,0.04
0.609643769915171,6.11876682751255,0.338580727961277,1,"Wtap","Prg2",0.2,0.04
-0.592130326143824,6.14190514995527,0.338580727961277,1,"Apip","Prg2",0.2,0.04
-0.592130326143824,6.14190514995527,0.338580727961277,1,"Immp1l","Prg2",0.2,0.04
-0.592130326143824,6.14190514995527,0.338580727961277,1,"Pecam1","Prg2",0.2,0.04
-0.395340391473051,12.6716992078853,0.338600694765098,1,"Rpl32","Prg2",0.2,0.04
0.592779148640678,5.97103430243971,0.338791036779335,1,"Nudcd3","Prg2",0.2,0.04
-0.595719005891853,5.98702093281258,0.338791036779335,1,"Srek1ip1","Prg2",0.2,0.04
-0.47272193600648,7.161202803137,0.339180162798848,1,"Arhgap45","Prg2",0.2,0.04
-0.47272193600648,7.161202803137,0.339180162798848,1,"Gtpbp4","Prg2",0.2,0.04
-0.502904941967611,6.99405890752347,0.341269251781301,1,"Higd1a","Prg2",0.2,0.04
0.505042090438756,6.88344960646265,0.342423147901827,1,"Ganab","Prg2",0.2,0.04
-0.499196314385881,6.91061441898305,0.342423147901827,1,"Prpf38b","Prg2",0.2,0.04
-0.499196314385881,6.91061441898305,0.342423147901827,1,"Vamp5","Prg2",0.2,0.04
0.46868034291045,7.31223607968047,0.343396514836073,1,"Crlf3","Prg2",0.2,0.04
-0.46274427069769,7.6498696453729,0.3435156688324,1,"Cdk4","Prg2",0.2,0.04
-0.519658134734864,6.69695997927193,0.344971305286206,1,"Sox4","Prg2",0.2,0.04
-0.99325894111589,4.75989429657686,0.345266794314099,1,"Tor3a","Prg2",0.2,0.04
-0.99325894111589,4.75989429657686,0.345266794314099,1,"0610037L13Rik","Prg2",0.2,0.04
-0.99325894111589,4.75989429657686,0.345266794314099,1,"Mthfd2","Prg2",0.2,0.04
-0.99325894111589,4.75989429657686,0.345266794314099,1,"Sap30","Prg2",0.2,0.04
-0.99325894111589,4.75989429657686,0.345266794314099,1,"Ccl6","Prg2",0.2,0.04
-0.99325894111589,4.75989429657686,0.345266794314099,1,"Pbx2","Prg2",0.2,0.04
-0.906621721821121,4.70710500731042,0.345266794314099,1,"Acot8","Prg2",0.2,0.04
-0.906621721821121,4.70710500731042,0.345266794314099,1,"Phf6","Prg2",0.2,0.04
-0.906621721821121,4.70710500731042,0.345266794314099,1,"Med12","Prg2",0.2,0.04
-0.906621721821121,4.70710500731042,0.345266794314099,1,"Gmeb1","Prg2",0.2,0.04
-0.906621721821121,4.70710500731042,0.345266794314099,1,"Akr1b10","Prg2",0.2,0.04
-0.906621721821121,4.70710500731042,0.345266794314099,1,"Cd27","Prg2",0.2,0.04
-0.906621721821121,4.70710500731042,0.345266794314099,1,"Cox16","Prg2",0.2,0.04
-0.906621721821121,4.70710500731042,0.345266794314099,1,"Fam173b","Prg2",0.2,0.04
-0.906621721821121,4.70710500731042,0.345266794314099,1,"Mpnd","Prg2",0.2,0.04
-0.906621721821121,4.70710500731042,0.345266794314099,1,"Dpp9","Prg2",0.2,0.04
-0.906621721821121,4.70710500731042,0.345266794314099,1,"Rab12","Prg2",0.2,0.04
0.899368462970941,4.65515158575654,0.345266794314099,1,"Nuf2","Prg2",0.2,0.04
0.899368462970941,4.65515158575654,0.345266794314099,1,"Pmvk","Prg2",0.2,0.04
0.899368462970941,4.65515158575654,0.345266794314099,1,"AI504432","Prg2",0.2,0.04
0.899368462970941,4.65515158575654,0.345266794314099,1,"Tbck","Prg2",0.2,0.04
0.899368462970941,4.65515158575654,0.345266794314099,1,"Ltbr","Prg2",0.2,0.04
0.899368462970941,4.65515158575654,0.345266794314099,1,"Clec2i","Prg2",0.2,0.04
0.899368462970941,4.65515158575654,0.345266794314099,1,"Sphk2","Prg2",0.2,0.04
0.899368462970941,4.65515158575654,0.345266794314099,1,"Chst15","Prg2",0.2,0.04
0.899368462970941,4.65515158575654,0.345266794314099,1,"Phactr2","Prg2",0.2,0.04
0.899368462970941,4.65515158575654,0.345266794314099,1,"Xrn1","Prg2",0.2,0.04
0.899368462970941,4.65515158575654,0.345266794314099,1,"Ppp2r3d","Prg2",0.2,0.04
0.899368462970941,4.65515158575654,0.345266794314099,1,"Vps54","Prg2",0.2,0.04
0.899368462970941,4.65515158575654,0.345266794314099,1,"Mnt","Prg2",0.2,0.04
0.899368462970941,4.65515158575654,0.345266794314099,1,"Rnft1","Prg2",0.2,0.04
0.899368462970941,4.65515158575654,0.345266794314099,1,"Fbxl20","Prg2",0.2,0.04
0.899368462970941,4.65515158575654,0.345266794314099,1,"Deptor","Prg2",0.2,0.04
0.899368462970941,4.65515158575654,0.345266794314099,1,"Dip2b","Prg2",0.2,0.04
0.899368462970941,4.65515158575654,0.345266794314099,1,"Amdhd2","Prg2",0.2,0.04
0.899368462970941,4.65515158575654,0.345266794314099,1,"Tbl3","Prg2",0.2,0.04
0.899368462970941,4.65515158575654,0.345266794314099,1,"Kat2b","Prg2",0.2,0.04
0.749843267186007,4.71156561942251,0.345266794314099,1,"Arl14ep","Prg2",0.2,0.04
0.749843267186007,4.71156561942251,0.345266794314099,1,"Apoo","Prg2",0.2,0.04
0.749843267186007,4.71156561942251,0.345266794314099,1,"Ndufaf6","Prg2",0.2,0.04
0.749843267186007,4.71156561942251,0.345266794314099,1,"Wrap73","Prg2",0.2,0.04
0.749843267186007,4.71156561942251,0.345266794314099,1,"Atp10a","Prg2",0.2,0.04
0.749843267186007,4.71156561942251,0.345266794314099,1,"Bag4","Prg2",0.2,0.04
0.749843267186007,4.71156561942251,0.345266794314099,1,"Actr8","Prg2",0.2,0.04
0.749843267186007,4.71156561942251,0.345266794314099,1,"Slc25a30","Prg2",0.2,0.04
0.749843267186007,4.71156561942251,0.345266794314099,1,"Hus1","Prg2",0.2,0.04
0.749843267186007,4.71156561942251,0.345266794314099,1,"Rel","Prg2",0.2,0.04
0.749843267186007,4.71156561942251,0.345266794314099,1,"E2f6","Prg2",0.2,0.04
0.749843267186007,4.71156561942251,0.345266794314099,1,"Ttll12","Prg2",0.2,0.04
0.749843267186007,4.71156561942251,0.345266794314099,1,"Zfp740","Prg2",0.2,0.04
0.749843267186007,4.71156561942251,0.345266794314099,1,"Pi4ka","Prg2",0.2,0.04
0.749843267186007,4.71156561942251,0.345266794314099,1,"Gtf2e1","Prg2",0.2,0.04
0.749843267186007,4.71156561942251,0.345266794314099,1,"Esco1","Prg2",0.2,0.04
0.749843267186007,4.71156561942251,0.345266794314099,1,"Aldh18a1","Prg2",0.2,0.04
0.749843267186007,4.71156561942251,0.345266794314099,1,"Vti1a","Prg2",0.2,0.04
-0.51628761789623,6.59361072334041,0.346369279883602,1,"Rnpep","Prg2",0.2,0.04
0.529037942203232,6.46146600110791,0.347845460611182,1,"Timm9","Prg2",0.2,0.04
0.449322372581529,7.40787947313777,0.348023869684768,1,"Rap1b","Prg2",0.2,0.04
0.476204799757447,7.01086314837108,0.348623172582718,1,"Ghitm","Prg2",0.2,0.04
-0.479410820785356,7.01909227946291,0.348623172582718,1,"Prelid1","Prg2",0.2,0.04
-0.42386322148979,8.36285603245054,0.349133516097179,1,"Ppp1ca","Prg2",0.2,0.04
0.547616022649344,6.32929399471235,0.349385801268987,1,"Skap2","Prg2",0.2,0.04
-0.455362130203034,7.62070968051423,0.349554614528839,1,"Capza2","Prg2",0.2,0.04
-0.575713439785396,6.20447186135815,0.350958650917277,1,"B9d2","Prg2",0.2,0.04
0.570348647392403,6.18378606801115,0.350958650917277,1,"Med8","Prg2",0.2,0.04
0.570348647392403,6.18378606801115,0.350958650917277,1,"Napa","Prg2",0.2,0.04
-0.385451413222033,12.4052246275637,0.351368170449912,1,"Rpl28","Prg2",0.2,0.04
-0.387251891664224,11.4622940594738,0.352227880442166,1,"Rpl36","Prg2",0.2,0.04
-0.543380180034251,6.03624588865247,0.352499198007073,1,"Psmg3","Prg2",0.2,0.04
-0.543380180034251,6.03624588865247,0.352499198007073,1,"Mrpl48","Prg2",0.2,0.04
-0.543380180034251,6.03624588865247,0.352499198007073,1,"Glrx","Prg2",0.2,0.04
-0.543380180034251,6.03624588865247,0.352499198007073,1,"Rcl1","Prg2",0.2,0.04
0.751937021222623,5.03937889672387,0.352653370062316,1,"Mecp2","Prg2",0.2,0.04
0.751937021222623,5.03937889672387,0.352653370062316,1,"Mob1b","Prg2",0.2,0.04
0.751937021222623,5.03937889672387,0.352653370062316,1,"Gstt2","Prg2",0.2,0.04
0.751937021222623,5.03937889672387,0.352653370062316,1,"Galnt7","Prg2",0.2,0.04
0.751937021222623,5.03937889672387,0.352653370062316,1,"Tbc1d2b","Prg2",0.2,0.04
0.751937021222623,5.03937889672387,0.352653370062316,1,"Cenph","Prg2",0.2,0.04
0.751937021222623,5.03937889672387,0.352653370062316,1,"Naga","Prg2",0.2,0.04
0.751937021222623,5.03937889672387,0.352653370062316,1,"Apc","Prg2",0.2,0.04
0.751937021222623,5.03937889672387,0.352653370062316,1,"Smarca2","Prg2",0.2,0.04
-0.639672109860761,5.8370985805252,0.353878326402289,1,"Was","Prg2",0.2,0.04
-0.639672109860761,5.8370985805252,0.353878326402289,1,"Pmpcb","Prg2",0.2,0.04
-0.639672109860761,5.8370985805252,0.353878326402289,1,"Gtf3c6","Prg2",0.2,0.04
-0.639672109860761,5.8370985805252,0.353878326402289,1,"Slc25a37","Prg2",0.2,0.04
-0.384738018953306,11.7011557588736,0.354377261568442,1,"Rps13","Prg2",0.2,0.04
-0.668993758480726,5.41803748057584,0.354831968026715,1,"Smap2","Prg2",0.2,0.04
-0.668993758480726,5.41803748057584,0.354831968026715,1,"Rilpl2","Prg2",0.2,0.04
-0.668993758480726,5.41803748057584,0.354831968026715,1,"Rnf166","Prg2",0.2,0.04
-0.668993758480726,5.41803748057584,0.354831968026715,1,"2300009A05Rik","Prg2",0.2,0.04
-0.651980760884428,5.64289636173424,0.354836493517952,1,"Slc35a4","Prg2",0.2,0.04
0.4811430353293,7.03600893467928,0.355848674625362,1,"Mtch1","Prg2",0.2,0.04
-0.462708504218201,7.57403509186187,0.35597656386128,1,"Siva1","Prg2",0.2,0.04
-0.412153901746268,8.45595871011439,0.356337070854543,1,"Gmfg","Prg2",0.2,0.04
-0.492245195501239,6.94768426348321,0.357832418781564,1,"Polr2m","Prg2",0.2,0.04
-0.492245195501239,6.94768426348321,0.357832418781564,1,"Rnf7","Prg2",0.2,0.04
0.534939623714712,6.49800821182056,0.357983042272381,1,"Dars","Prg2",0.2,0.04
0.534939623714712,6.49800821182056,0.357983042272381,1,"Zmat2","Prg2",0.2,0.04
-0.420138300924035,8.15459711829344,0.358244413121191,1,"Ptpn18","Prg2",0.2,0.04
-0.380572216301412,12.0173396434465,0.358530100586718,1,"Rpl17","Prg2",0.2,0.04
0.470844918768348,7.21858465924758,0.358777822037478,1,"Sec61a1","Prg2",0.2,0.04
0.387788932760265,10.2144908946953,0.359834879956555,1,"Gm42418","Prg2",0.2,0.04
-0.457317785335542,7.15213578449365,0.36077400301084,1,"Gspt1","Prg2",0.2,0.04
-0.39348150381168,9.60986862526381,0.361327781565975,1,"Hmgb1","Prg2",0.2,0.04
-0.489932695821275,7.06324867882129,0.362947334529718,1,"Cd34","Prg2",0.2,0.04
-0.489932695821275,7.06324867882129,0.362947334529718,1,"AC149090.1","Prg2",0.2,0.04
-0.462572642436323,7.31911820853064,0.362988406624193,1,"Baz1a","Prg2",0.2,0.04
-0.485659406648803,6.98382854753484,0.365322016099644,1,"Gm10073","Prg2",0.2,0.04
0.936268574967082,4.37520608177428,0.366108882722305,1,"Neurl3","Prg2",0.2,0.04
0.936268574967082,4.37520608177428,0.366108882722305,1,"Nif3l1","Prg2",0.2,0.04
0.936268574967082,4.37520608177428,0.366108882722305,1,"Bmi1","Prg2",0.2,0.04
0.936268574967082,4.37520608177428,0.366108882722305,1,"Cds2","Prg2",0.2,0.04
0.936268574967082,4.37520608177428,0.366108882722305,1,"Zfp362","Prg2",0.2,0.04
0.936268574967082,4.37520608177428,0.366108882722305,1,"Ube2h","Prg2",0.2,0.04
0.936268574967082,4.37520608177428,0.366108882722305,1,"Sppl2b","Prg2",0.2,0.04
0.936268574967082,4.37520608177428,0.366108882722305,1,"Helb","Prg2",0.2,0.04
0.936268574967082,4.37520608177428,0.366108882722305,1,"Clcn3","Prg2",0.2,0.04
0.936268574967082,4.37520608177428,0.366108882722305,1,"Rdh11","Prg2",0.2,0.04
-0.925662833278547,4.45955599366585,0.366108882722305,1,"Mettl13","Prg2",0.2,0.04
-0.925662833278547,4.45955599366585,0.366108882722305,1,"Smyd3","Prg2",0.2,0.04
-0.925662833278547,4.45955599366585,0.366108882722305,1,"Cytip","Prg2",0.2,0.04
-0.925662833278547,4.45955599366585,0.366108882722305,1,"Mmgt1","Prg2",0.2,0.04
-0.925662833278547,4.45955599366585,0.366108882722305,1,"1110012L19Rik","Prg2",0.2,0.04
-0.925662833278547,4.45955599366585,0.366108882722305,1,"Pgrmc2","Prg2",0.2,0.04
-0.925662833278547,4.45955599366585,0.366108882722305,1,"Mindy1","Prg2",0.2,0.04
-0.925662833278547,4.45955599366585,0.366108882722305,1,"Gpr89","Prg2",0.2,0.04
-0.925662833278547,4.45955599366585,0.366108882722305,1,"Tspan5","Prg2",0.2,0.04
-0.925662833278547,4.45955599366585,0.366108882722305,1,"Tapbpl","Prg2",0.2,0.04
-0.925662833278547,4.45955599366585,0.366108882722305,1,"Sertad3","Prg2",0.2,0.04
-0.925662833278547,4.45955599366585,0.366108882722305,1,"Ptdss2","Prg2",0.2,0.04
-0.925662833278547,4.45955599366585,0.366108882722305,1,"Fyn","Prg2",0.2,0.04
-0.925662833278547,4.45955599366585,0.366108882722305,1,"Midn","Prg2",0.2,0.04
-0.925662833278547,4.45955599366585,0.366108882722305,1,"Poc1b","Prg2",0.2,0.04
-0.925662833278547,4.45955599366585,0.366108882722305,1,"D230025D16Rik","Prg2",0.2,0.04
-0.925662833278547,4.45955599366585,0.366108882722305,1,"Npat","Prg2",0.2,0.04
-0.925662833278547,4.45955599366585,0.366108882722305,1,"Borcs6","Prg2",0.2,0.04
-0.925662833278547,4.45955599366585,0.366108882722305,1,"Wipf2","Prg2",0.2,0.04
-0.925662833278547,4.45955599366585,0.366108882722305,1,"Pdlim7","Prg2",0.2,0.04
-0.925662833278547,4.45955599366585,0.366108882722305,1,"Susd6","Prg2",0.2,0.04
-0.925662833278547,4.45955599366585,0.366108882722305,1,"Pdxp","Prg2",0.2,0.04
-0.925662833278547,4.45955599366585,0.366108882722305,1,"L3mbtl2","Prg2",0.2,0.04
-0.925662833278547,4.45955599366585,0.366108882722305,1,"Spice1","Prg2",0.2,0.04
0.427300852337952,7.8833196751985,0.366452032462664,1,"Alas1","Prg2",0.2,0.04
-0.480854503173347,6.89974397941356,0.367926715020658,1,"Echs1","Prg2",0.2,0.04
0.579245060651652,5.86359682981276,0.368668152180149,1,"Ing4","Prg2",0.2,0.04
0.579245060651652,5.86359682981276,0.368668152180149,1,"Stat5a","Prg2",0.2,0.04
0.579245060651652,5.86359682981276,0.368668152180149,1,"Jmjd6","Prg2",0.2,0.04
0.579245060651652,5.86359682981276,0.368668152180149,1,"Tmx1","Prg2",0.2,0.04
0.525118320745234,5.88711200107222,0.368668152180149,1,"Mitd1","Prg2",0.2,0.04
0.525118320745234,5.88711200107222,0.368668152180149,1,"Gaa","Prg2",0.2,0.04
0.525118320745234,5.88711200107222,0.368668152180149,1,"Adam17","Prg2",0.2,0.04
0.525118320745234,5.88711200107222,0.368668152180149,1,"Gnaq","Prg2",0.2,0.04
-0.616406223454305,5.91400014159546,0.368668152180149,1,"Rsf1","Prg2",0.2,0.04
-0.616406223454305,5.91400014159546,0.368668152180149,1,"Dctn6","Prg2",0.2,0.04
-0.428145909131727,7.95838288596393,0.36888866052861,1,"Cks1b","Prg2",0.2,0.04
-0.371503799297143,12.4192303933656,0.369013216248682,1,"Rplp0","Prg2",0.2,0.04
0.418295063147127,7.90253469825909,0.370572654419285,1,"Celf2","Prg2",0.2,0.04
-0.52301949826823,6.43076175660244,0.37105356920657,1,"Tmx4","Prg2",0.2,0.04
0.455611235374961,7.24904026038021,0.371335945513592,1,"Cdk2ap2","Prg2",0.2,0.04
0.617914201630266,5.65883564645674,0.371638913172736,1,"Usp24","Prg2",0.2,0.04
0.554228798456834,5.68613943707253,0.371638913172736,1,"Mapk3","Prg2",0.2,0.04
0.554228798456834,5.68613943707253,0.371638913172736,1,"Trappc1","Prg2",0.2,0.04
0.554228798456834,5.68613943707253,0.371638913172736,1,"2510002D24Rik","Prg2",0.2,0.04
-0.62440401603676,5.73059139882047,0.371638913172736,1,"Akirin2","Prg2",0.2,0.04
-0.62440401603676,5.73059139882047,0.371638913172736,1,"Gpbp1l1","Prg2",0.2,0.04
-0.62440401603676,5.73059139882047,0.371638913172736,1,"Pds5b","Prg2",0.2,0.04
-0.62440401603676,5.73059139882047,0.371638913172736,1,"Tmem11","Prg2",0.2,0.04
-0.62440401603676,5.73059139882047,0.371638913172736,1,"Rpl27-ps3","Prg2",0.2,0.04
-0.62440401603676,5.73059139882047,0.371638913172736,1,"Tmem216","Prg2",0.2,0.04
-0.581536409262205,5.70480396626477,0.371638913172736,1,"Top3b","Prg2",0.2,0.04
-0.581536409262205,5.70480396626477,0.371638913172736,1,"Mrpl40","Prg2",0.2,0.04
-0.581536409262205,5.70480396626477,0.371638913172736,1,"Ier3","Prg2",0.2,0.04
-0.445739238465317,7.42811333494297,0.372376952489898,1,"Bag1","Prg2",0.2,0.04
-0.462369000570803,7.00904239741208,0.372671030385888,1,"Psip1","Prg2",0.2,0.04
-0.498334129090922,6.68426342700595,0.373969520979878,1,"Mrpl43","Prg2",0.2,0.04
0.671859689349922,5.42020235708602,0.374371519358052,1,"Cstf3","Prg2",0.2,0.04
0.671859689349922,5.42020235708602,0.374371519358052,1,"Rnf20","Prg2",0.2,0.04
0.671859689349922,5.42020235708602,0.374371519358052,1,"Nptn","Prg2",0.2,0.04
0.671859689349922,5.42020235708602,0.374371519358052,1,"Lasp1","Prg2",0.2,0.04
0.671859689349922,5.42020235708602,0.374371519358052,1,"Nek9","Prg2",0.2,0.04
0.671859689349922,5.42020235708602,0.374371519358052,1,"Slc35b2","Prg2",0.2,0.04
0.59451448437986,5.4526879315331,0.374371519358052,1,"Sde2","Prg2",0.2,0.04
0.59451448437986,5.4526879315331,0.374371519358052,1,"Setx","Prg2",0.2,0.04
0.59451448437986,5.4526879315331,0.374371519358052,1,"Fam92a","Prg2",0.2,0.04
0.59451448437986,5.4526879315331,0.374371519358052,1,"Serinc1","Prg2",0.2,0.04
0.59451448437986,5.4526879315331,0.374371519358052,1,"Mast3","Prg2",0.2,0.04
0.59451448437986,5.4526879315331,0.374371519358052,1,"Aftph","Prg2",0.2,0.04
0.59451448437986,5.4526879315331,0.374371519358052,1,"BC017643","Prg2",0.2,0.04
0.59451448437986,5.4526879315331,0.374371519358052,1,"Mef2c","Prg2",0.2,0.04
0.534606615755623,6.24593575010799,0.374591191852543,1,"Vars","Prg2",0.2,0.04
0.750666654633601,4.82912127686846,0.375259826420189,1,"Gca","Prg2",0.2,0.04
0.750666654633601,4.82912127686846,0.375259826420189,1,"Tex10","Prg2",0.2,0.04
0.750666654633601,4.82912127686846,0.375259826420189,1,"Ppp1r8","Prg2",0.2,0.04
0.750666654633601,4.82912127686846,0.375259826420189,1,"Selenon","Prg2",0.2,0.04
0.750666654633601,4.82912127686846,0.375259826420189,1,"Ap1g2","Prg2",0.2,0.04
0.750666654633601,4.82912127686846,0.375259826420189,1,"Eef1akmt1","Prg2",0.2,0.04
0.750666654633601,4.82912127686846,0.375259826420189,1,"Cog3","Prg2",0.2,0.04
0.750666654633601,4.82912127686846,0.375259826420189,1,"Ppp2r1b","Prg2",0.2,0.04
0.750666654633601,4.82912127686846,0.375259826420189,1,"Clasp2","Prg2",0.2,0.04
0.750666654633601,4.82912127686846,0.375259826420189,1,"Mrpl10","Prg2",0.2,0.04
0.750666654633601,4.82912127686846,0.375259826420189,1,"Parn","Prg2",0.2,0.04
0.750666654633601,4.82912127686846,0.375259826420189,1,"Ubxn7","Prg2",0.2,0.04
-0.816343131757765,4.87069064208185,0.375259826420189,1,"Nbeal1","Prg2",0.2,0.04
-0.816343131757765,4.87069064208185,0.375259826420189,1,"Ammecr1","Prg2",0.2,0.04
-0.816343131757765,4.87069064208185,0.375259826420189,1,"Agl","Prg2",0.2,0.04
-0.816343131757765,4.87069064208185,0.375259826420189,1,"Pms2","Prg2",0.2,0.04
-0.816343131757765,4.87069064208185,0.375259826420189,1,"Aplf","Prg2",0.2,0.04
-0.816343131757765,4.87069064208185,0.375259826420189,1,"Tmed1","Prg2",0.2,0.04
-0.816343131757765,4.87069064208185,0.375259826420189,1,"Nipsnap1","Prg2",0.2,0.04
-0.816343131757765,4.87069064208185,0.375259826420189,1,"Vps41","Prg2",0.2,0.04
-0.816343131757765,4.87069064208185,0.375259826420189,1,"Ppwd1","Prg2",0.2,0.04
-0.816343131757765,4.87069064208185,0.375259826420189,1,"Slc39a9","Prg2",0.2,0.04
-0.816343131757765,4.87069064208185,0.375259826420189,1,"Rnf113a2","Prg2",0.2,0.04
-0.816343131757765,4.87069064208185,0.375259826420189,1,"Bnip1","Prg2",0.2,0.04
-0.816343131757765,4.87069064208185,0.375259826420189,1,"Akap8l","Prg2",0.2,0.04
-0.816343131757765,4.87069064208185,0.375259826420189,1,"Frmd8","Prg2",0.2,0.04
-0.391118361504442,8.79669463554276,0.375290884862883,1,"Dynll1","Prg2",0.2,0.04
0.653969606950919,5.17421324359575,0.37618002215316,1,"Slc30a7","Prg2",0.2,0.04
0.653969606950919,5.17421324359575,0.37618002215316,1,"Rragc","Prg2",0.2,0.04
0.653969606950919,5.17421324359575,0.37618002215316,1,"Washc2","Prg2",0.2,0.04
0.653969606950919,5.17421324359575,0.37618002215316,1,"Zfp141","Prg2",0.2,0.04
0.653969606950919,5.17421324359575,0.37618002215316,1,"Trim12a","Prg2",0.2,0.04
0.653969606950919,5.17421324359575,0.37618002215316,1,"Rnf219","Prg2",0.2,0.04
0.653969606950919,5.17421324359575,0.37618002215316,1,"Ubash3b","Prg2",0.2,0.04
0.653969606950919,5.17421324359575,0.37618002215316,1,"Myo1g","Prg2",0.2,0.04
0.653969606950919,5.17421324359575,0.37618002215316,1,"Lig3","Prg2",0.2,0.04
0.653969606950919,5.17421324359575,0.37618002215316,1,"Vps52","Prg2",0.2,0.04
0.653969606950919,5.17421324359575,0.37618002215316,1,"Kdm3b","Prg2",0.2,0.04
-0.757732942565279,5.18940250069034,0.37618002215316,1,"Surf1","Prg2",0.2,0.04
-0.757732942565279,5.18940250069034,0.37618002215316,1,"Tusc1","Prg2",0.2,0.04
-0.757732942565279,5.18940250069034,0.37618002215316,1,"Polr1a","Prg2",0.2,0.04
-0.757732942565279,5.18940250069034,0.37618002215316,1,"Rfwd3","Prg2",0.2,0.04
-0.757732942565279,5.18940250069034,0.37618002215316,1,"Ndufaf3","Prg2",0.2,0.04
-0.757732942565279,5.18940250069034,0.37618002215316,1,"Mtif2","Prg2",0.2,0.04
0.5074979369807,6.54809425458731,0.37749775323949,1,"Atxn2l","Prg2",0.2,0.04
-0.493261900653657,6.57991792832119,0.37749775323949,1,"Cep350","Prg2",0.2,0.04
-0.493261900653657,6.57991792832119,0.37749775323949,1,"Ppp1r12a","Prg2",0.2,0.04
0.51177666824116,6.11130398844581,0.378521118894881,1,"Med14","Prg2",0.2,0.04
-0.560530611104953,6.12285925702159,0.378521118894881,1,"Bola1","Prg2",0.2,0.04
-0.560530611104953,6.12285925702159,0.378521118894881,1,"Srsf4","Prg2",0.2,0.04
-0.560530611104953,6.12285925702159,0.378521118894881,1,"Chchd3","Prg2",0.2,0.04
-0.407310270973061,8.3825448409521,0.378812856002237,1,"Dnaja1","Prg2",0.2,0.04
-0.419329346638085,7.52251513076819,0.3807207829619,1,"Uba52","Prg2",0.2,0.04
-0.362166761615329,12.1855862071944,0.381742274272591,1,"Rps5","Prg2",0.2,0.04
-0.396999457695442,8.64045813621502,0.382577320692544,1,"Rpl36al","Prg2",0.2,0.04
-0.560232799518398,5.9656737121486,0.38288015763059,1,"Fam174a","Prg2",0.2,0.04
-0.560232799518398,5.9656737121486,0.38288015763059,1,"Ampd2","Prg2",0.2,0.04
-0.560232799518398,5.9656737121486,0.38288015763059,1,"Nfic","Prg2",0.2,0.04
0.534107889326302,5.9408981753787,0.38288015763059,1,"Max","Prg2",0.2,0.04
-0.423864826506991,7.67557758704163,0.385534242540182,1,"Psmb2","Prg2",0.2,0.04
-0.547106957943381,6.32203456315175,0.385867164389174,1,"Glb1","Prg2",0.2,0.04
0.501946980241228,6.30546067993721,0.385867164389174,1,"Mllt10","Prg2",0.2,0.04
-0.368225620118116,10.1204022947797,0.386548916350929,1,"H3f3b","Prg2",0.2,0.04
-0.468654619010083,6.85012757694468,0.387098507436535,1,"Eif6","Prg2",0.2,0.04
0.563308036166934,5.74769717671574,0.387679730788051,1,"Cand1","Prg2",0.2,0.04
0.563308036166934,5.74769717671574,0.387679730788051,1,"Zdhhc3","Prg2",0.2,0.04
0.563308036166934,5.74769717671574,0.387679730788051,1,"Alkbh5","Prg2",0.2,0.04
-1.37042068712511,3.97431859854618,0.388527115232798,1,"Klhl12","Prg2",0.2,0.04
-1.37042068712511,3.97431859854618,0.388527115232798,1,"Ppox","Prg2",0.2,0.04
-1.37042068712511,3.97431859854618,0.388527115232798,1,"Tmem206","Prg2",0.2,0.04
-1.37042068712511,3.97431859854618,0.388527115232798,1,"Stam2","Prg2",0.2,0.04
-1.37042068712511,3.97431859854618,0.388527115232798,1,"Nol4l","Prg2",0.2,0.04
-1.37042068712511,3.97431859854618,0.388527115232798,1,"Atp11c","Prg2",0.2,0.04
-1.37042068712511,3.97431859854618,0.388527115232798,1,"Tspyl2","Prg2",0.2,0.04
-1.37042068712511,3.97431859854618,0.388527115232798,1,"Ift80","Prg2",0.2,0.04
-1.37042068712511,3.97431859854618,0.388527115232798,1,"Ctbs","Prg2",0.2,0.04
-1.37042068712511,3.97431859854618,0.388527115232798,1,"Coq3","Prg2",0.2,0.04
-1.37042068712511,3.97431859854618,0.388527115232798,1,"Gstk1","Prg2",0.2,0.04
-1.37042068712511,3.97431859854618,0.388527115232798,1,"Kptn","Prg2",0.2,0.04
-1.37042068712511,3.97431859854618,0.388527115232798,1,"Zfp60","Prg2",0.2,0.04
-1.37042068712511,3.97431859854618,0.388527115232798,1,"Nars2","Prg2",0.2,0.04
-1.37042068712511,3.97431859854618,0.388527115232798,1,"Plk1","Prg2",0.2,0.04
-1.37042068712511,3.97431859854618,0.388527115232798,1,"Klf16","Prg2",0.2,0.04
-1.37042068712511,3.97431859854618,0.388527115232798,1,"Kctd6","Prg2",0.2,0.04
-1.37042068712511,3.97431859854618,0.388527115232798,1,"Kbtbd3","Prg2",0.2,0.04
-1.37042068712511,3.97431859854618,0.388527115232798,1,"Nt5m","Prg2",0.2,0.04
-1.37042068712511,3.97431859854618,0.388527115232798,1,"Tlcd2","Prg2",0.2,0.04
-1.37042068712511,3.97431859854618,0.388527115232798,1,"Gngt2","Prg2",0.2,0.04
-1.37042068712511,3.97431859854618,0.388527115232798,1,"Baiap2","Prg2",0.2,0.04
-1.37042068712511,3.97431859854618,0.388527115232798,1,"Cdkal1","Prg2",0.2,0.04
-1.37042068712511,3.97431859854618,0.388527115232798,1,"Rpp40","Prg2",0.2,0.04
-1.37042068712511,3.97431859854618,0.388527115232798,1,"1110002L01Rik","Prg2",0.2,0.04
-1.37042068712511,3.97431859854618,0.388527115232798,1,"Prkdc","Prg2",0.2,0.04
-1.37042068712511,3.97431859854618,0.388527115232798,1,"Prkce","Prg2",0.2,0.04
-1.37042068712511,3.97431859854618,0.388527115232798,1,"Hmgxb3","Prg2",0.2,0.04
-0.545439951319252,6.18627731075595,0.390866330637995,1,"Synj2bp","Prg2",0.2,0.04
0.477643117511158,6.7379837894916,0.391316480099397,1,"Etnk1","Prg2",0.2,0.04
-0.51234754347484,6.48220795964426,0.391537978856847,1,"Ints6l","Prg2",0.2,0.04
-0.51234754347484,6.48220795964426,0.391537978856847,1,"Mrps15","Prg2",0.2,0.04
0.494403682317904,6.47667309714978,0.391537978856847,1,"Bccip","Prg2",0.2,0.04
0.37966508311791,8.87191509563801,0.391792466676451,1,"Mat2a","Prg2",0.2,0.04
0.373620021438222,8.87459762324231,0.391792466676451,1,"Nap1l1","Prg2",0.2,0.04
-0.683865432673,5.54953930632012,0.39285638790119,1,"Ccdc22","Prg2",0.2,0.04
-0.683865432673,5.54953930632012,0.39285638790119,1,"Smim27","Prg2",0.2,0.04
-0.683865432673,5.54953930632012,0.39285638790119,1,"Mrps11","Prg2",0.2,0.04
-0.683865432673,5.54953930632012,0.39285638790119,1,"D10Jhu81e","Prg2",0.2,0.04
-0.683865432673,5.54953930632012,0.39285638790119,1,"2810001G20Rik","Prg2",0.2,0.04
-0.683865432673,5.54953930632012,0.39285638790119,1,"Mcrs1","Prg2",0.2,0.04
-0.683865432673,5.54953930632012,0.39285638790119,1,"Usp16","Prg2",0.2,0.04
-0.683865432673,5.54953930632012,0.39285638790119,1,"Rnf138","Prg2",0.2,0.04
-0.683865432673,5.54953930632012,0.39285638790119,1,"Exosc1","Prg2",0.2,0.04
-0.635215037121832,5.52008158617542,0.39285638790119,1,"Atf2","Prg2",0.2,0.04
-0.635215037121832,5.52008158617542,0.39285638790119,1,"Pofut1","Prg2",0.2,0.04
-0.635215037121832,5.52008158617542,0.39285638790119,1,"Pgrmc1","Prg2",0.2,0.04
-0.635215037121832,5.52008158617542,0.39285638790119,1,"Ube4a","Prg2",0.2,0.04
-0.635215037121832,5.52008158617542,0.39285638790119,1,"Slf2","Prg2",0.2,0.04
0.603132417769239,5.52465468917479,0.39285638790119,1,"Lman2l","Prg2",0.2,0.04
0.603132417769239,5.52465468917479,0.39285638790119,1,"Selenoi","Prg2",0.2,0.04
0.603132417769239,5.52465468917479,0.39285638790119,1,"Mindy2","Prg2",0.2,0.04
0.603132417769239,5.52465468917479,0.39285638790119,1,"Cldnd1","Prg2",0.2,0.04
0.603132417769239,5.52465468917479,0.39285638790119,1,"Prrc1","Prg2",0.2,0.04
-0.451553592751093,7.0775748470881,0.393897407301758,1,"Lsm7","Prg2",0.2,0.04
-0.352320685976884,12.217245204925,0.394724490714656,1,"Rps23","Prg2",0.2,0.04
-0.44345612976611,6.8777328652294,0.394986671811096,1,"Mrpl24","Prg2",0.2,0.04
0.382724755517554,8.39196884872523,0.395386356045146,1,"Ssr3","Prg2",0.2,0.04
0.488432085628657,6.6297856935317,0.396037447691062,1,"Larp4b","Prg2",0.2,0.04
-0.507007434592147,6.63964669391061,0.396037447691062,1,"Wdr61","Prg2",0.2,0.04
-0.393426765999512,8.31545904034446,0.396264449706553,1,"Ndufb11","Prg2",0.2,0.04
0.542430743468929,5.99278935551944,0.396538834964033,1,"Timm17a","Prg2",0.2,0.04
0.542430743468929,5.99278935551944,0.396538834964033,1,"Pan3","Prg2",0.2,0.04
0.542430743468929,5.99278935551944,0.396538834964033,1,"Ilf3","Prg2",0.2,0.04
0.542430743468929,5.99278935551944,0.396538834964033,1,"Tspan13","Prg2",0.2,0.04
-0.508745920148923,6.01563945830473,0.396538834964033,1,"Rabl6","Prg2",0.2,0.04
-0.508745920148923,6.01563945830473,0.396538834964033,1,"Sar1a","Prg2",0.2,0.04
-0.508745920148923,6.01563945830473,0.396538834964033,1,"Ddx1","Prg2",0.2,0.04
-0.508745920148923,6.01563945830473,0.396538834964033,1,"Nckap1l","Prg2",0.2,0.04
0.50930244643059,6.34604237850736,0.396797830708001,1,"Colgalt1","Prg2",0.2,0.04
0.50930244643059,6.34604237850736,0.396797830708001,1,"Rad21","Prg2",0.2,0.04
-0.709159191373709,5.30823660649637,0.398137575224092,1,"Arfrp1","Prg2",0.2,0.04
-0.709159191373709,5.30823660649637,0.398137575224092,1,"Szrd1","Prg2",0.2,0.04
-0.709159191373709,5.30823660649637,0.398137575224092,1,"Gmppb","Prg2",0.2,0.04
-0.709159191373709,5.30823660649637,0.398137575224092,1,"Trim41","Prg2",0.2,0.04
-0.650640943056833,5.27301155709383,0.398137575224092,1,"Elf4","Prg2",0.2,0.04
-0.650640943056833,5.27301155709383,0.398137575224092,1,"Tmem219","Prg2",0.2,0.04
-0.650640943056833,5.27301155709383,0.398137575224092,1,"Chid1","Prg2",0.2,0.04
-0.650640943056833,5.27301155709383,0.398137575224092,1,"Heatr1","Prg2",0.2,0.04
-0.650640943056833,5.27301155709383,0.398137575224092,1,"2610037D02Rik","Prg2",0.2,0.04
-0.650640943056833,5.27301155709383,0.398137575224092,1,"Snx4","Prg2",0.2,0.04
-0.650640943056833,5.27301155709383,0.398137575224092,1,"Pigq","Prg2",0.2,0.04
-0.650640943056833,5.27301155709383,0.398137575224092,1,"Kmt5b","Prg2",0.2,0.04
0.660697150983059,5.26085003260867,0.398137575224092,1,"Actr1b","Prg2",0.2,0.04
0.660697150983059,5.26085003260867,0.398137575224092,1,"Mob4","Prg2",0.2,0.04
0.660697150983059,5.26085003260867,0.398137575224092,1,"Atg4b","Prg2",0.2,0.04
0.660697150983059,5.26085003260867,0.398137575224092,1,"Yipf6","Prg2",0.2,0.04
0.660697150983059,5.26085003260867,0.398137575224092,1,"Pip5k1a","Prg2",0.2,0.04
0.660697150983059,5.26085003260867,0.398137575224092,1,"Herc4","Prg2",0.2,0.04
0.660697150983059,5.26085003260867,0.398137575224092,1,"Spg7","Prg2",0.2,0.04
0.660697150983059,5.26085003260867,0.398137575224092,1,"Mir17hg","Prg2",0.2,0.04
0.660697150983059,5.26085003260867,0.398137575224092,1,"Nup153","Prg2",0.2,0.04
0.660697150983059,5.26085003260867,0.398137575224092,1,"Itgb1bp1","Prg2",0.2,0.04
0.660697150983059,5.26085003260867,0.398137575224092,1,"Afg3l2","Prg2",0.2,0.04
0.660697150983059,5.26085003260867,0.398137575224092,1,"Cdca5","Prg2",0.2,0.04
2.17737581389256,3.11974569773279,0.398816130225675,1,"Stk11ip","Prg2",0.2,0.04
2.17737581389256,3.11974569773279,0.398816130225675,1,"Il15ra","Prg2",0.2,0.04
2.17737581389256,3.11974569773279,0.398816130225675,1,"Ly75","Prg2",0.2,0.04
2.17737581389256,3.11974569773279,0.398816130225675,1,"Ppip5k1","Prg2",0.2,0.04
2.17737581389256,3.11974569773279,0.398816130225675,1,"Gm10762","Prg2",0.2,0.04
2.17737581389256,3.11974569773279,0.398816130225675,1,"Tgif2","Prg2",0.2,0.04
2.17737581389256,3.11974569773279,0.398816130225675,1,"Ppp1r3d","Prg2",0.2,0.04
2.17737581389256,3.11974569773279,0.398816130225675,1,"Lix1l","Prg2",0.2,0.04
2.17737581389256,3.11974569773279,0.398816130225675,1,"Mttp","Prg2",0.2,0.04
2.17737581389256,3.11974569773279,0.398816130225675,1,"Otud3","Prg2",0.2,0.04
2.17737581389256,3.11974569773279,0.398816130225675,1,"Gm17092","Prg2",0.2,0.04
2.17737581389256,3.11974569773279,0.398816130225675,1,"A830010M20Rik","Prg2",0.2,0.04
2.17737581389256,3.11974569773279,0.398816130225675,1,"AI854703","Prg2",0.2,0.04
2.17737581389256,3.11974569773279,0.398816130225675,1,"Zfp239","Prg2",0.2,0.04
2.17737581389256,3.11974569773279,0.398816130225675,1,"Foxj2","Prg2",0.2,0.04
2.17737581389256,3.11974569773279,0.398816130225675,1,"Zfp580","Prg2",0.2,0.04
2.17737581389256,3.11974569773279,0.398816130225675,1,"Eid2","Prg2",0.2,0.04
2.17737581389256,3.11974569773279,0.398816130225675,1,"Zfp30","Prg2",0.2,0.04
2.17737581389256,3.11974569773279,0.398816130225675,1,"Sult2b1","Prg2",0.2,0.04
2.17737581389256,3.11974569773279,0.398816130225675,1,"Trim68","Prg2",0.2,0.04
2.17737581389256,3.11974569773279,0.398816130225675,1,"Ppfibp2","Prg2",0.2,0.04
2.17737581389256,3.11974569773279,0.398816130225675,1,"Mapk1ip1","Prg2",0.2,0.04
2.17737581389256,3.11974569773279,0.398816130225675,1,"Pwwp2b","Prg2",0.2,0.04
2.17737581389256,3.11974569773279,0.398816130225675,1,"Slc35d3","Prg2",0.2,0.04
2.17737581389256,3.11974569773279,0.398816130225675,1,"4930404N11Rik","Prg2",0.2,0.04
2.17737581389256,3.11974569773279,0.398816130225675,1,"Hmga2","Prg2",0.2,0.04
2.17737581389256,3.11974569773279,0.398816130225675,1,"Slc38a7","Prg2",0.2,0.04
2.17737581389256,3.11974569773279,0.398816130225675,1,"Nr1d2","Prg2",0.2,0.04
2.17737581389256,3.11974569773279,0.398816130225675,1,"Kcnk5","Prg2",0.2,0.04
2.17737581389256,3.11974569773279,0.398816130225675,1,"AC174678.1","Prg2",0.2,0.04
2.17737581389256,3.11974569773279,0.398816130225675,1,"9930012K11Rik","Prg2",0.2,0.04
2.17737581389256,3.11974569773279,0.398816130225675,1,"Gm16845","Prg2",0.2,0.04
2.17737581389256,3.11974569773279,0.398816130225675,1,"Rec114","Prg2",0.2,0.04
2.17737581389256,3.11974569773279,0.398816130225675,1,"Gnb5","Prg2",0.2,0.04
2.17737581389256,3.11974569773279,0.398816130225675,1,"Mei4","Prg2",0.2,0.04
2.17737581389256,3.11974569773279,0.398816130225675,1,"Zrsr1","Prg2",0.2,0.04
2.17737581389256,3.11974569773279,0.398816130225675,1,"Pld6","Prg2",0.2,0.04
2.17737581389256,3.11974569773279,0.398816130225675,1,"Armc7","Prg2",0.2,0.04
2.17737581389256,3.11974569773279,0.398816130225675,1,"Gm5141","Prg2",0.2,0.04
2.17737581389256,3.11974569773279,0.398816130225675,1,"Cmpk2","Prg2",0.2,0.04
2.17737581389256,3.11974569773279,0.398816130225675,1,"Dnal1","Prg2",0.2,0.04
2.17737581389256,3.11974569773279,0.398816130225675,1,"Galc","Prg2",0.2,0.04
2.17737581389256,3.11974569773279,0.398816130225675,1,"AC163040.1","Prg2",0.2,0.04
2.17737581389256,3.11974569773279,0.398816130225675,1,"Kctd17","Prg2",0.2,0.04
2.17737581389256,3.11974569773279,0.398816130225675,1,"Slc7a4","Prg2",0.2,0.04
2.17737581389256,3.11974569773279,0.398816130225675,1,"Cd200r1","Prg2",0.2,0.04
2.17737581389256,3.11974569773279,0.398816130225675,1,"Cyp4f16","Prg2",0.2,0.04
2.17737581389256,3.11974569773279,0.398816130225675,1,"Znrd1as","Prg2",0.2,0.04
2.17737581389256,3.11974569773279,0.398816130225675,1,"Wdr7","Prg2",0.2,0.04
2.17737581389256,3.11974569773279,0.398816130225675,1,"Spire1","Prg2",0.2,0.04
2.17737581389256,3.11974569773279,0.398816130225675,1,"Cdc42bpg","Prg2",0.2,0.04
-1.47946452940304,3.39947008739043,0.398816130225675,1,"Paqr8","Prg2",0.2,0.04
-1.47946452940304,3.39947008739043,0.398816130225675,1,"Xrcc5","Prg2",0.2,0.04
-1.47946452940304,3.39947008739043,0.398816130225675,1,"Ttll4","Prg2",0.2,0.04
-1.47946452940304,3.39947008739043,0.398816130225675,1,"Capn10","Prg2",0.2,0.04
-1.47946452940304,3.39947008739043,0.398816130225675,1,"Vav2","Prg2",0.2,0.04
-1.47946452940304,3.39947008739043,0.398816130225675,1,"Slc43a1","Prg2",0.2,0.04
-1.47946452940304,3.39947008739043,0.398816130225675,1,"Lrrc57","Prg2",0.2,0.04
-1.47946452940304,3.39947008739043,0.398816130225675,1,"Kif4","Prg2",0.2,0.04
-1.47946452940304,3.39947008739043,0.398816130225675,1,"Serpini1","Prg2",0.2,0.04
-1.47946452940304,3.39947008739043,0.398816130225675,1,"Mutyh","Prg2",0.2,0.04
-1.47946452940304,3.39947008739043,0.398816130225675,1,"Dph2","Prg2",0.2,0.04
-1.47946452940304,3.39947008739043,0.398816130225675,1,"Gm26722","Prg2",0.2,0.04
-1.47946452940304,3.39947008739043,0.398816130225675,1,"Plod1","Prg2",0.2,0.04
-1.47946452940304,3.39947008739043,0.398816130225675,1,"Nmnat1","Prg2",0.2,0.04
-1.47946452940304,3.39947008739043,0.398816130225675,1,"Ttc28","Prg2",0.2,0.04
-1.47946452940304,3.39947008739043,0.398816130225675,1,"Zfp316","Prg2",0.2,0.04
-1.47946452940304,3.39947008739043,0.398816130225675,1,"Zfp467","Prg2",0.2,0.04
-1.47946452940304,3.39947008739043,0.398816130225675,1,"Ccdc126","Prg2",0.2,0.04
-1.47946452940304,3.39947008739043,0.398816130225675,1,"Nectin2","Prg2",0.2,0.04
-1.47946452940304,3.39947008739043,0.398816130225675,1,"Irgq","Prg2",0.2,0.04
-1.47946452940304,3.39947008739043,0.398816130225675,1,"Nadsyn1","Prg2",0.2,0.04
-1.47946452940304,3.39947008739043,0.398816130225675,1,"Suox","Prg2",0.2,0.04
-1.47946452940304,3.39947008739043,0.398816130225675,1,"Zfp958","Prg2",0.2,0.04
-1.47946452940304,3.39947008739043,0.398816130225675,1,"Nek3","Prg2",0.2,0.04
-1.47946452940304,3.39947008739043,0.398816130225675,1,"Jak3","Prg2",0.2,0.04
-1.47946452940304,3.39947008739043,0.398816130225675,1,"Fbxl8","Prg2",0.2,0.04
-1.47946452940304,3.39947008739043,0.398816130225675,1,"Gas8","Prg2",0.2,0.04
-1.47946452940304,3.39947008739043,0.398816130225675,1,"Gch1","Prg2",0.2,0.04
-1.47946452940304,3.39947008739043,0.398816130225675,1,"Stoml1","Prg2",0.2,0.04
-1.47946452940304,3.39947008739043,0.398816130225675,1,"Gm2415","Prg2",0.2,0.04
-1.47946452940304,3.39947008739043,0.398816130225675,1,"Stk10","Prg2",0.2,0.04
-1.47946452940304,3.39947008739043,0.398816130225675,1,"Ghdc","Prg2",0.2,0.04
-1.47946452940304,3.39947008739043,0.398816130225675,1,"Slc16a3","Prg2",0.2,0.04
-1.47946452940304,3.39947008739043,0.398816130225675,1,"Gm26735","Prg2",0.2,0.04
-1.47946452940304,3.39947008739043,0.398816130225675,1,"Gm10320","Prg2",0.2,0.04
-1.47946452940304,3.39947008739043,0.398816130225675,1,"Klf11","Prg2",0.2,0.04
-1.47946452940304,3.39947008739043,0.398816130225675,1,"Pdzd2","Prg2",0.2,0.04
-1.47946452940304,3.39947008739043,0.398816130225675,1,"Nckap5l","Prg2",0.2,0.04
-1.47946452940304,3.39947008739043,0.398816130225675,1,"AC165953.2","Prg2",0.2,0.04
-1.47946452940304,3.39947008739043,0.398816130225675,1,"1600012H06Rik","Prg2",0.2,0.04
-1.47946452940304,3.39947008739043,0.398816130225675,1,"Hspa1b","Prg2",0.2,0.04
-1.47946452940304,3.39947008739043,0.398816130225675,1,"Xpo5","Prg2",0.2,0.04
-1.47946452940304,3.39947008739043,0.398816130225675,1,"Tjap1","Prg2",0.2,0.04
-1.47946452940304,3.39947008739043,0.398816130225675,1,"Thumpd2","Prg2",0.2,0.04
-1.47946452940304,3.39947008739043,0.398816130225675,1,"4833418N02Rik","Prg2",0.2,0.04
-1.47946452940304,3.39947008739043,0.398816130225675,1,"Commd10","Prg2",0.2,0.04
-1.47946452940304,3.39947008739043,0.398816130225675,1,"Ccdc85b","Prg2",0.2,0.04
-1.47946452940304,3.39947008739043,0.398816130225675,1,"AI606181","Prg2",0.2,0.04
1.27882134632466,3.28345677562878,0.398816130225675,1,"4732440D04Rik","Prg2",0.2,0.04
1.27882134632466,3.28345677562878,0.398816130225675,1,"Fzd5","Prg2",0.2,0.04
1.27882134632466,3.28345677562878,0.398816130225675,1,"Rhbdd1","Prg2",0.2,0.04
1.27882134632466,3.28345677562878,0.398816130225675,1,"Pask","Prg2",0.2,0.04
1.27882134632466,3.28345677562878,0.398816130225675,1,"Ikbke","Prg2",0.2,0.04
1.27882134632466,3.28345677562878,0.398816130225675,1,"Nos1ap","Prg2",0.2,0.04
1.27882134632466,3.28345677562878,0.398816130225675,1,"Fam129b","Prg2",0.2,0.04
1.27882134632466,3.28345677562878,0.398816130225675,1,"Pkp4","Prg2",0.2,0.04
1.27882134632466,3.28345677562878,0.398816130225675,1,"Mettl15","Prg2",0.2,0.04
1.27882134632466,3.28345677562878,0.398816130225675,1,"Nphp1","Prg2",0.2,0.04
1.27882134632466,3.28345677562878,0.398816130225675,1,"Rnf24","Prg2",0.2,0.04
1.27882134632466,3.28345677562878,0.398816130225675,1,"Slc23a2","Prg2",0.2,0.04
1.27882134632466,3.28345677562878,0.398816130225675,1,"B630019K06Rik","Prg2",0.2,0.04
1.27882134632466,3.28345677562878,0.398816130225675,1,"Gm16740","Prg2",0.2,0.04
1.27882134632466,3.28345677562878,0.398816130225675,1,"Efcab7","Prg2",0.2,0.04
1.27882134632466,3.28345677562878,0.398816130225675,1,"Tmem35b","Prg2",0.2,0.04
1.27882134632466,3.28345677562878,0.398816130225675,1,"Tmco4","Prg2",0.2,0.04
1.27882134632466,3.28345677562878,0.398816130225675,1,"Zfp991","Prg2",0.2,0.04
1.27882134632466,3.28345677562878,0.398816130225675,1,"Phf13","Prg2",0.2,0.04
1.27882134632466,3.28345677562878,0.398816130225675,1,"2510017J16Rik","Prg2",0.2,0.04
1.27882134632466,3.28345677562878,0.398816130225675,1,"Tecpr1","Prg2",0.2,0.04
1.27882134632466,3.28345677562878,0.398816130225675,1,"Katnal1","Prg2",0.2,0.04
1.27882134632466,3.28345677562878,0.398816130225675,1,"Vhl","Prg2",0.2,0.04
1.27882134632466,3.28345677562878,0.398816130225675,1,"Acrbp","Prg2",0.2,0.04
1.27882134632466,3.28345677562878,0.398816130225675,1,"Tmem91","Prg2",0.2,0.04
1.27882134632466,3.28345677562878,0.398816130225675,1,"Zfp383","Prg2",0.2,0.04
1.27882134632466,3.28345677562878,0.398816130225675,1,"Zfp976","Prg2",0.2,0.04
1.27882134632466,3.28345677562878,0.398816130225675,1,"Osbpl5","Prg2",0.2,0.04
1.27882134632466,3.28345677562878,0.398816130225675,1,"Gm20300","Prg2",0.2,0.04
1.27882134632466,3.28345677562878,0.398816130225675,1,"Rnf217","Prg2",0.2,0.04
1.27882134632466,3.28345677562878,0.398816130225675,1,"Traf3ip2","Prg2",0.2,0.04
1.27882134632466,3.28345677562878,0.398816130225675,1,"H2afy2","Prg2",0.2,0.04
1.27882134632466,3.28345677562878,0.398816130225675,1,"Ankrd24","Prg2",0.2,0.04
1.27882134632466,3.28345677562878,0.398816130225675,1,"Zfp873","Prg2",0.2,0.04
1.27882134632466,3.28345677562878,0.398816130225675,1,"Vezt","Prg2",0.2,0.04
1.27882134632466,3.28345677562878,0.398816130225675,1,"Lrig3","Prg2",0.2,0.04
1.27882134632466,3.28345677562878,0.398816130225675,1,"Nab2","Prg2",0.2,0.04
1.27882134632466,3.28345677562878,0.398816130225675,1,"Fcor","Prg2",0.2,0.04
1.27882134632466,3.28345677562878,0.398816130225675,1,"Cln8","Prg2",0.2,0.04
1.27882134632466,3.28345677562878,0.398816130225675,1,"Slc25a15","Prg2",0.2,0.04
1.27882134632466,3.28345677562878,0.398816130225675,1,"Zfp709","Prg2",0.2,0.04
1.27882134632466,3.28345677562878,0.398816130225675,1,"Ccdc102a","Prg2",0.2,0.04
1.27882134632466,3.28345677562878,0.398816130225675,1,"Cngb1","Prg2",0.2,0.04
1.27882134632466,3.28345677562878,0.398816130225675,1,"Tarbp1","Prg2",0.2,0.04
1.27882134632466,3.28345677562878,0.398816130225675,1,"Arhgef40","Prg2",0.2,0.04
1.27882134632466,3.28345677562878,0.398816130225675,1,"Kbtbd7","Prg2",0.2,0.04
1.27882134632466,3.28345677562878,0.398816130225675,1,"Rap2a","Prg2",0.2,0.04
1.27882134632466,3.28345677562878,0.398816130225675,1,"C2cd2l","Prg2",0.2,0.04
1.27882134632466,3.28345677562878,0.398816130225675,1,"Rnf185","Prg2",0.2,0.04
1.27882134632466,3.28345677562878,0.398816130225675,1,"Sco1","Prg2",0.2,0.04
1.27882134632466,3.28345677562878,0.398816130225675,1,"Tob1","Prg2",0.2,0.04
1.27882134632466,3.28345677562878,0.398816130225675,1,"Gm11696","Prg2",0.2,0.04
1.27882134632466,3.28345677562878,0.398816130225675,1,"Gadd45g","Prg2",0.2,0.04
1.27882134632466,3.28345677562878,0.398816130225675,1,"Zfp748","Prg2",0.2,0.04
1.27882134632466,3.28345677562878,0.398816130225675,1,"Mblac2","Prg2",0.2,0.04
1.27882134632466,3.28345677562878,0.398816130225675,1,"Zfp597","Prg2",0.2,0.04
1.27882134632466,3.28345677562878,0.398816130225675,1,"Rcan1","Prg2",0.2,0.04
1.27882134632466,3.28345677562878,0.398816130225675,1,"Tiam2","Prg2",0.2,0.04
1.27882134632466,3.28345677562878,0.398816130225675,1,"Tagap","Prg2",0.2,0.04
1.27882134632466,3.28345677562878,0.398816130225675,1,"Tmem63b","Prg2",0.2,0.04
1.27882134632466,3.28345677562878,0.398816130225675,1,"Zfp959","Prg2",0.2,0.04
1.27882134632466,3.28345677562878,0.398816130225675,1,"Jcad","Prg2",0.2,0.04
1.27882134632466,3.28345677562878,0.398816130225675,1,"Mppe1","Prg2",0.2,0.04
1.27882134632466,3.28345677562878,0.398816130225675,1,"Poli","Prg2",0.2,0.04
1.27882134632466,3.28345677562878,0.398816130225675,1,"Lbhd1","Prg2",0.2,0.04
1.27882134632466,3.28345677562878,0.398816130225675,1,"Oosp1","Prg2",0.2,0.04
1.27882134632466,3.28345677562878,0.398816130225675,1,"Entpd1","Prg2",0.2,0.04
1.27882134632466,3.28345677562878,0.398816130225675,1,"2310034G01Rik","Prg2",0.2,0.04
-0.410329535384546,7.59447626237218,0.401064499553121,1,"Cnpy2","Prg2",0.2,0.04
-0.371651539034247,9.041986753817,0.401317043378907,1,"Atp5l","Prg2",0.2,0.04
-0.478272265195256,6.51755902259694,0.401356610868779,1,"Tex261","Prg2",0.2,0.04
-0.478272265195256,6.51755902259694,0.401356610868779,1,"Gse1","Prg2",0.2,0.04
-0.478272265195256,6.51755902259694,0.401356610868779,1,"Psmd11","Prg2",0.2,0.04
-0.478272265195256,6.51755902259694,0.401356610868779,1,"Fam104a","Prg2",0.2,0.04
-0.478272265195256,6.51755902259694,0.401356610868779,1,"Pura","Prg2",0.2,0.04
-0.395191554193848,8.15715181534112,0.401744359898119,1,"Alox5ap","Prg2",0.2,0.04
0.751354224549047,4.93799492954565,0.402638814235118,1,"Xpr1","Prg2",0.2,0.04
0.751354224549047,4.93799492954565,0.402638814235118,1,"Exoc1","Prg2",0.2,0.04
0.751354224549047,4.93799492954565,0.402638814235118,1,"Klhdc10","Prg2",0.2,0.04
0.751354224549047,4.93799492954565,0.402638814235118,1,"Tmem9b","Prg2",0.2,0.04
0.751354224549047,4.93799492954565,0.402638814235118,1,"Cpsf1","Prg2",0.2,0.04
0.751354224549047,4.93799492954565,0.402638814235118,1,"Epc1","Prg2",0.2,0.04
0.751354224549047,4.93799492954565,0.402638814235118,1,"Ehbp1l1","Prg2",0.2,0.04
-0.674440344987786,4.97390218578626,0.402638814235118,1,"Sephs1","Prg2",0.2,0.04
-0.674440344987786,4.97390218578626,0.402638814235118,1,"Tceal8","Prg2",0.2,0.04
-0.674440344987786,4.97390218578626,0.402638814235118,1,"Xpo4","Prg2",0.2,0.04
-0.674440344987786,4.97390218578626,0.402638814235118,1,"Med17","Prg2",0.2,0.04
-0.674440344987786,4.97390218578626,0.402638814235118,1,"Fars2","Prg2",0.2,0.04
-0.674440344987786,4.97390218578626,0.402638814235118,1,"Thap7","Prg2",0.2,0.04
-0.674440344987786,4.97390218578626,0.402638814235118,1,"Nit2","Prg2",0.2,0.04
-0.674440344987786,4.97390218578626,0.402638814235118,1,"Dmxl1","Prg2",0.2,0.04
-0.674440344987786,4.97390218578626,0.402638814235118,1,"AI837181","Prg2",0.2,0.04
-0.674440344987786,4.97390218578626,0.402638814235118,1,"Ccdc88b","Prg2",0.2,0.04
0.527481040617848,6.20241361969439,0.402789298136974,1,"Adgrl4","Prg2",0.2,0.04
-0.50206372296433,6.22938326851117,0.402789298136974,1,"Cops5","Prg2",0.2,0.04
-0.50206372296433,6.22938326851117,0.402789298136974,1,"Fuca1","Prg2",0.2,0.04
-0.50206372296433,6.22938326851117,0.402789298136974,1,"Slirp","Prg2",0.2,0.04
-0.50206372296433,6.22938326851117,0.402789298136974,1,"Impa2","Prg2",0.2,0.04
-0.387977672454643,8.49617603543894,0.402915056314855,1,"Son","Prg2",0.2,0.04
-0.432815214364124,7.20560656540257,0.40297716156688,1,"Mrps16","Prg2",0.2,0.04
0.571615266245576,5.80678661927794,0.402998623600517,1,"Ppp3cb","Prg2",0.2,0.04
0.571615266245576,5.80678661927794,0.402998623600517,1,"Lrrc58","Prg2",0.2,0.04
-0.600313218527999,5.81327169955273,0.402998623600517,1,"Apmap","Prg2",0.2,0.04
-0.600313218527999,5.81327169955273,0.402998623600517,1,"Rbm10","Prg2",0.2,0.04
-0.600313218527999,5.81327169955273,0.402998623600517,1,"S100a1","Prg2",0.2,0.04
-0.600313218527999,5.81327169955273,0.402998623600517,1,"Abraxas2","Prg2",0.2,0.04
-0.600313218527999,5.81327169955273,0.402998623600517,1,"Slc25a1","Prg2",0.2,0.04
0.915673011496295,4.52182066267168,0.40342719054973,1,"Rnf114","Prg2",0.2,0.04
0.915673011496295,4.52182066267168,0.40342719054973,1,"Strip1","Prg2",0.2,0.04
0.915673011496295,4.52182066267168,0.40342719054973,1,"Polr1e","Prg2",0.2,0.04
0.915673011496295,4.52182066267168,0.40342719054973,1,"Pde4b","Prg2",0.2,0.04
0.915673011496295,4.52182066267168,0.40342719054973,1,"D930016D06Rik","Prg2",0.2,0.04
0.915673011496295,4.52182066267168,0.40342719054973,1,"Il5ra","Prg2",0.2,0.04
0.915673011496295,4.52182066267168,0.40342719054973,1,"Pgm2l1","Prg2",0.2,0.04
0.915673011496295,4.52182066267168,0.40342719054973,1,"Tbc1d22a","Prg2",0.2,0.04
0.915673011496295,4.52182066267168,0.40342719054973,1,"Hira","Prg2",0.2,0.04
0.915673011496295,4.52182066267168,0.40342719054973,1,"C330027C09Rik","Prg2",0.2,0.04
0.915673011496295,4.52182066267168,0.40342719054973,1,"Donson","Prg2",0.2,0.04
0.915673011496295,4.52182066267168,0.40342719054973,1,"Dnah8","Prg2",0.2,0.04
0.915673011496295,4.52182066267168,0.40342719054973,1,"Atp9b","Prg2",0.2,0.04
-1.03134673077061,4.52258573192945,0.40342719054973,1,"Spred1","Prg2",0.2,0.04
-1.03134673077061,4.52258573192945,0.40342719054973,1,"Arhgap6","Prg2",0.2,0.04
-1.03134673077061,4.52258573192945,0.40342719054973,1,"Mknk1","Prg2",0.2,0.04
-1.03134673077061,4.52258573192945,0.40342719054973,1,"Gdf3","Prg2",0.2,0.04
-1.03134673077061,4.52258573192945,0.40342719054973,1,"Leng1","Prg2",0.2,0.04
-1.03134673077061,4.52258573192945,0.40342719054973,1,"Ntpcr","Prg2",0.2,0.04
-1.03134673077061,4.52258573192945,0.40342719054973,1,"Nedd9","Prg2",0.2,0.04
-1.03134673077061,4.52258573192945,0.40342719054973,1,"Klhl22","Prg2",0.2,0.04
-1.03134673077061,4.52258573192945,0.40342719054973,1,"Zbtb11os1","Prg2",0.2,0.04
-1.03134673077061,4.52258573192945,0.40342719054973,1,"Strn","Prg2",0.2,0.04
-0.344606352862736,11.8142428663707,0.406386247518747,1,"Rpl6","Prg2",0.2,0.04
-0.363687522599772,9.22367369010191,0.40655742028771,1,"Eif3f","Prg2",0.2,0.04
-0.426007099778456,7.13381524973775,0.407388584475382,1,"Cdc26","Prg2",0.2,0.04
-0.47070159145613,6.3997302438398,0.407394576977298,1,"Eif4e2","Prg2",0.2,0.04
-0.47070159145613,6.3997302438398,0.407394576977298,1,"Gm11808","Prg2",0.2,0.04
-0.455555653485878,6.79871239135682,0.407864139347401,1,"Cebpb","Prg2",0.2,0.04
-0.455555653485878,6.79871239135682,0.407864139347401,1,"Puf60","Prg2",0.2,0.04
-0.425880972996784,7.47247128656415,0.408225587880813,1,"Lamtor4","Prg2",0.2,0.04
-0.382229338225214,8.35359599638391,0.408455236626791,1,"Cks2","Prg2",0.2,0.04
-0.341479655218407,12.3456264160673,0.409098075595552,1,"Rps4x","Prg2",0.2,0.04
-0.385950683825546,7.81136121244986,0.409603770323617,1,"Cct4","Prg2",0.2,0.04
-0.577202442961303,6.05653351440587,0.409668664615798,1,"Tex30","Prg2",0.2,0.04
-0.577202442961303,6.05653351440587,0.409668664615798,1,"Fam129a","Prg2",0.2,0.04
-0.577202442961303,6.05653351440587,0.409668664615798,1,"Tmem176a","Prg2",0.2,0.04
-0.577202442961303,6.05653351440587,0.409668664615798,1,"Lsm1","Prg2",0.2,0.04
-0.577202442961303,6.05653351440587,0.409668664615798,1,"Med30","Prg2",0.2,0.04
0.610891529124777,5.59327181890668,0.4103559557269,1,"Snhg12","Prg2",0.2,0.04
0.610891529124777,5.59327181890668,0.4103559557269,1,"Ddhd2","Prg2",0.2,0.04
0.610891529124777,5.59327181890668,0.4103559557269,1,"Dnmt3a","Prg2",0.2,0.04
0.610891529124777,5.59327181890668,0.4103559557269,1,"mt-Nd6","Prg2",0.2,0.04
-0.606404474740873,5.61539258098468,0.4103559557269,1,"Aifm1","Prg2",0.2,0.04
-0.606404474740873,5.61539258098468,0.4103559557269,1,"Fam216a","Prg2",0.2,0.04
-0.606404474740873,5.61539258098468,0.4103559557269,1,"Sympk","Prg2",0.2,0.04
-0.606404474740873,5.61539258098468,0.4103559557269,1,"Micu1","Prg2",0.2,0.04
-0.606404474740873,5.61539258098468,0.4103559557269,1,"1700020L24Rik","Prg2",0.2,0.04
0.427052968540554,7.30805504295616,0.410848599420884,1,"Myc","Prg2",0.2,0.04
-0.417143298012825,7.32321970111563,0.410848599420884,1,"Phf5a","Prg2",0.2,0.04
-0.469862719486599,6.56608174790194,0.410903919767759,1,"Impdh1","Prg2",0.2,0.04
-0.439982774814208,7.03383896392706,0.412252712373706,1,"Ube2d2a","Prg2",0.2,0.04
0.38109439940607,8.2312201836294,0.412568913633955,1,"Aprt","Prg2",0.2,0.04
0.412076910836027,7.24471544879408,0.415391937567975,1,"Aamp","Prg2",0.2,0.04
-0.449330056787539,6.83876235279128,0.415850301614557,1,"Smim4","Prg2",0.2,0.04
0.368310007443191,8.05513392784102,0.416791875584737,1,"Cd53","Prg2",0.2,0.04
-0.336708965737932,11.8924510946839,0.416962150519713,1,"Rps11","Prg2",0.2,0.04
-0.335731136301626,12.3396985141478,0.417039671267884,1,"Rps10","Prg2",0.2,0.04
-0.579083871712825,5.89147953292419,0.4176344672555,1,"Aqr","Prg2",0.2,0.04
-0.579083871712825,5.89147953292419,0.4176344672555,1,"Rinl","Prg2",0.2,0.04
-0.579083871712825,5.89147953292419,0.4176344672555,1,"Mknk2","Prg2",0.2,0.04
-0.432650302173027,6.95265758966442,0.417643307648404,1,"Rex1bd","Prg2",0.2,0.04
-0.432650302173027,6.95265758966442,0.417643307648404,1,"Polr2k","Prg2",0.2,0.04
0.444380384329666,6.41746956351384,0.41766879842415,1,"Chordc1","Prg2",0.2,0.04
0.666614480751951,5.3426785223079,0.418661169042415,1,"G6pdx","Prg2",0.2,0.04
0.666614480751951,5.3426785223079,0.418661169042415,1,"Rlim","Prg2",0.2,0.04
0.666614480751951,5.3426785223079,0.418661169042415,1,"Nceh1","Prg2",0.2,0.04
0.666614480751951,5.3426785223079,0.418661169042415,1,"Smad1","Prg2",0.2,0.04
0.666614480751951,5.3426785223079,0.418661169042415,1,"Tmed4","Prg2",0.2,0.04
0.666614480751951,5.3426785223079,0.418661169042415,1,"Nup88","Prg2",0.2,0.04
0.666614480751951,5.3426785223079,0.418661169042415,1,"Nfam1","Prg2",0.2,0.04
0.666614480751951,5.3426785223079,0.418661169042415,1,"Stard4","Prg2",0.2,0.04
-0.614867018574308,5.38554995066196,0.418661169042415,1,"Ciao1","Prg2",0.2,0.04
-0.614867018574308,5.38554995066196,0.418661169042415,1,"Tpst2","Prg2",0.2,0.04
-0.614867018574308,5.38554995066196,0.418661169042415,1,"Polr2l","Prg2",0.2,0.04
-0.614867018574308,5.38554995066196,0.418661169042415,1,"Prpsap1","Prg2",0.2,0.04
-0.614867018574308,5.38554995066196,0.418661169042415,1,"Dynlt1f","Prg2",0.2,0.04
-0.614867018574308,5.38554995066196,0.418661169042415,1,"Atad1","Prg2",0.2,0.04
0.395829018775396,7.4937705209787,0.41870003874909,1,"Sf3b3","Prg2",0.2,0.04
-0.435095028929982,7.06793823196649,0.419128444887659,1,"Ndufb6","Prg2",0.2,0.04
-0.398848272824195,7.5878376257849,0.41955218961791,1,"Rrbp1","Prg2",0.2,0.04
-0.351522353618817,9.07506043082033,0.419712585100594,1,"Cox7c","Prg2",0.2,0.04
-0.355506492203512,8.91031678015914,0.420142885762427,1,"Rps27l","Prg2",0.2,0.04
-0.439004281772065,6.59951603995693,0.420188230984707,1,"Smarce1","Prg2",0.2,0.04
0.443590841232131,6.57648333232481,0.420188230984707,1,"Frrs1","Prg2",0.2,0.04
-0.420440403527766,6.73308917819493,0.422126692171048,1,"Copb2","Prg2",0.2,0.04
-0.528223230395254,6.10353305348651,0.422293767964602,1,"Ier2","Prg2",0.2,0.04
0.457519049359568,6.08384587613235,0.422293767964602,1,"Ifrd2","Prg2",0.2,0.04
-0.42438699786832,6.86658905237695,0.423651176003943,1,"Eif3j1","Prg2",0.2,0.04
0.442432759547807,6.85018316902747,0.423651176003943,1,"Krit1","Prg2",0.2,0.04
0.442432759547807,6.85018316902747,0.423651176003943,1,"Dazap1","Prg2",0.2,0.04
0.441995498227584,6.9698166246972,0.424872380369429,1,"Sdsl","Prg2",0.2,0.04
0.454784875298302,6.2812754284393,0.425433348655554,1,"Nrgn","Prg2",0.2,0.04
0.454784875298302,6.2812754284393,0.425433348655554,1,"Ago2","Prg2",0.2,0.04
-0.519177808080553,6.30533694159048,0.425433348655554,1,"Rsbn1l","Prg2",0.2,0.04
-0.519177808080553,6.30533694159048,0.425433348655554,1,"Vps36","Prg2",0.2,0.04
-0.490697285902345,6.28842464951153,0.425433348655554,1,"Prkacb","Prg2",0.2,0.04
-0.490697285902345,6.28842464951153,0.425433348655554,1,"Per3","Prg2",0.2,0.04
-0.490697285902345,6.28842464951153,0.425433348655554,1,"Qdpr","Prg2",0.2,0.04
-0.490697285902345,6.28842464951153,0.425433348655554,1,"Atp2a3","Prg2",0.2,0.04
-0.414169063775915,7.09177617594808,0.425866144933941,1,"Dnajc8","Prg2",0.2,0.04
-0.414169063775915,7.09177617594808,0.425866144933941,1,"Mcm7","Prg2",0.2,0.04
-0.417733139676542,7.19682105179361,0.426685896606043,1,"Prpf4b","Prg2",0.2,0.04
-0.402491728321445,7.18797747957767,0.426685896606043,1,"Pdcd5","Prg2",0.2,0.04
-0.402491728321445,7.18797747957767,0.426685896606043,1,"Prkar1a","Prg2",0.2,0.04
-0.537355944001323,5.6784982574052,0.42693642860378,1,"Por","Prg2",0.2,0.04
-0.406623987778773,7.28646228779964,0.427370183873837,1,"Imp3","Prg2",0.2,0.04
0.366925276648107,8.33202831244797,0.428499459970396,1,"Laptm5","Prg2",0.2,0.04
0.389193316351283,7.53667690183801,0.428860787074551,1,"Actr2","Prg2",0.2,0.04
-0.484693986674514,6.62640470709186,0.429217818763879,1,"Chtop","Prg2",0.2,0.04
-0.462029999014639,6.61302877019548,0.429217818763879,1,"Apbb1ip","Prg2",0.2,0.04
-0.462029999014639,6.61302877019548,0.429217818763879,1,"Adh5","Prg2",0.2,0.04
0.44971396764833,6.75040917391272,0.430389430862991,1,"Jak1","Prg2",0.2,0.04
-0.327465223716863,11.7390909873001,0.430404874502926,1,"Rpl11","Prg2",0.2,0.04
0.472949077227986,5.91020333223555,0.431624842991313,1,"Ccdc88c","Prg2",0.2,0.04
-0.523851674390645,5.94397307918115,0.431624842991313,1,"Ethe1","Prg2",0.2,0.04
-0.523851674390645,5.94397307918115,0.431624842991313,1,"Pnkp","Prg2",0.2,0.04
-0.523851674390645,5.94397307918115,0.431624842991313,1,"Galk1","Prg2",0.2,0.04
-0.389171599917001,7.30702848969145,0.433200887265492,1,"Ndufb4","Prg2",0.2,0.04
-0.389171599917001,7.30702848969145,0.433200887265492,1,"mt-Nd4l","Prg2",0.2,0.04
-0.393818121745214,7.39794152706393,0.433457490020594,1,"Raly","Prg2",0.2,0.04
-0.393818121745214,7.39794152706393,0.433457490020594,1,"Romo1","Prg2",0.2,0.04
-0.397917020182357,7.48343945993128,0.433662447006197,1,"Dtymk","Prg2",0.2,0.04
-0.397917020182357,7.48343945993128,0.433662447006197,1,"Rsl1d1","Prg2",0.2,0.04
-0.480281479547864,6.34514866449843,0.43618628593426,1,"Pglyrp1","Prg2",0.2,0.04
-0.814447451486572,4.65211879050786,0.436352566552615,1,"Golga2","Prg2",0.2,0.04
-0.814447451486572,4.65211879050786,0.436352566552615,1,"Eng","Prg2",0.2,0.04
-0.814447451486572,4.65211879050786,0.436352566552615,1,"Abcb7","Prg2",0.2,0.04
-0.814447451486572,4.65211879050786,0.436352566552615,1,"Tpd52","Prg2",0.2,0.04
-0.814447451486572,4.65211879050786,0.436352566552615,1,"Tmem167b","Prg2",0.2,0.04
-0.814447451486572,4.65211879050786,0.436352566552615,1,"Miip","Prg2",0.2,0.04
-0.814447451486572,4.65211879050786,0.436352566552615,1,"Coq5","Prg2",0.2,0.04
-0.814447451486572,4.65211879050786,0.436352566552615,1,"Nagk","Prg2",0.2,0.04
-0.814447451486572,4.65211879050786,0.436352566552615,1,"Pbx4","Prg2",0.2,0.04
-0.814447451486572,4.65211879050786,0.436352566552615,1,"Mtfmt","Prg2",0.2,0.04
-0.814447451486572,4.65211879050786,0.436352566552615,1,"Snx14","Prg2",0.2,0.04
-0.814447451486572,4.65211879050786,0.436352566552615,1,"Mier3","Prg2",0.2,0.04
-0.814447451486572,4.65211879050786,0.436352566552615,1,"Rdh14","Prg2",0.2,0.04
-0.814447451486572,4.65211879050786,0.436352566552615,1,"Axin1","Prg2",0.2,0.04
-0.814447451486572,4.65211879050786,0.436352566552615,1,"Slc39a6","Prg2",0.2,0.04
-0.814447451486572,4.65211879050786,0.436352566552615,1,"Isoc1","Prg2",0.2,0.04
-0.814447451486572,4.65211879050786,0.436352566552615,1,"Dym","Prg2",0.2,0.04
-0.814447451486572,4.65211879050786,0.436352566552615,1,"Trim8","Prg2",0.2,0.04
-0.353022664492076,8.44945384485863,0.437179668872286,1,"Uqcrb","Prg2",0.2,0.04
0.460581419390852,6.4917029568226,0.437294710562937,1,"Rbm26","Prg2",0.2,0.04
0.584886603606993,5.37702988308985,0.437875061184897,1,"Dtd1","Prg2",0.2,0.04
0.584886603606993,5.37702988308985,0.437875061184897,1,"Vav3","Prg2",0.2,0.04
0.584886603606993,5.37702988308985,0.437875061184897,1,"Rad51ap1","Prg2",0.2,0.04
0.584886603606993,5.37702988308985,0.437875061184897,1,"Gtf2h1","Prg2",0.2,0.04
0.584886603606993,5.37702988308985,0.437875061184897,1,"Wdr6","Prg2",0.2,0.04
0.584886603606993,5.37702988308985,0.437875061184897,1,"Pelp1","Prg2",0.2,0.04
0.584886603606993,5.37702988308985,0.437875061184897,1,"Exoc2","Prg2",0.2,0.04
0.584886603606993,5.37702988308985,0.437875061184897,1,"Fgfr1op","Prg2",0.2,0.04
0.50754139863693,5.41048541139469,0.437875061184897,1,"Cspp1","Prg2",0.2,0.04
0.50754139863693,5.41048541139469,0.437875061184897,1,"Ssfa2","Prg2",0.2,0.04
0.50754139863693,5.41048541139469,0.437875061184897,1,"Paxip1","Prg2",0.2,0.04
0.50754139863693,5.41048541139469,0.437875061184897,1,"Washc1","Prg2",0.2,0.04
0.50754139863693,5.41048541139469,0.437875061184897,1,"Brms1","Prg2",0.2,0.04
0.50754139863693,5.41048541139469,0.437875061184897,1,"Capn1","Prg2",0.2,0.04
0.361044705246566,8.07218136775908,0.437903185847074,1,"Hnrnpd","Prg2",0.2,0.04
0.458158597162513,6.64323026375266,0.438000858165507,1,"Wapl","Prg2",0.2,0.04
0.458158597162513,6.64323026375266,0.438000858165507,1,"Hyou1","Prg2",0.2,0.04
0.458158597162513,6.64323026375266,0.438000858165507,1,"Gart","Prg2",0.2,0.04
0.367074291289005,7.64189058895953,0.438623944741349,1,"Dazap2","Prg2",0.2,0.04
-0.375607946890725,7.57446169884363,0.438718126300461,1,"Tecr","Prg2",0.2,0.04
-0.375607946890725,7.57446169884363,0.438718126300461,1,"Trmt112","Prg2",0.2,0.04
-0.422940954599656,7.02388984740174,0.438868878592344,1,"Rbbp7","Prg2",0.2,0.04
0.404563211442894,7.1232643296732,0.438939837788784,1,"Mrpl30","Prg2",0.2,0.04
0.999550063185081,4.02924833382541,0.439101014633991,1,"Arl5b","Prg2",0.2,0.04
0.999550063185081,4.02924833382541,0.439101014633991,1,"Zbtb26","Prg2",0.2,0.04
0.999550063185081,4.02924833382541,0.439101014633991,1,"Maoa","Prg2",0.2,0.04
0.999550063185081,4.02924833382541,0.439101014633991,1,"Foxo4","Prg2",0.2,0.04
0.999550063185081,4.02924833382541,0.439101014633991,1,"Spata5","Prg2",0.2,0.04
0.999550063185081,4.02924833382541,0.439101014633991,1,"Stil","Prg2",0.2,0.04
0.999550063185081,4.02924833382541,0.439101014633991,1,"P3h1","Prg2",0.2,0.04
0.999550063185081,4.02924833382541,0.439101014633991,1,"Gtpbp10","Prg2",0.2,0.04
0.999550063185081,4.02924833382541,0.439101014633991,1,"Tmem120a","Prg2",0.2,0.04
0.999550063185081,4.02924833382541,0.439101014633991,1,"Mios","Prg2",0.2,0.04
0.999550063185081,4.02924833382541,0.439101014633991,1,"Alms1","Prg2",0.2,0.04
0.999550063185081,4.02924833382541,0.439101014633991,1,"Bloc1s3","Prg2",0.2,0.04
0.999550063185081,4.02924833382541,0.439101014633991,1,"Arntl","Prg2",0.2,0.04
0.999550063185081,4.02924833382541,0.439101014633991,1,"Echdc1","Prg2",0.2,0.04
0.999550063185081,4.02924833382541,0.439101014633991,1,"Gadd45b","Prg2",0.2,0.04
0.999550063185081,4.02924833382541,0.439101014633991,1,"Rfx1","Prg2",0.2,0.04
0.999550063185081,4.02924833382541,0.439101014633991,1,"Siah1a","Prg2",0.2,0.04
0.999550063185081,4.02924833382541,0.439101014633991,1,"Snx19","Prg2",0.2,0.04
0.999550063185081,4.02924833382541,0.439101014633991,1,"Parp6","Prg2",0.2,0.04
0.999550063185081,4.02924833382541,0.439101014633991,1,"Zfp609","Prg2",0.2,0.04
0.999550063185081,4.02924833382541,0.439101014633991,1,"Mpg","Prg2",0.2,0.04
0.999550063185081,4.02924833382541,0.439101014633991,1,"Mks1","Prg2",0.2,0.04
0.999550063185081,4.02924833382541,0.439101014633991,1,"BC030867","Prg2",0.2,0.04
0.999550063185081,4.02924833382541,0.439101014633991,1,"Cbx8","Prg2",0.2,0.04
0.999550063185081,4.02924833382541,0.439101014633991,1,"Ippk","Prg2",0.2,0.04
0.999550063185081,4.02924833382541,0.439101014633991,1,"Isca1","Prg2",0.2,0.04
0.999550063185081,4.02924833382541,0.439101014633991,1,"Polk","Prg2",0.2,0.04
0.999550063185081,4.02924833382541,0.439101014633991,1,"Wdr60","Prg2",0.2,0.04
0.999550063185081,4.02924833382541,0.439101014633991,1,"1810013L24Rik","Prg2",0.2,0.04
-0.956479418921235,4.15921447142262,0.439101014633991,1,"Zfand2b","Prg2",0.2,0.04
-0.956479418921235,4.15921447142262,0.439101014633991,1,"Ralgapa2","Prg2",0.2,0.04
-0.956479418921235,4.15921447142262,0.439101014633991,1,"Trappc2","Prg2",0.2,0.04
-0.956479418921235,4.15921447142262,0.439101014633991,1,"Atp8b2","Prg2",0.2,0.04
-0.956479418921235,4.15921447142262,0.439101014633991,1,"Tceanc2","Prg2",0.2,0.04
-0.956479418921235,4.15921447142262,0.439101014633991,1,"Zkscan14","Prg2",0.2,0.04
-0.956479418921235,4.15921447142262,0.439101014633991,1,"Mtif3","Prg2",0.2,0.04
-0.956479418921235,4.15921447142262,0.439101014633991,1,"Homer2","Prg2",0.2,0.04
-0.956479418921235,4.15921447142262,0.439101014633991,1,"Fig4","Prg2",0.2,0.04
-0.956479418921235,4.15921447142262,0.439101014633991,1,"Tmem161a","Prg2",0.2,0.04
-0.956479418921235,4.15921447142262,0.439101014633991,1,"Cacna1a","Prg2",0.2,0.04
-0.956479418921235,4.15921447142262,0.439101014633991,1,"Ccdc137","Prg2",0.2,0.04
-0.956479418921235,4.15921447142262,0.439101014633991,1,"Stard3nl","Prg2",0.2,0.04
-0.956479418921235,4.15921447142262,0.439101014633991,1,"Med6","Prg2",0.2,0.04
-0.956479418921235,4.15921447142262,0.439101014633991,1,"Mapk8ip3","Prg2",0.2,0.04
-0.956479418921235,4.15921447142262,0.439101014633991,1,"Narfl","Prg2",0.2,0.04
-0.956479418921235,4.15921447142262,0.439101014633991,1,"Nudt12","Prg2",0.2,0.04
0.743861052119214,4.11684821203647,0.439101014633991,1,"Zranb3","Prg2",0.2,0.04
0.743861052119214,4.11684821203647,0.439101014633991,1,"Tomm40l","Prg2",0.2,0.04
0.743861052119214,4.11684821203647,0.439101014633991,1,"Zfp770","Prg2",0.2,0.04
0.743861052119214,4.11684821203647,0.439101014633991,1,"Rassf2","Prg2",0.2,0.04
0.743861052119214,4.11684821203647,0.439101014633991,1,"Ahcy","Prg2",0.2,0.04
0.743861052119214,4.11684821203647,0.439101014633991,1,"Crtc2","Prg2",0.2,0.04
0.743861052119214,4.11684821203647,0.439101014633991,1,"Alg14","Prg2",0.2,0.04
0.743861052119214,4.11684821203647,0.439101014633991,1,"Rmdn1","Prg2",0.2,0.04
0.743861052119214,4.11684821203647,0.439101014633991,1,"Gm12454","Prg2",0.2,0.04
0.743861052119214,4.11684821203647,0.439101014633991,1,"Mtor","Prg2",0.2,0.04
0.743861052119214,4.11684821203647,0.439101014633991,1,"Tpst1","Prg2",0.2,0.04
0.743861052119214,4.11684821203647,0.439101014633991,1,"1810044D09Rik","Prg2",0.2,0.04
0.743861052119214,4.11684821203647,0.439101014633991,1,"Ercc2","Prg2",0.2,0.04
0.743861052119214,4.11684821203647,0.439101014633991,1,"Dpy19l3","Prg2",0.2,0.04
0.743861052119214,4.11684821203647,0.439101014633991,1,"Pik3r2","Prg2",0.2,0.04
0.743861052119214,4.11684821203647,0.439101014633991,1,"Zdhhc7","Prg2",0.2,0.04
0.743861052119214,4.11684821203647,0.439101014633991,1,"Fam213a","Prg2",0.2,0.04
0.743861052119214,4.11684821203647,0.439101014633991,1,"Klhl18","Prg2",0.2,0.04
0.743861052119214,4.11684821203647,0.439101014633991,1,"Morc2a","Prg2",0.2,0.04
0.743861052119214,4.11684821203647,0.439101014633991,1,"Spred2","Prg2",0.2,0.04
0.743861052119214,4.11684821203647,0.439101014633991,1,"Slc22a4","Prg2",0.2,0.04
0.743861052119214,4.11684821203647,0.439101014633991,1,"Ksr1","Prg2",0.2,0.04
0.743861052119214,4.11684821203647,0.439101014633991,1,"Usp32","Prg2",0.2,0.04
0.743861052119214,4.11684821203647,0.439101014633991,1,"Golm1","Prg2",0.2,0.04
0.743861052119214,4.11684821203647,0.439101014633991,1,"Lrrc14","Prg2",0.2,0.04
0.743861052119214,4.11684821203647,0.439101014633991,1,"Slc30a6","Prg2",0.2,0.04
-0.319089629813441,12.1295723821774,0.441045825290245,1,"Rpl35a","Prg2",0.2,0.04
-0.318215763675625,12.6400976020878,0.441093678698867,1,"Rps3a1","Prg2",0.2,0.04
-0.369326550504565,7.98212069156269,0.441855737596721,1,"Selenoh","Prg2",0.2,0.04
0.493236230764116,5.71287320653209,0.442660214353587,1,"Stard7","Prg2",0.2,0.04
0.493236230764116,5.71287320653209,0.442660214353587,1,"Arl6ip5","Prg2",0.2,0.04
0.493236230764116,5.71287320653209,0.442660214353587,1,"Sf3a1","Prg2",0.2,0.04
0.493236230764116,5.71287320653209,0.442660214353587,1,"Mtmr3","Prg2",0.2,0.04
0.493236230764116,5.71287320653209,0.442660214353587,1,"Skiv2l2","Prg2",0.2,0.04
0.483759484154553,5.96310851907044,0.445005737011904,1,"Msh2","Prg2",0.2,0.04
-0.473259713775469,5.99470374060368,0.445005737011904,1,"Guk1","Prg2",0.2,0.04
-0.473259713775469,5.99470374060368,0.445005737011904,1,"Tmx3","Prg2",0.2,0.04
-0.406204971197556,7.15661653539815,0.445281972016576,1,"Mki67","Prg2",0.2,0.04
-0.401603671744026,7.04845363023087,0.445643902720725,1,"Ubxn4","Prg2",0.2,0.04
0.405775579488413,6.92762470480654,0.445990371902477,1,"Kdelr2","Prg2",0.2,0.04
0.477019411736178,6.17653120742915,0.446123117943605,1,"Trip12","Prg2",0.2,0.04
0.477019411736178,6.17653120742915,0.446123117943605,1,"Mdm4","Prg2",0.2,0.04
-0.471790234498186,6.21149448626541,0.446123117943605,1,"Rrs1","Prg2",0.2,0.04
-0.471790234498186,6.21149448626541,0.446123117943605,1,"Rae1","Prg2",0.2,0.04
-0.440867846849352,6.1933584861764,0.446123117943605,1,"Atp6v1b2","Prg2",0.2,0.04
-0.440867846849352,6.1933584861764,0.446123117943605,1,"Brd1","Prg2",0.2,0.04
-0.409886611077762,6.81573568921097,0.446301603267375,1,"Clec2d","Prg2",0.2,0.04
0.329356880239119,9.33043851900302,0.446480978036472,1,"Atp5a1","Prg2",0.2,0.04
-0.426228576870267,6.68992251527009,0.446545387681352,1,"Ndufs3","Prg2",0.2,0.04
0.47198009468911,6.36257552364745,0.446580461618967,1,"Zmynd8","Prg2",0.2,0.04
0.47198009468911,6.36257552364745,0.446580461618967,1,"Arid2","Prg2",0.2,0.04
0.435598969561357,6.37889911770999,0.446580461618967,1,"Fbxo3","Prg2",0.2,0.04
0.435598969561357,6.37889911770999,0.446580461618967,1,"Tmem97","Prg2",0.2,0.04
0.435598969561357,6.37889911770999,0.446580461618967,1,"H2-DMa","Prg2",0.2,0.04
-0.443813525644387,6.3839358310171,0.446580461618967,1,"Mybbp1a","Prg2",0.2,0.04
-0.443813525644387,6.3839358310171,0.446580461618967,1,"Nfe2","Prg2",0.2,0.04
-0.446077759641197,6.55209903192699,0.446668441992512,1,"Tm7sf3","Prg2",0.2,0.04
-0.42189408703057,6.53796652379531,0.446668441992512,1,"Ssna1","Prg2",0.2,0.04
-0.42189408703057,6.53796652379531,0.446668441992512,1,"Emc7","Prg2",0.2,0.04
0.468069891009552,6.52745967684135,0.446668441992512,1,"Arhgef1","Prg2",0.2,0.04
0.435762510299854,6.54193724765408,0.446668441992512,1,"Actl6a","Prg2",0.2,0.04
0.435762510299854,6.54193724765408,0.446668441992512,1,"Gtf2a2","Prg2",0.2,0.04
-0.315068538503442,11.8579862257144,0.447659291571653,1,"Rpl18","Prg2",0.2,0.04
0.347028781798249,8.10567660956287,0.448264139944234,1,"Hnrnph1","Prg2",0.2,0.04
-0.346657555676371,8.44584745681097,0.448381374581056,1,"Vdac2","Prg2",0.2,0.04
0.365601873206668,7.99990902222622,0.449222936652427,1,"Tram1","Prg2",0.2,0.04
0.365601873206668,7.99990902222622,0.449222936652427,1,"1110008F13Rik","Prg2",0.2,0.04
0.365085096041102,7.4456684488896,0.449443891805304,1,"Tspan32","Prg2",0.2,0.04
-0.383303525710335,7.36306694527831,0.450084471793988,1,"Mrpl20","Prg2",0.2,0.04
-0.383303525710335,7.36306694527831,0.450084471793988,1,"Uqcc2","Prg2",0.2,0.04
0.646253123730563,5.08217050729208,0.450755070290173,1,"Cwc22","Prg2",0.2,0.04
0.646253123730563,5.08217050729208,0.450755070290173,1,"Mthfd2l","Prg2",0.2,0.04
0.646253123730563,5.08217050729208,0.450755070290173,1,"Cul4a","Prg2",0.2,0.04
0.646253123730563,5.08217050729208,0.450755070290173,1,"Wwc2","Prg2",0.2,0.04
0.646253123730563,5.08217050729208,0.450755070290173,1,"Cep57","Prg2",0.2,0.04
0.646253123730563,5.08217050729208,0.450755070290173,1,"Carm1","Prg2",0.2,0.04
0.646253123730563,5.08217050729208,0.450755070290173,1,"Mtfp1","Prg2",0.2,0.04
0.646253123730563,5.08217050729208,0.450755070290173,1,"Sec23a","Prg2",0.2,0.04
0.646253123730563,5.08217050729208,0.450755070290173,1,"Litaf","Prg2",0.2,0.04
0.646253123730563,5.08217050729208,0.450755070290173,1,"Tango2","Prg2",0.2,0.04
0.646253123730563,5.08217050729208,0.450755070290173,1,"Zfp871","Prg2",0.2,0.04
0.646253123730563,5.08217050729208,0.450755070290173,1,"Ablim1","Prg2",0.2,0.04
0.547785433129946,5.12358569641198,0.450755070290173,1,"Gabpb1","Prg2",0.2,0.04
0.547785433129946,5.12358569641198,0.450755070290173,1,"Ap2a2","Prg2",0.2,0.04
0.547785433129946,5.12358569641198,0.450755070290173,1,"Pde12","Prg2",0.2,0.04
0.547785433129946,5.12358569641198,0.450755070290173,1,"5730455P16Rik","Prg2",0.2,0.04
0.547785433129946,5.12358569641198,0.450755070290173,1,"Prpf39","Prg2",0.2,0.04
0.547785433129946,5.12358569641198,0.450755070290173,1,"Sav1","Prg2",0.2,0.04
0.547785433129946,5.12358569641198,0.450755070290173,1,"Nmral1","Prg2",0.2,0.04
0.547785433129946,5.12358569641198,0.450755070290173,1,"Cdc45","Prg2",0.2,0.04
0.547785433129946,5.12358569641198,0.450755070290173,1,"Bysl","Prg2",0.2,0.04
-0.694047539391848,5.1509525211212,0.450755070290174,1,"Atg16l1","Prg2",0.2,0.04
-0.694047539391848,5.1509525211212,0.450755070290174,1,"Vapb","Prg2",0.2,0.04
-0.694047539391848,5.1509525211212,0.450755070290174,1,"Vps72","Prg2",0.2,0.04
-0.694047539391848,5.1509525211212,0.450755070290174,1,"Tal1","Prg2",0.2,0.04
-0.694047539391848,5.1509525211212,0.450755070290174,1,"Ate1","Prg2",0.2,0.04
-0.694047539391848,5.1509525211212,0.450755070290174,1,"Utrn","Prg2",0.2,0.04
-0.694047539391848,5.1509525211212,0.450755070290174,1,"Vps26a","Prg2",0.2,0.04
-0.694047539391848,5.1509525211212,0.450755070290174,1,"Champ1","Prg2",0.2,0.04
-0.694047539391848,5.1509525211212,0.450755070290174,1,"Rai1","Prg2",0.2,0.04
-0.694047539391848,5.1509525211212,0.450755070290174,1,"Btbd7","Prg2",0.2,0.04
-0.392291106281854,7.27817258642032,0.450768543401141,1,"Brk1","Prg2",0.2,0.04
0.343641265997075,8.17294597452807,0.451096569057997,1,"Srsf5","Prg2",0.2,0.04
-0.387087577650507,7.17907504380256,0.451498340476763,1,"Dnajc9","Prg2",0.2,0.04
-0.332860468559103,9.09916998925201,0.452350435633488,1,"Sumo2","Prg2",0.2,0.04
0.388905822241327,6.96481302701336,0.45309813296376,1,"Psat1","Prg2",0.2,0.04
0.41007879947026,6.83328777177644,0.453963145059842,1,"Gusb","Prg2",0.2,0.04
0.370156466372958,7.46432897811082,0.454597207171336,1,"Ptpn7","Prg2",0.2,0.04
0.407412909826123,6.7013695163341,0.454859280546435,1,"Foxn3","Prg2",0.2,0.04
-0.367139603651191,7.38259795134567,0.455516383179453,1,"AC160336.1","Prg2",0.2,0.04
0.383326774093995,7.37259235621613,0.455516383179454,1,"Eif5b","Prg2",0.2,0.04
0.383326774093995,7.37259235621613,0.455516383179454,1,"Matr3","Prg2",0.2,0.04
0.366081238775187,7.3804266739326,0.455516383179454,1,"Supt16","Prg2",0.2,0.04
-0.584866631950083,5.48994592405843,0.455892345145071,1,"Tmem183a","Prg2",0.2,0.04
-0.584866631950083,5.48994592405843,0.455892345145071,1,"Gsk3a","Prg2",0.2,0.04
-0.584866631950083,5.48994592405843,0.455892345145071,1,"Mlx","Prg2",0.2,0.04
-0.584866631950083,5.48994592405843,0.455892345145071,1,"Zkscan3","Prg2",0.2,0.04
-0.584866631950083,5.48994592405843,0.455892345145071,1,"Arel1","Prg2",0.2,0.04
0.521105735425083,5.4843704205577,0.455892345145071,1,"Ldlrap1","Prg2",0.2,0.04
0.521105735425083,5.4843704205577,0.455892345145071,1,"Nr2c2","Prg2",0.2,0.04
0.521105735425083,5.4843704205577,0.455892345145071,1,"2810474O19Rik","Prg2",0.2,0.04
0.521105735425083,5.4843704205577,0.455892345145071,1,"Cirbp","Prg2",0.2,0.04
0.521105735425083,5.4843704205577,0.455892345145071,1,"Mgat1","Prg2",0.2,0.04
0.521105735425083,5.4843704205577,0.455892345145071,1,"D17Wsu92e","Prg2",0.2,0.04
-0.307682881749191,12.6364475542485,0.456364073290583,1,"Rps20","Prg2",0.2,0.04
-0.307455737477273,12.7526001070128,0.456477438758359,1,"Eef1a1","Prg2",0.2,0.04
0.341307309175151,8.59468045068411,0.457264315171675,1,"Creg1","Prg2",0.2,0.04
0.485850513430195,6.22077473130395,0.457372015120547,1,"Xpo1","Prg2",0.2,0.04
0.485850513430195,6.22077473130395,0.457372015120547,1,"Usp34","Prg2",0.2,0.04
0.485850513430195,6.22077473130395,0.457372015120547,1,"Ppp2r1a","Prg2",0.2,0.04
0.445387664305635,6.23887720678925,0.457372015120547,1,"Ptpn6","Prg2",0.2,0.04
0.445387664305635,6.23887720678925,0.457372015120547,1,"Mapk1ip1l","Prg2",0.2,0.04
0.445387664305635,6.23887720678925,0.457372015120547,1,"Acat1","Prg2",0.2,0.04
0.445387664305635,6.23887720678925,0.457372015120547,1,"Mcm4","Prg2",0.2,0.04
0.445387664305635,6.23887720678925,0.457372015120547,1,"Khsrp","Prg2",0.2,0.04
-0.369068389331374,7.64397525146198,0.457563386686498,1,"Arpc5","Prg2",0.2,0.04
-0.369068389331374,7.64397525146198,0.457563386686498,1,"Ubc","Prg2",0.2,0.04
-0.55985036940344,5.78900345488477,0.457585664185782,1,"Arhgap11a","Prg2",0.2,0.04
-0.55985036940344,5.78900345488477,0.457585664185782,1,"Zbtb8os","Prg2",0.2,0.04
-0.55985036940344,5.78900345488477,0.457585664185782,1,"Cabin1","Prg2",0.2,0.04
-0.55985036940344,5.78900345488477,0.457585664185782,1,"Ptpn2","Prg2",0.2,0.04
0.504789787850058,5.77326828158962,0.457585664185782,1,"0610030E20Rik","Prg2",0.2,0.04
0.504789787850058,5.77326828158962,0.457585664185782,1,"Lpcat3","Prg2",0.2,0.04
0.504789787850058,5.77326828158962,0.457585664185782,1,"Sec23ip","Prg2",0.2,0.04
0.504789787850058,5.77326828158962,0.457585664185782,1,"Arf3","Prg2",0.2,0.04
0.504789787850058,5.77326828158962,0.457585664185782,1,"Lars","Prg2",0.2,0.04
0.493780347917761,6.01418115686497,0.457811373338933,1,"Msl3","Prg2",0.2,0.04
0.493780347917761,6.01418115686497,0.457811373338933,1,"Nsd3","Prg2",0.2,0.04
-0.310305366533407,11.0583480772837,0.457987686377305,1,"Rpl36a","Prg2",0.2,0.04
-0.356066944923493,7.91693099112539,0.45805336811094,1,"Nudc","Prg2",0.2,0.04
-0.377728860593263,7.10585462417735,0.45876615211936,1,"Ankrd13a","Prg2",0.2,0.04
0.343657898904988,8.24806153870303,0.459900388247043,1,"Dstn","Prg2",0.2,0.04
0.395570599817953,6.99072179201387,0.46004431426627,1,"Suz12","Prg2",0.2,0.04
0.330456198713122,8.71931790237683,0.460190919556032,1,"Hdgf","Prg2",0.2,0.04
-0.35072069580302,7.72572536534197,0.460972428203772,1,"Emg1","Prg2",0.2,0.04
0.41696849483539,6.86162916698674,0.461436204258151,1,"Snx5","Prg2",0.2,0.04
0.415026171292955,6.73236338342882,0.462950223165985,1,"Mat2b","Prg2",0.2,0.04
0.387627449844134,6.7448255626238,0.462950223165985,1,"Irak1","Prg2",0.2,0.04
0.387627449844134,6.7448255626238,0.462950223165985,1,"Pole4","Prg2",0.2,0.04
-0.336572623716488,8.05470053688584,0.463455527074273,1,"Ube2s","Prg2",0.2,0.04
-0.313624012585029,9.36748894523289,0.464661508798181,1,"Atp5g2","Prg2",0.2,0.04
-0.301814318587474,12.6897091555344,0.464894507522441,1,"Rps27a","Prg2",0.2,0.04
-0.734615254612807,4.82196840946511,0.465630136200709,1,"Nit1","Prg2",0.2,0.04
-0.734615254612807,4.82196840946511,0.465630136200709,1,"Spc25","Prg2",0.2,0.04
-0.734615254612807,4.82196840946511,0.465630136200709,1,"Prex1","Prg2",0.2,0.04
-0.734615254612807,4.82196840946511,0.465630136200709,1,"Selenbp1","Prg2",0.2,0.04
-0.734615254612807,4.82196840946511,0.465630136200709,1,"Scarb2","Prg2",0.2,0.04
-0.734615254612807,4.82196840946511,0.465630136200709,1,"Slc6a13","Prg2",0.2,0.04
-0.734615254612807,4.82196840946511,0.465630136200709,1,"Fcho1","Prg2",0.2,0.04
-0.734615254612807,4.82196840946511,0.465630136200709,1,"Adpgk","Prg2",0.2,0.04
-0.734615254612807,4.82196840946511,0.465630136200709,1,"Plscr1","Prg2",0.2,0.04
-0.734615254612807,4.82196840946511,0.465630136200709,1,"Ykt6","Prg2",0.2,0.04
-0.734615254612807,4.82196840946511,0.465630136200709,1,"Cenpk","Prg2",0.2,0.04
-0.734615254612807,4.82196840946511,0.465630136200709,1,"Dzip3","Prg2",0.2,0.04
-0.734615254612807,4.82196840946511,0.465630136200709,1,"Ifngr2","Prg2",0.2,0.04
-0.734615254612807,4.82196840946511,0.465630136200709,1,"Cutc","Prg2",0.2,0.04
-0.734615254612807,4.82196840946511,0.465630136200709,1,"Pprc1","Prg2",0.2,0.04
0.61437028458571,4.76562810973172,0.465630136200709,1,"Pikfyve","Prg2",0.2,0.04
0.61437028458571,4.76562810973172,0.465630136200709,1,"Gin1","Prg2",0.2,0.04
0.61437028458571,4.76562810973172,0.465630136200709,1,"Spopl","Prg2",0.2,0.04
0.61437028458571,4.76562810973172,0.465630136200709,1,"Uap1l1","Prg2",0.2,0.04
0.61437028458571,4.76562810973172,0.465630136200709,1,"Agpat2","Prg2",0.2,0.04
0.61437028458571,4.76562810973172,0.465630136200709,1,"1700037H04Rik","Prg2",0.2,0.04
0.61437028458571,4.76562810973172,0.465630136200709,1,"Snx27","Prg2",0.2,0.04
0.61437028458571,4.76562810973172,0.465630136200709,1,"Sec24b","Prg2",0.2,0.04
0.61437028458571,4.76562810973172,0.465630136200709,1,"Mecr","Prg2",0.2,0.04
0.61437028458571,4.76562810973172,0.465630136200709,1,"Hgf","Prg2",0.2,0.04
0.61437028458571,4.76562810973172,0.465630136200709,1,"Kdm3a","Prg2",0.2,0.04
0.61437028458571,4.76562810973172,0.465630136200709,1,"Arhgap25","Prg2",0.2,0.04
0.61437028458571,4.76562810973172,0.465630136200709,1,"Ppme1","Prg2",0.2,0.04
0.61437028458571,4.76562810973172,0.465630136200709,1,"Polr3e","Prg2",0.2,0.04
0.61437028458571,4.76562810973172,0.465630136200709,1,"Ctbp2","Prg2",0.2,0.04
0.61437028458571,4.76562810973172,0.465630136200709,1,"Mtus1","Prg2",0.2,0.04
0.61437028458571,4.76562810973172,0.465630136200709,1,"Cdkn2aip","Prg2",0.2,0.04
0.61437028458571,4.76562810973172,0.465630136200709,1,"Spry2","Prg2",0.2,0.04
0.61437028458571,4.76562810973172,0.465630136200709,1,"Sidt2","Prg2",0.2,0.04
0.61437028458571,4.76562810973172,0.465630136200709,1,"Mbip","Prg2",0.2,0.04
0.61437028458571,4.76562810973172,0.465630136200709,1,"Tgif1","Prg2",0.2,0.04
0.61437028458571,4.76562810973172,0.465630136200709,1,"Map3k11","Prg2",0.2,0.04
-0.461860686169915,6.45232523408034,0.46635163861509,1,"Zfp422","Prg2",0.2,0.04
-0.435938876904353,6.43712581183712,0.46635163861509,1,"Bcl11a","Prg2",0.2,0.04
0.409746124444338,6.43314578733613,0.46635163861509,1,"Nifk","Prg2",0.2,0.04
0.409746124444338,6.43314578733613,0.46635163861509,1,"Psmd3","Prg2",0.2,0.04
0.357422165143971,7.66458468236948,0.466571341342257,1,"Ak2","Prg2",0.2,0.04
-0.325839268330482,8.8435506815841,0.466837051157535,1,"Snrpe","Prg2",0.2,0.04
-0.361781714211612,7.59138146478875,0.467999930933639,1,"Smdt1","Prg2",0.2,0.04
-0.461643182030775,6.27129190299187,0.468205321839039,1,"M6pr","Prg2",0.2,0.04
-0.299748397693444,12.5007963076855,0.468335011677613,1,"Rps19","Prg2",0.2,0.04
-0.400506475152316,6.8939086273429,0.468726527918895,1,"Crlf2","Prg2",0.2,0.04
-0.353078383994602,7.95390384513807,0.469317052835586,1,"Pa2g4","Prg2",0.2,0.04
-0.380771723524269,7.24020827029751,0.46942245129157,1,"Jpt1","Prg2",0.2,0.04
-0.311590096348754,9.40803867793625,0.469888811568586,1,"Actg1","Prg2",0.2,0.04
-0.495175760617146,6.08391790378197,0.470074138768412,1,"Gatad2b","Prg2",0.2,0.04
-0.495175760617146,6.08391790378197,0.470074138768412,1,"Luc7l","Prg2",0.2,0.04
0.503095335503124,6.06354297469279,0.470074138768412,1,"Ss18","Prg2",0.2,0.04
-0.375324603657676,7.44324864674907,0.471252558181214,1,"Cenpx","Prg2",0.2,0.04
0.343420277555856,7.43429826369501,0.471252558181214,1,"Mgat2","Prg2",0.2,0.04
-0.306804590510758,10.020419963765,0.471299056465325,1,"Eif1","Prg2",0.2,0.04
-0.390464688448796,7.1475100966717,0.471342184640506,1,"Eif3g","Prg2",0.2,0.04
-0.338939116526748,8.02024661627697,0.471609341597297,1,"Fkbp4","Prg2",0.2,0.04
-0.501411404161309,5.84524247347558,0.471767039678036,1,"Tor1a","Prg2",0.2,0.04
-0.501411404161309,5.84524247347558,0.471767039678036,1,"Pafah2","Prg2",0.2,0.04
-0.501411404161309,5.84524247347558,0.471767039678036,1,"Mrps35","Prg2",0.2,0.04
-0.501411404161309,5.84524247347558,0.471767039678036,1,"Isca2","Prg2",0.2,0.04
-0.501411404161309,5.84524247347558,0.471767039678036,1,"Ift27","Prg2",0.2,0.04
0.515378385299354,5.83128839869411,0.471767039678037,1,"Setd1b","Prg2",0.2,0.04
0.515378385299354,5.83128839869411,0.471767039678037,1,"Ecd","Prg2",0.2,0.04
0.515378385299354,5.83128839869411,0.471767039678037,1,"March2","Prg2",0.2,0.04
-0.589648375364115,5.23681344176803,0.471994799189955,1,"Rexo4","Prg2",0.2,0.04
-0.589648375364115,5.23681344176803,0.471994799189955,1,"Mfap1b","Prg2",0.2,0.04
-0.589648375364115,5.23681344176803,0.471994799189955,1,"Inpp5b","Prg2",0.2,0.04
-0.589648375364115,5.23681344176803,0.471994799189955,1,"Cnot10","Prg2",0.2,0.04
-0.589648375364115,5.23681344176803,0.471994799189955,1,"Snx2","Prg2",0.2,0.04
0.561795336616369,5.21298519184421,0.471994799189956,1,"Ncoa2","Prg2",0.2,0.04
0.561795336616369,5.21298519184421,0.471994799189956,1,"Ntmt1","Prg2",0.2,0.04
0.561795336616369,5.21298519184421,0.471994799189956,1,"Brca2","Prg2",0.2,0.04
0.561795336616369,5.21298519184421,0.471994799189956,1,"Fam174b","Prg2",0.2,0.04
0.561795336616369,5.21298519184421,0.471994799189956,1,"Alg8","Prg2",0.2,0.04
0.561795336616369,5.21298519184421,0.471994799189956,1,"Ap3m1","Prg2",0.2,0.04
0.561795336616369,5.21298519184421,0.471994799189956,1,"Pik3cb","Prg2",0.2,0.04
0.561795336616369,5.21298519184421,0.471994799189956,1,"Nme6","Prg2",0.2,0.04
0.561795336616369,5.21298519184421,0.471994799189956,1,"Casc3","Prg2",0.2,0.04
0.561795336616369,5.21298519184421,0.471994799189956,1,"Esyt2","Prg2",0.2,0.04
0.533278766651372,5.55473580463557,0.472815350711966,1,"Rprd2","Prg2",0.2,0.04
0.533278766651372,5.55473580463557,0.472815350711966,1,"Rab32","Prg2",0.2,0.04
0.533278766651372,5.55473580463557,0.472815350711966,1,"Appl1","Prg2",0.2,0.04
0.533278766651372,5.55473580463557,0.472815350711966,1,"Mocs2","Prg2",0.2,0.04
-0.55934128416155,5.58729851927627,0.472815350711966,1,"Emc4","Prg2",0.2,0.04
-0.55934128416155,5.58729851927627,0.472815350711966,1,"Cyfip1","Prg2",0.2,0.04
-0.55934128416155,5.58729851927627,0.472815350711966,1,"Fbxo5","Prg2",0.2,0.04
-0.55934128416155,5.58729851927627,0.472815350711966,1,"Arf6","Prg2",0.2,0.04
-0.55934128416155,5.58729851927627,0.472815350711966,1,"Coro1b","Prg2",0.2,0.04
-0.432403171144058,6.64542628408871,0.473159391265719,1,"Gmnn","Prg2",0.2,0.04
-0.409739183484183,6.63222282323023,0.473159391265719,1,"Utp11","Prg2",0.2,0.04
0.374810523301593,6.91158136836843,0.475839721474908,1,"Top2b","Prg2",0.2,0.04
0.369726446684062,7.16492285348661,0.477434182396749,1,"Stub1","Prg2",0.2,0.04
-0.299106707654919,10.5760194281769,0.477692431196353,1,"Rpl29","Prg2",0.2,0.04
0.34353705014042,7.77614557822527,0.477742247972576,1,"Snrpd3","Prg2",0.2,0.04
-0.452352329685036,6.32871176010061,0.478643044737926,1,"Ythdc1","Prg2",0.2,0.04
-0.452352329685036,6.32871176010061,0.478643044737926,1,"Vkorc1l1","Prg2",0.2,0.04
-0.423871807506827,6.31206666160826,0.478643044737926,1,"Mrpl41","Prg2",0.2,0.04
-0.423871807506827,6.31206666160826,0.478643044737926,1,"Cops6","Prg2",0.2,0.04
-0.423871807506827,6.31206666160826,0.478643044737926,1,"Csnk1e","Prg2",0.2,0.04
0.416471299079548,6.29858777431576,0.478643044737926,1,"Zfand6","Prg2",0.2,0.04
0.416471299079548,6.29858777431576,0.478643044737926,1,"Ifi47","Prg2",0.2,0.04
-0.351987105249785,7.56095194916964,0.479123871235421,1,"Trir","Prg2",0.2,0.04
-0.340085785332852,7.71967950372532,0.479592299655389,1,"Sf3b5","Prg2",0.2,0.04
-0.307678038603318,9.41949010253578,0.480257071765662,1,"Hint1","Prg2",0.2,0.04
0.302812516716854,9.85779109136629,0.480406284837163,1,"Eef1g","Prg2",0.2,0.04
-0.360646831577724,7.2906394292557,0.480796438127847,1,"Tmbim4","Prg2",0.2,0.04
-0.811620813069018,4.39338199785365,0.480955038087911,1,"Pogk","Prg2",0.2,0.04
-0.811620813069018,4.39338199785365,0.480955038087911,1,"Surf6","Prg2",0.2,0.04
-0.811620813069018,4.39338199785365,0.480955038087911,1,"Vps39","Prg2",0.2,0.04
-0.811620813069018,4.39338199785365,0.480955038087911,1,"Psmf1","Prg2",0.2,0.04
-0.811620813069018,4.39338199785365,0.480955038087911,1,"4632415L05Rik","Prg2",0.2,0.04
-0.811620813069018,4.39338199785365,0.480955038087911,1,"Rap2b","Prg2",0.2,0.04
-0.811620813069018,4.39338199785365,0.480955038087911,1,"Fbxw7","Prg2",0.2,0.04
-0.811620813069018,4.39338199785365,0.480955038087911,1,"Ints12","Prg2",0.2,0.04
-0.811620813069018,4.39338199785365,0.480955038087911,1,"Tapt1","Prg2",0.2,0.04
-0.811620813069018,4.39338199785365,0.480955038087911,1,"AI480526","Prg2",0.2,0.04
-0.811620813069018,4.39338199785365,0.480955038087911,1,"Rybp","Prg2",0.2,0.04
-0.811620813069018,4.39338199785365,0.480955038087911,1,"B3gnt8","Prg2",0.2,0.04
-0.811620813069018,4.39338199785365,0.480955038087911,1,"4931406P16Rik","Prg2",0.2,0.04
-0.811620813069018,4.39338199785365,0.480955038087911,1,"Clpb","Prg2",0.2,0.04
-0.811620813069018,4.39338199785365,0.480955038087911,1,"Slx1b","Prg2",0.2,0.04
-0.811620813069018,4.39338199785365,0.480955038087911,1,"Gopc","Prg2",0.2,0.04
-0.811620813069018,4.39338199785365,0.480955038087911,1,"Cactin","Prg2",0.2,0.04
-0.811620813069018,4.39338199785365,0.480955038087911,1,"Shcbp1","Prg2",0.2,0.04
-0.811620813069018,4.39338199785365,0.480955038087911,1,"Abhd8","Prg2",0.2,0.04
-0.811620813069018,4.39338199785365,0.480955038087911,1,"Cog2","Prg2",0.2,0.04
-0.811620813069018,4.39338199785365,0.480955038087911,1,"Rnf26","Prg2",0.2,0.04
-0.811620813069018,4.39338199785365,0.480955038087911,1,"1110032A03Rik","Prg2",0.2,0.04
-0.811620813069018,4.39338199785365,0.480955038087911,1,"Rflnb","Prg2",0.2,0.04
-0.811620813069018,4.39338199785365,0.480955038087911,1,"Tmem101","Prg2",0.2,0.04
-0.811620813069018,4.39338199785365,0.480955038087911,1,"AW549877","Prg2",0.2,0.04
-0.811620813069018,4.39338199785365,0.480955038087911,1,"Eef1akmt4","Prg2",0.2,0.04
-0.811620813069018,4.39338199785365,0.480955038087911,1,"Abhd10","Prg2",0.2,0.04
-0.811620813069018,4.39338199785365,0.480955038087911,1,"Wdr24","Prg2",0.2,0.04
-0.811620813069018,4.39338199785365,0.480955038087911,1,"Ebi3","Prg2",0.2,0.04
-0.811620813069018,4.39338199785365,0.480955038087911,1,"Kdm5d","Prg2",0.2,0.04
0.745986324982922,4.28945598449867,0.480955038087911,1,"Asb1","Prg2",0.2,0.04
0.745986324982922,4.28945598449867,0.480955038087911,1,"Cnst","Prg2",0.2,0.04
0.745986324982922,4.28945598449867,0.480955038087911,1,"Ddx31","Prg2",0.2,0.04
0.745986324982922,4.28945598449867,0.480955038087911,1,"Myef2","Prg2",0.2,0.04
0.745986324982922,4.28945598449867,0.480955038087911,1,"Uqcc1","Prg2",0.2,0.04
0.745986324982922,4.28945598449867,0.480955038087911,1,"Siah2","Prg2",0.2,0.04
0.745986324982922,4.28945598449867,0.480955038087911,1,"Nbn","Prg2",0.2,0.04
0.745986324982922,4.28945598449867,0.480955038087911,1,"Gne","Prg2",0.2,0.04
0.745986324982922,4.28945598449867,0.480955038087911,1,"Pcdh7","Prg2",0.2,0.04
0.745986324982922,4.28945598449867,0.480955038087911,1,"Dck","Prg2",0.2,0.04
0.745986324982922,4.28945598449867,0.480955038087911,1,"Micall2","Prg2",0.2,0.04
0.745986324982922,4.28945598449867,0.480955038087911,1,"Shq1","Prg2",0.2,0.04
0.745986324982922,4.28945598449867,0.480955038087911,1,"Mkrn2","Prg2",0.2,0.04
0.745986324982922,4.28945598449867,0.480955038087911,1,"Grik5","Prg2",0.2,0.04
0.745986324982922,4.28945598449867,0.480955038087911,1,"AI987944","Prg2",0.2,0.04
0.745986324982922,4.28945598449867,0.480955038087911,1,"Gys1","Prg2",0.2,0.04
0.745986324982922,4.28945598449867,0.480955038087911,1,"Plxnc1","Prg2",0.2,0.04
0.745986324982922,4.28945598449867,0.480955038087911,1,"Zfp866","Prg2",0.2,0.04
0.745986324982922,4.28945598449867,0.480955038087911,1,"Gan","Prg2",0.2,0.04
0.745986324982922,4.28945598449867,0.480955038087911,1,"Ptk2b","Prg2",0.2,0.04
0.745986324982922,4.28945598449867,0.480955038087911,1,"Fam160b2","Prg2",0.2,0.04
0.745986324982922,4.28945598449867,0.480955038087911,1,"Nrg4","Prg2",0.2,0.04
0.745986324982922,4.28945598449867,0.480955038087911,1,"Ppm1d","Prg2",0.2,0.04
0.745986324982922,4.28945598449867,0.480955038087911,1,"Bcas3","Prg2",0.2,0.04
0.745986324982922,4.28945598449867,0.480955038087911,1,"Cisd3","Prg2",0.2,0.04
0.745986324982922,4.28945598449867,0.480955038087911,1,"Ptch1","Prg2",0.2,0.04
0.745986324982922,4.28945598449867,0.480955038087911,1,"Parp10","Prg2",0.2,0.04
0.745986324982922,4.28945598449867,0.480955038087911,1,"Tef","Prg2",0.2,0.04
0.745986324982922,4.28945598449867,0.480955038087911,1,"Angptl4","Prg2",0.2,0.04
0.745986324982922,4.28945598449867,0.480955038087911,1,"Zbtb22","Prg2",0.2,0.04
0.745986324982922,4.28945598449867,0.480955038087911,1,"Mus81","Prg2",0.2,0.04
-0.687784234473014,4.32373480337642,0.480955038087911,1,"Arl8a","Prg2",0.2,0.04
-0.687784234473014,4.32373480337642,0.480955038087911,1,"Blzf1","Prg2",0.2,0.04
-0.687784234473014,4.32373480337642,0.480955038087911,1,"Pomt1","Prg2",0.2,0.04
-0.687784234473014,4.32373480337642,0.480955038087911,1,"Klhl15","Prg2",0.2,0.04
-0.687784234473014,4.32373480337642,0.480955038087911,1,"Fam199x","Prg2",0.2,0.04
-0.687784234473014,4.32373480337642,0.480955038087911,1,"Phka2","Prg2",0.2,0.04
-0.687784234473014,4.32373480337642,0.480955038087911,1,"Dnajc25","Prg2",0.2,0.04
-0.687784234473014,4.32373480337642,0.480955038087911,1,"Cdkn2c","Prg2",0.2,0.04
-0.687784234473014,4.32373480337642,0.480955038087911,1,"Prdm2","Prg2",0.2,0.04
-0.687784234473014,4.32373480337642,0.480955038087911,1,"St7","Prg2",0.2,0.04
-0.687784234473014,4.32373480337642,0.480955038087911,1,"Dmkn","Prg2",0.2,0.04
-0.687784234473014,4.32373480337642,0.480955038087911,1,"Efl1","Prg2",0.2,0.04
-0.687784234473014,4.32373480337642,0.480955038087911,1,"Dyrk2","Prg2",0.2,0.04
-0.687784234473014,4.32373480337642,0.480955038087911,1,"Ppm1h","Prg2",0.2,0.04
-0.687784234473014,4.32373480337642,0.480955038087911,1,"Plekha2","Prg2",0.2,0.04
-0.687784234473014,4.32373480337642,0.480955038087911,1,"Klhdc4","Prg2",0.2,0.04
-0.687784234473014,4.32373480337642,0.480955038087911,1,"Gm26782","Prg2",0.2,0.04
-0.687784234473014,4.32373480337642,0.480955038087911,1,"Mipep","Prg2",0.2,0.04
-0.687784234473014,4.32373480337642,0.480955038087911,1,"Panx1","Prg2",0.2,0.04
-0.687784234473014,4.32373480337642,0.480955038087911,1,"Vps13c","Prg2",0.2,0.04
-0.687784234473014,4.32373480337642,0.480955038087911,1,"Tmem115","Prg2",0.2,0.04
-0.687784234473014,4.32373480337642,0.480955038087911,1,"Snx11","Prg2",0.2,0.04
-0.687784234473014,4.32373480337642,0.480955038087911,1,"Bahcc1","Prg2",0.2,0.04
-0.687784234473014,4.32373480337642,0.480955038087911,1,"Mrs2","Prg2",0.2,0.04
-0.687784234473014,4.32373480337642,0.480955038087911,1,"Zfp825","Prg2",0.2,0.04
-0.687784234473014,4.32373480337642,0.480955038087911,1,"Letmd1","Prg2",0.2,0.04
-0.687784234473014,4.32373480337642,0.480955038087911,1,"Usf3","Prg2",0.2,0.04
-0.687784234473014,4.32373480337642,0.480955038087911,1,"Tcf19","Prg2",0.2,0.04
-0.687784234473014,4.32373480337642,0.480955038087911,1,"Kat5","Prg2",0.2,0.04
0.413338584098686,6.10383280680597,0.481824570699423,1,"Ubl4a","Prg2",0.2,0.04
-0.450610467921849,6.13013025608157,0.481824570699423,1,"Hikeshi","Prg2",0.2,0.04
-1.73515354046891,3.53187575174227,0.483528402784784,1,"Pms1","Prg2",0.2,0.04
-1.73515354046891,3.53187575174227,0.483528402784784,1,"Slc35f5","Prg2",0.2,0.04
-1.73515354046891,3.53187575174227,0.483528402784784,1,"Rxra","Prg2",0.2,0.04
-1.73515354046891,3.53187575174227,0.483528402784784,1,"Dpp4","Prg2",0.2,0.04
-1.73515354046891,3.53187575174227,0.483528402784784,1,"1810024B03Rik","Prg2",0.2,0.04
-1.73515354046891,3.53187575174227,0.483528402784784,1,"Zdhhc9","Prg2",0.2,0.04
-1.73515354046891,3.53187575174227,0.483528402784784,1,"Usp53","Prg2",0.2,0.04
-1.73515354046891,3.53187575174227,0.483528402784784,1,"Tpm2","Prg2",0.2,0.04
-1.73515354046891,3.53187575174227,0.483528402784784,1,"Trmo","Prg2",0.2,0.04
-1.73515354046891,3.53187575174227,0.483528402784784,1,"Nsun4","Prg2",0.2,0.04
-1.73515354046891,3.53187575174227,0.483528402784784,1,"Cnr2","Prg2",0.2,0.04
-1.73515354046891,3.53187575174227,0.483528402784784,1,"Crocc","Prg2",0.2,0.04
-1.73515354046891,3.53187575174227,0.483528402784784,1,"Tmem82","Prg2",0.2,0.04
-1.73515354046891,3.53187575174227,0.483528402784784,1,"Zbtb48","Prg2",0.2,0.04
-1.73515354046891,3.53187575174227,0.483528402784784,1,"9430015G10Rik","Prg2",0.2,0.04
-1.73515354046891,3.53187575174227,0.483528402784784,1,"Slc25a40","Prg2",0.2,0.04
-1.73515354046891,3.53187575174227,0.483528402784784,1,"Snrnp35","Prg2",0.2,0.04
-1.73515354046891,3.53187575174227,0.483528402784784,1,"Cldn15","Prg2",0.2,0.04
-1.73515354046891,3.53187575174227,0.483528402784784,1,"Tpra1","Prg2",0.2,0.04
-1.73515354046891,3.53187575174227,0.483528402784784,1,"Sumf1","Prg2",0.2,0.04
-1.73515354046891,3.53187575174227,0.483528402784784,1,"Crebl2","Prg2",0.2,0.04
-1.73515354046891,3.53187575174227,0.483528402784784,1,"Zscan22","Prg2",0.2,0.04
-1.73515354046891,3.53187575174227,0.483528402784784,1,"Gdpd3","Prg2",0.2,0.04
-1.73515354046891,3.53187575174227,0.483528402784784,1,"Zfp764","Prg2",0.2,0.04
-1.73515354046891,3.53187575174227,0.483528402784784,1,"Lsp1","Prg2",0.2,0.04
-1.73515354046891,3.53187575174227,0.483528402784784,1,"Izumo4","Prg2",0.2,0.04
-1.73515354046891,3.53187575174227,0.483528402784784,1,"Letm2","Prg2",0.2,0.04
-1.73515354046891,3.53187575174227,0.483528402784784,1,"Cbr4","Prg2",0.2,0.04
-1.73515354046891,3.53187575174227,0.483528402784784,1,"Setd6","Prg2",0.2,0.04
-1.73515354046891,3.53187575174227,0.483528402784784,1,"Tgds","Prg2",0.2,0.04
-1.73515354046891,3.53187575174227,0.483528402784784,1,"Zfp846","Prg2",0.2,0.04
-1.73515354046891,3.53187575174227,0.483528402784784,1,"Siae","Prg2",0.2,0.04
-1.73515354046891,3.53187575174227,0.483528402784784,1,"Alg9","Prg2",0.2,0.04
-1.73515354046891,3.53187575174227,0.483528402784784,1,"Senp8","Prg2",0.2,0.04
-1.73515354046891,3.53187575174227,0.483528402784784,1,"Irak1bp1","Prg2",0.2,0.04
-1.73515354046891,3.53187575174227,0.483528402784784,1,"Slc25a38","Prg2",0.2,0.04
-1.73515354046891,3.53187575174227,0.483528402784784,1,"Smg8","Prg2",0.2,0.04
-1.73515354046891,3.53187575174227,0.483528402784784,1,"Map2k6","Prg2",0.2,0.04
-1.73515354046891,3.53187575174227,0.483528402784784,1,"Gm17586","Prg2",0.2,0.04
-1.73515354046891,3.53187575174227,0.483528402784784,1,"Hist1h2br","Prg2",0.2,0.04
-1.73515354046891,3.53187575174227,0.483528402784784,1,"Hist1h2bj","Prg2",0.2,0.04
-1.73515354046891,3.53187575174227,0.483528402784784,1,"Hist1h4c","Prg2",0.2,0.04
-1.73515354046891,3.53187575174227,0.483528402784784,1,"Gm49359","Prg2",0.2,0.04
-1.73515354046891,3.53187575174227,0.483528402784784,1,"Inf2","Prg2",0.2,0.04
-1.73515354046891,3.53187575174227,0.483528402784784,1,"Tmem65","Prg2",0.2,0.04
-1.73515354046891,3.53187575174227,0.483528402784784,1,"Zfp707","Prg2",0.2,0.04
-1.73515354046891,3.53187575174227,0.483528402784784,1,"Ppp1r16a","Prg2",0.2,0.04
-1.73515354046891,3.53187575174227,0.483528402784784,1,"C1qtnf6","Prg2",0.2,0.04
-1.73515354046891,3.53187575174227,0.483528402784784,1,"Pla2g6","Prg2",0.2,0.04
-1.73515354046891,3.53187575174227,0.483528402784784,1,"Trmu","Prg2",0.2,0.04
-1.73515354046891,3.53187575174227,0.483528402784784,1,"Cdip1","Prg2",0.2,0.04
-1.73515354046891,3.53187575174227,0.483528402784784,1,"Rubcn","Prg2",0.2,0.04
-1.73515354046891,3.53187575174227,0.483528402784784,1,"Rabl3","Prg2",0.2,0.04
-1.73515354046891,3.53187575174227,0.483528402784784,1,"Tfb1m","Prg2",0.2,0.04
-1.73515354046891,3.53187575174227,0.483528402784784,1,"Gm3448","Prg2",0.2,0.04
-1.73515354046891,3.53187575174227,0.483528402784784,1,"Zfp51","Prg2",0.2,0.04
-1.73515354046891,3.53187575174227,0.483528402784784,1,"Sapcd1","Prg2",0.2,0.04
-1.73515354046891,3.53187575174227,0.483528402784784,1,"D17H6S53E","Prg2",0.2,0.04
-1.73515354046891,3.53187575174227,0.483528402784784,1,"Dhx57","Prg2",0.2,0.04
-1.73515354046891,3.53187575174227,0.483528402784784,1,"Gnpda1","Prg2",0.2,0.04
-1.73515354046891,3.53187575174227,0.483528402784784,1,"Rbm4","Prg2",0.2,0.04
-1.73515354046891,3.53187575174227,0.483528402784784,1,"Vps37c","Prg2",0.2,0.04
-1.73515354046891,3.53187575174227,0.483528402784784,1,"Tbc1d12","Prg2",0.2,0.04
1.13349179185288,3.57612572758039,0.483528402784784,1,"Rnf25","Prg2",0.2,0.04
1.13349179185288,3.57612572758039,0.483528402784784,1,"Hsd17b7","Prg2",0.2,0.04
1.13349179185288,3.57612572758039,0.483528402784784,1,"Lcn2","Prg2",0.2,0.04
1.13349179185288,3.57612572758039,0.483528402784784,1,"Mbd5","Prg2",0.2,0.04
1.13349179185288,3.57612572758039,0.483528402784784,1,"Fastkd1","Prg2",0.2,0.04
1.13349179185288,3.57612572758039,0.483528402784784,1,"Mocs3","Prg2",0.2,0.04
1.13349179185288,3.57612572758039,0.483528402784784,1,"Zbp1","Prg2",0.2,0.04
1.13349179185288,3.57612572758039,0.483528402784784,1,"Zfp512b","Prg2",0.2,0.04
1.13349179185288,3.57612572758039,0.483528402784784,1,"Nhlrc3","Prg2",0.2,0.04
1.13349179185288,3.57612572758039,0.483528402784784,1,"4930555A03Rik","Prg2",0.2,0.04
1.13349179185288,3.57612572758039,0.483528402784784,1,"Dock7","Prg2",0.2,0.04
1.13349179185288,3.57612572758039,0.483528402784784,1,"Abcb4","Prg2",0.2,0.04
1.13349179185288,3.57612572758039,0.483528402784784,1,"Pigg","Prg2",0.2,0.04
1.13349179185288,3.57612572758039,0.483528402784784,1,"Slc15a4","Prg2",0.2,0.04
1.13349179185288,3.57612572758039,0.483528402784784,1,"Fry","Prg2",0.2,0.04
1.13349179185288,3.57612572758039,0.483528402784784,1,"Wdr91","Prg2",0.2,0.04
1.13349179185288,3.57612572758039,0.483528402784784,1,"Zfp775","Prg2",0.2,0.04
1.13349179185288,3.57612572758039,0.483528402784784,1,"Irak2","Prg2",0.2,0.04
1.13349179185288,3.57612572758039,0.483528402784784,1,"Zfp566","Prg2",0.2,0.04
1.13349179185288,3.57612572758039,0.483528402784784,1,"Ticrr","Prg2",0.2,0.04
1.13349179185288,3.57612572758039,0.483528402784784,1,"Atg16l2","Prg2",0.2,0.04
1.13349179185288,3.57612572758039,0.483528402784784,1,"Dnajc12","Prg2",0.2,0.04
1.13349179185288,3.57612572758039,0.483528402784784,1,"Adat1","Prg2",0.2,0.04
1.13349179185288,3.57612572758039,0.483528402784784,1,"Ublcp1","Prg2",0.2,0.04
1.13349179185288,3.57612572758039,0.483528402784784,1,"Nlgn2","Prg2",0.2,0.04
1.13349179185288,3.57612572758039,0.483528402784784,1,"Tom1l1","Prg2",0.2,0.04
1.13349179185288,3.57612572758039,0.483528402784784,1,"Rundc1","Prg2",0.2,0.04
1.13349179185288,3.57612572758039,0.483528402784784,1,"Tbc1d16","Prg2",0.2,0.04
1.13349179185288,3.57612572758039,0.483528402784784,1,"Hist1h2bb","Prg2",0.2,0.04
1.13349179185288,3.57612572758039,0.483528402784784,1,"Lhfpl2","Prg2",0.2,0.04
1.13349179185288,3.57612572758039,0.483528402784784,1,"Dnaaf2","Prg2",0.2,0.04
1.13349179185288,3.57612572758039,0.483528402784784,1,"Zfyve1","Prg2",0.2,0.04
1.13349179185288,3.57612572758039,0.483528402784784,1,"Rrm2b","Prg2",0.2,0.04
1.13349179185288,3.57612572758039,0.483528402784784,1,"Trps1","Prg2",0.2,0.04
1.13349179185288,3.57612572758039,0.483528402784784,1,"5031439G07Rik","Prg2",0.2,0.04
1.13349179185288,3.57612572758039,0.483528402784784,1,"Abcd2","Prg2",0.2,0.04
1.13349179185288,3.57612572758039,0.483528402784784,1,"Cblb","Prg2",0.2,0.04
1.13349179185288,3.57612572758039,0.483528402784784,1,"Nfkbie","Prg2",0.2,0.04
1.13349179185288,3.57612572758039,0.483528402784784,1,"Plcb3","Prg2",0.2,0.04
1.13349179185288,3.57612572758039,0.483528402784784,1,"Stambpl1","Prg2",0.2,0.04
-0.351448760759564,7.4018760558818,0.483683892905381,1,"Rnaseh2c","Prg2",0.2,0.04
0.427533949612744,6.50655984171414,0.484859842511088,1,"Rps6ka1","Prg2",0.2,0.04
0.395226568903046,6.52124785924699,0.484859842511088,1,"Uba5","Prg2",0.2,0.04
0.395226568903046,6.52124785924699,0.484859842511088,1,"Srek1","Prg2",0.2,0.04
0.395226568903046,6.52124785924699,0.484859842511088,1,"Ifi27","Prg2",0.2,0.04
-0.486529322649166,5.9219067974555,0.485254616645268,1,"Bcor","Prg2",0.2,0.04
-0.448215746430412,5.899461980513,0.485254616645268,1,"Supt5","Prg2",0.2,0.04
-0.299591258452268,9.80492464698406,0.485723414652144,1,"Serf2","Prg2",0.2,0.04
-0.385475507126552,6.84401675125196,0.485959112396625,1,"Phf14","Prg2",0.2,0.04
-0.385475507126552,6.84401675125196,0.485959112396625,1,"Tomm40","Prg2",0.2,0.04
-0.365618989935998,6.83258486355488,0.485959112396625,1,"Aurkaip1","Prg2",0.2,0.04
-0.365618989935998,6.83258486355488,0.485959112396625,1,"Nxf1","Prg2",0.2,0.04
-0.344014656887824,7.31116099815585,0.486319144436883,1,"Mrpl57","Prg2",0.2,0.04
0.311334887975749,8.65550509788397,0.486560230567626,1,"Hspd1","Prg2",0.2,0.04
-0.291010561232643,10.9319595020167,0.487482023880254,1,"H2afz","Prg2",0.2,0.04
0.426311052280995,6.33929078735017,0.488704226235938,1,"Eef1e1","Prg2",0.2,0.04
0.426311052280995,6.33929078735017,0.488704226235938,1,"Prpf19","Prg2",0.2,0.04
0.544264484809199,5.62189982205704,0.488736372963061,1,"Polr3h","Prg2",0.2,0.04
-0.491779657857767,5.65165252308686,0.488736372963061,1,"Pqbp1","Prg2",0.2,0.04
-0.491779657857767,5.65165252308686,0.488736372963061,1,"Ufl1","Prg2",0.2,0.04
-0.491779657857767,5.65165252308686,0.488736372963061,1,"Gpn1","Prg2",0.2,0.04
-0.491779657857767,5.65165252308686,0.488736372963061,1,"Zmiz1","Prg2",0.2,0.04
-0.491779657857767,5.65165252308686,0.488736372963061,1,"Mrpl58","Prg2",0.2,0.04
0.480579081635768,5.64990209681823,0.488736372963061,1,"Anxa7","Prg2",0.2,0.04
0.480579081635768,5.64990209681823,0.488736372963061,1,"Fam114a2","Prg2",0.2,0.04
-0.352686314805072,6.98333301856108,0.489556396731436,1,"Dynlrb1","Prg2",0.2,0.04
0.365880104998753,6.97533614398341,0.489556396731436,1,"Herc1","Prg2",0.2,0.04
-0.377472474544838,6.70819726122134,0.489560746418086,1,"Ube2r2","Prg2",0.2,0.04
-0.355931527805583,7.51220105021053,0.491000944101712,1,"Dnaja2","Prg2",0.2,0.04
-0.328081035259153,7.90105557470509,0.491298397201946,1,"Ndufs5","Prg2",0.2,0.04
0.574059931688291,5.29728377735794,0.49163394706312,1,"Smg5","Prg2",0.2,0.04
0.574059931688291,5.29728377735794,0.49163394706312,1,"Sec24c","Prg2",0.2,0.04
0.574059931688291,5.29728377735794,0.49163394706312,1,"Anxa6","Prg2",0.2,0.04
0.574059931688291,5.29728377735794,0.49163394706312,1,"Csnk1g3","Prg2",0.2,0.04
-0.558630137628087,5.35223571424641,0.49163394706312,1,"Ptpn1","Prg2",0.2,0.04
-0.558630137628087,5.35223571424641,0.49163394706312,1,"Larp1b","Prg2",0.2,0.04
-0.558630137628087,5.35223571424641,0.49163394706312,1,"Hsdl2","Prg2",0.2,0.04
-0.558630137628087,5.35223571424641,0.49163394706312,1,"Kti12","Prg2",0.2,0.04
-0.558630137628087,5.35223571424641,0.49163394706312,1,"Bcl7b","Prg2",0.2,0.04
-0.558630137628087,5.35223571424641,0.49163394706312,1,"Paox","Prg2",0.2,0.04
-0.558630137628087,5.35223571424641,0.49163394706312,1,"Atp6v1c1","Prg2",0.2,0.04
-0.558630137628087,5.35223571424641,0.49163394706312,1,"Fbxl6","Prg2",0.2,0.04
-0.558630137628087,5.35223571424641,0.49163394706312,1,"Yif1a","Prg2",0.2,0.04
-0.500111889311211,5.31805091410351,0.49163394706312,1,"Edem3","Prg2",0.2,0.04
-0.500111889311211,5.31805091410351,0.49163394706312,1,"Tmem39b","Prg2",0.2,0.04
-0.500111889311211,5.31805091410351,0.49163394706312,1,"Cuedc1","Prg2",0.2,0.04
-0.597095140017723,4.92868799194787,0.491848682865428,1,"Snapin","Prg2",0.2,0.04
-0.597095140017723,4.92868799194787,0.491848682865428,1,"Rnf11","Prg2",0.2,0.04
-0.597095140017723,4.92868799194787,0.491848682865428,1,"Tatdn2","Prg2",0.2,0.04
-0.597095140017723,4.92868799194787,0.491848682865428,1,"Marcks","Prg2",0.2,0.04
-0.597095140017723,4.92868799194787,0.491848682865428,1,"Zfp617","Prg2",0.2,0.04
-0.597095140017723,4.92868799194787,0.491848682865428,1,"Fam96b","Prg2",0.2,0.04
-0.597095140017723,4.92868799194787,0.491848682865428,1,"Nudt14","Prg2",0.2,0.04
-0.597095140017723,4.92868799194787,0.491848682865428,1,"Adnp2","Prg2",0.2,0.04
-0.597095140017723,4.92868799194787,0.491848682865428,1,"Tbc1d10c","Prg2",0.2,0.04
0.626830076037597,4.87884756341963,0.491848682865428,1,"Prpf18","Prg2",0.2,0.04
0.626830076037597,4.87884756341963,0.491848682865428,1,"Arfgap1","Prg2",0.2,0.04
0.626830076037597,4.87884756341963,0.491848682865428,1,"Bmp2k","Prg2",0.2,0.04
0.626830076037597,4.87884756341963,0.491848682865428,1,"Mical1","Prg2",0.2,0.04
0.626830076037597,4.87884756341963,0.491848682865428,1,"Slc25a16","Prg2",0.2,0.04
0.626830076037597,4.87884756341963,0.491848682865428,1,"Cdca2","Prg2",0.2,0.04
0.626830076037597,4.87884756341963,0.491848682865428,1,"Clpx","Prg2",0.2,0.04
0.626830076037597,4.87884756341963,0.491848682865428,1,"Irgm1","Prg2",0.2,0.04
0.626830076037597,4.87884756341963,0.491848682865428,1,"Ssh2","Prg2",0.2,0.04
0.626830076037597,4.87884756341963,0.491848682865428,1,"Tlk2","Prg2",0.2,0.04
0.626830076037597,4.87884756341963,0.491848682865428,1,"Mylip","Prg2",0.2,0.04
0.626830076037597,4.87884756341963,0.491848682865428,1,"Rnf139","Prg2",0.2,0.04
0.626830076037597,4.87884756341963,0.491848682865428,1,"Nudt16l1","Prg2",0.2,0.04
0.626830076037597,4.87884756341963,0.491848682865428,1,"Rmi2","Prg2",0.2,0.04
0.626830076037597,4.87884756341963,0.491848682865428,1,"Ndufaf7","Prg2",0.2,0.04
0.313515506823362,8.41224349601886,0.492814774077364,1,"Nucks1","Prg2",0.2,0.04
0.424728596205722,6.15023539749268,0.493091387153373,1,"Atp2b1","Prg2",0.2,0.04
0.424728596205722,6.15023539749268,0.493091387153373,1,"Akap8","Prg2",0.2,0.04
0.424728596205722,6.15023539749268,0.493091387153373,1,"Phax","Prg2",0.2,0.04
-0.409268131810481,6.17496810885063,0.493091387153373,1,"Xpc","Prg2",0.2,0.04
-0.409268131810481,6.17496810885063,0.493091387153373,1,"Spag7","Prg2",0.2,0.04
-0.409268131810481,6.17496810885063,0.493091387153373,1,"Carnmt1","Prg2",0.2,0.04
-0.2852459513091,11.2663604199081,0.49424361859015,1,"Rpl22","Prg2",0.2,0.04
-0.326924395552581,7.91987079910664,0.494989666308558,1,"Selenos","Prg2",0.2,0.04
0.316442143100424,8.42185658539558,0.495451448040053,1,"Hnrnpa0","Prg2",0.2,0.04
0.333200272000132,7.52226030160029,0.495730275431896,1,"Rac1","Prg2",0.2,0.04
0.372906612158078,7.00105030184251,0.496170335354635,1,"Kit","Prg2",0.2,0.04
-0.312521066892726,8.32865547447159,0.49633136645411,1,"Psmb8","Prg2",0.2,0.04
0.303100185106584,8.522930977347,0.497129433568093,1,"Sfpq","Prg2",0.2,0.04
-0.436878588647715,5.97342772387645,0.498094868483208,1,"Nrd1","Prg2",0.2,0.04
-0.436878588647715,5.97342772387645,0.498094868483208,1,"Cdk17","Prg2",0.2,0.04
-0.436878588647715,5.97342772387645,0.498094868483208,1,"Efr3a","Prg2",0.2,0.04
0.422600672056237,5.93288629899257,0.498094868483208,1,"Creb1","Prg2",0.2,0.04
0.400112763187902,6.39501862288685,0.498406954209561,1,"Rhog","Prg2",0.2,0.04
0.400112763187902,6.39501862288685,0.498406954209561,1,"Jund","Prg2",0.2,0.04
0.400112763187902,6.39501862288685,0.498406954209561,1,"Cbfb","Prg2",0.2,0.04
-0.374550777901556,7.13834114971183,0.498573944228654,1,"Eif4a2","Prg2",0.2,0.04
-0.35845936628633,7.12910879387116,0.498573944228654,1,"Bcap31","Prg2",0.2,0.04
0.327147360533129,7.44178717473424,0.498834106833101,1,"Atf4","Prg2",0.2,0.04
0.31803742091411,7.78783245736775,0.500062026928171,1,"Rap1a","Prg2",0.2,0.04
0.292586313651572,9.63950538950152,0.500148211892771,1,"H2-K1","Prg2",0.2,0.04
0.309593844385578,8.23898015142153,0.500287018934251,1,"Pgk1","Prg2",0.2,0.04
0.36734992120809,6.88422381744543,0.500315009646034,1,"Psmc5","Prg2",0.2,0.04
0.349564444399161,7.24900086774863,0.500573692185278,1,"Tsn","Prg2",0.2,0.04
-0.348417763446722,7.25299123490765,0.500573692185278,1,"Lsm2","Prg2",0.2,0.04
-0.302028072247204,8.928643054849,0.501209591024855,1,"Cox5a","Prg2",0.2,0.04
0.296852385753474,9.06491079392934,0.50301450785496,1,"Etfb","Prg2",0.2,0.04
-0.332734588782803,7.47280244635149,0.503705040022481,1,"Tomm22","Prg2",0.2,0.04
-0.431171770180349,5.71337459337631,0.503738533369118,1,"Tmem259","Prg2",0.2,0.04
-0.431171770180349,5.71337459337631,0.503738533369118,1,"Naf1","Prg2",0.2,0.04
-0.431171770180349,5.71337459337631,0.503738533369118,1,"Nfix","Prg2",0.2,0.04
-0.431171770180349,5.71337459337631,0.503738533369118,1,"Ndufaf2","Prg2",0.2,0.04
-0.431171770180349,5.71337459337631,0.503738533369118,1,"Vti1b","Prg2",0.2,0.04
-0.431171770180349,5.71337459337631,0.503738533369118,1,"B3gat3","Prg2",0.2,0.04
0.435388884548525,6.19522251756445,0.503901544352447,1,"Rassf5","Prg2",0.2,0.04
0.435388884548525,6.19522251756445,0.503901544352447,1,"Chd8","Prg2",0.2,0.04
0.394926035423966,6.21364609879373,0.503901544352447,1,"Becn1","Prg2",0.2,0.04
-0.317749909556963,8.07900644582969,0.503999585758692,1,"Nedd4","Prg2",0.2,0.04
0.343299264276024,7.1512188619621,0.504509727980052,1,"Kmt5a","Prg2",0.2,0.04
0.343299264276024,7.1512188619621,0.504509727980052,1,"Pum2","Prg2",0.2,0.04
-0.314272851718864,8.14446731336545,0.504769511712057,1,"Ndufb7","Prg2",0.2,0.04
-0.326493912906234,7.57130913006565,0.504952077298997,1,"Eny2","Prg2",0.2,0.04
-0.394291706319007,6.76298783827356,0.5050410034601,1,"Rrm2","Prg2",0.2,0.04
0.360739384032391,6.75716938326809,0.5050410034601,1,"Kdelr1","Prg2",0.2,0.04
-0.306050980476577,8.46302193656653,0.5057541389866,1,"Psmb1","Prg2",0.2,0.04
-0.33154667991158,7.27404741436589,0.506067438640422,1,"Scp2","Prg2",0.2,0.04
-0.274749366459578,12.2201208681183,0.506894755718729,1,"Rpl18a","Prg2",0.2,0.04
-0.328033795951157,7.73501399598315,0.50699673452578,1,"Myl12a","Prg2",0.2,0.04
-0.273569611631295,12.8894610019515,0.507359553232876,1,"Rpl13","Prg2",0.2,0.04
-0.409542779357814,6.421748802943,0.507768383255143,1,"Ddrgk1","Prg2",0.2,0.04
-0.409542779357814,6.421748802943,0.507768383255143,1,"Lig1","Prg2",0.2,0.04
-0.409542779357814,6.421748802943,0.507768383255143,1,"Fes","Prg2",0.2,0.04
-0.409542779357814,6.421748802943,0.507768383255143,1,"Rsl24d1","Prg2",0.2,0.04
0.336067423131319,7.04637055430877,0.508934394228147,1,"Ddx24","Prg2",0.2,0.04
4.49432404326935,2.70147015744633,0.509803921568627,1,"Raph1","Prg2",0.2,0.04
4.49432404326935,2.70147015744633,0.509803921568627,1,"Ccnyl1","Prg2",0.2,0.04
4.49432404326935,2.70147015744633,0.509803921568627,1,"Rufy4","Prg2",0.2,0.04
4.49432404326935,2.70147015744633,0.509803921568627,1,"Sept2","Prg2",0.2,0.04
4.49432404326935,2.70147015744633,0.509803921568627,1,"B230369F24Rik","Prg2",0.2,0.04
4.49432404326935,2.70147015744633,0.509803921568627,1,"Plxna2","Prg2",0.2,0.04
4.49432404326935,2.70147015744633,0.509803921568627,1,"1700084E18Rik","Prg2",0.2,0.04
4.49432404326935,2.70147015744633,0.509803921568627,1,"Lrsam1","Prg2",0.2,0.04
4.49432404326935,2.70147015744633,0.509803921568627,1,"Traf1","Prg2",0.2,0.04
4.49432404326935,2.70147015744633,0.509803921568627,1,"9030204H09Rik","Prg2",0.2,0.04
4.49432404326935,2.70147015744633,0.509803921568627,1,"Gpr21","Prg2",0.2,0.04
4.49432404326935,2.70147015744633,0.509803921568627,1,"Itgb6","Prg2",0.2,0.04
4.49432404326935,2.70147015744633,0.509803921568627,1,"Tspan18","Prg2",0.2,0.04
4.49432404326935,2.70147015744633,0.509803921568627,1,"Thbs1","Prg2",0.2,0.04
4.49432404326935,2.70147015744633,0.509803921568627,1,"Napb","Prg2",0.2,0.04
4.49432404326935,2.70147015744633,0.509803921568627,1,"Snx21","Prg2",0.2,0.04
4.49432404326935,2.70147015744633,0.509803921568627,1,"Gm17619","Prg2",0.2,0.04
4.49432404326935,2.70147015744633,0.509803921568627,1,"Slc38a5","Prg2",0.2,0.04
4.49432404326935,2.70147015744633,0.509803921568627,1,"Gpc4","Prg2",0.2,0.04
4.49432404326935,2.70147015744633,0.509803921568627,1,"Xlr","Prg2",0.2,0.04
4.49432404326935,2.70147015744633,0.509803921568627,1,"Zc4h2","Prg2",0.2,0.04
4.49432404326935,2.70147015744633,0.509803921568627,1,"Rtl5","Prg2",0.2,0.04
4.49432404326935,2.70147015744633,0.509803921568627,1,"Slc16a2","Prg2",0.2,0.04
4.49432404326935,2.70147015744633,0.509803921568627,1,"Taf9b","Prg2",0.2,0.04
4.49432404326935,2.70147015744633,0.509803921568627,1,"Cldn34c1","Prg2",0.2,0.04
4.49432404326935,2.70147015744633,0.509803921568627,1,"Rbm41","Prg2",0.2,0.04
4.49432404326935,2.70147015744633,0.509803921568627,1,"Scml2","Prg2",0.2,0.04
4.49432404326935,2.70147015744633,0.509803921568627,1,"Gm30074","Prg2",0.2,0.04
4.49432404326935,2.70147015744633,0.509803921568627,1,"Sv2a","Prg2",0.2,0.04
4.49432404326935,2.70147015744633,0.509803921568627,1,"Gm5547","Prg2",0.2,0.04
4.49432404326935,2.70147015744633,0.509803921568627,1,"Gm43403","Prg2",0.2,0.04
4.49432404326935,2.70147015744633,0.509803921568627,1,"Tyw3","Prg2",0.2,0.04
4.49432404326935,2.70147015744633,0.509803921568627,1,"Slc46a2","Prg2",0.2,0.04
4.49432404326935,2.70147015744633,0.509803921568627,1,"Sgip1","Prg2",0.2,0.04
4.49432404326935,2.70147015744633,0.509803921568627,1,"Zscan20","Prg2",0.2,0.04
4.49432404326935,2.70147015744633,0.509803921568627,1,"Rab42","Prg2",0.2,0.04
4.49432404326935,2.70147015744633,0.509803921568627,1,"2700016F22Rik","Prg2",0.2,0.04
4.49432404326935,2.70147015744633,0.509803921568627,1,"Plekhm2","Prg2",0.2,0.04
4.49432404326935,2.70147015744633,0.509803921568627,1,"Tnfrsf25","Prg2",0.2,0.04
4.49432404326935,2.70147015744633,0.509803921568627,1,"4833413G10Rik","Prg2",0.2,0.04
4.49432404326935,2.70147015744633,0.509803921568627,1,"Sh3tc1","Prg2",0.2,0.04
4.49432404326935,2.70147015744633,0.509803921568627,1,"Tlr1","Prg2",0.2,0.04
4.49432404326935,2.70147015744633,0.509803921568627,1,"Fam114a1","Prg2",0.2,0.04
4.49432404326935,2.70147015744633,0.509803921568627,1,"Hopx","Prg2",0.2,0.04
4.49432404326935,2.70147015744633,0.509803921568627,1,"Oasl1","Prg2",0.2,0.04
4.49432404326935,2.70147015744633,0.509803921568627,1,"Oas2","Prg2",0.2,0.04
4.49432404326935,2.70147015744633,0.509803921568627,1,"Ccdc63","Prg2",0.2,0.04
4.49432404326935,2.70147015744633,0.509803921568627,1,"Ccdc62","Prg2",0.2,0.04
4.49432404326935,2.70147015744633,0.509803921568627,1,"Ppp1r9a","Prg2",0.2,0.04
4.49432404326935,2.70147015744633,0.509803921568627,1,"C1ra","Prg2",0.2,0.04
4.49432404326935,2.70147015744633,0.509803921568627,1,"Clec1b","Prg2",0.2,0.04
4.49432404326935,2.70147015744633,0.509803921568627,1,"Erp27","Prg2",0.2,0.04
4.49432404326935,2.70147015744633,0.509803921568627,1,"Hif3a","Prg2",0.2,0.04
4.49432404326935,2.70147015744633,0.509803921568627,1,"Exoc3l2","Prg2",0.2,0.04
4.49432404326935,2.70147015744633,0.509803921568627,1,"4732471J01Rik","Prg2",0.2,0.04
4.49432404326935,2.70147015744633,0.509803921568627,1,"Sptbn4","Prg2",0.2,0.04
4.49432404326935,2.70147015744633,0.509803921568627,1,"Hipk4","Prg2",0.2,0.04
4.49432404326935,2.70147015744633,0.509803921568627,1,"Inppl1","Prg2",0.2,0.04
4.49432404326935,2.70147015744633,0.509803921568627,1,"Zfp689","Prg2",0.2,0.04
4.49432404326935,2.70147015744633,0.509803921568627,1,"Ccdc138","Prg2",0.2,0.04
4.49432404326935,2.70147015744633,0.509803921568627,1,"BC025920","Prg2",0.2,0.04
4.49432404326935,2.70147015744633,0.509803921568627,1,"Zbtb39","Prg2",0.2,0.04
4.49432404326935,2.70147015744633,0.509803921568627,1,"Zdhhc2","Prg2",0.2,0.04
4.49432404326935,2.70147015744633,0.509803921568627,1,"Tmem254a","Prg2",0.2,0.04
4.49432404326935,2.70147015744633,0.509803921568627,1,"Dock9","Prg2",0.2,0.04
4.49432404326935,2.70147015744633,0.509803921568627,1,"Ggact","Prg2",0.2,0.04
4.49432404326935,2.70147015744633,0.509803921568627,1,"Tmtc4","Prg2",0.2,0.04
4.49432404326935,2.70147015744633,0.509803921568627,1,"S1pr2","Prg2",0.2,0.04
4.49432404326935,2.70147015744633,0.509803921568627,1,"Prdm10","Prg2",0.2,0.04
4.49432404326935,2.70147015744633,0.509803921568627,1,"Gm48604","Prg2",0.2,0.04
4.49432404326935,2.70147015744633,0.509803921568627,1,"2010007H06Rik","Prg2",0.2,0.04
4.49432404326935,2.70147015744633,0.509803921568627,1,"Aph1b","Prg2",0.2,0.04
4.49432404326935,2.70147015744633,0.509803921568627,1,"C920006O11Rik","Prg2",0.2,0.04
4.49432404326935,2.70147015744633,0.509803921568627,1,"E530011L22Rik","Prg2",0.2,0.04
4.49432404326935,2.70147015744633,0.509803921568627,1,"Ubtd2","Prg2",0.2,0.04
4.49432404326935,2.70147015744633,0.509803921568627,1,"2810021J22Rik","Prg2",0.2,0.04
4.49432404326935,2.70147015744633,0.509803921568627,1,"Mycbpap","Prg2",0.2,0.04
4.49432404326935,2.70147015744633,0.509803921568627,1,"Klhl11","Prg2",0.2,0.04
4.49432404326935,2.70147015744633,0.509803921568627,1,"Socs3","Prg2",0.2,0.04
4.49432404326935,2.70147015744633,0.509803921568627,1,"Gpr137b","Prg2",0.2,0.04
4.49432404326935,2.70147015744633,0.509803921568627,1,"Serpinb9","Prg2",0.2,0.04
4.49432404326935,2.70147015744633,0.509803921568627,1,"Gm31834","Prg2",0.2,0.04
4.49432404326935,2.70147015744633,0.509803921568627,1,"Tes3-ps","Prg2",0.2,0.04
4.49432404326935,2.70147015744633,0.509803921568627,1,"Meg3","Prg2",0.2,0.04
4.49432404326935,2.70147015744633,0.509803921568627,1,"Btbd6","Prg2",0.2,0.04
4.49432404326935,2.70147015744633,0.509803921568627,1,"Adcy6","Prg2",0.2,0.04
4.49432404326935,2.70147015744633,0.509803921568627,1,"St6gal1","Prg2",0.2,0.04
4.49432404326935,2.70147015744633,0.509803921568627,1,"Rtp4","Prg2",0.2,0.04
4.49432404326935,2.70147015744633,0.509803921568627,1,"Gm26569","Prg2",0.2,0.04
4.49432404326935,2.70147015744633,0.509803921568627,1,"Cd200r4","Prg2",0.2,0.04
4.49432404326935,2.70147015744633,0.509803921568627,1,"Retnlg","Prg2",0.2,0.04
4.49432404326935,2.70147015744633,0.509803921568627,1,"Zfp955b","Prg2",0.2,0.04
4.49432404326935,2.70147015744633,0.509803921568627,1,"Snx24","Prg2",0.2,0.04
4.49432404326935,2.70147015744633,0.509803921568627,1,"Nfkb2","Prg2",0.2,0.04
-4.32846688245379,2.88561166555294,0.509803921568627,1,"Gm28151","Prg2",0.2,0.04
-4.32846688245379,2.88561166555294,0.509803921568627,1,"Myo1b","Prg2",0.2,0.04
-4.32846688245379,2.88561166555294,0.509803921568627,1,"Als2","Prg2",0.2,0.04
-4.32846688245379,2.88561166555294,0.509803921568627,1,"Fzd7","Prg2",0.2,0.04
-4.32846688245379,2.88561166555294,0.509803921568627,1,"Ica1l","Prg2",0.2,0.04
-4.32846688245379,2.88561166555294,0.509803921568627,1,"2900060B14Rik","Prg2",0.2,0.04
-4.32846688245379,2.88561166555294,0.509803921568627,1,"St8sia6","Prg2",0.2,0.04
-4.32846688245379,2.88561166555294,0.509803921568627,1,"Sapcd2","Prg2",0.2,0.04
-4.32846688245379,2.88561166555294,0.509803921568627,1,"Lrrc8a","Prg2",0.2,0.04
-4.32846688245379,2.88561166555294,0.509803921568627,1,"Ttc30a1","Prg2",0.2,0.04
-4.32846688245379,2.88561166555294,0.509803921568627,1,"Sestd1","Prg2",0.2,0.04
-4.32846688245379,2.88561166555294,0.509803921568627,1,"A330069E16Rik","Prg2",0.2,0.04
-4.32846688245379,2.88561166555294,0.509803921568627,1,"Creb3l1","Prg2",0.2,0.04
-4.32846688245379,2.88561166555294,0.509803921568627,1,"Chst14","Prg2",0.2,0.04
-4.32846688245379,2.88561166555294,0.509803921568627,1,"Jmjd7","Prg2",0.2,0.04
-4.32846688245379,2.88561166555294,0.509803921568627,1,"Smox","Prg2",0.2,0.04
-4.32846688245379,2.88561166555294,0.509803921568627,1,"Btbd3","Prg2",0.2,0.04
-4.32846688245379,2.88561166555294,0.509803921568627,1,"Thbd","Prg2",0.2,0.04
-4.32846688245379,2.88561166555294,0.509803921568627,1,"Gm14295","Prg2",0.2,0.04
-4.32846688245379,2.88561166555294,0.509803921568627,1,"Gm14403","Prg2",0.2,0.04
-4.32846688245379,2.88561166555294,0.509803921568627,1,"Xlr3a","Prg2",0.2,0.04
-4.32846688245379,2.88561166555294,0.509803921568627,1,"Gab3","Prg2",0.2,0.04
-4.32846688245379,2.88561166555294,0.509803921568627,1,"Bex1","Prg2",0.2,0.04
-4.32846688245379,2.88561166555294,0.509803921568627,1,"Kctd12b","Prg2",0.2,0.04
-4.32846688245379,2.88561166555294,0.509803921568627,1,"Car3","Prg2",0.2,0.04
-4.32846688245379,2.88561166555294,0.509803921568627,1,"Lekr1","Prg2",0.2,0.04
-4.32846688245379,2.88561166555294,0.509803921568627,1,"Gm20628","Prg2",0.2,0.04
-4.32846688245379,2.88561166555294,0.509803921568627,1,"Adora3","Prg2",0.2,0.04
-4.32846688245379,2.88561166555294,0.509803921568627,1,"Gstm4","Prg2",0.2,0.04
-4.32846688245379,2.88561166555294,0.509803921568627,1,"Gm43573","Prg2",0.2,0.04
-4.32846688245379,2.88561166555294,0.509803921568627,1,"Epha7","Prg2",0.2,0.04
-4.32846688245379,2.88561166555294,0.509803921568627,1,"Galnt12","Prg2",0.2,0.04
-4.32846688245379,2.88561166555294,0.509803921568627,1,"Epb41l4b","Prg2",0.2,0.04
-4.32846688245379,2.88561166555294,0.509803921568627,1,"Gm26867","Prg2",0.2,0.04
-4.32846688245379,2.88561166555294,0.509803921568627,1,"Gm17354","Prg2",0.2,0.04
-4.32846688245379,2.88561166555294,0.509803921568627,1,"Zmym6","Prg2",0.2,0.04
-4.32846688245379,2.88561166555294,0.509803921568627,1,"Sdc3","Prg2",0.2,0.04
-4.32846688245379,2.88561166555294,0.509803921568627,1,"Zfp46","Prg2",0.2,0.04
-4.32846688245379,2.88561166555294,0.509803921568627,1,"C1qb","Prg2",0.2,0.04
-4.32846688245379,2.88561166555294,0.509803921568627,1,"Kif17","Prg2",0.2,0.04
-4.32846688245379,2.88561166555294,0.509803921568627,1,"Aldh4a1","Prg2",0.2,0.04
-4.32846688245379,2.88561166555294,0.509803921568627,1,"Napepld","Prg2",0.2,0.04
-4.32846688245379,2.88561166555294,0.509803921568627,1,"5830416I19Rik","Prg2",0.2,0.04
-4.32846688245379,2.88561166555294,0.509803921568627,1,"Bend4","Prg2",0.2,0.04
-4.32846688245379,2.88561166555294,0.509803921568627,1,"Gm9958","Prg2",0.2,0.04
-4.32846688245379,2.88561166555294,0.509803921568627,1,"5430403G16Rik","Prg2",0.2,0.04
-4.32846688245379,2.88561166555294,0.509803921568627,1,"Rad9b","Prg2",0.2,0.04
-4.32846688245379,2.88561166555294,0.509803921568627,1,"Rabgef1","Prg2",0.2,0.04
-4.32846688245379,2.88561166555294,0.509803921568627,1,"Mettl27","Prg2",0.2,0.04
-4.32846688245379,2.88561166555294,0.509803921568627,1,"Stag3","Prg2",0.2,0.04
-4.32846688245379,2.88561166555294,0.509803921568627,1,"Dnaaf5","Prg2",0.2,0.04
-4.32846688245379,2.88561166555294,0.509803921568627,1,"Snx8","Prg2",0.2,0.04
-4.32846688245379,2.88561166555294,0.509803921568627,1,"Iqce","Prg2",0.2,0.04
-4.32846688245379,2.88561166555294,0.509803921568627,1,"Antxr1","Prg2",0.2,0.04
-4.32846688245379,2.88561166555294,0.509803921568627,1,"Fam234b","Prg2",0.2,0.04
-4.32846688245379,2.88561166555294,0.509803921568627,1,"Dennd5b","Prg2",0.2,0.04
-4.32846688245379,2.88561166555294,0.509803921568627,1,"Tmem86b","Prg2",0.2,0.04
-4.32846688245379,2.88561166555294,0.509803921568627,1,"Zfp583","Prg2",0.2,0.04
-4.32846688245379,2.88561166555294,0.509803921568627,1,"Zfp850","Prg2",0.2,0.04
-4.32846688245379,2.88561166555294,0.509803921568627,1,"Clec11a","Prg2",0.2,0.04
-4.32846688245379,2.88561166555294,0.509803921568627,1,"Gm44752","Prg2",0.2,0.04
-4.32846688245379,2.88561166555294,0.509803921568627,1,"Lysmd4","Prg2",0.2,0.04
-4.32846688245379,2.88561166555294,0.509803921568627,1,"Neu3","Prg2",0.2,0.04
-4.32846688245379,2.88561166555294,0.509803921568627,1,"Lmo1","Prg2",0.2,0.04
-4.32846688245379,2.88561166555294,0.509803921568627,1,"Qprt","Prg2",0.2,0.04
-4.32846688245379,2.88561166555294,0.509803921568627,1,"Gm45184","Prg2",0.2,0.04
-4.32846688245379,2.88561166555294,0.509803921568627,1,"Tnfaip3","Prg2",0.2,0.04
-4.32846688245379,2.88561166555294,0.509803921568627,1,"Gm33619","Prg2",0.2,0.04
-4.32846688245379,2.88561166555294,0.509803921568627,1,"Ggt5","Prg2",0.2,0.04
-4.32846688245379,2.88561166555294,0.509803921568627,1,"Gm26541","Prg2",0.2,0.04
-4.32846688245379,2.88561166555294,0.509803921568627,1,"Purg","Prg2",0.2,0.04
-4.32846688245379,2.88561166555294,0.509803921568627,1,"Gm10282","Prg2",0.2,0.04
-4.32846688245379,2.88561166555294,0.509803921568627,1,"1700030K09Rik","Prg2",0.2,0.04
-4.32846688245379,2.88561166555294,0.509803921568627,1,"Nlrc5","Prg2",0.2,0.04
-4.32846688245379,2.88561166555294,0.509803921568627,1,"Gfod2","Prg2",0.2,0.04
-4.32846688245379,2.88561166555294,0.509803921568627,1,"Fhit","Prg2",0.2,0.04
-4.32846688245379,2.88561166555294,0.509803921568627,1,"Gm16867","Prg2",0.2,0.04
-4.32846688245379,2.88561166555294,0.509803921568627,1,"Angptl6","Prg2",0.2,0.04
-4.32846688245379,2.88561166555294,0.509803921568627,1,"Gm10658","Prg2",0.2,0.04
-4.32846688245379,2.88561166555294,0.509803921568627,1,"Gm16794","Prg2",0.2,0.04
-4.32846688245379,2.88561166555294,0.509803921568627,1,"Cx3cr1","Prg2",0.2,0.04
-4.32846688245379,2.88561166555294,0.509803921568627,1,"Tcaim","Prg2",0.2,0.04
-4.32846688245379,2.88561166555294,0.509803921568627,1,"Gm12216","Prg2",0.2,0.04
-4.32846688245379,2.88561166555294,0.509803921568627,1,"Gm12258","Prg2",0.2,0.04
-4.32846688245379,2.88561166555294,0.509803921568627,1,"Sat2","Prg2",0.2,0.04
-4.32846688245379,2.88561166555294,0.509803921568627,1,"Gm21988","Prg2",0.2,0.04
-4.32846688245379,2.88561166555294,0.509803921568627,1,"Abhd15","Prg2",0.2,0.04
-4.32846688245379,2.88561166555294,0.509803921568627,1,"St6galnac2","Prg2",0.2,0.04
-4.32846688245379,2.88561166555294,0.509803921568627,1,"Tmc8","Prg2",0.2,0.04
-4.32846688245379,2.88561166555294,0.509803921568627,1,"Cbx2","Prg2",0.2,0.04
-4.32846688245379,2.88561166555294,0.509803921568627,1,"Pgbd1","Prg2",0.2,0.04
-4.32846688245379,2.88561166555294,0.509803921568627,1,"Hist1h2ag","Prg2",0.2,0.04
-4.32846688245379,2.88561166555294,0.509803921568627,1,"Arhgef28","Prg2",0.2,0.04
-4.32846688245379,2.88561166555294,0.509803921568627,1,"Gm807","Prg2",0.2,0.04
-4.32846688245379,2.88561166555294,0.509803921568627,1,"Depdc1b","Prg2",0.2,0.04
-4.32846688245379,2.88561166555294,0.509803921568627,1,"Arl15","Prg2",0.2,0.04
-4.32846688245379,2.88561166555294,0.509803921568627,1,"Adcy3","Prg2",0.2,0.04
-4.32846688245379,2.88561166555294,0.509803921568627,1,"Lrrn3","Prg2",0.2,0.04
-4.32846688245379,2.88561166555294,0.509803921568627,1,"Prkch","Prg2",0.2,0.04
-4.32846688245379,2.88561166555294,0.509803921568627,1,"Evl","Prg2",0.2,0.04
-4.32846688245379,2.88561166555294,0.509803921568627,1,"Xrcc3","Prg2",0.2,0.04
-4.32846688245379,2.88561166555294,0.509803921568627,1,"Gm20324","Prg2",0.2,0.04
-4.32846688245379,2.88561166555294,0.509803921568627,1,"1810021B22Rik","Prg2",0.2,0.04
-4.32846688245379,2.88561166555294,0.509803921568627,1,"Glis2","Prg2",0.2,0.04
-4.32846688245379,2.88561166555294,0.509803921568627,1,"Camk2n2","Prg2",0.2,0.04
-4.32846688245379,2.88561166555294,0.509803921568627,1,"Etv5","Prg2",0.2,0.04
-4.32846688245379,2.88561166555294,0.509803921568627,1,"Wdr5b","Prg2",0.2,0.04
-4.32846688245379,2.88561166555294,0.509803921568627,1,"Slc15a2","Prg2",0.2,0.04
-4.32846688245379,2.88561166555294,0.509803921568627,1,"BC016579","Prg2",0.2,0.04
-4.32846688245379,2.88561166555294,0.509803921568627,1,"1700102H20Rik","Prg2",0.2,0.04
-4.32846688245379,2.88561166555294,0.509803921568627,1,"Dynlt1b","Prg2",0.2,0.04
-4.32846688245379,2.88561166555294,0.509803921568627,1,"Rsph3b","Prg2",0.2,0.04
-4.32846688245379,2.88561166555294,0.509803921568627,1,"Fgd2","Prg2",0.2,0.04
-4.32846688245379,2.88561166555294,0.509803921568627,1,"Zfp563","Prg2",0.2,0.04
-4.32846688245379,2.88561166555294,0.509803921568627,1,"Gm10501","Prg2",0.2,0.04
-4.32846688245379,2.88561166555294,0.509803921568627,1,"Vmac","Prg2",0.2,0.04
-4.32846688245379,2.88561166555294,0.509803921568627,1,"Gm26637","Prg2",0.2,0.04
-4.32846688245379,2.88561166555294,0.509803921568627,1,"Map4k3","Prg2",0.2,0.04
-4.32846688245379,2.88561166555294,0.509803921568627,1,"Psma8","Prg2",0.2,0.04
-4.32846688245379,2.88561166555294,0.509803921568627,1,"Dnd1","Prg2",0.2,0.04
-4.32846688245379,2.88561166555294,0.509803921568627,1,"Spink10","Prg2",0.2,0.04
-4.32846688245379,2.88561166555294,0.509803921568627,1,"Ctif","Prg2",0.2,0.04
-4.32846688245379,2.88561166555294,0.509803921568627,1,"Snx32","Prg2",0.2,0.04
-4.32846688245379,2.88561166555294,0.509803921568627,1,"2700081O15Rik","Prg2",0.2,0.04
-4.32846688245379,2.88561166555294,0.509803921568627,1,"Zbtb3","Prg2",0.2,0.04
-4.32846688245379,2.88561166555294,0.509803921568627,1,"Mpeg1","Prg2",0.2,0.04
-4.32846688245379,2.88561166555294,0.509803921568627,1,"Fas","Prg2",0.2,0.04
-4.32846688245379,2.88561166555294,0.509803921568627,1,"Ifit2","Prg2",0.2,0.04
-4.32846688245379,2.88561166555294,0.509803921568627,1,"Dnmbp","Prg2",0.2,0.04
-4.32846688245379,2.88561166555294,0.509803921568627,1,"Mirt1","Prg2",0.2,0.04
-3.7789691609335,2.66885825512878,0.509803921568627,1,"Tsga10","Prg2",0.2,0.04
-3.7789691609335,2.66885825512878,0.509803921568627,1,"Il18rap","Prg2",0.2,0.04
-3.7789691609335,2.66885825512878,0.509803921568627,1,"Cavin2","Prg2",0.2,0.04
-3.7789691609335,2.66885825512878,0.509803921568627,1,"1700019D03Rik","Prg2",0.2,0.04
-3.7789691609335,2.66885825512878,0.509803921568627,1,"B3gnt7","Prg2",0.2,0.04
-3.7789691609335,2.66885825512878,0.509803921568627,1,"Gm7160","Prg2",0.2,0.04
-3.7789691609335,2.66885825512878,0.509803921568627,1,"Lamc1","Prg2",0.2,0.04
-3.7789691609335,2.66885825512878,0.509803921568627,1,"Mr1","Prg2",0.2,0.04
-3.7789691609335,2.66885825512878,0.509803921568627,1,"Apoa2","Prg2",0.2,0.04
-3.7789691609335,2.66885825512878,0.509803921568627,1,"D730003I15Rik","Prg2",0.2,0.04
-3.7789691609335,2.66885825512878,0.509803921568627,1,"Gm13375","Prg2",0.2,0.04
-3.7789691609335,2.66885825512878,0.509803921568627,1,"Mamdc4","Prg2",0.2,0.04
-3.7789691609335,2.66885825512878,0.509803921568627,1,"Garnl3","Prg2",0.2,0.04
-3.7789691609335,2.66885825512878,0.509803921568627,1,"Wdr38","Prg2",0.2,0.04
-3.7789691609335,2.66885825512878,0.509803921568627,1,"Gm13620","Prg2",0.2,0.04
-3.7789691609335,2.66885825512878,0.509803921568627,1,"Ttc30b","Prg2",0.2,0.04
-3.7789691609335,2.66885825512878,0.509803921568627,1,"Fkbp7","Prg2",0.2,0.04
-3.7789691609335,2.66885825512878,0.509803921568627,1,"Catsper2","Prg2",0.2,0.04
-3.7789691609335,2.66885825512878,0.509803921568627,1,"Kcnip3","Prg2",0.2,0.04
-3.7789691609335,2.66885825512878,0.509803921568627,1,"Zfp335os","Prg2",0.2,0.04
-3.7789691609335,2.66885825512878,0.509803921568627,1,"Nespas","Prg2",0.2,0.04
-3.7789691609335,2.66885825512878,0.509803921568627,1,"Zfp973","Prg2",0.2,0.04
-3.7789691609335,2.66885825512878,0.509803921568627,1,"Zfp931","Prg2",0.2,0.04
-3.7789691609335,2.66885825512878,0.509803921568627,1,"Apln","Prg2",0.2,0.04
-3.7789691609335,2.66885825512878,0.509803921568627,1,"Pls3","Prg2",0.2,0.04
-3.7789691609335,2.66885825512878,0.509803921568627,1,"Prkx","Prg2",0.2,0.04
-3.7789691609335,2.66885825512878,0.509803921568627,1,"Dmd","Prg2",0.2,0.04
-3.7789691609335,2.66885825512878,0.509803921568627,1,"Fabp4","Prg2",0.2,0.04
-3.7789691609335,2.66885825512878,0.509803921568627,1,"Postn","Prg2",0.2,0.04
-3.7789691609335,2.66885825512878,0.509803921568627,1,"Trim2","Prg2",0.2,0.04
-3.7789691609335,2.66885825512878,0.509803921568627,1,"Cd5l","Prg2",0.2,0.04
-3.7789691609335,2.66885825512878,0.509803921568627,1,"S100a14","Prg2",0.2,0.04
-3.7789691609335,2.66885825512878,0.509803921568627,1,"Hist2h2ab","Prg2",0.2,0.04
-3.7789691609335,2.66885825512878,0.509803921568627,1,"4933431E20Rik","Prg2",0.2,0.04
-3.7789691609335,2.66885825512878,0.509803921568627,1,"Gnat2","Prg2",0.2,0.04
-3.7789691609335,2.66885825512878,0.509803921568627,1,"Gpsm2","Prg2",0.2,0.04
-3.7789691609335,2.66885825512878,0.509803921568627,1,"S1pr1","Prg2",0.2,0.04
-3.7789691609335,2.66885825512878,0.509803921568627,1,"Mcub","Prg2",0.2,0.04
-3.7789691609335,2.66885825512878,0.509803921568627,1,"Ttpa","Prg2",0.2,0.04
-3.7789691609335,2.66885825512878,0.509803921568627,1,"Spaca1","Prg2",0.2,0.04
-3.7789691609335,2.66885825512878,0.509803921568627,1,"Unc13b","Prg2",0.2,0.04
-3.7789691609335,2.66885825512878,0.509803921568627,1,"Fam221b","Prg2",0.2,0.04
-3.7789691609335,2.66885825512878,0.509803921568627,1,"Ptpn3","Prg2",0.2,0.04
-3.7789691609335,2.66885825512878,0.509803921568627,1,"Atg4c","Prg2",0.2,0.04
-3.7789691609335,2.66885825512878,0.509803921568627,1,"Pcsk9","Prg2",0.2,0.04
-3.7789691609335,2.66885825512878,0.509803921568627,1,"Gm12802","Prg2",0.2,0.04
-3.7789691609335,2.66885825512878,0.509803921568627,1,"Gpx7","Prg2",0.2,0.04
-3.7789691609335,2.66885825512878,0.509803921568627,1,"Pdzk1ip1","Prg2",0.2,0.04
-3.7789691609335,2.66885825512878,0.509803921568627,1,"Ccdc17","Prg2",0.2,0.04
-3.7789691609335,2.66885825512878,0.509803921568627,1,"St3gal3","Prg2",0.2,0.04
-3.7789691609335,2.66885825512878,0.509803921568627,1,"Hivep3","Prg2",0.2,0.04
-3.7789691609335,2.66885825512878,0.509803921568627,1,"Cited4","Prg2",0.2,0.04
-3.7789691609335,2.66885825512878,0.509803921568627,1,"Gm12999","Prg2",0.2,0.04
-3.7789691609335,2.66885825512878,0.509803921568627,1,"Map3k6","Prg2",0.2,0.04
-3.7789691609335,2.66885825512878,0.509803921568627,1,"C1qc","Prg2",0.2,0.04
-3.7789691609335,2.66885825512878,0.509803921568627,1,"Mfap2","Prg2",0.2,0.04
-3.7789691609335,2.66885825512878,0.509803921568627,1,"Slc35e2","Prg2",0.2,0.04
-3.7789691609335,2.66885825512878,0.509803921568627,1,"Tnfrsf4","Prg2",0.2,0.04
-3.7789691609335,2.66885825512878,0.509803921568627,1,"Agrn","Prg2",0.2,0.04
-3.7789691609335,2.66885825512878,0.509803921568627,1,"Cldn12","Prg2",0.2,0.04
-3.7789691609335,2.66885825512878,0.509803921568627,1,"Adam22","Prg2",0.2,0.04
-3.7789691609335,2.66885825512878,0.509803921568627,1,"Abcb1b","Prg2",0.2,0.04
-3.7789691609335,2.66885825512878,0.509803921568627,1,"Fbxl13","Prg2",0.2,0.04
-3.7789691609335,2.66885825512878,0.509803921568627,1,"Crygn","Prg2",0.2,0.04
-3.7789691609335,2.66885825512878,0.509803921568627,1,"Nat8l","Prg2",0.2,0.04
-3.7789691609335,2.66885825512878,0.509803921568627,1,"Grk4","Prg2",0.2,0.04
-3.7789691609335,2.66885825512878,0.509803921568627,1,"Afap1","Prg2",0.2,0.04
-3.7789691609335,2.66885825512878,0.509803921568627,1,"Clnk","Prg2",0.2,0.04
-3.7789691609335,2.66885825512878,0.509803921568627,1,"Gm42726","Prg2",0.2,0.04
-3.7789691609335,2.66885825512878,0.509803921568627,1,"Antxr2","Prg2",0.2,0.04
-3.7789691609335,2.66885825512878,0.509803921568627,1,"Mapkapk5","Prg2",0.2,0.04
-3.7789691609335,2.66885825512878,0.509803921568627,1,"Adgrd1","Prg2",0.2,0.04
-3.7789691609335,2.66885825512878,0.509803921568627,1,"Gpc2","Prg2",0.2,0.04
-3.7789691609335,2.66885825512878,0.509803921568627,1,"C130050O18Rik","Prg2",0.2,0.04
-3.7789691609335,2.66885825512878,0.509803921568627,1,"Rbak","Prg2",0.2,0.04
-3.7789691609335,2.66885825512878,0.509803921568627,1,"Zkscan5","Prg2",0.2,0.04
-3.7789691609335,2.66885825512878,0.509803921568627,1,"1110019D14Rik","Prg2",0.2,0.04
-3.7789691609335,2.66885825512878,0.509803921568627,1,"Tmem140","Prg2",0.2,0.04
-3.7789691609335,2.66885825512878,0.509803921568627,1,"Nod1","Prg2",0.2,0.04
-3.7789691609335,2.66885825512878,0.509803921568627,1,"Mmrn1","Prg2",0.2,0.04
-3.7789691609335,2.66885825512878,0.509803921568627,1,"St3gal5","Prg2",0.2,0.04
-3.7789691609335,2.66885825512878,0.509803921568627,1,"Tmem150a","Prg2",0.2,0.04
-3.7789691609335,2.66885825512878,0.509803921568627,1,"Ccdc142os","Prg2",0.2,0.04
-3.7789691609335,2.66885825512878,0.509803921568627,1,"Mgll","Prg2",0.2,0.04
-3.7789691609335,2.66885825512878,0.509803921568627,1,"Hdac11","Prg2",0.2,0.04
-3.7789691609335,2.66885825512878,0.509803921568627,1,"Creld1","Prg2",0.2,0.04
-3.7789691609335,2.66885825512878,0.509803921568627,1,"Gm26826","Prg2",0.2,0.04
-3.7789691609335,2.66885825512878,0.509803921568627,1,"2810454H06Rik","Prg2",0.2,0.04
-3.7789691609335,2.66885825512878,0.509803921568627,1,"2010013B24Rik","Prg2",0.2,0.04
-3.7789691609335,2.66885825512878,0.509803921568627,1,"Dnaaf3","Prg2",0.2,0.04
-3.7789691609335,2.66885825512878,0.509803921568627,1,"Zfp784","Prg2",0.2,0.04
-3.7789691609335,2.66885825512878,0.509803921568627,1,"Gm3854","Prg2",0.2,0.04
-3.7789691609335,2.66885825512878,0.509803921568627,1,"Zfp551","Prg2",0.2,0.04
-3.7789691609335,2.66885825512878,0.509803921568627,1,"Pnmal2","Prg2",0.2,0.04
-3.7789691609335,2.66885825512878,0.509803921568627,1,"Axl","Prg2",0.2,0.04
-3.7789691609335,2.66885825512878,0.509803921568627,1,"Eid2b","Prg2",0.2,0.04
-3.7789691609335,2.66885825512878,0.509803921568627,1,"Capn12","Prg2",0.2,0.04
-3.7789691609335,2.66885825512878,0.509803921568627,1,"Zfp940","Prg2",0.2,0.04
-3.7789691609335,2.66885825512878,0.509803921568627,1,"Hspb6","Prg2",0.2,0.04
-3.7789691609335,2.66885825512878,0.509803921568627,1,"Wtip","Prg2",0.2,0.04
-3.7789691609335,2.66885825512878,0.509803921568627,1,"Gm26526","Prg2",0.2,0.04
-3.7789691609335,2.66885825512878,0.509803921568627,1,"Fam71e1","Prg2",0.2,0.04
-3.7789691609335,2.66885825512878,0.509803921568627,1,"Trpm4","Prg2",0.2,0.04
-3.7789691609335,2.66885825512878,0.509803921568627,1,"Fancf","Prg2",0.2,0.04
-3.7789691609335,2.66885825512878,0.509803921568627,1,"Ttc23","Prg2",0.2,0.04
-3.7789691609335,2.66885825512878,0.509803921568627,1,"Klhl25","Prg2",0.2,0.04
-3.7789691609335,2.66885825512878,0.509803921568627,1,"Pde8a","Prg2",0.2,0.04
-3.7789691609335,2.66885825512878,0.509803921568627,1,"Ddias","Prg2",0.2,0.04
-3.7789691609335,2.66885825512878,0.509803921568627,1,"Gm45620","Prg2",0.2,0.04
-3.7789691609335,2.66885825512878,0.509803921568627,1,"Ampd3","Prg2",0.2,0.04
-3.7789691609335,2.66885825512878,0.509803921568627,1,"Prss53","Prg2",0.2,0.04
-3.7789691609335,2.66885825512878,0.509803921568627,1,"Prss36","Prg2",0.2,0.04
-3.7789691609335,2.66885825512878,0.509803921568627,1,"5830432E09Rik","Prg2",0.2,0.04
-3.7789691609335,2.66885825512878,0.509803921568627,1,"6430531B16Rik","Prg2",0.2,0.04
-3.7789691609335,2.66885825512878,0.509803921568627,1,"Ifitm5","Prg2",0.2,0.04
-3.7789691609335,2.66885825512878,0.509803921568627,1,"Lrrc56","Prg2",0.2,0.04
-3.7789691609335,2.66885825512878,0.509803921568627,1,"Gm26577","Prg2",0.2,0.04
-3.7789691609335,2.66885825512878,0.509803921568627,1,"Afg1l","Prg2",0.2,0.04
-3.7789691609335,2.66885825512878,0.509803921568627,1,"Gm10273","Prg2",0.2,0.04
-3.7789691609335,2.66885825512878,0.509803921568627,1,"Prf1","Prg2",0.2,0.04
-3.7789691609335,2.66885825512878,0.509803921568627,1,"Derl3","Prg2",0.2,0.04
-3.7789691609335,2.66885825512878,0.509803921568627,1,"Bpifc","Prg2",0.2,0.04
-3.7789691609335,2.66885825512878,0.509803921568627,1,"Kif5a","Prg2",0.2,0.04
-3.7789691609335,2.66885825512878,0.509803921568627,1,"Camsap3","Prg2",0.2,0.04
-3.7789691609335,2.66885825512878,0.509803921568627,1,"Lig4","Prg2",0.2,0.04
-3.7789691609335,2.66885825512878,0.509803921568627,1,"F10","Prg2",0.2,0.04
-3.7789691609335,2.66885825512878,0.509803921568627,1,"Angpt2","Prg2",0.2,0.04
-3.7789691609335,2.66885825512878,0.509803921568627,1,"1700029J07Rik","Prg2",0.2,0.04
-3.7789691609335,2.66885825512878,0.509803921568627,1,"Hpgd","Prg2",0.2,0.04
-3.7789691609335,2.66885825512878,0.509803921568627,1,"Lpl","Prg2",0.2,0.04
-3.7789691609335,2.66885825512878,0.509803921568627,1,"Cyp4f18","Prg2",0.2,0.04
-3.7789691609335,2.66885825512878,0.509803921568627,1,"Gm17435","Prg2",0.2,0.04
-3.7789691609335,2.66885825512878,0.509803921568627,1,"0610038B21Rik","Prg2",0.2,0.04
-3.7789691609335,2.66885825512878,0.509803921568627,1,"Gypa","Prg2",0.2,0.04
-3.7789691609335,2.66885825512878,0.509803921568627,1,"Mt2","Prg2",0.2,0.04
-3.7789691609335,2.66885825512878,0.509803921568627,1,"4931428F04Rik","Prg2",0.2,0.04
-3.7789691609335,2.66885825512878,0.509803921568627,1,"Elmo3","Prg2",0.2,0.04
-3.7789691609335,2.66885825512878,0.509803921568627,1,"Slc9a5","Prg2",0.2,0.04
-3.7789691609335,2.66885825512878,0.509803921568627,1,"Pard6a","Prg2",0.2,0.04
-3.7789691609335,2.66885825512878,0.509803921568627,1,"Zfp821","Prg2",0.2,0.04
-3.7789691609335,2.66885825512878,0.509803921568627,1,"Maf","Prg2",0.2,0.04
-3.7789691609335,2.66885825512878,0.509803921568627,1,"Tldc1","Prg2",0.2,0.04
-3.7789691609335,2.66885825512878,0.509803921568627,1,"Gm49032","Prg2",0.2,0.04
-3.7789691609335,2.66885825512878,0.509803921568627,1,"Gm26590","Prg2",0.2,0.04
-3.7789691609335,2.66885825512878,0.509803921568627,1,"Sall2","Prg2",0.2,0.04
-3.7789691609335,2.66885825512878,0.509803921568627,1,"Ajuba","Prg2",0.2,0.04
-3.7789691609335,2.66885825512878,0.509803921568627,1,"Tssk4","Prg2",0.2,0.04
-3.7789691609335,2.66885825512878,0.509803921568627,1,"Loxl2","Prg2",0.2,0.04
-3.7789691609335,2.66885825512878,0.509803921568627,1,"Ppp3cc","Prg2",0.2,0.04
-3.7789691609335,2.66885825512878,0.509803921568627,1,"Maml2","Prg2",0.2,0.04
-3.7789691609335,2.66885825512878,0.509803921568627,1,"1700012B09Rik","Prg2",0.2,0.04
-3.7789691609335,2.66885825512878,0.509803921568627,1,"Gm48796","Prg2",0.2,0.04
-3.7789691609335,2.66885825512878,0.509803921568627,1,"Hyls1","Prg2",0.2,0.04
-3.7789691609335,2.66885825512878,0.509803921568627,1,"Gm26737","Prg2",0.2,0.04
-3.7789691609335,2.66885825512878,0.509803921568627,1,"Plet1","Prg2",0.2,0.04
-3.7789691609335,2.66885825512878,0.509803921568627,1,"Ube2cbp","Prg2",0.2,0.04
-3.7789691609335,2.66885825512878,0.509803921568627,1,"Bcl2a1b","Prg2",0.2,0.04
-3.7789691609335,2.66885825512878,0.509803921568627,1,"Pcbp4","Prg2",0.2,0.04
-3.7789691609335,2.66885825512878,0.509803921568627,1,"Cish","Prg2",0.2,0.04
-3.7789691609335,2.66885825512878,0.509803921568627,1,"Amt","Prg2",0.2,0.04
-3.7789691609335,2.66885825512878,0.509803921568627,1,"Ccdc36","Prg2",0.2,0.04
-3.7789691609335,2.66885825512878,0.509803921568627,1,"Arpp21","Prg2",0.2,0.04
-3.7789691609335,2.66885825512878,0.509803921568627,1,"Tmppe","Prg2",0.2,0.04
-3.7789691609335,2.66885825512878,0.509803921568627,1,"Cmtm8","Prg2",0.2,0.04
-3.7789691609335,2.66885825512878,0.509803921568627,1,"Gm17399","Prg2",0.2,0.04
-3.7789691609335,2.66885825512878,0.509803921568627,1,"D830035M03Rik","Prg2",0.2,0.04
-3.7789691609335,2.66885825512878,0.509803921568627,1,"Zkscan7","Prg2",0.2,0.04
-3.7789691609335,2.66885825512878,0.509803921568627,1,"Slc6a20b","Prg2",0.2,0.04
-3.7789691609335,2.66885825512878,0.509803921568627,1,"Gal3st1","Prg2",0.2,0.04
-3.7789691609335,2.66885825512878,0.509803921568627,1,"Gm11973","Prg2",0.2,0.04
-3.7789691609335,2.66885825512878,0.509803921568627,1,"Fbxo48","Prg2",0.2,0.04
-3.7789691609335,2.66885825512878,0.509803921568627,1,"Cnrip1","Prg2",0.2,0.04
-3.7789691609335,2.66885825512878,0.509803921568627,1,"Etaa1os","Prg2",0.2,0.04
-3.7789691609335,2.66885825512878,0.509803921568627,1,"Gm16141","Prg2",0.2,0.04
-3.7789691609335,2.66885825512878,0.509803921568627,1,"Btnl9","Prg2",0.2,0.04
-3.7789691609335,2.66885825512878,0.509803921568627,1,"N4bp3","Prg2",0.2,0.04
-3.7789691609335,2.66885825512878,0.509803921568627,1,"Tcf7","Prg2",0.2,0.04
-3.7789691609335,2.66885825512878,0.509803921568627,1,"Jmjd4","Prg2",0.2,0.04
-3.7789691609335,2.66885825512878,0.509803921568627,1,"Gas7","Prg2",0.2,0.04
-3.7789691609335,2.66885825512878,0.509803921568627,1,"Pik3r5","Prg2",0.2,0.04
-3.7789691609335,2.66885825512878,0.509803921568627,1,"Atp1b2","Prg2",0.2,0.04
-3.7789691609335,2.66885825512878,0.509803921568627,1,"Tnfsf13os","Prg2",0.2,0.04
-3.7789691609335,2.66885825512878,0.509803921568627,1,"Clec10a","Prg2",0.2,0.04
-3.7789691609335,2.66885825512878,0.509803921568627,1,"Slc16a13","Prg2",0.2,0.04
-3.7789691609335,2.66885825512878,0.509803921568627,1,"Nek8","Prg2",0.2,0.04
-3.7789691609335,2.66885825512878,0.509803921568627,1,"Rab11fip4","Prg2",0.2,0.04
-3.7789691609335,2.66885825512878,0.509803921568627,1,"Slfn3","Prg2",0.2,0.04
-3.7789691609335,2.66885825512878,0.509803921568627,1,"Rad51c","Prg2",0.2,0.04
-3.7789691609335,2.66885825512878,0.509803921568627,1,"Pdk2","Prg2",0.2,0.04
-3.7789691609335,2.66885825512878,0.509803921568627,1,"Tbkbp1","Prg2",0.2,0.04
-3.7789691609335,2.66885825512878,0.509803921568627,1,"Gm27029","Prg2",0.2,0.04
-3.7789691609335,2.66885825512878,0.509803921568627,1,"Arsg","Prg2",0.2,0.04
-3.7789691609335,2.66885825512878,0.509803921568627,1,"Abca8b","Prg2",0.2,0.04
-3.7789691609335,2.66885825512878,0.509803921568627,1,"Cd300c2","Prg2",0.2,0.04
-3.7789691609335,2.66885825512878,0.509803921568627,1,"Gm11770","Prg2",0.2,0.04
-3.7789691609335,2.66885825512878,0.509803921568627,1,"Gm11772","Prg2",0.2,0.04
-3.7789691609335,2.66885825512878,0.509803921568627,1,"Rac3","Prg2",0.2,0.04
-3.7789691609335,2.66885825512878,0.509803921568627,1,"Hist1h4j","Prg2",0.2,0.04
-3.7789691609335,2.66885825512878,0.509803921568627,1,"Hist1h3i","Prg2",0.2,0.04
-3.7789691609335,2.66885825512878,0.509803921568627,1,"Hist1h3e","Prg2",0.2,0.04
-3.7789691609335,2.66885825512878,0.509803921568627,1,"Dbn1","Prg2",0.2,0.04
-3.7789691609335,2.66885825512878,0.509803921568627,1,"Etohd2","Prg2",0.2,0.04
-3.7789691609335,2.66885825512878,0.509803921568627,1,"Cdk20","Prg2",0.2,0.04
-3.7789691609335,2.66885825512878,0.509803921568627,1,"Gm10767","Prg2",0.2,0.04
-3.7789691609335,2.66885825512878,0.509803921568627,1,"Zfp493","Prg2",0.2,0.04
-3.7789691609335,2.66885825512878,0.509803921568627,1,"Gm47469","Prg2",0.2,0.04
-3.7789691609335,2.66885825512878,0.509803921568627,1,"Gm17259","Prg2",0.2,0.04
-3.7789691609335,2.66885825512878,0.509803921568627,1,"Pelo","Prg2",0.2,0.04
-3.7789691609335,2.66885825512878,0.509803921568627,1,"Gm10734","Prg2",0.2,0.04
-3.7789691609335,2.66885825512878,0.509803921568627,1,"Kif3c","Prg2",0.2,0.04
-3.7789691609335,2.66885825512878,0.509803921568627,1,"Pomc","Prg2",0.2,0.04
-3.7789691609335,2.66885825512878,0.509803921568627,1,"AC163633.2","Prg2",0.2,0.04
-3.7789691609335,2.66885825512878,0.509803921568627,1,"AC164424.1","Prg2",0.2,0.04
-3.7789691609335,2.66885825512878,0.509803921568627,1,"Id2","Prg2",0.2,0.04
-3.7789691609335,2.66885825512878,0.509803921568627,1,"Ahr","Prg2",0.2,0.04
-3.7789691609335,2.66885825512878,0.509803921568627,1,"Atl1","Prg2",0.2,0.04
-3.7789691609335,2.66885825512878,0.509803921568627,1,"Gm10451","Prg2",0.2,0.04
-3.7789691609335,2.66885825512878,0.509803921568627,1,"Fam161b","Prg2",0.2,0.04
-3.7789691609335,2.66885825512878,0.509803921568627,1,"Dglucy","Prg2",0.2,0.04
-3.7789691609335,2.66885825512878,0.509803921568627,1,"Gm36756","Prg2",0.2,0.04
-3.7789691609335,2.66885825512878,0.509803921568627,1,"Jag2","Prg2",0.2,0.04
-3.7789691609335,2.66885825512878,0.509803921568627,1,"Ghr","Prg2",0.2,0.04
-3.7789691609335,2.66885825512878,0.509803921568627,1,"Erich5","Prg2",0.2,0.04
-3.7789691609335,2.66885825512878,0.509803921568627,1,"Gm48960","Prg2",0.2,0.04
-3.7789691609335,2.66885825512878,0.509803921568627,1,"Fbxo32","Prg2",0.2,0.04
-3.7789691609335,2.66885825512878,0.509803921568627,1,"Recql4","Prg2",0.2,0.04
-3.7789691609335,2.66885825512878,0.509803921568627,1,"Gm16575","Prg2",0.2,0.04
-3.7789691609335,2.66885825512878,0.509803921568627,1,"Grap2","Prg2",0.2,0.04
-3.7789691609335,2.66885825512878,0.509803921568627,1,"Bik","Prg2",0.2,0.04
-3.7789691609335,2.66885825512878,0.509803921568627,1,"Shank3","Prg2",0.2,0.04
-3.7789691609335,2.66885825512878,0.509803921568627,1,"Adamts20","Prg2",0.2,0.04
-3.7789691609335,2.66885825512878,0.509803921568627,1,"Lmbr1l","Prg2",0.2,0.04
-3.7789691609335,2.66885825512878,0.509803921568627,1,"2310068J16Rik","Prg2",0.2,0.04
-3.7789691609335,2.66885825512878,0.509803921568627,1,"AC123724.1","Prg2",0.2,0.04
-3.7789691609335,2.66885825512878,0.509803921568627,1,"Gm16861","Prg2",0.2,0.04
-3.7789691609335,2.66885825512878,0.509803921568627,1,"Mpv17l","Prg2",0.2,0.04
-3.7789691609335,2.66885825512878,0.509803921568627,1,"Ypel1","Prg2",0.2,0.04
-3.7789691609335,2.66885825512878,0.509803921568627,1,"B630019A10Rik","Prg2",0.2,0.04
-3.7789691609335,2.66885825512878,0.509803921568627,1,"Lpp","Prg2",0.2,0.04
-3.7789691609335,2.66885825512878,0.509803921568627,1,"AC163720.3","Prg2",0.2,0.04
-3.7789691609335,2.66885825512878,0.509803921568627,1,"AC140186.1","Prg2",0.2,0.04
-3.7789691609335,2.66885825512878,0.509803921568627,1,"Lmln","Prg2",0.2,0.04
-3.7789691609335,2.66885825512878,0.509803921568627,1,"B4galt4","Prg2",0.2,0.04
-3.7789691609335,2.66885825512878,0.509803921568627,1,"Phldb2","Prg2",0.2,0.04
-3.7789691609335,2.66885825512878,0.509803921568627,1,"4932438H23Rik","Prg2",0.2,0.04
-3.7789691609335,2.66885825512878,0.509803921568627,1,"Dnajc28","Prg2",0.2,0.04
-3.7789691609335,2.66885825512878,0.509803921568627,1,"Wdr27","Prg2",0.2,0.04
-3.7789691609335,2.66885825512878,0.509803921568627,1,"Tnfrsf12a","Prg2",0.2,0.04
-3.7789691609335,2.66885825512878,0.509803921568627,1,"Noxo1","Prg2",0.2,0.04
-3.7789691609335,2.66885825512878,0.509803921568627,1,"E230001N04Rik","Prg2",0.2,0.04
-3.7789691609335,2.66885825512878,0.509803921568627,1,"Rsph1","Prg2",0.2,0.04
-3.7789691609335,2.66885825512878,0.509803921568627,1,"BC051142","Prg2",0.2,0.04
-3.7789691609335,2.66885825512878,0.509803921568627,1,"Prrt1","Prg2",0.2,0.04
-3.7789691609335,2.66885825512878,0.509803921568627,1,"Msh5","Prg2",0.2,0.04
-3.7789691609335,2.66885825512878,0.509803921568627,1,"Gm17705","Prg2",0.2,0.04
-3.7789691609335,2.66885825512878,0.509803921568627,1,"9130008F23Rik","Prg2",0.2,0.04
-3.7789691609335,2.66885825512878,0.509803921568627,1,"B430306N03Rik","Prg2",0.2,0.04
-3.7789691609335,2.66885825512878,0.509803921568627,1,"Zfp119a","Prg2",0.2,0.04
-3.7789691609335,2.66885825512878,0.509803921568627,1,"Vit","Prg2",0.2,0.04
-3.7789691609335,2.66885825512878,0.509803921568627,1,"Slc8a1","Prg2",0.2,0.04
-3.7789691609335,2.66885825512878,0.509803921568627,1,"Rhoq","Prg2",0.2,0.04
-3.7789691609335,2.66885825512878,0.509803921568627,1,"Gm26734","Prg2",0.2,0.04
-3.7789691609335,2.66885825512878,0.509803921568627,1,"Taf4b","Prg2",0.2,0.04
-3.7789691609335,2.66885825512878,0.509803921568627,1,"Cdc25c","Prg2",0.2,0.04
-3.7789691609335,2.66885825512878,0.509803921568627,1,"Prob1","Prg2",0.2,0.04
-3.7789691609335,2.66885825512878,0.509803921568627,1,"Pcdhga12","Prg2",0.2,0.04
-3.7789691609335,2.66885825512878,0.509803921568627,1,"Eif3j2","Prg2",0.2,0.04
-3.7789691609335,2.66885825512878,0.509803921568627,1,"Ccdc112","Prg2",0.2,0.04
-3.7789691609335,2.66885825512878,0.509803921568627,1,"Pdgfrb","Prg2",0.2,0.04
-3.7789691609335,2.66885825512878,0.509803921568627,1,"Atp8b1","Prg2",0.2,0.04
-3.7789691609335,2.66885825512878,0.509803921568627,1,"Lrfn4","Prg2",0.2,0.04
-3.7789691609335,2.66885825512878,0.509803921568627,1,"4930481A15Rik","Prg2",0.2,0.04
-3.7789691609335,2.66885825512878,0.509803921568627,1,"Rcor2","Prg2",0.2,0.04
-3.7789691609335,2.66885825512878,0.509803921568627,1,"Lpxn","Prg2",0.2,0.04
-3.7789691609335,2.66885825512878,0.509803921568627,1,"Pyroxd2","Prg2",0.2,0.04
-3.7789691609335,2.66885825512878,0.509803921568627,1,"9130011E15Rik","Prg2",0.2,0.04
-3.7789691609335,2.66885825512878,0.509803921568627,1,"Dusp5","Prg2",0.2,0.04
-3.7789691609335,2.66885825512878,0.509803921568627,1,"CAAA01147332.1","Prg2",0.2,0.04
0.435109088603384,5.98494079753926,0.510330691945991,1,"Gata1","Prg2",0.2,0.04
0.435109088603384,5.98494079753926,0.510330691945991,1,"Cdc34","Prg2",0.2,0.04
0.435109088603384,5.98494079753926,0.510330691945991,1,"Eri1","Prg2",0.2,0.04
-0.386713466241609,6.61888599170222,0.510479630924816,1,"Tceal9","Prg2",0.2,0.04
-0.321908475353648,7.83753321397252,0.511653291907496,1,"Alyref","Prg2",0.2,0.04
-0.308206933015746,7.90932649054015,0.512225478943745,1,"Ndufa13","Prg2",0.2,0.04
-0.297888085784576,8.33487363055496,0.512228140886096,1,"Ms4a2","Prg2",0.2,0.04
-0.369334392107018,6.79230195996583,0.51245712848822,1,"Cenpw","Prg2",0.2,0.04
-0.369334392107018,6.79230195996583,0.51245712848822,1,"Naa38","Prg2",0.2,0.04
0.369031082841227,6.78698763008986,0.51245712848822,1,"Mkln1","Prg2",0.2,0.04
-0.325064229683191,7.59492001420931,0.513869388986278,1,"Sec11a","Prg2",0.2,0.04
0.35102556345619,6.92251591439461,0.513945274120564,1,"Anapc13","Prg2",0.2,0.04
0.35102556345619,6.92251591439461,0.513945274120564,1,"Kpnb1","Prg2",0.2,0.04
0.327626382289133,6.93335969245537,0.513945274120564,1,"Smim14","Prg2",0.2,0.04
-0.285240525153834,9.01144096138731,0.514157059846826,1,"Atp5g1","Prg2",0.2,0.04
-0.431991917561511,6.25393267875559,0.514280311524474,1,"Inpp5d","Prg2",0.2,0.04
-0.431991917561511,6.25393267875559,0.514280311524474,1,"Trim27","Prg2",0.2,0.04
-0.431991917561511,6.25393267875559,0.514280311524474,1,"Rfc4","Prg2",0.2,0.04
0.406028772972873,6.25672850857543,0.514280311524474,1,"Stk4","Prg2",0.2,0.04
0.406028772972873,6.25672850857543,0.514280311524474,1,"Ppan","Prg2",0.2,0.04
0.406028772972873,6.25672850857543,0.514280311524474,1,"Smarca4","Prg2",0.2,0.04
0.406028772972873,6.25672850857543,0.514280311524474,1,"Smarcd2","Prg2",0.2,0.04
0.637312204339517,4.98400515799315,0.515477242664808,1,"Rab28","Prg2",0.2,0.04
0.637312204339517,4.98400515799315,0.515477242664808,1,"Noc4l","Prg2",0.2,0.04
0.637312204339517,4.98400515799315,0.515477242664808,1,"Creb3l2","Prg2",0.2,0.04
0.637312204339517,4.98400515799315,0.515477242664808,1,"Eml2","Prg2",0.2,0.04
0.637312204339517,4.98400515799315,0.515477242664808,1,"Smg9","Prg2",0.2,0.04
0.637312204339517,4.98400515799315,0.515477242664808,1,"Haus5","Prg2",0.2,0.04
0.637312204339517,4.98400515799315,0.515477242664808,1,"Zdhhc13","Prg2",0.2,0.04
0.637312204339517,4.98400515799315,0.515477242664808,1,"Nudt4","Prg2",0.2,0.04
0.637312204339517,4.98400515799315,0.515477242664808,1,"Mon2","Prg2",0.2,0.04
0.637312204339517,4.98400515799315,0.515477242664808,1,"Haus8","Prg2",0.2,0.04
0.637312204339517,4.98400515799315,0.515477242664808,1,"Tbrg4","Prg2",0.2,0.04
0.637312204339517,4.98400515799315,0.515477242664808,1,"Ifnar1","Prg2",0.2,0.04
0.637312204339517,4.98400515799315,0.515477242664808,1,"Lipa","Prg2",0.2,0.04
-0.269399952980743,12.0469891743716,0.515675207205596,1,"Rpl19","Prg2",0.2,0.04
0.74758844429513,4.44396902576626,0.516292316661943,1,"Klhl20","Prg2",0.2,0.04
0.74758844429513,4.44396902576626,0.516292316661943,1,"Klhl23","Prg2",0.2,0.04
0.74758844429513,4.44396902576626,0.516292316661943,1,"Tmem127","Prg2",0.2,0.04
0.74758844429513,4.44396902576626,0.516292316661943,1,"Ndufaf5","Prg2",0.2,0.04
0.74758844429513,4.44396902576626,0.516292316661943,1,"Abhd12","Prg2",0.2,0.04
0.74758844429513,4.44396902576626,0.516292316661943,1,"Pcmtd2","Prg2",0.2,0.04
0.74758844429513,4.44396902576626,0.516292316661943,1,"Eif2b3","Prg2",0.2,0.04
0.74758844429513,4.44396902576626,0.516292316661943,1,"Ulk1","Prg2",0.2,0.04
0.74758844429513,4.44396902576626,0.516292316661943,1,"Gtf2h3","Prg2",0.2,0.04
0.74758844429513,4.44396902576626,0.516292316661943,1,"Rcc1l","Prg2",0.2,0.04
0.74758844429513,4.44396902576626,0.516292316661943,1,"D430042O09Rik","Prg2",0.2,0.04
0.74758844429513,4.44396902576626,0.516292316661943,1,"Pip4k2c","Prg2",0.2,0.04
0.74758844429513,4.44396902576626,0.516292316661943,1,"Ocel1","Prg2",0.2,0.04
0.74758844429513,4.44396902576626,0.516292316661943,1,"Prmt9","Prg2",0.2,0.04
0.74758844429513,4.44396902576626,0.516292316661943,1,"Arl11","Prg2",0.2,0.04
0.74758844429513,4.44396902576626,0.516292316661943,1,"Hmg20a","Prg2",0.2,0.04
0.74758844429513,4.44396902576626,0.516292316661943,1,"Myo9a","Prg2",0.2,0.04
0.74758844429513,4.44396902576626,0.516292316661943,1,"Mfsd11","Prg2",0.2,0.04
0.74758844429513,4.44396902576626,0.516292316661943,1,"Gfm2","Prg2",0.2,0.04
0.74758844429513,4.44396902576626,0.516292316661943,1,"Tsr3","Prg2",0.2,0.04
0.74758844429513,4.44396902576626,0.516292316661943,1,"Wdr90","Prg2",0.2,0.04
0.74758844429513,4.44396902576626,0.516292316661943,1,"Zfand3","Prg2",0.2,0.04
0.74758844429513,4.44396902576626,0.516292316661943,1,"Foxp4","Prg2",0.2,0.04
0.74758844429513,4.44396902576626,0.516292316661943,1,"Alkbh7","Prg2",0.2,0.04
0.74758844429513,4.44396902576626,0.516292316661943,1,"Srbd1","Prg2",0.2,0.04
0.74758844429513,4.44396902576626,0.516292316661943,1,"Impact","Prg2",0.2,0.04
0.375923861517286,6.44863396465348,0.516804763903882,1,"Bri3bp","Prg2",0.2,0.04
0.375923861517286,6.44863396465348,0.516804763903882,1,"Mlf2","Prg2",0.2,0.04
0.375923861517286,6.44863396465348,0.516804763903882,1,"Ccnd3","Prg2",0.2,0.04
0.337883717846753,7.41525337136749,0.517319430806239,1,"B4galnt1","Prg2",0.2,0.04
0.43471798244724,5.73906087925416,0.51789666554853,1,"Pycr2","Prg2",0.2,0.04
0.43471798244724,5.73906087925416,0.51789666554853,1,"Abi1","Prg2",0.2,0.04
0.43471798244724,5.73906087925416,0.51789666554853,1,"Wdr5","Prg2",0.2,0.04
0.43471798244724,5.73906087925416,0.51789666554853,1,"Fnbp1","Prg2",0.2,0.04
0.43471798244724,5.73906087925416,0.51789666554853,1,"Chd6","Prg2",0.2,0.04
0.43471798244724,5.73906087925416,0.51789666554853,1,"Tbl1x","Prg2",0.2,0.04
0.43471798244724,5.73906087925416,0.51789666554853,1,"Zfp326","Prg2",0.2,0.04
0.43471798244724,5.73906087925416,0.51789666554853,1,"Ptpn11","Prg2",0.2,0.04
0.43471798244724,5.73906087925416,0.51789666554853,1,"Dennd5a","Prg2",0.2,0.04
0.43471798244724,5.73906087925416,0.51789666554853,1,"Fignl1","Prg2",0.2,0.04
-0.518219842215787,5.76427676707646,0.51789666554853,1,"Ints7","Prg2",0.2,0.04
-0.518219842215787,5.76427676707646,0.51789666554853,1,"Oser1","Prg2",0.2,0.04
-0.518219842215787,5.76427676707646,0.51789666554853,1,"Kars","Prg2",0.2,0.04
-0.518219842215787,5.76427676707646,0.51789666554853,1,"Ptcd2","Prg2",0.2,0.04
-0.475352235441231,5.7390735428376,0.51789666554853,1,"Nelfb","Prg2",0.2,0.04
-0.475352235441231,5.7390735428376,0.51789666554853,1,"Plin2","Prg2",0.2,0.04
-0.475352235441231,5.7390735428376,0.51789666554853,1,"Bckdha","Prg2",0.2,0.04
-0.475352235441231,5.7390735428376,0.51789666554853,1,"Zfp322a","Prg2",0.2,0.04
-0.475352235441231,5.7390735428376,0.51789666554853,1,"Traf7","Prg2",0.2,0.04
-0.323681587165525,7.61815084876035,0.518217971755845,1,"Fkbp2","Prg2",0.2,0.04
-0.381941542262389,6.66423241286104,0.518495394473886,1,"Ccni","Prg2",0.2,0.04
0.362068699846502,6.65069611979522,0.518495394473886,1,"Fryl","Prg2",0.2,0.04
0.362068699846502,6.65069611979522,0.518495394473886,1,"Papola","Prg2",0.2,0.04
-0.316588803578329,7.93325142010353,0.519329272495191,1,"Scand1","Prg2",0.2,0.04
-0.345485359308094,6.82105347325556,0.519667995156488,1,"Stap1","Prg2",0.2,0.04
-0.267395731893346,11.6726796490891,0.52002026368935,1,"Plac8","Prg2",0.2,0.04
-0.266300582896914,12.1293361841096,0.52029685516539,1,"Rps18","Prg2",0.2,0.04
0.317841093279567,7.21420646072962,0.521561287641496,1,"Hspa4","Prg2",0.2,0.04
-0.265894591818099,11.8308935036894,0.521821662006364,1,"Rpl30","Prg2",0.2,0.04
-0.461353497690095,6.06400476404355,0.522001651636449,1,"Rbm42","Prg2",0.2,0.04
0.446717157338438,6.03522204157763,0.522001651636449,1,"Ythdf2","Prg2",0.2,0.04
-0.426719237804767,6.04378415595793,0.522001651636449,1,"Lrmp","Prg2",0.2,0.04
-0.426719237804767,6.04378415595793,0.522001651636449,1,"Dach1","Prg2",0.2,0.04
-0.426719237804767,6.04378415595793,0.522001651636449,1,"Tle4","Prg2",0.2,0.04
0.401140871194883,6.05592372241986,0.522001651636449,1,"Trpm7","Prg2",0.2,0.04
0.401140871194883,6.05592372241986,0.522001651636449,1,"Mapre2","Prg2",0.2,0.04
0.317958860645035,7.52928828078547,0.52234704590347,1,"Cux1","Prg2",0.2,0.04
-0.300849368984798,8.2629967314919,0.522907851553183,1,"Elob","Prg2",0.2,0.04
-0.264438855594483,12.0550532582362,0.523425306220495,1,"Rpl26","Prg2",0.2,0.04
-0.264142306889251,12.1988525943919,0.523506307881301,1,"Rpl27a","Prg2",0.2,0.04
-0.394817703635257,6.29520783899566,0.524251355665674,1,"Igbp1","Prg2",0.2,0.04
-0.394817703635257,6.29520783899566,0.524251355665674,1,"Hdac1","Prg2",0.2,0.04
-0.394817703635257,6.29520783899566,0.524251355665674,1,"Dusp11","Prg2",0.2,0.04
-0.394817703635257,6.29520783899566,0.524251355665674,1,"Srp68","Prg2",0.2,0.04
-0.394817703635257,6.29520783899566,0.524251355665674,1,"Laptm4a","Prg2",0.2,0.04
-0.37227551340327,6.50923854295139,0.525531477075449,1,"Mcl1","Prg2",0.2,0.04
-0.37227551340327,6.50923854295139,0.525531477075449,1,"Mrto4","Prg2",0.2,0.04
0.385826046352973,6.4853883894389,0.525531477075449,1,"Sord","Prg2",0.2,0.04
0.353518665643275,6.50029242997274,0.525531477075449,1,"Wdr26","Prg2",0.2,0.04
-0.290873022460604,8.33095924119393,0.525605754342523,1,"Snrpd1","Prg2",0.2,0.04
0.370972706643471,6.68274660172083,0.526267185873434,1,"Mier1","Prg2",0.2,0.04
0.370972706643471,6.68274660172083,0.526267185873434,1,"Calu","Prg2",0.2,0.04
0.351518325408147,6.82793125913863,0.526681252643439,1,"Arcn1","Prg2",0.2,0.04
0.351518325408147,6.82793125913863,0.526681252643439,1,"Purb","Prg2",0.2,0.04
0.326495732815639,6.83954507156347,0.526681252643439,1,"Mob1a","Prg2",0.2,0.04
0.434132649682153,5.44309147305177,0.526780019742479,1,"Exosc2","Prg2",0.2,0.04
0.434132649682153,5.44309147305177,0.526780019742479,1,"Pla2g12a","Prg2",0.2,0.04
0.434132649682153,5.44309147305177,0.526780019742479,1,"Malsu1","Prg2",0.2,0.04
0.434132649682153,5.44309147305177,0.526780019742479,1,"AU020206","Prg2",0.2,0.04
0.434132649682153,5.44309147305177,0.526780019742479,1,"Gm49336","Prg2",0.2,0.04
0.434132649682153,5.44309147305177,0.526780019742479,1,"Trim35","Prg2",0.2,0.04
-0.532697388432835,5.45909978033134,0.526780019742479,1,"Tmem38b","Prg2",0.2,0.04
-0.532697388432835,5.45909978033134,0.526780019742479,1,"Aup1","Prg2",0.2,0.04
-0.532697388432835,5.45909978033134,0.526780019742479,1,"Tmem263","Prg2",0.2,0.04
-0.532697388432835,5.45909978033134,0.526780019742479,1,"Timm44","Prg2",0.2,0.04
-0.532697388432835,5.45909978033134,0.526780019742479,1,"Asf1b","Prg2",0.2,0.04
-0.532697388432835,5.45909978033134,0.526780019742479,1,"Mrpl55","Prg2",0.2,0.04
-0.532697388432835,5.45909978033134,0.526780019742479,1,"Thoc6","Prg2",0.2,0.04
-0.532697388432835,5.45909978033134,0.526780019742479,1,"Cenpq","Prg2",0.2,0.04
-0.532697388432835,5.45909978033134,0.526780019742479,1,"Ankhd1","Prg2",0.2,0.04
-0.281282752431645,8.63422906399024,0.527289243591839,1,"Cox7a2","Prg2",0.2,0.04
0.268875450734453,9.8772814451906,0.528122987192228,1,"Prtn3","Prg2",0.2,0.04
-0.277491583853824,9.13517332114278,0.530628314765744,1,"Manf","Prg2",0.2,0.04
-0.321048431114958,7.66351995828656,0.530842296048093,1,"St13","Prg2",0.2,0.04
-0.309834888929445,7.65719546530263,0.530842296048093,1,"Banf1","Prg2",0.2,0.04
0.448552906903837,5.79833915060435,0.53127816897589,1,"Armc1","Prg2",0.2,0.04
0.448552906903837,5.79833915060435,0.53127816897589,1,"Meis1","Prg2",0.2,0.04
0.448552906903837,5.79833915060435,0.53127816897589,1,"Lcp2","Prg2",0.2,0.04
0.448552906903837,5.79833915060435,0.53127816897589,1,"Gid4","Prg2",0.2,0.04
0.448552906903837,5.79833915060435,0.53127816897589,1,"Cdk7","Prg2",0.2,0.04
0.448552906903837,5.79833915060435,0.53127816897589,1,"Oard1","Prg2",0.2,0.04
0.448552906903837,5.79833915060435,0.53127816897589,1,"Vps13a","Prg2",0.2,0.04
-0.316773488742592,7.26567364786362,0.532334413879081,1,"Rab21","Prg2",0.2,0.04
0.294032258482599,8.04691272542278,0.532576068359361,1,"Ptp4a2","Prg2",0.2,0.04
-0.301713962050197,8.05264329787584,0.532576068359361,1,"Cct3","Prg2",0.2,0.04
-0.301713962050197,8.05264329787584,0.532576068359361,1,"Dek","Prg2",0.2,0.04
-0.323771569930955,7.1428599528991,0.532737424439241,1,"Mcee","Prg2",0.2,0.04
-0.323771569930955,7.1428599528991,0.532737424439241,1,"Mydgf","Prg2",0.2,0.04
0.350593164240445,7.01129791077592,0.533134836932458,1,"Apobec3","Prg2",0.2,0.04
0.3286195775502,7.0214659374905,0.533134836932458,1,"Mrpl28","Prg2",0.2,0.04
-0.417562998143741,6.1108672402063,0.53314422822944,1,"Tank","Prg2",0.2,0.04
-0.417562998143741,6.1108672402063,0.53314422822944,1,"Incenp","Prg2",0.2,0.04
0.334995961130542,6.867725533066,0.533504233757641,1,"Pcna","Prg2",0.2,0.04
0.334995961130542,6.867725533066,0.533504233757641,1,"Sdha","Prg2",0.2,0.04
-0.362112781031982,6.87177376554686,0.533504233757641,1,"Ruvbl1","Prg2",0.2,0.04
-0.388485654332738,6.351766115567,0.533836831182692,1,"Cs","Prg2",0.2,0.04
-0.388485654332738,6.351766115567,0.533836831182692,1,"Tcn2","Prg2",0.2,0.04
-0.36000513215453,6.33538082926528,0.533836831182692,1,"Btg1","Prg2",0.2,0.04
-0.36000513215453,6.33538082926528,0.533836831182692,1,"Zfp148","Prg2",0.2,0.04
0.363626853864175,6.53577097006928,0.533963071749257,1,"Ufm1","Prg2",0.2,0.04
0.363626853864175,6.53577097006928,0.533963071749257,1,"Eif4ebp2","Prg2",0.2,0.04
-0.256713968893562,12.6308933373407,0.534320994762674,1,"Rps12","Prg2",0.2,0.04
-0.294260103881009,7.75933458014389,0.534375576785735,1,"Tln1","Prg2",0.2,0.04
-0.256598723705719,12.4300246233691,0.534909388423511,1,"Rps16","Prg2",0.2,0.04
-0.292535722682357,8.0648679599602,0.535738087956663,1,"Atp6v1f","Prg2",0.2,0.04
0.287639182216743,8.06404371833615,0.535738087956663,1,"Ncor1","Prg2",0.2,0.04
-0.260813152108879,10.6460331068568,0.535827265708565,1,"Rpl7a","Prg2",0.2,0.04
-0.307320356450823,7.92803901061623,0.536863943471155,1,"Zfp706","Prg2",0.2,0.04
-0.257841759965643,11.2419615675223,0.536893047984861,1,"Srgn","Prg2",0.2,0.04
-0.62742049507627,5.11134175360058,0.536893148539023,1,"Ctdsp1","Prg2",0.2,0.04
-0.62742049507627,5.11134175360058,0.536893148539023,1,"Nol6","Prg2",0.2,0.04
-0.62742049507627,5.11134175360058,0.536893148539023,1,"Cfap97","Prg2",0.2,0.04
-0.557566843958403,5.07049717802554,0.536893148539023,1,"Maip1","Prg2",0.2,0.04
-0.557566843958403,5.07049717802554,0.536893148539023,1,"Tbc1d20","Prg2",0.2,0.04
-0.557566843958403,5.07049717802554,0.536893148539023,1,"Kmt2b","Prg2",0.2,0.04
-0.557566843958403,5.07049717802554,0.536893148539023,1,"Katna1","Prg2",0.2,0.04
-0.557566843958403,5.07049717802554,0.536893148539023,1,"Nup37","Prg2",0.2,0.04
-0.557566843958403,5.07049717802554,0.536893148539023,1,"Ap1b1","Prg2",0.2,0.04
-0.557566843958403,5.07049717802554,0.536893148539023,1,"Tubg1","Prg2",0.2,0.04
-0.557566843958403,5.07049717802554,0.536893148539023,1,"Jkamp","Prg2",0.2,0.04
-0.557566843958403,5.07049717802554,0.536893148539023,1,"Spast","Prg2",0.2,0.04
0.286973345201463,8.13319327488314,0.538232255769156,1,"Vcp","Prg2",0.2,0.04
-0.27557265492453,8.63106387035614,0.538477941241433,1,"Tax1bp1","Prg2",0.2,0.04
-0.329931787235488,7.04336054209976,0.539218685980053,1,"Gnl3","Prg2",0.2,0.04
-0.300441261232056,7.6050511281207,0.539732787353503,1,"Eif5","Prg2",0.2,0.04
0.343166248597463,6.89537603053041,0.540143964867209,1,"Rbmxl1","Prg2",0.2,0.04
-0.339729439994754,6.89902538257557,0.540143964867209,1,"Maz","Prg2",0.2,0.04
0.312469410614537,7.51146118411127,0.540619212480963,1,"Foxp1","Prg2",0.2,0.04
-0.37327829858484,6.75086222616281,0.54111881514077,1,"Srrt","Prg2",0.2,0.04
-0.351954292940898,6.73862441979787,0.54111881514077,1,"Rab10","Prg2",0.2,0.04
0.352085038514475,6.72673401497179,0.54111881514077,1,"Lyl1","Prg2",0.2,0.04
-0.277631218419409,8.54880752298082,0.541755570744216,1,"Tmed9","Prg2",0.2,0.04
0.451252084307216,5.51528935655019,0.542566786355408,1,"Cdc20","Prg2",0.2,0.04
0.451252084307216,5.51528935655019,0.542566786355408,1,"Eed","Prg2",0.2,0.04
0.451252084307216,5.51528935655019,0.542566786355408,1,"Smim15","Prg2",0.2,0.04
0.451252084307216,5.51528935655019,0.542566786355408,1,"Man2a1","Prg2",0.2,0.04
-0.510690888610382,5.55858774053918,0.542566786355408,1,"Ppip5k2","Prg2",0.2,0.04
-0.510690888610382,5.55858774053918,0.542566786355408,1,"Appbp2","Prg2",0.2,0.04
-0.510690888610382,5.55858774053918,0.542566786355408,1,"Kat7","Prg2",0.2,0.04
-0.510690888610382,5.55858774053918,0.542566786355408,1,"Strn3","Prg2",0.2,0.04
-0.510690888610382,5.55858774053918,0.542566786355408,1,"Pdzd8","Prg2",0.2,0.04
-0.460342483438633,5.52923199179175,0.542566786355408,1,"Alad","Prg2",0.2,0.04
-0.460342483438633,5.52923199179175,0.542566786355408,1,"Irf3","Prg2",0.2,0.04
-0.460342483438633,5.52923199179175,0.542566786355408,1,"Dhrs1","Prg2",0.2,0.04
-0.460342483438633,5.52923199179175,0.542566786355408,1,"Txndc15","Prg2",0.2,0.04
-0.460342483438633,5.52923199179175,0.542566786355408,1,"Macrod1","Prg2",0.2,0.04
0.389929927153241,6.35587844808657,0.543057470902997,1,"Ppp6r1","Prg2",0.2,0.04
0.389929927153241,6.35587844808657,0.543057470902997,1,"Ehmt2","Prg2",0.2,0.04
-1.20358708485413,3.87943495616248,0.543330377199178,1,"Ino80dos","Prg2",0.2,0.04
-1.20358708485413,3.87943495616248,0.543330377199178,1,"Tti1","Prg2",0.2,0.04
-1.20358708485413,3.87943495616248,0.543330377199178,1,"Slc9a8","Prg2",0.2,0.04
-1.20358708485413,3.87943495616248,0.543330377199178,1,"Rtel1","Prg2",0.2,0.04
-1.20358708485413,3.87943495616248,0.543330377199178,1,"Rtl8b","Prg2",0.2,0.04
-1.20358708485413,3.87943495616248,0.543330377199178,1,"Zfand1","Prg2",0.2,0.04
-1.20358708485413,3.87943495616248,0.543330377199178,1,"Mfn1","Prg2",0.2,0.04
-1.20358708485413,3.87943495616248,0.543330377199178,1,"Bcl9","Prg2",0.2,0.04
-1.20358708485413,3.87943495616248,0.543330377199178,1,"Aptx","Prg2",0.2,0.04
-1.20358708485413,3.87943495616248,0.543330377199178,1,"Haus6","Prg2",0.2,0.04
-1.20358708485413,3.87943495616248,0.543330377199178,1,"Iqcc","Prg2",0.2,0.04
-1.20358708485413,3.87943495616248,0.543330377199178,1,"Pex1","Prg2",0.2,0.04
-1.20358708485413,3.87943495616248,0.543330377199178,1,"Supt7l","Prg2",0.2,0.04
-1.20358708485413,3.87943495616248,0.543330377199178,1,"Alkbh2","Prg2",0.2,0.04
-1.20358708485413,3.87943495616248,0.543330377199178,1,"Pitpnm2","Prg2",0.2,0.04
-1.20358708485413,3.87943495616248,0.543330377199178,1,"Paip2b","Prg2",0.2,0.04
-1.20358708485413,3.87943495616248,0.543330377199178,1,"Ogg1","Prg2",0.2,0.04
-1.20358708485413,3.87943495616248,0.543330377199178,1,"Zfp954","Prg2",0.2,0.04
-1.20358708485413,3.87943495616248,0.543330377199178,1,"Prkd2","Prg2",0.2,0.04
-1.20358708485413,3.87943495616248,0.543330377199178,1,"Faap24","Prg2",0.2,0.04
-1.20358708485413,3.87943495616248,0.543330377199178,1,"Trpm2","Prg2",0.2,0.04
-1.20358708485413,3.87943495616248,0.543330377199178,1,"Coq10a","Prg2",0.2,0.04
-1.20358708485413,3.87943495616248,0.543330377199178,1,"Tango6","Prg2",0.2,0.04
-1.20358708485413,3.87943495616248,0.543330377199178,1,"2610044O15Rik8","Prg2",0.2,0.04
-1.20358708485413,3.87943495616248,0.543330377199178,1,"Ice2","Prg2",0.2,0.04
-1.20358708485413,3.87943495616248,0.543330377199178,1,"Dlg4","Prg2",0.2,0.04
-1.20358708485413,3.87943495616248,0.543330377199178,1,"P2rx1","Prg2",0.2,0.04
-1.20358708485413,3.87943495616248,0.543330377199178,1,"Copz2","Prg2",0.2,0.04
-1.20358708485413,3.87943495616248,0.543330377199178,1,"Pigh","Prg2",0.2,0.04
-1.20358708485413,3.87943495616248,0.543330377199178,1,"Gstz1","Prg2",0.2,0.04
-1.20358708485413,3.87943495616248,0.543330377199178,1,"D130020L05Rik","Prg2",0.2,0.04
-1.20358708485413,3.87943495616248,0.543330377199178,1,"Mroh1","Prg2",0.2,0.04
-1.20358708485413,3.87943495616248,0.543330377199178,1,"Arsa","Prg2",0.2,0.04
-1.20358708485413,3.87943495616248,0.543330377199178,1,"Dusp1","Prg2",0.2,0.04
-1.20358708485413,3.87943495616248,0.543330377199178,1,"Pi16","Prg2",0.2,0.04
-1.20358708485413,3.87943495616248,0.543330377199178,1,"Abcg1","Prg2",0.2,0.04
-1.20358708485413,3.87943495616248,0.543330377199178,1,"Zbtb14","Prg2",0.2,0.04
-1.20358708485413,3.87943495616248,0.543330377199178,1,"Osbpl1a","Prg2",0.2,0.04
-1.20358708485413,3.87943495616248,0.543330377199178,1,"Spata24","Prg2",0.2,0.04
-1.20358708485413,3.87943495616248,0.543330377199178,1,"Pggt1b","Prg2",0.2,0.04
-1.20358708485413,3.87943495616248,0.543330377199178,1,"Atl3","Prg2",0.2,0.04
-1.20358708485413,3.87943495616248,0.543330377199178,1,"Gm6563","Prg2",0.2,0.04
-1.20358708485413,3.87943495616248,0.543330377199178,1,"Cd274","Prg2",0.2,0.04
1.05188602935627,3.82006819779655,0.543330377199178,1,"Bpnt1","Prg2",0.2,0.04
1.05188602935627,3.82006819779655,0.543330377199178,1,"Rcor3","Prg2",0.2,0.04
1.05188602935627,3.82006819779655,0.543330377199178,1,"Armc3","Prg2",0.2,0.04
1.05188602935627,3.82006819779655,0.543330377199178,1,"Dennd2d","Prg2",0.2,0.04
1.05188602935627,3.82006819779655,0.543330377199178,1,"2610301B20Rik","Prg2",0.2,0.04
1.05188602935627,3.82006819779655,0.543330377199178,1,"Hook1","Prg2",0.2,0.04
1.05188602935627,3.82006819779655,0.543330377199178,1,"Gm13212","Prg2",0.2,0.04
1.05188602935627,3.82006819779655,0.543330377199178,1,"Nupl2","Prg2",0.2,0.04
1.05188602935627,3.82006819779655,0.543330377199178,1,"Sepsecs","Prg2",0.2,0.04
1.05188602935627,3.82006819779655,0.543330377199178,1,"Zfp605","Prg2",0.2,0.04
1.05188602935627,3.82006819779655,0.543330377199178,1,"Sdhaf3","Prg2",0.2,0.04
1.05188602935627,3.82006819779655,0.543330377199178,1,"Eif2ak3","Prg2",0.2,0.04
1.05188602935627,3.82006819779655,0.543330377199178,1,"Gp9","Prg2",0.2,0.04
1.05188602935627,3.82006819779655,0.543330377199178,1,"Gm15545","Prg2",0.2,0.04
1.05188602935627,3.82006819779655,0.543330377199178,1,"Zfp629","Prg2",0.2,0.04
1.05188602935627,3.82006819779655,0.543330377199178,1,"Lats1","Prg2",0.2,0.04
1.05188602935627,3.82006819779655,0.543330377199178,1,"Gucd1","Prg2",0.2,0.04
1.05188602935627,3.82006819779655,0.543330377199178,1,"Gm16104","Prg2",0.2,0.04
1.05188602935627,3.82006819779655,0.543330377199178,1,"Mcoln1","Prg2",0.2,0.04
1.05188602935627,3.82006819779655,0.543330377199178,1,"Tmco3","Prg2",0.2,0.04
1.05188602935627,3.82006819779655,0.543330377199178,1,"Hgsnat","Prg2",0.2,0.04
1.05188602935627,3.82006819779655,0.543330377199178,1,"Zfp319","Prg2",0.2,0.04
1.05188602935627,3.82006819779655,0.543330377199178,1,"Tgm1","Prg2",0.2,0.04
1.05188602935627,3.82006819779655,0.543330377199178,1,"Camp","Prg2",0.2,0.04
1.05188602935627,3.82006819779655,0.543330377199178,1,"Tgfbr2","Prg2",0.2,0.04
1.05188602935627,3.82006819779655,0.543330377199178,1,"Tmem158","Prg2",0.2,0.04
1.05188602935627,3.82006819779655,0.543330377199178,1,"Sertad2","Prg2",0.2,0.04
1.05188602935627,3.82006819779655,0.543330377199178,1,"Nprl3","Prg2",0.2,0.04
1.05188602935627,3.82006819779655,0.543330377199178,1,"Brip1","Prg2",0.2,0.04
1.05188602935627,3.82006819779655,0.543330377199178,1,"Lyrm4","Prg2",0.2,0.04
1.05188602935627,3.82006819779655,0.543330377199178,1,"Fbxo4","Prg2",0.2,0.04
1.05188602935627,3.82006819779655,0.543330377199178,1,"Amacr","Prg2",0.2,0.04
1.05188602935627,3.82006819779655,0.543330377199178,1,"Cela1","Prg2",0.2,0.04
1.05188602935627,3.82006819779655,0.543330377199178,1,"Hspbap1","Prg2",0.2,0.04
1.05188602935627,3.82006819779655,0.543330377199178,1,"Nthl1","Prg2",0.2,0.04
1.05188602935627,3.82006819779655,0.543330377199178,1,"Ddx11","Prg2",0.2,0.04
1.05188602935627,3.82006819779655,0.543330377199178,1,"Ttc27","Prg2",0.2,0.04
1.05188602935627,3.82006819779655,0.543330377199178,1,"Arhgap26","Prg2",0.2,0.04
-0.376960751100783,6.1563158765128,0.543792061196149,1,"Cstb","Prg2",0.2,0.04
0.461251645392936,5.85533042935751,0.543943802908086,1,"Ndufs1","Prg2",0.2,0.04
0.461251645392936,5.85533042935751,0.543943802908086,1,"Pcnt","Prg2",0.2,0.04
0.461251645392936,5.85533042935751,0.543943802908086,1,"Sucla2","Prg2",0.2,0.04
0.461251645392936,5.85533042935751,0.543943802908086,1,"Cdk12","Prg2",0.2,0.04
0.461251645392936,5.85533042935751,0.543943802908086,1,"Sirt7","Prg2",0.2,0.04
0.461251645392936,5.85533042935751,0.543943802908086,1,"Cdca7l","Prg2",0.2,0.04
0.461251645392936,5.85533042935751,0.543943802908086,1,"Tars","Prg2",0.2,0.04
0.409082401875688,5.87893014991201,0.543943802908086,1,"Zfp638","Prg2",0.2,0.04
0.409082401875688,5.87893014991201,0.543943802908086,1,"Stk38","Prg2",0.2,0.04
0.409082401875688,5.87893014991201,0.543943802908086,1,"Chaf1a","Prg2",0.2,0.04
-0.40885685509765,5.87662504508513,0.543943802908087,1,"Nbdy","Prg2",0.2,0.04
-0.40885685509765,5.87662504508513,0.543943802908087,1,"Tmem33","Prg2",0.2,0.04
-0.40885685509765,5.87662504508513,0.543943802908087,1,"Diablo","Prg2",0.2,0.04
-0.40885685509765,5.87662504508513,0.543943802908087,1,"Aasdhppt","Prg2",0.2,0.04
-0.40885685509765,5.87662504508513,0.543943802908087,1,"Wbp2","Prg2",0.2,0.04
-0.40885685509765,5.87662504508513,0.543943802908087,1,"Sel1l","Prg2",0.2,0.04
-0.40885685509765,5.87662504508513,0.543943802908087,1,"Lrpprc","Prg2",0.2,0.04
-0.291331089314181,8.09830052236009,0.544990096820987,1,"Psmb5","Prg2",0.2,0.04
-0.279950438013703,8.46157645014901,0.545426833571586,1,"Morf4l1","Prg2",0.2,0.04
-0.302907831975525,7.80625560190103,0.545614674922837,1,"Ndufc2","Prg2",0.2,0.04
0.748839409225319,4.58382530598437,0.546614290841344,1,"Pou2f1","Prg2",0.2,0.04
0.748839409225319,4.58382530598437,0.546614290841344,1,"Ncoa3","Prg2",0.2,0.04
0.748839409225319,4.58382530598437,0.546614290841344,1,"Phc3","Prg2",0.2,0.04
0.748839409225319,4.58382530598437,0.546614290841344,1,"Zfp746","Prg2",0.2,0.04
0.748839409225319,4.58382530598437,0.546614290841344,1,"Ccdc61","Prg2",0.2,0.04
0.748839409225319,4.58382530598437,0.546614290841344,1,"Nek1","Prg2",0.2,0.04
0.748839409225319,4.58382530598437,0.546614290841344,1,"Casp4","Prg2",0.2,0.04
0.748839409225319,4.58382530598437,0.546614290841344,1,"Tyk2","Prg2",0.2,0.04
0.748839409225319,4.58382530598437,0.546614290841344,1,"Cdc27","Prg2",0.2,0.04
0.748839409225319,4.58382530598437,0.546614290841344,1,"Foxk2","Prg2",0.2,0.04
0.748839409225319,4.58382530598437,0.546614290841344,1,"Nudcd1","Prg2",0.2,0.04
-0.715979760885955,4.59474469114425,0.546614290841344,1,"Bcs1l","Prg2",0.2,0.04
-0.715979760885955,4.59474469114425,0.546614290841344,1,"Ptbp2","Prg2",0.2,0.04
-0.715979760885955,4.59474469114425,0.546614290841344,1,"Galt","Prg2",0.2,0.04
-0.715979760885955,4.59474469114425,0.546614290841344,1,"Icmt","Prg2",0.2,0.04
-0.715979760885955,4.59474469114425,0.546614290841344,1,"Ankib1","Prg2",0.2,0.04
-0.715979760885955,4.59474469114425,0.546614290841344,1,"Fam69a","Prg2",0.2,0.04
-0.715979760885955,4.59474469114425,0.546614290841344,1,"Mlxip","Prg2",0.2,0.04
-0.715979760885955,4.59474469114425,0.546614290841344,1,"Zfp113","Prg2",0.2,0.04
-0.715979760885955,4.59474469114425,0.546614290841344,1,"Map4k1","Prg2",0.2,0.04
-0.715979760885955,4.59474469114425,0.546614290841344,1,"Myo9b","Prg2",0.2,0.04
-0.715979760885955,4.59474469114425,0.546614290841344,1,"Nup133","Prg2",0.2,0.04
-0.715979760885955,4.59474469114425,0.546614290841344,1,"Chmp7","Prg2",0.2,0.04
-0.715979760885955,4.59474469114425,0.546614290841344,1,"Fbxl3","Prg2",0.2,0.04
-0.715979760885955,4.59474469114425,0.546614290841344,1,"Rgs14","Prg2",0.2,0.04
-0.715979760885955,4.59474469114425,0.546614290841344,1,"Josd1","Prg2",0.2,0.04
-0.715979760885955,4.59474469114425,0.546614290841344,1,"Mrps6","Prg2",0.2,0.04
-0.715979760885955,4.59474469114425,0.546614290841344,1,"Acat2","Prg2",0.2,0.04
-0.715979760885955,4.59474469114425,0.546614290841344,1,"Haghl","Prg2",0.2,0.04
-0.715979760885955,4.59474469114425,0.546614290841344,1,"Cul2","Prg2",0.2,0.04
-0.715979760885955,4.59474469114425,0.546614290841344,1,"Gypc","Prg2",0.2,0.04
-0.715979760885955,4.59474469114425,0.546614290841344,1,"Eml3","Prg2",0.2,0.04
0.272176407330556,8.78947360902795,0.546934139304171,1,"Rpl13a","Prg2",0.2,0.04
0.290906012713466,7.96028087227314,0.546942712559389,1,"Srsf6","Prg2",0.2,0.04
0.279546207874584,8.03931862389061,0.549060643783219,1,"Bclaf1","Prg2",0.2,0.04
0.342966919146006,6.58442252967262,0.549995178799154,1,"Cdc5l","Prg2",0.2,0.04
0.313315654676742,6.59828028834555,0.549995178799154,1,"Bfar","Prg2",0.2,0.04
-0.261355006041443,9.38707012994063,0.550993156591046,1,"Eif4a1","Prg2",0.2,0.04
-0.298201665145607,7.34345387338619,0.552571117951449,1,"Ube2l3","Prg2",0.2,0.04
0.30460066504656,6.94411426856547,0.552900313608639,1,"Itm2c","Prg2",0.2,0.04
0.383098069018069,6.1692677014795,0.553976180573443,1,"Tec","Prg2",0.2,0.04
0.383098069018069,6.1692677014795,0.553976180573443,1,"Kxd1","Prg2",0.2,0.04
0.383098069018069,6.1692677014795,0.553976180573443,1,"Cep128","Prg2",0.2,0.04
0.383098069018069,6.1692677014795,0.553976180573443,1,"Dnajc21","Prg2",0.2,0.04
0.34263521989351,6.18802273728254,0.553976180573443,1,"Ddx27","Prg2",0.2,0.04
0.34263521989351,6.18802273728254,0.553976180573443,1,"Cebpd","Prg2",0.2,0.04
0.34263521989351,6.18802273728254,0.553976180573443,1,"Uhrf2","Prg2",0.2,0.04
0.291128630778502,7.74864131593867,0.554326591615544,1,"Nono","Prg2",0.2,0.04
0.343109273575665,6.79895538092563,0.555109780956706,1,"Dctn1","Prg2",0.2,0.04
0.343109273575665,6.79895538092563,0.555109780956706,1,"Psmd6","Prg2",0.2,0.04
-0.325066770965255,6.80942076066072,0.555109780956706,1,"Sae1","Prg2",0.2,0.04
0.295142038370662,7.45663931356824,0.555391508112141,1,"Morf4l2","Prg2",0.2,0.04
-0.399556236906236,5.95179983137119,0.555948409189117,1,"Kdm1a","Prg2",0.2,0.04
-0.399556236906236,5.95179983137119,0.555948409189117,1,"Atad3a","Prg2",0.2,0.04
-0.399556236906236,5.95179983137119,0.555948409189117,1,"Dctn2","Prg2",0.2,0.04
-0.399556236906236,5.95179983137119,0.555948409189117,1,"Chd1","Prg2",0.2,0.04
-0.361242660687482,5.92980788195547,0.555948409189117,1,"Hk2","Prg2",0.2,0.04
-0.361242660687482,5.92980788195547,0.555948409189117,1,"Ddx47","Prg2",0.2,0.04
-0.361242660687482,5.92980788195547,0.555948409189117,1,"Commd4","Prg2",0.2,0.04
-0.361242660687482,5.92980788195547,0.555948409189117,1,"As3mt","Prg2",0.2,0.04
0.455611162795396,5.16371118708868,0.556403055150942,1,"Agfg1","Prg2",0.2,0.04
0.455611162795396,5.16371118708868,0.556403055150942,1,"Cd82","Prg2",0.2,0.04
0.455611162795396,5.16371118708868,0.556403055150942,1,"Ift52","Prg2",0.2,0.04
0.455611162795396,5.16371118708868,0.556403055150942,1,"Mpp1","Prg2",0.2,0.04
0.455611162795396,5.16371118708868,0.556403055150942,1,"Nfat5","Prg2",0.2,0.04
0.455611162795396,5.16371118708868,0.556403055150942,1,"Exoc5","Prg2",0.2,0.04
0.455611162795396,5.16371118708868,0.556403055150942,1,"Cep295","Prg2",0.2,0.04
0.455611162795396,5.16371118708868,0.556403055150942,1,"Zfp672","Prg2",0.2,0.04
0.455611162795396,5.16371118708868,0.556403055150942,1,"Gabpa","Prg2",0.2,0.04
0.455611162795396,5.16371118708868,0.556403055150942,1,"Gnl1","Prg2",0.2,0.04
0.455611162795396,5.16371118708868,0.556403055150942,1,"Zfpl1","Prg2",0.2,0.04
-0.525962972190683,5.19958624194612,0.556403055150942,1,"Glul","Prg2",0.2,0.04
-0.525962972190683,5.19958624194612,0.556403055150942,1,"Vps16","Prg2",0.2,0.04
-0.525962972190683,5.19958624194612,0.556403055150942,1,"Cdc14a","Prg2",0.2,0.04
-0.525962972190683,5.19958624194612,0.556403055150942,1,"Plpp5","Prg2",0.2,0.04
-0.525962972190683,5.19958624194612,0.556403055150942,1,"Ankrd49","Prg2",0.2,0.04
-0.525962972190683,5.19958624194612,0.556403055150942,1,"Rab27a","Prg2",0.2,0.04
-0.525962972190683,5.19958624194612,0.556403055150942,1,"Trim11","Prg2",0.2,0.04
0.466651722335794,5.58412723977529,0.557319238044702,1,"Mre11a","Prg2",0.2,0.04
0.466651722335794,5.58412723977529,0.557319238044702,1,"Aplp2","Prg2",0.2,0.04
0.466651722335794,5.58412723977529,0.557319238044702,1,"Zzef1","Prg2",0.2,0.04
0.466651722335794,5.58412723977529,0.557319238044702,1,"Heatr6","Prg2",0.2,0.04
0.466651722335794,5.58412723977529,0.557319238044702,1,"Iars","Prg2",0.2,0.04
0.466651722335794,5.58412723977529,0.557319238044702,1,"Kansl2","Prg2",0.2,0.04
0.402966319162363,5.61286061175692,0.557319238044702,1,"Dph5","Prg2",0.2,0.04
0.402966319162363,5.61286061175692,0.557319238044702,1,"Plod3","Prg2",0.2,0.04
0.402966319162363,5.61286061175692,0.557319238044702,1,"Azi2","Prg2",0.2,0.04
0.402966319162363,5.61286061175692,0.557319238044702,1,"Fam172a","Prg2",0.2,0.04
-0.444716467278445,5.62424361384241,0.557319238044702,1,"Taf3","Prg2",0.2,0.04
-0.444716467278445,5.62424361384241,0.557319238044702,1,"Dr1","Prg2",0.2,0.04
-0.444716467278445,5.62424361384241,0.557319238044702,1,"Zfc3h1","Prg2",0.2,0.04
-0.444716467278445,5.62424361384241,0.557319238044702,1,"Tma16","Prg2",0.2,0.04
-0.444716467278445,5.62424361384241,0.557319238044702,1,"Pex13","Prg2",0.2,0.04
-0.444716467278445,5.62424361384241,0.557319238044702,1,"Slc45a4","Prg2",0.2,0.04
-0.33625183735994,6.63803254289082,0.557620986283675,1,"Pgd","Prg2",0.2,0.04
-0.33625183735994,6.63803254289082,0.557620986283675,1,"Rab11b","Prg2",0.2,0.04
-0.263539177550206,8.65872848404575,0.558206105057672,1,"Pfdn5","Prg2",0.2,0.04
0.283944465941064,7.68013798353713,0.559866966985879,1,"Luc7l3","Prg2",0.2,0.04
-0.350871520043438,6.44348151270669,0.560480603706121,1,"Usp14","Prg2",0.2,0.04
-0.271446361918935,8.2314513645292,0.560979004500454,1,"Calm3","Prg2",0.2,0.04
-0.265671995593351,8.85024592000099,0.561775159786781,1,"Hspe1","Prg2",0.2,0.04
0.287362112160114,7.86812665156318,0.563258336277503,1,"Timm13","Prg2",0.2,0.04
0.275600032977361,7.8736052091145,0.563258336277503,1,"Gsto1","Prg2",0.2,0.04
-0.401718429095367,6.23634070075974,0.56372522479346,1,"Anxa5","Prg2",0.2,0.04
-0.401718429095367,6.23634070075974,0.56372522479346,1,"Dera","Prg2",0.2,0.04
-0.370796041446534,6.21850942582275,0.56372522479346,1,"Pet100","Prg2",0.2,0.04
-0.370796041446534,6.21850942582275,0.56372522479346,1,"Bcap29","Prg2",0.2,0.04
0.355567144091204,6.2318097975204,0.56372522479346,1,"Aggf1","Prg2",0.2,0.04
0.333588177668293,6.66390715734584,0.565002344424095,1,"D16Ertd472e","Prg2",0.2,0.04
-0.33318543993696,6.68282746677562,0.565002344424095,1,"Slk","Prg2",0.2,0.04
-0.310521452277085,6.66995732526204,0.565002344424095,1,"Tcerg1","Prg2",0.2,0.04
0.292861161522816,7.39197069926318,0.56669617850436,1,"Grk2","Prg2",0.2,0.04
0.373950276505069,5.95517553994149,0.567341561706649,1,"Ctsa","Prg2",0.2,0.04
0.373950276505069,5.95517553994149,0.567341561706649,1,"Cnot2","Prg2",0.2,0.04
0.373950276505069,5.95517553994149,0.567341561706649,1,"Cmc2","Prg2",0.2,0.04
0.373950276505069,5.95517553994149,0.567341561706649,1,"Alkbh1","Prg2",0.2,0.04
0.373950276505069,5.95517553994149,0.567341561706649,1,"Nup50","Prg2",0.2,0.04
0.373950276505069,5.95517553994149,0.567341561706649,1,"Senp1","Prg2",0.2,0.04
0.373950276505069,5.95517553994149,0.567341561706649,1,"Yipf3","Prg2",0.2,0.04
-0.305989665001283,7.16555699385566,0.567517979005026,1,"Tmco1","Prg2",0.2,0.04
-0.342525852512757,6.86056624119588,0.568308329340182,1,"Adk","Prg2",0.2,0.04
-0.322669335322204,6.8492631114953,0.568308329340182,1,"Rbbp6","Prg2",0.2,0.04
0.301899751780847,6.85105639205604,0.568308329340183,1,"B4galt6","Prg2",0.2,0.04
0.301899751780847,6.85105639205604,0.568308329340183,1,"Galnt1","Prg2",0.2,0.04
-0.346811248690853,6.49463597955661,0.568718250428858,1,"Slc3a2","Prg2",0.2,0.04
0.342876391739178,6.46393874108261,0.568718250428858,1,"Vasp","Prg2",0.2,0.04
-0.236042819804292,11.8432248531416,0.569674155191913,1,"Rpl3","Prg2",0.2,0.04
0.306975654211214,7.03155566797422,0.570819686068997,1,"Phip","Prg2",0.2,0.04
0.306975654211214,7.03155566797422,0.570819686068997,1,"Diaph1","Prg2",0.2,0.04
0.255163468139573,8.60506830999022,0.571026620128494,1,"Ywhae","Prg2",0.2,0.04
-0.385595484036794,5.68715954438066,0.571136298775435,1,"A630001G21Rik","Prg2",0.2,0.04
-0.385595484036794,5.68715954438066,0.571136298775435,1,"Gpr160","Prg2",0.2,0.04
-0.385595484036794,5.68715954438066,0.571136298775435,1,"Nol12","Prg2",0.2,0.04
-0.385595484036794,5.68715954438066,0.571136298775435,1,"Tuba1c","Prg2",0.2,0.04
-0.385595484036794,5.68715954438066,0.571136298775435,1,"Fibp","Prg2",0.2,0.04
0.41958651394305,5.67730606645328,0.571136298775435,1,"Ctdsp2","Prg2",0.2,0.04
0.41958651394305,5.67730606645328,0.571136298775435,1,"Stx8","Prg2",0.2,0.04
0.41958651394305,5.67730606645328,0.571136298775435,1,"Zfp24","Prg2",0.2,0.04
0.41958651394305,5.67730606645328,0.571136298775435,1,"Add3","Prg2",0.2,0.04
0.303855818566246,7.16953023367845,0.572785606607805,1,"Itga4","Prg2",0.2,0.04
-0.647978035318039,4.77137443426135,0.572981224910388,1,"Lmbrd1","Prg2",0.2,0.04
-0.647978035318039,4.77137443426135,0.572981224910388,1,"Lancl1","Prg2",0.2,0.04
-0.647978035318039,4.77137443426135,0.572981224910388,1,"Camsap1","Prg2",0.2,0.04
-0.647978035318039,4.77137443426135,0.572981224910388,1,"Fpgs","Prg2",0.2,0.04
-0.647978035318039,4.77137443426135,0.572981224910388,1,"Rap2c","Prg2",0.2,0.04
-0.647978035318039,4.77137443426135,0.572981224910388,1,"Rtca","Prg2",0.2,0.04
-0.647978035318039,4.77137443426135,0.572981224910388,1,"Ugdh","Prg2",0.2,0.04
-0.647978035318039,4.77137443426135,0.572981224910388,1,"Kbtbd2","Prg2",0.2,0.04
-0.647978035318039,4.77137443426135,0.572981224910388,1,"Akip1","Prg2",0.2,0.04
-0.647978035318039,4.77137443426135,0.572981224910388,1,"Cog7","Prg2",0.2,0.04
-0.647978035318039,4.77137443426135,0.572981224910388,1,"Ccdc6","Prg2",0.2,0.04
-0.647978035318039,4.77137443426135,0.572981224910388,1,"Socs4","Prg2",0.2,0.04
-0.647978035318039,4.77137443426135,0.572981224910388,1,"Tmem260","Prg2",0.2,0.04
-0.647978035318039,4.77137443426135,0.572981224910388,1,"Polr3d","Prg2",0.2,0.04
-0.647978035318039,4.77137443426135,0.572981224910388,1,"Nfrkb","Prg2",0.2,0.04
-0.647978035318039,4.77137443426135,0.572981224910388,1,"Csnk1g1","Prg2",0.2,0.04
-0.647978035318039,4.77137443426135,0.572981224910388,1,"Cwc25","Prg2",0.2,0.04
-0.647978035318039,4.77137443426135,0.572981224910388,1,"Kif2a","Prg2",0.2,0.04
-0.647978035318039,4.77137443426135,0.572981224910388,1,"Zfp410","Prg2",0.2,0.04
-0.647978035318039,4.77137443426135,0.572981224910388,1,"Mlst8","Prg2",0.2,0.04
-0.647978035318039,4.77137443426135,0.572981224910388,1,"Snx15","Prg2",0.2,0.04
-0.647978035318039,4.77137443426135,0.572981224910388,1,"Tmem2","Prg2",0.2,0.04
0.599314213440385,4.64301057109917,0.572981224910388,1,"Zfp281","Prg2",0.2,0.04
0.599314213440385,4.64301057109917,0.572981224910388,1,"Slc35a2","Prg2",0.2,0.04
0.599314213440385,4.64301057109917,0.572981224910388,1,"Dffa","Prg2",0.2,0.04
0.599314213440385,4.64301057109917,0.572981224910388,1,"Nfxl1","Prg2",0.2,0.04
0.599314213440385,4.64301057109917,0.572981224910388,1,"Nudt9","Prg2",0.2,0.04
0.599314213440385,4.64301057109917,0.572981224910388,1,"Ift22","Prg2",0.2,0.04
0.599314213440385,4.64301057109917,0.572981224910388,1,"Ubl3","Prg2",0.2,0.04
0.599314213440385,4.64301057109917,0.572981224910388,1,"Hilpda","Prg2",0.2,0.04
0.599314213440385,4.64301057109917,0.572981224910388,1,"Plxnd1","Prg2",0.2,0.04
0.599314213440385,4.64301057109917,0.572981224910388,1,"Nfkbib","Prg2",0.2,0.04
0.599314213440385,4.64301057109917,0.572981224910388,1,"C2cd3","Prg2",0.2,0.04
0.599314213440385,4.64301057109917,0.572981224910388,1,"Foxred1","Prg2",0.2,0.04
0.599314213440385,4.64301057109917,0.572981224910388,1,"Ints14","Prg2",0.2,0.04
0.599314213440385,4.64301057109917,0.572981224910388,1,"Acy1","Prg2",0.2,0.04
0.599314213440385,4.64301057109917,0.572981224910388,1,"Slfn9","Prg2",0.2,0.04
0.599314213440385,4.64301057109917,0.572981224910388,1,"Ogfod3","Prg2",0.2,0.04
0.599314213440385,4.64301057109917,0.572981224910388,1,"Gxylt1","Prg2",0.2,0.04
0.599314213440385,4.64301057109917,0.572981224910388,1,"Zbtb11","Prg2",0.2,0.04
0.599314213440385,4.64301057109917,0.572981224910388,1,"Mpp7","Prg2",0.2,0.04
-0.555803764983489,4.71875867538181,0.572981224910388,1,"Stk17b","Prg2",0.2,0.04
-0.555803764983489,4.71875867538181,0.572981224910388,1,"Uckl1","Prg2",0.2,0.04
-0.555803764983489,4.71875867538181,0.572981224910388,1,"Haus7","Prg2",0.2,0.04
-0.555803764983489,4.71875867538181,0.572981224910388,1,"Il2rg","Prg2",0.2,0.04
-0.555803764983489,4.71875867538181,0.572981224910388,1,"Zfp329","Prg2",0.2,0.04
-0.555803764983489,4.71875867538181,0.572981224910388,1,"Ercc1","Prg2",0.2,0.04
-0.555803764983489,4.71875867538181,0.572981224910388,1,"Pld3","Prg2",0.2,0.04
-0.555803764983489,4.71875867538181,0.572981224910388,1,"Whamm","Prg2",0.2,0.04
-0.555803764983489,4.71875867538181,0.572981224910388,1,"Zfp511","Prg2",0.2,0.04
-0.555803764983489,4.71875867538181,0.572981224910388,1,"Reps1","Prg2",0.2,0.04
-0.555803764983489,4.71875867538181,0.572981224910388,1,"S1pr4","Prg2",0.2,0.04
-0.555803764983489,4.71875867538181,0.572981224910388,1,"0610010F05Rik","Prg2",0.2,0.04
-0.555803764983489,4.71875867538181,0.572981224910388,1,"Med7","Prg2",0.2,0.04
-0.555803764983489,4.71875867538181,0.572981224910388,1,"Elp5","Prg2",0.2,0.04
-0.555803764983489,4.71875867538181,0.572981224910388,1,"Gtpbp1","Prg2",0.2,0.04
0.463841230840088,4.69962177150941,0.572981224910388,1,"Ormdl1","Prg2",0.2,0.04
0.463841230840088,4.69962177150941,0.572981224910388,1,"Cyb5r1","Prg2",0.2,0.04
0.463841230840088,4.69962177150941,0.572981224910388,1,"Nav1","Prg2",0.2,0.04
0.463841230840088,4.69962177150941,0.572981224910388,1,"Rapgef2","Prg2",0.2,0.04
0.463841230840088,4.69962177150941,0.572981224910388,1,"Nol9","Prg2",0.2,0.04
0.463841230840088,4.69962177150941,0.572981224910388,1,"Stx18","Prg2",0.2,0.04
0.463841230840088,4.69962177150941,0.572981224910388,1,"Lrrc8d","Prg2",0.2,0.04
0.463841230840088,4.69962177150941,0.572981224910388,1,"Pole","Prg2",0.2,0.04
0.463841230840088,4.69962177150941,0.572981224910388,1,"Rhbdd2","Prg2",0.2,0.04
0.463841230840088,4.69962177150941,0.572981224910388,1,"Tmem168","Prg2",0.2,0.04
0.463841230840088,4.69962177150941,0.572981224910388,1,"Zfp507","Prg2",0.2,0.04
0.463841230840088,4.69962177150941,0.572981224910388,1,"Tubgcp5","Prg2",0.2,0.04
0.463841230840088,4.69962177150941,0.572981224910388,1,"Pstk","Prg2",0.2,0.04
0.463841230840088,4.69962177150941,0.572981224910388,1,"Smim24","Prg2",0.2,0.04
0.463841230840088,4.69962177150941,0.572981224910388,1,"Tubgcp3","Prg2",0.2,0.04
0.463841230840088,4.69962177150941,0.572981224910388,1,"Dcaf15","Prg2",0.2,0.04
0.463841230840088,4.69962177150941,0.572981224910388,1,"Ctu2","Prg2",0.2,0.04
0.463841230840088,4.69962177150941,0.572981224910388,1,"Parp4","Prg2",0.2,0.04
0.463841230840088,4.69962177150941,0.572981224910388,1,"Cep70","Prg2",0.2,0.04
0.463841230840088,4.69962177150941,0.572981224910388,1,"Fam222b","Prg2",0.2,0.04
0.463841230840088,4.69962177150941,0.572981224910388,1,"Pip4k2b","Prg2",0.2,0.04
0.463841230840088,4.69962177150941,0.572981224910388,1,"Wars","Prg2",0.2,0.04
0.463841230840088,4.69962177150941,0.572981224910388,1,"Sqle","Prg2",0.2,0.04
0.463841230840088,4.69962177150941,0.572981224910388,1,"Brwd1","Prg2",0.2,0.04
0.463841230840088,4.69962177150941,0.572981224910388,1,"Sos1","Prg2",0.2,0.04
0.463841230840088,4.69962177150941,0.572981224910388,1,"Chuk","Prg2",0.2,0.04
0.463841230840088,4.69962177150941,0.572981224910388,1,"Shoc2","Prg2",0.2,0.04
0.367715196754119,6.27433577724115,0.573065643192098,1,"Tfrc","Prg2",0.2,0.04
0.367715196754119,6.27433577724115,0.573065643192098,1,"Umps","Prg2",0.2,0.04
-0.365166439165994,6.27812953655614,0.573065643192099,1,"Slc9a3r1","Prg2",0.2,0.04
-0.365166439165994,6.27812953655614,0.573065643192099,1,"Anapc11","Prg2",0.2,0.04
-0.287142891509461,7.64445698553131,0.573800158969753,1,"Prdx2","Prg2",0.2,0.04
0.475158117321601,5.25062266973749,0.574258647758074,1,"Grsf1","Prg2",0.2,0.04
0.475158117321601,5.25062266973749,0.574258647758074,1,"Picalm","Prg2",0.2,0.04
0.475158117321601,5.25062266973749,0.574258647758074,1,"Cry1","Prg2",0.2,0.04
0.475158117321601,5.25062266973749,0.574258647758074,1,"Otud4","Prg2",0.2,0.04
0.475158117321601,5.25062266973749,0.574258647758074,1,"Phkb","Prg2",0.2,0.04
0.475158117321601,5.25062266973749,0.574258647758074,1,"Clk3","Prg2",0.2,0.04
0.475158117321601,5.25062266973749,0.574258647758074,1,"Nck1","Prg2",0.2,0.04
0.475158117321601,5.25062266973749,0.574258647758074,1,"Tmem39a","Prg2",0.2,0.04
-0.439119321618492,5.28294811758356,0.574258647758074,1,"Ing5","Prg2",0.2,0.04
-0.439119321618492,5.28294811758356,0.574258647758074,1,"Cox19","Prg2",0.2,0.04
-0.439119321618492,5.28294811758356,0.574258647758074,1,"Zfp787","Prg2",0.2,0.04
-0.439119321618492,5.28294811758356,0.574258647758074,1,"E230032D23Rik","Prg2",0.2,0.04
-0.439119321618492,5.28294811758356,0.574258647758074,1,"Egln1","Prg2",0.2,0.04
-0.439119321618492,5.28294811758356,0.574258647758074,1,"3830406C13Rik","Prg2",0.2,0.04
-0.439119321618492,5.28294811758356,0.574258647758074,1,"Fam58b","Prg2",0.2,0.04
-0.256108826043975,8.81494902543638,0.574963929913577,1,"Metap2","Prg2",0.2,0.04
-0.318017894521678,6.52979423862954,0.57666153195636,1,"2310039H08Rik","Prg2",0.2,0.04
0.321918950604404,6.51502680359936,0.57666153195636,1,"Fcgr2b","Prg2",0.2,0.04
0.321918950604404,6.51502680359936,0.57666153195636,1,"R3hdm4","Prg2",0.2,0.04
0.388045898024062,6.00640808085571,0.578168145146774,1,"Man1a2","Prg2",0.2,0.04
0.388045898024062,6.00640808085571,0.578168145146774,1,"Atf7ip","Prg2",0.2,0.04
0.388045898024062,6.00640808085571,0.578168145146774,1,"Nmt1","Prg2",0.2,0.04
0.342469611880506,6.02752276833857,0.578168145146774,1,"Svip","Prg2",0.2,0.04
0.342469611880506,6.02752276833857,0.578168145146774,1,"Ktn1","Prg2",0.2,0.04
-0.391233031431313,6.02324613848759,0.578168145146774,1,"Pcm1","Prg2",0.2,0.04
-0.391233031431313,6.02324613848759,0.578168145146774,1,"Apex1","Prg2",0.2,0.04
0.273111171179561,7.33237914862465,0.579074877242557,1,"Lbr","Prg2",0.2,0.04
-0.330310369601912,6.72627223822368,0.57907504146469,1,"Polr2e","Prg2",0.2,0.04
-0.330310369601912,6.72627223822368,0.57907504146469,1,"Ube2e1","Prg2",0.2,0.04
-0.330310369601912,6.72627223822368,0.57907504146469,1,"Nudcd2","Prg2",0.2,0.04
-0.235399741267754,10.2644493456245,0.579804202772243,1,"Sec61b","Prg2",0.2,0.04
-0.330951028282959,6.31878827150621,0.582021882840821,1,"Pkig","Prg2",0.2,0.04
-0.330951028282959,6.31878827150621,0.582021882840821,1,"Vkorc1","Prg2",0.2,0.04
0.29373000975321,7.06611750816588,0.582021892979663,1,"Cd48","Prg2",0.2,0.04
0.259129389531714,7.86507495430699,0.58239811109377,1,"Fam49b","Prg2",0.2,0.04
-0.303168242349304,7.22732693354475,0.582961858220899,1,"Uqcrc2","Prg2",0.2,0.04
-0.303168242349304,7.22732693354475,0.582961858220899,1,"Pitpna","Prg2",0.2,0.04
-0.303168242349304,7.22732693354475,0.582961858220899,1,"Psmb9","Prg2",0.2,0.04
-0.227990024378812,11.6954061845955,0.583429230144134,1,"Rpl14","Prg2",0.2,0.04
0.361068265626174,5.70413738696597,0.58410474260008,1,"Slc45a3","Prg2",0.2,0.04
0.361068265626174,5.70413738696597,0.58410474260008,1,"Keap1","Prg2",0.2,0.04
0.332704466215342,6.55013299499403,0.584325358147378,1,"Trnt1","Prg2",0.2,0.04
0.332704466215342,6.55013299499403,0.584325358147378,1,"Rtn4","Prg2",0.2,0.04
0.249794936292488,8.4416888322098,0.584543283278576,1,"Fut8","Prg2",0.2,0.04
-0.276820419591116,7.59182299386032,0.584724839090243,1,"Reep5","Prg2",0.2,0.04
0.24428309447211,8.81096261565233,0.585412902249396,1,"Pcbp2","Prg2",0.2,0.04
-0.327609256176724,6.76844590295733,0.585786581983505,1,"Lsm8","Prg2",0.2,0.04
-0.306285250532782,6.75635449058162,0.585786581983505,1,"Gadd45gip1","Prg2",0.2,0.04
-0.29765495061253,6.9520822630781,0.586754097925657,1,"Rsrc2","Prg2",0.2,0.04
-0.245919745383681,8.81943337772522,0.587173910366706,1,"Tagln2","Prg2",0.2,0.04
-0.38374073521669,6.09131654869425,0.588468868107536,1,"Ptpra","Prg2",0.2,0.04
-0.38374073521669,6.09131654869425,0.588468868107536,1,"Camta1","Prg2",0.2,0.04
-0.38374073521669,6.09131654869425,0.588468868107536,1,"Wsb1","Prg2",0.2,0.04
-0.38374073521669,6.09131654869425,0.588468868107536,1,"Riok1","Prg2",0.2,0.04
0.356960405934001,6.07629733099549,0.588468868107536,1,"Cr1l","Prg2",0.2,0.04
0.356960405934001,6.07629733099549,0.588468868107536,1,"Cep83","Prg2",0.2,0.04
-0.806954223136301,4.07632759065408,0.588481328606039,1,"Acsl3","Prg2",0.2,0.04
-0.806954223136301,4.07632759065408,0.588481328606039,1,"Pigc","Prg2",0.2,0.04
-0.806954223136301,4.07632759065408,0.588481328606039,1,"Crat","Prg2",0.2,0.04
-0.806954223136301,4.07632759065408,0.588481328606039,1,"St6galnac6","Prg2",0.2,0.04
-0.806954223136301,4.07632759065408,0.588481328606039,1,"Dnmt3b","Prg2",0.2,0.04
-0.806954223136301,4.07632759065408,0.588481328606039,1,"Manbal","Prg2",0.2,0.04
-0.806954223136301,4.07632759065408,0.588481328606039,1,"Chm","Prg2",0.2,0.04
-0.806954223136301,4.07632759065408,0.588481328606039,1,"Tmub1","Prg2",0.2,0.04
-0.806954223136301,4.07632759065408,0.588481328606039,1,"Rbm19","Prg2",0.2,0.04
-0.806954223136301,4.07632759065408,0.588481328606039,1,"Cyth3","Prg2",0.2,0.04
-0.806954223136301,4.07632759065408,0.588481328606039,1,"Pot1a","Prg2",0.2,0.04
-0.806954223136301,4.07632759065408,0.588481328606039,1,"Elmod3","Prg2",0.2,0.04
-0.806954223136301,4.07632759065408,0.588481328606039,1,"Apobec1","Prg2",0.2,0.04
-0.806954223136301,4.07632759065408,0.588481328606039,1,"Slc2a3","Prg2",0.2,0.04
-0.806954223136301,4.07632759065408,0.588481328606039,1,"Ccdc91","Prg2",0.2,0.04
-0.806954223136301,4.07632759065408,0.588481328606039,1,"Zfp524","Prg2",0.2,0.04
-0.806954223136301,4.07632759065408,0.588481328606039,1,"Tlnrd1","Prg2",0.2,0.04
-0.806954223136301,4.07632759065408,0.588481328606039,1,"BC017158","Prg2",0.2,0.04
-0.806954223136301,4.07632759065408,0.588481328606039,1,"Ahi1","Prg2",0.2,0.04
-0.806954223136301,4.07632759065408,0.588481328606039,1,"Zfp961","Prg2",0.2,0.04
-0.806954223136301,4.07632759065408,0.588481328606039,1,"Poc1a","Prg2",0.2,0.04
-0.806954223136301,4.07632759065408,0.588481328606039,1,"Sp2","Prg2",0.2,0.04
-0.806954223136301,4.07632759065408,0.588481328606039,1,"Fastkd3","Prg2",0.2,0.04
-0.806954223136301,4.07632759065408,0.588481328606039,1,"Egln3","Prg2",0.2,0.04
-0.806954223136301,4.07632759065408,0.588481328606039,1,"Gm28875","Prg2",0.2,0.04
-0.806954223136301,4.07632759065408,0.588481328606039,1,"Myo10","Prg2",0.2,0.04
-0.806954223136301,4.07632759065408,0.588481328606039,1,"Hgh1","Prg2",0.2,0.04
-0.806954223136301,4.07632759065408,0.588481328606039,1,"2610318N02Rik","Prg2",0.2,0.04
-0.806954223136301,4.07632759065408,0.588481328606039,1,"Txnrd2","Prg2",0.2,0.04
-0.806954223136301,4.07632759065408,0.588481328606039,1,"Nsun3","Prg2",0.2,0.04
-0.806954223136301,4.07632759065408,0.588481328606039,1,"H2-M3","Prg2",0.2,0.04
-0.806954223136301,4.07632759065408,0.588481328606039,1,"0610009O20Rik","Prg2",0.2,0.04
-0.806954223136301,4.07632759065408,0.588481328606039,1,"Ndst1","Prg2",0.2,0.04
-0.248195808956159,8.27834560602188,0.589017312782083,1,"Rhoa","Prg2",0.2,0.04
0.225786641650124,10.963706263447,0.589410037910713,1,"mt-Nd2","Prg2",0.2,0.04
0.342767822210315,6.33253006981307,0.590616559986673,1,"Hexb","Prg2",0.2,0.04
0.30728161583686,6.34917225643576,0.590616559986673,1,"Tpd52l2","Prg2",0.2,0.04
0.492332054543333,5.33271256730518,0.59066843151979,1,"Pdk3","Prg2",0.2,0.04
0.492332054543333,5.33271256730518,0.59066843151979,1,"Cenpe","Prg2",0.2,0.04
0.492332054543333,5.33271256730518,0.59066843151979,1,"Lzic","Prg2",0.2,0.04
0.492332054543333,5.33271256730518,0.59066843151979,1,"2210016L21Rik","Prg2",0.2,0.04
0.492332054543333,5.33271256730518,0.59066843151979,1,"Hmbox1","Prg2",0.2,0.04
0.492332054543333,5.33271256730518,0.59066843151979,1,"Sin3a","Prg2",0.2,0.04
0.492332054543333,5.33271256730518,0.59066843151979,1,"Tle3","Prg2",0.2,0.04
0.492332054543333,5.33271256730518,0.59066843151979,1,"Zbtb38","Prg2",0.2,0.04
0.492332054543333,5.33271256730518,0.59066843151979,1,"Sft2d1","Prg2",0.2,0.04
0.492332054543333,5.33271256730518,0.59066843151979,1,"Zfp35","Prg2",0.2,0.04
0.492332054543333,5.33271256730518,0.59066843151979,1,"Sgms1","Prg2",0.2,0.04
0.41498684957327,5.36719122359005,0.59066843151979,1,"Aida","Prg2",0.2,0.04
0.41498684957327,5.36719122359005,0.59066843151979,1,"Lrwd1","Prg2",0.2,0.04
0.41498684957327,5.36719122359005,0.59066843151979,1,"Gmcl1","Prg2",0.2,0.04
0.41498684957327,5.36719122359005,0.59066843151979,1,"Ints13","Prg2",0.2,0.04
0.41498684957327,5.36719122359005,0.59066843151979,1,"Cd3eap","Prg2",0.2,0.04
0.41498684957327,5.36719122359005,0.59066843151979,1,"Ube2z","Prg2",0.2,0.04
0.41498684957327,5.36719122359005,0.59066843151979,1,"Men1","Prg2",0.2,0.04
0.238844635162326,8.73469588213206,0.590794451319232,1,"Atp5j","Prg2",0.2,0.04
-0.33952932522915,6.59180080844172,0.591723703365314,1,"Runx3","Prg2",0.2,0.04
-0.315345652618523,6.57804651766926,0.591723703365314,1,"Fgfr1op2","Prg2",0.2,0.04
-0.315345652618523,6.57804651766926,0.591723703365314,1,"Lsm12","Prg2",0.2,0.04
-0.315345652618523,6.57804651766926,0.591723703365314,1,"Nsd1","Prg2",0.2,0.04
-0.304355042769128,6.79768485480389,0.592294144647179,1,"Lrrc59","Prg2",0.2,0.04
0.276194896627371,7.50772154496041,0.592547265689603,1,"Taok3","Prg2",0.2,0.04
-0.282349950263879,7.39052961391079,0.592633324008409,1,"Tsc22d4","Prg2",0.2,0.04
0.288946729177582,7.1234515669005,0.592676771771999,1,"Mtpn","Prg2",0.2,0.04
-0.270882397501033,7.2699029236671,0.59268451843884,1,"Ltb4r1","Prg2",0.2,0.04
-0.226858334294366,9.92185904936975,0.593514048040491,1,"Rpl22l1","Prg2",0.2,0.04
-0.236602050785471,9.06285607097362,0.594806075121885,1,"Ifitm2","Prg2",0.2,0.04
-0.262354216592686,7.74153905089226,0.595846404162042,1,"Ndufb3","Prg2",0.2,0.04
-0.515367262872766,4.88186153878727,0.596165028105906,1,"Mfap1a","Prg2",0.2,0.04
-0.515367262872766,4.88186153878727,0.596165028105906,1,"Armcx2","Prg2",0.2,0.04
-0.515367262872766,4.88186153878727,0.596165028105906,1,"Scnm1","Prg2",0.2,0.04
-0.515367262872766,4.88186153878727,0.596165028105906,1,"Txndc12","Prg2",0.2,0.04
-0.515367262872766,4.88186153878727,0.596165028105906,1,"Galnt11","Prg2",0.2,0.04
-0.515367262872766,4.88186153878727,0.596165028105906,1,"Uba6","Prg2",0.2,0.04
-0.515367262872766,4.88186153878727,0.596165028105906,1,"Bmt2","Prg2",0.2,0.04
-0.515367262872766,4.88186153878727,0.596165028105906,1,"Zfp637","Prg2",0.2,0.04
-0.515367262872766,4.88186153878727,0.596165028105906,1,"Map2k7","Prg2",0.2,0.04
-0.515367262872766,4.88186153878727,0.596165028105906,1,"Comtd1","Prg2",0.2,0.04
-0.515367262872766,4.88186153878727,0.596165028105906,1,"Rmnd5b","Prg2",0.2,0.04
-0.515367262872766,4.88186153878727,0.596165028105906,1,"Tmub2","Prg2",0.2,0.04
-0.515367262872766,4.88186153878727,0.596165028105906,1,"Aaed1","Prg2",0.2,0.04
-0.515367262872766,4.88186153878727,0.596165028105906,1,"Ttc37","Prg2",0.2,0.04
-0.515367262872766,4.88186153878727,0.596165028105906,1,"Fcho2","Prg2",0.2,0.04
-0.515367262872766,4.88186153878727,0.596165028105906,1,"L2hgdh","Prg2",0.2,0.04
-0.515367262872766,4.88186153878727,0.596165028105906,1,"Xrcc6","Prg2",0.2,0.04
-0.515367262872766,4.88186153878727,0.596165028105906,1,"Lztr1","Prg2",0.2,0.04
-0.515367262872766,4.88186153878727,0.596165028105906,1,"Guca1a","Prg2",0.2,0.04
-0.515367262872766,4.88186153878727,0.596165028105906,1,"Sdhaf2","Prg2",0.2,0.04
0.490533705989706,4.81752776838664,0.596165028105906,1,"Dstyk","Prg2",0.2,0.04
0.490533705989706,4.81752776838664,0.596165028105906,1,"Epc2","Prg2",0.2,0.04
0.490533705989706,4.81752776838664,0.596165028105906,1,"Plekha3","Prg2",0.2,0.04
0.490533705989706,4.81752776838664,0.596165028105906,1,"Arnt","Prg2",0.2,0.04
0.490533705989706,4.81752776838664,0.596165028105906,1,"Nsmaf","Prg2",0.2,0.04
0.490533705989706,4.81752776838664,0.596165028105906,1,"Pink1","Prg2",0.2,0.04
0.490533705989706,4.81752776838664,0.596165028105906,1,"Pcgf3","Prg2",0.2,0.04
0.490533705989706,4.81752776838664,0.596165028105906,1,"Agk","Prg2",0.2,0.04
0.490533705989706,4.81752776838664,0.596165028105906,1,"Tmem40","Prg2",0.2,0.04
0.490533705989706,4.81752776838664,0.596165028105906,1,"Ap2a1","Prg2",0.2,0.04
0.490533705989706,4.81752776838664,0.596165028105906,1,"Fchsd2","Prg2",0.2,0.04
0.490533705989706,4.81752776838664,0.596165028105906,1,"Pip5k1c","Prg2",0.2,0.04
0.490533705989706,4.81752776838664,0.596165028105906,1,"Brip1os","Prg2",0.2,0.04
0.490533705989706,4.81752776838664,0.596165028105906,1,"Arhgap5","Prg2",0.2,0.04
0.490533705989706,4.81752776838664,0.596165028105906,1,"Acap2","Prg2",0.2,0.04
0.490533705989706,4.81752776838664,0.596165028105906,1,"Tbp","Prg2",0.2,0.04
0.490533705989706,4.81752776838664,0.596165028105906,1,"Bicral","Prg2",0.2,0.04
0.490533705989706,4.81752776838664,0.596165028105906,1,"Syvn1","Prg2",0.2,0.04
0.490533705989706,4.81752776838664,0.596165028105906,1,"Cep78","Prg2",0.2,0.04
-0.264088262680078,7.63159720709423,0.596197581984865,1,"Ube2i","Prg2",0.2,0.04
-0.419318027849097,5.79731089621878,0.596300967320103,1,"Tlk1","Prg2",0.2,0.04
-0.419318027849097,5.79731089621878,0.596300967320103,1,"Trim45","Prg2",0.2,0.04
-0.419318027849097,5.79731089621878,0.596300967320103,1,"Fam103a1","Prg2",0.2,0.04
-0.419318027849097,5.79731089621878,0.596300967320103,1,"Fuca2","Prg2",0.2,0.04
-0.419318027849097,5.79731089621878,0.596300967320103,1,"Rwdd4a","Prg2",0.2,0.04
0.378481101501018,5.76472490045248,0.596300967320103,1,"2610002M06Rik","Prg2",0.2,0.04
0.378481101501018,5.76472490045248,0.596300967320103,1,"Setd7","Prg2",0.2,0.04
0.378481101501018,5.76472490045248,0.596300967320103,1,"Cpne3","Prg2",0.2,0.04
0.378481101501018,5.76472490045248,0.596300967320103,1,"Arid3a","Prg2",0.2,0.04
0.378481101501018,5.76472490045248,0.596300967320103,1,"Pafah1b2","Prg2",0.2,0.04
0.378481101501018,5.76472490045248,0.596300967320103,1,"Rrp1b","Prg2",0.2,0.04
-0.376450421074541,5.77266887742427,0.596300967320103,1,"Pih1d1","Prg2",0.2,0.04
-0.376450421074541,5.77266887742427,0.596300967320103,1,"Ankra2","Prg2",0.2,0.04
-0.376450421074541,5.77266887742427,0.596300967320103,1,"Tcof1","Prg2",0.2,0.04
-0.376450421074541,5.77266887742427,0.596300967320103,1,"Mfsd13a","Prg2",0.2,0.04
0.251269754922171,8.09503541291131,0.597444593093628,1,"Hnrnpm","Prg2",0.2,0.04
0.290588285655871,6.98082059532004,0.598229773086839,1,"Copa","Prg2",0.2,0.04
0.290588285655871,6.98082059532004,0.598229773086839,1,"Sptbn1","Prg2",0.2,0.04
0.290588285655871,6.98082059532004,0.598229773086839,1,"Cbx5","Prg2",0.2,0.04
-0.343913281322675,6.13739397383473,0.598280716632924,1,"Bri3","Prg2",0.2,0.04
-0.343913281322675,6.13739397383473,0.598280716632924,1,"Usp47","Prg2",0.2,0.04
0.317645008863249,6.81081418226855,0.598606518075154,1,"Psmb7","Prg2",0.2,0.04
0.29262241627074,6.82256609149181,0.598606518075154,1,"Nipbl","Prg2",0.2,0.04
0.29262241627074,6.82256609149181,0.598606518075154,1,"Cerk","Prg2",0.2,0.04
0.29262241627074,6.82256609149181,0.598606518075154,1,"Eif1a","Prg2",0.2,0.04
0.284261550805172,6.6119916511638,0.598869672222677,1,"Phf3","Prg2",0.2,0.04
0.319809460894459,6.38842759179129,0.598870616769791,1,"Noc2l","Prg2",0.2,0.04
-0.35525599209725,6.39044444648642,0.598870616769791,1,"Commd3","Prg2",0.2,0.04
-0.35525599209725,6.39044444648642,0.598870616769791,1,"Hdac2","Prg2",0.2,0.04
-0.35525599209725,6.39044444648642,0.598870616769791,1,"Il15","Prg2",0.2,0.04
-0.240823541386641,8.56484669001149,0.599382482690992,1,"Tma7","Prg2",0.2,0.04
-0.218768397227807,11.1980051953042,0.600793832898065,1,"Rpl24","Prg2",0.2,0.04
0.266725168915614,7.42648318853001,0.601217048257427,1,"Tmem14c","Prg2",0.2,0.04
0.266725168915614,7.42648318853001,0.601217048257427,1,"Atad2","Prg2",0.2,0.04
-0.284890685808973,7.30715547748767,0.601981695285002,1,"Magoh","Prg2",0.2,0.04
-0.284890685808973,7.30715547748767,0.601981695285002,1,"D8Ertd738e","Prg2",0.2,0.04
-0.270267239959386,7.29897417468102,0.601981695285002,1,"Dctpp1","Prg2",0.2,0.04
0.283601123942353,7.30374369695988,0.601981695285002,1,"Capza1","Prg2",0.2,0.04
-0.26058872028784,7.86327608644666,0.601998174581171,1,"Psma4","Prg2",0.2,0.04
0.237654411618336,8.45831891782977,0.602380382131761,1,"Rpn1","Prg2",0.2,0.04
-0.216590628682075,11.6673494081004,0.602550540452259,1,"Rpl7","Prg2",0.2,0.04
-0.294809672828152,7.0234902963715,0.603739784165283,1,"Ube2e3","Prg2",0.2,0.04
-0.294809672828152,7.0234902963715,0.603739784165283,1,"Map1lc3b","Prg2",0.2,0.04
0.277285159392014,7.01660230529114,0.603739784165284,1,"Cisd2","Prg2",0.2,0.04
0.277285159392014,7.01660230529114,0.603739784165284,1,"Dnajb6","Prg2",0.2,0.04
-0.240811078248847,8.46582484340505,0.604528015094004,1,"Serp1","Prg2",0.2,0.04
-0.302535704694299,6.83786266249046,0.604732021449833,1,"Surf4","Prg2",0.2,0.04
0.273146914840448,7.44536339143402,0.605380078019513,1,"Sfxn1","Prg2",0.2,0.04
0.295209074598111,6.64484650272599,0.605775560818799,1,"Cul3","Prg2",0.2,0.04
0.295209074598111,6.64484650272599,0.605775560818799,1,"Snrpb2","Prg2",0.2,0.04
0.295209074598111,6.64484650272599,0.605775560818799,1,"Cnot6l","Prg2",0.2,0.04
-0.287495735034511,6.65696031544578,0.605775560818799,1,"Psme2","Prg2",0.2,0.04
-0.478570648526418,5.42750821758898,0.605806649571442,1,"5031425E22Rik","Prg2",0.2,0.04
-0.478570648526418,5.42750821758898,0.605806649571442,1,"Babam2","Prg2",0.2,0.04
-0.478570648526418,5.42750821758898,0.605806649571442,1,"Aimp2","Prg2",0.2,0.04
-0.478570648526418,5.42750821758898,0.605806649571442,1,"Ppfia1","Prg2",0.2,0.04
-0.478570648526418,5.42750821758898,0.605806649571442,1,"Dnajb1","Prg2",0.2,0.04
-0.478570648526418,5.42750821758898,0.605806649571442,1,"Rbm15b","Prg2",0.2,0.04
-0.478570648526418,5.42750821758898,0.605806649571442,1,"Sec24a","Prg2",0.2,0.04
-0.478570648526418,5.42750821758898,0.605806649571442,1,"Cfl2","Prg2",0.2,0.04
-0.478570648526418,5.42750821758898,0.605806649571442,1,"Cenpm","Prg2",0.2,0.04
-0.478570648526418,5.42750821758898,0.605806649571442,1,"Xpnpep1","Prg2",0.2,0.04
-0.223543437152415,9.35958773061457,0.605903246359563,1,"Anp32b","Prg2",0.2,0.04
0.331656240375523,6.42666615841729,0.606803464102434,1,"Zc3h13","Prg2",0.2,0.04
-0.323983454231695,6.42815187369069,0.606803464102434,1,"Naxd","Prg2",0.2,0.04
-0.323983454231695,6.42815187369069,0.606803464102434,1,"Zfp330","Prg2",0.2,0.04
0.328840450136478,6.14289838985518,0.607637354435199,1,"Ccnh","Prg2",0.2,0.04
0.328840450136478,6.14289838985518,0.607637354435199,1,"Ubr2","Prg2",0.2,0.04
-0.36839400597309,5.85338166000977,0.60779247807313,1,"Usp8","Prg2",0.2,0.04
-0.36839400597309,5.85338166000977,0.60779247807313,1,"Commd2","Prg2",0.2,0.04
-0.36839400597309,5.85338166000977,0.60779247807313,1,"Gemin7","Prg2",0.2,0.04
-0.36839400597309,5.85338166000977,0.60779247807313,1,"Actr10","Prg2",0.2,0.04
-0.36839400597309,5.85338166000977,0.60779247807313,1,"Gm8186","Prg2",0.2,0.04
-0.36839400597309,5.85338166000977,0.60779247807313,1,"Rbm27","Prg2",0.2,0.04
0.394426166997419,5.82292952105307,0.60779247807313,1,"Tor1aip1","Prg2",0.2,0.04
0.394426166997419,5.82292952105307,0.60779247807313,1,"Cse1l","Prg2",0.2,0.04
0.394426166997419,5.82292952105307,0.60779247807313,1,"Cdipt","Prg2",0.2,0.04
0.394426166997419,5.82292952105307,0.60779247807313,1,"Wdr18","Prg2",0.2,0.04
0.394426166997419,5.82292952105307,0.60779247807313,1,"Nfatc3","Prg2",0.2,0.04
0.342256923480171,5.84705798024253,0.60779247807313,1,"Scfd1","Prg2",0.2,0.04
0.228377677795169,9.11746892132722,0.609013928481491,1,"Mif","Prg2",0.2,0.04
-0.229059546777311,8.60547818778014,0.609278241144359,1,"Gpx4","Prg2",0.2,0.04
0.27771607917022,6.86246709777071,0.61067853265806,1,"Cnot1","Prg2",0.2,0.04
-0.2341793734578,8.436334726208,0.611709819469443,1,"Vapa","Prg2",0.2,0.04
0.305659027805465,6.67698519339649,0.612452913648657,1,"Syngr2","Prg2",0.2,0.04
0.305659027805465,6.67698519339649,0.612452913648657,1,"Dlst","Prg2",0.2,0.04
-0.240702547842226,7.81252249449743,0.612619464806802,1,"Psme1","Prg2",0.2,0.04
-0.320889439425291,6.47986943140577,0.614433111697121,1,"Atp6v0d1","Prg2",0.2,0.04
-0.294493341878752,6.46493503066262,0.614433111697121,1,"Usp9x","Prg2",0.2,0.04
-0.294493341878752,6.46493503066262,0.614433111697121,1,"Clns1a","Prg2",0.2,0.04
-0.208184453914011,12.2387254611153,0.61516445001074,1,"Rpl41","Prg2",0.2,0.04
-0.216686780466737,9.87393577791755,0.615493685130734,1,"Rpl31","Prg2",0.2,0.04
0.303276328560748,6.2065087602918,0.616569475849688,1,"Ptp4a1","Prg2",0.2,0.04
0.303276328560748,6.2065087602918,0.616569475849688,1,"Vav1","Prg2",0.2,0.04
-0.339196326407663,6.2004320282295,0.616569475849688,1,"Nipsnap3b","Prg2",0.2,0.04
-0.339196326407663,6.2004320282295,0.616569475849688,1,"Rab38","Prg2",0.2,0.04
-0.339196326407663,6.2004320282295,0.616569475849688,1,"Lcmt1","Prg2",0.2,0.04
0.512788055828067,4.92673302870742,0.616742498947863,1,"Sft2d2","Prg2",0.2,0.04
0.512788055828067,4.92673302870742,0.616742498947863,1,"Pip4k2a","Prg2",0.2,0.04
0.512788055828067,4.92673302870742,0.616742498947863,1,"Rc3h2","Prg2",0.2,0.04
0.512788055828067,4.92673302870742,0.616742498947863,1,"Rad51","Prg2",0.2,0.04
0.512788055828067,4.92673302870742,0.616742498947863,1,"Sash3","Prg2",0.2,0.04
0.512788055828067,4.92673302870742,0.616742498947863,1,"Zgrf1","Prg2",0.2,0.04
0.512788055828067,4.92673302870742,0.616742498947863,1,"Grwd1","Prg2",0.2,0.04
0.512788055828067,4.92673302870742,0.616742498947863,1,"Map3k5","Prg2",0.2,0.04
0.512788055828067,4.92673302870742,0.616742498947863,1,"Eaf1","Prg2",0.2,0.04
0.512788055828067,4.92673302870742,0.616742498947863,1,"Trak1","Prg2",0.2,0.04
0.512788055828067,4.92673302870742,0.616742498947863,1,"Mfng","Prg2",0.2,0.04
0.512788055828067,4.92673302870742,0.616742498947863,1,"Pphln1","Prg2",0.2,0.04
-0.271523967645174,7.24023306444197,0.617156209129207,1,"Ttc14","Prg2",0.2,0.04
-0.256119816974236,7.23164406875653,0.617156209129207,1,"Tnrc6b","Prg2",0.2,0.04
0.24136498352054,8.09969108329764,0.617272682879077,1,"Fubp1","Prg2",0.2,0.04
-0.32188376935472,5.90743904734207,0.618639130878945,1,"Tiprl","Prg2",0.2,0.04
-0.32188376935472,5.90743904734207,0.618639130878945,1,"Emc3","Prg2",0.2,0.04
-0.32188376935472,5.90743904734207,0.618639130878945,1,"Anapc16","Prg2",0.2,0.04
0.358733996703939,5.90210402063195,0.618639130878946,1,"Rnf149","Prg2",0.2,0.04
0.358733996703939,5.90210402063195,0.618639130878946,1,"Kif15","Prg2",0.2,0.04
0.358733996703939,5.90210402063195,0.618639130878946,1,"Hist1h2bc","Prg2",0.2,0.04
0.315644835331822,6.70843792584671,0.618912576397708,1,"Eif4e","Prg2",0.2,0.04
-0.308336782911667,6.71380343519292,0.618912576397708,1,"Ola1","Prg2",0.2,0.04
-0.308336782911667,6.71380343519292,0.618912576397708,1,"Cggbp1","Prg2",0.2,0.04
0.269811794472216,7.38019908266674,0.619401659889615,1,"Lman1","Prg2",0.2,0.04
-0.275194708041984,7.08196292308613,0.619425354861731,1,"Rer1","Prg2",0.2,0.04
-0.275194708041984,7.08196292308613,0.619425354861731,1,"Smim11","Prg2",0.2,0.04
0.273018281557083,7.07588068593742,0.619425354861731,1,"Sypl","Prg2",0.2,0.04
0.252599693214244,7.08557184928453,0.619425354861731,1,"Arhgap15","Prg2",0.2,0.04
0.364278998564286,5.47489092959961,0.619820092651577,1,"Ttf1","Prg2",0.2,0.04
0.364278998564286,5.47489092959961,0.619820092651577,1,"Gpatch4","Prg2",0.2,0.04
0.364278998564286,5.47489092959961,0.619820092651577,1,"Gbp7","Prg2",0.2,0.04
0.364278998564286,5.47489092959961,0.619820092651577,1,"Rpain","Prg2",0.2,0.04
0.364278998564286,5.47489092959961,0.619820092651577,1,"Coasy","Prg2",0.2,0.04
-0.408173239921385,5.49920103339533,0.619820092651577,1,"Nelfcd","Prg2",0.2,0.04
-0.408173239921385,5.49920103339533,0.619820092651577,1,"Ensa","Prg2",0.2,0.04
-0.408173239921385,5.49920103339533,0.619820092651577,1,"Ngrn","Prg2",0.2,0.04
-0.408173239921385,5.49920103339533,0.619820092651577,1,"Kif23","Prg2",0.2,0.04
-0.408173239921385,5.49920103339533,0.619820092651577,1,"Pfas","Prg2",0.2,0.04
-0.408173239921385,5.49920103339533,0.619820092651577,1,"Ubqln1","Prg2",0.2,0.04
-0.408173239921385,5.49920103339533,0.619820092651577,1,"Gpaa1","Prg2",0.2,0.04
0.218340257230826,9.27949053047306,0.619989075697353,1,"Ddx5","Prg2",0.2,0.04
0.229601568545379,7.7420968251973,0.62074341670112,1,"Npm3","Prg2",0.2,0.04
-0.232917408796593,8.19486673576945,0.620956856386558,1,"Ndufa2","Prg2",0.2,0.04
0.27295639034243,6.92827258128453,0.622064040964564,1,"Srsf10","Prg2",0.2,0.04
0.27295639034243,6.92827258128453,0.622064040964564,1,"Pafah1b1","Prg2",0.2,0.04
-0.254385997449452,7.40212823252129,0.623529041447056,1,"Srsf11","Prg2",0.2,0.04
-0.552311251872717,4.25023149880028,0.624139855167107,1,"Mterf4","Prg2",0.2,0.04
-0.552311251872717,4.25023149880028,0.624139855167107,1,"Ccdc93","Prg2",0.2,0.04
-0.552311251872717,4.25023149880028,0.624139855167107,1,"1700025G04Rik","Prg2",0.2,0.04
-0.552311251872717,4.25023149880028,0.624139855167107,1,"Zer1","Prg2",0.2,0.04
-0.552311251872717,4.25023149880028,0.624139855167107,1,"Sp3os","Prg2",0.2,0.04
-0.552311251872717,4.25023149880028,0.624139855167107,1,"Actr5","Prg2",0.2,0.04
-0.552311251872717,4.25023149880028,0.624139855167107,1,"Plcg1","Prg2",0.2,0.04
-0.552311251872717,4.25023149880028,0.624139855167107,1,"Abcd1","Prg2",0.2,0.04
-0.552311251872717,4.25023149880028,0.624139855167107,1,"Piga","Prg2",0.2,0.04
-0.552311251872717,4.25023149880028,0.624139855167107,1,"Prcc","Prg2",0.2,0.04
-0.552311251872717,4.25023149880028,0.624139855167107,1,"Vps45","Prg2",0.2,0.04
-0.552311251872717,4.25023149880028,0.624139855167107,1,"Gdap2","Prg2",0.2,0.04
-0.552311251872717,4.25023149880028,0.624139855167107,1,"Arhgef39","Prg2",0.2,0.04
-0.552311251872717,4.25023149880028,0.624139855167107,1,"Ago4","Prg2",0.2,0.04
-0.552311251872717,4.25023149880028,0.624139855167107,1,"Pex14","Prg2",0.2,0.04
-0.552311251872717,4.25023149880028,0.624139855167107,1,"Fkbp9","Prg2",0.2,0.04
-0.552311251872717,4.25023149880028,0.624139855167107,1,"Rnf121","Prg2",0.2,0.04
-0.552311251872717,4.25023149880028,0.624139855167107,1,"Rabep2","Prg2",0.2,0.04
-0.552311251872717,4.25023149880028,0.624139855167107,1,"Tubgcp2","Prg2",0.2,0.04
-0.552311251872717,4.25023149880028,0.624139855167107,1,"Tet1","Prg2",0.2,0.04
-0.552311251872717,4.25023149880028,0.624139855167107,1,"Erlin2","Prg2",0.2,0.04
-0.552311251872717,4.25023149880028,0.624139855167107,1,"Gm45890","Prg2",0.2,0.04
-0.552311251872717,4.25023149880028,0.624139855167107,1,"Epsti1","Prg2",0.2,0.04
-0.552311251872717,4.25023149880028,0.624139855167107,1,"Atp2c1","Prg2",0.2,0.04
-0.552311251872717,4.25023149880028,0.624139855167107,1,"Vrk2","Prg2",0.2,0.04
-0.552311251872717,4.25023149880028,0.624139855167107,1,"Ulk2","Prg2",0.2,0.04
-0.552311251872717,4.25023149880028,0.624139855167107,1,"Tefm","Prg2",0.2,0.04
-0.552311251872717,4.25023149880028,0.624139855167107,1,"Hpcal1","Prg2",0.2,0.04
-0.552311251872717,4.25023149880028,0.624139855167107,1,"Lrr1","Prg2",0.2,0.04
-0.552311251872717,4.25023149880028,0.624139855167107,1,"Traf3","Prg2",0.2,0.04
-0.552311251872717,4.25023149880028,0.624139855167107,1,"Trmt61a","Prg2",0.2,0.04
-0.552311251872717,4.25023149880028,0.624139855167107,1,"Slc25a32","Prg2",0.2,0.04
-0.552311251872717,4.25023149880028,0.624139855167107,1,"Them6","Prg2",0.2,0.04
-0.552311251872717,4.25023149880028,0.624139855167107,1,"C030006K11Rik","Prg2",0.2,0.04
-0.552311251872717,4.25023149880028,0.624139855167107,1,"Tuba1a","Prg2",0.2,0.04
-0.552311251872717,4.25023149880028,0.624139855167107,1,"Dtx3l","Prg2",0.2,0.04
-0.552311251872717,4.25023149880028,0.624139855167107,1,"Fam120b","Prg2",0.2,0.04
0.52673833324288,4.19899841976796,0.624139855167107,1,"Gm20045","Prg2",0.2,0.04
0.52673833324288,4.19899841976796,0.624139855167107,1,"Ggta1","Prg2",0.2,0.04
0.52673833324288,4.19899841976796,0.624139855167107,1,"Rbm45","Prg2",0.2,0.04
0.52673833324288,4.19899841976796,0.624139855167107,1,"Sox12","Prg2",0.2,0.04
0.52673833324288,4.19899841976796,0.624139855167107,1,"Trmt10a","Prg2",0.2,0.04
0.52673833324288,4.19899841976796,0.624139855167107,1,"Stx17","Prg2",0.2,0.04
0.52673833324288,4.19899841976796,0.624139855167107,1,"Zbtb40","Prg2",0.2,0.04
0.52673833324288,4.19899841976796,0.624139855167107,1,"Ptpn12","Prg2",0.2,0.04
0.52673833324288,4.19899841976796,0.624139855167107,1,"Prkag2","Prg2",0.2,0.04
0.52673833324288,4.19899841976796,0.624139855167107,1,"Gm20696","Prg2",0.2,0.04
0.52673833324288,4.19899841976796,0.624139855167107,1,"Parp11","Prg2",0.2,0.04
0.52673833324288,4.19899841976796,0.624139855167107,1,"Foxm1","Prg2",0.2,0.04
0.52673833324288,4.19899841976796,0.624139855167107,1,"Zfp606","Prg2",0.2,0.04
0.52673833324288,4.19899841976796,0.624139855167107,1,"Zfp146","Prg2",0.2,0.04
0.52673833324288,4.19899841976796,0.624139855167107,1,"1600014C10Rik","Prg2",0.2,0.04
0.52673833324288,4.19899841976796,0.624139855167107,1,"Ctu1","Prg2",0.2,0.04
0.52673833324288,4.19899841976796,0.624139855167107,1,"Kat8","Prg2",0.2,0.04
0.52673833324288,4.19899841976796,0.624139855167107,1,"Amd2","Prg2",0.2,0.04
0.52673833324288,4.19899841976796,0.624139855167107,1,"Cradd","Prg2",0.2,0.04
0.52673833324288,4.19899841976796,0.624139855167107,1,"E2f7","Prg2",0.2,0.04
0.52673833324288,4.19899841976796,0.624139855167107,1,"Gm26853","Prg2",0.2,0.04
0.52673833324288,4.19899841976796,0.624139855167107,1,"Fbxo8","Prg2",0.2,0.04
0.52673833324288,4.19899841976796,0.624139855167107,1,"Gtpbp3","Prg2",0.2,0.04
0.52673833324288,4.19899841976796,0.624139855167107,1,"Dync1li2","Prg2",0.2,0.04
0.52673833324288,4.19899841976796,0.624139855167107,1,"Ddhd1","Prg2",0.2,0.04
0.52673833324288,4.19899841976796,0.624139855167107,1,"Ccdc84","Prg2",0.2,0.04
0.52673833324288,4.19899841976796,0.624139855167107,1,"Mthfsl","Prg2",0.2,0.04
0.52673833324288,4.19899841976796,0.624139855167107,1,"Nudt16","Prg2",0.2,0.04
0.52673833324288,4.19899841976796,0.624139855167107,1,"Fam212a","Prg2",0.2,0.04
0.52673833324288,4.19899841976796,0.624139855167107,1,"Kif3a","Prg2",0.2,0.04
0.52673833324288,4.19899841976796,0.624139855167107,1,"Sh3bp5l","Prg2",0.2,0.04
0.52673833324288,4.19899841976796,0.624139855167107,1,"Ttc19","Prg2",0.2,0.04
0.52673833324288,4.19899841976796,0.624139855167107,1,"Slc25a19","Prg2",0.2,0.04
0.52673833324288,4.19899841976796,0.624139855167107,1,"Slc35b3","Prg2",0.2,0.04
0.52673833324288,4.19899841976796,0.624139855167107,1,"Zfp346","Prg2",0.2,0.04
0.52673833324288,4.19899841976796,0.624139855167107,1,"Ftl1-ps1","Prg2",0.2,0.04
0.52673833324288,4.19899841976796,0.624139855167107,1,"Jmy","Prg2",0.2,0.04
0.52673833324288,4.19899841976796,0.624139855167107,1,"2700097O09Rik","Prg2",0.2,0.04
0.52673833324288,4.19899841976796,0.624139855167107,1,"Gpatch2l","Prg2",0.2,0.04
0.52673833324288,4.19899841976796,0.624139855167107,1,"Epg5","Prg2",0.2,0.04
-0.33489295069985,6.26082576043303,0.625105117127373,1,"Bscl2","Prg2",0.2,0.04
-0.303970563051017,6.24329026526709,0.625105117127373,1,"Commd7","Prg2",0.2,0.04
-0.303970563051017,6.24329026526709,0.625105117127373,1,"Vezf1","Prg2",0.2,0.04
0.31725356787245,6.24972111667937,0.625105117127373,1,"Ptpa","Prg2",0.2,0.04
0.31725356787245,6.24972111667937,0.625105117127373,1,"Dnajc19","Prg2",0.2,0.04
0.31725356787245,6.24972111667937,0.625105117127373,1,"Aph1a","Prg2",0.2,0.04
0.31725356787245,6.24972111667937,0.625105117127373,1,"Zcchc8","Prg2",0.2,0.04
-0.284641327193796,6.74415136574869,0.62516474485802,1,"Txndc17","Prg2",0.2,0.04
0.26236067197354,6.73363165582105,0.62516474485802,1,"Etfa","Prg2",0.2,0.04
0.26236067197354,6.73363165582105,0.62516474485802,1,"Csk","Prg2",0.2,0.04
0.244038269063752,7.41498330683013,0.627570793006559,1,"Ewsr1","Prg2",0.2,0.04
-0.240608381208621,7.42118230689756,0.62757079300656,1,"Lsm4","Prg2",0.2,0.04
0.204575524596542,10.7419198742638,0.627940636163328,1,"Pabpc1","Prg2",0.2,0.04
-0.201347949382676,11.5651000181458,0.628772683004246,1,"Rps26","Prg2",0.2,0.04
-0.257166772542219,7.13818506397398,0.629229348442828,1,"Dnajc2","Prg2",0.2,0.04
-0.21694771745228,8.90073116858758,0.629256181171642,1,"Calm2","Prg2",0.2,0.04
-0.199240370127062,12.8480183651279,0.629355346628795,1,"Rps8","Prg2",0.2,0.04
0.272879065890631,6.76387673897909,0.631219010209529,1,"Plgrkt","Prg2",0.2,0.04
-0.262017629391019,6.77389571122548,0.631219010209529,1,"Cebpz","Prg2",0.2,0.04
-0.277853854861644,6.97792025378907,0.632818207278306,1,"Pak2","Prg2",0.2,0.04
-0.396066071727276,5.59624685744751,0.632833350129274,1,"Zfx","Prg2",0.2,0.04
-0.396066071727276,5.59624685744751,0.632833350129274,1,"Snx10","Prg2",0.2,0.04
-0.396066071727276,5.59624685744751,0.632833350129274,1,"Rnf126","Prg2",0.2,0.04
-0.396066071727276,5.59624685744751,0.632833350129274,1,"Pygl","Prg2",0.2,0.04
0.384625039991638,5.54548142412076,0.632833350129274,1,"Atp13a1","Prg2",0.2,0.04
0.384625039991638,5.54548142412076,0.632833350129274,1,"Isyna1","Prg2",0.2,0.04
0.384625039991638,5.54548142412076,0.632833350129274,1,"Hmgcr","Prg2",0.2,0.04
0.384625039991638,5.54548142412076,0.632833350129274,1,"Arl4a","Prg2",0.2,0.04
0.384625039991638,5.54548142412076,0.632833350129274,1,"Zbtb1","Prg2",0.2,0.04
0.384625039991638,5.54548142412076,0.632833350129274,1,"Rfk","Prg2",0.2,0.04
-0.345717666555527,5.56763592284461,0.632833350129274,1,"Wdr82","Prg2",0.2,0.04
-0.345717666555527,5.56763592284461,0.632833350129274,1,"Taf11","Prg2",0.2,0.04
-0.301299763813696,6.30198293955507,0.633269931141355,1,"Atp1a1","Prg2",0.2,0.04
-0.301299763813696,6.30198293955507,0.633269931141355,1,"Tmem123","Prg2",0.2,0.04
-0.301299763813696,6.30198293955507,0.633269931141355,1,"Dnajc7","Prg2",0.2,0.04
-0.301299763813696,6.30198293955507,0.633269931141355,1,"Rab24","Prg2",0.2,0.04
0.33039284501264,6.29170584981302,0.633269931141355,1,"Hnrnph2","Prg2",0.2,0.04
0.33039284501264,6.29170584981302,0.633269931141355,1,"Arl8b","Prg2",0.2,0.04
0.33039284501264,6.29170584981302,0.633269931141355,1,"Adam10","Prg2",0.2,0.04
0.33039284501264,6.29170584981302,0.633269931141355,1,"Ftsj3","Prg2",0.2,0.04
0.33039284501264,6.29170584981302,0.633269931141355,1,"Fcf1","Prg2",0.2,0.04
0.33039284501264,6.29170584981302,0.633269931141355,1,"Mrpl11","Prg2",0.2,0.04
-0.255200190989773,7.31940670310375,0.634779709574097,1,"Ndufs7","Prg2",0.2,0.04
-0.2328284654205,8.1793202499583,0.634970917459507,1,"Ndufa1","Prg2",0.2,0.04
-0.224842627174286,8.17494428665138,0.634970917459507,1,"Clta","Prg2",0.2,0.04
0.531628306847457,5.02843123089635,0.6351543637266,1,"Psen2","Prg2",0.2,0.04
0.531628306847457,5.02843123089635,0.6351543637266,1,"Gria3","Prg2",0.2,0.04
0.531628306847457,5.02843123089635,0.6351543637266,1,"Rars2","Prg2",0.2,0.04
0.531628306847457,5.02843123089635,0.6351543637266,1,"Cyth2","Prg2",0.2,0.04
0.531628306847457,5.02843123089635,0.6351543637266,1,"Myct1","Prg2",0.2,0.04
0.531628306847457,5.02843123089635,0.6351543637266,1,"Vsir","Prg2",0.2,0.04
0.531628306847457,5.02843123089635,0.6351543637266,1,"Ikbip","Prg2",0.2,0.04
0.531628306847457,5.02843123089635,0.6351543637266,1,"Xab2","Prg2",0.2,0.04
0.531628306847457,5.02843123089635,0.6351543637266,1,"Fbxw11","Prg2",0.2,0.04
0.531628306847457,5.02843123089635,0.6351543637266,1,"Dyrk1a","Prg2",0.2,0.04
0.531628306847457,5.02843123089635,0.6351543637266,1,"Fam160b1","Prg2",0.2,0.04
-0.484158095003626,5.02833869722091,0.6351543637266,1,"Dph6","Prg2",0.2,0.04
-0.484158095003626,5.02833869722091,0.6351543637266,1,"Sqor","Prg2",0.2,0.04
-0.484158095003626,5.02833869722091,0.6351543637266,1,"Taf13","Prg2",0.2,0.04
-0.484158095003626,5.02833869722091,0.6351543637266,1,"Taf6","Prg2",0.2,0.04
-0.484158095003626,5.02833869722091,0.6351543637266,1,"Camk2g","Prg2",0.2,0.04
-0.484158095003626,5.02833869722091,0.6351543637266,1,"Cln5","Prg2",0.2,0.04
-0.484158095003626,5.02833869722091,0.6351543637266,1,"Bace1","Prg2",0.2,0.04
-0.484158095003626,5.02833869722091,0.6351543637266,1,"Etaa1","Prg2",0.2,0.04
-0.484158095003626,5.02833869722091,0.6351543637266,1,"Acvr1b","Prg2",0.2,0.04
-0.484158095003626,5.02833869722091,0.6351543637266,1,"Mfsd5","Prg2",0.2,0.04
-0.484158095003626,5.02833869722091,0.6351543637266,1,"Cebpzos","Prg2",0.2,0.04
0.43316061624684,5.07137950532206,0.6351543637266,1,"Usp40","Prg2",0.2,0.04
0.43316061624684,5.07137950532206,0.6351543637266,1,"Phyh","Prg2",0.2,0.04
0.43316061624684,5.07137950532206,0.6351543637266,1,"Cers6","Prg2",0.2,0.04
0.43316061624684,5.07137950532206,0.6351543637266,1,"Rnf13","Prg2",0.2,0.04
0.43316061624684,5.07137950532206,0.6351543637266,1,"Tspyl1","Prg2",0.2,0.04
0.43316061624684,5.07137950532206,0.6351543637266,1,"Rassf3","Prg2",0.2,0.04
0.43316061624684,5.07137950532206,0.6351543637266,1,"Ppp2cb","Prg2",0.2,0.04
0.43316061624684,5.07137950532206,0.6351543637266,1,"Daxx","Prg2",0.2,0.04
-0.290749671583731,6.5641469697503,0.635664342486789,1,"Syf2","Prg2",0.2,0.04
-0.290749671583731,6.5641469697503,0.635664342486789,1,"Tia1","Prg2",0.2,0.04
0.235989823244628,7.58779479841064,0.635893726510415,1,"Hprt","Prg2",0.2,0.04
0.257934619915365,6.8054066646021,0.637084400910705,1,"Plscr3","Prg2",0.2,0.04
-0.202624530500578,9.35509907198095,0.637282991223301,1,"Myl6","Prg2",0.2,0.04
-0.258811137099,7.00331841630938,0.63797424715778,1,"Eloc","Prg2",0.2,0.04
-0.258811137099,7.00331841630938,0.63797424715778,1,"Ciapin1","Prg2",0.2,0.04
0.24697077562664,7.00150806019112,0.63797424715778,1,"Psmd13","Prg2",0.2,0.04
-0.194809920034124,12.0587012345872,0.63853713479068,1,"Rps14","Prg2",0.2,0.04
0.238541803518637,7.17411339009544,0.638553964164439,1,"Nomo1","Prg2",0.2,0.04
0.238541803518637,7.17411339009544,0.638553964164439,1,"Emc6","Prg2",0.2,0.04
-0.354851906303559,6.00238027725621,0.638605148907471,1,"Pfdn4","Prg2",0.2,0.04
-0.354851906303559,6.00238027725621,0.638605148907471,1,"Tmem251","Prg2",0.2,0.04
-0.354851906303559,6.00238027725621,0.638605148907471,1,"Pten","Prg2",0.2,0.04
0.326887085925747,5.97708491584477,0.638605148907471,1,"Coa5","Prg2",0.2,0.04
0.326887085925747,5.97708491584477,0.638605148907471,1,"Rrp15","Prg2",0.2,0.04
0.326887085925747,5.97708491584477,0.638605148907471,1,"Mbtd1","Prg2",0.2,0.04
0.281310799782191,5.99862756375442,0.638605148907471,1,"Uck2","Prg2",0.2,0.04
0.281310799782191,5.99862756375442,0.638605148907471,1,"Ube2j2","Prg2",0.2,0.04
0.281310799782191,5.99862756375442,0.638605148907471,1,"Ubfd1","Prg2",0.2,0.04
-0.240585127886226,7.33956209029057,0.638942192347175,1,"Prmt1","Prg2",0.2,0.04
-0.240585127886226,7.33956209029057,0.638942192347175,1,"Srp19","Prg2",0.2,0.04
-1.16848487672877,3.25276948145737,0.639289678135405,1,"Pard3b","Prg2",0.2,0.04
-1.16848487672877,3.25276948145737,0.639289678135405,1,"Chpf","Prg2",0.2,0.04
-1.16848487672877,3.25276948145737,0.639289678135405,1,"Hlx","Prg2",0.2,0.04
-1.16848487672877,3.25276948145737,0.639289678135405,1,"Flvcr1","Prg2",0.2,0.04
-1.16848487672877,3.25276948145737,0.639289678135405,1,"Snapc4","Prg2",0.2,0.04
-1.16848487672877,3.25276948145737,0.639289678135405,1,"Naif1","Prg2",0.2,0.04
-1.16848487672877,3.25276948145737,0.639289678135405,1,"Bbs5","Prg2",0.2,0.04
-1.16848487672877,3.25276948145737,0.639289678135405,1,"Rapsn","Prg2",0.2,0.04
-1.16848487672877,3.25276948145737,0.639289678135405,1,"Slc24a5","Prg2",0.2,0.04
-1.16848487672877,3.25276948145737,0.639289678135405,1,"Gm27003","Prg2",0.2,0.04
-1.16848487672877,3.25276948145737,0.639289678135405,1,"Dsn1","Prg2",0.2,0.04
-1.16848487672877,3.25276948145737,0.639289678135405,1,"Akap17b","Prg2",0.2,0.04
-1.16848487672877,3.25276948145737,0.639289678135405,1,"3830403N18Rik","Prg2",0.2,0.04
-1.16848487672877,3.25276948145737,0.639289678135405,1,"Ftx","Prg2",0.2,0.04
-1.16848487672877,3.25276948145737,0.639289678135405,1,"Nxt2","Prg2",0.2,0.04
-1.16848487672877,3.25276948145737,0.639289678135405,1,"Maged2","Prg2",0.2,0.04
-1.16848487672877,3.25276948145737,0.639289678135405,1,"C030034L19Rik","Prg2",0.2,0.04
-1.16848487672877,3.25276948145737,0.639289678135405,1,"Mllt11","Prg2",0.2,0.04
-1.16848487672877,3.25276948145737,0.639289678135405,1,"Hist2h2bb","Prg2",0.2,0.04
-1.16848487672877,3.25276948145737,0.639289678135405,1,"Cryz","Prg2",0.2,0.04
-1.16848487672877,3.25276948145737,0.639289678135405,1,"Tstd3","Prg2",0.2,0.04
-1.16848487672877,3.25276948145737,0.639289678135405,1,"Pigo","Prg2",0.2,0.04
-1.16848487672877,3.25276948145737,0.639289678135405,1,"Themis2","Prg2",0.2,0.04
-1.16848487672877,3.25276948145737,0.639289678135405,1,"Tmem240","Prg2",0.2,0.04
-1.16848487672877,3.25276948145737,0.639289678135405,1,"Gm35315","Prg2",0.2,0.04
-1.16848487672877,3.25276948145737,0.639289678135405,1,"Gpr85","Prg2",0.2,0.04
-1.16848487672877,3.25276948145737,0.639289678135405,1,"2310040G24Rik","Prg2",0.2,0.04
-1.16848487672877,3.25276948145737,0.639289678135405,1,"Rpusd3","Prg2",0.2,0.04
-1.16848487672877,3.25276948145737,0.639289678135405,1,"Clec4a2","Prg2",0.2,0.04
-1.16848487672877,3.25276948145737,0.639289678135405,1,"Klrb1f","Prg2",0.2,0.04
-1.16848487672877,3.25276948145737,0.639289678135405,1,"Tfpt","Prg2",0.2,0.04
-1.16848487672877,3.25276948145737,0.639289678135405,1,"Tmem150b","Prg2",0.2,0.04
-1.16848487672877,3.25276948145737,0.639289678135405,1,"Zfp667","Prg2",0.2,0.04
-1.16848487672877,3.25276948145737,0.639289678135405,1,"Bbc3","Prg2",0.2,0.04
-1.16848487672877,3.25276948145737,0.639289678135405,1,"Zfp74","Prg2",0.2,0.04
-1.16848487672877,3.25276948145737,0.639289678135405,1,"Gm5113","Prg2",0.2,0.04
-1.16848487672877,3.25276948145737,0.639289678135405,1,"Sbsn","Prg2",0.2,0.04
-1.16848487672877,3.25276948145737,0.639289678135405,1,"Ccdc114","Prg2",0.2,0.04
-1.16848487672877,3.25276948145737,0.639289678135405,1,"Gas2","Prg2",0.2,0.04
-1.16848487672877,3.25276948145737,0.639289678135405,1,"Mkrn3","Prg2",0.2,0.04
-1.16848487672877,3.25276948145737,0.639289678135405,1,"Zscan2","Prg2",0.2,0.04
-1.16848487672877,3.25276948145737,0.639289678135405,1,"Lhpp","Prg2",0.2,0.04
-1.16848487672877,3.25276948145737,0.639289678135405,1,"Ybey","Prg2",0.2,0.04
-1.16848487672877,3.25276948145737,0.639289678135405,1,"Pcsk4","Prg2",0.2,0.04
-1.16848487672877,3.25276948145737,0.639289678135405,1,"Ankrd52","Prg2",0.2,0.04
-1.16848487672877,3.25276948145737,0.639289678135405,1,"Ccdc130","Prg2",0.2,0.04
-1.16848487672877,3.25276948145737,0.639289678135405,1,"Gpt2","Prg2",0.2,0.04
-1.16848487672877,3.25276948145737,0.639289678135405,1,"Gins3","Prg2",0.2,0.04
-1.16848487672877,3.25276948145737,0.639289678135405,1,"Txnl4b","Prg2",0.2,0.04
-1.16848487672877,3.25276948145737,0.639289678135405,1,"Phlpp2","Prg2",0.2,0.04
-1.16848487672877,3.25276948145737,0.639289678135405,1,"Fuk","Prg2",0.2,0.04
-1.16848487672877,3.25276948145737,0.639289678135405,1,"2310022B05Rik","Prg2",0.2,0.04
-1.16848487672877,3.25276948145737,0.639289678135405,1,"Sh3bp5","Prg2",0.2,0.04
-1.16848487672877,3.25276948145737,0.639289678135405,1,"Ppp1r3e","Prg2",0.2,0.04
-1.16848487672877,3.25276948145737,0.639289678135405,1,"Tpm3-rs7","Prg2",0.2,0.04
-1.16848487672877,3.25276948145737,0.639289678135405,1,"Arhgap32","Prg2",0.2,0.04
-1.16848487672877,3.25276948145737,0.639289678135405,1,"Ulk3","Prg2",0.2,0.04
-1.16848487672877,3.25276948145737,0.639289678135405,1,"Arid3b","Prg2",0.2,0.04
-1.16848487672877,3.25276948145737,0.639289678135405,1,"Ccpg1os","Prg2",0.2,0.04
-1.16848487672877,3.25276948145737,0.639289678135405,1,"Aste1","Prg2",0.2,0.04
-1.16848487672877,3.25276948145737,0.639289678135405,1,"Kif1c","Prg2",0.2,0.04
-1.16848487672877,3.25276948145737,0.639289678135405,1,"Tax1bp3","Prg2",0.2,0.04
-1.16848487672877,3.25276948145737,0.639289678135405,1,"Sgsm2","Prg2",0.2,0.04
-1.16848487672877,3.25276948145737,0.639289678135405,1,"Traf4","Prg2",0.2,0.04
-1.16848487672877,3.25276948145737,0.639289678135405,1,"Slfn8","Prg2",0.2,0.04
-1.16848487672877,3.25276948145737,0.639289678135405,1,"Acsf2","Prg2",0.2,0.04
-1.16848487672877,3.25276948145737,0.639289678135405,1,"Tubb2a","Prg2",0.2,0.04
-1.16848487672877,3.25276948145737,0.639289678135405,1,"Tpmt","Prg2",0.2,0.04
-1.16848487672877,3.25276948145737,0.639289678135405,1,"6720489N17Rik","Prg2",0.2,0.04
-1.16848487672877,3.25276948145737,0.639289678135405,1,"Fam84b","Prg2",0.2,0.04
-1.16848487672877,3.25276948145737,0.639289678135405,1,"Mfsd3","Prg2",0.2,0.04
-1.16848487672877,3.25276948145737,0.639289678135405,1,"Zfp7","Prg2",0.2,0.04
-1.16848487672877,3.25276948145737,0.639289678135405,1,"Foxred2","Prg2",0.2,0.04
-1.16848487672877,3.25276948145737,0.639289678135405,1,"Prpf40b","Prg2",0.2,0.04
-1.16848487672877,3.25276948145737,0.639289678135405,1,"B3gnt5","Prg2",0.2,0.04
-1.16848487672877,3.25276948145737,0.639289678135405,1,"Plcxd2","Prg2",0.2,0.04
-1.16848487672877,3.25276948145737,0.639289678135405,1,"Zfp213","Prg2",0.2,0.04
-1.16848487672877,3.25276948145737,0.639289678135405,1,"Rpusd1","Prg2",0.2,0.04
-1.16848487672877,3.25276948145737,0.639289678135405,1,"Zfp799","Prg2",0.2,0.04
-1.16848487672877,3.25276948145737,0.639289678135405,1,"Tfeb","Prg2",0.2,0.04
-1.16848487672877,3.25276948145737,0.639289678135405,1,"Ttc39c","Prg2",0.2,0.04
-1.16848487672877,3.25276948145737,0.639289678135405,1,"Zfp521","Prg2",0.2,0.04
-1.16848487672877,3.25276948145737,0.639289678135405,1,"Igip","Prg2",0.2,0.04
-1.16848487672877,3.25276948145737,0.639289678135405,1,"Doc2g","Prg2",0.2,0.04
-1.16848487672877,3.25276948145737,0.639289678135405,1,"Tjp2","Prg2",0.2,0.04
0.715354882335856,3.10399767161703,0.639289678135405,1,"Gm37233","Prg2",0.2,0.04
0.715354882335856,3.10399767161703,0.639289678135405,1,"Armc9","Prg2",0.2,0.04
0.715354882335856,3.10399767161703,0.639289678135405,1,"Phlpp1","Prg2",0.2,0.04
0.715354882335856,3.10399767161703,0.639289678135405,1,"Cfap126","Prg2",0.2,0.04
0.715354882335856,3.10399767161703,0.639289678135405,1,"Fam171a1","Prg2",0.2,0.04
0.715354882335856,3.10399767161703,0.639289678135405,1,"Trdmt1","Prg2",0.2,0.04
0.715354882335856,3.10399767161703,0.639289678135405,1,"Wdsub1","Prg2",0.2,0.04
0.715354882335856,3.10399767161703,0.639289678135405,1,"Ube2l6","Prg2",0.2,0.04
0.715354882335856,3.10399767161703,0.639289678135405,1,"Lrp4","Prg2",0.2,0.04
0.715354882335856,3.10399767161703,0.639289678135405,1,"Bcl2l11","Prg2",0.2,0.04
0.715354882335856,3.10399767161703,0.639289678135405,1,"AV099323","Prg2",0.2,0.04
0.715354882335856,3.10399767161703,0.639289678135405,1,"Zfp937","Prg2",0.2,0.04
0.715354882335856,3.10399767161703,0.639289678135405,1,"Srxn1","Prg2",0.2,0.04
0.715354882335856,3.10399767161703,0.639289678135405,1,"Adnp","Prg2",0.2,0.04
0.715354882335856,3.10399767161703,0.639289678135405,1,"Gm14305","Prg2",0.2,0.04
0.715354882335856,3.10399767161703,0.639289678135405,1,"Gm14296","Prg2",0.2,0.04
0.715354882335856,3.10399767161703,0.639289678135405,1,"Stard8","Prg2",0.2,0.04
0.715354882335856,3.10399767161703,0.639289678135405,1,"Sytl4","Prg2",0.2,0.04
0.715354882335856,3.10399767161703,0.639289678135405,1,"Foxo1","Prg2",0.2,0.04
0.715354882335856,3.10399767161703,0.639289678135405,1,"E130311K13Rik","Prg2",0.2,0.04
0.715354882335856,3.10399767161703,0.639289678135405,1,"Zbtb7b","Prg2",0.2,0.04
0.715354882335856,3.10399767161703,0.639289678135405,1,"Gm17690","Prg2",0.2,0.04
0.715354882335856,3.10399767161703,0.639289678135405,1,"Hist2h3b","Prg2",0.2,0.04
0.715354882335856,3.10399767161703,0.639289678135405,1,"Gm43062","Prg2",0.2,0.04
0.715354882335856,3.10399767161703,0.639289678135405,1,"Ap4b1","Prg2",0.2,0.04
0.715354882335856,3.10399767161703,0.639289678135405,1,"Fsbp","Prg2",0.2,0.04
0.715354882335856,3.10399767161703,0.639289678135405,1,"Dnajb5","Prg2",0.2,0.04
0.715354882335856,3.10399767161703,0.639289678135405,1,"Fam214b","Prg2",0.2,0.04
0.715354882335856,3.10399767161703,0.639289678135405,1,"Gng10","Prg2",0.2,0.04
0.715354882335856,3.10399767161703,0.639289678135405,1,"Btbd19","Prg2",0.2,0.04
0.715354882335856,3.10399767161703,0.639289678135405,1,"Mpl","Prg2",0.2,0.04
0.715354882335856,3.10399767161703,0.639289678135405,1,"Man1c1","Prg2",0.2,0.04
0.715354882335856,3.10399767161703,0.639289678135405,1,"Pramef8","Prg2",0.2,0.04
0.715354882335856,3.10399767161703,0.639289678135405,1,"Gm16503","Prg2",0.2,0.04
0.715354882335856,3.10399767161703,0.639289678135405,1,"Plekhg5","Prg2",0.2,0.04
0.715354882335856,3.10399767161703,0.639289678135405,1,"Espn","Prg2",0.2,0.04
0.715354882335856,3.10399767161703,0.639289678135405,1,"Fndc10","Prg2",0.2,0.04
0.715354882335856,3.10399767161703,0.639289678135405,1,"Isg15","Prg2",0.2,0.04
0.715354882335856,3.10399767161703,0.639289678135405,1,"Magi2","Prg2",0.2,0.04
0.715354882335856,3.10399767161703,0.639289678135405,1,"Gm19590","Prg2",0.2,0.04
0.715354882335856,3.10399767161703,0.639289678135405,1,"Usp30","Prg2",0.2,0.04
0.715354882335856,3.10399767161703,0.639289678135405,1,"Vsig10","Prg2",0.2,0.04
0.715354882335856,3.10399767161703,0.639289678135405,1,"Oas1c","Prg2",0.2,0.04
0.715354882335856,3.10399767161703,0.639289678135405,1,"0610040B10Rik","Prg2",0.2,0.04
0.715354882335856,3.10399767161703,0.639289678135405,1,"Adck2","Prg2",0.2,0.04
0.715354882335856,3.10399767161703,0.639289678135405,1,"Sfxn5","Prg2",0.2,0.04
0.715354882335856,3.10399767161703,0.639289678135405,1,"Rab11fip5","Prg2",0.2,0.04
0.715354882335856,3.10399767161703,0.639289678135405,1,"Ttll3","Prg2",0.2,0.04
0.715354882335856,3.10399767161703,0.639289678135405,1,"Lag3","Prg2",0.2,0.04
0.715354882335856,3.10399767161703,0.639289678135405,1,"Tulp3","Prg2",0.2,0.04
0.715354882335856,3.10399767161703,0.639289678135405,1,"Rdh13","Prg2",0.2,0.04
0.715354882335856,3.10399767161703,0.639289678135405,1,"Zfp772","Prg2",0.2,0.04
0.715354882335856,3.10399767161703,0.639289678135405,1,"Ppp1r13l","Prg2",0.2,0.04
0.715354882335856,3.10399767161703,0.639289678135405,1,"Zfp108","Prg2",0.2,0.04
0.715354882335856,3.10399767161703,0.639289678135405,1,"Phldb3","Prg2",0.2,0.04
0.715354882335856,3.10399767161703,0.639289678135405,1,"Arrdc4","Prg2",0.2,0.04
0.715354882335856,3.10399767161703,0.639289678135405,1,"Fanci","Prg2",0.2,0.04
0.715354882335856,3.10399767161703,0.639289678135405,1,"4732496C06Rik","Prg2",0.2,0.04
0.715354882335856,3.10399767161703,0.639289678135405,1,"Sbk1","Prg2",0.2,0.04
0.715354882335856,3.10399767161703,0.639289678135405,1,"Epm2a","Prg2",0.2,0.04
0.715354882335856,3.10399767161703,0.639289678135405,1,"Tbc1d32","Prg2",0.2,0.04
0.715354882335856,3.10399767161703,0.639289678135405,1,"Rhobtb1","Prg2",0.2,0.04
0.715354882335856,3.10399767161703,0.639289678135405,1,"Lss","Prg2",0.2,0.04
0.715354882335856,3.10399767161703,0.639289678135405,1,"AU041133","Prg2",0.2,0.04
0.715354882335856,3.10399767161703,0.639289678135405,1,"Phlda1","Prg2",0.2,0.04
0.715354882335856,3.10399767161703,0.639289678135405,1,"Pnpla6","Prg2",0.2,0.04
0.715354882335856,3.10399767161703,0.639289678135405,1,"Fbxo25","Prg2",0.2,0.04
0.715354882335856,3.10399767161703,0.639289678135405,1,"Rfxank","Prg2",0.2,0.04
0.715354882335856,3.10399767161703,0.639289678135405,1,"Hsh2d","Prg2",0.2,0.04
0.715354882335856,3.10399767161703,0.639289678135405,1,"Nwd1","Prg2",0.2,0.04
0.715354882335856,3.10399767161703,0.639289678135405,1,"Large1","Prg2",0.2,0.04
0.715354882335856,3.10399767161703,0.639289678135405,1,"Klhl36","Prg2",0.2,0.04
0.715354882335856,3.10399767161703,0.639289678135405,1,"Homez","Prg2",0.2,0.04
0.715354882335856,3.10399767161703,0.639289678135405,1,"Dpysl2","Prg2",0.2,0.04
0.715354882335856,3.10399767161703,0.639289678135405,1,"Mmp27","Prg2",0.2,0.04
0.715354882335856,3.10399767161703,0.639289678135405,1,"Endod1","Prg2",0.2,0.04
0.715354882335856,3.10399767161703,0.639289678135405,1,"Arhgef12","Prg2",0.2,0.04
0.715354882335856,3.10399767161703,0.639289678135405,1,"Neil1","Prg2",0.2,0.04
0.715354882335856,3.10399767161703,0.639289678135405,1,"Lrrc49","Prg2",0.2,0.04
0.715354882335856,3.10399767161703,0.639289678135405,1,"Gm48855","Prg2",0.2,0.04
0.715354882335856,3.10399767161703,0.639289678135405,1,"Ptpn23","Prg2",0.2,0.04
0.715354882335856,3.10399767161703,0.639289678135405,1,"Fbxl2","Prg2",0.2,0.04
0.715354882335856,3.10399767161703,0.639289678135405,1,"Pomgnt2","Prg2",0.2,0.04
0.715354882335856,3.10399767161703,0.639289678135405,1,"Znrf3","Prg2",0.2,0.04
0.715354882335856,3.10399767161703,0.639289678135405,1,"Polm","Prg2",0.2,0.04
0.715354882335856,3.10399767161703,0.639289678135405,1,"Ranbp17","Prg2",0.2,0.04
0.715354882335856,3.10399767161703,0.639289678135405,1,"Top3a","Prg2",0.2,0.04
0.715354882335856,3.10399767161703,0.639289678135405,1,"Wfdc17","Prg2",0.2,0.04
0.715354882335856,3.10399767161703,0.639289678135405,1,"Dgke","Prg2",0.2,0.04
0.715354882335856,3.10399767161703,0.639289678135405,1,"Polg2","Prg2",0.2,0.04
0.715354882335856,3.10399767161703,0.639289678135405,1,"Hist1h2bp","Prg2",0.2,0.04
0.715354882335856,3.10399767161703,0.639289678135405,1,"Hrh2","Prg2",0.2,0.04
0.715354882335856,3.10399767161703,0.639289678135405,1,"Rsl1","Prg2",0.2,0.04
0.715354882335856,3.10399767161703,0.639289678135405,1,"Zfp456","Prg2",0.2,0.04
0.715354882335856,3.10399767161703,0.639289678135405,1,"Gm46430","Prg2",0.2,0.04
0.715354882335856,3.10399767161703,0.639289678135405,1,"Gpr150","Prg2",0.2,0.04
0.715354882335856,3.10399767161703,0.639289678135405,1,"Pou5f2","Prg2",0.2,0.04
0.715354882335856,3.10399767161703,0.639289678135405,1,"Gm20498","Prg2",0.2,0.04
0.715354882335856,3.10399767161703,0.639289678135405,1,"Sgsm3","Prg2",0.2,0.04
0.715354882335856,3.10399767161703,0.639289678135405,1,"Prr5","Prg2",0.2,0.04
0.715354882335856,3.10399767161703,0.639289678135405,1,"Csrnp2","Prg2",0.2,0.04
0.715354882335856,3.10399767161703,0.639289678135405,1,"AC163018.1","Prg2",0.2,0.04
0.715354882335856,3.10399767161703,0.639289678135405,1,"Hic2","Prg2",0.2,0.04
0.715354882335856,3.10399767161703,0.639289678135405,1,"Ehhadh","Prg2",0.2,0.04
0.715354882335856,3.10399767161703,0.639289678135405,1,"Igf2bp2","Prg2",0.2,0.04
0.715354882335856,3.10399767161703,0.639289678135405,1,"Bcl6","Prg2",0.2,0.04
0.715354882335856,3.10399767161703,0.639289678135405,1,"Nxpe3","Prg2",0.2,0.04
0.715354882335856,3.10399767161703,0.639289678135405,1,"Dynlt1c","Prg2",0.2,0.04
0.715354882335856,3.10399767161703,0.639289678135405,1,"Ermard","Prg2",0.2,0.04
0.715354882335856,3.10399767161703,0.639289678135405,1,"Gm16194","Prg2",0.2,0.04
0.715354882335856,3.10399767161703,0.639289678135405,1,"Tnfsf14","Prg2",0.2,0.04
0.715354882335856,3.10399767161703,0.639289678135405,1,"Gm29650","Prg2",0.2,0.04
0.715354882335856,3.10399767161703,0.639289678135405,1,"Pmaip1","Prg2",0.2,0.04
0.715354882335856,3.10399767161703,0.639289678135405,1,"Tkfc","Prg2",0.2,0.04
0.715354882335856,3.10399767161703,0.639289678135405,1,"Plpp6","Prg2",0.2,0.04
0.715354882335856,3.10399767161703,0.639289678135405,1,"Slc35g1","Prg2",0.2,0.04
0.236744383092502,7.72064158941273,0.639516673091931,1,"Smc3","Prg2",0.2,0.04
-0.21855164776758,8.27665082753249,0.639747592323403,1,"Ppp1r14b","Prg2",0.2,0.04
-0.205004301582149,9.57133424856083,0.640349936204889,1,"Ramp1","Prg2",0.2,0.04
-0.269792216184644,6.34204165826611,0.641087430034657,1,"Ddx18","Prg2",0.2,0.04
-0.269792216184644,6.34204165826611,0.641087430034657,1,"Ccz1","Prg2",0.2,0.04
-0.269792216184644,6.34204165826611,0.641087430034657,1,"Smim7","Prg2",0.2,0.04
0.294011719884886,6.3088452767648,0.641087430034657,1,"Golga7","Prg2",0.2,0.04
0.258525513511432,6.32576033785111,0.641087430034657,1,"Txndc5","Prg2",0.2,0.04
-0.28906769634748,6.61130142270698,0.642237180471718,1,"Dock10","Prg2",0.2,0.04
-0.28906769634748,6.61130142270698,0.642237180471718,1,"Dcaf8","Prg2",0.2,0.04
-0.28906769634748,6.61130142270698,0.642237180471718,1,"Cbfa2t3","Prg2",0.2,0.04
-0.223277769413663,8.04371086406246,0.64232017255374,1,"Minos1","Prg2",0.2,0.04
-0.223277769413663,8.04371086406246,0.64232017255374,1,"Gabarap","Prg2",0.2,0.04
-0.230668039174839,7.84675757500728,0.642572807733108,1,"Psma3","Prg2",0.2,0.04
-0.206687758880762,9.22904343570999,0.643118876997976,1,"Cst3","Prg2",0.2,0.04
0.341973751469645,5.64096541047798,0.644952898982354,1,"Faf1","Prg2",0.2,0.04
0.341973751469645,5.64096541047798,0.644952898982354,1,"Gcn1l1","Prg2",0.2,0.04
0.341973751469645,5.64096541047798,0.644952898982354,1,"Usp25","Prg2",0.2,0.04
0.341973751469645,5.64096541047798,0.644952898982354,1,"Gbf1","Prg2",0.2,0.04
-0.338532293457471,5.66040673659309,0.644952898982354,1,"Rhoh","Prg2",0.2,0.04
-0.338532293457471,5.66040673659309,0.644952898982354,1,"Coq2","Prg2",0.2,0.04
-0.338532293457471,5.66040673659309,0.644952898982354,1,"Isy1","Prg2",0.2,0.04
-0.338532293457471,5.66040673659309,0.644952898982354,1,"Nsrp1","Prg2",0.2,0.04
-0.338532293457471,5.66040673659309,0.644952898982354,1,"Atg12","Prg2",0.2,0.04
0.234258867836732,7.62794540773033,0.646190842245758,1,"Caprin1","Prg2",0.2,0.04
-0.227942106678321,7.51627401259017,0.646580510244539,1,"Mrpl23","Prg2",0.2,0.04
-0.197728280265,9.88743556321284,0.646983853716937,1,"Ly6e","Prg2",0.2,0.04
-0.24054941416591,7.22299944903852,0.647432457329272,1,"Atp6v1e1","Prg2",0.2,0.04
0.254490933446713,7.21860679146153,0.647432457329273,1,"Higd2a","Prg2",0.2,0.04
-0.313620268957908,6.05131570084026,0.647814597099578,1,"Yme1l1","Prg2",0.2,0.04
-0.313620268957908,6.05131570084026,0.647814597099578,1,"Lamtor3","Prg2",0.2,0.04
-0.313620268957908,6.05131570084026,0.647814597099578,1,"Zfp950","Prg2",0.2,0.04
0.298289146619625,6.04829663368271,0.647814597099578,1,"Mxd4","Prg2",0.2,0.04
0.298289146619625,6.04829663368271,0.647814597099578,1,"Eml4","Prg2",0.2,0.04
-0.260827801434528,6.85450140123925,0.648282088102676,1,"Tfdp1","Prg2",0.2,0.04
-0.260827801434528,6.85450140123925,0.648282088102676,1,"Brd7","Prg2",0.2,0.04
-0.206910525055853,8.66126968457992,0.648441382010836,1,"Rbm39","Prg2",0.2,0.04
0.272647355951532,6.36560288315933,0.648579199807404,1,"Ino80d","Prg2",0.2,0.04
0.272647355951532,6.36560288315933,0.648579199807404,1,"Arl6ip4","Prg2",0.2,0.04
-0.264096553867454,6.64383380851709,0.648579627072243,1,"Cdca8","Prg2",0.2,0.04
-0.264096553867454,6.64383380851709,0.648579627072243,1,"1110004F10Rik","Prg2",0.2,0.04
-0.198019378269478,9.81523103203016,0.649006165002486,1,"Cox8a","Prg2",0.2,0.04
-0.188672566881923,12.0501976242234,0.649203239836361,1,"Rps3","Prg2",0.2,0.04
-0.197296807306806,9.51332594122382,0.649325320139048,1,"Atpif1","Prg2",0.2,0.04
0.231413595716062,7.5288979415162,0.650158503471564,1,"Ssrp1","Prg2",0.2,0.04
-0.213458967552723,7.98623829714594,0.650546499353658,1,"Psma6","Prg2",0.2,0.04
-0.240558911458355,7.25303656319372,0.651714002066626,1,"Mrpl34","Prg2",0.2,0.04
-0.225154760787416,7.24452281891412,0.651714002066626,1,"Atp6v1g1","Prg2",0.2,0.04
-0.459335927875105,5.1612689779171,0.65174391953749,1,"Stat1","Prg2",0.2,0.04
-0.459335927875105,5.1612689779171,0.65174391953749,1,"Fundc1","Prg2",0.2,0.04
-0.459335927875105,5.1612689779171,0.65174391953749,1,"Get4","Prg2",0.2,0.04
-0.459335927875105,5.1612689779171,0.65174391953749,1,"Bid","Prg2",0.2,0.04
-0.459335927875105,5.1612689779171,0.65174391953749,1,"Cdkn1b","Prg2",0.2,0.04
-0.459335927875105,5.1612689779171,0.65174391953749,1,"Cep57l1","Prg2",0.2,0.04
-0.459335927875105,5.1612689779171,0.65174391953749,1,"Vps4a","Prg2",0.2,0.04
-0.459335927875105,5.1612689779171,0.65174391953749,1,"Def8","Prg2",0.2,0.04
-0.459335927875105,5.1612689779171,0.65174391953749,1,"Psmc3ip","Prg2",0.2,0.04
-0.459335927875105,5.1612689779171,0.65174391953749,1,"Idnk","Prg2",0.2,0.04
-0.459335927875105,5.1612689779171,0.65174391953749,1,"Ap4s1","Prg2",0.2,0.04
-0.459335927875105,5.1612689779171,0.65174391953749,1,"Mettl7a1","Prg2",0.2,0.04
-0.459335927875105,5.1612689779171,0.65174391953749,1,"Ubald1","Prg2",0.2,0.04
-0.459335927875105,5.1612689779171,0.65174391953749,1,"Gpr108","Prg2",0.2,0.04
-0.459335927875105,5.1612689779171,0.65174391953749,1,"Cxxc1","Prg2",0.2,0.04
0.243926512636978,7.06136747401299,0.652626180577276,1,"Abcf1","Prg2",0.2,0.04
0.223507924294139,7.0711562626456,0.652626180577276,1,"Trp53","Prg2",0.2,0.04
0.55730619431097,4.36227276602903,0.653224271136319,1,"Dars2","Prg2",0.2,0.04
0.55730619431097,4.36227276602903,0.653224271136319,1,"Kif3b","Prg2",0.2,0.04
0.55730619431097,4.36227276602903,0.653224271136319,1,"Adam15","Prg2",0.2,0.04
0.55730619431097,4.36227276602903,0.653224271136319,1,"Prmt6","Prg2",0.2,0.04
0.55730619431097,4.36227276602903,0.653224271136319,1,"Fbxl4","Prg2",0.2,0.04
0.55730619431097,4.36227276602903,0.653224271136319,1,"Rgp1","Prg2",0.2,0.04
0.55730619431097,4.36227276602903,0.653224271136319,1,"Mob3c","Prg2",0.2,0.04
0.55730619431097,4.36227276602903,0.653224271136319,1,"Lin54","Prg2",0.2,0.04
0.55730619431097,4.36227276602903,0.653224271136319,1,"Kntc1","Prg2",0.2,0.04
0.55730619431097,4.36227276602903,0.653224271136319,1,"Smyd5","Prg2",0.2,0.04
0.55730619431097,4.36227276602903,0.653224271136319,1,"Itpr2","Prg2",0.2,0.04
0.55730619431097,4.36227276602903,0.653224271136319,1,"2310057M21Rik","Prg2",0.2,0.04
0.55730619431097,4.36227276602903,0.653224271136319,1,"Ap5m1","Prg2",0.2,0.04
0.55730619431097,4.36227276602903,0.653224271136319,1,"Nefh","Prg2",0.2,0.04
0.55730619431097,4.36227276602903,0.653224271136319,1,"Rhbdd3","Prg2",0.2,0.04
0.55730619431097,4.36227276602903,0.653224271136319,1,"Trim23","Prg2",0.2,0.04
0.55730619431097,4.36227276602903,0.653224271136319,1,"Dtnb","Prg2",0.2,0.04
0.55730619431097,4.36227276602903,0.653224271136319,1,"Snapc1","Prg2",0.2,0.04
0.55730619431097,4.36227276602903,0.653224271136319,1,"Zfp36l1","Prg2",0.2,0.04
0.55730619431097,4.36227276602903,0.653224271136319,1,"Atg2b","Prg2",0.2,0.04
0.55730619431097,4.36227276602903,0.653224271136319,1,"Gm10384","Prg2",0.2,0.04
0.55730619431097,4.36227276602903,0.653224271136319,1,"Crebrf","Prg2",0.2,0.04
0.55730619431097,4.36227276602903,0.653224271136319,1,"Mdc1","Prg2",0.2,0.04
0.55730619431097,4.36227276602903,0.653224271136319,1,"Ppp2r5d","Prg2",0.2,0.04
0.55730619431097,4.36227276602903,0.653224271136319,1,"Cox15","Prg2",0.2,0.04
-0.200998288500014,9.00929319744309,0.653499571447129,1,"Spcs2","Prg2",0.2,0.04
-0.296584732782874,6.41264110041369,0.655765090350845,1,"Trap1","Prg2",0.2,0.04
0.314092799159445,6.09635345558118,0.656560732572884,1,"Uso1","Prg2",0.2,0.04
0.314092799159445,6.09635345558118,0.656560732572884,1,"Prpf8","Prg2",0.2,0.04
-0.310091018395623,6.11819422728563,0.656560732572884,1,"Copg1","Prg2",0.2,0.04
-0.310091018395623,6.11819422728563,0.656560732572884,1,"Mcmbp","Prg2",0.2,0.04
-0.275456758510296,6.09870808289015,0.656560732572884,1,"Cflar","Prg2",0.2,0.04
-0.275456758510296,6.09870808289015,0.656560732572884,1,"Suds3","Prg2",0.2,0.04
-0.275456758510296,6.09870808289015,0.656560732572884,1,"Capg","Prg2",0.2,0.04
-0.185921617973517,10.8558908413316,0.656959493166446,1,"Naca","Prg2",0.2,0.04
-0.257548731901162,7.10563395446543,0.657255365098776,1,"Arfgef1","Prg2",0.2,0.04
-0.227214633041402,7.43999481240154,0.658442322569829,1,"Mrfap1","Prg2",0.2,0.04
-0.213688060281346,7.43255604408279,0.658442322569829,1,"Edf1","Prg2",0.2,0.04
-0.200518982166657,8.82453677410858,0.658540732336813,1,"Nop10","Prg2",0.2,0.04
-0.286023334994034,6.70121569651667,0.660619529364411,1,"Nudt5","Prg2",0.2,0.04
-0.286023334994034,6.70121569651667,0.660619529364411,1,"Zwint","Prg2",0.2,0.04
-0.286023334994034,6.70121569651667,0.660619529364411,1,"Amfr","Prg2",0.2,0.04
-0.286023334994034,6.70121569651667,0.660619529364411,1,"Osgep","Prg2",0.2,0.04
-0.263359347334159,6.68850663727889,0.660619529364411,1,"Psmc4","Prg2",0.2,0.04
0.200220435361203,8.45403253698923,0.661788491698524,1,"mt-Nd5","Prg2",0.2,0.04
0.218150983237659,7.71119533422255,0.662150901864892,1,"Scd2","Prg2",0.2,0.04
0.202461638474163,8.52843535679709,0.662633692839553,1,"Mlec","Prg2",0.2,0.04
0.298608770597415,6.44220408862391,0.662663383992106,1,"Txnl4a","Prg2",0.2,0.04
0.266301389887717,6.4575577496555,0.662663383992106,1,"Snap23","Prg2",0.2,0.04
0.266301389887717,6.4575577496555,0.662663383992106,1,"Ube2c","Prg2",0.2,0.04
0.266301389887717,6.4575577496555,0.662663383992106,1,"Tial1","Prg2",0.2,0.04
0.266301389887717,6.4575577496555,0.662663383992106,1,"Dph3","Prg2",0.2,0.04
-0.267605276067009,6.44982876916266,0.662663383992106,1,"Ube2a","Prg2",0.2,0.04
-0.267605276067009,6.44982876916266,0.662663383992106,1,"Fam32a","Prg2",0.2,0.04
-0.267605276067009,6.44982876916266,0.662663383992106,1,"Eif4a3","Prg2",0.2,0.04
-0.199807416749966,8.3912718848066,0.66282872571275,1,"Tmed2","Prg2",0.2,0.04
0.250292402682555,6.93905679481177,0.663859483745312,1,"Psmd2","Prg2",0.2,0.04
0.249503283467804,7.14211693311988,0.666160016871127,1,"Fundc2","Prg2",0.2,0.04
-0.178206859467922,12.4099538655617,0.66674739560849,1,"Tpt1","Prg2",0.2,0.04
0.368973943500628,5.20262579009992,0.666783082176848,1,"Orc2","Prg2",0.2,0.04
0.368973943500628,5.20262579009992,0.666783082176848,1,"Cnot9","Prg2",0.2,0.04
0.368973943500628,5.20262579009992,0.666783082176848,1,"Cept1","Prg2",0.2,0.04
0.368973943500628,5.20262579009992,0.666783082176848,1,"Ndc1","Prg2",0.2,0.04
0.368973943500628,5.20262579009992,0.666783082176848,1,"Taok2","Prg2",0.2,0.04
0.368973943500628,5.20262579009992,0.666783082176848,1,"Ado","Prg2",0.2,0.04
0.368973943500628,5.20262579009992,0.666783082176848,1,"Lmnb2","Prg2",0.2,0.04
0.368973943500628,5.20262579009992,0.666783082176848,1,"Ubxn8","Prg2",0.2,0.04
0.368973943500628,5.20262579009992,0.666783082176848,1,"Cherp","Prg2",0.2,0.04
0.368973943500628,5.20262579009992,0.666783082176848,1,"Ip6k1","Prg2",0.2,0.04
0.368973943500628,5.20262579009992,0.666783082176848,1,"Mis12","Prg2",0.2,0.04
0.368973943500628,5.20262579009992,0.666783082176848,1,"Nsf","Prg2",0.2,0.04
0.368973943500628,5.20262579009992,0.666783082176848,1,"Triobp","Prg2",0.2,0.04
-0.375433918445061,5.24687591912892,0.666783082176848,1,"Clasp1","Prg2",0.2,0.04
-0.375433918445061,5.24687591912892,0.666783082176848,1,"Lpgat1","Prg2",0.2,0.04
-0.375433918445061,5.24687591912892,0.666783082176848,1,"Mvb12b","Prg2",0.2,0.04
-0.375433918445061,5.24687591912892,0.666783082176848,1,"Rbm43","Prg2",0.2,0.04
-0.375433918445061,5.24687591912892,0.666783082176848,1,"Golph3l","Prg2",0.2,0.04
-0.375433918445061,5.24687591912892,0.666783082176848,1,"Fam126a","Prg2",0.2,0.04
-0.375433918445061,5.24687591912892,0.666783082176848,1,"N4bp2","Prg2",0.2,0.04
-0.375433918445061,5.24687591912892,0.666783082176848,1,"Coro1c","Prg2",0.2,0.04
-0.375433918445061,5.24687591912892,0.666783082176848,1,"Gm26699","Prg2",0.2,0.04
-0.375433918445061,5.24687591912892,0.666783082176848,1,"Pradc1","Prg2",0.2,0.04
-0.375433918445061,5.24687591912892,0.666783082176848,1,"H1fx","Prg2",0.2,0.04
-0.375433918445061,5.24687591912892,0.666783082176848,1,"Eif4e3","Prg2",0.2,0.04
-0.375433918445061,5.24687591912892,0.666783082176848,1,"Kcnn4","Prg2",0.2,0.04
-0.375433918445061,5.24687591912892,0.666783082176848,1,"Ascc3","Prg2",0.2,0.04
-0.375433918445061,5.24687591912892,0.666783082176848,1,"Esyt1","Prg2",0.2,0.04
-0.375433918445061,5.24687591912892,0.666783082176848,1,"Wwp2","Prg2",0.2,0.04
-0.375433918445061,5.24687591912892,0.666783082176848,1,"Rangrf","Prg2",0.2,0.04
-0.375433918445061,5.24687591912892,0.666783082176848,1,"Hist1h2ac","Prg2",0.2,0.04
-0.375433918445061,5.24687591912892,0.666783082176848,1,"Slf1","Prg2",0.2,0.04
-0.375433918445061,5.24687591912892,0.666783082176848,1,"Pmm2","Prg2",0.2,0.04
-0.375433918445061,5.24687591912892,0.666783082176848,1,"Dgcr6","Prg2",0.2,0.04
-0.375433918445061,5.24687591912892,0.666783082176848,1,"Ufd1","Prg2",0.2,0.04
-0.375433918445061,5.24687591912892,0.666783082176848,1,"Hagh","Prg2",0.2,0.04
-0.375433918445061,5.24687591912892,0.666783082176848,1,"Ttc9c","Prg2",0.2,0.04
-0.33226995581366,5.74755235387873,0.666864838914518,1,"Dnttip2","Prg2",0.2,0.04
-0.33226995581366,5.74755235387873,0.666864838914518,1,"Slc1a5","Prg2",0.2,0.04
-0.33226995581366,5.74755235387873,0.666864838914518,1,"Ppif","Prg2",0.2,0.04
-0.33226995581366,5.74755235387873,0.666864838914518,1,"Nelfe","Prg2",0.2,0.04
-0.33226995581366,5.74755235387873,0.666864838914518,1,"Stx5a","Prg2",0.2,0.04
-0.33226995581366,5.74755235387873,0.666864838914518,1,"March5","Prg2",0.2,0.04
0.304831384679952,5.73042009536973,0.666864838914518,1,"Aldh9a1","Prg2",0.2,0.04
0.304831384679952,5.73042009536973,0.666864838914518,1,"Ppat","Prg2",0.2,0.04
0.304831384679952,5.73042009536973,0.666864838914518,1,"Jagn1","Prg2",0.2,0.04
0.304831384679952,5.73042009536973,0.666864838914518,1,"Tmem126a","Prg2",0.2,0.04
0.304831384679952,5.73042009536973,0.666864838914518,1,"Ltv1","Prg2",0.2,0.04
-0.202368664281329,8.48278672677763,0.667353567112983,1,"Atp5c1","Prg2",0.2,0.04
-0.240455481454407,6.95706025756516,0.668754242801908,1,"Stt3a","Prg2",0.2,0.04
-0.182662565654689,9.53563714620716,0.668869840172539,1,"Rsrp1","Prg2",0.2,0.04
-0.2666318205437,6.50083729777638,0.669290945219036,1,"Sh3kbp1","Prg2",0.2,0.04
-0.240235722997161,6.4861157979982,0.669290945219036,1,"Fam133b","Prg2",0.2,0.04
-0.240235722997161,6.4861157979982,0.669290945219036,1,"Tbcb","Prg2",0.2,0.04
-0.240235722997161,6.4861157979982,0.669290945219036,1,"Dynll2","Prg2",0.2,0.04
0.191149423943774,8.25676443175142,0.669481358611213,1,"Atp5g3","Prg2",0.2,0.04
0.186925548117341,9.46949897701443,0.670243266240653,1,"Cdk6","Prg2",0.2,0.04
0.198336024011181,8.07761113171706,0.670505453192454,1,"Rabac1","Prg2",0.2,0.04
-0.194193141304312,8.42754782527319,0.67052685187331,1,"Arf1","Prg2",0.2,0.04
-0.190145499437725,9.19000580807444,0.671758637118521,1,"Rpl27","Prg2",0.2,0.04
-0.211205807541045,7.8747857209397,0.671767203914767,1,"Ppp1cc","Prg2",0.2,0.04
0.236438862707979,6.74604814115575,0.671869077569656,1,"Cdca7","Prg2",0.2,0.04
0.236438862707979,6.74604814115575,0.671869077569656,1,"U2af2","Prg2",0.2,0.04
0.236438862707979,6.74604814115575,0.671869077569656,1,"Ubn1","Prg2",0.2,0.04
0.236438862707979,6.74604814115575,0.671869077569656,1,"Tapbp","Prg2",0.2,0.04
-0.240373706052033,6.76183845709785,0.671869077569656,1,"Usf2","Prg2",0.2,0.04
-0.175541269888152,12.0660650175179,0.67218279486509,1,"Rpl12","Prg2",0.2,0.04
0.288377601011918,6.16199570394656,0.672797351267332,1,"Add1","Prg2",0.2,0.04
0.288377601011918,6.16199570394656,0.672797351267332,1,"Lrpap1","Prg2",0.2,0.04
0.249018709679157,6.18081442730888,0.672797351267332,1,"Eif2s3x","Prg2",0.2,0.04
0.249018709679157,6.18081442730888,0.672797351267332,1,"Abhd11","Prg2",0.2,0.04
0.249018709679157,6.18081442730888,0.672797351267332,1,"Tnpo3","Prg2",0.2,0.04
0.249018709679157,6.18081442730888,0.672797351267332,1,"Ppil4","Prg2",0.2,0.04
0.249018709679157,6.18081442730888,0.672797351267332,1,"Cyfip2","Prg2",0.2,0.04
0.249018709679157,6.18081442730888,0.672797351267332,1,"Chrac1","Prg2",0.2,0.04
0.249018709679157,6.18081442730888,0.672797351267332,1,"Ccdc50","Prg2",0.2,0.04
0.249018709679157,6.18081442730888,0.672797351267332,1,"Rps12-ps3","Prg2",0.2,0.04
-0.306888945697965,6.18210138319929,0.672797351267332,1,"Hypk","Prg2",0.2,0.04
-0.306888945697965,6.18210138319929,0.672797351267332,1,"Chst13","Prg2",0.2,0.04
-0.306888945697965,6.18210138319929,0.672797351267332,1,"Arid4a","Prg2",0.2,0.04
-0.306888945697965,6.18210138319929,0.672797351267332,1,"Uqcc3","Prg2",0.2,0.04
0.216005719439821,6.98627046755385,0.673510482797679,1,"Hexa","Prg2",0.2,0.04
-0.211606595619584,7.89397034885662,0.674422672695651,1,"Coro1a","Prg2",0.2,0.04
0.219721437430696,7.18313510974651,0.67462170176157,1,"Emc10","Prg2",0.2,0.04
-0.18332898885138,9.76212457753424,0.674793541212163,1,"Fth1","Prg2",0.2,0.04
-0.22640129560633,7.35944760558679,0.675409628298804,1,"Ndufb2","Prg2",0.2,0.04
0.248046908341776,6.50879658475207,0.675663353907144,1,"Phf20l1","Prg2",0.2,0.04
0.248046908341776,6.50879658475207,0.675663353907144,1,"Parl","Prg2",0.2,0.04
-0.326763478785437,5.82971669038768,0.6768053843177,1,"Rcn1","Prg2",0.2,0.04
-0.326763478785437,5.82971669038768,0.6768053843177,1,"Pafah1b3","Prg2",0.2,0.04
-0.326763478785437,5.82971669038768,0.6768053843177,1,"Klhl6","Prg2",0.2,0.04
-0.326763478785437,5.82971669038768,0.6768053843177,1,"Rpp21","Prg2",0.2,0.04
0.3243543615946,5.78988635535561,0.6768053843177,1,"Ggh","Prg2",0.2,0.04
0.3243543615946,5.78988635535561,0.6768053843177,1,"Ppp3r1","Prg2",0.2,0.04
0.272185118077353,5.81456507668279,0.6768053843177,1,"Fam60a","Prg2",0.2,0.04
0.272185118077353,5.81456507668279,0.6768053843177,1,"Zbtb44","Prg2",0.2,0.04
0.272185118077353,5.81456507668279,0.6768053843177,1,"Tnfrsf21","Prg2",0.2,0.04
0.206972904878043,7.90601617125861,0.677036601025107,1,"Tm9sf3","Prg2",0.2,0.04
0.247414801178214,6.77602602444859,0.677221124055942,1,"Api5","Prg2",0.2,0.04
0.580754842024155,4.50929513020315,0.677528211107962,1,"Plekhb2","Prg2",0.2,0.04
0.580754842024155,4.50929513020315,0.677528211107962,1,"Hnmt","Prg2",0.2,0.04
0.580754842024155,4.50929513020315,0.677528211107962,1,"Aar2","Prg2",0.2,0.04
0.580754842024155,4.50929513020315,0.677528211107962,1,"Mospd1","Prg2",0.2,0.04
0.580754842024155,4.50929513020315,0.677528211107962,1,"Etfdh","Prg2",0.2,0.04
0.580754842024155,4.50929513020315,0.677528211107962,1,"Fbxo42","Prg2",0.2,0.04
0.580754842024155,4.50929513020315,0.677528211107962,1,"Uvssa","Prg2",0.2,0.04
0.580754842024155,4.50929513020315,0.677528211107962,1,"Tpcn1","Prg2",0.2,0.04
0.580754842024155,4.50929513020315,0.677528211107962,1,"Stx2","Prg2",0.2,0.04
0.580754842024155,4.50929513020315,0.677528211107962,1,"Rad52","Prg2",0.2,0.04
0.580754842024155,4.50929513020315,0.677528211107962,1,"Dedd2","Prg2",0.2,0.04
0.580754842024155,4.50929513020315,0.677528211107962,1,"Nfatc2ip","Prg2",0.2,0.04
0.580754842024155,4.50929513020315,0.677528211107962,1,"Tmem19","Prg2",0.2,0.04
0.580754842024155,4.50929513020315,0.677528211107962,1,"Fut11","Prg2",0.2,0.04
0.580754842024155,4.50929513020315,0.677528211107962,1,"Tep1","Prg2",0.2,0.04
0.580754842024155,4.50929513020315,0.677528211107962,1,"Plekho2","Prg2",0.2,0.04
0.580754842024155,4.50929513020315,0.677528211107962,1,"Abhd14b","Prg2",0.2,0.04
0.580754842024155,4.50929513020315,0.677528211107962,1,"Tnip1","Prg2",0.2,0.04
0.580754842024155,4.50929513020315,0.677528211107962,1,"Pnpo","Prg2",0.2,0.04
0.580754842024155,4.50929513020315,0.677528211107962,1,"Pqlc3","Prg2",0.2,0.04
-0.610295863393894,4.53476594156126,0.677528211107962,1,"Nmi","Prg2",0.2,0.04
-0.610295863393894,4.53476594156126,0.677528211107962,1,"Plcb4","Prg2",0.2,0.04
-0.610295863393894,4.53476594156126,0.677528211107962,1,"Plrg1","Prg2",0.2,0.04
-0.610295863393894,4.53476594156126,0.677528211107962,1,"Kif2c","Prg2",0.2,0.04
-0.610295863393894,4.53476594156126,0.677528211107962,1,"Dmap1","Prg2",0.2,0.04
-0.610295863393894,4.53476594156126,0.677528211107962,1,"Lcorl","Prg2",0.2,0.04
-0.610295863393894,4.53476594156126,0.677528211107962,1,"Stambp","Prg2",0.2,0.04
-0.610295863393894,4.53476594156126,0.677528211107962,1,"Zfp574","Prg2",0.2,0.04
-0.610295863393894,4.53476594156126,0.677528211107962,1,"Eef1akmt2","Prg2",0.2,0.04
-0.610295863393894,4.53476594156126,0.677528211107962,1,"Ccl25","Prg2",0.2,0.04
-0.610295863393894,4.53476594156126,0.677528211107962,1,"Mpv17l2","Prg2",0.2,0.04
-0.610295863393894,4.53476594156126,0.677528211107962,1,"Katnb1","Prg2",0.2,0.04
-0.610295863393894,4.53476594156126,0.677528211107962,1,"Cdk10","Prg2",0.2,0.04
-0.610295863393894,4.53476594156126,0.677528211107962,1,"Prpsap2","Prg2",0.2,0.04
-0.610295863393894,4.53476594156126,0.677528211107962,1,"Wdr81","Prg2",0.2,0.04
-0.610295863393894,4.53476594156126,0.677528211107962,1,"Mtmr4","Prg2",0.2,0.04
-0.610295863393894,4.53476594156126,0.677528211107962,1,"Atp6v0a1","Prg2",0.2,0.04
-0.610295863393894,4.53476594156126,0.677528211107962,1,"Unk","Prg2",0.2,0.04
-0.610295863393894,4.53476594156126,0.677528211107962,1,"Zkscan8","Prg2",0.2,0.04
-0.610295863393894,4.53476594156126,0.677528211107962,1,"Ptdss1","Prg2",0.2,0.04
-0.610295863393894,4.53476594156126,0.677528211107962,1,"Thoc1","Prg2",0.2,0.04
-0.610295863393894,4.53476594156126,0.677528211107962,1,"Fam122a","Prg2",0.2,0.04
-0.201921463737703,8.20844928731674,0.677576526237849,1,"Nedd8","Prg2",0.2,0.04
-0.222370933916348,7.01826963301685,0.678133905668207,1,"Selenow","Prg2",0.2,0.04
-0.181997068208632,8.86293546882778,0.678224372005833,1,"Snrpf","Prg2",0.2,0.04
-0.22480913141715,7.21429844827918,0.678696424032288,1,"Elavl1","Prg2",0.2,0.04
-0.215585058929926,7.53391135764059,0.679288746470593,1,"Ywhab","Prg2",0.2,0.04
-0.215585058929926,7.53391135764059,0.679288746470593,1,"Ubxn1","Prg2",0.2,0.04
-0.188143450341281,9.13465854028628,0.679520120827729,1,"H2afy","Prg2",0.2,0.04
0.192298530650039,8.74761230258756,0.679631258533396,1,"Eif3a","Prg2",0.2,0.04
0.179348146675042,9.51642717332155,0.680283749814335,1,"Arhgdib","Prg2",0.2,0.04
0.264962752341994,6.2247336590442,0.680347020227895,1,"Thoc2","Prg2",0.2,0.04
0.264962752341994,6.2247336590442,0.680347020227895,1,"Glod4","Prg2",0.2,0.04
0.264962752341994,6.2247336590442,0.680347020227895,1,"Dok3","Prg2",0.2,0.04
0.264962752341994,6.2247336590442,0.680347020227895,1,"Clptm1l","Prg2",0.2,0.04
0.264962752341994,6.2247336590442,0.680347020227895,1,"Larp4","Prg2",0.2,0.04
0.393430240176643,5.28719107929536,0.680490405794444,1,"Tars2","Prg2",0.2,0.04
0.393430240176643,5.28719107929536,0.680490405794444,1,"Zmym4","Prg2",0.2,0.04
0.393430240176643,5.28719107929536,0.680490405794444,1,"Kif1b","Prg2",0.2,0.04
0.393430240176643,5.28719107929536,0.680490405794444,1,"Atxn2","Prg2",0.2,0.04
0.393430240176643,5.28719107929536,0.680490405794444,1,"Ints1","Prg2",0.2,0.04
0.393430240176643,5.28719107929536,0.680490405794444,1,"Cdk19","Prg2",0.2,0.04
0.393430240176643,5.28719107929536,0.680490405794444,1,"Acsl1","Prg2",0.2,0.04
0.393430240176643,5.28719107929536,0.680490405794444,1,"Pml","Prg2",0.2,0.04
0.393430240176643,5.28719107929536,0.680490405794444,1,"Pcyt2","Prg2",0.2,0.04
0.393430240176643,5.28719107929536,0.680490405794444,1,"Rala","Prg2",0.2,0.04
0.393430240176643,5.28719107929536,0.680490405794444,1,"Phf2","Prg2",0.2,0.04
0.393430240176643,5.28719107929536,0.680490405794444,1,"Thoc3","Prg2",0.2,0.04
0.393430240176643,5.28719107929536,0.680490405794444,1,"Casp7","Prg2",0.2,0.04
0.316085035206581,5.32275034216143,0.680490405794444,1,"Pcmtd1","Prg2",0.2,0.04
0.316085035206581,5.32275034216143,0.680490405794444,1,"Hipk3","Prg2",0.2,0.04
0.316085035206581,5.32275034216143,0.680490405794444,1,"Wdr76","Prg2",0.2,0.04
0.316085035206581,5.32275034216143,0.680490405794444,1,"Cops2","Prg2",0.2,0.04
0.316085035206581,5.32275034216143,0.680490405794444,1,"Dusp2","Prg2",0.2,0.04
0.316085035206581,5.32275034216143,0.680490405794444,1,"Csf1","Prg2",0.2,0.04
0.316085035206581,5.32275034216143,0.680490405794444,1,"Lsm10","Prg2",0.2,0.04
0.316085035206581,5.32275034216143,0.680490405794444,1,"Tmem222","Prg2",0.2,0.04
0.316085035206581,5.32275034216143,0.680490405794444,1,"Cdk8","Prg2",0.2,0.04
0.316085035206581,5.32275034216143,0.680490405794444,1,"Brpf1","Prg2",0.2,0.04
0.316085035206581,5.32275034216143,0.680490405794444,1,"Cnot7","Prg2",0.2,0.04
0.316085035206581,5.32275034216143,0.680490405794444,1,"Dpp8","Prg2",0.2,0.04
0.316085035206581,5.32275034216143,0.680490405794444,1,"Atr","Prg2",0.2,0.04
0.316085035206581,5.32275034216143,0.680490405794444,1,"Cfap36","Prg2",0.2,0.04
0.316085035206581,5.32275034216143,0.680490405794444,1,"Cdk13","Prg2",0.2,0.04
0.316085035206581,5.32275034216143,0.680490405794444,1,"Tdp2","Prg2",0.2,0.04
-0.302822951570602,5.32787040484852,0.680490405794444,1,"Tmx2","Prg2",0.2,0.04
-0.302822951570602,5.32787040484852,0.680490405794444,1,"Haus3","Prg2",0.2,0.04
-0.302822951570602,5.32787040484852,0.680490405794444,1,"Slc30a9","Prg2",0.2,0.04
-0.302822951570602,5.32787040484852,0.680490405794444,1,"Sart3","Prg2",0.2,0.04
-0.302822951570602,5.32787040484852,0.680490405794444,1,"Scoc","Prg2",0.2,0.04
-0.302822951570602,5.32787040484852,0.680490405794444,1,"Ngly1","Prg2",0.2,0.04
-0.302822951570602,5.32787040484852,0.680490405794444,1,"Xpo7","Prg2",0.2,0.04
-0.302822951570602,5.32787040484852,0.680490405794444,1,"Tbcel","Prg2",0.2,0.04
-0.302822951570602,5.32787040484852,0.680490405794444,1,"Cep164","Prg2",0.2,0.04
-0.302822951570602,5.32787040484852,0.680490405794444,1,"Usp4","Prg2",0.2,0.04
-0.302822951570602,5.32787040484852,0.680490405794444,1,"Slc22a3","Prg2",0.2,0.04
-0.302822951570602,5.32787040484852,0.680490405794444,1,"Ppic","Prg2",0.2,0.04
-0.265727078991223,6.55009894091391,0.681795024067128,1,"Tnrc6c","Prg2",0.2,0.04
-0.265727078991223,6.55009894091391,0.681795024067128,1,"Ndufaf8","Prg2",0.2,0.04
-0.265727078991223,6.55009894091391,0.681795024067128,1,"Ttc3","Prg2",0.2,0.04
-0.213168713558917,7.40606155994505,0.682621098941511,1,"Exosc5","Prg2",0.2,0.04
0.180265120878035,8.69797490198781,0.682714486290676,1,"Cox7a2l","Prg2",0.2,0.04
-0.169359581840787,11.6544742286274,0.684247138795397,1,"Rpl10a","Prg2",0.2,0.04
-0.207557779417069,7.71134963006869,0.685311142891682,1,"Usmg5","Prg2",0.2,0.04
-0.186428530823998,8.71500087351516,0.685726193040857,1,"Sec11c","Prg2",0.2,0.04
0.291908518308422,5.87074205298641,0.686152215775684,1,"Nup214","Prg2",0.2,0.04
0.291908518308422,5.87074205298641,0.686152215775684,1,"Atrn","Prg2",0.2,0.04
0.291908518308422,5.87074205298641,0.686152215775684,1,"Efhd2","Prg2",0.2,0.04
0.291908518308422,5.87074205298641,0.686152215775684,1,"Prpf31","Prg2",0.2,0.04
-0.281420920230161,5.8846798054814,0.686152215775684,1,"Naa20","Prg2",0.2,0.04
-0.281420920230161,5.8846798054814,0.686152215775684,1,"Acadm","Prg2",0.2,0.04
-0.281420920230161,5.8846798054814,0.686152215775684,1,"Zc3h14","Prg2",0.2,0.04
-0.197726039261138,8.06348995228132,0.68664198491815,1,"Mdh2","Prg2",0.2,0.04
-0.240494992962801,7.06262683908717,0.687003614908317,1,"Osbpl8","Prg2",0.2,0.04
-0.166452854762205,12.7561141646689,0.687016999656683,1,"Rpsa","Prg2",0.2,0.04
-0.240409213091689,6.84313234674754,0.687422021423586,1,"Wdr12","Prg2",0.2,0.04
0.27993121613097,6.26738723552783,0.687552485849701,1,"Hspa14","Prg2",0.2,0.04
0.27993121613097,6.26738723552783,0.687552485849701,1,"Ccdc59","Prg2",0.2,0.04
-0.271026275347552,6.28495910615008,0.687552485849702,1,"Rbck1","Prg2",0.2,0.04
-0.271026275347552,6.28495910615008,0.687552485849702,1,"Hadh","Prg2",0.2,0.04
0.243725609408364,6.59228879970596,0.687699309867483,1,"Cnot6","Prg2",0.2,0.04
0.19265135401135,7.72341934182863,0.688167256776341,1,"Pclaf","Prg2",0.2,0.04
0.171339777412027,9.9467776243981,0.688597006557219,1,"Ybx1","Prg2",0.2,0.04
0.202372695735825,7.85895842581589,0.690199134511265,1,"Mdh1","Prg2",0.2,0.04
-0.191189897829674,7.86387981657998,0.690199134511265,1,"Dapp1","Prg2",0.2,0.04
0.208434438283683,7.26600203219106,0.69033972446668,1,"Sf1","Prg2",0.2,0.04
-0.187970737829236,8.60614449996534,0.691134148698932,1,"Sub1","Prg2",0.2,0.04
-0.223261376367801,7.08662311565004,0.691259868682635,1,"Pde6d","Prg2",0.2,0.04
0.203374293666234,7.08087273102728,0.691259868682636,1,"Kmt2e","Prg2",0.2,0.04
0.178769550632283,9.09156244717638,0.691390335696226,1,"Atp5b","Prg2",0.2,0.04
-0.174986176184905,9.50136037530296,0.692042124138244,1,"Uqcrh","Prg2",0.2,0.04
-0.240425490665624,6.88211921535992,0.692286248729354,1,"Ufc1","Prg2",0.2,0.04
0.20409642214035,7.45632249983228,0.692867202314747,1,"Spcs3","Prg2",0.2,0.04
-0.422333767580196,5.39513366020686,0.693043838343673,1,"Cnppd1","Prg2",0.2,0.04
-0.422333767580196,5.39513366020686,0.693043838343673,1,"Pam","Prg2",0.2,0.04
-0.422333767580196,5.39513366020686,0.693043838343673,1,"Prpf4","Prg2",0.2,0.04
-0.422333767580196,5.39513366020686,0.693043838343673,1,"Rraga","Prg2",0.2,0.04
-0.422333767580196,5.39513366020686,0.693043838343673,1,"Dbf4","Prg2",0.2,0.04
-0.422333767580196,5.39513366020686,0.693043838343673,1,"Aebp2","Prg2",0.2,0.04
-0.422333767580196,5.39513366020686,0.693043838343673,1,"0610009B22Rik","Prg2",0.2,0.04
-0.422333767580196,5.39513366020686,0.693043838343673,1,"Ccdc167","Prg2",0.2,0.04
-0.422333767580196,5.39513366020686,0.693043838343673,1,"Rftn1","Prg2",0.2,0.04
-0.422333767580196,5.39513366020686,0.693043838343673,1,"Rela","Prg2",0.2,0.04
-0.36381551926332,5.36193562310028,0.693043838343673,1,"Arrdc1","Prg2",0.2,0.04
-0.36381551926332,5.36193562310028,0.693043838343673,1,"Chchd5","Prg2",0.2,0.04
-0.36381551926332,5.36193562310028,0.693043838343673,1,"Pigk","Prg2",0.2,0.04
-0.36381551926332,5.36193562310028,0.693043838343673,1,"Mdm2","Prg2",0.2,0.04
-0.36381551926332,5.36193562310028,0.693043838343673,1,"Lpcat2","Prg2",0.2,0.04
-0.36381551926332,5.36193562310028,0.693043838343673,1,"Timm29","Prg2",0.2,0.04
-0.36381551926332,5.36193562310028,0.693043838343673,1,"Marf1","Prg2",0.2,0.04
-0.36381551926332,5.36193562310028,0.693043838343673,1,"Ppp1r18","Prg2",0.2,0.04
0.341578100618493,5.40077021020854,0.693043838343673,1,"Elk4","Prg2",0.2,0.04
0.341578100618493,5.40077021020854,0.693043838343673,1,"Mfsd1","Prg2",0.2,0.04
0.341578100618493,5.40077021020854,0.693043838343673,1,"Sec24d","Prg2",0.2,0.04
0.341578100618493,5.40077021020854,0.693043838343673,1,"Ubr4","Prg2",0.2,0.04
0.341578100618493,5.40077021020854,0.693043838343673,1,"Pias1","Prg2",0.2,0.04
0.341578100618493,5.40077021020854,0.693043838343673,1,"Armc8","Prg2",0.2,0.04
0.341578100618493,5.40077021020854,0.693043838343673,1,"Tob2","Prg2",0.2,0.04
0.341578100618493,5.40077021020854,0.693043838343673,1,"Racgap1","Prg2",0.2,0.04
0.341578100618493,5.40077021020854,0.693043838343673,1,"Ergic1","Prg2",0.2,0.04
0.341578100618493,5.40077021020854,0.693043838343673,1,"Pqlc1","Prg2",0.2,0.04
-0.240311594022051,6.63057509178948,0.693388600457767,1,"Dcun1d5","Prg2",0.2,0.04
-0.240311594022051,6.63057509178948,0.693388600457767,1,"Topbp1","Prg2",0.2,0.04
-0.240311594022051,6.63057509178948,0.693388600457767,1,"Fyb","Prg2",0.2,0.04
-0.240311594022051,6.63057509178948,0.693388600457767,1,"Cyb5a","Prg2",0.2,0.04
-0.240311594022051,6.63057509178948,0.693388600457767,1,"Neat1","Prg2",0.2,0.04
-0.197675643716022,7.74804520996174,0.693729872113801,1,"Rp9","Prg2",0.2,0.04
0.199227915548052,7.29536003026972,0.694038363828174,1,"Sfr1","Prg2",0.2,0.04
-0.240140951715381,6.3255016551597,0.694436956532315,1,"Orai1","Prg2",0.2,0.04
-0.240140951715381,6.3255016551597,0.694436956532315,1,"Pde4d","Prg2",0.2,0.04
-0.240140951715381,6.3255016551597,0.694436956532315,1,"Glyr1","Prg2",0.2,0.04
-0.240140951715381,6.3255016551597,0.694436956532315,1,"Wdr43","Prg2",0.2,0.04
0.310083601152771,5.92486759517844,0.694958270327432,1,"Dnajc1","Prg2",0.2,0.04
0.310083601152771,5.92486759517844,0.694958270327432,1,"Eif2a","Prg2",0.2,0.04
0.310083601152771,5.92486759517844,0.694958270327432,1,"Rest","Prg2",0.2,0.04
0.310083601152771,5.92486759517844,0.694958270327432,1,"Psme3","Prg2",0.2,0.04
0.310083601152771,5.92486759517844,0.694958270327432,1,"Psmc1","Prg2",0.2,0.04
-0.206633595141711,7.11023866150564,0.695403274581509,1,"Rdx","Prg2",0.2,0.04
-0.187026722768485,8.00680190169346,0.696559779656992,1,"Rgcc","Prg2",0.2,0.04
-0.22085396188503,6.90923509953101,0.697002484126664,1,"Stk16","Prg2",0.2,0.04
-0.457336074382873,4.66395244234879,0.698224161738347,1,"Dusp23","Prg2",0.2,0.04
-0.457336074382873,4.66395244234879,0.698224161738347,1,"Ythdf3","Prg2",0.2,0.04
-0.457336074382873,4.66395244234879,0.698224161738347,1,"Acp6","Prg2",0.2,0.04
-0.457336074382873,4.66395244234879,0.698224161738347,1,"Xpa","Prg2",0.2,0.04
-0.457336074382873,4.66395244234879,0.698224161738347,1,"Pi4k2b","Prg2",0.2,0.04
-0.457336074382873,4.66395244234879,0.698224161738347,1,"Spty2d1","Prg2",0.2,0.04
-0.457336074382873,4.66395244234879,0.698224161738347,1,"Tusc3","Prg2",0.2,0.04
-0.457336074382873,4.66395244234879,0.698224161738347,1,"Gmip","Prg2",0.2,0.04
-0.457336074382873,4.66395244234879,0.698224161738347,1,"Asna1","Prg2",0.2,0.04
-0.457336074382873,4.66395244234879,0.698224161738347,1,"Cnep1r1","Prg2",0.2,0.04
-0.457336074382873,4.66395244234879,0.698224161738347,1,"Sntb2","Prg2",0.2,0.04
-0.457336074382873,4.66395244234879,0.698224161738347,1,"Atxn7","Prg2",0.2,0.04
-0.457336074382873,4.66395244234879,0.698224161738347,1,"Herpud2","Prg2",0.2,0.04
-0.457336074382873,4.66395244234879,0.698224161738347,1,"Zwilch","Prg2",0.2,0.04
-0.457336074382873,4.66395244234879,0.698224161738347,1,"2010315B03Rik","Prg2",0.2,0.04
-0.457336074382873,4.66395244234879,0.698224161738347,1,"Med11","Prg2",0.2,0.04
-0.457336074382873,4.66395244234879,0.698224161738347,1,"Ccdc43","Prg2",0.2,0.04
-0.457336074382873,4.66395244234879,0.698224161738347,1,"Sirt5","Prg2",0.2,0.04
-0.457336074382873,4.66395244234879,0.698224161738347,1,"Rab10os","Prg2",0.2,0.04
-0.457336074382873,4.66395244234879,0.698224161738347,1,"Atxn3","Prg2",0.2,0.04
-0.457336074382873,4.66395244234879,0.698224161738347,1,"Utp23","Prg2",0.2,0.04
-0.457336074382873,4.66395244234879,0.698224161738347,1,"Cdpf1","Prg2",0.2,0.04
-0.457336074382873,4.66395244234879,0.698224161738347,1,"Timmdc1","Prg2",0.2,0.04
-0.457336074382873,4.66395244234879,0.698224161738347,1,"Wiz","Prg2",0.2,0.04
-0.457336074382873,4.66395244234879,0.698224161738347,1,"Sgo1","Prg2",0.2,0.04
-0.457336074382873,4.66395244234879,0.698224161738347,1,"Slc25a45","Prg2",0.2,0.04
-0.457336074382873,4.66395244234879,0.698224161738347,1,"Rrp12","Prg2",0.2,0.04
-0.20221510918989,7.50215613997994,0.699344218457185,1,"Sumo1","Prg2",0.2,0.04
-0.176398211951444,8.3244673526916,0.699409387628055,1,"Dad1","Prg2",0.2,0.04
0.221539330653377,7.12823145130033,0.699438201608716,1,"Dkc1","Prg2",0.2,0.04
-0.207422067804295,7.14271246102079,0.699438201608716,1,"Sin3b","Prg2",0.2,0.04
-0.207422067804295,7.14271246102079,0.699438201608716,1,"Cuta","Prg2",0.2,0.04
-0.162065930229499,10.887987791962,0.69981144892227,1,"Rps17","Prg2",0.2,0.04
0.223891253626104,6.34245705686105,0.701021588216637,1,"Kdm5b","Prg2",0.2,0.04
0.223891253626104,6.34245705686105,0.701021588216637,1,"Supt20","Prg2",0.2,0.04
0.223891253626104,6.34245705686105,0.701021588216637,1,"Dap3","Prg2",0.2,0.04
0.223891253626104,6.34245705686105,0.701021588216637,1,"Hipk1","Prg2",0.2,0.04
0.223891253626104,6.34245705686105,0.701021588216637,1,"1810058I24Rik","Prg2",0.2,0.04
-0.164592274749596,10.3189263660278,0.701518870066076,1,"Eef2","Prg2",0.2,0.04
-0.173456599633879,9.24795991674582,0.70199851624272,1,"Sh3bgrl3","Prg2",0.2,0.04
-0.31752955456208,5.98117561137801,0.703270255811921,1,"Prps1","Prg2",0.2,0.04
-0.31752955456208,5.98117561137801,0.703270255811921,1,"Tmem128","Prg2",0.2,0.04
-0.31752955456208,5.98117561137801,0.703270255811921,1,"Scamp2","Prg2",0.2,0.04
-0.279215978343326,5.95962061744331,0.703270255811921,1,"Rcsd1","Prg2",0.2,0.04
-0.279215978343326,5.95962061744331,0.703270255811921,1,"Ergic2","Prg2",0.2,0.04
0.186846710557322,7.66992283315544,0.703490514792807,1,"Mtdh","Prg2",0.2,0.04
0.21299313747472,6.68420132187773,0.704167428504682,1,"Eid1","Prg2",0.2,0.04
-0.240333630091585,6.67567379890644,0.704167428504682,1,"Rgs18","Prg2",0.2,0.04
-0.354046500014968,5.46846244909176,0.704589936857644,1,"Ppil3","Prg2",0.2,0.04
-0.354046500014968,5.46846244909176,0.704589936857644,1,"Dynlt3","Prg2",0.2,0.04
-0.354046500014968,5.46846244909176,0.704589936857644,1,"Decr1","Prg2",0.2,0.04
-0.354046500014968,5.46846244909176,0.704589936857644,1,"Elovl1","Prg2",0.2,0.04
-0.354046500014968,5.46846244909176,0.704589936857644,1,"N4bp1","Prg2",0.2,0.04
-0.354046500014968,5.46846244909176,0.704589936857644,1,"Qars","Prg2",0.2,0.04
-0.354046500014968,5.46846244909176,0.704589936857644,1,"Fxr2","Prg2",0.2,0.04
0.729323624804366,3.42950214524751,0.704873373019877,1,"Tmem37","Prg2",0.2,0.04
0.729323624804366,3.42950214524751,0.704873373019877,1,"Kif21b","Prg2",0.2,0.04
0.729323624804366,3.42950214524751,0.704873373019877,1,"Vangl2","Prg2",0.2,0.04
0.729323624804366,3.42950214524751,0.704873373019877,1,"Coq8a","Prg2",0.2,0.04
0.729323624804366,3.42950214524751,0.704873373019877,1,"Taf1a","Prg2",0.2,0.04
0.729323624804366,3.42950214524751,0.704873373019877,1,"Tmem87a","Prg2",0.2,0.04
0.729323624804366,3.42950214524751,0.704873373019877,1,"1110034G24Rik","Prg2",0.2,0.04
0.729323624804366,3.42950214524751,0.704873373019877,1,"Macrod2","Prg2",0.2,0.04
0.729323624804366,3.42950214524751,0.704873373019877,1,"Zswim3","Prg2",0.2,0.04
0.729323624804366,3.42950214524751,0.704873373019877,1,"Slco4a1","Prg2",0.2,0.04
0.729323624804366,3.42950214524751,0.704873373019877,1,"Hist2h2aa1","Prg2",0.2,0.04
0.729323624804366,3.42950214524751,0.704873373019877,1,"Psrc1","Prg2",0.2,0.04
0.729323624804366,3.42950214524751,0.704873373019877,1,"Ripk2","Prg2",0.2,0.04
0.729323624804366,3.42950214524751,0.704873373019877,1,"Tmem8b","Prg2",0.2,0.04
0.729323624804366,3.42950214524751,0.704873373019877,1,"Sesn2","Prg2",0.2,0.04
0.729323624804366,3.42950214524751,0.704873373019877,1,"Pank4","Prg2",0.2,0.04
0.729323624804366,3.42950214524751,0.704873373019877,1,"Rpap2","Prg2",0.2,0.04
0.729323624804366,3.42950214524751,0.704873373019877,1,"Sirt4","Prg2",0.2,0.04
0.729323624804366,3.42950214524751,0.704873373019877,1,"Oas1a","Prg2",0.2,0.04
0.729323624804366,3.42950214524751,0.704873373019877,1,"Brat1","Prg2",0.2,0.04
0.729323624804366,3.42950214524751,0.704873373019877,1,"Parp12","Prg2",0.2,0.04
0.729323624804366,3.42950214524751,0.704873373019877,1,"Fam221a","Prg2",0.2,0.04
0.729323624804366,3.42950214524751,0.704873373019877,1,"Tmcc1","Prg2",0.2,0.04
0.729323624804366,3.42950214524751,0.704873373019877,1,"Ppfibp1","Prg2",0.2,0.04
0.729323624804366,3.42950214524751,0.704873373019877,1,"Bcl3","Prg2",0.2,0.04
0.729323624804366,3.42950214524751,0.704873373019877,1,"Plaur","Prg2",0.2,0.04
0.729323624804366,3.42950214524751,0.704873373019877,1,"Nfkbid","Prg2",0.2,0.04
0.729323624804366,3.42950214524751,0.704873373019877,1,"Gdpgp1","Prg2",0.2,0.04
0.729323624804366,3.42950214524751,0.704873373019877,1,"Stard5","Prg2",0.2,0.04
0.729323624804366,3.42950214524751,0.704873373019877,1,"Trim30d","Prg2",0.2,0.04
0.729323624804366,3.42950214524751,0.704873373019877,1,"Gm44777","Prg2",0.2,0.04
0.729323624804366,3.42950214524751,0.704873373019877,1,"Rexo5","Prg2",0.2,0.04
0.729323624804366,3.42950214524751,0.704873373019877,1,"Palb2","Prg2",0.2,0.04
0.729323624804366,3.42950214524751,0.704873373019877,1,"Gm21781","Prg2",0.2,0.04
0.729323624804366,3.42950214524751,0.704873373019877,1,"Stx11","Prg2",0.2,0.04
0.729323624804366,3.42950214524751,0.704873373019877,1,"Prmt2","Prg2",0.2,0.04
0.729323624804366,3.42950214524751,0.704873373019877,1,"Mmaa","Prg2",0.2,0.04
0.729323624804366,3.42950214524751,0.704873373019877,1,"Cc2d1a","Prg2",0.2,0.04
0.729323624804366,3.42950214524751,0.704873373019877,1,"Pdpr","Prg2",0.2,0.04
0.729323624804366,3.42950214524751,0.704873373019877,1,"Gm26759","Prg2",0.2,0.04
0.729323624804366,3.42950214524751,0.704873373019877,1,"Samd8","Prg2",0.2,0.04
0.729323624804366,3.42950214524751,0.704873373019877,1,"Txndc16","Prg2",0.2,0.04
0.729323624804366,3.42950214524751,0.704873373019877,1,"Nynrin","Prg2",0.2,0.04
0.729323624804366,3.42950214524751,0.704873373019877,1,"Fut4","Prg2",0.2,0.04
0.729323624804366,3.42950214524751,0.704873373019877,1,"Icam1","Prg2",0.2,0.04
0.729323624804366,3.42950214524751,0.704873373019877,1,"Sc5d","Prg2",0.2,0.04
0.729323624804366,3.42950214524751,0.704873373019877,1,"Pcsk7","Prg2",0.2,0.04
0.729323624804366,3.42950214524751,0.704873373019877,1,"Rbp1","Prg2",0.2,0.04
0.729323624804366,3.42950214524751,0.704873373019877,1,"Hemk1","Prg2",0.2,0.04
0.729323624804366,3.42950214524751,0.704873373019877,1,"Dhrs13","Prg2",0.2,0.04
0.729323624804366,3.42950214524751,0.704873373019877,1,"Nf1","Prg2",0.2,0.04
0.729323624804366,3.42950214524751,0.704873373019877,1,"Taco1","Prg2",0.2,0.04
0.729323624804366,3.42950214524751,0.704873373019877,1,"2610035D17Rik","Prg2",0.2,0.04
0.729323624804366,3.42950214524751,0.704873373019877,1,"D11Wsu47e","Prg2",0.2,0.04
0.729323624804366,3.42950214524751,0.704873373019877,1,"Recql5","Prg2",0.2,0.04
0.729323624804366,3.42950214524751,0.704873373019877,1,"Ube2o","Prg2",0.2,0.04
0.729323624804366,3.42950214524751,0.704873373019877,1,"Slc12a7","Prg2",0.2,0.04
0.729323624804366,3.42950214524751,0.704873373019877,1,"Cep72","Prg2",0.2,0.04
0.729323624804366,3.42950214524751,0.704873373019877,1,"F2rl2","Prg2",0.2,0.04
0.729323624804366,3.42950214524751,0.704873373019877,1,"Lpin1","Prg2",0.2,0.04
0.729323624804366,3.42950214524751,0.704873373019877,1,"Brms1l","Prg2",0.2,0.04
0.729323624804366,3.42950214524751,0.704873373019877,1,"Mlh3","Prg2",0.2,0.04
0.729323624804366,3.42950214524751,0.704873373019877,1,"Syngr1","Prg2",0.2,0.04
0.729323624804366,3.42950214524751,0.704873373019877,1,"Parvb","Prg2",0.2,0.04
0.729323624804366,3.42950214524751,0.704873373019877,1,"Dopey2","Prg2",0.2,0.04
0.729323624804366,3.42950214524751,0.704873373019877,1,"BC002059","Prg2",0.2,0.04
0.729323624804366,3.42950214524751,0.704873373019877,1,"Ppp2r5b","Prg2",0.2,0.04
0.729323624804366,3.42950214524751,0.704873373019877,1,"Gna14","Prg2",0.2,0.04
-0.169648390198426,9.00107207345749,0.704888447028131,1,"Taldo1","Prg2",0.2,0.04
-0.202891581814338,7.52695873269412,0.705557983460789,1,"Mcm3","Prg2",0.2,0.04
-0.184865078933548,8.16869278092185,0.705932271754879,1,"Top2a","Prg2",0.2,0.04
0.227978954764921,6.94975294677609,0.706016976221485,1,"Mpp6","Prg2",0.2,0.04
0.227978954764921,6.94975294677609,0.706016976221485,1,"Nisch","Prg2",0.2,0.04
0.238825093024481,6.3818274723743,0.707325707033675,1,"Ccnl1","Prg2",0.2,0.04
0.238825093024481,6.3818274723743,0.707325707033675,1,"Nemf","Prg2",0.2,0.04
0.238825093024481,6.3818274723743,0.707325707033675,1,"Riok3","Prg2",0.2,0.04
-0.268655582920047,6.39694469779509,0.707325707033675,1,"Gtf3a","Prg2",0.2,0.04
-0.240175060741838,6.38105799920994,0.707325707033675,1,"Sys1","Prg2",0.2,0.04
-0.240175060741838,6.38105799920994,0.707325707033675,1,"Dld","Prg2",0.2,0.04
-0.240175060741838,6.38105799920994,0.707325707033675,1,"Mrpl13","Prg2",0.2,0.04
-0.180870526925295,8.07092343447108,0.707630338220577,1,"Ndufb9","Prg2",0.2,0.04
-0.172081014120827,8.9586770169511,0.708228875333206,1,"Arpc2","Prg2",0.2,0.04
0.224976142998363,6.71544856419809,0.709277641158897,1,"Vps35","Prg2",0.2,0.04
-0.217690304926043,6.70684969085377,0.709277641158897,1,"Ivns1abp","Prg2",0.2,0.04
-0.22189131856717,6.98283519473621,0.710327303505683,1,"Thrap3","Prg2",0.2,0.04
0.16761853652709,8.7040277832701,0.71042598044001,1,"Hnrnpab","Prg2",0.2,0.04
-0.168411750505428,9.29523916056072,0.71071708538409,1,"H2-D1","Prg2",0.2,0.04
0.201143430111399,7.1920955536808,0.710932592645873,1,"Plekhj1","Prg2",0.2,0.04
-0.192803809254684,7.19672419560569,0.710932592645873,1,"Ppig","Prg2",0.2,0.04
-0.192803809254684,7.19672419560569,0.710932592645873,1,"Pycard","Prg2",0.2,0.04
0.237130334521309,6.01981594650666,0.711129553420308,1,"Fndc3b","Prg2",0.2,0.04
0.237130334521309,6.01981594650666,0.711129553420308,1,"Preb","Prg2",0.2,0.04
0.237130334521309,6.01981594650666,0.711129553420308,1,"Rab8a","Prg2",0.2,0.04
0.237130334521309,6.01981594650666,0.711129553420308,1,"Chtf8","Prg2",0.2,0.04
-0.277239143830154,6.03084621634916,0.711129553420308,1,"Ddi2","Prg2",0.2,0.04
-0.185197015463094,7.39076821737996,0.71129767821089,1,"Sept7","Prg2",0.2,0.04
-0.185892960931822,7.720743849343,0.711665899922166,1,"Top1","Prg2",0.2,0.04
0.252939728189299,6.42017738447063,0.71336700358427,1,"Atic","Prg2",0.2,0.04
0.252939728189299,6.42017738447063,0.71336700358427,1,"Stk11","Prg2",0.2,0.04
0.252939728189299,6.42017738447063,0.71336700358427,1,"Tap2","Prg2",0.2,0.04
0.220632347479601,6.43576509163995,0.71336700358427,1,"Aff1","Prg2",0.2,0.04
0.220632347479601,6.43576509163995,0.71336700358427,1,"Setd5","Prg2",0.2,0.04
-0.240206554618189,6.43454649151519,0.71336700358427,1,"Yif1b","Prg2",0.2,0.04
0.165406230426006,9.26039627252068,0.71358965812215,1,"P4hb","Prg2",0.2,0.04
0.173854402322492,7.98508488709465,0.714028644080872,1,"Gdi2","Prg2",0.2,0.04
-0.218400119361788,6.74966997248275,0.714214339228205,1,"Bod1l","Prg2",0.2,0.04
-0.218400119361788,6.74966997248275,0.714214339228205,1,"Psmb10","Prg2",0.2,0.04
-0.218400119361788,6.74966997248275,0.714214339228205,1,"Uchl3","Prg2",0.2,0.04
0.191610394165429,7.22298509677047,0.71457310713411,1,"Clint1","Prg2",0.2,0.04
-0.29354842303828,5.53838266857404,0.715250647488022,1,"Rmnd5a","Prg2",0.2,0.04
-0.29354842303828,5.53838266857404,0.715250647488022,1,"Sugp2","Prg2",0.2,0.04
-0.29354842303828,5.53838266857404,0.715250647488022,1,"Lrp10","Prg2",0.2,0.04
-0.29354842303828,5.53838266857404,0.715250647488022,1,"B3galnt2","Prg2",0.2,0.04
-0.29354842303828,5.53838266857404,0.715250647488022,1,"Mrps30","Prg2",0.2,0.04
-0.29354842303828,5.53838266857404,0.715250647488022,1,"Nubp2","Prg2",0.2,0.04
0.297651954248708,5.50592348141212,0.715250647488022,1,"Sdhaf1","Prg2",0.2,0.04
0.297651954248708,5.50592348141212,0.715250647488022,1,"Fem1b","Prg2",0.2,0.04
0.297651954248708,5.50592348141212,0.715250647488022,1,"Ap3b1","Prg2",0.2,0.04
-0.17448265040977,8.11607215034723,0.715932400456037,1,"Tmem256","Prg2",0.2,0.04
-0.428730043577997,4.83330292196129,0.716116009856626,1,"Ncaph","Prg2",0.2,0.04
-0.428730043577997,4.83330292196129,0.716116009856626,1,"Mtfr1","Prg2",0.2,0.04
-0.428730043577997,4.83330292196129,0.716116009856626,1,"Ttc4","Prg2",0.2,0.04
-0.428730043577997,4.83330292196129,0.716116009856626,1,"Kdm4a","Prg2",0.2,0.04
-0.428730043577997,4.83330292196129,0.716116009856626,1,"Zfp68","Prg2",0.2,0.04
-0.428730043577997,4.83330292196129,0.716116009856626,1,"Nop2","Prg2",0.2,0.04
-0.428730043577997,4.83330292196129,0.716116009856626,1,"Uvrag","Prg2",0.2,0.04
-0.428730043577997,4.83330292196129,0.716116009856626,1,"Oaz2","Prg2",0.2,0.04
-0.428730043577997,4.83330292196129,0.716116009856626,1,"Cmtm6","Prg2",0.2,0.04
-0.428730043577997,4.83330292196129,0.716116009856626,1,"Vamp2","Prg2",0.2,0.04
-0.428730043577997,4.83330292196129,0.716116009856626,1,"Trim37","Prg2",0.2,0.04
-0.428730043577997,4.83330292196129,0.716116009856626,1,"Hexim1","Prg2",0.2,0.04
-0.428730043577997,4.83330292196129,0.716116009856626,1,"Cant1","Prg2",0.2,0.04
-0.428730043577997,4.83330292196129,0.716116009856626,1,"Aspscr1","Prg2",0.2,0.04
-0.428730043577997,4.83330292196129,0.716116009856626,1,"Diras2","Prg2",0.2,0.04
-0.428730043577997,4.83330292196129,0.716116009856626,1,"Tatdn1","Prg2",0.2,0.04
-0.428730043577997,4.83330292196129,0.716116009856626,1,"Ring1","Prg2",0.2,0.04
-0.428730043577997,4.83330292196129,0.716116009856626,1,"2310061I04Rik","Prg2",0.2,0.04
-0.428730043577997,4.83330292196129,0.716116009856626,1,"Ypel5","Prg2",0.2,0.04
-0.428730043577997,4.83330292196129,0.716116009856626,1,"Ms4a6b","Prg2",0.2,0.04
-0.428730043577997,4.83330292196129,0.716116009856626,1,"Borcs7","Prg2",0.2,0.04
0.340004652244084,4.75387375273119,0.716116009856626,1,"Sgo2a","Prg2",0.2,0.04
0.340004652244084,4.75387375273119,0.716116009856626,1,"Taf4","Prg2",0.2,0.04
0.340004652244084,4.75387375273119,0.716116009856626,1,"Noct","Prg2",0.2,0.04
0.340004652244084,4.75387375273119,0.716116009856626,1,"Pbxip1","Prg2",0.2,0.04
0.340004652244084,4.75387375273119,0.716116009856626,1,"Notch2","Prg2",0.2,0.04
0.340004652244084,4.75387375273119,0.716116009856626,1,"Ncor2","Prg2",0.2,0.04
0.340004652244084,4.75387375273119,0.716116009856626,1,"Zfp384","Prg2",0.2,0.04
0.340004652244084,4.75387375273119,0.716116009856626,1,"Coq7","Prg2",0.2,0.04
0.340004652244084,4.75387375273119,0.716116009856626,1,"Med16","Prg2",0.2,0.04
0.340004652244084,4.75387375273119,0.716116009856626,1,"Dctd","Prg2",0.2,0.04
0.340004652244084,4.75387375273119,0.716116009856626,1,"Esco2","Prg2",0.2,0.04
0.340004652244084,4.75387375273119,0.716116009856626,1,"Slain1","Prg2",0.2,0.04
0.340004652244084,4.75387375273119,0.716116009856626,1,"Zfp560","Prg2",0.2,0.04
0.340004652244084,4.75387375273119,0.716116009856626,1,"Zfp62","Prg2",0.2,0.04
0.340004652244084,4.75387375273119,0.716116009856626,1,"Rabep1","Prg2",0.2,0.04
0.340004652244084,4.75387375273119,0.716116009856626,1,"Narf","Prg2",0.2,0.04
0.340004652244084,4.75387375273119,0.716116009856626,1,"Hist1h4d","Prg2",0.2,0.04
0.340004652244084,4.75387375273119,0.716116009856626,1,"Asb8","Prg2",0.2,0.04
0.340004652244084,4.75387375273119,0.716116009856626,1,"Stk19","Prg2",0.2,0.04
0.340004652244084,4.75387375273119,0.716116009856626,1,"Lpin2","Prg2",0.2,0.04
0.340004652244084,4.75387375273119,0.716116009856626,1,"Sft2d3","Prg2",0.2,0.04
-0.336555773243448,4.78287844268876,0.716116009856626,1,"Sh3glb2","Prg2",0.2,0.04
-0.336555773243448,4.78287844268876,0.716116009856626,1,"Mtg2","Prg2",0.2,0.04
-0.336555773243448,4.78287844268876,0.716116009856626,1,"Brcc3","Prg2",0.2,0.04
-0.336555773243448,4.78287844268876,0.716116009856626,1,"Zyg11b","Prg2",0.2,0.04
-0.336555773243448,4.78287844268876,0.716116009856626,1,"Gfi1","Prg2",0.2,0.04
-0.336555773243448,4.78287844268876,0.716116009856626,1,"Inafm1","Prg2",0.2,0.04
-0.336555773243448,4.78287844268876,0.716116009856626,1,"Qrsl1","Prg2",0.2,0.04
-0.336555773243448,4.78287844268876,0.716116009856626,1,"Dhx8","Prg2",0.2,0.04
-0.336555773243448,4.78287844268876,0.716116009856626,1,"Lrrc45","Prg2",0.2,0.04
-0.336555773243448,4.78287844268876,0.716116009856626,1,"Cyth4","Prg2",0.2,0.04
-0.336555773243448,4.78287844268876,0.716116009856626,1,"Zfp945","Prg2",0.2,0.04
-0.172309747798296,8.2370187173897,0.717549622114034,1,"Npc2","Prg2",0.2,0.04
0.173764305908826,7.42620029509423,0.71767496765269,1,"Taf10","Prg2",0.2,0.04
0.200150586505027,7.24465081938294,0.718123954287425,1,"Arpc4","Prg2",0.2,0.04
-0.174363802138621,8.42971955195136,0.718528977062011,1,"Acin1","Prg2",0.2,0.04
-0.239970552136841,6.07892658223368,0.718572966282397,1,"Hist1h4i","Prg2",0.2,0.04
0.255421539845069,6.06874086634648,0.718572966282397,1,"Esf1","Prg2",0.2,0.04
0.255421539845069,6.06874086634648,0.718572966282397,1,"Spag9","Prg2",0.2,0.04
0.204633362248531,7.02187439924568,0.71858178027166,1,"Farsa","Prg2",0.2,0.04
-0.172779240873231,7.8915965496211,0.718856832122022,1,"Srm","Prg2",0.2,0.04
-0.197424051438239,6.77933722301953,0.718986201100711,1,"Gtf2h5","Prg2",0.2,0.04
0.185952005403053,6.77053213697711,0.718986201100712,1,"Dnajc10","Prg2",0.2,0.04
0.234701674848846,6.47273163929859,0.719161702966231,1,"Ube2q1","Prg2",0.2,0.04
0.234701674848846,6.47273163929859,0.719161702966231,1,"Ifitm3","Prg2",0.2,0.04
-0.213347657185418,6.47122719212346,0.719161702966231,1,"Akap9","Prg2",0.2,0.04
-0.213347657185418,6.47122719212346,0.719161702966231,1,"Pdap1","Prg2",0.2,0.04
-0.213347657185418,6.47122719212346,0.719161702966231,1,"Erg28","Prg2",0.2,0.04
-0.187260877873308,7.44384919360702,0.720760392466059,1,"Ndufa12","Prg2",0.2,0.04
-0.187260877873308,7.44384919360702,0.720760392466059,1,"Polr2f","Prg2",0.2,0.04
-0.194840377022042,7.25729922900624,0.721588370557437,1,"Vdac3","Prg2",0.2,0.04
0.214236017817778,7.04672145635051,0.722536082399905,1,"Hnrnpdl","Prg2",0.2,0.04
-0.188236590236225,7.46967284993939,0.723779902525873,1,"Sptssa","Prg2",0.2,0.04
-0.152129121259047,10.3463811362345,0.724332095145817,1,"Itm2b","Prg2",0.2,0.04
0.190980258523308,7.27444060217147,0.724969440463762,1,"Scaf11","Prg2",0.2,0.04
0.1737347232045,7.28282570732293,0.724969440463762,1,"H13","Prg2",0.2,0.04
-0.289881897906303,5.63309311577244,0.725128376010419,1,"Sept11","Prg2",0.2,0.04
-0.289881897906303,5.63309311577244,0.725128376010419,1,"Smco4","Prg2",0.2,0.04
-0.289881897906303,5.63309311577244,0.725128376010419,1,"Rxrb","Prg2",0.2,0.04
-0.239533492734554,5.60519411066972,0.725128376010419,1,"Swt1","Prg2",0.2,0.04
-0.239533492734554,5.60519411066972,0.725128376010419,1,"Idh3b","Prg2",0.2,0.04
-0.239533492734554,5.60519411066972,0.725128376010419,1,"Jade1","Prg2",0.2,0.04
-0.239533492734554,5.60519411066972,0.725128376010419,1,"Emsy","Prg2",0.2,0.04
-0.239533492734554,5.60519411066972,0.725128376010419,1,"Dcaf1","Prg2",0.2,0.04
-0.239533492734554,5.60519411066972,0.725128376010419,1,"Mthfd1","Prg2",0.2,0.04
-0.239533492734554,5.60519411066972,0.725128376010419,1,"Cryzl1","Prg2",0.2,0.04
-0.239533492734554,5.60519411066972,0.725128376010419,1,"Tcf4","Prg2",0.2,0.04
-0.239533492734554,5.60519411066972,0.725128376010419,1,"Asrgl1","Prg2",0.2,0.04
0.320939636818207,5.57498072627441,0.725128376010419,1,"Chmp3","Prg2",0.2,0.04
0.259947069125489,5.60381902029433,0.725128376010419,1,"Cir1","Prg2",0.2,0.04
0.259947069125489,5.60381902029433,0.725128376010419,1,"Thap12","Prg2",0.2,0.04
0.259947069125489,5.60381902029433,0.725128376010419,1,"Ddx19a","Prg2",0.2,0.04
0.259947069125489,5.60381902029433,0.725128376010419,1,"Kidins220","Prg2",0.2,0.04
0.259947069125489,5.60381902029433,0.725128376010419,1,"Dgcr8","Prg2",0.2,0.04
0.259947069125489,5.60381902029433,0.725128376010419,1,"Opa1","Prg2",0.2,0.04
0.259947069125489,5.60381902029433,0.725128376010419,1,"Cmss1","Prg2",0.2,0.04
-0.184207216739051,7.93450929868763,0.725622928925496,1,"Psma2","Prg2",0.2,0.04
0.272462271971792,6.11610217594078,0.72563334405728,1,"Maea","Prg2",0.2,0.04
0.272462271971792,6.11610217594078,0.72563334405728,1,"Ppp4r3b","Prg2",0.2,0.04
0.272462271971792,6.11610217594078,0.72563334405728,1,"Plin3","Prg2",0.2,0.04
-0.205384953107478,6.12551384746324,0.72563334405728,1,"Pbdc1","Prg2",0.2,0.04
-0.205384953107478,6.12551384746324,0.72563334405728,1,"Svbp","Prg2",0.2,0.04
-0.205384953107478,6.12551384746324,0.72563334405728,1,"Ddx10","Prg2",0.2,0.04
-0.205384953107478,6.12551384746324,0.72563334405728,1,"Mrpl2","Prg2",0.2,0.04
-0.205807196607426,7.07701474786038,0.726381403323872,1,"Pds5a","Prg2",0.2,0.04
0.196108592569746,7.48206546000784,0.726735560222338,1,"Mrpl51","Prg2",0.2,0.04
-0.189049850507192,7.80426964088552,0.726754041998473,1,"Glipr1","Prg2",0.2,0.04
0.157076434363229,8.86918990395847,0.726801512163447,1,"Nme1","Prg2",0.2,0.04
-0.17246986663096,8.38973343514905,0.727324279530497,1,"Gnb2","Prg2",0.2,0.04
0.209154966269947,6.82887257378455,0.728067336795299,1,"1700020I14Rik","Prg2",0.2,0.04
0.209154966269947,6.82887257378455,0.728067336795299,1,"Ddx21","Prg2",0.2,0.04
0.209154966269947,6.82887257378455,0.728067336795299,1,"Pdcd6ip","Prg2",0.2,0.04
0.167242671455564,7.66015716744586,0.728072774312129,1,"Csnk1a1","Prg2",0.2,0.04
-0.163201688198994,8.58138844858687,0.729991327725786,1,"Eif3e","Prg2",0.2,0.04
0.217773419875632,6.52341088876714,0.730069760564781,1,"Mrpl32","Prg2",0.2,0.04
-0.240262814278806,6.53589909727416,0.730069760564781,1,"Nolc1","Prg2",0.2,0.04
-0.189388059822903,7.1007911337783,0.730122158492762,1,"Uqcrfs1","Prg2",0.2,0.04
0.183517776475681,7.09051799025757,0.730122158492762,1,"Polr2g","Prg2",0.2,0.04
0.190393758399755,7.32412552734704,0.731493171083515,1,"Snx3","Prg2",0.2,0.04
0.376491685780176,4.86743161019509,0.731776276918526,1,"Fbxo28","Prg2",0.2,0.04
0.376491685780176,4.86743161019509,0.731776276918526,1,"Rab35","Prg2",0.2,0.04
0.376491685780176,4.86743161019509,0.731776276918526,1,"Cnpy4","Prg2",0.2,0.04
0.376491685780176,4.86743161019509,0.731776276918526,1,"Wdr73","Prg2",0.2,0.04
0.376491685780176,4.86743161019509,0.731776276918526,1,"Rnf41","Prg2",0.2,0.04
0.376491685780176,4.86743161019509,0.731776276918526,1,"Rpgrip1","Prg2",0.2,0.04
0.376491685780176,4.86743161019509,0.731776276918526,1,"Pank3","Prg2",0.2,0.04
0.376491685780176,4.86743161019509,0.731776276918526,1,"Mcur1","Prg2",0.2,0.04
0.376491685780176,4.86743161019509,0.731776276918526,1,"Mief1","Prg2",0.2,0.04
0.376491685780176,4.86743161019509,0.731776276918526,1,"Slc11a2","Prg2",0.2,0.04
0.376491685780176,4.86743161019509,0.731776276918526,1,"Pcyt1a","Prg2",0.2,0.04
0.376491685780176,4.86743161019509,0.731776276918526,1,"Satb1","Prg2",0.2,0.04
-0.273841475919857,6.1635100491356,0.732340106993247,1,"Rb1cc1","Prg2",0.2,0.04
-0.273841475919857,6.1635100491356,0.732340106993247,1,"Magohb","Prg2",0.2,0.04
-0.273841475919857,6.1635100491356,0.732340106993247,1,"Acyp1","Prg2",0.2,0.04
-0.199873271694881,6.85973158887394,0.732391306515694,1,"Spop","Prg2",0.2,0.04
0.220057802779919,6.85720017079475,0.732391306515694,1,"Fkbp8","Prg2",0.2,0.04
0.180229470826692,7.69212942757278,0.733180338495495,1,"Ptges3","Prg2",0.2,0.04
0.283455503152769,5.66846918465911,0.73430983607494,1,"Ctnnbl1","Prg2",0.2,0.04
0.283455503152769,5.66846918465911,0.73430983607494,1,"Rsrc1","Prg2",0.2,0.04
0.283455503152769,5.66846918465911,0.73430983607494,1,"Ndufaf4","Prg2",0.2,0.04
0.283455503152769,5.66846918465911,0.73430983607494,1,"Poldip2","Prg2",0.2,0.04
0.283455503152769,5.66846918465911,0.73430983607494,1,"Pigp","Prg2",0.2,0.04
0.283455503152769,5.66846918465911,0.73430983607494,1,"Pola2","Prg2",0.2,0.04
-0.215265450109553,6.57015815552663,0.735209497475942,1,"Hmbs","Prg2",0.2,0.04
0.180969156695335,7.53219836006411,0.735238809670491,1,"Prpf40a","Prg2",0.2,0.04
0.180969156695335,7.53219836006411,0.735238809670491,1,"Zfp207","Prg2",0.2,0.04
-0.200997444694477,6.89830307180475,0.736579910412787,1,"Marc2","Prg2",0.2,0.04
-0.180863814066572,6.88727989346214,0.736579910412787,1,"Dhx15","Prg2",0.2,0.04
0.173632904370288,6.87979026708349,0.736579910412787,1,"Bst2","Prg2",0.2,0.04
-0.157318319499536,8.859205534006,0.737050107128693,1,"Selenof","Prg2",0.2,0.04
0.183145636533043,7.14681267536012,0.737306480792868,1,"Pdia4","Prg2",0.2,0.04
-0.240063467302447,6.20749779205779,0.73871968796388,1,"Ywhag","Prg2",0.2,0.04
-0.240063467302447,6.20749779205779,0.73871968796388,1,"Dnajb9","Prg2",0.2,0.04
0.144256867466418,10.0444950552728,0.73996645488557,1,"Apoe","Prg2",0.2,0.04
0.215245087230156,6.60604211359814,0.740155613016441,1,"Hint2","Prg2",0.2,0.04
-0.191531940376633,6.6036497368459,0.740155613016441,1,"Ppie","Prg2",0.2,0.04
0.163673909528171,8.02057699654612,0.740228414435593,1,"Ndufb8","Prg2",0.2,0.04
0.167594613898551,7.73553290540489,0.740495985429124,1,"Ndufs6","Prg2",0.2,0.04
0.140896641403837,9.94933769462188,0.740682654531901,1,"Gapdh","Prg2",0.2,0.04
-0.286693669670104,5.72194221856013,0.742869008999205,1,"Ncbp3","Prg2",0.2,0.04
-0.286693669670104,5.72194221856013,0.742869008999205,1,"Adsl","Prg2",0.2,0.04
-0.286693669670104,5.72194221856013,0.742869008999205,1,"H2-Oa","Prg2",0.2,0.04
-0.286693669670104,5.72194221856013,0.742869008999205,1,"Atf6b","Prg2",0.2,0.04
-0.286693669670104,5.72194221856013,0.742869008999205,1,"Wdr33","Prg2",0.2,0.04
0.142681701244617,9.77873867609449,0.742928319042664,1,"Hnrnpa2b1","Prg2",0.2,0.04
-0.180365915096842,7.58559694858915,0.743234036228266,1,"Tomm5","Prg2",0.2,0.04
0.166850080246886,7.58062989537589,0.743234036228266,1,"Arhgdia","Prg2",0.2,0.04
0.149153163090189,8.89803982771963,0.743795752380683,1,"Hnrnpa1","Prg2",0.2,0.04
-0.202061787334073,6.93586661770378,0.744575658364326,1,"Lmo2","Prg2",0.2,0.04
-0.202061787334073,6.93586661770378,0.744575658364326,1,"Ilf2","Prg2",0.2,0.04
-0.202061787334073,6.93586661770378,0.744575658364326,1,"Mycbp2","Prg2",0.2,0.04
0.195624994687374,6.93399110155022,0.744575658364326,1,"Ppp4c","Prg2",0.2,0.04
-0.208504172659848,6.25023182795941,0.744795907178503,1,"Cntrl","Prg2",0.2,0.04
0.227640400600515,6.24270497667902,0.744795907178503,1,"Slc50a1","Prg2",0.2,0.04
0.227640400600515,6.24270497667902,0.744795907178503,1,"Rsbn1","Prg2",0.2,0.04
0.227640400600515,6.24270497667902,0.744795907178503,1,"Ruvbl2","Prg2",0.2,0.04
0.227640400600515,6.24270497667902,0.744795907178503,1,"Wee1","Prg2",0.2,0.04
0.407104158336007,4.9729099061974,0.745625552399024,1,"Rab3gap2","Prg2",0.2,0.04
0.407104158336007,4.9729099061974,0.745625552399024,1,"Mcm10","Prg2",0.2,0.04
0.407104158336007,4.9729099061974,0.745625552399024,1,"Caap1","Prg2",0.2,0.04
0.407104158336007,4.9729099061974,0.745625552399024,1,"Hectd4","Prg2",0.2,0.04
0.407104158336007,4.9729099061974,0.745625552399024,1,"Furin","Prg2",0.2,0.04
0.407104158336007,4.9729099061974,0.745625552399024,1,"Tmem80","Prg2",0.2,0.04
0.407104158336007,4.9729099061974,0.745625552399024,1,"Piezo1","Prg2",0.2,0.04
0.407104158336007,4.9729099061974,0.745625552399024,1,"Pibf1","Prg2",0.2,0.04
0.407104158336007,4.9729099061974,0.745625552399024,1,"Lars2","Prg2",0.2,0.04
0.407104158336007,4.9729099061974,0.745625552399024,1,"Pttg1","Prg2",0.2,0.04
0.407104158336007,4.9729099061974,0.745625552399024,1,"Usp22","Prg2",0.2,0.04
0.407104158336007,4.9729099061974,0.745625552399024,1,"Usp36","Prg2",0.2,0.04
0.407104158336007,4.9729099061974,0.745625552399024,1,"Fam109b","Prg2",0.2,0.04
0.407104158336007,4.9729099061974,0.745625552399024,1,"Elp2","Prg2",0.2,0.04
0.407104158336007,4.9729099061974,0.745625552399024,1,"Polr2d","Prg2",0.2,0.04
0.407104158336007,4.9729099061974,0.745625552399024,1,"Pias2","Prg2",0.2,0.04
0.407104158336007,4.9729099061974,0.745625552399024,1,"9930021J03Rik","Prg2",0.2,0.04
0.30863646773539,5.01749675320575,0.745625552399024,1,"Phf21a","Prg2",0.2,0.04
0.30863646773539,5.01749675320575,0.745625552399024,1,"Abcb8","Prg2",0.2,0.04
0.30863646773539,5.01749675320575,0.745625552399024,1,"Fam98c","Prg2",0.2,0.04
0.30863646773539,5.01749675320575,0.745625552399024,1,"Scaf1","Prg2",0.2,0.04
0.30863646773539,5.01749675320575,0.745625552399024,1,"Itpripl2","Prg2",0.2,0.04
0.30863646773539,5.01749675320575,0.745625552399024,1,"Slc19a1","Prg2",0.2,0.04
0.30863646773539,5.01749675320575,0.745625552399024,1,"Dnajc14","Prg2",0.2,0.04
0.30863646773539,5.01749675320575,0.745625552399024,1,"Wwox","Prg2",0.2,0.04
0.30863646773539,5.01749675320575,0.745625552399024,1,"Lyrm9","Prg2",0.2,0.04
0.30863646773539,5.01749675320575,0.745625552399024,1,"Pctp","Prg2",0.2,0.04
0.30863646773539,5.01749675320575,0.745625552399024,1,"Ebag9","Prg2",0.2,0.04
0.30863646773539,5.01749675320575,0.745625552399024,1,"Zfp654","Prg2",0.2,0.04
0.30863646773539,5.01749675320575,0.745625552399024,1,"Fahd1","Prg2",0.2,0.04
0.30863646773539,5.01749675320575,0.745625552399024,1,"Fam98a","Prg2",0.2,0.04
0.30863646773539,5.01749675320575,0.745625552399024,1,"Zfp518a","Prg2",0.2,0.04
-0.406812890033563,4.98477819734996,0.745625552399024,1,"Virma","Prg2",0.2,0.04
-0.406812890033563,4.98477819734996,0.745625552399024,1,"Rad54l","Prg2",0.2,0.04
-0.406812890033563,4.98477819734996,0.745625552399024,1,"Ankle2","Prg2",0.2,0.04
-0.406812890033563,4.98477819734996,0.745625552399024,1,"Mrps31","Prg2",0.2,0.04
-0.406812890033563,4.98477819734996,0.745625552399024,1,"Auh","Prg2",0.2,0.04
-0.406812890033563,4.98477819734996,0.745625552399024,1,"Rnaseh1","Prg2",0.2,0.04
-0.406812890033563,4.98477819734996,0.745625552399024,1,"Gsdmd","Prg2",0.2,0.04
-0.406812890033563,4.98477819734996,0.745625552399024,1,"Rasal3","Prg2",0.2,0.04
-0.406812890033563,4.98477819734996,0.745625552399024,1,"Rnf5","Prg2",0.2,0.04
-1.01490695418218,3.77734246903055,0.746294653999543,1,"Kctd18","Prg2",0.2,0.04
-1.01490695418218,3.77734246903055,0.746294653999543,1,"Nhej1","Prg2",0.2,0.04
-1.01490695418218,3.77734246903055,0.746294653999543,1,"Thap4","Prg2",0.2,0.04
-1.01490695418218,3.77734246903055,0.746294653999543,1,"Tmem177","Prg2",0.2,0.04
-1.01490695418218,3.77734246903055,0.746294653999543,1,"Mfsd4a","Prg2",0.2,0.04
-1.01490695418218,3.77734246903055,0.746294653999543,1,"Pbx3","Prg2",0.2,0.04
-1.01490695418218,3.77734246903055,0.746294653999543,1,"Itgav","Prg2",0.2,0.04
-1.01490695418218,3.77734246903055,0.746294653999543,1,"Id1","Prg2",0.2,0.04
-1.01490695418218,3.77734246903055,0.746294653999543,1,"Wdr44","Prg2",0.2,0.04
-1.01490695418218,3.77734246903055,0.746294653999543,1,"Armcx1","Prg2",0.2,0.04
-1.01490695418218,3.77734246903055,0.746294653999543,1,"Tmsb15b1","Prg2",0.2,0.04
-1.01490695418218,3.77734246903055,0.746294653999543,1,"Iqsec2","Prg2",0.2,0.04
-1.01490695418218,3.77734246903055,0.746294653999543,1,"Reps2","Prg2",0.2,0.04
-1.01490695418218,3.77734246903055,0.746294653999543,1,"Gm15952","Prg2",0.2,0.04
-1.01490695418218,3.77734246903055,0.746294653999543,1,"Plekho1","Prg2",0.2,0.04
-1.01490695418218,3.77734246903055,0.746294653999543,1,"Magi3","Prg2",0.2,0.04
-1.01490695418218,3.77734246903055,0.746294653999543,1,"Acot11","Prg2",0.2,0.04
-1.01490695418218,3.77734246903055,0.746294653999543,1,"Xkr8","Prg2",0.2,0.04
-1.01490695418218,3.77734246903055,0.746294653999543,1,"Vps13d","Prg2",0.2,0.04
-1.01490695418218,3.77734246903055,0.746294653999543,1,"Clstn1","Prg2",0.2,0.04
-1.01490695418218,3.77734246903055,0.746294653999543,1,"Plekhn1","Prg2",0.2,0.04
-1.01490695418218,3.77734246903055,0.746294653999543,1,"Acox3","Prg2",0.2,0.04
-1.01490695418218,3.77734246903055,0.746294653999543,1,"Lrch4","Prg2",0.2,0.04
-1.01490695418218,3.77734246903055,0.746294653999543,1,"Mblac1","Prg2",0.2,0.04
-1.01490695418218,3.77734246903055,0.746294653999543,1,"Zfp235","Prg2",0.2,0.04
-1.01490695418218,3.77734246903055,0.746294653999543,1,"Det1","Prg2",0.2,0.04
-1.01490695418218,3.77734246903055,0.746294653999543,1,"2900076A07Rik","Prg2",0.2,0.04
-1.01490695418218,3.77734246903055,0.746294653999543,1,"Tmem126b","Prg2",0.2,0.04
-1.01490695418218,3.77734246903055,0.746294653999543,1,"Zfp143","Prg2",0.2,0.04
-1.01490695418218,3.77734246903055,0.746294653999543,1,"Plpp2","Prg2",0.2,0.04
-1.01490695418218,3.77734246903055,0.746294653999543,1,"Carmil2","Prg2",0.2,0.04
-1.01490695418218,3.77734246903055,0.746294653999543,1,"Zfhx3","Prg2",0.2,0.04
-1.01490695418218,3.77734246903055,0.746294653999543,1,"Rab4a","Prg2",0.2,0.04
-1.01490695418218,3.77734246903055,0.746294653999543,1,"Cdkn3","Prg2",0.2,0.04
-1.01490695418218,3.77734246903055,0.746294653999543,1,"Atp8a2","Prg2",0.2,0.04
-1.01490695418218,3.77734246903055,0.746294653999543,1,"5830454E08Rik","Prg2",0.2,0.04
-1.01490695418218,3.77734246903055,0.746294653999543,1,"Cpeb4","Prg2",0.2,0.04
-1.01490695418218,3.77734246903055,0.746294653999543,1,"9930111J21Rik2","Prg2",0.2,0.04
-1.01490695418218,3.77734246903055,0.746294653999543,1,"Zkscan6","Prg2",0.2,0.04
-1.01490695418218,3.77734246903055,0.746294653999543,1,"Slc43a2","Prg2",0.2,0.04
-1.01490695418218,3.77734246903055,0.746294653999543,1,"Cdc42ep4","Prg2",0.2,0.04
-1.01490695418218,3.77734246903055,0.746294653999543,1,"Tsen54","Prg2",0.2,0.04
-1.01490695418218,3.77734246903055,0.746294653999543,1,"Plekhg3","Prg2",0.2,0.04
-1.01490695418218,3.77734246903055,0.746294653999543,1,"Ppp6r2","Prg2",0.2,0.04
-1.01490695418218,3.77734246903055,0.746294653999543,1,"Lmf2","Prg2",0.2,0.04
-1.01490695418218,3.77734246903055,0.746294653999543,1,"Fmnl3","Prg2",0.2,0.04
-1.01490695418218,3.77734246903055,0.746294653999543,1,"Kif20a","Prg2",0.2,0.04
-1.01490695418218,3.77734246903055,0.746294653999543,1,"B4gat1","Prg2",0.2,0.04
-1.01490695418218,3.77734246903055,0.746294653999543,1,"Gm42067","Prg2",0.2,0.04
-1.01490695418218,3.77734246903055,0.746294653999543,1,"Wdr74","Prg2",0.2,0.04
-1.01490695418218,3.77734246903055,0.746294653999543,1,"Nmrk1","Prg2",0.2,0.04
-0.797784235305843,3.66686955035342,0.746294653999543,1,"Arhgef4","Prg2",0.2,0.04
-0.797784235305843,3.66686955035342,0.746294653999543,1,"Fam78a","Prg2",0.2,0.04
-0.797784235305843,3.66686955035342,0.746294653999543,1,"Cep152","Prg2",0.2,0.04
-0.797784235305843,3.66686955035342,0.746294653999543,1,"Zhx3","Prg2",0.2,0.04
-0.797784235305843,3.66686955035342,0.746294653999543,1,"Ttpal","Prg2",0.2,0.04
-0.797784235305843,3.66686955035342,0.746294653999543,1,"Gk","Prg2",0.2,0.04
-0.797784235305843,3.66686955035342,0.746294653999543,1,"Hdac8","Prg2",0.2,0.04
-0.797784235305843,3.66686955035342,0.746294653999543,1,"Gm43672","Prg2",0.2,0.04
-0.797784235305843,3.66686955035342,0.746294653999543,1,"Intu","Prg2",0.2,0.04
-0.797784235305843,3.66686955035342,0.746294653999543,1,"Gatb","Prg2",0.2,0.04
-0.797784235305843,3.66686955035342,0.746294653999543,1,"Pi4kb","Prg2",0.2,0.04
-0.797784235305843,3.66686955035342,0.746294653999543,1,"Anxa9","Prg2",0.2,0.04
-0.797784235305843,3.66686955035342,0.746294653999543,1,"Pars2","Prg2",0.2,0.04
-0.797784235305843,3.66686955035342,0.746294653999543,1,"Spata6","Prg2",0.2,0.04
-0.797784235305843,3.66686955035342,0.746294653999543,1,"Hectd3","Prg2",0.2,0.04
-0.797784235305843,3.66686955035342,0.746294653999543,1,"Zfp992","Prg2",0.2,0.04
-0.797784235305843,3.66686955035342,0.746294653999543,1,"Klhl21","Prg2",0.2,0.04
-0.797784235305843,3.66686955035342,0.746294653999543,1,"Prdm16","Prg2",0.2,0.04
-0.797784235305843,3.66686955035342,0.746294653999543,1,"Fosl2","Prg2",0.2,0.04
-0.797784235305843,3.66686955035342,0.746294653999543,1,"Gm1673","Prg2",0.2,0.04
-0.797784235305843,3.66686955035342,0.746294653999543,1,"Afp","Prg2",0.2,0.04
-0.797784235305843,3.66686955035342,0.746294653999543,1,"Glmn","Prg2",0.2,0.04
-0.797784235305843,3.66686955035342,0.746294653999543,1,"Zc3hav1l","Prg2",0.2,0.04
-0.797784235305843,3.66686955035342,0.746294653999543,1,"Zfp296","Prg2",0.2,0.04
-0.797784235305843,3.66686955035342,0.746294653999543,1,"Zfp428","Prg2",0.2,0.04
-0.797784235305843,3.66686955035342,0.746294653999543,1,"BC024978","Prg2",0.2,0.04
-0.797784235305843,3.66686955035342,0.746294653999543,1,"2610021A01Rik","Prg2",0.2,0.04
-0.797784235305843,3.66686955035342,0.746294653999543,1,"Sergef","Prg2",0.2,0.04
-0.797784235305843,3.66686955035342,0.746294653999543,1,"Lrrc28","Prg2",0.2,0.04
-0.797784235305843,3.66686955035342,0.746294653999543,1,"Kctd14","Prg2",0.2,0.04
-0.797784235305843,3.66686955035342,0.746294653999543,1,"Ulbp1","Prg2",0.2,0.04
-0.797784235305843,3.66686955035342,0.746294653999543,1,"A430078G23Rik","Prg2",0.2,0.04
-0.797784235305843,3.66686955035342,0.746294653999543,1,"Il27ra","Prg2",0.2,0.04
-0.797784235305843,3.66686955035342,0.746294653999543,1,"Cmtm3","Prg2",0.2,0.04
-0.797784235305843,3.66686955035342,0.746294653999543,1,"Rab2b","Prg2",0.2,0.04
-0.797784235305843,3.66686955035342,0.746294653999543,1,"Tm9sf1","Prg2",0.2,0.04
-0.797784235305843,3.66686955035342,0.746294653999543,1,"Zfp599","Prg2",0.2,0.04
-0.797784235305843,3.66686955035342,0.746294653999543,1,"Glce","Prg2",0.2,0.04
-0.797784235305843,3.66686955035342,0.746294653999543,1,"Aph1c","Prg2",0.2,0.04
-0.797784235305843,3.66686955035342,0.746294653999543,1,"Kremen1","Prg2",0.2,0.04
-0.797784235305843,3.66686955035342,0.746294653999543,1,"Smcr8","Prg2",0.2,0.04
-0.797784235305843,3.66686955035342,0.746294653999543,1,"Mink1","Prg2",0.2,0.04
-0.797784235305843,3.66686955035342,0.746294653999543,1,"4933427D14Rik","Prg2",0.2,0.04
-0.797784235305843,3.66686955035342,0.746294653999543,1,"Trp53i13","Prg2",0.2,0.04
-0.797784235305843,3.66686955035342,0.746294653999543,1,"Hsd17b1","Prg2",0.2,0.04
-0.797784235305843,3.66686955035342,0.746294653999543,1,"Rnf144b","Prg2",0.2,0.04
-0.797784235305843,3.66686955035342,0.746294653999543,1,"Naip5","Prg2",0.2,0.04
-0.797784235305843,3.66686955035342,0.746294653999543,1,"Rad51b","Prg2",0.2,0.04
-0.797784235305843,3.66686955035342,0.746294653999543,1,"Abcd4","Prg2",0.2,0.04
-0.797784235305843,3.66686955035342,0.746294653999543,1,"Ankrd9","Prg2",0.2,0.04
-0.797784235305843,3.66686955035342,0.746294653999543,1,"Celsr1","Prg2",0.2,0.04
-0.797784235305843,3.66686955035342,0.746294653999543,1,"Pced1b","Prg2",0.2,0.04
-0.797784235305843,3.66686955035342,0.746294653999543,1,"Alg3","Prg2",0.2,0.04
-0.797784235305843,3.66686955035342,0.746294653999543,1,"Iqcb1","Prg2",0.2,0.04
-0.797784235305843,3.66686955035342,0.746294653999543,1,"Pot1b","Prg2",0.2,0.04
-0.797784235305843,3.66686955035342,0.746294653999543,1,"C330018D20Rik","Prg2",0.2,0.04
-0.797784235305843,3.66686955035342,0.746294653999543,1,"Elac1","Prg2",0.2,0.04
0.736519059471618,3.69585365230751,0.746294653999543,1,"Cdc42bpa","Prg2",0.2,0.04
0.736519059471618,3.69585365230751,0.746294653999543,1,"Tmem63a","Prg2",0.2,0.04
0.736519059471618,3.69585365230751,0.746294653999543,1,"1110051M20Rik","Prg2",0.2,0.04
0.736519059471618,3.69585365230751,0.746294653999543,1,"Fastkd5","Prg2",0.2,0.04
0.736519059471618,3.69585365230751,0.746294653999543,1,"B4galt5","Prg2",0.2,0.04
0.736519059471618,3.69585365230751,0.746294653999543,1,"Ids","Prg2",0.2,0.04
0.736519059471618,3.69585365230751,0.746294653999543,1,"Cenpi","Prg2",0.2,0.04
0.736519059471618,3.69585365230751,0.746294653999543,1,"Abhd18","Prg2",0.2,0.04
0.736519059471618,3.69585365230751,0.746294653999543,1,"Fnip2","Prg2",0.2,0.04
0.736519059471618,3.69585365230751,0.746294653999543,1,"Ctso","Prg2",0.2,0.04
0.736519059471618,3.69585365230751,0.746294653999543,1,"Snx7","Prg2",0.2,0.04
0.736519059471618,3.69585365230751,0.746294653999543,1,"Ints8","Prg2",0.2,0.04
0.736519059471618,3.69585365230751,0.746294653999543,1,"Fktn","Prg2",0.2,0.04
0.736519059471618,3.69585365230751,0.746294653999543,1,"Kdm4c","Prg2",0.2,0.04
0.736519059471618,3.69585365230751,0.746294653999543,1,"Fggy","Prg2",0.2,0.04
0.736519059471618,3.69585365230751,0.746294653999543,1,"Ipo13","Prg2",0.2,0.04
0.736519059471618,3.69585365230751,0.746294653999543,1,"Szt2","Prg2",0.2,0.04
0.736519059471618,3.69585365230751,0.746294653999543,1,"Ece1","Prg2",0.2,0.04
0.736519059471618,3.69585365230751,0.746294653999543,1,"Xrcc2","Prg2",0.2,0.04
0.736519059471618,3.69585365230751,0.746294653999543,1,"Cep41","Prg2",0.2,0.04
0.736519059471618,3.69585365230751,0.746294653999543,1,"Ceacam1","Prg2",0.2,0.04
0.736519059471618,3.69585365230751,0.746294653999543,1,"Samd4b","Prg2",0.2,0.04
0.736519059471618,3.69585365230751,0.746294653999543,1,"Zfp788","Prg2",0.2,0.04
0.736519059471618,3.69585365230751,0.746294653999543,1,"Tarsl2","Prg2",0.2,0.04
0.736519059471618,3.69585365230751,0.746294653999543,1,"Insr","Prg2",0.2,0.04
0.736519059471618,3.69585365230751,0.746294653999543,1,"Alg11","Prg2",0.2,0.04
0.736519059471618,3.69585365230751,0.746294653999543,1,"Slc27a1","Prg2",0.2,0.04
0.736519059471618,3.69585365230751,0.746294653999543,1,"Ccdc66","Prg2",0.2,0.04
0.736519059471618,3.69585365230751,0.746294653999543,1,"Usp28","Prg2",0.2,0.04
0.736519059471618,3.69585365230751,0.746294653999543,1,"Zfp949","Prg2",0.2,0.04
0.736519059471618,3.69585365230751,0.746294653999543,1,"Rnf215","Prg2",0.2,0.04
0.736519059471618,3.69585365230751,0.746294653999543,1,"Llgl1","Prg2",0.2,0.04
0.736519059471618,3.69585365230751,0.746294653999543,1,"Haspin","Prg2",0.2,0.04
0.736519059471618,3.69585365230751,0.746294653999543,1,"Eral1","Prg2",0.2,0.04
0.736519059471618,3.69585365230751,0.746294653999543,1,"Arhgap27","Prg2",0.2,0.04
0.736519059471618,3.69585365230751,0.746294653999543,1,"Engase","Prg2",0.2,0.04
0.736519059471618,3.69585365230751,0.746294653999543,1,"Asb13","Prg2",0.2,0.04
0.736519059471618,3.69585365230751,0.746294653999543,1,"Gen1","Prg2",0.2,0.04
0.736519059471618,3.69585365230751,0.746294653999543,1,"Fntb","Prg2",0.2,0.04
0.736519059471618,3.69585365230751,0.746294653999543,1,"C2cd2","Prg2",0.2,0.04
0.736519059471618,3.69585365230751,0.746294653999543,1,"Zfp820","Prg2",0.2,0.04
0.736519059471618,3.69585365230751,0.746294653999543,1,"Thada","Prg2",0.2,0.04
0.736519059471618,3.69585365230751,0.746294653999543,1,"Ska1","Prg2",0.2,0.04
-0.142749784372076,9.17983998430291,0.746506130153152,1,"Cox6c","Prg2",0.2,0.04
0.134725304733099,11.4804757222414,0.74695445976589,1,"mt-Nd4","Prg2",0.2,0.04
-0.152655431845386,8.50511374325999,0.746983494857304,1,"Cct2","Prg2",0.2,0.04
-0.17793016468309,7.21865060855823,0.747396455503861,1,"Ddx6","Prg2",0.2,0.04
-0.17793016468309,7.21865060855823,0.747396455503861,1,"Cox14","Prg2",0.2,0.04
0.182801618898866,7.20099558819801,0.747396455503862,1,"Gm26917","Prg2",0.2,0.04
-0.158313464050549,7.61907740397044,0.748303757335014,1,"Psmb6","Prg2",0.2,0.04
0.206005368074676,6.96036253062892,0.748394202463357,1,"Ubald2","Prg2",0.2,0.04
-0.184001820581439,6.96203043833998,0.748394202463357,1,"Snw1","Prg2",0.2,0.04
-0.141998752819134,9.65063609053355,0.748853409929394,1,"Hspa5","Prg2",0.2,0.04
-0.154813292714565,8.19804596459678,0.748922253591304,1,"Tmed10","Prg2",0.2,0.04
-0.216934448924528,6.66271464608541,0.749509435849234,1,"Prr13","Prg2",0.2,0.04
0.200453157315315,6.65227879293063,0.749509435849234,1,"Sdhc","Prg2",0.2,0.04
0.200453157315315,6.65227879293063,0.749509435849234,1,"Lamtor5","Prg2",0.2,0.04
0.173565091503572,6.66543549312789,0.749509435849234,1,"Senp6","Prg2",0.2,0.04
0.173565091503572,6.66543549312789,0.749509435849234,1,"Cops3","Prg2",0.2,0.04
-0.132741493254871,11.6796215627068,0.750226940203086,1,"Rack1","Prg2",0.2,0.04
0.243550091003217,6.28481502803885,0.750590291317458,1,"Dgkz","Prg2",0.2,0.04
0.243550091003217,6.28481502803885,0.750590291317458,1,"N4bp2l2","Prg2",0.2,0.04
0.243550091003217,6.28481502803885,0.750590291317458,1,"Ogdh","Prg2",0.2,0.04
0.243550091003217,6.28481502803885,0.750590291317458,1,"Brd4","Prg2",0.2,0.04
-0.209867463249237,6.30874983118266,0.750590291317458,1,"Ripor1","Prg2",0.2,0.04
0.208063884629762,6.30201108000566,0.750590291317458,1,"Slc35c2","Prg2",0.2,0.04
0.173723404096989,7.23168752374973,0.750590458036366,1,"Rbm5","Prg2",0.2,0.04
0.147112393921948,7.95095581553704,0.750719288891388,1,"Impdh2","Prg2",0.2,0.04
0.250704644773534,5.75617674278212,0.750869447955488,1,"Stat5b","Prg2",0.2,0.04
0.250704644773534,5.75617674278212,0.750869447955488,1,"Otub1","Prg2",0.2,0.04
0.198535401256286,5.78142851414375,0.750869447955488,1,"2410002F23Rik","Prg2",0.2,0.04
0.198535401256286,5.78142851414375,0.750869447955488,1,"Cab39l","Prg2",0.2,0.04
0.198535401256286,5.78142851414375,0.750869447955488,1,"Pdcd7","Prg2",0.2,0.04
0.198535401256286,5.78142851414375,0.750869447955488,1,"Smn1","Prg2",0.2,0.04
0.198535401256286,5.78142851414375,0.750869447955488,1,"Sp1","Prg2",0.2,0.04
0.198535401256286,5.78142851414375,0.750869447955488,1,"Fopnl","Prg2",0.2,0.04
0.198535401256286,5.78142851414375,0.750869447955488,1,"Mrps10","Prg2",0.2,0.04
0.198535401256286,5.78142851414375,0.750869447955488,1,"Kif11","Prg2",0.2,0.04
-0.283895872010882,5.80561413645355,0.750869447955489,1,"Traf3ip3","Prg2",0.2,0.04
-0.283895872010882,5.80561413645355,0.750869447955489,1,"Stx16","Prg2",0.2,0.04
-0.283895872010882,5.80561413645355,0.750869447955489,1,"Dcaf12","Prg2",0.2,0.04
-0.283895872010882,5.80561413645355,0.750869447955489,1,"Mrpl50","Prg2",0.2,0.04
-0.283895872010882,5.80561413645355,0.750869447955489,1,"Pole3","Prg2",0.2,0.04
-0.283895872010882,5.80561413645355,0.750869447955489,1,"Ibtk","Prg2",0.2,0.04
-0.23971540675,5.78105706652836,0.750869447955489,1,"Prrc2b","Prg2",0.2,0.04
-0.23971540675,5.78105706652836,0.750869447955489,1,"Psmd9","Prg2",0.2,0.04
-0.23971540675,5.78105706652836,0.750869447955489,1,"Pnpla2","Prg2",0.2,0.04
-0.23971540675,5.78105706652836,0.750869447955489,1,"Man1a","Prg2",0.2,0.04
-0.23971540675,5.78105706652836,0.750869447955489,1,"Borcs8","Prg2",0.2,0.04
-0.23971540675,5.78105706652836,0.750869447955489,1,"Cnot8","Prg2",0.2,0.04
-0.23971540675,5.78105706652836,0.750869447955489,1,"Hdgfl2","Prg2",0.2,0.04
-0.23971540675,5.78105706652836,0.750869447955489,1,"Tnks2","Prg2",0.2,0.04
-0.166630749296577,6.98774239389584,0.752100234693611,1,"Mpc1","Prg2",0.2,0.04
0.147368569212158,7.65033014756917,0.753178969131285,1,"Pnisr","Prg2",0.2,0.04
-0.194664587683469,6.69417735522719,0.753936456093563,1,"Stip1","Prg2",0.2,0.04
-0.159504434181031,7.82752255584737,0.753998561648824,1,"Atox1","Prg2",0.2,0.04
-0.159504434181031,7.82752255584737,0.753998561648824,1,"Sdf2l1","Prg2",0.2,0.04
0.158103071659108,7.97717921017129,0.754637251289368,1,"Cst7","Prg2",0.2,0.04
0.154205059820646,7.6665075045189,0.755547064363136,1,"Smc1a","Prg2",0.2,0.04
0.173668306061711,7.00685118732486,0.755698653437182,1,"Baz1b","Prg2",0.2,0.04
-0.165149882202843,7.26997477671792,0.756743097409539,1,"Srrm1","Prg2",0.2,0.04
-0.165149882202843,7.26997477671792,0.756743097409539,1,"Naa50","Prg2",0.2,0.04
0.140187792796941,9.18678042273456,0.757623607404356,1,"Txn1","Prg2",0.2,0.04
-0.389482276757239,5.12179510848565,0.757980882711071,1,"Pla2g4a","Prg2",0.2,0.04
-0.389482276757239,5.12179510848565,0.757980882711071,1,"Cntln","Prg2",0.2,0.04
-0.389482276757239,5.12179510848565,0.757980882711071,1,"Wipi2","Prg2",0.2,0.04
-0.389482276757239,5.12179510848565,0.757980882711071,1,"Golt1b","Prg2",0.2,0.04
-0.389482276757239,5.12179510848565,0.757980882711071,1,"Arhgap9","Prg2",0.2,0.04
-0.389482276757239,5.12179510848565,0.757980882711071,1,"Cmip","Prg2",0.2,0.04
-0.389482276757239,5.12179510848565,0.757980882711071,1,"Ndst2","Prg2",0.2,0.04
-0.389482276757239,5.12179510848565,0.757980882711071,1,"Dcaf11","Prg2",0.2,0.04
-0.389482276757239,5.12179510848565,0.757980882711071,1,"Slu7","Prg2",0.2,0.04
-0.389482276757239,5.12179510848565,0.757980882711071,1,"Sap30bp","Prg2",0.2,0.04
-0.389482276757239,5.12179510848565,0.757980882711071,1,"Mfsd14b","Prg2",0.2,0.04
-0.389482276757239,5.12179510848565,0.757980882711071,1,"Dhrs7","Prg2",0.2,0.04
-0.316073527802462,5.0810918373881,0.757980882711071,1,"Klf7","Prg2",0.2,0.04
-0.316073527802462,5.0810918373881,0.757980882711071,1,"Pmpca","Prg2",0.2,0.04
-0.316073527802462,5.0810918373881,0.757980882711071,1,"Dcaf17","Prg2",0.2,0.04
-0.316073527802462,5.0810918373881,0.757980882711071,1,"Zmym3","Prg2",0.2,0.04
-0.316073527802462,5.0810918373881,0.757980882711071,1,"Hccs","Prg2",0.2,0.04
-0.316073527802462,5.0810918373881,0.757980882711071,1,"Nudt2","Prg2",0.2,0.04
-0.316073527802462,5.0810918373881,0.757980882711071,1,"Coro2a","Prg2",0.2,0.04
-0.316073527802462,5.0810918373881,0.757980882711071,1,"Anapc7","Prg2",0.2,0.04
-0.316073527802462,5.0810918373881,0.757980882711071,1,"Mepce","Prg2",0.2,0.04
-0.316073527802462,5.0810918373881,0.757980882711071,1,"Hmces","Prg2",0.2,0.04
-0.316073527802462,5.0810918373881,0.757980882711071,1,"Setd1a","Prg2",0.2,0.04
-0.316073527802462,5.0810918373881,0.757980882711071,1,"Ikzf5","Prg2",0.2,0.04
-0.316073527802462,5.0810918373881,0.757980882711071,1,"Rnf146","Prg2",0.2,0.04
-0.316073527802462,5.0810918373881,0.757980882711071,1,"Tbk1","Prg2",0.2,0.04
-0.316073527802462,5.0810918373881,0.757980882711071,1,"Gmpr2","Prg2",0.2,0.04
-0.316073527802462,5.0810918373881,0.757980882711071,1,"Ccdc117","Prg2",0.2,0.04
-0.316073527802462,5.0810918373881,0.757980882711071,1,"Plek","Prg2",0.2,0.04
-0.316073527802462,5.0810918373881,0.757980882711071,1,"Card19","Prg2",0.2,0.04
-0.316073527802462,5.0810918373881,0.757980882711071,1,"Iah1","Prg2",0.2,0.04
0.34098634591229,5.11294602701541,0.757980882711072,1,"Ubr3","Prg2",0.2,0.04
0.34098634591229,5.11294602701541,0.757980882711072,1,"Oma1","Prg2",0.2,0.04
0.34098634591229,5.11294602701541,0.757980882711072,1,"Lrrc47","Prg2",0.2,0.04
0.34098634591229,5.11294602701541,0.757980882711072,1,"Guf1","Prg2",0.2,0.04
0.34098634591229,5.11294602701541,0.757980882711072,1,"Sfswap","Prg2",0.2,0.04
0.34098634591229,5.11294602701541,0.757980882711072,1,"Matk","Prg2",0.2,0.04
0.34098634591229,5.11294602701541,0.757980882711072,1,"Hacd3","Prg2",0.2,0.04
0.34098634591229,5.11294602701541,0.757980882711072,1,"Dopey1","Prg2",0.2,0.04
0.34098634591229,5.11294602701541,0.757980882711072,1,"Hmmr","Prg2",0.2,0.04
0.34098634591229,5.11294602701541,0.757980882711072,1,"Med31","Prg2",0.2,0.04
0.34098634591229,5.11294602701541,0.757980882711072,1,"Ifi35","Prg2",0.2,0.04
0.34098634591229,5.11294602701541,0.757980882711072,1,"Ccnb1","Prg2",0.2,0.04
0.34098634591229,5.11294602701541,0.757980882711072,1,"Wdcp","Prg2",0.2,0.04
0.34098634591229,5.11294602701541,0.757980882711072,1,"9130401M01Rik","Prg2",0.2,0.04
0.34098634591229,5.11294602701541,0.757980882711072,1,"Cyhr1","Prg2",0.2,0.04
0.34098634591229,5.11294602701541,0.757980882711072,1,"Tmem106c","Prg2",0.2,0.04
0.34098634591229,5.11294602701541,0.757980882711072,1,"Yars2","Prg2",0.2,0.04
0.34098634591229,5.11294602701541,0.757980882711072,1,"Dgcr2","Prg2",0.2,0.04
0.34098634591229,5.11294602701541,0.757980882711072,1,"Senp5","Prg2",0.2,0.04
0.34098634591229,5.11294602701541,0.757980882711072,1,"Ppt2","Prg2",0.2,0.04
0.156577863444199,7.84727207405929,0.758195634999033,1,"Rbm25","Prg2",0.2,0.04
0.199054333732801,6.7280214444986,0.758208617179182,1,"Pigt","Prg2",0.2,0.04
0.199054333732801,6.7280214444986,0.758208617179182,1,"Syce2","Prg2",0.2,0.04
-0.196086671444155,6.73738809868827,0.758208617179182,1,"Gmps","Prg2",0.2,0.04
-0.239790393042508,5.8615158896822,0.758366091697645,1,"Rfc5","Prg2",0.2,0.04
-0.239790393042508,5.8615158896822,0.758366091697645,1,"Ino80e","Prg2",0.2,0.04
-0.239790393042508,5.8615158896822,0.758366091697645,1,"Ttc32","Prg2",0.2,0.04
-0.239790393042508,5.8615158896822,0.758366091697645,1,"Bbip1","Prg2",0.2,0.04
0.221836712905604,5.83877974174184,0.758366091697646,1,"Ppp6c","Prg2",0.2,0.04
0.221836712905604,5.83877974174184,0.758366091697646,1,"Sppl2a","Prg2",0.2,0.04
0.221836712905604,5.83877974174184,0.758366091697646,1,"Taf1","Prg2",0.2,0.04
0.221836712905604,5.83877974174184,0.758366091697646,1,"Rfc3","Prg2",0.2,0.04
0.221836712905604,5.83877974174184,0.758366091697646,1,"Ngdn","Prg2",0.2,0.04
0.221836712905604,5.83877974174184,0.758366091697646,1,"Ttc7","Prg2",0.2,0.04
0.221836712905604,5.83877974174184,0.758366091697646,1,"Rbm4b","Prg2",0.2,0.04
0.163503045709565,7.04192988589563,0.7591940771296,1,"2900097C17Rik","Prg2",0.2,0.04
0.154729841600382,7.70451543013997,0.760150655607673,1,"Csgalnact2","Prg2",0.2,0.04
-0.131726941755935,9.77003149555947,0.761184460609125,1,"Eif5a","Prg2",0.2,0.04
0.190068990699053,6.35894121538035,0.761409793051511,1,"Cnih1","Prg2",0.2,0.04
-0.211120956870268,6.36497615761927,0.761409793051512,1,"Ndufa9","Prg2",0.2,0.04
-0.211120956870268,6.36497615761927,0.761409793051512,1,"Mrps36","Prg2",0.2,0.04
-0.146020188911623,8.40166267851557,0.761758362659509,1,"2010107E04Rik","Prg2",0.2,0.04
-0.175450464747994,6.76731408432938,0.762333954749284,1,"Immt","Prg2",0.2,0.04
-0.165462461252482,7.53063413389235,0.76251308240373,1,"Spns3","Prg2",0.2,0.04
0.173683798847034,7.06642412893275,0.762590863935878,1,"Atp2a2","Prg2",0.2,0.04
0.142239496126755,8.69731944323026,0.762643092041564,1,"Tomm20","Prg2",0.2,0.04
-0.146903615458529,8.41500792547183,0.764578960799791,1,"Ubl5","Prg2",0.2,0.04
-0.154058851046813,7.54811465775083,0.764983649164613,1,"Dtnbp1","Prg2",0.2,0.04
0.243258122757254,5.89399828096049,0.76540670674142,1,"Ncstn","Prg2",0.2,0.04
0.243258122757254,5.89399828096049,0.76540670674142,1,"March7","Prg2",0.2,0.04
0.243258122757254,5.89399828096049,0.76540670674142,1,"Csnk2a1","Prg2",0.2,0.04
0.243258122757254,5.89399828096049,0.76540670674142,1,"Kpna4","Prg2",0.2,0.04
0.243258122757254,5.89399828096049,0.76540670674142,1,"Klhl9","Prg2",0.2,0.04
0.243258122757254,5.89399828096049,0.76540670674142,1,"Tdg","Prg2",0.2,0.04
0.243258122757254,5.89399828096049,0.76540670674142,1,"Gcsh","Prg2",0.2,0.04
0.243258122757254,5.89399828096049,0.76540670674142,1,"Bak1","Prg2",0.2,0.04
0.243258122757254,5.89399828096049,0.76540670674142,1,"Ldb1","Prg2",0.2,0.04
0.161356024368261,6.78260415197512,0.766319955084784,1,"Tmem208","Prg2",0.2,0.04
0.161356024368261,6.78260415197512,0.766319955084784,1,"Fam111a","Prg2",0.2,0.04
-0.183796882577152,6.40343648565898,0.766468767346333,1,"Rgs19","Prg2",0.2,0.04
-0.183796882577152,6.40343648565898,0.766468767346333,1,"Msi2","Prg2",0.2,0.04
-0.183796882577152,6.40343648565898,0.766468767346333,1,"Kctd20","Prg2",0.2,0.04
0.205777623246373,6.39785133036596,0.766468767346333,1,"Vbp1","Prg2",0.2,0.04
0.205777623246373,6.39785133036596,0.766468767346333,1,"Mrps25","Prg2",0.2,0.04
0.205777623246373,6.39785133036596,0.766468767346333,1,"Wbp11","Prg2",0.2,0.04
0.173470242536675,6.4136795584814,0.766468767346333,1,"Ikbkb","Prg2",0.2,0.04
0.254349126617522,5.15321781528798,0.769086521859395,1,"Egfl7","Prg2",0.2,0.04
0.254349126617522,5.15321781528798,0.769086521859395,1,"Pdcl","Prg2",0.2,0.04
0.254349126617522,5.15321781528798,0.769086521859395,1,"Ehd4","Prg2",0.2,0.04
0.254349126617522,5.15321781528798,0.769086521859395,1,"Txlng","Prg2",0.2,0.04
0.254349126617522,5.15321781528798,0.769086521859395,1,"Cenpc1","Prg2",0.2,0.04
0.254349126617522,5.15321781528798,0.769086521859395,1,"Atp6v0a2","Prg2",0.2,0.04
0.254349126617522,5.15321781528798,0.769086521859395,1,"Amd1","Prg2",0.2,0.04
0.254349126617522,5.15321781528798,0.769086521859395,1,"Tpm1","Prg2",0.2,0.04
0.254349126617522,5.15321781528798,0.769086521859395,1,"Acaca","Prg2",0.2,0.04
0.254349126617522,5.15321781528798,0.769086521859395,1,"Nup85","Prg2",0.2,0.04
-0.308806874129483,5.20977848621191,0.769086521859395,1,"Mapkap1","Prg2",0.2,0.04
-0.308806874129483,5.20977848621191,0.769086521859395,1,"Tubgcp4","Prg2",0.2,0.04
-0.308806874129483,5.20977848621191,0.769086521859395,1,"Ctps2","Prg2",0.2,0.04
-0.308806874129483,5.20977848621191,0.769086521859395,1,"Ap1ar","Prg2",0.2,0.04
-0.308806874129483,5.20977848621191,0.769086521859395,1,"Tmf1","Prg2",0.2,0.04
-0.308806874129483,5.20977848621191,0.769086521859395,1,"Irf2bp1","Prg2",0.2,0.04
-0.308806874129483,5.20977848621191,0.769086521859395,1,"Mob2","Prg2",0.2,0.04
-0.308806874129483,5.20977848621191,0.769086521859395,1,"Slc44a2","Prg2",0.2,0.04
-0.308806874129483,5.20977848621191,0.769086521859395,1,"Ankfy1","Prg2",0.2,0.04
-0.308806874129483,5.20977848621191,0.769086521859395,1,"Mrpl45","Prg2",0.2,0.04
-0.308806874129483,5.20977848621191,0.769086521859395,1,"Amz2","Prg2",0.2,0.04
-0.308806874129483,5.20977848621191,0.769086521859395,1,"Cd300a","Prg2",0.2,0.04
-0.308806874129483,5.20977848621191,0.769086521859395,1,"Lsg1","Prg2",0.2,0.04
-0.308806874129483,5.20977848621191,0.769086521859395,1,"Ift57","Prg2",0.2,0.04
-0.156291850473207,7.11483607152135,0.769104764989606,1,"Ap2s1","Prg2",0.2,0.04
-0.156291850473207,7.11483607152135,0.769104764989606,1,"Mrpl36","Prg2",0.2,0.04
-0.167998872375175,7.57889530716715,0.769774645334393,1,"Nop56","Prg2",0.2,0.04
-0.177360071517453,6.80842597598416,0.770173601453626,1,"Pdcd6","Prg2",0.2,0.04
-0.156672247123816,7.37529811479436,0.770878288409157,1,"Ube2m","Prg2",0.2,0.04
-0.156672247123816,7.37529811479436,0.770878288409157,1,"Tbca","Prg2",0.2,0.04
0.18903263244073,6.45116766294682,0.771313997403885,1,"Ocrl","Prg2",0.2,0.04
0.18903263244073,6.45116766294682,0.771313997403885,1,"Vps29","Prg2",0.2,0.04
0.18903263244073,6.45116766294682,0.771313997403885,1,"Cul1","Prg2",0.2,0.04
-0.185948935736597,6.45616749240737,0.771313997403886,1,"Scamp3","Prg2",0.2,0.04
-0.185948935736597,6.45616749240737,0.771313997403886,1,"Selplg","Prg2",0.2,0.04
-0.185948935736597,6.45616749240737,0.771313997403886,1,"Gfpt1","Prg2",0.2,0.04
-0.185948935736597,6.45616749240737,0.771313997403886,1,"Rab7","Prg2",0.2,0.04
-0.185948935736597,6.45616749240737,0.771313997403886,1,"Tsg101","Prg2",0.2,0.04
0.263020410573449,5.94723558591916,0.772033044819964,1,"Slc25a51","Prg2",0.2,0.04
0.263020410573449,5.94723558591916,0.772033044819964,1,"Leng8","Prg2",0.2,0.04
0.263020410573449,5.94723558591916,0.772033044819964,1,"Polg","Prg2",0.2,0.04
0.263020410573449,5.94723558591916,0.772033044819964,1,"Eci2","Prg2",0.2,0.04
0.263020410573449,5.94723558591916,0.772033044819964,1,"Vamp7","Prg2",0.2,0.04
-0.239857087010564,5.9377031703868,0.772033044819964,1,"Sbds","Prg2",0.2,0.04
-0.239857087010564,5.9377031703868,0.772033044819964,1,"Dguok","Prg2",0.2,0.04
-0.239857087010564,5.9377031703868,0.772033044819964,1,"Timm50","Prg2",0.2,0.04
-0.239857087010564,5.9377031703868,0.772033044819964,1,"Got2","Prg2",0.2,0.04
-0.239857087010564,5.9377031703868,0.772033044819964,1,"Clk4","Prg2",0.2,0.04
-0.239857087010564,5.9377031703868,0.772033044819964,1,"Serf1","Prg2",0.2,0.04
-0.239857087010564,5.9377031703868,0.772033044819964,1,"Ccnt1","Prg2",0.2,0.04
-0.239857087010564,5.9377031703868,0.772033044819964,1,"Safb","Prg2",0.2,0.04
0.217444124429893,5.96922192347203,0.772033044819964,1,"Rabgap1l","Prg2",0.2,0.04
0.217444124429893,5.96922192347203,0.772033044819964,1,"Clspn","Prg2",0.2,0.04
0.217444124429893,5.96922192347203,0.772033044819964,1,"Trnau1ap","Prg2",0.2,0.04
0.217444124429893,5.96922192347203,0.772033044819964,1,"Ubr5","Prg2",0.2,0.04
0.173698054654018,7.1236380803304,0.77222944937381,1,"U2surp","Prg2",0.2,0.04
0.173698054654018,7.1236380803304,0.77222944937381,1,"Uqcrc1","Prg2",0.2,0.04
0.157841190772748,7.38774087340052,0.773511139089065,1,"Ccdc12","Prg2",0.2,0.04
0.185370006424544,6.84044943457481,0.773901415831487,1,"Elf1","Prg2",0.2,0.04
-0.179161543498754,6.84839388365682,0.773901415831488,1,"Med21","Prg2",0.2,0.04
-0.146154873850621,7.6125335061359,0.774375330482761,1,"Nhp2","Prg2",0.2,0.04
0.150010651600666,7.79826192742826,0.774991886121889,1,"Tgfb1","Prg2",0.2,0.04
0.164325270445102,7.15600602060368,0.775270666392255,1,"Bub3","Prg2",0.2,0.04
0.740906376681999,3.92132986832043,0.775535270148748,1,"Abi2","Prg2",0.2,0.04
0.740906376681999,3.92132986832043,0.775535270148748,1,"Rab17","Prg2",0.2,0.04
0.740906376681999,3.92132986832043,0.775535270148748,1,"Traf3ip1","Prg2",0.2,0.04
0.740906376681999,3.92132986832043,0.775535270148748,1,"Yod1","Prg2",0.2,0.04
0.740906376681999,3.92132986832043,0.775535270148748,1,"Dph7","Prg2",0.2,0.04
0.740906376681999,3.92132986832043,0.775535270148748,1,"Kbtbd4","Prg2",0.2,0.04
0.740906376681999,3.92132986832043,0.775535270148748,1,"Elmo2","Prg2",0.2,0.04
0.740906376681999,3.92132986832043,0.775535270148748,1,"Fam3a","Prg2",0.2,0.04
0.740906376681999,3.92132986832043,0.775535270148748,1,"Syap1","Prg2",0.2,0.04
0.740906376681999,3.92132986832043,0.775535270148748,1,"Pde4dip","Prg2",0.2,0.04
0.740906376681999,3.92132986832043,0.775535270148748,1,"Ctnnbip1","Prg2",0.2,0.04
0.740906376681999,3.92132986832043,0.775535270148748,1,"Fam185a","Prg2",0.2,0.04
0.740906376681999,3.92132986832043,0.775535270148748,1,"Tlr6","Prg2",0.2,0.04
0.740906376681999,3.92132986832043,0.775535270148748,1,"Rufy3","Prg2",0.2,0.04
0.740906376681999,3.92132986832043,0.775535270148748,1,"Ssh1","Prg2",0.2,0.04
0.740906376681999,3.92132986832043,0.775535270148748,1,"Tbl2","Prg2",0.2,0.04
0.740906376681999,3.92132986832043,0.775535270148748,1,"Igf2bp3","Prg2",0.2,0.04
0.740906376681999,3.92132986832043,0.775535270148748,1,"Myo7a","Prg2",0.2,0.04
0.740906376681999,3.92132986832043,0.775535270148748,1,"Hbb-bs","Prg2",0.2,0.04
0.740906376681999,3.92132986832043,0.775535270148748,1,"Pik3c2a","Prg2",0.2,0.04
0.740906376681999,3.92132986832043,0.775535270148748,1,"Armc5","Prg2",0.2,0.04
0.740906376681999,3.92132986832043,0.775535270148748,1,"Inpp5a","Prg2",0.2,0.04
0.740906376681999,3.92132986832043,0.775535270148748,1,"Bcr","Prg2",0.2,0.04
0.740906376681999,3.92132986832043,0.775535270148748,1,"Lonrf1","Prg2",0.2,0.04
0.740906376681999,3.92132986832043,0.775535270148748,1,"Sugp1","Prg2",0.2,0.04
0.740906376681999,3.92132986832043,0.775535270148748,1,"Ell","Prg2",0.2,0.04
0.740906376681999,3.92132986832043,0.775535270148748,1,"2010320M18Rik","Prg2",0.2,0.04
0.740906376681999,3.92132986832043,0.775535270148748,1,"Slc7a6","Prg2",0.2,0.04
0.740906376681999,3.92132986832043,0.775535270148748,1,"Dhodh","Prg2",0.2,0.04
0.740906376681999,3.92132986832043,0.775535270148748,1,"Zfhx2","Prg2",0.2,0.04
0.740906376681999,3.92132986832043,0.775535270148748,1,"Zfp426","Prg2",0.2,0.04
0.740906376681999,3.92132986832043,0.775535270148748,1,"Zfp653","Prg2",0.2,0.04
0.740906376681999,3.92132986832043,0.775535270148748,1,"Zfp809","Prg2",0.2,0.04
0.740906376681999,3.92132986832043,0.775535270148748,1,"Exog","Prg2",0.2,0.04
0.740906376681999,3.92132986832043,0.775535270148748,1,"Rnf145","Prg2",0.2,0.04
0.740906376681999,3.92132986832043,0.775535270148748,1,"Mrm1","Prg2",0.2,0.04
0.740906376681999,3.92132986832043,0.775535270148748,1,"Arhgap23","Prg2",0.2,0.04
0.740906376681999,3.92132986832043,0.775535270148748,1,"Mllt6","Prg2",0.2,0.04
0.740906376681999,3.92132986832043,0.775535270148748,1,"Endov","Prg2",0.2,0.04
0.740906376681999,3.92132986832043,0.775535270148748,1,"Zfp595","Prg2",0.2,0.04
0.740906376681999,3.92132986832043,0.775535270148748,1,"Zfp874a","Prg2",0.2,0.04
0.740906376681999,3.92132986832043,0.775535270148748,1,"Zfp87","Prg2",0.2,0.04
0.740906376681999,3.92132986832043,0.775535270148748,1,"Nubpl","Prg2",0.2,0.04
0.740906376681999,3.92132986832043,0.775535270148748,1,"Spata7","Prg2",0.2,0.04
0.740906376681999,3.92132986832043,0.775535270148748,1,"Naprt","Prg2",0.2,0.04
0.740906376681999,3.92132986832043,0.775535270148748,1,"Prickle1","Prg2",0.2,0.04
0.740906376681999,3.92132986832043,0.775535270148748,1,"Itga5","Prg2",0.2,0.04
0.740906376681999,3.92132986832043,0.775535270148748,1,"Cep19","Prg2",0.2,0.04
0.740906376681999,3.92132986832043,0.775535270148748,1,"Cd2ap","Prg2",0.2,0.04
0.740906376681999,3.92132986832043,0.775535270148748,1,"Twsg1","Prg2",0.2,0.04
0.740906376681999,3.92132986832043,0.775535270148748,1,"Pigf","Prg2",0.2,0.04
0.740906376681999,3.92132986832043,0.775535270148748,1,"Fbxo38","Prg2",0.2,0.04
-0.640120620865325,3.9879563764369,0.775535270148749,1,"Gm10138","Prg2",0.2,0.04
-0.640120620865325,3.9879563764369,0.775535270148749,1,"Usp21","Prg2",0.2,0.04
-0.640120620865325,3.9879563764369,0.775535270148749,1,"Coq4","Prg2",0.2,0.04
-0.640120620865325,3.9879563764369,0.775535270148749,1,"Dolk","Prg2",0.2,0.04
-0.640120620865325,3.9879563764369,0.775535270148749,1,"Dolpp1","Prg2",0.2,0.04
-0.640120620865325,3.9879563764369,0.775535270148749,1,"Zbtb34","Prg2",0.2,0.04
-0.640120620865325,3.9879563764369,0.775535270148749,1,"Alkbh3","Prg2",0.2,0.04
-0.640120620865325,3.9879563764369,0.775535270148749,1,"Zfp335","Prg2",0.2,0.04
-0.640120620865325,3.9879563764369,0.775535270148749,1,"Cmc4","Prg2",0.2,0.04
-0.640120620865325,3.9879563764369,0.775535270148749,1,"Nudt6","Prg2",0.2,0.04
-0.640120620865325,3.9879563764369,0.775535270148749,1,"4930579G24Rik","Prg2",0.2,0.04
-0.640120620865325,3.9879563764369,0.775535270148749,1,"4632404H12Rik","Prg2",0.2,0.04
-0.640120620865325,3.9879563764369,0.775535270148749,1,"Lrig2","Prg2",0.2,0.04
-0.640120620865325,3.9879563764369,0.775535270148749,1,"Aco1","Prg2",0.2,0.04
-0.640120620865325,3.9879563764369,0.775535270148749,1,"H6pd","Prg2",0.2,0.04
-0.640120620865325,3.9879563764369,0.775535270148749,1,"Zcchc4","Prg2",0.2,0.04
-0.640120620865325,3.9879563764369,0.775535270148749,1,"Mvk","Prg2",0.2,0.04
-0.640120620865325,3.9879563764369,0.775535270148749,1,"Pon3","Prg2",0.2,0.04
-0.640120620865325,3.9879563764369,0.775535270148749,1,"Trim24","Prg2",0.2,0.04
-0.640120620865325,3.9879563764369,0.775535270148749,1,"Ppm1k","Prg2",0.2,0.04
-0.640120620865325,3.9879563764369,0.775535270148749,1,"Dhx34","Prg2",0.2,0.04
-0.640120620865325,3.9879563764369,0.775535270148749,1,"Atf5","Prg2",0.2,0.04
-0.640120620865325,3.9879563764369,0.775535270148749,1,"Trim5","Prg2",0.2,0.04
-0.640120620865325,3.9879563764369,0.775535270148749,1,"Nt5dc1","Prg2",0.2,0.04
-0.640120620865325,3.9879563764369,0.775535270148749,1,"Tube1","Prg2",0.2,0.04
-0.640120620865325,3.9879563764369,0.775535270148749,1,"Hsf2","Prg2",0.2,0.04
-0.640120620865325,3.9879563764369,0.775535270148749,1,"Pcbd1","Prg2",0.2,0.04
-0.640120620865325,3.9879563764369,0.775535270148749,1,"Sirt6","Prg2",0.2,0.04
-0.640120620865325,3.9879563764369,0.775535270148749,1,"Scyl2","Prg2",0.2,0.04
-0.640120620865325,3.9879563764369,0.775535270148749,1,"Rbms2","Prg2",0.2,0.04
-0.640120620865325,3.9879563764369,0.775535270148749,1,"Mvd","Prg2",0.2,0.04
-0.640120620865325,3.9879563764369,0.775535270148749,1,"Dock5","Prg2",0.2,0.04
-0.640120620865325,3.9879563764369,0.775535270148749,1,"Rnf123","Prg2",0.2,0.04
-0.640120620865325,3.9879563764369,0.775535270148749,1,"Map4","Prg2",0.2,0.04
-0.640120620865325,3.9879563764369,0.775535270148749,1,"Mrnip","Prg2",0.2,0.04
-0.640120620865325,3.9879563764369,0.775535270148749,1,"Rufy1","Prg2",0.2,0.04
-0.640120620865325,3.9879563764369,0.775535270148749,1,"Trim16","Prg2",0.2,0.04
-0.640120620865325,3.9879563764369,0.775535270148749,1,"Fbf1","Prg2",0.2,0.04
-0.640120620865325,3.9879563764369,0.775535270148749,1,"Fgd3","Prg2",0.2,0.04
-0.640120620865325,3.9879563764369,0.775535270148749,1,"Gcat","Prg2",0.2,0.04
-0.640120620865325,3.9879563764369,0.775535270148749,1,"Ccdc191","Prg2",0.2,0.04
-0.640120620865325,3.9879563764369,0.775535270148749,1,"Ccnf","Prg2",0.2,0.04
-0.640120620865325,3.9879563764369,0.775535270148749,1,"Mad2l1bp","Prg2",0.2,0.04
-0.640120620865325,3.9879563764369,0.775535270148749,1,"Cxxc5","Prg2",0.2,0.04
-0.640120620865325,3.9879563764369,0.775535270148749,1,"Sfxn3","Prg2",0.2,0.04
-0.640120620865325,3.9879563764369,0.775535270148749,1,"Poll","Prg2",0.2,0.04
-0.640120620865325,3.9879563764369,0.775535270148749,1,"Cacul1","Prg2",0.2,0.04
0.126340589981413,8.69547399095965,0.775680543053957,1,"Pcbp1","Prg2",0.2,0.04
-0.126040884849497,9.30743649762968,0.775919775162534,1,"Arpc1b","Prg2",0.2,0.04
0.203779287200012,6.48773009038519,0.775958954844982,1,"Hat1","Prg2",0.2,0.04
0.203779287200012,6.48773009038519,0.775958954844982,1,"C1d","Prg2",0.2,0.04
0.203779287200012,6.48773009038519,0.775958954844982,1,"9530068E07Rik","Prg2",0.2,0.04
0.203779287200012,6.48773009038519,0.775958954844982,1,"Dcp2","Prg2",0.2,0.04
0.150340701115687,7.41471392997825,0.776084369288366,1,"Eif2s1","Prg2",0.2,0.04
-0.139608556202565,8.4981596049331,0.776495698803103,1,"Pkm","Prg2",0.2,0.04
-0.239916792088675,6.01005034129791,0.778281779821083,1,"Rab9","Prg2",0.2,0.04
-0.239916792088675,6.01005034129791,0.778281779821083,1,"Ddx54","Prg2",0.2,0.04
-0.239916792088675,6.01005034129791,0.778281779821083,1,"Camk1","Prg2",0.2,0.04
-0.239916792088675,6.01005034129791,0.778281779821083,1,"Oat","Prg2",0.2,0.04
-0.239916792088675,6.01005034129791,0.778281779821083,1,"St3gal4","Prg2",0.2,0.04
-0.239916792088675,6.01005034129791,0.778281779821083,1,"4833420G17Rik","Prg2",0.2,0.04
-0.201603215869921,5.98891716621929,0.778281779821083,1,"Ing1","Prg2",0.2,0.04
-0.201603215869921,5.98891716621929,0.778281779821083,1,"Erbin","Prg2",0.2,0.04
-0.201603215869921,5.98891716621929,0.778281779821083,1,"Cep192","Prg2",0.2,0.04
-0.201603215869921,5.98891716621929,0.778281779821083,1,"Pdlim1","Prg2",0.2,0.04
0.173263659169011,5.99083981108928,0.778281779821083,1,"Gatad2a","Prg2",0.2,0.04
0.173263659169011,5.99083981108928,0.778281779821083,1,"Ddx49","Prg2",0.2,0.04
0.28724606635567,5.2404013336624,0.77913418111393,1,"Itgb3bp","Prg2",0.2,0.04
0.28724606635567,5.2404013336624,0.77913418111393,1,"Eya3","Prg2",0.2,0.04
0.28724606635567,5.2404013336624,0.77913418111393,1,"Orai2","Prg2",0.2,0.04
0.28724606635567,5.2404013336624,0.77913418111393,1,"Tes","Prg2",0.2,0.04
0.28724606635567,5.2404013336624,0.77913418111393,1,"Faim","Prg2",0.2,0.04
0.28724606635567,5.2404013336624,0.77913418111393,1,"Crtap","Prg2",0.2,0.04
0.28724606635567,5.2404013336624,0.77913418111393,1,"Pnpt1","Prg2",0.2,0.04
0.28724606635567,5.2404013336624,0.77913418111393,1,"Cd79b","Prg2",0.2,0.04
0.28724606635567,5.2404013336624,0.77913418111393,1,"Rnaset2a","Prg2",0.2,0.04
0.28724606635567,5.2404013336624,0.77913418111393,1,"Mdga1","Prg2",0.2,0.04
0.28724606635567,5.2404013336624,0.77913418111393,1,"Msh6","Prg2",0.2,0.04
0.28724606635567,5.2404013336624,0.77913418111393,1,"Fam204a","Prg2",0.2,0.04
-0.23913754839717,5.29289073945076,0.77913418111393,1,"Atp6v1h","Prg2",0.2,0.04
-0.23913754839717,5.29289073945076,0.77913418111393,1,"Madd","Prg2",0.2,0.04
-0.23913754839717,5.29289073945076,0.77913418111393,1,"Fam241a","Prg2",0.2,0.04
-0.23913754839717,5.29289073945076,0.77913418111393,1,"R3hdm2","Prg2",0.2,0.04
-0.23913754839717,5.29289073945076,0.77913418111393,1,"Cdadc1","Prg2",0.2,0.04
-0.23913754839717,5.29289073945076,0.77913418111393,1,"Rcn2","Prg2",0.2,0.04
-0.23913754839717,5.29289073945076,0.77913418111393,1,"Gkap1","Prg2",0.2,0.04
-0.23913754839717,5.29289073945076,0.77913418111393,1,"Ldah","Prg2",0.2,0.04
-0.23913754839717,5.29289073945076,0.77913418111393,1,"Setd3","Prg2",0.2,0.04
-0.23913754839717,5.29289073945076,0.77913418111393,1,"Slc25a17","Prg2",0.2,0.04
-0.23913754839717,5.29289073945076,0.77913418111393,1,"Ccdc58","Prg2",0.2,0.04
-0.23913754839717,5.29289073945076,0.77913418111393,1,"Chka","Prg2",0.2,0.04
-0.23913754839717,5.29289073945076,0.77913418111393,1,"Ermp1","Prg2",0.2,0.04
-0.123175388309768,9.7605447148349,0.779799537386014,1,"Ndufa4","Prg2",0.2,0.04
-0.187944907466705,6.50703004858609,0.780415987621102,1,"Sf3a3","Prg2",0.2,0.04
0.173505798733869,6.50255727879497,0.780415987621103,1,"Eif4ebp1","Prg2",0.2,0.04
0.173505798733869,6.50255727879497,0.780415987621103,1,"Pcnp","Prg2",0.2,0.04
0.127526606979373,8.15434669051898,0.78054264504444,1,"Cops9","Prg2",0.2,0.04
-0.147654493517355,7.447697617616,0.781059860655661,1,"Spcs1","Prg2",0.2,0.04
0.131510214772048,8.54137932137801,0.782614384642952,1,"Tmbim6","Prg2",0.2,0.04
0.136160001191069,7.46717780393046,0.783465853628133,1,"Igf1r","Prg2",0.2,0.04
-0.124940233134259,8.54948243377406,0.783798551354466,1,"Srrm2","Prg2",0.2,0.04
-0.203589427009088,6.0588403365491,0.784185272251921,1,"Gltp","Prg2",0.2,0.04
-0.203589427009088,6.0588403365491,0.784185272251921,1,"Ddt","Prg2",0.2,0.04
-0.203589427009088,6.0588403365491,0.784185272251921,1,"Dbnl","Prg2",0.2,0.04
-0.203589427009088,6.0588403365491,0.784185272251921,1,"Ppp2r5c","Prg2",0.2,0.04
-0.203589427009088,6.0588403365491,0.784185272251921,1,"Ppil2","Prg2",0.2,0.04
0.194262727746753,6.0406618980714,0.784185272251921,1,"Mpc2","Prg2",0.2,0.04
0.194262727746753,6.0406618980714,0.784185272251921,1,"Wdr77","Prg2",0.2,0.04
0.194262727746753,6.0406618980714,0.784185272251921,1,"Mcu","Prg2",0.2,0.04
0.194262727746753,6.0406618980714,0.784185272251921,1,"Ormdl2","Prg2",0.2,0.04
0.194262727746753,6.0406618980714,0.784185272251921,1,"Mrpl3","Prg2",0.2,0.04
0.194262727746753,6.0406618980714,0.784185272251921,1,"Ddx41","Prg2",0.2,0.04
-0.11408296229571,11.8620908347753,0.784208123116006,1,"Rplp2","Prg2",0.2,0.04
-0.182474858814848,6.9251411647688,0.78438893244951,1,"Ube2b","Prg2",0.2,0.04
0.162528785337678,6.91807356244933,0.78438893244951,1,"Rbm17","Prg2",0.2,0.04
0.188122155406369,6.53786259509162,0.784696436075284,1,"Hells","Prg2",0.2,0.04
0.159068051534799,6.55215543191345,0.784696436075284,1,"Nsd2","Prg2",0.2,0.04
0.159068051534799,6.55215543191345,0.784696436075284,1,"Wdr1","Prg2",0.2,0.04
0.159068051534799,6.55215543191345,0.784696436075284,1,"Sod1","Prg2",0.2,0.04
-0.189801185397136,6.55615232711798,0.784696436075284,1,"Cops4","Prg2",0.2,0.04
-0.189801185397136,6.55615232711798,0.784696436075284,1,"Mrps17","Prg2",0.2,0.04
-0.140506158765974,7.69625715938953,0.785114916075144,1,"Fis1","Prg2",0.2,0.04
0.14214707401745,7.71066578735997,0.787141928677203,1,"Ywhah","Prg2",0.2,0.04
-0.164677258358895,6.9515041581028,0.787670656053384,1,"Cetn3","Prg2",0.2,0.04
-0.164677258358895,6.9515041581028,0.787670656053384,1,"Cox17","Prg2",0.2,0.04
0.242676286251803,5.3573554926346,0.788276774924029,1,"E2f1","Prg2",0.2,0.04
0.242676286251803,5.3573554926346,0.788276774924029,1,"Crot","Prg2",0.2,0.04
0.242676286251803,5.3573554926346,0.788276774924029,1,"Scarb1","Prg2",0.2,0.04
0.242676286251803,5.3573554926346,0.788276774924029,1,"Fam53b","Prg2",0.2,0.04
0.242676286251803,5.3573554926346,0.788276774924029,1,"Apaf1","Prg2",0.2,0.04
0.242676286251803,5.3573554926346,0.788276774924029,1,"Mpdu1","Prg2",0.2,0.04
0.242676286251803,5.3573554926346,0.788276774924029,1,"Cpsf3","Prg2",0.2,0.04
0.242676286251803,5.3573554926346,0.788276774924029,1,"Pycrl","Prg2",0.2,0.04
0.242676286251803,5.3573554926346,0.788276774924029,1,"1110004E09Rik","Prg2",0.2,0.04
0.242676286251803,5.3573554926346,0.788276774924029,1,"Rnf14","Prg2",0.2,0.04
0.242676286251803,5.3573554926346,0.788276774924029,1,"Dctn4","Prg2",0.2,0.04
0.242676286251803,5.3573554926346,0.788276774924029,1,"Rce1","Prg2",0.2,0.04
0.165028472097691,7.26173271712327,0.789334458762009,1,"Ccar1","Prg2",0.2,0.04
0.213791012657416,6.08886610958597,0.789772197578505,1,"Zfp644","Prg2",0.2,0.04
0.213791012657416,6.08886610958597,0.789772197578505,1,"Ppp4r2","Prg2",0.2,0.04
0.213791012657416,6.08886610958597,0.789772197578505,1,"Eif4enif1","Prg2",0.2,0.04
0.213791012657416,6.08886610958597,0.789772197578505,1,"Pum3","Prg2",0.2,0.04
-0.169898746734023,6.10609233337732,0.789772197578505,1,"Sars","Prg2",0.2,0.04
-0.169898746734023,6.10609233337732,0.789772197578505,1,"Rpl10-ps3","Prg2",0.2,0.04
-0.169898746734023,6.10609233337732,0.789772197578505,1,"Fen1","Prg2",0.2,0.04
0.113869746089031,10.1707391080763,0.79126392429019,1,"Myb","Prg2",0.2,0.04
-0.136058113282738,7.28255091036539,0.79193853279563,1,"Dnajb11","Prg2",0.2,0.04
0.113428792106382,9.89286369486779,0.791979766743292,1,"Cox4i1","Prg2",0.2,0.04
0.119821731529285,8.9926843178283,0.79240461027442,1,"Srsf2","Prg2",0.2,0.04
-0.123762933482542,8.37683920165235,0.792489659741371,1,"Psma7","Prg2",0.2,0.04
-0.122753788017452,9.0759492777854,0.792521109473849,1,"Hnrnpk","Prg2",0.2,0.04
-0.118866551569037,9.42829733743268,0.792943362742722,1,"Srsf3","Prg2",0.2,0.04
0.130807050379438,7.753500677682,0.793000910668025,1,"Ppp3ca","Prg2",0.2,0.04
0.130827668346243,7.94286940025849,0.793284810463846,1,"Igfbp4","Prg2",0.2,0.04
0.138390749198539,7.55297986206747,0.794746001075276,1,"Hdlbp","Prg2",0.2,0.04
0.231999422847233,6.13555309539067,0.795068066217872,1,"Rnasel","Prg2",0.2,0.04
0.231999422847233,6.13555309539067,0.795068066217872,1,"Thyn1","Prg2",0.2,0.04
0.231999422847233,6.13555309539067,0.795068066217872,1,"Mrps23","Prg2",0.2,0.04
0.231999422847233,6.13555309539067,0.795068066217872,1,"Ube2v2","Prg2",0.2,0.04
0.192640531514471,6.15471537038492,0.795068066217872,1,"Mff","Prg2",0.2,0.04
0.192640531514471,6.15471537038492,0.795068066217872,1,"Spg21","Prg2",0.2,0.04
0.192640531514471,6.15471537038492,0.795068066217872,1,"Trip11","Prg2",0.2,0.04
0.192640531514471,6.15471537038492,0.795068066217872,1,"Tap1","Prg2",0.2,0.04
0.192640531514471,6.15471537038492,0.795068066217872,1,"Mta2","Prg2",0.2,0.04
-0.240019212992805,6.14465024853908,0.795068066217873,1,"Strbp","Prg2",0.2,0.04
-0.240019212992805,6.14465024853908,0.795068066217873,1,"Prelid3b","Prg2",0.2,0.04
-0.240019212992805,6.14465024853908,0.795068066217873,1,"Iscu","Prg2",0.2,0.04
-0.240019212992805,6.14465024853908,0.795068066217873,1,"Pin1","Prg2",0.2,0.04
-0.122942827045818,8.52507198948534,0.796122196180754,1,"Pdia3","Prg2",0.2,0.04
0.271724449500627,5.43349608195933,0.796638000010697,1,"Acadl","Prg2",0.2,0.04
0.271724449500627,5.43349608195933,0.796638000010697,1,"St6galnac4","Prg2",0.2,0.04
0.271724449500627,5.43349608195933,0.796638000010697,1,"Nus1","Prg2",0.2,0.04
0.271724449500627,5.43349608195933,0.796638000010697,1,"Mau2","Prg2",0.2,0.04
0.271724449500627,5.43349608195933,0.796638000010697,1,"Capn7","Prg2",0.2,0.04
0.271724449500627,5.43349608195933,0.796638000010697,1,"Ubac2","Prg2",0.2,0.04
0.271724449500627,5.43349608195933,0.796638000010697,1,"Atg101","Prg2",0.2,0.04
0.271724449500627,5.43349608195933,0.796638000010697,1,"Ltn1","Prg2",0.2,0.04
0.271724449500627,5.43349608195933,0.796638000010697,1,"Gtf2f1","Prg2",0.2,0.04
-0.297809619068746,5.43698143286799,0.796638000010697,1,"Palm","Prg2",0.2,0.04
-0.297809619068746,5.43698143286799,0.796638000010697,1,"Smg6","Prg2",0.2,0.04
-0.297809619068746,5.43698143286799,0.796638000010697,1,"Aatf","Prg2",0.2,0.04
-0.297809619068746,5.43698143286799,0.796638000010697,1,"Tk1","Prg2",0.2,0.04
-0.297809619068746,5.43698143286799,0.796638000010697,1,"Ddx23","Prg2",0.2,0.04
-0.297809619068746,5.43698143286799,0.796638000010697,1,"Kmt2d","Prg2",0.2,0.04
-0.297809619068746,5.43698143286799,0.796638000010697,1,"Rab5a","Prg2",0.2,0.04
-0.23929137075187,5.40472054919641,0.796638000010697,1,"Rnpepl1","Prg2",0.2,0.04
-0.23929137075187,5.40472054919641,0.796638000010697,1,"Bmyc","Prg2",0.2,0.04
-0.23929137075187,5.40472054919641,0.796638000010697,1,"Spout1","Prg2",0.2,0.04
-0.23929137075187,5.40472054919641,0.796638000010697,1,"Rbm33","Prg2",0.2,0.04
-0.23929137075187,5.40472054919641,0.796638000010697,1,"Ing3","Prg2",0.2,0.04
-0.23929137075187,5.40472054919641,0.796638000010697,1,"Smarcad1","Prg2",0.2,0.04
-0.23929137075187,5.40472054919641,0.796638000010697,1,"Orai3","Prg2",0.2,0.04
-0.23929137075187,5.40472054919641,0.796638000010697,1,"Bckdk","Prg2",0.2,0.04
-0.23929137075187,5.40472054919641,0.796638000010697,1,"Nob1","Prg2",0.2,0.04
-0.23929137075187,5.40472054919641,0.796638000010697,1,"Qrich1","Prg2",0.2,0.04
-0.23929137075187,5.40472054919641,0.796638000010697,1,"Ccdc127","Prg2",0.2,0.04
-0.23929137075187,5.40472054919641,0.796638000010697,1,"Pik3cg","Prg2",0.2,0.04
-0.23929137075187,5.40472054919641,0.796638000010697,1,"Hars","Prg2",0.2,0.04
-0.23929137075187,5.40472054919641,0.796638000010697,1,"Tshz1","Prg2",0.2,0.04
-0.168486711374154,7.02308898875358,0.796939623621095,1,"Mrps12","Prg2",0.2,0.04
-0.168486711374154,7.02308898875358,0.796939623621095,1,"Dnmt1","Prg2",0.2,0.04
0.152956577865585,7.01702192506282,0.796939623621095,1,"Fam173a","Prg2",0.2,0.04
0.148694738147544,7.31998876662632,0.796958142175355,1,"Rab14","Prg2",0.2,0.04
-0.402786056087783,4.17242278230375,0.797613768166904,1,"Fastkd2","Prg2",0.2,0.04
-0.402786056087783,4.17242278230375,0.797613768166904,1,"Tmbim1","Prg2",0.2,0.04
-0.402786056087783,4.17242278230375,0.797613768166904,1,"Trp53bp2","Prg2",0.2,0.04
-0.402786056087783,4.17242278230375,0.797613768166904,1,"Msrb2","Prg2",0.2,0.04
-0.402786056087783,4.17242278230375,0.797613768166904,1,"Nup35","Prg2",0.2,0.04
-0.402786056087783,4.17242278230375,0.797613768166904,1,"Polr3f","Prg2",0.2,0.04
-0.402786056087783,4.17242278230375,0.797613768166904,1,"Arfgef2","Prg2",0.2,0.04
-0.402786056087783,4.17242278230375,0.797613768166904,1,"Nsdhl","Prg2",0.2,0.04
-0.402786056087783,4.17242278230375,0.797613768166904,1,"Alg13","Prg2",0.2,0.04
-0.402786056087783,4.17242278230375,0.797613768166904,1,"Flad1","Prg2",0.2,0.04
-0.402786056087783,4.17242278230375,0.797613768166904,1,"Tdrkh","Prg2",0.2,0.04
-0.402786056087783,4.17242278230375,0.797613768166904,1,"Prpf3","Prg2",0.2,0.04
-0.402786056087783,4.17242278230375,0.797613768166904,1,"Casp6","Prg2",0.2,0.04
-0.402786056087783,4.17242278230375,0.797613768166904,1,"Ccl27a","Prg2",0.2,0.04
-0.402786056087783,4.17242278230375,0.797613768166904,1,"Zbtb5","Prg2",0.2,0.04
-0.402786056087783,4.17242278230375,0.797613768166904,1,"Megf9","Prg2",0.2,0.04
-0.402786056087783,4.17242278230375,0.797613768166904,1,"Bsdc1","Prg2",0.2,0.04
-0.402786056087783,4.17242278230375,0.797613768166904,1,"Ccng2","Prg2",0.2,0.04
-0.402786056087783,4.17242278230375,0.797613768166904,1,"Tfip11","Prg2",0.2,0.04
-0.402786056087783,4.17242278230375,0.797613768166904,1,"Limk1","Prg2",0.2,0.04
-0.402786056087783,4.17242278230375,0.797613768166904,1,"Necap1","Prg2",0.2,0.04
-0.402786056087783,4.17242278230375,0.797613768166904,1,"Etfrf1","Prg2",0.2,0.04
-0.402786056087783,4.17242278230375,0.797613768166904,1,"Apoc1","Prg2",0.2,0.04
-0.402786056087783,4.17242278230375,0.797613768166904,1,"Gde1","Prg2",0.2,0.04
-0.402786056087783,4.17242278230375,0.797613768166904,1,"Sesn1","Prg2",0.2,0.04
-0.402786056087783,4.17242278230375,0.797613768166904,1,"Thop1","Prg2",0.2,0.04
-0.402786056087783,4.17242278230375,0.797613768166904,1,"Actr6","Prg2",0.2,0.04
-0.402786056087783,4.17242278230375,0.797613768166904,1,"Zfp868","Prg2",0.2,0.04
-0.402786056087783,4.17242278230375,0.797613768166904,1,"Arhgap10","Prg2",0.2,0.04
-0.402786056087783,4.17242278230375,0.797613768166904,1,"Fhod1","Prg2",0.2,0.04
-0.402786056087783,4.17242278230375,0.797613768166904,1,"Ranbp10","Prg2",0.2,0.04
-0.402786056087783,4.17242278230375,0.797613768166904,1,"Ccser2","Prg2",0.2,0.04
-0.402786056087783,4.17242278230375,0.797613768166904,1,"Reep4","Prg2",0.2,0.04
-0.402786056087783,4.17242278230375,0.797613768166904,1,"Tdrd3","Prg2",0.2,0.04
-0.402786056087783,4.17242278230375,0.797613768166904,1,"Pus3","Prg2",0.2,0.04
-0.402786056087783,4.17242278230375,0.797613768166904,1,"Ccpg1","Prg2",0.2,0.04
-0.402786056087783,4.17242278230375,0.797613768166904,1,"Bsn","Prg2",0.2,0.04
-0.402786056087783,4.17242278230375,0.797613768166904,1,"Snrk","Prg2",0.2,0.04
-0.402786056087783,4.17242278230375,0.797613768166904,1,"Kdm6b","Prg2",0.2,0.04
-0.402786056087783,4.17242278230375,0.797613768166904,1,"Osbpl7","Prg2",0.2,0.04
-0.402786056087783,4.17242278230375,0.797613768166904,1,"Cog1","Prg2",0.2,0.04
-0.402786056087783,4.17242278230375,0.797613768166904,1,"Mctp1","Prg2",0.2,0.04
-0.402786056087783,4.17242278230375,0.797613768166904,1,"Zfp251","Prg2",0.2,0.04
-0.402786056087783,4.17242278230375,0.797613768166904,1,"Selenoo","Prg2",0.2,0.04
-0.402786056087783,4.17242278230375,0.797613768166904,1,"Tmem181a","Prg2",0.2,0.04
-0.402786056087783,4.17242278230375,0.797613768166904,1,"Gpank1","Prg2",0.2,0.04
-0.402786056087783,4.17242278230375,0.797613768166904,1,"R3hcc1l","Prg2",0.2,0.04
-0.402786056087783,4.17242278230375,0.797613768166904,1,"Nhlrc2","Prg2",0.2,0.04
0.131884476974868,7.78930373788067,0.798547424271801,1,"Hmgn1","Prg2",0.2,0.04
-0.106128440115895,11.8416074110981,0.799077477924487,1,"Rpl8","Prg2",0.2,0.04
-0.155004309628839,7.347695094238,0.799378173684861,1,"Slbp","Prg2",0.2,0.04
0.128367519114566,8.55352512930977,0.79945595822401,1,"Ssr2","Prg2",0.2,0.04
-0.152140726231313,7.04776518683491,0.799851125829806,1,"Prrc2a","Prg2",0.2,0.04
-0.207015997524339,6.18922693188825,0.800095656612391,1,"Mkrn1","Prg2",0.2,0.04
-0.207015997524339,6.18922693188825,0.800095656612391,1,"Lamtor1","Prg2",0.2,0.04
-0.207015997524339,6.18922693188825,0.800095656612391,1,"Psmg4","Prg2",0.2,0.04
-0.207015997524339,6.18922693188825,0.800095656612391,1,"Eif1ad","Prg2",0.2,0.04
-0.171265406516412,6.68138178164882,0.800249301210995,1,"Ssbp1","Prg2",0.2,0.04
0.147168993957033,6.67846076544169,0.800249301210995,1,"Ankrd17","Prg2",0.2,0.04
-0.133892943253104,7.60595762787093,0.800968466139319,1,"Phgdh","Prg2",0.2,0.04
-0.142195541307259,7.36749543459601,0.801741177299994,1,"Nt5c3","Prg2",0.2,0.04
-0.136378955347127,7.07203840774998,0.802679909613456,1,"Zfp91","Prg2",0.2,0.04
-0.103191495086478,12.9564614004144,0.802843514984117,1,"mt-Co1","Prg2",0.2,0.04
-0.122237550988074,8.18067804199178,0.803538934004044,1,"Tpr","Prg2",0.2,0.04
0.160675230662619,6.70979257076676,0.803788156485749,1,"Rfc1","Prg2",0.2,0.04
-0.239421683131862,5.50845697356581,0.80431916533537,1,"Vcpip1","Prg2",0.2,0.04
-0.239421683131862,5.50845697356581,0.80431916533537,1,"4930523C07Rik","Prg2",0.2,0.04
-0.239421683131862,5.50845697356581,0.80431916533537,1,"Cd93","Prg2",0.2,0.04
-0.239421683131862,5.50845697356581,0.80431916533537,1,"Ube4b","Prg2",0.2,0.04
-0.239421683131862,5.50845697356581,0.80431916533537,1,"Mettl6","Prg2",0.2,0.04
-0.239421683131862,5.50845697356581,0.80431916533537,1,"Lrrc1","Prg2",0.2,0.04
-0.239421683131862,5.50845697356581,0.80431916533537,1,"Ssbp2","Prg2",0.2,0.04
-0.239421683131862,5.50845697356581,0.80431916533537,1,"Nsmce2","Prg2",0.2,0.04
-0.239421683131862,5.50845697356581,0.80431916533537,1,"Eci1","Prg2",0.2,0.04
-0.239421683131862,5.50845697356581,0.80431916533537,1,"Tbc1d22b","Prg2",0.2,0.04
-0.239421683131862,5.50845697356581,0.80431916533537,1,"Lst1","Prg2",0.2,0.04
-0.12609451830134,8.02497621307933,0.804424716260107,1,"Polr1d","Prg2",0.2,0.04
-0.17619679195015,6.23251568989427,0.804875378064664,1,"Nip7","Prg2",0.2,0.04
-0.138837670712832,7.10541241543203,0.805429466498029,1,"Mrps21","Prg2",0.2,0.04
-0.127483066732606,8.0422893152367,0.80591939568836,1,"Atp5k","Prg2",0.2,0.04
-0.116709868746956,8.20732931126364,0.806234722588314,1,"Abracl","Prg2",0.2,0.04
0.108204059989022,9.70718352851043,0.806699273794795,1,"Ncl","Prg2",0.2,0.04
0.173590069020384,6.74047433912118,0.807202244897316,1,"Ncf2","Prg2",0.2,0.04
0.173590069020384,6.74047433912118,0.807202244897316,1,"Cdk9","Prg2",0.2,0.04
-0.15313701683036,6.75518019725012,0.807202244897316,1,"Rtcb","Prg2",0.2,0.04
0.111782602889329,8.21681924984392,0.807555233476491,1,"Cbx3","Prg2",0.2,0.04
0.144606285733913,7.10959919659208,0.808103093449143,1,"Mcm5","Prg2",0.2,0.04
0.12141011219953,7.66308702971874,0.808702325552303,1,"Eif4b","Prg2",0.2,0.04
0.155773069099307,6.27791543220639,0.809425576420698,1,"Ythdf1","Prg2",0.2,0.04
-0.147345360561532,6.27458769050695,0.809425576420698,1,"Gpbp1","Prg2",0.2,0.04
-0.147345360561532,6.27458769050695,0.809425576420698,1,"Polr2h","Prg2",0.2,0.04
-0.121292236590432,8.07158744518078,0.810270122646656,1,"Glud1","Prg2",0.2,0.04
-0.128932792496942,7.69006540471865,0.810542993403758,1,"U2af1","Prg2",0.2,0.04
0.128478062332214,7.67911858413851,0.810542993403758,1,"Akr1a1","Prg2",0.2,0.04
0.135808556668287,7.14226665568637,0.810703906285015,1,"Nap1l4","Prg2",0.2,0.04
0.135808556668287,7.14226665568637,0.810703906285015,1,"Cwc15","Prg2",0.2,0.04
-0.141183425714468,7.1380283900731,0.810703906285015,1,"Ndufs2","Prg2",0.2,0.04
0.233966551075277,5.53622596998178,0.811404161073228,1,"Sdccag3","Prg2",0.2,0.04
0.233966551075277,5.53622596998178,0.811404161073228,1,"Psmd5","Prg2",0.2,0.04
0.233966551075277,5.53622596998178,0.811404161073228,1,"Utp14a","Prg2",0.2,0.04
0.233966551075277,5.53622596998178,0.811404161073228,1,"Ubap2","Prg2",0.2,0.04
0.233966551075277,5.53622596998178,0.811404161073228,1,"Ubp1","Prg2",0.2,0.04
0.233966551075277,5.53622596998178,0.811404161073228,1,"Trappc12","Prg2",0.2,0.04
-0.187364249217306,5.57668349740435,0.811404161073228,1,"Agtrap","Prg2",0.2,0.04
-0.187364249217306,5.57668349740435,0.811404161073228,1,"Tspan31","Prg2",0.2,0.04
-0.187364249217306,5.57668349740435,0.811404161073228,1,"Ash2l","Prg2",0.2,0.04
-0.187364249217306,5.57668349740435,0.811404161073228,1,"Nr2c2ap","Prg2",0.2,0.04
-0.187364249217306,5.57668349740435,0.811404161073228,1,"Psme4","Prg2",0.2,0.04
-0.187364249217306,5.57668349740435,0.811404161073228,1,"Grk6","Prg2",0.2,0.04
-0.187364249217306,5.57668349740435,0.811404161073228,1,"Hcfc1r1","Prg2",0.2,0.04
-0.187364249217306,5.57668349740435,0.811404161073228,1,"Bad","Prg2",0.2,0.04
0.172973983382559,5.56583264501768,0.811404161073228,1,"Tfpi","Prg2",0.2,0.04
0.172973983382559,5.56583264501768,0.811404161073228,1,"Hcfc1","Prg2",0.2,0.04
0.172973983382559,5.56583264501768,0.811404161073228,1,"Smg1","Prg2",0.2,0.04
-0.0999850352792827,11.4376266835594,0.811591690901138,1,"Ppia","Prg2",0.2,0.04
0.11311063414047,7.4560064437406,0.812767410900035,1,"Gnb1","Prg2",0.2,0.04
-0.113031646256971,8.40979220246511,0.813449099000661,1,"Aldoa","Prg2",0.2,0.04
0.100568621565322,10.7524199027316,0.813465751449553,1,"Gpx1","Prg2",0.2,0.04
-0.155716148178467,6.7966512751762,0.813681900703154,1,"Ppm1g","Prg2",0.2,0.04
-0.155716148178467,6.7966512751762,0.813681900703154,1,"Hnrnpul1","Prg2",0.2,0.04
0.137172351757635,6.79456573817876,0.813681900703154,1,"Hadhb","Prg2",0.2,0.04
0.137172351757635,6.79456573817876,0.813681900703154,1,"Smarcc1","Prg2",0.2,0.04
0.173429624744434,6.31898170496517,0.813762792950745,1,"Smap1","Prg2",0.2,0.04
0.173429624744434,6.31898170496517,0.813762792950745,1,"Unc50","Prg2",0.2,0.04
0.173429624744434,6.31898170496517,0.813762792950745,1,"Mga","Prg2",0.2,0.04
0.173429624744434,6.31898170496517,0.813762792950745,1,"Taf15","Prg2",0.2,0.04
0.173429624744434,6.31898170496517,0.813762792950745,1,"Parp8","Prg2",0.2,0.04
0.338058202570928,4.27633314857076,0.815052944606036,1,"Nsl1","Prg2",0.2,0.04
0.338058202570928,4.27633314857076,0.815052944606036,1,"Stxbp1","Prg2",0.2,0.04
0.338058202570928,4.27633314857076,0.815052944606036,1,"Bub1","Prg2",0.2,0.04
0.338058202570928,4.27633314857076,0.815052944606036,1,"Mavs","Prg2",0.2,0.04
0.338058202570928,4.27633314857076,0.815052944606036,1,"Gzf1","Prg2",0.2,0.04
0.338058202570928,4.27633314857076,0.815052944606036,1,"Trp53rkb","Prg2",0.2,0.04
0.338058202570928,4.27633314857076,0.815052944606036,1,"Tmem64","Prg2",0.2,0.04
0.338058202570928,4.27633314857076,0.815052944606036,1,"Ogfod2","Prg2",0.2,0.04
0.338058202570928,4.27633314857076,0.815052944606036,1,"N4bp2l1","Prg2",0.2,0.04
0.338058202570928,4.27633314857076,0.815052944606036,1,"Rnf103","Prg2",0.2,0.04
0.338058202570928,4.27633314857076,0.815052944606036,1,"Zxdc","Prg2",0.2,0.04
0.338058202570928,4.27633314857076,0.815052944606036,1,"Zfp110","Prg2",0.2,0.04
0.338058202570928,4.27633314857076,0.815052944606036,1,"Atmin","Prg2",0.2,0.04
0.338058202570928,4.27633314857076,0.815052944606036,1,"Nudt13","Prg2",0.2,0.04
0.338058202570928,4.27633314857076,0.815052944606036,1,"Tmem110","Prg2",0.2,0.04
0.338058202570928,4.27633314857076,0.815052944606036,1,"Sdr39u1","Prg2",0.2,0.04
0.338058202570928,4.27633314857076,0.815052944606036,1,"Atm","Prg2",0.2,0.04
0.338058202570928,4.27633314857076,0.815052944606036,1,"Dusp7","Prg2",0.2,0.04
0.338058202570928,4.27633314857076,0.815052944606036,1,"Tmem42","Prg2",0.2,0.04
0.338058202570928,4.27633314857076,0.815052944606036,1,"Ezh1","Prg2",0.2,0.04
0.338058202570928,4.27633314857076,0.815052944606036,1,"Mettl2","Prg2",0.2,0.04
0.338058202570928,4.27633314857076,0.815052944606036,1,"Nln","Prg2",0.2,0.04
0.338058202570928,4.27633314857076,0.815052944606036,1,"Gpr132","Prg2",0.2,0.04
0.338058202570928,4.27633314857076,0.815052944606036,1,"Klf10","Prg2",0.2,0.04
0.338058202570928,4.27633314857076,0.815052944606036,1,"Pick1","Prg2",0.2,0.04
0.149827595094884,6.82352350364448,0.816759255969221,1,"Myh9","Prg2",0.2,0.04
-0.158148135764587,6.8369579416644,0.816759255969221,1,"Dctn3","Prg2",0.2,0.04
-0.136824130120645,6.82542197102685,0.816759255969221,1,"Flna","Prg2",0.2,0.04
-0.13769287302869,7.49164529404774,0.816841861799725,1,"Fermt3","Prg2",0.2,0.04
0.201428820808612,5.63202592737635,0.817963138885021,1,"Tomm34","Prg2",0.2,0.04
0.201428820808612,5.63202592737635,0.817963138885021,1,"Rabggtb","Prg2",0.2,0.04
0.201428820808612,5.63202592737635,0.817963138885021,1,"Mark3","Prg2",0.2,0.04
0.161970825257487,6.8519247814039,0.819735494867675,1,"Snrnp40","Prg2",0.2,0.04
0.138945108014913,6.86330045924233,0.819735494867675,1,"Atp11b","Prg2",0.2,0.04
0.108595529905035,8.72319243980068,0.820071624925468,1,"Gnai2","Prg2",0.2,0.04
-0.147615780917716,7.23165487858374,0.82043565522676,1,"Cdc37","Prg2",0.2,0.04
-0.115294241923463,7.52734491637853,0.820742701043297,1,"Rcc2","Prg2",0.2,0.04
-0.115294241923463,7.52734491637853,0.820742701043297,1,"Eif4g1","Prg2",0.2,0.04
-0.124516473392928,7.76954507936482,0.820885156916207,1,"Chd4","Prg2",0.2,0.04
-0.113762304704348,7.98469499923957,0.820950299713322,1,"Cited2","Prg2",0.2,0.04
0.110979117332533,8.47482849072292,0.820975831437375,1,"Atp5j2","Prg2",0.2,0.04
0.157021520920945,6.37521836564097,0.821856712718505,1,"Rad23b","Prg2",0.2,0.04
0.157021520920945,6.37521836564097,0.821856712718505,1,"Sec13","Prg2",0.2,0.04
-0.154742778705582,6.38759964224906,0.821856712718505,1,"Idh3a","Prg2",0.2,0.04
-0.154742778705582,6.38759964224906,0.821856712718505,1,"Psmd12","Prg2",0.2,0.04
-0.154742778705582,6.38759964224906,0.821856712718505,1,"Cript","Prg2",0.2,0.04
-0.113155414418316,8.48414506261577,0.822002068920551,1,"Cdc42","Prg2",0.2,0.04
0.138601289689653,7.24892246573465,0.822713603507793,1,"Sdhd","Prg2",0.2,0.04
-0.239630479090781,5.69581818364751,0.824055281589667,1,"Knstrn","Prg2",0.2,0.04
-0.239630479090781,5.69581818364751,0.824055281589667,1,"Pkn2","Prg2",0.2,0.04
-0.239630479090781,5.69581818364751,0.824055281589667,1,"Epn1","Prg2",0.2,0.04
-0.239630479090781,5.69581818364751,0.824055281589667,1,"Cast","Prg2",0.2,0.04
-0.239630479090781,5.69581818364751,0.824055281589667,1,"Oxr1","Prg2",0.2,0.04
-0.239630479090781,5.69581818364751,0.824055281589667,1,"Hspa13","Prg2",0.2,0.04
0.227218622206547,5.6953977080892,0.824055281589667,1,"Mrpl44","Prg2",0.2,0.04
0.227218622206547,5.6953977080892,0.824055281589667,1,"Samhd1","Prg2",0.2,0.04
0.227218622206547,5.6953977080892,0.824055281589667,1,"Taz","Prg2",0.2,0.04
0.227218622206547,5.6953977080892,0.824055281589667,1,"Cdca3","Prg2",0.2,0.04
0.227218622206547,5.6953977080892,0.824055281589667,1,"Bdp1","Prg2",0.2,0.04
0.108455438127677,7.80085082900599,0.82408658668697,1,"Akap13","Prg2",0.2,0.04
-0.103422871642664,8.63878932321251,0.824669437541293,1,"Uqcr11","Prg2",0.2,0.04
0.10254898986072,8.01992149510083,0.825119876409291,1,"Hnrnpc","Prg2",0.2,0.04
-0.162618341624295,6.91432800769328,0.825404116695756,1,"Mrpl42","Prg2",0.2,0.04
0.141870527497804,6.4293170635842,0.825639304109775,1,"Ergic3","Prg2",0.2,0.04
-0.158019785873769,6.44093256467431,0.825639304109776,1,"Uap1","Prg2",0.2,0.04
-0.109239005965498,8.03260919805767,0.826467053754362,1,"Spi1","Prg2",0.2,0.04
-0.118032472066961,8.22259587780313,0.82707758028446,1,"Cox6a1","Prg2",0.2,0.04
-0.12294555017686,7.30325342404068,0.827099748020919,1,"Nasp","Prg2",0.2,0.04
-0.12294555017686,7.30325342404068,0.827099748020919,1,"Eif3d","Prg2",0.2,0.04
-0.107541399505922,7.29502904961163,0.827099748020919,1,"Eif1ax","Prg2",0.2,0.04
-0.121525900531437,7.599349441178,0.828066122729386,1,"Llph","Prg2",0.2,0.04
-0.145090329839671,6.94089343434706,0.828105468699907,1,"Ms4a6c","Prg2",0.2,0.04
0.140555198647433,6.9289172113347,0.828105468699907,1,"Pfdn2","Prg2",0.2,0.04
0.118911275308448,6.93967202827359,0.828105468699907,1,"Mrpl14","Prg2",0.2,0.04
0.0980496071848599,9.28008767976393,0.828126571855617,1,"Set","Prg2",0.2,0.04
0.100235521184387,9.10780972854215,0.82837594489313,1,"Ldha","Prg2",0.2,0.04
0.123201545803992,7.30766721635813,0.829212124169367,1,"Bet1","Prg2",0.2,0.04
0.158110244791897,6.46638962068251,0.829260991223501,1,"Sp110","Prg2",0.2,0.04
-0.496253843184365,4.47193511881424,0.829279641174803,1,"Map4k4","Prg2",0.2,0.04
-0.496253843184365,4.47193511881424,0.829279641174803,1,"Psd4","Prg2",0.2,0.04
-0.496253843184365,4.47193511881424,0.829279641174803,1,"Med22","Prg2",0.2,0.04
-0.496253843184365,4.47193511881424,0.829279641174803,1,"Ass1","Prg2",0.2,0.04
-0.496253843184365,4.47193511881424,0.829279641174803,1,"Cul4b","Prg2",0.2,0.04
-0.496253843184365,4.47193511881424,0.829279641174803,1,"Usp33","Prg2",0.2,0.04
-0.496253843184365,4.47193511881424,0.829279641174803,1,"Ubxn2b","Prg2",0.2,0.04
-0.496253843184365,4.47193511881424,0.829279641174803,1,"Cdk5","Prg2",0.2,0.04
-0.496253843184365,4.47193511881424,0.829279641174803,1,"Ube3b","Prg2",0.2,0.04
-0.496253843184365,4.47193511881424,0.829279641174803,1,"Opa3","Prg2",0.2,0.04
-0.496253843184365,4.47193511881424,0.829279641174803,1,"Prr12","Prg2",0.2,0.04
-0.496253843184365,4.47193511881424,0.829279641174803,1,"Tmem41b","Prg2",0.2,0.04
-0.496253843184365,4.47193511881424,0.829279641174803,1,"Sgpl1","Prg2",0.2,0.04
-0.496253843184365,4.47193511881424,0.829279641174803,1,"Dpy19l1","Prg2",0.2,0.04
-0.496253843184365,4.47193511881424,0.829279641174803,1,"Slc25a20","Prg2",0.2,0.04
-0.496253843184365,4.47193511881424,0.829279641174803,1,"Peli1","Prg2",0.2,0.04
-0.496253843184365,4.47193511881424,0.829279641174803,1,"Rffl","Prg2",0.2,0.04
-0.496253843184365,4.47193511881424,0.829279641174803,1,"Timp2","Prg2",0.2,0.04
-0.496253843184365,4.47193511881424,0.829279641174803,1,"Smim13","Prg2",0.2,0.04
-0.496253843184365,4.47193511881424,0.829279641174803,1,"Zfyve21","Prg2",0.2,0.04
-0.496253843184365,4.47193511881424,0.829279641174803,1,"Gtpbp8","Prg2",0.2,0.04
-0.496253843184365,4.47193511881424,0.829279641174803,1,"Fbxo11","Prg2",0.2,0.04
-0.496253843184365,4.47193511881424,0.829279641174803,1,"Afap1l1","Prg2",0.2,0.04
-0.496253843184365,4.47193511881424,0.829279641174803,1,"Entpd7","Prg2",0.2,0.04
-0.496253843184365,4.47193511881424,0.829279641174803,1,"Hif1an","Prg2",0.2,0.04
-0.496253843184365,4.47193511881424,0.829279641174803,1,"Twnk","Prg2",0.2,0.04
0.390472592039994,4.43126221646729,0.829279641174803,1,"Mrrf","Prg2",0.2,0.04
0.390472592039994,4.43126221646729,0.829279641174803,1,"Pdhx","Prg2",0.2,0.04
0.390472592039994,4.43126221646729,0.829279641174803,1,"Katnbl1","Prg2",0.2,0.04
0.390472592039994,4.43126221646729,0.829279641174803,1,"Trp53bp1","Prg2",0.2,0.04
0.390472592039994,4.43126221646729,0.829279641174803,1,"Zfp120","Prg2",0.2,0.04
0.390472592039994,4.43126221646729,0.829279641174803,1,"Acss1","Prg2",0.2,0.04
0.390472592039994,4.43126221646729,0.829279641174803,1,"Fam210b","Prg2",0.2,0.04
0.390472592039994,4.43126221646729,0.829279641174803,1,"Aurka","Prg2",0.2,0.04
0.390472592039994,4.43126221646729,0.829279641174803,1,"Wdr45","Prg2",0.2,0.04
0.390472592039994,4.43126221646729,0.829279641174803,1,"Xk","Prg2",0.2,0.04
0.390472592039994,4.43126221646729,0.829279641174803,1,"Cog6","Prg2",0.2,0.04
0.390472592039994,4.43126221646729,0.829279641174803,1,"Pex11b","Prg2",0.2,0.04
0.390472592039994,4.43126221646729,0.829279641174803,1,"Manea","Prg2",0.2,0.04
0.390472592039994,4.43126221646729,0.829279641174803,1,"Amn1","Prg2",0.2,0.04
0.390472592039994,4.43126221646729,0.829279641174803,1,"Ccdc9","Prg2",0.2,0.04
0.390472592039994,4.43126221646729,0.829279641174803,1,"Arap1","Prg2",0.2,0.04
0.390472592039994,4.43126221646729,0.829279641174803,1,"Wdr11","Prg2",0.2,0.04
0.390472592039994,4.43126221646729,0.829279641174803,1,"Pofut2","Prg2",0.2,0.04
0.390472592039994,4.43126221646729,0.829279641174803,1,"Nemp1","Prg2",0.2,0.04
0.390472592039994,4.43126221646729,0.829279641174803,1,"Dennd6a","Prg2",0.2,0.04
0.390472592039994,4.43126221646729,0.829279641174803,1,"Ctdspl","Prg2",0.2,0.04
0.390472592039994,4.43126221646729,0.829279641174803,1,"Jade2","Prg2",0.2,0.04
0.390472592039994,4.43126221646729,0.829279641174803,1,"Gm47754","Prg2",0.2,0.04
0.390472592039994,4.43126221646729,0.829279641174803,1,"Dscr3","Prg2",0.2,0.04
0.390472592039994,4.43126221646729,0.829279641174803,1,"H2-Q6","Prg2",0.2,0.04
0.390472592039994,4.43126221646729,0.829279641174803,1,"Cchcr1","Prg2",0.2,0.04
0.390472592039994,4.43126221646729,0.829279641174803,1,"Fam53c","Prg2",0.2,0.04
0.390472592039994,4.43126221646729,0.829279641174803,1,"Fech","Prg2",0.2,0.04
-0.37241726458836,4.40596811467347,0.829279641174803,1,"Pex16","Prg2",0.2,0.04
-0.37241726458836,4.40596811467347,0.829279641174803,1,"Slc20a1","Prg2",0.2,0.04
-0.37241726458836,4.40596811467347,0.829279641174803,1,"Slc17a9","Prg2",0.2,0.04
-0.37241726458836,4.40596811467347,0.829279641174803,1,"Slc33a1","Prg2",0.2,0.04
-0.37241726458836,4.40596811467347,0.829279641174803,1,"Tmem68","Prg2",0.2,0.04
-0.37241726458836,4.40596811467347,0.829279641174803,1,"Tesk1","Prg2",0.2,0.04
-0.37241726458836,4.40596811467347,0.829279641174803,1,"Aak1","Prg2",0.2,0.04
-0.37241726458836,4.40596811467347,0.829279641174803,1,"Phc1","Prg2",0.2,0.04
-0.37241726458836,4.40596811467347,0.829279641174803,1,"Mcm9","Prg2",0.2,0.04
-0.37241726458836,4.40596811467347,0.829279641174803,1,"Thap1","Prg2",0.2,0.04
-0.37241726458836,4.40596811467347,0.829279641174803,1,"Vac14","Prg2",0.2,0.04
-0.37241726458836,4.40596811467347,0.829279641174803,1,"Fbxo31","Prg2",0.2,0.04
-0.37241726458836,4.40596811467347,0.829279641174803,1,"Cenpj","Prg2",0.2,0.04
-0.37241726458836,4.40596811467347,0.829279641174803,1,"Tbc1d4","Prg2",0.2,0.04
-0.37241726458836,4.40596811467347,0.829279641174803,1,"Mtmr2","Prg2",0.2,0.04
-0.37241726458836,4.40596811467347,0.829279641174803,1,"Tex9","Prg2",0.2,0.04
-0.37241726458836,4.40596811467347,0.829279641174803,1,"Sec22c","Prg2",0.2,0.04
-0.37241726458836,4.40596811467347,0.829279641174803,1,"Sfi1","Prg2",0.2,0.04
-0.37241726458836,4.40596811467347,0.829279641174803,1,"Urgcp","Prg2",0.2,0.04
-0.37241726458836,4.40596811467347,0.829279641174803,1,"Spdl1","Prg2",0.2,0.04
-0.37241726458836,4.40596811467347,0.829279641174803,1,"Zkscan17","Prg2",0.2,0.04
-0.37241726458836,4.40596811467347,0.829279641174803,1,"Scrn2","Prg2",0.2,0.04
-0.37241726458836,4.40596811467347,0.829279641174803,1,"Entpd5","Prg2",0.2,0.04
-0.37241726458836,4.40596811467347,0.829279641174803,1,"E4f1","Prg2",0.2,0.04
-0.37241726458836,4.40596811467347,0.829279641174803,1,"Rhot2","Prg2",0.2,0.04
-0.37241726458836,4.40596811467347,0.829279641174803,1,"Atat1","Prg2",0.2,0.04
-0.37241726458836,4.40596811467347,0.829279641174803,1,"Ppp4r1","Prg2",0.2,0.04
-0.37241726458836,4.40596811467347,0.829279641174803,1,"Smad7","Prg2",0.2,0.04
-0.37241726458836,4.40596811467347,0.829279641174803,1,"Gpr137","Prg2",0.2,0.04
-0.37241726458836,4.40596811467347,0.829279641174803,1,"Dtx4","Prg2",0.2,0.04
-0.37241726458836,4.40596811467347,0.829279641174803,1,"Frat1","Prg2",0.2,0.04
-0.194139120606444,5.75602754337379,0.82973091766742,1,"Ogfr","Prg2",0.2,0.04
-0.194139120606444,5.75602754337379,0.82973091766742,1,"Rab6a","Prg2",0.2,0.04
-0.194139120606444,5.75602754337379,0.82973091766742,1,"Pigyl","Prg2",0.2,0.04
-0.111206043401241,7.61604037269169,0.829804396369322,1,"Man2b1","Prg2",0.2,0.04
-0.103914640934167,8.81191210560908,0.830065340169162,1,"Park7","Prg2",0.2,0.04
0.088694500917584,12.8432916154087,0.830222593808618,1,"mt-Co2","Prg2",0.2,0.04
-0.113877085111121,8.08367814221784,0.831655030589137,1,"Tcp1","Prg2",0.2,0.04
-0.161056841654962,6.4923535778046,0.832732032536935,1,"Tcea1","Prg2",0.2,0.04
-0.125347884834394,7.64542302114558,0.833177556115273,1,"Hp1bp3","Prg2",0.2,0.04
0.11417924741335,7.64687851540307,0.833177556115274,1,"Prrc2c","Prg2",0.2,0.04
-0.127572095457673,7.3596469314871,0.833285178221525,1,"Rbm8a","Prg2",0.2,0.04
0.112983505518778,7.90241265664162,0.834444848323611,1,"Capzb","Prg2",0.2,0.04
-0.196922786267952,5.8379322330001,0.835033156634794,1,"Ssbp3","Prg2",0.2,0.04
-0.196922786267952,5.8379322330001,0.835033156634794,1,"Trappc10","Prg2",0.2,0.04
-0.196922786267952,5.8379322330001,0.835033156634794,1,"Ern1","Prg2",0.2,0.04
-0.196922786267952,5.8379322330001,0.835033156634794,1,"Rcor1","Prg2",0.2,0.04
-0.196922786267952,5.8379322330001,0.835033156634794,1,"H2-Q7","Prg2",0.2,0.04
-0.196922786267952,5.8379322330001,0.835033156634794,1,"Polr1c","Prg2",0.2,0.04
-0.15274232100707,5.81391290734949,0.835033156634794,1,"Ppa2","Prg2",0.2,0.04
-0.15274232100707,5.81391290734949,0.835033156634794,1,"Trmt1","Prg2",0.2,0.04
-0.15274232100707,5.81391290734949,0.835033156634794,1,"2610507B11Rik","Prg2",0.2,0.04
-0.15274232100707,5.81391290734949,0.835033156634794,1,"Tst","Prg2",0.2,0.04
-0.15274232100707,5.81391290734949,0.835033156634794,1,"Ppil1","Prg2",0.2,0.04
0.148186996084538,5.8061953361582,0.835033156634794,1,"Mmadhc","Prg2",0.2,0.04
0.148186996084538,5.8061953361582,0.835033156634794,1,"Adrm1","Prg2",0.2,0.04
0.148186996084538,5.8061953361582,0.835033156634794,1,"Mrpl4","Prg2",0.2,0.04
0.148186996084538,5.8061953361582,0.835033156634794,1,"Pdcd2","Prg2",0.2,0.04
-0.115275220379984,7.37929480068453,0.835249456667188,1,"Esd","Prg2",0.2,0.04
0.143854534264605,6.51721723097774,0.836061817525458,1,"Nans","Prg2",0.2,0.04
0.143854534264605,6.51721723097774,0.836061817525458,1,"Stxbp2","Prg2",0.2,0.04
0.114800430393035,6.53171383103033,0.836061817525458,1,"Cinp","Prg2",0.2,0.04
-0.163879376131574,6.54199535823387,0.836061817525458,1,"Copb1","Prg2",0.2,0.04
0.100716239701393,8.49106001351473,0.838419704690812,1,"G3bp1","Prg2",0.2,0.04
-0.117657625285422,7.40631926041962,0.83904188976388,1,"Stt3b","Prg2",0.2,0.04
-0.141045083071708,6.5761607286822,0.839258958120713,1,"R3hdm1","Prg2",0.2,0.04
-0.141045083071708,6.5761607286822,0.839258958120713,1,"Ufsp2","Prg2",0.2,0.04
0.0857952280080569,10.2815139415523,0.839514551817194,1,"Oaz1","Prg2",0.2,0.04
0.173186317354436,5.86254796031455,0.83999916882682,1,"Abcb10","Prg2",0.2,0.04
0.0986294871272796,8.65029633675506,0.840320482174243,1,"Prdx1","Prg2",0.2,0.04
0.117306058765915,7.72288256728141,0.841052938323863,1,"Anp32e","Prg2",0.2,0.04
0.101200634574127,8.35044122885816,0.84115932459356,1,"Bsg","Prg2",0.2,0.04
0.43122964623922,4.57151089995312,0.841170611441235,1,"Traf2","Prg2",0.2,0.04
0.43122964623922,4.57151089995312,0.841170611441235,1,"Fubp3","Prg2",0.2,0.04
0.43122964623922,4.57151089995312,0.841170611441235,1,"Dtwd1","Prg2",0.2,0.04
0.43122964623922,4.57151089995312,0.841170611441235,1,"Ndrg3","Prg2",0.2,0.04
0.43122964623922,4.57151089995312,0.841170611441235,1,"Snx12","Prg2",0.2,0.04
0.43122964623922,4.57151089995312,0.841170611441235,1,"Proser1","Prg2",0.2,0.04
0.43122964623922,4.57151089995312,0.841170611441235,1,"Dclre1b","Prg2",0.2,0.04
0.43122964623922,4.57151089995312,0.841170611441235,1,"Rnpc3","Prg2",0.2,0.04
0.43122964623922,4.57151089995312,0.841170611441235,1,"Slc35a3","Prg2",0.2,0.04
0.43122964623922,4.57151089995312,0.841170611441235,1,"Pgam5","Prg2",0.2,0.04
0.43122964623922,4.57151089995312,0.841170611441235,1,"Mxd1","Prg2",0.2,0.04
0.43122964623922,4.57151089995312,0.841170611441235,1,"Ccdc77","Prg2",0.2,0.04
0.43122964623922,4.57151089995312,0.841170611441235,1,"Bnip3","Prg2",0.2,0.04
0.43122964623922,4.57151089995312,0.841170611441235,1,"Map7","Prg2",0.2,0.04
0.43122964623922,4.57151089995312,0.841170611441235,1,"Atp11a","Prg2",0.2,0.04
0.43122964623922,4.57151089995312,0.841170611441235,1,"Rasa3","Prg2",0.2,0.04
0.43122964623922,4.57151089995312,0.841170611441235,1,"Pskh1","Prg2",0.2,0.04
0.43122964623922,4.57151089995312,0.841170611441235,1,"Mtmr6","Prg2",0.2,0.04
0.43122964623922,4.57151089995312,0.841170611441235,1,"Myo1c","Prg2",0.2,0.04
0.43122964623922,4.57151089995312,0.841170611441235,1,"Myo18a","Prg2",0.2,0.04
0.43122964623922,4.57151089995312,0.841170611441235,1,"Hdac5","Prg2",0.2,0.04
0.43122964623922,4.57151089995312,0.841170611441235,1,"Idi1","Prg2",0.2,0.04
0.43122964623922,4.57151089995312,0.841170611441235,1,"Fam8a1","Prg2",0.2,0.04
0.43122964623922,4.57151089995312,0.841170611441235,1,"Zfp369","Prg2",0.2,0.04
0.43122964623922,4.57151089995312,0.841170611441235,1,"Hmgcs1","Prg2",0.2,0.04
0.43122964623922,4.57151089995312,0.841170611441235,1,"2700049A03Rik","Prg2",0.2,0.04
0.43122964623922,4.57151089995312,0.841170611441235,1,"Mpp5","Prg2",0.2,0.04
0.43122964623922,4.57151089995312,0.841170611441235,1,"5033406O09Rik","Prg2",0.2,0.04
0.43122964623922,4.57151089995312,0.841170611441235,1,"Nrxn1","Prg2",0.2,0.04
0.43122964623922,4.57151089995312,0.841170611441235,1,"Mbp","Prg2",0.2,0.04
0.43122964623922,4.57151089995312,0.841170611441235,1,"Lzts2","Prg2",0.2,0.04
-0.351652176890812,4.60676519082896,0.841170611441235,1,"Npl","Prg2",0.2,0.04
-0.351652176890812,4.60676519082896,0.841170611441235,1,"Tmem250-ps","Prg2",0.2,0.04
-0.351652176890812,4.60676519082896,0.841170611441235,1,"Plekhf2","Prg2",0.2,0.04
-0.351652176890812,4.60676519082896,0.841170611441235,1,"Car9","Prg2",0.2,0.04
-0.351652176890812,4.60676519082896,0.841170611441235,1,"Rgs12","Prg2",0.2,0.04
-0.351652176890812,4.60676519082896,0.841170611441235,1,"Golga3","Prg2",0.2,0.04
-0.351652176890812,4.60676519082896,0.841170611441235,1,"Wasl","Prg2",0.2,0.04
-0.351652176890812,4.60676519082896,0.841170611441235,1,"Gm37494","Prg2",0.2,0.04
-0.351652176890812,4.60676519082896,0.841170611441235,1,"Pak1","Prg2",0.2,0.04
-0.351652176890812,4.60676519082896,0.841170611441235,1,"Srcap","Prg2",0.2,0.04
-0.351652176890812,4.60676519082896,0.841170611441235,1,"Phkg2","Prg2",0.2,0.04
-0.351652176890812,4.60676519082896,0.841170611441235,1,"Frs2","Prg2",0.2,0.04
-0.351652176890812,4.60676519082896,0.841170611441235,1,"Ddit3","Prg2",0.2,0.04
-0.351652176890812,4.60676519082896,0.841170611441235,1,"Mlycd","Prg2",0.2,0.04
-0.351652176890812,4.60676519082896,0.841170611441235,1,"Acad8","Prg2",0.2,0.04
-0.351652176890812,4.60676519082896,0.841170611441235,1,"Selenom","Prg2",0.2,0.04
-0.351652176890812,4.60676519082896,0.841170611441235,1,"Acot13","Prg2",0.2,0.04
-0.351652176890812,4.60676519082896,0.841170611441235,1,"Agtpbp1","Prg2",0.2,0.04
-0.351652176890812,4.60676519082896,0.841170611441235,1,"Irak4","Prg2",0.2,0.04
-0.351652176890812,4.60676519082896,0.841170611441235,1,"Gnptg","Prg2",0.2,0.04
-0.351652176890812,4.60676519082896,0.841170611441235,1,"Ythdc2","Prg2",0.2,0.04
0.295756663638924,4.63089874446051,0.841170611441235,1,"Zcchc2","Prg2",0.2,0.04
0.295756663638924,4.63089874446051,0.841170611441235,1,"Usf1","Prg2",0.2,0.04
0.295756663638924,4.63089874446051,0.841170611441235,1,"Map3k20","Prg2",0.2,0.04
0.295756663638924,4.63089874446051,0.841170611441235,1,"C1galt1c1","Prg2",0.2,0.04
0.295756663638924,4.63089874446051,0.841170611441235,1,"Tsc22d3","Prg2",0.2,0.04
0.295756663638924,4.63089874446051,0.841170611441235,1,"Trim59","Prg2",0.2,0.04
0.295756663638924,4.63089874446051,0.841170611441235,1,"Tnfaip8l2","Prg2",0.2,0.04
0.295756663638924,4.63089874446051,0.841170611441235,1,"Chd1l","Prg2",0.2,0.04
0.295756663638924,4.63089874446051,0.841170611441235,1,"Dhcr24","Prg2",0.2,0.04
0.295756663638924,4.63089874446051,0.841170611441235,1,"Fam76a","Prg2",0.2,0.04
0.295756663638924,4.63089874446051,0.841170611441235,1,"Cdc7","Prg2",0.2,0.04
0.295756663638924,4.63089874446051,0.841170611441235,1,"Ints4","Prg2",0.2,0.04
0.295756663638924,4.63089874446051,0.841170611441235,1,"Cln3","Prg2",0.2,0.04
0.295756663638924,4.63089874446051,0.841170611441235,1,"Papd5","Prg2",0.2,0.04
0.295756663638924,4.63089874446051,0.841170611441235,1,"Pgm3","Prg2",0.2,0.04
0.295756663638924,4.63089874446051,0.841170611441235,1,"Dhrs7b","Prg2",0.2,0.04
0.295756663638924,4.63089874446051,0.841170611441235,1,"Ndel1","Prg2",0.2,0.04
0.295756663638924,4.63089874446051,0.841170611441235,1,"Spag5","Prg2",0.2,0.04
0.295756663638924,4.63089874446051,0.841170611441235,1,"Dcakd","Prg2",0.2,0.04
0.295756663638924,4.63089874446051,0.841170611441235,1,"Cdyl","Prg2",0.2,0.04
0.295756663638924,4.63089874446051,0.841170611441235,1,"Zfp738","Prg2",0.2,0.04
0.295756663638924,4.63089874446051,0.841170611441235,1,"Taf1b","Prg2",0.2,0.04
0.295756663638924,4.63089874446051,0.841170611441235,1,"Gemin2","Prg2",0.2,0.04
0.295756663638924,4.63089874446051,0.841170611441235,1,"Nde1","Prg2",0.2,0.04
0.295756663638924,4.63089874446051,0.841170611441235,1,"Spidr","Prg2",0.2,0.04
0.295756663638924,4.63089874446051,0.841170611441235,1,"Kpna1","Prg2",0.2,0.04
0.295756663638924,4.63089874446051,0.841170611441235,1,"Btbd9","Prg2",0.2,0.04
0.295756663638924,4.63089874446051,0.841170611441235,1,"Prr3","Prg2",0.2,0.04
0.295756663638924,4.63089874446051,0.841170611441235,1,"Chmp1b","Prg2",0.2,0.04
0.145608034107556,6.60008358025668,0.842331368715281,1,"Copz1","Prg2",0.2,0.04
-0.100269783207027,7.73663900853446,0.842539595481456,1,"Itga2b","Prg2",0.2,0.04
-0.108376231454435,7.4515400847079,0.842663101130444,1,"Nol7","Prg2",0.2,0.04
0.134240353137257,7.08583626834552,0.842693599942015,1,"Ranbp2","Prg2",0.2,0.04
-0.121169736065871,7.09592136139899,0.842693599942016,1,"0610012G03Rik","Prg2",0.2,0.04
-0.103282745997431,7.08636189462168,0.842693599942016,1,"Tacc1","Prg2",0.2,0.04
0.101001430175301,7.98946881852576,0.843652813222335,1,"Gsr","Prg2",0.2,0.04
0.196194932177931,5.91684229479435,0.844661197707157,1,"Dido1","Prg2",0.2,0.04
0.196194932177931,5.91684229479435,0.844661197707157,1,"Ahcyl1","Prg2",0.2,0.04
0.196194932177931,5.91684229479435,0.844661197707157,1,"Ptrh2","Prg2",0.2,0.04
0.196194932177931,5.91684229479435,0.844661197707157,1,"Maf1","Prg2",0.2,0.04
0.196194932177931,5.91684229479435,0.844661197707157,1,"Eif2s3y","Prg2",0.2,0.04
-0.199394237886004,5.91541050089942,0.844661197707157,1,"Pdcl3","Prg2",0.2,0.04
-0.199394237886004,5.91541050089942,0.844661197707157,1,"Rnf2","Prg2",0.2,0.04
-0.199394237886004,5.91541050089942,0.844661197707157,1,"Sat1","Prg2",0.2,0.04
-0.199394237886004,5.91541050089942,0.844661197707157,1,"Pop7","Prg2",0.2,0.04
-0.199394237886004,5.91541050089942,0.844661197707157,1,"Babam1","Prg2",0.2,0.04
-0.199394237886004,5.91541050089942,0.844661197707157,1,"Crebbp","Prg2",0.2,0.04
-0.199394237886004,5.91541050089942,0.844661197707157,1,"Sra1","Prg2",0.2,0.04
0.133029150106764,6.6464512020333,0.845286336369881,1,"Golim4","Prg2",0.2,0.04
0.101765583112928,7.78611580374621,0.846837215279468,1,"Tra2b","Prg2",0.2,0.04
-0.147480446671009,6.66846044790595,0.848130582608713,1,"Mapk14","Prg2",0.2,0.04
-0.162244324537159,5.96743522172816,0.849047368508971,1,"Ppdpf","Prg2",0.2,0.04
-0.162244324537159,5.96743522172816,0.849047368508971,1,"Slc31a2","Prg2",0.2,0.04
-0.162244324537159,5.96743522172816,0.849047368508971,1,"Tm2d3","Prg2",0.2,0.04
-0.162244324537159,5.96743522172816,0.849047368508971,1,"1190007I07Rik","Prg2",0.2,0.04
-0.162244324537159,5.96743522172816,0.849047368508971,1,"Mzt1","Prg2",0.2,0.04
-0.162244324537159,5.96743522172816,0.849047368508971,1,"Dcaf7","Prg2",0.2,0.04
-0.162244324537159,5.96743522172816,0.849047368508971,1,"Ep300","Prg2",0.2,0.04
-0.162244324537159,5.96743522172816,0.849047368508971,1,"Zfp397","Prg2",0.2,0.04
-0.162244324537159,5.96743522172816,0.849047368508971,1,"Iws1","Prg2",0.2,0.04
0.11723054934899,7.15148327307078,0.849089916168839,1,"Trim28","Prg2",0.2,0.04
-0.12658097122489,7.16086398630865,0.849089916168839,1,"Dpy30","Prg2",0.2,0.04
-0.109539151010338,7.15174572638549,0.849089916168839,1,"Glrx5","Prg2",0.2,0.04
-0.10213773432671,7.52034961576669,0.849436364080918,1,"Eif3b","Prg2",0.2,0.04
-0.10213773432671,7.52034961576669,0.849436364080918,1,"Thoc7","Prg2",0.2,0.04
-0.10213773432671,7.52034961576669,0.849436364080918,1,"Nktr","Prg2",0.2,0.04
-0.0796149100945927,11.2837778600511,0.850341370049983,1,"Rpl5","Prg2",0.2,0.04
0.121247184691471,6.69135732257932,0.850870317967257,1,"Ppp1cb","Prg2",0.2,0.04
-0.126997785374649,6.69983957102843,0.850870317967257,1,"Cyb5r4","Prg2",0.2,0.04
0.127405451913272,7.17420285562436,0.851107097499226,1,"Git2","Prg2",0.2,0.04
-0.238088082642831,4.73043842101643,0.851298862305852,1,"Sgk3","Prg2",0.2,0.04
-0.238088082642831,4.73043842101643,0.851298862305852,1,"Gmppa","Prg2",0.2,0.04
-0.238088082642831,4.73043842101643,0.851298862305852,1,"Pex19","Prg2",0.2,0.04
-0.238088082642831,4.73043842101643,0.851298862305852,1,"Aim2","Prg2",0.2,0.04
-0.238088082642831,4.73043842101643,0.851298862305852,1,"Tmem189","Prg2",0.2,0.04
-0.238088082642831,4.73043842101643,0.851298862305852,1,"Sept6","Prg2",0.2,0.04
-0.238088082642831,4.73043842101643,0.851298862305852,1,"Alg6","Prg2",0.2,0.04
-0.238088082642831,4.73043842101643,0.851298862305852,1,"Lypla2","Prg2",0.2,0.04
-0.238088082642831,4.73043842101643,0.851298862305852,1,"Zfp512","Prg2",0.2,0.04
-0.238088082642831,4.73043842101643,0.851298862305852,1,"Ankrd26","Prg2",0.2,0.04
-0.238088082642831,4.73043842101643,0.851298862305852,1,"Zfp579","Prg2",0.2,0.04
-0.238088082642831,4.73043842101643,0.851298862305852,1,"Tysnd1","Prg2",0.2,0.04
-0.238088082642831,4.73043842101643,0.851298862305852,1,"Tmem199","Prg2",0.2,0.04
-0.238088082642831,4.73043842101643,0.851298862305852,1,"Rnf213","Prg2",0.2,0.04
-0.238088082642831,4.73043842101643,0.851298862305852,1,"Ggps1","Prg2",0.2,0.04
-0.238088082642831,4.73043842101643,0.851298862305852,1,"Ccdc71l","Prg2",0.2,0.04
-0.238088082642831,4.73043842101643,0.851298862305852,1,"Nagpa","Prg2",0.2,0.04
-0.238088082642831,4.73043842101643,0.851298862305852,1,"Wdr4","Prg2",0.2,0.04
-0.238088082642831,4.73043842101643,0.851298862305852,1,"Arl3","Prg2",0.2,0.04
0.130396052394456,6.01210177440125,0.853182340037331,1,"Nrm","Prg2",0.2,0.04
0.135210965950202,6.72240245213933,0.85351129027473,1,"B230219D22Rik","Prg2",0.2,0.04
-0.130473029170485,6.74293341426224,0.85351129027473,1,"Upf3b","Prg2",0.2,0.04
-0.130473029170485,6.74293341426224,0.85351129027473,1,"Ndufs4","Prg2",0.2,0.04
-0.130473029170485,6.74293341426224,0.85351129027473,1,"Dpf2","Prg2",0.2,0.04
-0.107447311927912,6.73057152365222,0.85351129027473,1,"Mien1","Prg2",0.2,0.04
-0.0855921384428469,9.15733368361638,0.854551496495719,1,"Calm1","Prg2",0.2,0.04
0.101702934351586,7.21424344363361,0.854982742009106,1,"Ier3ip1","Prg2",0.2,0.04
-0.0757229110461224,12.264071450479,0.855648337645125,1,"Rps9","Prg2",0.2,0.04
0.104850737205057,7.590481001111,0.855648993270711,1,"Smarca5","Prg2",0.2,0.04
-0.117925286098516,7.24455466300186,0.856845342498402,1,"Ddb1","Prg2",0.2,0.04
0.111680968762378,7.23600831580945,0.856845342498402,1,"Psmd8","Prg2",0.2,0.04
0.0944354334435698,7.24461866273288,0.856845342498402,1,"Khdrbs1","Prg2",0.2,0.04
-0.133517621606269,6.08637679128634,0.85708783444028,1,"2610001J05Rik","Prg2",0.2,0.04
-0.133517621606269,6.08637679128634,0.85708783444028,1,"Hras","Prg2",0.2,0.04
-0.133517621606269,6.08637679128634,0.85708783444028,1,"Ntan1","Prg2",0.2,0.04
0.1526322005591,6.06117666515686,0.85708783444028,1,"Ncapd2","Prg2",0.2,0.04
0.1526322005591,6.06117666515686,0.85708783444028,1,"Sec63","Prg2",0.2,0.04
0.1526322005591,6.06117666515686,0.85708783444028,1,"Wbp4","Prg2",0.2,0.04
0.1526322005591,6.06117666515686,0.85708783444028,1,"Mark2","Prg2",0.2,0.04
-0.0850794753765027,8.95641673011087,0.857216876238943,1,"Atp5f1","Prg2",0.2,0.04
0.0914755675083441,7.91306094125814,0.85960923389409,1,"Rtraf","Prg2",0.2,0.04
0.0736504274855932,12.0482134030405,0.859792622266917,1,"mt-Cytb","Prg2",0.2,0.04
0.225962632034554,4.80595571400483,0.860057187957492,1,"Tmem131","Prg2",0.2,0.04
0.225962632034554,4.80595571400483,0.860057187957492,1,"Degs1","Prg2",0.2,0.04
0.225962632034554,4.80595571400483,0.860057187957492,1,"Blvra","Prg2",0.2,0.04
0.225962632034554,4.80595571400483,0.860057187957492,1,"Gfm1","Prg2",0.2,0.04
0.225962632034554,4.80595571400483,0.860057187957492,1,"Manba","Prg2",0.2,0.04
0.225962632034554,4.80595571400483,0.860057187957492,1,"Phactr4","Prg2",0.2,0.04
0.225962632034554,4.80595571400483,0.860057187957492,1,"Lias","Prg2",0.2,0.04
0.225962632034554,4.80595571400483,0.860057187957492,1,"Vps50","Prg2",0.2,0.04
0.225962632034554,4.80595571400483,0.860057187957492,1,"Fiz1","Prg2",0.2,0.04
0.225962632034554,4.80595571400483,0.860057187957492,1,"Il16","Prg2",0.2,0.04
0.225962632034554,4.80595571400483,0.860057187957492,1,"Slc16a10","Prg2",0.2,0.04
0.225962632034554,4.80595571400483,0.860057187957492,1,"Pcid2","Prg2",0.2,0.04
0.225962632034554,4.80595571400483,0.860057187957492,1,"Rasa2","Prg2",0.2,0.04
0.225962632034554,4.80595571400483,0.860057187957492,1,"Mlh1","Prg2",0.2,0.04
0.225962632034554,4.80595571400483,0.860057187957492,1,"Nbr1","Prg2",0.2,0.04
0.225962632034554,4.80595571400483,0.860057187957492,1,"Zfp277","Prg2",0.2,0.04
0.225962632034554,4.80595571400483,0.860057187957492,1,"Ccnk","Prg2",0.2,0.04
0.225962632034554,4.80595571400483,0.860057187957492,1,"Ano6","Prg2",0.2,0.04
0.225962632034554,4.80595571400483,0.860057187957492,1,"Med15","Prg2",0.2,0.04
0.225962632034554,4.80595571400483,0.860057187957492,1,"Yeats2","Prg2",0.2,0.04
0.225962632034554,4.80595571400483,0.860057187957492,1,"Scaf4","Prg2",0.2,0.04
0.225962632034554,4.80595571400483,0.860057187957492,1,"Scaf8","Prg2",0.2,0.04
0.225962632034554,4.80595571400483,0.860057187957492,1,"Gpatch11","Prg2",0.2,0.04
0.225962632034554,4.80595571400483,0.860057187957492,1,"Zeb1","Prg2",0.2,0.04
-0.146273523259287,4.84465868631701,0.860057187957492,1,"BC003331","Prg2",0.2,0.04
-0.146273523259287,4.84465868631701,0.860057187957492,1,"Itpkb","Prg2",0.2,0.04
-0.146273523259287,4.84465868631701,0.860057187957492,1,"Anapc2","Prg2",0.2,0.04
-0.146273523259287,4.84465868631701,0.860057187957492,1,"Gpr107","Prg2",0.2,0.04
-0.146273523259287,4.84465868631701,0.860057187957492,1,"Zdhhc5","Prg2",0.2,0.04
-0.146273523259287,4.84465868631701,0.860057187957492,1,"Orc3","Prg2",0.2,0.04
-0.146273523259287,4.84465868631701,0.860057187957492,1,"Mul1","Prg2",0.2,0.04
-0.146273523259287,4.84465868631701,0.860057187957492,1,"Noa1","Prg2",0.2,0.04
-0.146273523259287,4.84465868631701,0.860057187957492,1,"Brap","Prg2",0.2,0.04
-0.146273523259287,4.84465868631701,0.860057187957492,1,"Pptc7","Prg2",0.2,0.04
-0.146273523259287,4.84465868631701,0.860057187957492,1,"Trrap","Prg2",0.2,0.04
-0.146273523259287,4.84465868631701,0.860057187957492,1,"Tnfrsf1a","Prg2",0.2,0.04
-0.146273523259287,4.84465868631701,0.860057187957492,1,"D6Wsu163e","Prg2",0.2,0.04
-0.146273523259287,4.84465868631701,0.860057187957492,1,"Mef2a","Prg2",0.2,0.04
-0.146273523259287,4.84465868631701,0.860057187957492,1,"Abca7","Prg2",0.2,0.04
-0.146273523259287,4.84465868631701,0.860057187957492,1,"Fbxo7","Prg2",0.2,0.04
-0.146273523259287,4.84465868631701,0.860057187957492,1,"Cdkn2d","Prg2",0.2,0.04
-0.146273523259287,4.84465868631701,0.860057187957492,1,"Tfdp2","Prg2",0.2,0.04
-0.146273523259287,4.84465868631701,0.860057187957492,1,"Cluh","Prg2",0.2,0.04
-0.146273523259287,4.84465868631701,0.860057187957492,1,"AW209491","Prg2",0.2,0.04
-0.146273523259287,4.84465868631701,0.860057187957492,1,"Kif13a","Prg2",0.2,0.04
-0.146273523259287,4.84465868631701,0.860057187957492,1,"Pacsin2","Prg2",0.2,0.04
-0.146273523259287,4.84465868631701,0.860057187957492,1,"Gramd4","Prg2",0.2,0.04
-0.146273523259287,4.84465868631701,0.860057187957492,1,"N6amt1","Prg2",0.2,0.04
-0.146273523259287,4.84465868631701,0.860057187957492,1,"Lemd2","Prg2",0.2,0.04
-0.146273523259287,4.84465868631701,0.860057187957492,1,"Wdr55","Prg2",0.2,0.04
-0.146273523259287,4.84465868631701,0.860057187957492,1,"Sncaip","Prg2",0.2,0.04
-0.146273523259287,4.84465868631701,0.860057187957492,1,"Arhgap19","Prg2",0.2,0.04
-0.0919709966975965,7.28675361038414,0.860429649953222,1,"Mrps33","Prg2",0.2,0.04
0.173328163532857,6.1086824954468,0.860783071119861,1,"Ube2f","Prg2",0.2,0.04
0.173328163532857,6.1086824954468,0.860783071119861,1,"Fkbp1a","Prg2",0.2,0.04
0.173328163532857,6.1086824954468,0.860783071119861,1,"Znrf2","Prg2",0.2,0.04
0.173328163532857,6.1086824954468,0.860783071119861,1,"Tab2","Prg2",0.2,0.04
0.173328163532857,6.1086824954468,0.860783071119861,1,"Cdkn2aipnl","Prg2",0.2,0.04
0.173328163532857,6.1086824954468,0.860783071119861,1,"Pik3r1","Prg2",0.2,0.04
0.173328163532857,6.1086824954468,0.860783071119861,1,"Dync1h1","Prg2",0.2,0.04
0.133969272200095,6.12819967700179,0.860783071119861,1,"Mtx2","Prg2",0.2,0.04
-0.115180206781659,6.81378412946905,0.860893033931364,1,"Rwdd1","Prg2",0.2,0.04
-0.115180206781659,6.81378412946905,0.860893033931364,1,"Ubtf","Prg2",0.2,0.04
0.0780135891372254,10.0348090471133,0.86173541072736,1,"Hsp90aa1","Prg2",0.2,0.04
0.126428413927827,6.8351332135663,0.863188582785099,1,"Fdx1","Prg2",0.2,0.04
-0.118720089793439,6.85364724123315,0.8631885827851,1,"Strap","Prg2",0.2,0.04
-0.0973960841494972,6.84224302401132,0.8631885827851,1,"Cers2","Prg2",0.2,0.04
0.154326955295717,6.17359773784085,0.864285124672632,1,"Lnpep","Prg2",0.2,0.04
-0.173193734597288,6.17069655431458,0.864285124672632,1,"Abhd17a","Prg2",0.2,0.04
-0.173193734597288,6.17069655431458,0.864285124672632,1,"Azin1","Prg2",0.2,0.04
-0.173193734597288,6.17069655431458,0.864285124672632,1,"Comt","Prg2",0.2,0.04
-0.13855947471196,6.15189892003389,0.864285124672632,1,"Cdc123","Prg2",0.2,0.04
-0.13855947471196,6.15189892003389,0.864285124672632,1,"Fam192a","Prg2",0.2,0.04
0.116281120355038,6.87457826225494,0.865408513482868,1,"Polr2a","Prg2",0.2,0.04
-0.0889238757194924,8.43473831945651,0.865785594262023,1,"Atp5d","Prg2",0.2,0.04
-0.0833904648987864,8.4441695997815,0.866581565098253,1,"Tuba4a","Prg2",0.2,0.04
-0.122066122653551,6.89243250239497,0.867556551379209,1,"Snrpc","Prg2",0.2,0.04
-0.143149322172042,6.21455563434556,0.867609222125752,1,"Arhgef2","Prg2",0.2,0.04
-0.143149322172042,6.21455563434556,0.867609222125752,1,"Mrpl17","Prg2",0.2,0.04
-0.143149322172042,6.21455563434556,0.867609222125752,1,"Irak3","Prg2",0.2,0.04
-0.143149322172042,6.21455563434556,0.867609222125752,1,"2810004N23Rik","Prg2",0.2,0.04
-0.143149322172042,6.21455563434556,0.867609222125752,1,"Rreb1","Prg2",0.2,0.04
-0.325085012888605,4.93971844773182,0.867725287247492,1,"Ralb","Prg2",0.2,0.04
-0.325085012888605,4.93971844773182,0.867725287247492,1,"Ndufaf1","Prg2",0.2,0.04
-0.325085012888605,4.93971844773182,0.867725287247492,1,"Gm14005","Prg2",0.2,0.04
-0.325085012888605,4.93971844773182,0.867725287247492,1,"Hps3","Prg2",0.2,0.04
-0.325085012888605,4.93971844773182,0.867725287247492,1,"Hltf","Prg2",0.2,0.04
-0.325085012888605,4.93971844773182,0.867725287247492,1,"Cep85","Prg2",0.2,0.04
-0.325085012888605,4.93971844773182,0.867725287247492,1,"Chpf2","Prg2",0.2,0.04
-0.325085012888605,4.93971844773182,0.867725287247492,1,"Rnf34","Prg2",0.2,0.04
-0.325085012888605,4.93971844773182,0.867725287247492,1,"Ttyh3","Prg2",0.2,0.04
-0.325085012888605,4.93971844773182,0.867725287247492,1,"Pepd","Prg2",0.2,0.04
-0.325085012888605,4.93971844773182,0.867725287247492,1,"Gpat4","Prg2",0.2,0.04
-0.325085012888605,4.93971844773182,0.867725287247492,1,"Ints10","Prg2",0.2,0.04
-0.325085012888605,4.93971844773182,0.867725287247492,1,"Aars","Prg2",0.2,0.04
-0.325085012888605,4.93971844773182,0.867725287247492,1,"Parg","Prg2",0.2,0.04
-0.325085012888605,4.93971844773182,0.867725287247492,1,"Diaph3","Prg2",0.2,0.04
-0.325085012888605,4.93971844773182,0.867725287247492,1,"Dnajc13","Prg2",0.2,0.04
-0.325085012888605,4.93971844773182,0.867725287247492,1,"Shisa5","Prg2",0.2,0.04
-0.325085012888605,4.93971844773182,0.867725287247492,1,"Bod1","Prg2",0.2,0.04
-0.325085012888605,4.93971844773182,0.867725287247492,1,"Shmt1","Prg2",0.2,0.04
-0.325085012888605,4.93971844773182,0.867725287247492,1,"Mboat1","Prg2",0.2,0.04
-0.325085012888605,4.93971844773182,0.867725287247492,1,"Zfyve26","Prg2",0.2,0.04
-0.325085012888605,4.93971844773182,0.867725287247492,1,"Riox2","Prg2",0.2,0.04
-0.325085012888605,4.93971844773182,0.867725287247492,1,"Mea1","Prg2",0.2,0.04
0.270807788288116,4.91548814058819,0.867725287247492,1,"Pfkfb3","Prg2",0.2,0.04
0.270807788288116,4.91548814058819,0.867725287247492,1,"Tmem203","Prg2",0.2,0.04
0.270807788288116,4.91548814058819,0.867725287247492,1,"Hck","Prg2",0.2,0.04
0.270807788288116,4.91548814058819,0.867725287247492,1,"Ncoa5","Prg2",0.2,0.04
0.270807788288116,4.91548814058819,0.867725287247492,1,"Leprot","Prg2",0.2,0.04
0.270807788288116,4.91548814058819,0.867725287247492,1,"Eif2b4","Prg2",0.2,0.04
0.270807788288116,4.91548814058819,0.867725287247492,1,"Anapc4","Prg2",0.2,0.04
0.270807788288116,4.91548814058819,0.867725287247492,1,"Rgs10","Prg2",0.2,0.04
0.270807788288116,4.91548814058819,0.867725287247492,1,"Elk3","Prg2",0.2,0.04
0.270807788288116,4.91548814058819,0.867725287247492,1,"Cenpu","Prg2",0.2,0.04
0.270807788288116,4.91548814058819,0.867725287247492,1,"Srebf1","Prg2",0.2,0.04
0.270807788288116,4.91548814058819,0.867725287247492,1,"Senp3","Prg2",0.2,0.04
0.270807788288116,4.91548814058819,0.867725287247492,1,"Phf23","Prg2",0.2,0.04
0.270807788288116,4.91548814058819,0.867725287247492,1,"Rad51d","Prg2",0.2,0.04
0.270807788288116,4.91548814058819,0.867725287247492,1,"Faap100","Prg2",0.2,0.04
0.270807788288116,4.91548814058819,0.867725287247492,1,"Nploc4","Prg2",0.2,0.04
0.270807788288116,4.91548814058819,0.867725287247492,1,"Mtr","Prg2",0.2,0.04
0.270807788288116,4.91548814058819,0.867725287247492,1,"Naa35","Prg2",0.2,0.04
0.270807788288116,4.91548814058819,0.867725287247492,1,"Gtf2h2","Prg2",0.2,0.04
0.270807788288116,4.91548814058819,0.867725287247492,1,"Rpp30","Prg2",0.2,0.04
0.270807788288116,4.91548814058819,0.867725287247492,1,"Taf5","Prg2",0.2,0.04
0.172340097687499,4.96182998026038,0.867725287247492,1,"Ncoa6","Prg2",0.2,0.04
0.172340097687499,4.96182998026038,0.867725287247492,1,"Cstf1","Prg2",0.2,0.04
0.172340097687499,4.96182998026038,0.867725287247492,1,"Bhlhb9","Prg2",0.2,0.04
0.172340097687499,4.96182998026038,0.867725287247492,1,"Necap2","Prg2",0.2,0.04
0.172340097687499,4.96182998026038,0.867725287247492,1,"Tmem209","Prg2",0.2,0.04
0.172340097687499,4.96182998026038,0.867725287247492,1,"Nipa2","Prg2",0.2,0.04
0.172340097687499,4.96182998026038,0.867725287247492,1,"Arhgef18","Prg2",0.2,0.04
0.172340097687499,4.96182998026038,0.867725287247492,1,"Pspc1","Prg2",0.2,0.04
0.172340097687499,4.96182998026038,0.867725287247492,1,"Scap","Prg2",0.2,0.04
0.172340097687499,4.96182998026038,0.867725287247492,1,"Fnip1","Prg2",0.2,0.04
0.172340097687499,4.96182998026038,0.867725287247492,1,"Mast4","Prg2",0.2,0.04
0.172340097687499,4.96182998026038,0.867725287247492,1,"Gon7","Prg2",0.2,0.04
0.172340097687499,4.96182998026038,0.867725287247492,1,"Ubr7","Prg2",0.2,0.04
0.172340097687499,4.96182998026038,0.867725287247492,1,"Skp2","Prg2",0.2,0.04
0.172340097687499,4.96182998026038,0.867725287247492,1,"Zc3h7b","Prg2",0.2,0.04
0.172340097687499,4.96182998026038,0.867725287247492,1,"Serhl","Prg2",0.2,0.04
0.172340097687499,4.96182998026038,0.867725287247492,1,"Zbed4","Prg2",0.2,0.04
0.172340097687499,4.96182998026038,0.867725287247492,1,"Il10rb","Prg2",0.2,0.04
0.172340097687499,4.96182998026038,0.867725287247492,1,"Telo2","Prg2",0.2,0.04
0.172340097687499,4.96182998026038,0.867725287247492,1,"Prkd3","Prg2",0.2,0.04
0.0928855379684705,7.73498919343034,0.867908155178466,1,"Hspa9","Prg2",0.2,0.04
-0.105100182021213,6.91941291427896,0.869636178137785,1,"Coa3","Prg2",0.2,0.04
0.0850379587635493,6.92383514730763,0.869636178137785,1,"Rnf187","Prg2",0.2,0.04
0.0869165922283333,7.39918435215989,0.870175000869615,1,"Ube3a","Prg2",0.2,0.04
-0.115037979851834,6.25716525626956,0.870768991294646,1,"Ccnt2","Prg2",0.2,0.04
-0.115037979851834,6.25716525626956,0.870768991294646,1,"Atg3","Prg2",0.2,0.04
0.13700165659117,6.23568022228333,0.870768991294647,1,"Selenot","Prg2",0.2,0.04
0.13700165659117,6.23568022228333,0.870768991294647,1,"Cdk11b","Prg2",0.2,0.04
0.13700165659117,6.23568022228333,0.870768991294647,1,"Bud31","Prg2",0.2,0.04
0.13700165659117,6.23568022228333,0.870768991294647,1,"Twf2","Prg2",0.2,0.04
0.101515450217715,6.25346399236755,0.870768991294647,1,"Sp100","Prg2",0.2,0.04
0.101515450217715,6.25346399236755,0.870768991294647,1,"Ilkap","Prg2",0.2,0.04
0.101515450217715,6.25346399236755,0.870768991294647,1,"Ipo7","Prg2",0.2,0.04
0.101515450217715,6.25346399236755,0.870768991294647,1,"Mvb12a","Prg2",0.2,0.04
-0.108650126657018,6.95649459562848,0.87165065155001,1,"Ddx46","Prg2",0.2,0.04
0.0958849431896272,7.4183697725072,0.871667684278794,1,"Tnfaip8","Prg2",0.2,0.04
-0.094458172516131,7.44415056224117,0.873126242024567,1,"Paics","Prg2",0.2,0.04
-0.092694643846583,6.9823350584272,0.873603023432282,1,"Rrm1","Prg2",0.2,0.04
0.109670071280034,6.97637707771842,0.873603023432283,1,"Fcgr3","Prg2",0.2,0.04
0.109670071280034,6.97637707771842,0.873603023432283,1,"Arid1a","Prg2",0.2,0.04
0.109670071280034,6.97637707771842,0.873603023432283,1,"Srp72","Prg2",0.2,0.04
0.121138809213979,6.29516810162464,0.873776669502367,1,"Drg1","Prg2",0.2,0.04
0.121138809213979,6.29516810162464,0.873776669502367,1,"Sar1b","Prg2",0.2,0.04
0.121138809213979,6.29516810162464,0.873776669502367,1,"Trappc6b","Prg2",0.2,0.04
-0.0867200625853968,7.80799320330212,0.873857789031491,1,"Arglu1","Prg2",0.2,0.04
0.21646219740084,5.06060026496848,0.874508605850185,1,"Rgs2","Prg2",0.2,0.04
0.21646219740084,5.06060026496848,0.874508605850185,1,"Casz1","Prg2",0.2,0.04
0.21646219740084,5.06060026496848,0.874508605850185,1,"Rint1","Prg2",0.2,0.04
0.21646219740084,5.06060026496848,0.874508605850185,1,"Slc8b1","Prg2",0.2,0.04
0.21646219740084,5.06060026496848,0.874508605850185,1,"Paf1","Prg2",0.2,0.04
0.21646219740084,5.06060026496848,0.874508605850185,1,"Heca","Prg2",0.2,0.04
0.21646219740084,5.06060026496848,0.874508605850185,1,"Nup93","Prg2",0.2,0.04
0.21646219740084,5.06060026496848,0.874508605850185,1,"Slmap","Prg2",0.2,0.04
0.21646219740084,5.06060026496848,0.874508605850185,1,"Fam219b","Prg2",0.2,0.04
0.21646219740084,5.06060026496848,0.874508605850185,1,"Exoc7","Prg2",0.2,0.04
0.21646219740084,5.06060026496848,0.874508605850185,1,"Wdr45b","Prg2",0.2,0.04
0.21646219740084,5.06060026496848,0.874508605850185,1,"Hivep1","Prg2",0.2,0.04
0.21646219740084,5.06060026496848,0.874508605850185,1,"Cog5","Prg2",0.2,0.04
0.21646219740084,5.06060026496848,0.874508605850185,1,"Twf1","Prg2",0.2,0.04
0.21646219740084,5.06060026496848,0.874508605850185,1,"B230307C23Rik","Prg2",0.2,0.04
0.21646219740084,5.06060026496848,0.874508605850185,1,"Fem1c","Prg2",0.2,0.04
0.21646219740084,5.06060026496848,0.874508605850185,1,"1110059E24Rik","Prg2",0.2,0.04
-0.238728322832399,5.03907930858923,0.874508605850185,1,"Cops7b","Prg2",0.2,0.04
-0.238728322832399,5.03907930858923,0.874508605850185,1,"Sptan1","Prg2",0.2,0.04
-0.238728322832399,5.03907930858923,0.874508605850185,1,"Rbm18","Prg2",0.2,0.04
-0.238728322832399,5.03907930858923,0.874508605850185,1,"Slc25a12","Prg2",0.2,0.04
-0.238728322832399,5.03907930858923,0.874508605850185,1,"Stx12","Prg2",0.2,0.04
-0.238728322832399,5.03907930858923,0.874508605850185,1,"Pex5","Prg2",0.2,0.04
-0.238728322832399,5.03907930858923,0.874508605850185,1,"Cd2bp2","Prg2",0.2,0.04
-0.238728322832399,5.03907930858923,0.874508605850185,1,"Mfsd12","Prg2",0.2,0.04
-0.238728322832399,5.03907930858923,0.874508605850185,1,"Dohh","Prg2",0.2,0.04
-0.238728322832399,5.03907930858923,0.874508605850185,1,"Terf2","Prg2",0.2,0.04
-0.238728322832399,5.03907930858923,0.874508605850185,1,"Slc4a7","Prg2",0.2,0.04
-0.238728322832399,5.03907930858923,0.874508605850185,1,"Parp2","Prg2",0.2,0.04
-0.238728322832399,5.03907930858923,0.874508605850185,1,"Ndfip2","Prg2",0.2,0.04
-0.238728322832399,5.03907930858923,0.874508605850185,1,"Usp3","Prg2",0.2,0.04
-0.238728322832399,5.03907930858923,0.874508605850185,1,"Dhx30","Prg2",0.2,0.04
-0.238728322832399,5.03907930858923,0.874508605850185,1,"Cbx4","Prg2",0.2,0.04
-0.238728322832399,5.03907930858923,0.874508605850185,1,"Pnpla8","Prg2",0.2,0.04
-0.238728322832399,5.03907930858923,0.874508605850185,1,"Tcf20","Prg2",0.2,0.04
-0.238728322832399,5.03907930858923,0.874508605850185,1,"Zfp598","Prg2",0.2,0.04
-0.238728322832399,5.03907930858923,0.874508605850185,1,"Ccdc86","Prg2",0.2,0.04
0.0663763664533686,11.3475156936089,0.875028971061474,1,"Hsp90ab1","Prg2",0.2,0.04
0.121312303161455,7.00196373534075,0.875496155817486,1,"Brd3","Prg2",0.2,0.04
0.121312303161455,7.00196373534075,0.875496155817486,1,"Sltm","Prg2",0.2,0.04
0.100893714818616,7.01216157951698,0.875496155817486,1,"Lmnb1","Prg2",0.2,0.04
-0.151196203934861,6.33220669786559,0.876643279938577,1,"Acads","Prg2",0.2,0.04
-0.151196203934861,6.33220669786559,0.876643279938577,1,"Zfp771","Prg2",0.2,0.04
-0.151196203934861,6.33220669786559,0.876643279938577,1,"Tmem205","Prg2",0.2,0.04
-0.151196203934861,6.33220669786559,0.876643279938577,1,"Zfand5","Prg2",0.2,0.04
0.139607361817383,6.33573295903692,0.876643279938577,1,"Trappc2l","Prg2",0.2,0.04
0.139607361817383,6.33573295903692,0.876643279938577,1,"Dock2","Prg2",0.2,0.04
-0.072439220947541,8.56753181060006,0.87681129810805,1,"Ranbp1","Prg2",0.2,0.04
0.0787798615860922,8.91572342949073,0.877716407956638,1,"Tuba1b","Prg2",0.2,0.04
0.0738307609455297,8.75911478966874,0.877910454712985,1,"Actr3","Prg2",0.2,0.04
-0.125091514236319,6.37156853518147,0.87937878143387,1,"Sec22b","Prg2",0.2,0.04
-0.125091514236319,6.37156853518147,0.87937878143387,1,"Zcchc11","Prg2",0.2,0.04
-0.125091514236319,6.37156853518147,0.87937878143387,1,"Chst12","Prg2",0.2,0.04
-0.0804554431101386,8.1586528460592,0.879675375011189,1,"Uqcr10","Prg2",0.2,0.04
-0.0783275384266847,7.53102394291226,0.879946081741172,1,"Spn","Prg2",0.2,0.04
-0.238953223011617,5.17159503879901,0.880561994065204,1,"Gpd2","Prg2",0.2,0.04
-0.238953223011617,5.17159503879901,0.880561994065204,1,"Qser1","Prg2",0.2,0.04
-0.238953223011617,5.17159503879901,0.880561994065204,1,"Ino80","Prg2",0.2,0.04
-0.238953223011617,5.17159503879901,0.880561994065204,1,"Fam50a","Prg2",0.2,0.04
-0.238953223011617,5.17159503879901,0.880561994065204,1,"Fkbp15","Prg2",0.2,0.04
-0.238953223011617,5.17159503879901,0.880561994065204,1,"Dmtf1","Prg2",0.2,0.04
-0.238953223011617,5.17159503879901,0.880561994065204,1,"Pus7","Prg2",0.2,0.04
-0.238953223011617,5.17159503879901,0.880561994065204,1,"Gpn3","Prg2",0.2,0.04
-0.238953223011617,5.17159503879901,0.880561994065204,1,"Lrp6","Prg2",0.2,0.04
-0.238953223011617,5.17159503879901,0.880561994065204,1,"Kmt5c","Prg2",0.2,0.04
-0.238953223011617,5.17159503879901,0.880561994065204,1,"Ppp2r2d","Prg2",0.2,0.04
-0.238953223011617,5.17159503879901,0.880561994065204,1,"Zufsp","Prg2",0.2,0.04
-0.238953223011617,5.17159503879901,0.880561994065204,1,"Gtf2f2","Prg2",0.2,0.04
-0.238953223011617,5.17159503879901,0.880561994065204,1,"Lactb","Prg2",0.2,0.04
-0.238953223011617,5.17159503879901,0.880561994065204,1,"Ddx56","Prg2",0.2,0.04
-0.238953223011617,5.17159503879901,0.880561994065204,1,"Ttc1","Prg2",0.2,0.04
-0.238953223011617,5.17159503879901,0.880561994065204,1,"Mettl16","Prg2",0.2,0.04
-0.238953223011617,5.17159503879901,0.880561994065204,1,"Znhit3","Prg2",0.2,0.04
-0.238953223011617,5.17159503879901,0.880561994065204,1,"Pja2","Prg2",0.2,0.04
-0.238953223011617,5.17159503879901,0.880561994065204,1,"Rpl9-ps6","Prg2",0.2,0.04
-0.165544474056839,5.13225925031629,0.880561994065204,1,"Usp37","Prg2",0.2,0.04
-0.165544474056839,5.13225925031629,0.880561994065204,1,"Cep170","Prg2",0.2,0.04
-0.165544474056839,5.13225925031629,0.880561994065204,1,"Wipf1","Prg2",0.2,0.04
-0.165544474056839,5.13225925031629,0.880561994065204,1,"Mrgbp","Prg2",0.2,0.04
-0.165544474056839,5.13225925031629,0.880561994065204,1,"Polr3c","Prg2",0.2,0.04
-0.165544474056839,5.13225925031629,0.880561994065204,1,"Ccdc28b","Prg2",0.2,0.04
-0.165544474056839,5.13225925031629,0.880561994065204,1,"Exosc10","Prg2",0.2,0.04
-0.165544474056839,5.13225925031629,0.880561994065204,1,"Vps37b","Prg2",0.2,0.04
-0.165544474056839,5.13225925031629,0.880561994065204,1,"Slc35b4","Prg2",0.2,0.04
-0.165544474056839,5.13225925031629,0.880561994065204,1,"Mrpl46","Prg2",0.2,0.04
-0.165544474056839,5.13225925031629,0.880561994065204,1,"Mbd6","Prg2",0.2,0.04
-0.165544474056839,5.13225925031629,0.880561994065204,1,"Wdr83","Prg2",0.2,0.04
-0.165544474056839,5.13225925031629,0.880561994065204,1,"Tspan3","Prg2",0.2,0.04
-0.165544474056839,5.13225925031629,0.880561994065204,1,"Abt1","Prg2",0.2,0.04
-0.165544474056839,5.13225925031629,0.880561994065204,1,"Sh3bp1","Prg2",0.2,0.04
-0.165544474056839,5.13225925031629,0.880561994065204,1,"Rnaset2b","Prg2",0.2,0.04
-0.165544474056839,5.13225925031629,0.880561994065204,1,"Rab26os","Prg2",0.2,0.04
-0.165544474056839,5.13225925031629,0.880561994065204,1,"Rbbp8","Prg2",0.2,0.04
-0.165544474056839,5.13225925031629,0.880561994065204,1,"Btaf1","Prg2",0.2,0.04
-0.165544474056839,5.13225925031629,0.880561994065204,1,"Hps1","Prg2",0.2,0.04
-0.085171200336719,7.07673297670123,0.880846188394828,1,"Os9","Prg2",0.2,0.04
-0.129539263695561,6.42551812103118,0.881992196265434,1,"Fam162a","Prg2",0.2,0.04
-0.10048515982399,6.40991971212147,0.881992196265434,1,"Itgb1","Prg2",0.2,0.04
-0.10048515982399,6.40991971212147,0.881992196265434,1,"Akt1","Prg2",0.2,0.04
0.0931144251723755,6.40717277482151,0.881992196265434,1,"Krcc1","Prg2",0.2,0.04
0.0931144251723755,6.40717277482151,0.881992196265434,1,"Slc39a7","Prg2",0.2,0.04
-0.0749276946233677,8.4274226710001,0.882083200232003,1,"Paip2","Prg2",0.2,0.04
0.0890228020556197,7.55620513611658,0.882472077190285,1,"Bzw1","Prg2",0.2,0.04
0.114915790914713,7.09543616455851,0.882527673623517,1,"Txn2","Prg2",0.2,0.04
0.0691654721931539,9.13755822473189,0.883979541204057,1,"Hnrnpu","Prg2",0.2,0.04
0.0881387804288854,7.13771326386305,0.8857507121253,1,"Uba2","Prg2",0.2,0.04
-0.0922936156915295,7.14256441635698,0.8857507121253,1,"Hnrnpul2","Prg2",0.2,0.04
0.172621249472564,5.19227395448502,0.886004738639448,1,"Tfb2m","Prg2",0.2,0.04
0.172621249472564,5.19227395448502,0.886004738639448,1,"Arhgap4","Prg2",0.2,0.04
0.172621249472564,5.19227395448502,0.886004738639448,1,"Prps2","Prg2",0.2,0.04
0.172621249472564,5.19227395448502,0.886004738639448,1,"Polr3gl","Prg2",0.2,0.04
0.172621249472564,5.19227395448502,0.886004738639448,1,"Il11ra1","Prg2",0.2,0.04
0.172621249472564,5.19227395448502,0.886004738639448,1,"Fam53a","Prg2",0.2,0.04
0.172621249472564,5.19227395448502,0.886004738639448,1,"Ccdc97","Prg2",0.2,0.04
0.172621249472564,5.19227395448502,0.886004738639448,1,"Med25","Prg2",0.2,0.04
0.172621249472564,5.19227395448502,0.886004738639448,1,"Dna2","Prg2",0.2,0.04
0.172621249472564,5.19227395448502,0.886004738639448,1,"Pwp1","Prg2",0.2,0.04
0.172621249472564,5.19227395448502,0.886004738639448,1,"Vps37a","Prg2",0.2,0.04
0.172621249472564,5.19227395448502,0.886004738639448,1,"Ttc13","Prg2",0.2,0.04
0.172621249472564,5.19227395448502,0.886004738639448,1,"Rab3d","Prg2",0.2,0.04
0.172621249472564,5.19227395448502,0.886004738639448,1,"Flot2","Prg2",0.2,0.04
0.172621249472564,5.19227395448502,0.886004738639448,1,"Tarbp2","Prg2",0.2,0.04
0.172621249472564,5.19227395448502,0.886004738639448,1,"Anks1","Prg2",0.2,0.04
0.172621249472564,5.19227395448502,0.886004738639448,1,"Eif2ak2","Prg2",0.2,0.04
-0.172510504081592,5.25694539983063,0.886004738639448,1,"Uxs1","Prg2",0.2,0.04
-0.172510504081592,5.25694539983063,0.886004738639448,1,"Arhgap1","Prg2",0.2,0.04
-0.172510504081592,5.25694539983063,0.886004738639448,1,"Gripap1","Prg2",0.2,0.04
-0.172510504081592,5.25694539983063,0.886004738639448,1,"Metap1","Prg2",0.2,0.04
-0.172510504081592,5.25694539983063,0.886004738639448,1,"Alg2","Prg2",0.2,0.04
-0.172510504081592,5.25694539983063,0.886004738639448,1,"Rchy1","Prg2",0.2,0.04
-0.172510504081592,5.25694539983063,0.886004738639448,1,"Trafd1","Prg2",0.2,0.04
-0.172510504081592,5.25694539983063,0.886004738639448,1,"Tigd2","Prg2",0.2,0.04
-0.172510504081592,5.25694539983063,0.886004738639448,1,"Egln2","Prg2",0.2,0.04
-0.172510504081592,5.25694539983063,0.886004738639448,1,"Crebzf","Prg2",0.2,0.04
-0.172510504081592,5.25694539983063,0.886004738639448,1,"Dhps","Prg2",0.2,0.04
-0.172510504081592,5.25694539983063,0.886004738639448,1,"Cog8","Prg2",0.2,0.04
-0.172510504081592,5.25694539983063,0.886004738639448,1,"Ero1l","Prg2",0.2,0.04
-0.172510504081592,5.25694539983063,0.886004738639448,1,"Yae1d1","Prg2",0.2,0.04
-0.172510504081592,5.25694539983063,0.886004738639448,1,"Tsta3","Prg2",0.2,0.04
-0.172510504081592,5.25694539983063,0.886004738639448,1,"Trmt10c","Prg2",0.2,0.04
-0.133658120206142,6.4775107489797,0.886884814335414,1,"Stoml2","Prg2",0.2,0.04
-0.133658120206142,6.4775107489797,0.886884814335414,1,"Parvg","Prg2",0.2,0.04
0.127836756325753,6.48143532121851,0.886884814335414,1,"Sdhb","Prg2",0.2,0.04
0.127836756325753,6.48143532121851,0.886884814335414,1,"Sipa1l1","Prg2",0.2,0.04
0.127836756325753,6.48143532121851,0.886884814335414,1,"Prdx3","Prg2",0.2,0.04
-0.0956159150380708,7.17438082356519,0.887296132095361,1,"Brd2","Prg2",0.2,0.04
0.0988887381364565,7.16063603789858,0.887296132095362,1,"Prkcsh","Prg2",0.2,0.04
0.0807771924757446,7.16972586975867,0.887296132095362,1,"Ctbp1","Prg2",0.2,0.04
0.0807771924757446,7.16972586975867,0.887296132095362,1,"Srsf9","Prg2",0.2,0.04
-0.065997600629266,9.19144209670216,0.887766523363641,1,"Ap3s1","Prg2",0.2,0.04
-0.0630236465894148,10.0100800021072,0.888395563998643,1,"Btf3","Prg2",0.2,0.04
0.0914069161841198,7.19215254925491,0.888799886403348,1,"Mrpl52","Prg2",0.2,0.04
0.0708724555667395,8.00444963112029,0.888869053402471,1,"Snu13","Prg2",0.2,0.04
-0.110595212773293,6.5132141537666,0.88917829152507,1,"Taf6l","Prg2",0.2,0.04
0.0884522499249183,7.65966140473622,0.889447578381735,1,"Pdcd4","Prg2",0.2,0.04
-0.0741004204842287,8.03050644734702,0.890604403914636,1,"Cd47","Prg2",0.2,0.04
0.209900861385607,5.27710346092675,0.890930459809348,1,"Cd84","Prg2",0.2,0.04
0.209900861385607,5.27710346092675,0.890930459809348,1,"Isg20l2","Prg2",0.2,0.04
0.209900861385607,5.27710346092675,0.890930459809348,1,"Tet2","Prg2",0.2,0.04
0.209900861385607,5.27710346092675,0.890930459809348,1,"Zdhhc21","Prg2",0.2,0.04
0.209900861385607,5.27710346092675,0.890930459809348,1,"Mtf1","Prg2",0.2,0.04
0.209900861385607,5.27710346092675,0.890930459809348,1,"Usp10","Prg2",0.2,0.04
0.209900861385607,5.27710346092675,0.890930459809348,1,"Anxa11","Prg2",0.2,0.04
0.209900861385607,5.27710346092675,0.890930459809348,1,"Srprb","Prg2",0.2,0.04
0.209900861385607,5.27710346092675,0.890930459809348,1,"Uba7","Prg2",0.2,0.04
0.209900861385607,5.27710346092675,0.890930459809348,1,"Scrib","Prg2",0.2,0.04
0.209900861385607,5.27710346092675,0.890930459809348,1,"Naa40","Prg2",0.2,0.04
0.13649211243083,5.31279231714697,0.890930459809348,1,"Plagl2","Prg2",0.2,0.04
0.13649211243083,5.31279231714697,0.890930459809348,1,"Cep250","Prg2",0.2,0.04
0.13649211243083,5.31279231714697,0.890930459809348,1,"1810030O07Rik","Prg2",0.2,0.04
0.13649211243083,5.31279231714697,0.890930459809348,1,"Lrif1","Prg2",0.2,0.04
0.13649211243083,5.31279231714697,0.890930459809348,1,"Hoxa9","Prg2",0.2,0.04
0.13649211243083,5.31279231714697,0.890930459809348,1,"Slc6a6","Prg2",0.2,0.04
0.13649211243083,5.31279231714697,0.890930459809348,1,"Raf1","Prg2",0.2,0.04
0.13649211243083,5.31279231714697,0.890930459809348,1,"Rbm34","Prg2",0.2,0.04
0.13649211243083,5.31279231714697,0.890930459809348,1,"Sos2","Prg2",0.2,0.04
0.13649211243083,5.31279231714697,0.890930459809348,1,"Tmem229b","Prg2",0.2,0.04
0.13649211243083,5.31279231714697,0.890930459809348,1,"Chmp2b","Prg2",0.2,0.04
0.13649211243083,5.31279231714697,0.890930459809348,1,"H2-T22","Prg2",0.2,0.04
0.13649211243083,5.31279231714697,0.890930459809348,1,"Pank1","Prg2",0.2,0.04
0.0624934335264043,9.48501813513295,0.89116769441347,1,"Atp5h","Prg2",0.2,0.04
0.0863199082148264,6.54605082735801,0.891378382164107,1,"Rheb","Prg2",0.2,0.04
0.0863199082148264,6.54605082735801,0.891378382164107,1,"Csnk1g2","Prg2",0.2,0.04
0.0863199082148264,6.54605082735801,0.891378382164107,1,"Sdf2","Prg2",0.2,0.04
-0.115123273806146,6.56219707157212,0.891378382164107,1,"Snhg6","Prg2",0.2,0.04
-0.115123273806146,6.56219707157212,0.891378382164107,1,"Mtf2","Prg2",0.2,0.04
-0.115123273806146,6.56219707157212,0.891378382164107,1,"Gtf2i","Prg2",0.2,0.04
-0.0887271762596071,6.54808294933959,0.891378382164107,1,"Exosc7","Prg2",0.2,0.04
0.0708537428604208,7.68824231227356,0.891591565858339,1,"Phb2","Prg2",0.2,0.04
-0.10183387448329,7.23597231693537,0.891689021715347,1,"Lsm5","Prg2",0.2,0.04
-0.10183387448329,7.23597231693537,0.891689021715347,1,"Rrp1","Prg2",0.2,0.04
-0.0748884428458521,7.70294305084221,0.892632549398777,1,"Psma1","Prg2",0.2,0.04
-0.0785004475058143,8.33991114216712,0.892709468507123,1,"Srp9","Prg2",0.2,0.04
0.0682745073385834,8.34197101218131,0.892709468507124,1,"Tmem258","Prg2",0.2,0.04
-0.0888335171784116,7.25735148957549,0.893077496196125,1,"Nop53","Prg2",0.2,0.04
-0.0780668421846776,8.06481550291045,0.893107985130776,1,"Eif2s2","Prg2",0.2,0.04
-0.0780668421846776,8.06481550291045,0.893107985130776,1,"Psmb3","Prg2",0.2,0.04
0.102658379493762,6.58027877238691,0.893490798214351,1,"Nup62","Prg2",0.2,0.04
-0.0762307139488365,7.27842643915786,0.894430503426538,1,"Sdf4","Prg2",0.2,0.04
-0.178298803059152,5.37163946254793,0.89541382857693,1,"Pex2","Prg2",0.2,0.04
-0.178298803059152,5.37163946254793,0.89541382857693,1,"Epb41","Prg2",0.2,0.04
-0.178298803059152,5.37163946254793,0.89541382857693,1,"Exoc4","Prg2",0.2,0.04
-0.178298803059152,5.37163946254793,0.89541382857693,1,"Swap70","Prg2",0.2,0.04
-0.178298803059152,5.37163946254793,0.89541382857693,1,"Gnptab","Prg2",0.2,0.04
-0.178298803059152,5.37163946254793,0.89541382857693,1,"Mgat4b","Prg2",0.2,0.04
-0.178298803059152,5.37163946254793,0.89541382857693,1,"Mrpl38","Prg2",0.2,0.04
0.172822635133937,5.39105719287513,0.89541382857693,1,"Impad1","Prg2",0.2,0.04
0.172822635133937,5.39105719287513,0.89541382857693,1,"Il17ra","Prg2",0.2,0.04
0.172822635133937,5.39105719287513,0.89541382857693,1,"Pold3","Prg2",0.2,0.04
0.172822635133937,5.39105719287513,0.89541382857693,1,"Tmem5","Prg2",0.2,0.04
0.172822635133937,5.39105719287513,0.89541382857693,1,"Secisbp2","Prg2",0.2,0.04
0.172822635133937,5.39105719287513,0.89541382857693,1,"Smad5","Prg2",0.2,0.04
0.172822635133937,5.39105719287513,0.89541382857693,1,"Skiv2l","Prg2",0.2,0.04
0.172822635133937,5.39105719287513,0.89541382857693,1,"Neu1","Prg2",0.2,0.04
0.172822635133937,5.39105719287513,0.89541382857693,1,"Fxn","Prg2",0.2,0.04
0.118209312658736,6.61373436224583,0.895520786498078,1,"Ctla2a","Prg2",0.2,0.04
0.0913212468469927,6.62724374291893,0.895520786498078,1,"Snf8","Prg2",0.2,0.04
-0.065875726535904,9.02193583838008,0.897245405987028,1,"Anxa1","Prg2",0.2,0.04
-0.123296774060383,6.65541075224851,0.897473175841295,1,"Tyms","Prg2",0.2,0.04
-0.123296774060383,6.65541075224851,0.897473175841295,1,"Slc38a1","Prg2",0.2,0.04
-0.0987007930255909,6.6422300099893,0.897473175841295,1,"Nenf","Prg2",0.2,0.04
-0.0987007930255909,6.6422300099893,0.897473175841295,1,"Aco2","Prg2",0.2,0.04
0.106633052560225,6.65964730343394,0.897473175841296,1,"Bnip2","Prg2",0.2,0.04
0.0574602171292714,9.19287906974968,0.898097696946617,1,"Slc25a3","Prg2",0.2,0.04
-0.0535949159065077,12.0944215186997,0.898162562518029,1,"Ptma","Prg2",0.2,0.04
-0.103212825529246,6.6870812222603,0.89935241852255,1,"Sbno1","Prg2",0.2,0.04
-0.103212825529246,6.6870812222603,0.89935241852255,1,"Atxn10","Prg2",0.2,0.04
0.205097405185049,5.46541187646909,0.899515247064109,1,"Dgkd","Prg2",0.2,0.04
0.205097405185049,5.46541187646909,0.899515247064109,1,"Siglecg","Prg2",0.2,0.04
0.205097405185049,5.46541187646909,0.899515247064109,1,"Dot1l","Prg2",0.2,0.04
0.205097405185049,5.46541187646909,0.899515247064109,1,"Dync1li1","Prg2",0.2,0.04
0.205097405185049,5.46541187646909,0.899515247064109,1,"Sqstm1","Prg2",0.2,0.04
0.205097405185049,5.46541187646909,0.899515247064109,1,"Map2k3","Prg2",0.2,0.04
0.205097405185049,5.46541187646909,0.899515247064109,1,"Myg1","Prg2",0.2,0.04
-0.18318480218564,5.47782654775835,0.899515247064109,1,"Lactb2","Prg2",0.2,0.04
-0.18318480218564,5.47782654775835,0.899515247064109,1,"Idh1","Prg2",0.2,0.04
-0.18318480218564,5.47782654775835,0.899515247064109,1,"Hax1","Prg2",0.2,0.04
-0.18318480218564,5.47782654775835,0.899515247064109,1,"Rbm28","Prg2",0.2,0.04
-0.18318480218564,5.47782654775835,0.899515247064109,1,"Paip1","Prg2",0.2,0.04
-0.18318480218564,5.47782654775835,0.899515247064109,1,"Cpsf7","Prg2",0.2,0.04
-0.0640691040272685,8.44632151754796,0.899736908049163,1,"H2afj","Prg2",0.2,0.04
0.0516119453142334,13.3006999119741,0.900714460059199,1,"mt-Co3","Prg2",0.2,0.04
-0.0627934603217943,8.20801117993494,0.902750604665199,1,"Rab44","Prg2",0.2,0.04
-0.0557402916814741,10.0549015350894,0.903116736077631,1,"Hsp90b1","Prg2",0.2,0.04
-0.133237509310889,5.54753324840109,0.903284185165758,1,"Smyd2","Prg2",0.2,0.04
-0.133237509310889,5.54753324840109,0.903284185165758,1,"Rnf6","Prg2",0.2,0.04
-0.133237509310889,5.54753324840109,0.903284185165758,1,"Smim10l1","Prg2",0.2,0.04
-0.133237509310889,5.54753324840109,0.903284185165758,1,"Aen","Prg2",0.2,0.04
-0.133237509310889,5.54753324840109,0.903284185165758,1,"Mum1","Prg2",0.2,0.04
-0.133237509310889,5.54753324840109,0.903284185165758,1,"Gnpnat1","Prg2",0.2,0.04
-0.133237509310889,5.54753324840109,0.903284185165758,1,"Jarid2","Prg2",0.2,0.04
-0.133237509310889,5.54753324840109,0.903284185165758,1,"Selenop","Prg2",0.2,0.04
-0.133237509310889,5.54753324840109,0.903284185165758,1,"Tbc1d5","Prg2",0.2,0.04
-0.0650983199538024,8.50646893026776,0.903748716588695,1,"Snrpb","Prg2",0.2,0.04
0.0580319201651099,9.28028649429501,0.904012685364551,1,"Tkt","Prg2",0.2,0.04
0.0808028685020455,7.42591810936699,0.904126774451692,1,"Rbbp4","Prg2",0.2,0.04
0.0808028685020455,7.42591810936699,0.904126774451692,1,"Pbrm1","Prg2",0.2,0.04
-0.0522004200345659,10.7521056644815,0.904340860670081,1,"Actb","Prg2",0.2,0.04
-0.066422568589854,7.88983134362414,0.904542778964865,1,"Fbl","Prg2",0.2,0.04
-0.111429113570589,6.77278133168714,0.904590879668573,1,"Zc3h15","Prg2",0.2,0.04
0.0997878227824574,6.77713644999521,0.904590879668574,1,"Chmp4b","Prg2",0.2,0.04
0.0997878227824574,6.77713644999521,0.904590879668574,1,"Naa10","Prg2",0.2,0.04
0.0997878227824574,6.77713644999521,0.904590879668574,1,"Ubn2","Prg2",0.2,0.04
0.0997878227824574,6.77713644999521,0.904590879668574,1,"Ezh2","Prg2",0.2,0.04
0.0997878227824574,6.77713644999521,0.904590879668574,1,"Abce1","Prg2",0.2,0.04
0.0559440756282095,8.52435322896434,0.904836637977377,1,"Uqcrq","Prg2",0.2,0.04
0.114455735065683,5.59477540117101,0.906761607721596,1,"Rhno1","Prg2",0.2,0.04
0.114455735065683,5.59477540117101,0.906761607721596,1,"Nsmce3","Prg2",0.2,0.04
0.114455735065683,5.59477540117101,0.906761607721596,1,"Rnf111","Prg2",0.2,0.04
0.114455735065683,5.59477540117101,0.906761607721596,1,"Nat6","Prg2",0.2,0.04
0.114455735065683,5.59477540117101,0.906761607721596,1,"Dus1l","Prg2",0.2,0.04
0.114455735065683,5.59477540117101,0.906761607721596,1,"Atxn7l1","Prg2",0.2,0.04
0.114455735065683,5.59477540117101,0.906761607721596,1,"Eml5","Prg2",0.2,0.04
0.0598031730249022,7.92887762701932,0.906924290752224,1,"Snrnp70","Prg2",0.2,0.04
0.089988210745175,6.81816592951734,0.90778517301614,1,"Yy1","Prg2",0.2,0.04
0.0669624935026014,6.8298085397619,0.90778517301614,1,"Lrrfip1","Prg2",0.2,0.04
-0.0577921125920261,8.59321490284658,0.908952997054217,1,"Swi5","Prg2",0.2,0.04
0.0807387090253786,6.85804859652886,0.909302063840326,1,"Nfkb1","Prg2",0.2,0.04
0.145191939862391,5.65962911942233,0.909981771976109,1,"Fam117b","Prg2",0.2,0.04
0.145191939862391,5.65962911942233,0.909981771976109,1,"Gle1","Prg2",0.2,0.04
0.145191939862391,5.65962911942233,0.909981771976109,1,"Dpm2","Prg2",0.2,0.04
0.145191939862391,5.65962911942233,0.909981771976109,1,"Pold2","Prg2",0.2,0.04
0.145191939862391,5.65962911942233,0.909981771976109,1,"Mib1","Prg2",0.2,0.04
-0.190980083539613,5.66915868145537,0.909981771976109,1,"Dnlz","Prg2",0.2,0.04
-0.190980083539613,5.66915868145537,0.909981771976109,1,"Lockd","Prg2",0.2,0.04
-0.190980083539613,5.66915868145537,0.909981771976109,1,"Cib1","Prg2",0.2,0.04
-0.190980083539613,5.66915868145537,0.909981771976109,1,"Aff4","Prg2",0.2,0.04
-0.190980083539613,5.66915868145537,0.909981771976109,1,"Golph3","Prg2",0.2,0.04
-0.190980083539613,5.66915868145537,0.909981771976109,1,"Ppp1r10","Prg2",0.2,0.04
-0.140631678367864,5.64194075479117,0.909981771976109,1,"Upf2","Prg2",0.2,0.04
-0.140631678367864,5.64194075479117,0.909981771976109,1,"Emd","Prg2",0.2,0.04
-0.140631678367864,5.64194075479117,0.909981771976109,1,"Mfsd14a","Prg2",0.2,0.04
-0.140631678367864,5.64194075479117,0.909981771976109,1,"Bcl10","Prg2",0.2,0.04
-0.140631678367864,5.64194075479117,0.909981771976109,1,"Casd1","Prg2",0.2,0.04
-0.140631678367864,5.64194075479117,0.909981771976109,1,"Vta1","Prg2",0.2,0.04
-0.140631678367864,5.64194075479117,0.909981771976109,1,"2310011J03Rik","Prg2",0.2,0.04
-0.140631678367864,5.64194075479117,0.909981771976109,1,"Sap30l","Prg2",0.2,0.04
-0.140631678367864,5.64194075479117,0.909981771976109,1,"Erap1","Prg2",0.2,0.04
0.0647427400611697,7.99165309043889,0.910639236747398,1,"C1qbp","Prg2",0.2,0.04
-0.0846815936783736,6.90854015272294,0.912188541044042,1,"Stx3","Prg2",0.2,0.04
-0.147075930027122,5.73050654314686,0.912973580141125,1,"Ppp1r7","Prg2",0.2,0.04
-0.147075930027122,5.73050654314686,0.912973580141125,1,"Trim33","Prg2",0.2,0.04
-0.147075930027122,5.73050654314686,0.912973580141125,1,"Kcmf1","Prg2",0.2,0.04
-0.147075930027122,5.73050654314686,0.912973580141125,1,"Krr1","Prg2",0.2,0.04
-0.147075930027122,5.73050654314686,0.912973580141125,1,"Ccnb2","Prg2",0.2,0.04
0.173091882300129,5.72177512849001,0.912973580141126,1,"Lin7c","Prg2",0.2,0.04
0.173091882300129,5.72177512849001,0.912973580141126,1,"Hspa4l","Prg2",0.2,0.04
0.173091882300129,5.72177512849001,0.912973580141126,1,"Gars","Prg2",0.2,0.04
0.173091882300129,5.72177512849001,0.912973580141126,1,"Chd2","Prg2",0.2,0.04
0.173091882300129,5.72177512849001,0.912973580141126,1,"Cisd1","Prg2",0.2,0.04
0.173091882300129,5.72177512849001,0.912973580141126,1,"Coq9","Prg2",0.2,0.04
0.173091882300129,5.72177512849001,0.912973580141126,1,"Ap2b1","Prg2",0.2,0.04
0.120922638782881,5.74762410114522,0.912973580141126,1,"Wdfy1","Prg2",0.2,0.04
0.120922638782881,5.74762410114522,0.912973580141126,1,"Angel2","Prg2",0.2,0.04
0.120922638782881,5.74762410114522,0.912973580141126,1,"Snrnp200","Prg2",0.2,0.04
0.120922638782881,5.74762410114522,0.912973580141126,1,"Xiap","Prg2",0.2,0.04
0.120922638782881,5.74762410114522,0.912973580141126,1,"Zfp593","Prg2",0.2,0.04
0.120922638782881,5.74762410114522,0.912973580141126,1,"2510039O18Rik","Prg2",0.2,0.04
0.120922638782881,5.74762410114522,0.912973580141126,1,"Pon2","Prg2",0.2,0.04
0.120922638782881,5.74762410114522,0.912973580141126,1,"Stim1","Prg2",0.2,0.04
0.120922638782881,5.74762410114522,0.912973580141126,1,"Tpp1","Prg2",0.2,0.04
0.120922638782881,5.74762410114522,0.912973580141126,1,"Ascc1","Prg2",0.2,0.04
0.120922638782881,5.74762410114522,0.912973580141126,1,"Ints6","Prg2",0.2,0.04
0.120922638782881,5.74762410114522,0.912973580141126,1,"Ccm2","Prg2",0.2,0.04
0.120922638782881,5.74762410114522,0.912973580141126,1,"Adprh","Prg2",0.2,0.04
-0.0610887834511865,7.58959645336502,0.913093525723385,1,"Mrpl18","Prg2",0.2,0.04
-0.0686599788385602,6.93524453827428,0.913562890043233,1,"Zranb2","Prg2",0.2,0.04
0.0637139531196074,6.93461937480437,0.913562890043233,1,"S100a13","Prg2",0.2,0.04
0.0637139531196074,6.93461937480437,0.913562890043233,1,"Cdv3","Prg2",0.2,0.04
0.0781722191110339,7.60378911890826,0.913986739761522,1,"Eif4h","Prg2",0.2,0.04
0.0781722191110339,7.60378911890826,0.913986739761522,1,"Nudt21","Prg2",0.2,0.04
0.0765738619303383,6.96092116561697,0.914894231748415,1,"Cd37","Prg2",0.2,0.04
-0.0550749172562207,8.08434490939881,0.915367127335815,1,"Ube2d3","Prg2",0.2,0.04
-0.107166034863515,5.78944105672938,0.915761611898618,1,"Nsfl1c","Prg2",0.2,0.04
-0.107166034863515,5.78944105672938,0.915761611898618,1,"Tmem131l","Prg2",0.2,0.04
-0.107166034863515,5.78944105672938,0.915761611898618,1,"BC028528","Prg2",0.2,0.04
-0.107166034863515,5.78944105672938,0.915761611898618,1,"Yipf1","Prg2",0.2,0.04
0.0889583430839074,6.98676338434924,0.916184582008294,1,"Bptf","Prg2",0.2,0.04
-0.0587479690550687,8.45568025134179,0.91712340821808,1,"Irf2bp2","Prg2",0.2,0.04
-0.0964005416115421,7.01785557542688,0.917435831029201,1,"Smc2","Prg2",0.2,0.04
-0.0773314097137517,7.00773358218155,0.917435831029201,1,"Snrpa1","Prg2",0.2,0.04
-0.0773314097137517,7.00773358218155,0.917435831029201,1,"Ube2n","Prg2",0.2,0.04
0.0995366005333692,5.83049597480479,0.918366922870826,1,"Gtf2b","Prg2",0.2,0.04
0.0995366005333692,5.83049597480479,0.918366922870826,1,"Pfkl","Prg2",0.2,0.04
0.0995366005333692,5.83049597480479,0.918366922870826,1,"Cdk2","Prg2",0.2,0.04
0.0995366005333692,5.83049597480479,0.918366922870826,1,"Mak16","Prg2",0.2,0.04
0.0995366005333692,5.83049597480479,0.918366922870826,1,"Adgrg3","Prg2",0.2,0.04
0.0995366005333692,5.83049597480479,0.918366922870826,1,"Usp19","Prg2",0.2,0.04
0.0995366005333692,5.83049597480479,0.918366922870826,1,"H2-Ke6","Prg2",0.2,0.04
-0.070715638662914,5.84614279620392,0.918366922870827,1,"Mrps5","Prg2",0.2,0.04
-0.070715638662914,5.84614279620392,0.918366922870827,1,"Prpf38a","Prg2",0.2,0.04
-0.070715638662914,5.84614279620392,0.918366922870827,1,"Prkcd","Prg2",0.2,0.04
-0.0631263636630985,7.69677578183814,0.918980888771578,1,"Mcm6","Prg2",0.2,0.04
-0.0633977910450272,8.14974224000747,0.919037809408256,1,"Rac2","Prg2",0.2,0.04
-0.0541575814602575,7.71240565821874,0.919757108262101,1,"Dnajc3","Prg2",0.2,0.04
-0.0569607238774037,7.73390426648594,0.920518518919498,1,"Eif3c","Prg2",0.2,0.04
0.126123126775113,5.88588635436618,0.920807669419335,1,"Sppl3","Prg2",0.2,0.04
0.126123126775113,5.88588635436618,0.920807669419335,1,"Pop5","Prg2",0.2,0.04
0.126123126775113,5.88588635436618,0.920807669419335,1,"Med13l","Prg2",0.2,0.04
0.126123126775113,5.88588635436618,0.920807669419335,1,"Eftud2","Prg2",0.2,0.04
0.126123126775113,5.88588635436618,0.920807669419335,1,"Ten1","Prg2",0.2,0.04
0.126123126775113,5.88588635436618,0.920807669419335,1,"Coro7","Prg2",0.2,0.04
0.126123126775113,5.88588635436618,0.920807669419335,1,"Smndc1","Prg2",0.2,0.04
-0.157763710698351,5.89272914901361,0.920807669419335,1,"Prim1","Prg2",0.2,0.04
-0.157763710698351,5.89272914901361,0.920807669419335,1,"Mrps18b","Prg2",0.2,0.04
0.077026292928982,7.11442893845002,0.922083742802755,1,"Smc6","Prg2",0.2,0.04
-0.0888157759883238,7.1100263420801,0.922083742802755,1,"Slc25a4","Prg2",0.2,0.04
-0.0888157759883238,7.1100263420801,0.922083742802755,1,"Slc38a2","Prg2",0.2,0.04
0.150618646034376,5.93928887969379,0.923099602825325,1,"Fam208a","Prg2",0.2,0.04
0.150618646034376,5.93928887969379,0.923099602825325,1,"Pigx","Prg2",0.2,0.04
0.150618646034376,5.93928887969379,0.923099602825325,1,"Hnrnpll","Prg2",0.2,0.04
0.150618646034376,5.93928887969379,0.923099602825325,1,"Mcfd2","Prg2",0.2,0.04
-0.121781475412599,5.94559243956127,0.923099602825325,1,"Pabpn1","Prg2",0.2,0.04
-0.121781475412599,5.94559243956127,0.923099602825325,1,"Emc2","Prg2",0.2,0.04
0.106438180773494,5.96135203527149,0.923099602825325,1,"B4galt1","Prg2",0.2,0.04
0.106438180773494,5.96135203527149,0.923099602825325,1,"Abcf2","Prg2",0.2,0.04
0.106438180773494,5.96135203527149,0.923099602825325,1,"Hsd17b11","Prg2",0.2,0.04
0.106438180773494,5.96135203527149,0.923099602825325,1,"Zc3hav1","Prg2",0.2,0.04
0.106438180773494,5.96135203527149,0.923099602825325,1,"Ssbp4","Prg2",0.2,0.04
0.106438180773494,5.96135203527149,0.923099602825325,1,"Dicer1","Prg2",0.2,0.04
-0.0748394359311548,7.13331913822336,0.923164075740691,1,"Mapk1","Prg2",0.2,0.04
0.0628902024073044,7.17875366807017,0.925236249010666,1,"Wnk1","Prg2",0.2,0.04
-0.127953499048854,6.01771373283848,0.925256464019006,1,"Mad2l1","Prg2",0.2,0.04
-0.127953499048854,6.01771373283848,0.925256464019006,1,"Btbd1","Prg2",0.2,0.04
-0.127953499048854,6.01771373283848,0.925256464019006,1,"Phf10","Prg2",0.2,0.04
-0.0885946077160923,5.99665218154674,0.925256464019006,1,"Sdhaf4","Prg2",0.2,0.04
-0.0885946077160923,5.99665218154674,0.925256464019006,1,"Vamp3","Prg2",0.2,0.04
-0.0885946077160923,5.99665218154674,0.925256464019006,1,"Tprgl","Prg2",0.2,0.04
-0.0885946077160923,5.99665218154674,0.925256464019006,1,"Igsf6","Prg2",0.2,0.04
-0.0885946077160923,5.99665218154674,0.925256464019006,1,"Hbs1l","Prg2",0.2,0.04
-0.0590875450420009,7.83121634678724,0.925467266061663,1,"Sf3b1","Prg2",0.2,0.04
0.0737389815371588,7.20103689475828,0.926230499675713,1,"Taf1d","Prg2",0.2,0.04
-0.0961952698647901,6.06635787794116,0.927290301732774,1,"BC005561","Prg2",0.2,0.04
-0.0961952698647901,6.06635787794116,0.927290301732774,1,"Lsm14a","Prg2",0.2,0.04
-0.0961952698647901,6.06635787794116,0.927290301732774,1,"Churc1","Prg2",0.2,0.04
0.0887655252068024,6.03301970698745,0.927290301732774,1,"Nras","Prg2",0.2,0.04
0.0387831290385612,11.4040585980975,0.927599339992529,1,"Rps15","Prg2",0.2,0.04
-0.0727421055631856,7.24884457064211,0.928140870742308,1,"Ndufa8","Prg2",0.2,0.04
0.0605507514312896,7.2616733463559,0.92905903222993,1,"Ddx17","Prg2",0.2,0.04
0.112169351434541,6.08137094543576,0.929211731077896,1,"Itsn2","Prg2",0.2,0.04
0.112169351434541,6.08137094543576,0.929211731077896,1,"Ncbp2","Prg2",0.2,0.04
0.0728104601017791,6.10125492271443,0.929211731077896,1,"Baz2b","Prg2",0.2,0.04
0.0728104601017791,6.10125492271443,0.929211731077896,1,"Tmod3","Prg2",0.2,0.04
0.0708225769703369,7.2827338255201,0.929953783174778,1,"Akr1b3","Prg2",0.2,0.04
0.0807911955572637,7.30349782583011,0.930826016432418,1,"Mrps24","Prg2",0.2,0.04
-0.0640070438831694,7.29920555406316,0.930826016432419,1,"Rab2a","Prg2",0.2,0.04
-0.0371702169056983,11.370871876254,0.930969896415239,1,"Calr","Prg2",0.2,0.04
0.0956556959813407,6.14742685809075,0.931030145325436,1,"Tbl1xr1","Prg2",0.2,0.04
0.0956556959813407,6.14742685809075,0.931030145325436,1,"Ash1l","Prg2",0.2,0.04
0.0368529052777296,11.4140546853854,0.93128125622945,1,"Prg3","Prg2",0.2,0.04
0.0484268669193109,7.319842612063,0.931676579610647,1,"Arf4","Prg2",0.2,0.04
-0.10932705924499,6.19634460671183,0.932753890603557,1,"Gtf2e2","Prg2",0.2,0.04
-0.10932705924499,6.19634460671183,0.932753890603557,1,"Acp1","Prg2",0.2,0.04
-0.10932705924499,6.19634460671183,0.932753890603557,1,"Txndc11","Prg2",0.2,0.04
-0.0746927993596623,6.17787523876684,0.932753890603557,1,"Stk26","Prg2",0.2,0.04
-0.0746927993596623,6.17787523876684,0.932753890603557,1,"Zyx","Prg2",0.2,0.04
0.117004603554237,6.19220854041007,0.932753890603557,1,"Arhgap30","Prg2",0.2,0.04
0.117004603554237,6.19220854041007,0.932753890603557,1,"Trpc4ap","Prg2",0.2,0.04
0.117004603554237,6.19220854041007,0.932753890603557,1,"Ugcg","Prg2",0.2,0.04
0.117004603554237,6.19220854041007,0.932753890603557,1,"Gna13","Prg2",0.2,0.04
0.117004603554237,6.19220854041007,0.932753890603557,1,"Nop16","Prg2",0.2,0.04
0.117004603554237,6.19220854041007,0.932753890603557,1,"Kdm2a","Prg2",0.2,0.04
-0.0594514009533714,7.37551808416977,0.934106104488115,1,"Aimp1","Prg2",0.2,0.04
-0.081990510073726,6.23950673872449,0.934390410964975,1,"Txndc9","Prg2",0.2,0.04
-0.081990510073726,6.23950673872449,0.934390410964975,1,"Pin4","Prg2",0.2,0.04
-0.081990510073726,6.23950673872449,0.934390410964975,1,"Mtfr1l","Prg2",0.2,0.04
-0.081990510073726,6.23950673872449,0.934390410964975,1,"Ppp1r35","Prg2",0.2,0.04
-0.081990510073726,6.23950673872449,0.934390410964975,1,"Smarcb1","Prg2",0.2,0.04
-0.081990510073726,6.23950673872449,0.934390410964975,1,"Nrros","Prg2",0.2,0.04
-0.081990510073726,6.23950673872449,0.934390410964975,1,"Golgb1","Prg2",0.2,0.04
-0.081990510073726,6.23950673872449,0.934390410964975,1,"Tomm70a","Prg2",0.2,0.04
0.042778366112739,9.32022285278024,0.934412208735488,1,"Gnas","Prg2",0.2,0.04
0.0668811903323873,6.27100718711842,0.935946369598216,1,"Vps4b","Prg2",0.2,0.04
-0.0336281175357557,12.6334831758129,0.935954088374193,1,"Rplp1","Prg2",0.2,0.04
0.0381353198476182,8.85859957565618,0.93631660302287,1,"Eif3k","Prg2",0.2,0.04
-0.0343248550142548,11.1298668200965,0.936989877991204,1,"Eef1b2","Prg2",0.2,0.04
0.0602903923287564,7.45952601981838,0.937086681987732,1,"Arpc1a","Prg2",0.2,0.04
0.0602903923287564,7.45952601981838,0.937086681987732,1,"Syncrip","Prg2",0.2,0.04
-0.120273816286027,6.31550839531497,0.937427750693481,1,"Cnot3","Prg2",0.2,0.04
0.0873165462869274,6.31219428619072,0.937427750693481,1,"Hacd1","Prg2",0.2,0.04
0.0873165462869274,6.31219428619072,0.937427750693481,1,"Ep400","Prg2",0.2,0.04
-0.0587027381393174,7.47380055000479,0.937789819410406,1,"Psma5","Prg2",0.2,0.04
0.106559892039275,6.35227065476516,0.938839945515765,1,"Cmas","Prg2",0.2,0.04
0.106559892039275,6.35227065476516,0.938839945515765,1,"Cpne2","Prg2",0.2,0.04
-0.0948180257701748,6.35533815324369,0.938839945515765,1,"Elf2","Prg2",0.2,0.04
-0.0387804194253759,8.58339767346865,0.938899643214812,1,"Ddost","Prg2",0.2,0.04
-0.0547927337869792,8.14526500365296,0.939013318595942,1,"Arf5","Prg2",0.2,0.04
-0.0404353500223203,8.59517858829341,0.939230788044658,1,"Clic1","Prg2",0.2,0.04
-0.0326743229423279,10.7616374138458,0.940063870417652,1,"Rpl4","Prg2",0.2,0.04
-0.0708338953547272,6.39413271888565,0.940187825504398,1,"Jtb","Prg2",0.2,0.04
-0.0708338953547272,6.39413271888565,0.940187825504398,1,"Ccdc47","Prg2",0.2,0.04
-0.0450110741796994,7.55900280636628,0.94108056124163,1,"Atrx","Prg2",0.2,0.04
-0.0406703671724973,8.63820482978489,0.941144563627218,1,"Cyba","Prg2",0.2,0.04
0.062192037523542,6.42286009569455,0.941475804651963,1,"Ccdc115","Prg2",0.2,0.04
0.062192037523542,6.42286009569455,0.941475804651963,1,"Npepps","Prg2",0.2,0.04
0.062192037523542,6.42286009569455,0.941475804651963,1,"Safb2","Prg2",0.2,0.04
-0.0481943442935348,6.43194370669267,0.941475804651964,1,"Pdha1","Prg2",0.2,0.04
-0.0481943442935348,6.43194370669267,0.941475804651964,1,"Pdhb","Prg2",0.2,0.04
0.044583668755016,8.20937619146839,0.941560340535476,1,"Ostc","Prg2",0.2,0.04
0.0806746513828264,6.46003861795666,0.94270789297508,1,"Fip1l1","Prg2",0.2,0.04
-0.105728970343314,6.46249759489487,0.94270789297508,1,"Rif1","Prg2",0.2,0.04
-0.105728970343314,6.46249759489487,0.94270789297508,1,"Rpa2","Prg2",0.2,0.04
0.0981854918564894,6.4963089630559,0.943887742544339,1,"Elof1","Prg2",0.2,0.04
0.0981854918564894,6.4963089630559,0.943887742544339,1,"Oxct1","Prg2",0.2,0.04
0.0981854918564894,6.4963089630559,0.943887742544339,1,"Flot1","Prg2",0.2,0.04
-0.0831964913244718,6.49858269001117,0.943887742544339,1,"Celf1","Prg2",0.2,0.04
-0.0831964913244718,6.49858269001117,0.943887742544339,1,"Ndufs8","Prg2",0.2,0.04
0.0691313879849193,6.51101459439635,0.943887742544339,1,"Actn4","Prg2",0.2,0.04
0.0691313879849193,6.51101459439635,0.943887742544339,1,"Odc1","Prg2",0.2,0.04
-0.0618391104478643,6.5338149484948,0.945018687268252,1,"Arl1","Prg2",0.2,0.04
-0.0618391104478643,6.5338149484948,0.945018687268252,1,"Atp1b3","Prg2",0.2,0.04
0.0583907583519987,6.56023183895277,0.946103777409672,1,"Vps28","Prg2",0.2,0.04
-0.0679611688632198,6.58215462266698,0.946103777409672,1,"Rtf1","Prg2",0.2,0.04
-0.0679611688632198,6.58215462266698,0.946103777409672,1,"Tacstd2","Prg2",0.2,0.04
-0.0415650713166809,6.56823310552065,0.946103777409672,1,"Cnn2","Prg2",0.2,0.04
0.0340661793413083,7.70680418083813,0.946197854717108,1,"Cct7","Prg2",0.2,0.04
0.0449617533906849,8.35362921637592,0.946747745033899,1,"Tpm3","Prg2",0.2,0.04
0.0752596580449412,6.59411611231181,0.947145809640204,1,"Mtch2","Prg2",0.2,0.04
0.0752596580449412,6.59411611231181,0.947145809640204,1,"Stag2","Prg2",0.2,0.04
-0.0736782004330826,6.62891544991755,0.948147353299046,1,"Cdk5rap3","Prg2",0.2,0.04
0.0807112432946635,6.6727113789279,0.949110773410278,1,"Ube2w","Prg2",0.2,0.04
0.0807112432946635,6.6727113789279,0.949110773410278,1,"Chic2","Prg2",0.2,0.04
-0.0544331718838276,6.66118632004725,0.949110773410278,1,"Mrps28","Prg2",0.2,0.04
-0.0544331718838276,6.66118632004725,0.949110773410278,1,"Dock8","Prg2",0.2,0.04
-0.0359396278094856,8.43176864417774,0.949317625155485,1,"1810037I17Rik","Prg2",0.2,0.04
-0.026754734410227,12.0904321772011,0.949798596981897,1,"Rps2","Prg2",0.2,0.04
0.0552469785822467,6.68564615590977,0.950038250921265,1,"Gorasp2","Prg2",0.2,0.04
0.0361543479726931,8.4663423492522,0.950511558383282,1,"Cox7b","Prg2",0.2,0.04
0.0474524969689181,7.84915058456571,0.95092801082194,1,"Rtn3","Prg2",0.2,0.04
0.0707603273865463,6.71677472301757,0.950931800550179,1,"Cab39","Prg2",0.2,0.04
0.0461643463517543,6.72930058291009,0.950931800550179,1,"Skp1a","Prg2",0.2,0.04
-0.0887651259107136,6.76068199811248,0.951793286569385,1,"Cpsf6","Prg2",0.2,0.04
-0.0265254440074974,9.55218232813977,0.951880113915039,1,"Fam46a","Prg2",0.2,0.04
-0.0279219687357808,10.3152887769647,0.952199705021753,1,"Hmgb2","Prg2",0.2,0.04
-0.0303951355830403,7.90650322356557,0.952594006801161,1,"Arl6ip1","Prg2",0.2,0.04
-0.0708931721737809,6.7901952008235,0.952624436800947,1,"Nt5c","Prg2",0.2,0.04
0.0760028629370545,6.78913240045765,0.952624436800947,1,"Cyc1","Prg2",0.2,0.04
-0.0537785741202666,6.81913396420399,0.953426855058657,1,"Smchd1","Prg2",0.2,0.04
0.0258287610909233,9.35406096686972,0.954197618588769,1,"Rbm3","Prg2",0.2,0.04
0.0442985058427262,6.84134873589258,0.954202032236204,1,"Ptprc","Prg2",0.2,0.04
-0.0373730577403295,6.84751984827187,0.954202032236204,1,"Hpf1","Prg2",0.2,0.04
0.0584252611077454,6.86935792830288,0.954951356212083,1,"Ppa1","Prg2",0.2,0.04
0.0584252611077454,6.86935792830288,0.954951356212083,1,"Ide","Prg2",0.2,0.04
-0.0590169810793152,6.85889238817252,0.954951356212083,1,"Cfdp1","Prg2",0.2,0.04
-0.0328658885026553,8.62358380793464,0.955253823362647,1,"Snrpd2","Prg2",0.2,0.04
-0.0364194603230208,8.01089959720882,0.955606855382208,1,"Psmb4","Prg2",0.2,0.04
-0.0237485425892249,11.7259332814808,0.956105897509434,1,"Rps6","Prg2",0.2,0.04
0.0292579385191994,9.42588464938327,0.956335731418041,1,"Sem1","Prg2",0.2,0.04
0.0244245653915531,10.7545301856634,0.957485829596155,1,"Npm1","Prg2",0.2,0.04
0.0685397547410684,6.99706837804855,0.958352587333314,1,"Psmc3","Prg2",0.2,0.04
-0.0580068474912082,6.99753348721707,0.958352587333314,1,"Tmem165","Prg2",0.2,0.04
0.0484061241131637,7.00729337961156,0.958352587333314,1,"Ndufv3","Prg2",0.2,0.04
-0.0299901944102872,8.75427319287393,0.95896629373423,1,"Nucb1","Prg2",0.2,0.04
-0.0434580931688533,7.02268591190046,0.958971179836596,1,"Mapkapk2","Prg2",0.2,0.04
-0.0434580931688533,7.02268591190046,0.958971179836596,1,"Rnh1","Prg2",0.2,0.04
0.0413166384809333,7.04228985828689,0.959571392461767,1,"Wdr89","Prg2",0.2,0.04
-0.0482513818048889,7.05726251134355,0.959571392461767,1,"Ndufa5","Prg2",0.2,0.04
0.0536363509625198,7.06672947165908,0.960154043661445,1,"Msn","Prg2",0.2,0.04
-0.0440981207235733,8.18388093066284,0.96033050967455,1,"Cct8","Prg2",0.2,0.04
-0.0392845112157536,7.11463290176176,0.96126969671482,1,"Tmem234","Prg2",0.2,0.04
0.0242704043673722,10.1143482088906,0.961590270266473,1,"mt-Nd3","Prg2",0.2,0.04
-0.0229894920160512,9.9004930196258,0.961982610057862,1,"Chchd2","Prg2",0.2,0.04
0.0246527794922935,9.3034552630629,0.962049704265136,1,"B2m","Prg2",0.2,0.04
0.0337984334871996,7.16524165532238,0.962323779028997,1,"Ndufv2","Prg2",0.2,0.04
0.0195210112914384,13.1631851833325,0.962796847153785,1,"mt-Atp6","Prg2",0.2,0.04
-0.0482597110581441,7.17883444199373,0.962829321542026,1,"G3bp2","Prg2",0.2,0.04
-0.0482597110581441,7.17883444199373,0.962829321542026,1,"Hectd1","Prg2",0.2,0.04
0.0452222677603434,7.18772031267438,0.962829321542026,1,"Tmpo","Prg2",0.2,0.04
0.0331185372601229,7.2488834551269,0.964266771789891,1,"Eprs","Prg2",0.2,0.04
0.0271540572406017,7.35599759872499,0.966427993164262,1,"Supt4a","Prg2",0.2,0.04
-0.0447846792010129,7.46652375570009,0.968696788110969,1,"Fkbp3","Prg2",0.2,0.04
-0.0244678496422697,7.50288167202436,0.969385827016839,1,"Pnn","Prg2",0.2,0.04
0.0357901919208367,7.51740429918647,0.96971899863786,1,"Drap1","Prg2",0.2,0.04
-0.0203834359149949,8.61718506844519,0.970081115954581,1,"Ikzf2","Prg2",0.2,0.04
-0.0223241743278366,7.56941600146766,0.970676039696294,1,"Gm16286","Prg2",0.2,0.04
0.0264455818065361,7.56623392321137,0.970676039696295,1,"Vdac1","Prg2",0.2,0.04
0.0279205976077622,8.72486572007569,0.972162001601542,1,"Cox6b1","Prg2",0.2,0.04
-0.0202195238257448,9.33908595000597,0.972237111568111,1,"Cfl1","Prg2",0.2,0.04
-0.0482866783565687,7.66841756282256,0.972418210515536,1,"Gnai3","Prg2",0.2,0.04
-0.0393105528322816,7.68435583722803,0.972688504442266,1,"Ctsd","Prg2",0.2,0.04
0.0376715327478736,7.74372405930512,0.973718371874375,1,"Lsm6","Prg2",0.2,0.04
0.0220245944246017,8.81273935327633,0.973727869526018,1,"Pgam1","Prg2",0.2,0.04
-0.0345035124651909,7.79969571606785,0.974672941891648,1,"Ppp2ca","Prg2",0.2,0.04
0.0319873710398179,7.97589088448595,0.977344899321036,1,"Idh2","Prg2",0.2,0.04
-0.0268434103202649,8.00595333146942,0.977706499427747,1,"Atp5o.1","Prg2",0.2,0.04
-0.0172033732547228,8.00098897302705,0.977706499427747,1,"Anxa3","Prg2",0.2,0.04
-0.0294651396154229,8.19075054051284,0.98022944495107,1,"Ybx3","Prg2",0.2,0.04
0.0220187281948055,8.28820887829888,0.981411905103002,1,"Luc7l2","Prg2",0.2,0.04
0.0148336502660183,8.85255297729164,0.987192442482576,1,"Canx","Prg2",0.2,0.04
-0.00793319585267468,9.0404568668708,0.988690967510427,1,"Hnrnpa3","Prg2",0.2,0.04
0.0107064716027064,9.19524479305936,0.989801607924742,1,"Slc25a5","Prg2",0.2,0.04
-0.009818883146519,9.22663647174417,0.99001939715,1,"Pdia6","Prg2",0.2,0.04
-0.00640977998613638,10.9884413367219,0.990857530365749,1,"Rps25","Prg2",0.2,0.04
-0.011323061826143,9.58843314807208,0.992165917091084,1,"Hnrnpf","Prg2",0.2,0.04
0.00295293648614574,11.1352344183409,0.99693687537093,1,"Rpl23a","Prg2",0.2,0.04
0.079414516067846,4.18568426069372,0.999999999999999,1,"Tmem237","Prg2",0.2,0.04
0.079414516067846,4.18568426069372,0.999999999999999,1,"Zbtb41","Prg2",0.2,0.04
0.079414516067846,4.18568426069372,0.999999999999999,1,"Tbc1d13","Prg2",0.2,0.04
0.079414516067846,4.18568426069372,0.999999999999999,1,"Slc25a25","Prg2",0.2,0.04
0.079414516067846,4.18568426069372,0.999999999999999,1,"Gla","Prg2",0.2,0.04
0.079414516067846,4.18568426069372,0.999999999999999,1,"Kantr","Prg2",0.2,0.04
0.079414516067846,4.18568426069372,0.999999999999999,1,"St7l","Prg2",0.2,0.04
0.079414516067846,4.18568426069372,0.999999999999999,1,"Melk","Prg2",0.2,0.04
0.079414516067846,4.18568426069372,0.999999999999999,1,"Btf3l4","Prg2",0.2,0.04
0.079414516067846,4.18568426069372,0.999999999999999,1,"Ccdc163","Prg2",0.2,0.04
0.079414516067846,4.18568426069372,0.999999999999999,1,"AU022252","Prg2",0.2,0.04
0.079414516067846,4.18568426069372,0.999999999999999,1,"Padi2","Prg2",0.2,0.04
0.079414516067846,4.18568426069372,0.999999999999999,1,"Tmem243","Prg2",0.2,0.04
0.079414516067846,4.18568426069372,0.999999999999999,1,"Tmem175","Prg2",0.2,0.04
0.079414516067846,4.18568426069372,0.999999999999999,1,"Ddx51","Prg2",0.2,0.04
0.079414516067846,4.18568426069372,0.999999999999999,1,"B3glct","Prg2",0.2,0.04
0.079414516067846,4.18568426069372,0.999999999999999,1,"Erc1","Prg2",0.2,0.04
0.079414516067846,4.18568426069372,0.999999999999999,1,"Pex26","Prg2",0.2,0.04
0.079414516067846,4.18568426069372,0.999999999999999,1,"Zfp180","Prg2",0.2,0.04
0.079414516067846,4.18568426069372,0.999999999999999,1,"Lipe","Prg2",0.2,0.04
0.079414516067846,4.18568426069372,0.999999999999999,1,"Dmac2","Prg2",0.2,0.04
0.079414516067846,4.18568426069372,0.999999999999999,1,"Zfp84","Prg2",0.2,0.04
0.079414516067846,4.18568426069372,0.999999999999999,1,"Nosip","Prg2",0.2,0.04
0.079414516067846,4.18568426069372,0.999999999999999,1,"Slc35e3","Prg2",0.2,0.04
0.079414516067846,4.18568426069372,0.999999999999999,1,"Zfp930","Prg2",0.2,0.04
0.079414516067846,4.18568426069372,0.999999999999999,1,"Mthfsd","Prg2",0.2,0.04
0.079414516067846,4.18568426069372,0.999999999999999,1,"Vcl","Prg2",0.2,0.04
0.079414516067846,4.18568426069372,0.999999999999999,1,"Cgrrf1","Prg2",0.2,0.04
0.079414516067846,4.18568426069372,0.999999999999999,1,"Zw10","Prg2",0.2,0.04
0.079414516067846,4.18568426069372,0.999999999999999,1,"Bckdhb","Prg2",0.2,0.04
0.079414516067846,4.18568426069372,0.999999999999999,1,"Thg1l","Prg2",0.2,0.04
0.079414516067846,4.18568426069372,0.999999999999999,1,"Mrm3","Prg2",0.2,0.04
0.079414516067846,4.18568426069372,0.999999999999999,1,"Ptrhd1","Prg2",0.2,0.04
0.079414516067846,4.18568426069372,0.999999999999999,1,"Batf","Prg2",0.2,0.04
0.079414516067846,4.18568426069372,0.999999999999999,1,"Dexi","Prg2",0.2,0.04
0.079414516067846,4.18568426069372,0.999999999999999,1,"Fkbp5","Prg2",0.2,0.04
0.079414516067846,4.18568426069372,0.999999999999999,1,"Ppp1r21","Prg2",0.2,0.04
0.079414516067846,4.18568426069372,0.999999999999999,1,"Svil","Prg2",0.2,0.04
0.079414516067846,4.18568426069372,0.999999999999999,1,"Tpgs2","Prg2",0.2,0.04
0.079414516067846,4.18568426069372,0.999999999999999,1,"Rad9a","Prg2",0.2,0.04
0.079414516067846,4.18568426069372,0.999999999999999,1,"Rom1","Prg2",0.2,0.04
0.079414516067846,4.18568426069372,0.999999999999999,1,"Tmem138","Prg2",0.2,0.04
0.079414516067846,4.18568426069372,0.999999999999999,1,"Exoc6","Prg2",0.2,0.04
-0.0482291845139058,6.77824015937238,0.999999999999999,1,"Hmgn5","Prg2",0.2,0.04
-0.0482291845139058,6.77824015937238,0.999999999999999,1,"Fli1","Prg2",0.2,0.04
-0.0252034672713321,6.76617533394022,0.999999999999999,1,"Eno1","Prg2",0.2,0.04
0.171224600299952,4.34938272694251,0.999999999999999,1,"Gtf3c3","Prg2",0.2,0.04
0.171224600299952,4.34938272694251,0.999999999999999,1,"Atg9a","Prg2",0.2,0.04
0.171224600299952,4.34938272694251,0.999999999999999,1,"Igsf8","Prg2",0.2,0.04
0.171224600299952,4.34938272694251,0.999999999999999,1,"Phospho2","Prg2",0.2,0.04
0.171224600299952,4.34938272694251,0.999999999999999,1,"Helz2","Prg2",0.2,0.04
0.171224600299952,4.34938272694251,0.999999999999999,1,"Ap1s2","Prg2",0.2,0.04
0.171224600299952,4.34938272694251,0.999999999999999,1,"Gemin8","Prg2",0.2,0.04
0.171224600299952,4.34938272694251,0.999999999999999,1,"Otud7b","Prg2",0.2,0.04
0.171224600299952,4.34938272694251,0.999999999999999,1,"Lrp8","Prg2",0.2,0.04
0.171224600299952,4.34938272694251,0.999999999999999,1,"Nfyc","Prg2",0.2,0.04
0.171224600299952,4.34938272694251,0.999999999999999,1,"Ncdn","Prg2",0.2,0.04
0.171224600299952,4.34938272694251,0.999999999999999,1,"Sun1","Prg2",0.2,0.04
0.171224600299952,4.34938272694251,0.999999999999999,1,"Mafk","Prg2",0.2,0.04
0.171224600299952,4.34938272694251,0.999999999999999,1,"3110062M04Rik","Prg2",0.2,0.04
0.171224600299952,4.34938272694251,0.999999999999999,1,"Iqsec1","Prg2",0.2,0.04
0.171224600299952,4.34938272694251,0.999999999999999,1,"Atg7","Prg2",0.2,0.04
0.171224600299952,4.34938272694251,0.999999999999999,1,"Tsen2","Prg2",0.2,0.04
0.171224600299952,4.34938272694251,0.999999999999999,1,"Lrrk1","Prg2",0.2,0.04
0.171224600299952,4.34938272694251,0.999999999999999,1,"Spns1","Prg2",0.2,0.04
0.171224600299952,4.34938272694251,0.999999999999999,1,"Fadd","Prg2",0.2,0.04
0.171224600299952,4.34938272694251,0.999999999999999,1,"Ginm1","Prg2",0.2,0.04
0.171224600299952,4.34938272694251,0.999999999999999,1,"Fbxo30","Prg2",0.2,0.04
0.171224600299952,4.34938272694251,0.999999999999999,1,"Arhgap18","Prg2",0.2,0.04
0.171224600299952,4.34938272694251,0.999999999999999,1,"Hint3","Prg2",0.2,0.04
0.171224600299952,4.34938272694251,0.999999999999999,1,"Pias4","Prg2",0.2,0.04
0.171224600299952,4.34938272694251,0.999999999999999,1,"Nr2f6","Prg2",0.2,0.04
0.171224600299952,4.34938272694251,0.999999999999999,1,"Pdp2","Prg2",0.2,0.04
0.171224600299952,4.34938272694251,0.999999999999999,1,"Enkd1","Prg2",0.2,0.04
0.171224600299952,4.34938272694251,0.999999999999999,1,"Man2c1","Prg2",0.2,0.04
0.171224600299952,4.34938272694251,0.999999999999999,1,"Ascc2","Prg2",0.2,0.04
0.171224600299952,4.34938272694251,0.999999999999999,1,"Wdr92","Prg2",0.2,0.04
0.171224600299952,4.34938272694251,0.999999999999999,1,"Atpaf2","Prg2",0.2,0.04
0.171224600299952,4.34938272694251,0.999999999999999,1,"Trpv2","Prg2",0.2,0.04
0.171224600299952,4.34938272694251,0.999999999999999,1,"Adprm","Prg2",0.2,0.04
0.171224600299952,4.34938272694251,0.999999999999999,1,"Bicd2","Prg2",0.2,0.04
0.171224600299952,4.34938272694251,0.999999999999999,1,"Ankmy2","Prg2",0.2,0.04
0.171224600299952,4.34938272694251,0.999999999999999,1,"1110008L16Rik","Prg2",0.2,0.04
0.171224600299952,4.34938272694251,0.999999999999999,1,"Pole2","Prg2",0.2,0.04
0.171224600299952,4.34938272694251,0.999999999999999,1,"Vipas39","Prg2",0.2,0.04
0.171224600299952,4.34938272694251,0.999999999999999,1,"Slc4a8","Prg2",0.2,0.04
0.171224600299952,4.34938272694251,0.999999999999999,1,"Tmem242","Prg2",0.2,0.04
0.171224600299952,4.34938272694251,0.999999999999999,1,"Cables1","Prg2",0.2,0.04
0.171224600299952,4.34938272694251,0.999999999999999,1,"Zfp236","Prg2",0.2,0.04
0.171224600299952,4.34938272694251,0.999999999999999,1,"Zfp516","Prg2",0.2,0.04
0.171224600299952,4.34938272694251,0.999999999999999,1,"Rps6kb2","Prg2",0.2,0.04
0.171224600299952,4.34938272694251,0.999999999999999,1,"Pcnx3","Prg2",0.2,0.04
0.485217365616132,4.01542162171649,0.999999999999999,1,"Trak2","Prg2",0.2,0.04
0.485217365616132,4.01542162171649,0.999999999999999,1,"Bard1","Prg2",0.2,0.04
0.485217365616132,4.01542162171649,0.999999999999999,1,"Abl2","Prg2",0.2,0.04
0.485217365616132,4.01542162171649,0.999999999999999,1,"Zfp64","Prg2",0.2,0.04
0.485217365616132,4.01542162171649,0.999999999999999,1,"Tmem185a","Prg2",0.2,0.04
0.485217365616132,4.01542162171649,0.999999999999999,1,"Zfp275","Prg2",0.2,0.04
0.485217365616132,4.01542162171649,0.999999999999999,1,"Dnase1l1","Prg2",0.2,0.04
0.485217365616132,4.01542162171649,0.999999999999999,1,"Zxdb","Prg2",0.2,0.04
0.485217365616132,4.01542162171649,0.999999999999999,1,"Mccc1","Prg2",0.2,0.04
0.485217365616132,4.01542162171649,0.999999999999999,1,"Cnn3","Prg2",0.2,0.04
0.485217365616132,4.01542162171649,0.999999999999999,1,"Gbp2","Prg2",0.2,0.04
0.485217365616132,4.01542162171649,0.999999999999999,1,"Exo5","Prg2",0.2,0.04
0.485217365616132,4.01542162171649,0.999999999999999,1,"Tmem201","Prg2",0.2,0.04
0.485217365616132,4.01542162171649,0.999999999999999,1,"Slc25a33","Prg2",0.2,0.04
0.485217365616132,4.01542162171649,0.999999999999999,1,"Depdc5","Prg2",0.2,0.04
0.485217365616132,4.01542162171649,0.999999999999999,1,"Clock","Prg2",0.2,0.04
0.485217365616132,4.01542162171649,0.999999999999999,1,"Ccdc18","Prg2",0.2,0.04
0.485217365616132,4.01542162171649,0.999999999999999,1,"Fbxl18","Prg2",0.2,0.04
0.485217365616132,4.01542162171649,0.999999999999999,1,"1600020E01Rik","Prg2",0.2,0.04
0.485217365616132,4.01542162171649,0.999999999999999,1,"Fancd2","Prg2",0.2,0.04
0.485217365616132,4.01542162171649,0.999999999999999,1,"3110040N11Rik","Prg2",0.2,0.04
0.485217365616132,4.01542162171649,0.999999999999999,1,"Pidd1","Prg2",0.2,0.04
0.485217365616132,4.01542162171649,0.999999999999999,1,"Cd151","Prg2",0.2,0.04
0.485217365616132,4.01542162171649,0.999999999999999,1,"Adat2","Prg2",0.2,0.04
0.485217365616132,4.01542162171649,0.999999999999999,1,"Cep85l","Prg2",0.2,0.04
0.485217365616132,4.01542162171649,0.999999999999999,1,"Coprs","Prg2",0.2,0.04
0.485217365616132,4.01542162171649,0.999999999999999,1,"Klhl2","Prg2",0.2,0.04
0.485217365616132,4.01542162171649,0.999999999999999,1,"Setdb2","Prg2",0.2,0.04
0.485217365616132,4.01542162171649,0.999999999999999,1,"Swsap1","Prg2",0.2,0.04
0.485217365616132,4.01542162171649,0.999999999999999,1,"Gosr1","Prg2",0.2,0.04
0.485217365616132,4.01542162171649,0.999999999999999,1,"Rsad1","Prg2",0.2,0.04
0.485217365616132,4.01542162171649,0.999999999999999,1,"Hoxb4","Prg2",0.2,0.04
0.485217365616132,4.01542162171649,0.999999999999999,1,"Nat9","Prg2",0.2,0.04
0.485217365616132,4.01542162171649,0.999999999999999,1,"Daam1","Prg2",0.2,0.04
0.485217365616132,4.01542162171649,0.999999999999999,1,"Exd2","Prg2",0.2,0.04
0.485217365616132,4.01542162171649,0.999999999999999,1,"Coq6","Prg2",0.2,0.04
0.485217365616132,4.01542162171649,0.999999999999999,1,"Rrn3","Prg2",0.2,0.04
0.485217365616132,4.01542162171649,0.999999999999999,1,"Gbe1","Prg2",0.2,0.04
0.485217365616132,4.01542162171649,0.999999999999999,1,"Tagap1","Prg2",0.2,0.04
0.485217365616132,4.01542162171649,0.999999999999999,1,"Zfp53","Prg2",0.2,0.04
0.485217365616132,4.01542162171649,0.999999999999999,1,"Zfp760","Prg2",0.2,0.04
0.485217365616132,4.01542162171649,0.999999999999999,1,"Tbc1d24","Prg2",0.2,0.04
0.485217365616132,4.01542162171649,0.999999999999999,1,"Unkl","Prg2",0.2,0.04
0.485217365616132,4.01542162171649,0.999999999999999,1,"Bambi","Prg2",0.2,0.04
0.485217365616132,4.01542162171649,0.999999999999999,1,"Cep55","Prg2",0.2,0.04
0.485217365616132,4.01542162171649,0.999999999999999,1,"Got1","Prg2",0.2,0.04
0.268094646739798,4.10328378401856,0.999999999999999,1,"AI597479","Prg2",0.2,0.04
0.268094646739798,4.10328378401856,0.999999999999999,1,"Pign","Prg2",0.2,0.04
0.268094646739798,4.10328378401856,0.999999999999999,1,"Ier5","Prg2",0.2,0.04
0.268094646739798,4.10328378401856,0.999999999999999,1,"Fbxw5","Prg2",0.2,0.04
0.268094646739798,4.10328378401856,0.999999999999999,1,"Scai","Prg2",0.2,0.04
0.268094646739798,4.10328378401856,0.999999999999999,1,"Bub1b","Prg2",0.2,0.04
0.268094646739798,4.10328378401856,0.999999999999999,1,"Slx4ip","Prg2",0.2,0.04
0.268094646739798,4.10328378401856,0.999999999999999,1,"Fitm2","Prg2",0.2,0.04
0.268094646739798,4.10328378401856,0.999999999999999,1,"Tfe3","Prg2",0.2,0.04
0.268094646739798,4.10328378401856,0.999999999999999,1,"Renbp","Prg2",0.2,0.04
0.268094646739798,4.10328378401856,0.999999999999999,1,"Kyat3","Prg2",0.2,0.04
0.268094646739798,4.10328378401856,0.999999999999999,1,"Gba2","Prg2",0.2,0.04
0.268094646739798,4.10328378401856,0.999999999999999,1,"Casp9","Prg2",0.2,0.04
0.268094646739798,4.10328378401856,0.999999999999999,1,"A630072M18Rik","Prg2",0.2,0.04
0.268094646739798,4.10328378401856,0.999999999999999,1,"Zfp932","Prg2",0.2,0.04
0.268094646739798,4.10328378401856,0.999999999999999,1,"Mmab","Prg2",0.2,0.04
0.268094646739798,4.10328378401856,0.999999999999999,1,"4933404O12Rik","Prg2",0.2,0.04
0.268094646739798,4.10328378401856,0.999999999999999,1,"Tamm41","Prg2",0.2,0.04
0.268094646739798,4.10328378401856,0.999999999999999,1,"AW146154","Prg2",0.2,0.04
0.268094646739798,4.10328378401856,0.999999999999999,1,"Gstt3","Prg2",0.2,0.04
0.268094646739798,4.10328378401856,0.999999999999999,1,"Polrmt","Prg2",0.2,0.04
0.268094646739798,4.10328378401856,0.999999999999999,1,"Tmtc3","Prg2",0.2,0.04
0.268094646739798,4.10328378401856,0.999999999999999,1,"Tti2","Prg2",0.2,0.04
0.268094646739798,4.10328378401856,0.999999999999999,1,"Tmem184c","Prg2",0.2,0.04
0.268094646739798,4.10328378401856,0.999999999999999,1,"Tk2","Prg2",0.2,0.04
0.268094646739798,4.10328378401856,0.999999999999999,1,"Atxn1l","Prg2",0.2,0.04
0.268094646739798,4.10328378401856,0.999999999999999,1,"Trim13","Prg2",0.2,0.04
0.268094646739798,4.10328378401856,0.999999999999999,1,"4931406C07Rik","Prg2",0.2,0.04
0.268094646739798,4.10328378401856,0.999999999999999,1,"Ska2","Prg2",0.2,0.04
0.268094646739798,4.10328378401856,0.999999999999999,1,"Papd7","Prg2",0.2,0.04
0.268094646739798,4.10328378401856,0.999999999999999,1,"Atg10","Prg2",0.2,0.04
0.268094646739798,4.10328378401856,0.999999999999999,1,"Mrps27","Prg2",0.2,0.04
0.268094646739798,4.10328378401856,0.999999999999999,1,"Tmem18","Prg2",0.2,0.04
0.268094646739798,4.10328378401856,0.999999999999999,1,"Slc52a2","Prg2",0.2,0.04
0.268094646739798,4.10328378401856,0.999999999999999,1,"Tmem184b","Prg2",0.2,0.04
0.268094646739798,4.10328378401856,0.999999999999999,1,"Xpnpep3","Prg2",0.2,0.04
0.268094646739798,4.10328378401856,0.999999999999999,1,"Alg1","Prg2",0.2,0.04
0.268094646739798,4.10328378401856,0.999999999999999,1,"Mettl22","Prg2",0.2,0.04
0.268094646739798,4.10328378401856,0.999999999999999,1,"Tmem41a","Prg2",0.2,0.04
0.268094646739798,4.10328378401856,0.999999999999999,1,"Zfp944","Prg2",0.2,0.04
0.268094646739798,4.10328378401856,0.999999999999999,1,"Zfp523","Prg2",0.2,0.04
0.268094646739798,4.10328378401856,0.999999999999999,1,"Dennd1c","Prg2",0.2,0.04
0.268094646739798,4.10328378401856,0.999999999999999,1,"Fez2","Prg2",0.2,0.04
0.268094646739798,4.10328378401856,0.999999999999999,1,"1500015A07Rik","Prg2",0.2,0.04
0.268094646739798,4.10328378401856,0.999999999999999,1,"Cnnm2","Prg2",0.2,0.04
-0.236944281988064,4.33653655161175,0.999999999999999,1,"Tmem185b","Prg2",0.2,0.04
-0.236944281988064,4.33653655161175,0.999999999999999,1,"Blcap","Prg2",0.2,0.04
-0.236944281988064,4.33653655161175,0.999999999999999,1,"Pde7a","Prg2",0.2,0.04
-0.236944281988064,4.33653655161175,0.999999999999999,1,"Maml3","Prg2",0.2,0.04
-0.236944281988064,4.33653655161175,0.999999999999999,1,"Adar","Prg2",0.2,0.04
-0.236944281988064,4.33653655161175,0.999999999999999,1,"Tstd2","Prg2",0.2,0.04
-0.236944281988064,4.33653655161175,0.999999999999999,1,"Ikbkap","Prg2",0.2,0.04
-0.236944281988064,4.33653655161175,0.999999999999999,1,"Zdhhc18","Prg2",0.2,0.04
-0.236944281988064,4.33653655161175,0.999999999999999,1,"Chek2","Prg2",0.2,0.04
-0.236944281988064,4.33653655161175,0.999999999999999,1,"Wsb2","Prg2",0.2,0.04
-0.236944281988064,4.33653655161175,0.999999999999999,1,"Plbd2","Prg2",0.2,0.04
-0.236944281988064,4.33653655161175,0.999999999999999,1,"Dhx37","Prg2",0.2,0.04
-0.236944281988064,4.33653655161175,0.999999999999999,1,"Pyroxd1","Prg2",0.2,0.04
-0.236944281988064,4.33653655161175,0.999999999999999,1,"Zfp780b","Prg2",0.2,0.04
-0.236944281988064,4.33653655161175,0.999999999999999,1,"Pdcd2l","Prg2",0.2,0.04
-0.236944281988064,4.33653655161175,0.999999999999999,1,"Isg20","Prg2",0.2,0.04
-0.236944281988064,4.33653655161175,0.999999999999999,1,"Tmem135","Prg2",0.2,0.04
-0.236944281988064,4.33653655161175,0.999999999999999,1,"Supv3l1","Prg2",0.2,0.04
-0.236944281988064,4.33653655161175,0.999999999999999,1,"Dtx3","Prg2",0.2,0.04
-0.236944281988064,4.33653655161175,0.999999999999999,1,"Exoc8","Prg2",0.2,0.04
-0.236944281988064,4.33653655161175,0.999999999999999,1,"Saysd1","Prg2",0.2,0.04
-0.236944281988064,4.33653655161175,0.999999999999999,1,"Sacs","Prg2",0.2,0.04
-0.236944281988064,4.33653655161175,0.999999999999999,1,"Gpr180","Prg2",0.2,0.04
-0.236944281988064,4.33653655161175,0.999999999999999,1,"Zfp26","Prg2",0.2,0.04
-0.236944281988064,4.33653655161175,0.999999999999999,1,"Oaf","Prg2",0.2,0.04
-0.236944281988064,4.33653655161175,0.999999999999999,1,"Ift46","Prg2",0.2,0.04
-0.236944281988064,4.33653655161175,0.999999999999999,1,"Trip4","Prg2",0.2,0.04
-0.236944281988064,4.33653655161175,0.999999999999999,1,"Dbr1","Prg2",0.2,0.04
-0.236944281988064,4.33653655161175,0.999999999999999,1,"Pik3r4","Prg2",0.2,0.04
-0.236944281988064,4.33653655161175,0.999999999999999,1,"Naglu","Prg2",0.2,0.04
-0.236944281988064,4.33653655161175,0.999999999999999,1,"Strada","Prg2",0.2,0.04
-0.236944281988064,4.33653655161175,0.999999999999999,1,"1810032O08Rik","Prg2",0.2,0.04
-0.236944281988064,4.33653655161175,0.999999999999999,1,"Chmp6","Prg2",0.2,0.04
-0.236944281988064,4.33653655161175,0.999999999999999,1,"Gfod1","Prg2",0.2,0.04
-0.236944281988064,4.33653655161175,0.999999999999999,1,"Cltb","Prg2",0.2,0.04
-0.236944281988064,4.33653655161175,0.999999999999999,1,"Ice1","Prg2",0.2,0.04
-0.236944281988064,4.33653655161175,0.999999999999999,1,"Cenpo","Prg2",0.2,0.04
-0.236944281988064,4.33653655161175,0.999999999999999,1,"Pacs2","Prg2",0.2,0.04
-0.236944281988064,4.33653655161175,0.999999999999999,1,"Slc25a23","Prg2",0.2,0.04
-0.236944281988064,4.33653655161175,0.999999999999999,1,"Ric1","Prg2",0.2,0.04
-0.236944281988064,4.33653655161175,0.999999999999999,1,"Lcor","Prg2",0.2,0.04
-0.236944281988064,4.33653655161175,0.999999999999999,1,"Fam45a","Prg2",0.2,0.04
-0.038419918971984,6.98725402066808,0.999999999999999,1,"Tcf25","Prg2",0.2,0.04
0.0281339018443114,7.10981318883993,0.999999999999999,1,"Erh","Prg2",0.2,0.04
0.0220051222014685,7.52442778298621,0.999999999999999,1,"Grb2","Prg2",0.2,0.04
0.0167726736233105,7.33598885738399,0.999999999999999,1,"Mrpl12","Prg2",0.2,0.04
0.0153099147634679,6.99216513360242,0.999999999999999,1,"Gar1","Prg2",0.2,0.04
0.24094739625506,4.49680528217558,1,1,"Coq10b","Prg2",0.2,0.04
0.24094739625506,4.49680528217558,1,1,"Pecr","Prg2",0.2,0.04
0.24094739625506,4.49680528217558,1,1,"Insig2","Prg2",0.2,0.04
0.24094739625506,4.49680528217558,1,1,"Nuak2","Prg2",0.2,0.04
0.24094739625506,4.49680528217558,1,1,"Ambra1","Prg2",0.2,0.04
0.24094739625506,4.49680528217558,1,1,"Pygb","Prg2",0.2,0.04
0.24094739625506,4.49680528217558,1,1,"Pigu","Prg2",0.2,0.04
0.24094739625506,4.49680528217558,1,1,"Lsm14b","Prg2",0.2,0.04
0.24094739625506,4.49680528217558,1,1,"Mbtps2","Prg2",0.2,0.04
0.24094739625506,4.49680528217558,1,1,"Trmt13","Prg2",0.2,0.04
0.24094739625506,4.49680528217558,1,1,"Zfp984","Prg2",0.2,0.04
0.24094739625506,4.49680528217558,1,1,"Zc3hc1","Prg2",0.2,0.04
0.24094739625506,4.49680528217558,1,1,"Ap3s2","Prg2",0.2,0.04
0.24094739625506,4.49680528217558,1,1,"Zfp592","Prg2",0.2,0.04
0.24094739625506,4.49680528217558,1,1,"Fam168a","Prg2",0.2,0.04
0.24094739625506,4.49680528217558,1,1,"Smpd1","Prg2",0.2,0.04
0.24094739625506,4.49680528217558,1,1,"Gamt","Prg2",0.2,0.04
0.24094739625506,4.49680528217558,1,1,"Cers4","Prg2",0.2,0.04
0.24094739625506,4.49680528217558,1,1,"Primpol","Prg2",0.2,0.04
0.24094739625506,4.49680528217558,1,1,"Usb1","Prg2",0.2,0.04
0.24094739625506,4.49680528217558,1,1,"Cog4","Prg2",0.2,0.04
0.24094739625506,4.49680528217558,1,1,"Urb2","Prg2",0.2,0.04
0.24094739625506,4.49680528217558,1,1,"Ccdc82","Prg2",0.2,0.04
0.24094739625506,4.49680528217558,1,1,"Ecsit","Prg2",0.2,0.04
0.24094739625506,4.49680528217558,1,1,"Tex264","Prg2",0.2,0.04
0.24094739625506,4.49680528217558,1,1,"Zfp692","Prg2",0.2,0.04
0.24094739625506,4.49680528217558,1,1,"Atxn7l3","Prg2",0.2,0.04
0.24094739625506,4.49680528217558,1,1,"Fdxr","Prg2",0.2,0.04
0.24094739625506,4.49680528217558,1,1,"Ctsl","Prg2",0.2,0.04
0.24094739625506,4.49680528217558,1,1,"Pop1","Prg2",0.2,0.04
0.24094739625506,4.49680528217558,1,1,"Lrrk2","Prg2",0.2,0.04
0.24094739625506,4.49680528217558,1,1,"Fbxo45","Prg2",0.2,0.04
0.24094739625506,4.49680528217558,1,1,"Zfp160","Prg2",0.2,0.04
0.24094739625506,4.49680528217558,1,1,"Slc14a1","Prg2",0.2,0.04
0.24094739625506,4.49680528217558,1,1,"Unc93b1","Prg2",0.2,0.04
-0.238447793593837,4.89305180605791,1,1,"Rab3gap1","Prg2",0.2,0.04
-0.238447793593837,4.89305180605791,1,1,"Phf20","Prg2",0.2,0.04
-0.238447793593837,4.89305180605791,1,1,"Trp53rka","Prg2",0.2,0.04
-0.238447793593837,4.89305180605791,1,1,"Rab22a","Prg2",0.2,0.04
-0.238447793593837,4.89305180605791,1,1,"Wls","Prg2",0.2,0.04
-0.238447793593837,4.89305180605791,1,1,"Cc2d1b","Prg2",0.2,0.04
-0.238447793593837,4.89305180605791,1,1,"Cenps","Prg2",0.2,0.04
-0.238447793593837,4.89305180605791,1,1,"Triap1","Prg2",0.2,0.04
-0.238447793593837,4.89305180605791,1,1,"Gtf3c1","Prg2",0.2,0.04
-0.238447793593837,4.89305180605791,1,1,"Ilvbl","Prg2",0.2,0.04
-0.238447793593837,4.89305180605791,1,1,"Chpt1","Prg2",0.2,0.04
-0.238447793593837,4.89305180605791,1,1,"Uhrf1bp1l","Prg2",0.2,0.04
-0.238447793593837,4.89305180605791,1,1,"Aga","Prg2",0.2,0.04
-0.238447793593837,4.89305180605791,1,1,"Gng2","Prg2",0.2,0.04
-0.238447793593837,4.89305180605791,1,1,"Cpd","Prg2",0.2,0.04
-0.238447793593837,4.89305180605791,1,1,"Dhx40","Prg2",0.2,0.04
-0.238447793593837,4.89305180605791,1,1,"Kctd2","Prg2",0.2,0.04
-0.238447793593837,4.89305180605791,1,1,"Col4a3bp","Prg2",0.2,0.04
-0.238447793593837,4.89305180605791,1,1,"Srp54a","Prg2",0.2,0.04
-0.238447793593837,4.89305180605791,1,1,"Brf1","Prg2",0.2,0.04
-0.238447793593837,4.89305180605791,1,1,"Zfp942","Prg2",0.2,0.04
-0.238447793593837,4.89305180605791,1,1,"Supt3","Prg2",0.2,0.04
-0.237610156681283,4.54698060176607,1,1,"Aspm","Prg2",0.2,0.04
-0.237610156681283,4.54698060176607,1,1,"Pxmp4","Prg2",0.2,0.04
-0.237610156681283,4.54698060176607,1,1,"Fbxl5","Prg2",0.2,0.04
-0.237610156681283,4.54698060176607,1,1,"Sh2b3","Prg2",0.2,0.04
-0.237610156681283,4.54698060176607,1,1,"Smo","Prg2",0.2,0.04
-0.237610156681283,4.54698060176607,1,1,"Zfp444","Prg2",0.2,0.04
-0.237610156681283,4.54698060176607,1,1,"Saal1","Prg2",0.2,0.04
-0.237610156681283,4.54698060176607,1,1,"Elmod2","Prg2",0.2,0.04
-0.237610156681283,4.54698060176607,1,1,"Lpar6","Prg2",0.2,0.04
-0.237610156681283,4.54698060176607,1,1,"Vwa5a","Prg2",0.2,0.04
-0.237610156681283,4.54698060176607,1,1,"Edc3","Prg2",0.2,0.04
-0.237610156681283,4.54698060176607,1,1,"Ubl7","Prg2",0.2,0.04
-0.237610156681283,4.54698060176607,1,1,"Rad54l2","Prg2",0.2,0.04
-0.237610156681283,4.54698060176607,1,1,"Tbce","Prg2",0.2,0.04
-0.237610156681283,4.54698060176607,1,1,"Fam193b","Prg2",0.2,0.04
-0.237610156681283,4.54698060176607,1,1,"Togaram1","Prg2",0.2,0.04
-0.237610156681283,4.54698060176607,1,1,"Dio2","Prg2",0.2,0.04
-0.237610156681283,4.54698060176607,1,1,"Tecpr2","Prg2",0.2,0.04
-0.237610156681283,4.54698060176607,1,1,"Cluap1","Prg2",0.2,0.04
-0.237610156681283,4.54698060176607,1,1,"Mllt1","Prg2",0.2,0.04
-0.237610156681283,4.54698060176607,1,1,"Kctd1","Prg2",0.2,0.04
-0.235952453816807,4.08977676148249,1,1,"Cnot11","Prg2",0.2,0.04
-0.235952453816807,4.08977676148249,1,1,"Smarcal1","Prg2",0.2,0.04
-0.235952453816807,4.08977676148249,1,1,"Card9","Prg2",0.2,0.04
-0.235952453816807,4.08977676148249,1,1,"Ptges2","Prg2",0.2,0.04
-0.235952453816807,4.08977676148249,1,1,"Eif2ak4","Prg2",0.2,0.04
-0.235952453816807,4.08977676148249,1,1,"Zc3h8","Prg2",0.2,0.04
-0.235952453816807,4.08977676148249,1,1,"Gss","Prg2",0.2,0.04
-0.235952453816807,4.08977676148249,1,1,"Rp2","Prg2",0.2,0.04
-0.235952453816807,4.08977676148249,1,1,"Siah1b","Prg2",0.2,0.04
-0.235952453816807,4.08977676148249,1,1,"Spg20","Prg2",0.2,0.04
-0.235952453816807,4.08977676148249,1,1,"Mex3a","Prg2",0.2,0.04
-0.235952453816807,4.08977676148249,1,1,"Trmt10b","Prg2",0.2,0.04
-0.235952453816807,4.08977676148249,1,1,"Tnip2","Prg2",0.2,0.04
-0.235952453816807,4.08977676148249,1,1,"Aasdh","Prg2",0.2,0.04
-0.235952453816807,4.08977676148249,1,1,"Sumf2","Prg2",0.2,0.04
-0.235952453816807,4.08977676148249,1,1,"Agfg2","Prg2",0.2,0.04
-0.235952453816807,4.08977676148249,1,1,"Hoxa5","Prg2",0.2,0.04
-0.235952453816807,4.08977676148249,1,1,"Slc41a3","Prg2",0.2,0.04
-0.235952453816807,4.08977676148249,1,1,"Tuba8","Prg2",0.2,0.04
-0.235952453816807,4.08977676148249,1,1,"Coq8b","Prg2",0.2,0.04
-0.235952453816807,4.08977676148249,1,1,"Gpatch1","Prg2",0.2,0.04
-0.235952453816807,4.08977676148249,1,1,"Ears2","Prg2",0.2,0.04
-0.235952453816807,4.08977676148249,1,1,"Il21r","Prg2",0.2,0.04
-0.235952453816807,4.08977676148249,1,1,"Dhx32","Prg2",0.2,0.04
-0.235952453816807,4.08977676148249,1,1,"Perp","Prg2",0.2,0.04
-0.235952453816807,4.08977676148249,1,1,"Abhd13","Prg2",0.2,0.04
-0.235952453816807,4.08977676148249,1,1,"Dcun1d2","Prg2",0.2,0.04
-0.235952453816807,4.08977676148249,1,1,"Hp","Prg2",0.2,0.04
-0.235952453816807,4.08977676148249,1,1,"Sprtn","Prg2",0.2,0.04
-0.235952453816807,4.08977676148249,1,1,"Mettl17","Prg2",0.2,0.04
-0.235952453816807,4.08977676148249,1,1,"Ptpn9","Prg2",0.2,0.04
-0.235952453816807,4.08977676148249,1,1,"Dis3l","Prg2",0.2,0.04
-0.235952453816807,4.08977676148249,1,1,"Hyal2","Prg2",0.2,0.04
-0.235952453816807,4.08977676148249,1,1,"Maml1","Prg2",0.2,0.04
-0.235952453816807,4.08977676148249,1,1,"Ttll5","Prg2",0.2,0.04
-0.235952453816807,4.08977676148249,1,1,"Ankrd46","Prg2",0.2,0.04
-0.235952453816807,4.08977676148249,1,1,"Ercc4","Prg2",0.2,0.04
-0.235952453816807,4.08977676148249,1,1,"Lrch3","Prg2",0.2,0.04
-0.235952453816807,4.08977676148249,1,1,"Pdia5","Prg2",0.2,0.04
-0.235952453816807,4.08977676148249,1,1,"Flywch1","Prg2",0.2,0.04
-0.235952453816807,4.08977676148249,1,1,"Plcl2","Prg2",0.2,0.04
-0.235952453816807,4.08977676148249,1,1,"Map3k2","Prg2",0.2,0.04
-0.235952453816807,4.08977676148249,1,1,"Esrra","Prg2",0.2,0.04
-0.235952453816807,4.08977676148249,1,1,"Fbxl15","Prg2",0.2,0.04
0.120278734542494,4.85603511505844,1,1,"Nvl","Prg2",0.2,0.04
0.120278734542494,4.85603511505844,1,1,"Fbxo18","Prg2",0.2,0.04
0.120278734542494,4.85603511505844,1,1,"Nat10","Prg2",0.2,0.04
0.120278734542494,4.85603511505844,1,1,"Fam193a","Prg2",0.2,0.04
0.120278734542494,4.85603511505844,1,1,"5730480H06Rik","Prg2",0.2,0.04
0.120278734542494,4.85603511505844,1,1,"Gnpda2","Prg2",0.2,0.04
0.120278734542494,4.85603511505844,1,1,"Tyw1","Prg2",0.2,0.04
0.120278734542494,4.85603511505844,1,1,"C1galt1","Prg2",0.2,0.04
0.120278734542494,4.85603511505844,1,1,"Crbn","Prg2",0.2,0.04
0.120278734542494,4.85603511505844,1,1,"Recql","Prg2",0.2,0.04
0.120278734542494,4.85603511505844,1,1,"Zfp260","Prg2",0.2,0.04
0.120278734542494,4.85603511505844,1,1,"Aqp11","Prg2",0.2,0.04
0.120278734542494,4.85603511505844,1,1,"L3mbtl3","Prg2",0.2,0.04
0.120278734542494,4.85603511505844,1,1,"1700021F05Rik","Prg2",0.2,0.04
0.120278734542494,4.85603511505844,1,1,"Csrp2","Prg2",0.2,0.04
0.120278734542494,4.85603511505844,1,1,"Usp38","Prg2",0.2,0.04
0.120278734542494,4.85603511505844,1,1,"E2f3","Prg2",0.2,0.04
0.120278734542494,4.85603511505844,1,1,"Rmi1","Prg2",0.2,0.04
0.120278734542494,4.85603511505844,1,1,"Ipo11","Prg2",0.2,0.04
0.120278734542494,4.85603511505844,1,1,"Gskip","Prg2",0.2,0.04
0.120278734542494,4.85603511505844,1,1,"Atf7","Prg2",0.2,0.04
0.120278734542494,4.85603511505844,1,1,"Urb1","Prg2",0.2,0.04
0.120278734542494,4.85603511505844,1,1,"Srf","Prg2",0.2,0.04
0.120278734542494,4.85603511505844,1,1,"Tbcc","Prg2",0.2,0.04
0.120278734542494,4.85603511505844,1,1,"Prepl","Prg2",0.2,0.04
0.120278734542494,4.85603511505844,1,1,"Mtpap","Prg2",0.2,0.04
-0.11461339988572,5.33769463136452,1,1,"Sec16a","Prg2",0.2,0.04
-0.11461339988572,5.33769463136452,1,1,"Alg5","Prg2",0.2,0.04
-0.11461339988572,5.33769463136452,1,1,"Ppp1r12c","Prg2",0.2,0.04
-0.11461339988572,5.33769463136452,1,1,"Slc16a6","Prg2",0.2,0.04
-0.11461339988572,5.33769463136452,1,1,"Mif4gd","Prg2",0.2,0.04
-0.11461339988572,5.33769463136452,1,1,"Eapp","Prg2",0.2,0.04
-0.11461339988572,5.33769463136452,1,1,"Cramp1l","Prg2",0.2,0.04
-0.11461339988572,5.33769463136452,1,1,"Bag6","Prg2",0.2,0.04
-0.11461339988572,5.33769463136452,1,1,"Zfyve27","Prg2",0.2,0.04
0.105474413654764,4.55922912356176,1,1,"Trub2","Prg2",0.2,0.04
0.105474413654764,4.55922912356176,1,1,"Haus2","Prg2",0.2,0.04
0.105474413654764,4.55922912356176,1,1,"Dlgap4","Prg2",0.2,0.04
0.105474413654764,4.55922912356176,1,1,"Ralgapb","Prg2",0.2,0.04
0.105474413654764,4.55922912356176,1,1,"F8a","Prg2",0.2,0.04
0.105474413654764,4.55922912356176,1,1,"Ercc6l","Prg2",0.2,0.04
0.105474413654764,4.55922912356176,1,1,"Dennd4b","Prg2",0.2,0.04
0.105474413654764,4.55922912356176,1,1,"Camk2d","Prg2",0.2,0.04
0.105474413654764,4.55922912356176,1,1,"Ccne2","Prg2",0.2,0.04
0.105474413654764,4.55922912356176,1,1,"Scfd2","Prg2",0.2,0.04
0.105474413654764,4.55922912356176,1,1,"Fbrsl1","Prg2",0.2,0.04
0.105474413654764,4.55922912356176,1,1,"2810006K23Rik","Prg2",0.2,0.04
0.105474413654764,4.55922912356176,1,1,"Dnajc30","Prg2",0.2,0.04
0.105474413654764,4.55922912356176,1,1,"Zbtb45","Prg2",0.2,0.04
0.105474413654764,4.55922912356176,1,1,"Mark4","Prg2",0.2,0.04
0.105474413654764,4.55922912356176,1,1,"Sipa1l3","Prg2",0.2,0.04
0.105474413654764,4.55922912356176,1,1,"9430038I01Rik","Prg2",0.2,0.04
0.105474413654764,4.55922912356176,1,1,"Pdxk","Prg2",0.2,0.04
0.105474413654764,4.55922912356176,1,1,"Ckap2","Prg2",0.2,0.04
0.105474413654764,4.55922912356176,1,1,"Slc20a2","Prg2",0.2,0.04
0.105474413654764,4.55922912356176,1,1,"Anapc10","Prg2",0.2,0.04
0.105474413654764,4.55922912356176,1,1,"Prkaca","Prg2",0.2,0.04
0.105474413654764,4.55922912356176,1,1,"Sfmbt1","Prg2",0.2,0.04
0.105474413654764,4.55922912356176,1,1,"R3hcc1","Prg2",0.2,0.04
0.105474413654764,4.55922912356176,1,1,"Pdlim2","Prg2",0.2,0.04
0.105474413654764,4.55922912356176,1,1,"Mapk9","Prg2",0.2,0.04
0.105474413654764,4.55922912356176,1,1,"Socs7","Prg2",0.2,0.04
0.105474413654764,4.55922912356176,1,1,"Sec14l1","Prg2",0.2,0.04
0.105474413654764,4.55922912356176,1,1,"Lyst","Prg2",0.2,0.04
0.105474413654764,4.55922912356176,1,1,"Snx18","Prg2",0.2,0.04
0.105474413654764,4.55922912356176,1,1,"Wdr20","Prg2",0.2,0.04
0.105474413654764,4.55922912356176,1,1,"Washc5","Prg2",0.2,0.04
0.105474413654764,4.55922912356176,1,1,"Abcc1","Prg2",0.2,0.04
0.105474413654764,4.55922912356176,1,1,"Osbpl11","Prg2",0.2,0.04
0.105474413654764,4.55922912356176,1,1,"H2-Ab1","Prg2",0.2,0.04
0.105474413654764,4.55922912356176,1,1,"Lbh","Prg2",0.2,0.04
0.105474413654764,4.55922912356176,1,1,"3110002H16Rik","Prg2",0.2,0.04
0.105474413654764,4.55922912356176,1,1,"Tcirg1","Prg2",0.2,0.04
-0.048131758591533,5.97524343013279,1,1,"Vamp4","Prg2",0.2,0.04
-0.048131758591533,5.97524343013279,1,1,"Csnk2a2","Prg2",0.2,0.04
-0.048131758591533,5.97524343013279,1,1,"Atp6v1a","Prg2",0.2,0.04
-0.048131758591533,5.97524343013279,1,1,"Osbp","Prg2",0.2,0.04
0.0100521538608956,7.7190378637859,1,1,"Cd81","Prg2",0.2,0.04
-0.0072507618206587,8.41705982665691,1,1,"Anp32a","Prg2",0.2,0.04
-0.542095224239977,3.5465364911632,1,1,"Lipt1","Prg2",0.2,0.04
-0.542095224239977,3.5465364911632,1,1,"Bivm","Prg2",0.2,0.04
-0.542095224239977,3.5465364911632,1,1,"Ercc5","Prg2",0.2,0.04
-0.542095224239977,3.5465364911632,1,1,"Inpp1","Prg2",0.2,0.04
-0.542095224239977,3.5465364911632,1,1,"1700066M21Rik","Prg2",0.2,0.04
-0.542095224239977,3.5465364911632,1,1,"Dnajb2","Prg2",0.2,0.04
-0.542095224239977,3.5465364911632,1,1,"Fam72a","Prg2",0.2,0.04
-0.542095224239977,3.5465364911632,1,1,"Rab29","Prg2",0.2,0.04
-0.542095224239977,3.5465364911632,1,1,"Ddx59","Prg2",0.2,0.04
-0.542095224239977,3.5465364911632,1,1,"Chml","Prg2",0.2,0.04
-0.542095224239977,3.5465364911632,1,1,"Nek2","Prg2",0.2,0.04
-0.542095224239977,3.5465364911632,1,1,"Ifih1","Prg2",0.2,0.04
-0.542095224239977,3.5465364911632,1,1,"Ddb2","Prg2",0.2,0.04
-0.542095224239977,3.5465364911632,1,1,"Shf","Prg2",0.2,0.04
-0.542095224239977,3.5465364911632,1,1,"Zgpat","Prg2",0.2,0.04
-0.542095224239977,3.5465364911632,1,1,"Xlr4a","Prg2",0.2,0.04
-0.542095224239977,3.5465364911632,1,1,"5430427O19Rik","Prg2",0.2,0.04
-0.542095224239977,3.5465364911632,1,1,"Gspt2","Prg2",0.2,0.04
-0.542095224239977,3.5465364911632,1,1,"Itm2a","Prg2",0.2,0.04
-0.542095224239977,3.5465364911632,1,1,"P2ry1","Prg2",0.2,0.04
-0.542095224239977,3.5465364911632,1,1,"Iqgap3","Prg2",0.2,0.04
-0.542095224239977,3.5465364911632,1,1,"Wars2","Prg2",0.2,0.04
-0.542095224239977,3.5465364911632,1,1,"Mov10","Prg2",0.2,0.04
-0.542095224239977,3.5465364911632,1,1,"Gm43848","Prg2",0.2,0.04
-0.542095224239977,3.5465364911632,1,1,"Rad54b","Prg2",0.2,0.04
-0.542095224239977,3.5465364911632,1,1,"Faah","Prg2",0.2,0.04
-0.542095224239977,3.5465364911632,1,1,"Tmem69","Prg2",0.2,0.04
-0.542095224239977,3.5465364911632,1,1,"Tmem53","Prg2",0.2,0.04
-0.542095224239977,3.5465364911632,1,1,"Tnfrsf1b","Prg2",0.2,0.04
-0.542095224239977,3.5465364911632,1,1,"Ift172","Prg2",0.2,0.04
-0.542095224239977,3.5465364911632,1,1,"Tbc1d19","Prg2",0.2,0.04
-0.542095224239977,3.5465364911632,1,1,"Slc12a9","Prg2",0.2,0.04
-0.542095224239977,3.5465364911632,1,1,"9130604C24Rik","Prg2",0.2,0.04
-0.542095224239977,3.5465364911632,1,1,"Zfand2a","Prg2",0.2,0.04
-0.542095224239977,3.5465364911632,1,1,"Zfp956","Prg2",0.2,0.04
-0.542095224239977,3.5465364911632,1,1,"Herc3","Prg2",0.2,0.04
-0.542095224239977,3.5465364911632,1,1,"Zfp790","Prg2",0.2,0.04
-0.542095224239977,3.5465364911632,1,1,"Pkp3","Prg2",0.2,0.04
-0.542095224239977,3.5465364911632,1,1,"Pdss2","Prg2",0.2,0.04
-0.542095224239977,3.5465364911632,1,1,"Msl3l2","Prg2",0.2,0.04
-0.542095224239977,3.5465364911632,1,1,"Pcbp3","Prg2",0.2,0.04
-0.542095224239977,3.5465364911632,1,1,"Tle6","Prg2",0.2,0.04
-0.542095224239977,3.5465364911632,1,1,"Erbb3","Prg2",0.2,0.04
-0.542095224239977,3.5465364911632,1,1,"Micu3","Prg2",0.2,0.04
-0.542095224239977,3.5465364911632,1,1,"Armc6","Prg2",0.2,0.04
-0.542095224239977,3.5465364911632,1,1,"Zfp317","Prg2",0.2,0.04
-0.542095224239977,3.5465364911632,1,1,"Fbxl12","Prg2",0.2,0.04
-0.542095224239977,3.5465364911632,1,1,"Ccdc15","Prg2",0.2,0.04
-0.542095224239977,3.5465364911632,1,1,"Mpi","Prg2",0.2,0.04
-0.542095224239977,3.5465364911632,1,1,"Lysmd2","Prg2",0.2,0.04
-0.542095224239977,3.5465364911632,1,1,"Pemt","Prg2",0.2,0.04
-0.542095224239977,3.5465364911632,1,1,"Tnfaip1","Prg2",0.2,0.04
-0.542095224239977,3.5465364911632,1,1,"Rnf43","Prg2",0.2,0.04
-0.542095224239977,3.5465364911632,1,1,"Coil","Prg2",0.2,0.04
-0.542095224239977,3.5465364911632,1,1,"Zfp874b","Prg2",0.2,0.04
-0.542095224239977,3.5465364911632,1,1,"Srd5a1","Prg2",0.2,0.04
-0.542095224239977,3.5465364911632,1,1,"Arrdc3","Prg2",0.2,0.04
-0.542095224239977,3.5465364911632,1,1,"Numb","Prg2",0.2,0.04
-0.542095224239977,3.5465364911632,1,1,"Tmed8","Prg2",0.2,0.04
-0.542095224239977,3.5465364911632,1,1,"Efcab11","Prg2",0.2,0.04
-0.542095224239977,3.5465364911632,1,1,"Tedc1","Prg2",0.2,0.04
-0.542095224239977,3.5465364911632,1,1,"Fam118a","Prg2",0.2,0.04
-0.542095224239977,3.5465364911632,1,1,"Tubgcp6","Prg2",0.2,0.04
-0.542095224239977,3.5465364911632,1,1,"Troap","Prg2",0.2,0.04
-0.542095224239977,3.5465364911632,1,1,"1700037C18Rik","Prg2",0.2,0.04
-0.542095224239977,3.5465364911632,1,1,"Cpped1","Prg2",0.2,0.04
-0.542095224239977,3.5465364911632,1,1,"Vps8","Prg2",0.2,0.04
-0.542095224239977,3.5465364911632,1,1,"Qtrt2","Prg2",0.2,0.04
-0.542095224239977,3.5465364911632,1,1,"Zfp472","Prg2",0.2,0.04
-0.542095224239977,3.5465364911632,1,1,"Zfp81","Prg2",0.2,0.04
-0.542095224239977,3.5465364911632,1,1,"H2-Ob","Prg2",0.2,0.04
-0.542095224239977,3.5465364911632,1,1,"Kdm4b","Prg2",0.2,0.04
-0.542095224239977,3.5465364911632,1,1,"Morn2","Prg2",0.2,0.04
-0.542095224239977,3.5465364911632,1,1,"Crem","Prg2",0.2,0.04
-0.542095224239977,3.5465364911632,1,1,"Klc2","Prg2",0.2,0.04
0.3323508924231,3.56128645678363,1,1,"Ly9","Prg2",0.2,0.04
0.3323508924231,3.56128645678363,1,1,"Rps6kc1","Prg2",0.2,0.04
0.3323508924231,3.56128645678363,1,1,"Nsun6","Prg2",0.2,0.04
0.3323508924231,3.56128645678363,1,1,"Clcn5","Prg2",0.2,0.04
0.3323508924231,3.56128645678363,1,1,"Dlg3","Prg2",0.2,0.04
0.3323508924231,3.56128645678363,1,1,"Skil","Prg2",0.2,0.04
0.3323508924231,3.56128645678363,1,1,"Med12l","Prg2",0.2,0.04
0.3323508924231,3.56128645678363,1,1,"Ptpru","Prg2",0.2,0.04
0.3323508924231,3.56128645678363,1,1,"Gpatch3","Prg2",0.2,0.04
0.3323508924231,3.56128645678363,1,1,"Nipal3","Prg2",0.2,0.04
0.3323508924231,3.56128645678363,1,1,"Clcn6","Prg2",0.2,0.04
0.3323508924231,3.56128645678363,1,1,"C530008M17Rik","Prg2",0.2,0.04
0.3323508924231,3.56128645678363,1,1,"Lrrc8c","Prg2",0.2,0.04
0.3323508924231,3.56128645678363,1,1,"Gatc","Prg2",0.2,0.04
0.3323508924231,3.56128645678363,1,1,"Zfp11","Prg2",0.2,0.04
0.3323508924231,3.56128645678363,1,1,"Ap5z1","Prg2",0.2,0.04
0.3323508924231,3.56128645678363,1,1,"Ahcyl2","Prg2",0.2,0.04
0.3323508924231,3.56128645678363,1,1,"Repin1","Prg2",0.2,0.04
0.3323508924231,3.56128645678363,1,1,"Abcg2","Prg2",0.2,0.04
0.3323508924231,3.56128645678363,1,1,"Cand2","Prg2",0.2,0.04
0.3323508924231,3.56128645678363,1,1,"Hebp1","Prg2",0.2,0.04
0.3323508924231,3.56128645678363,1,1,"Isoc2a","Prg2",0.2,0.04
0.3323508924231,3.56128645678363,1,1,"Zfp111","Prg2",0.2,0.04
0.3323508924231,3.56128645678363,1,1,"Zfp715","Prg2",0.2,0.04
0.3323508924231,3.56128645678363,1,1,"Peg12","Prg2",0.2,0.04
0.3323508924231,3.56128645678363,1,1,"Sema4b","Prg2",0.2,0.04
0.3323508924231,3.56128645678363,1,1,"Oraov1","Prg2",0.2,0.04
0.3323508924231,3.56128645678363,1,1,"Lrrc20","Prg2",0.2,0.04
0.3323508924231,3.56128645678363,1,1,"2610008E11Rik","Prg2",0.2,0.04
0.3323508924231,3.56128645678363,1,1,"Snx25","Prg2",0.2,0.04
0.3323508924231,3.56128645678363,1,1,"Gm26532","Prg2",0.2,0.04
0.3323508924231,3.56128645678363,1,1,"Neto2","Prg2",0.2,0.04
0.3323508924231,3.56128645678363,1,1,"Mon1b","Prg2",0.2,0.04
0.3323508924231,3.56128645678363,1,1,"Cenpn","Prg2",0.2,0.04
0.3323508924231,3.56128645678363,1,1,"Phf7","Prg2",0.2,0.04
0.3323508924231,3.56128645678363,1,1,"Peli2","Prg2",0.2,0.04
0.3323508924231,3.56128645678363,1,1,"Bcl2l2","Prg2",0.2,0.04
0.3323508924231,3.56128645678363,1,1,"Emc9","Prg2",0.2,0.04
0.3323508924231,3.56128645678363,1,1,"Ift88","Prg2",0.2,0.04
0.3323508924231,3.56128645678363,1,1,"Slc39a14","Prg2",0.2,0.04
0.3323508924231,3.56128645678363,1,1,"Eepd1","Prg2",0.2,0.04
0.3323508924231,3.56128645678363,1,1,"Ttk","Prg2",0.2,0.04
0.3323508924231,3.56128645678363,1,1,"1190002N15Rik","Prg2",0.2,0.04
0.3323508924231,3.56128645678363,1,1,"A530017D24Rik","Prg2",0.2,0.04
0.3323508924231,3.56128645678363,1,1,"Tubd1","Prg2",0.2,0.04
0.3323508924231,3.56128645678363,1,1,"Nme2","Prg2",0.2,0.04
0.3323508924231,3.56128645678363,1,1,"Cd300lb","Prg2",0.2,0.04
0.3323508924231,3.56128645678363,1,1,"Fads6","Prg2",0.2,0.04
0.3323508924231,3.56128645678363,1,1,"Rnf157","Prg2",0.2,0.04
0.3323508924231,3.56128645678363,1,1,"Serpinb6b","Prg2",0.2,0.04
0.3323508924231,3.56128645678363,1,1,"Bloc1s5","Prg2",0.2,0.04
0.3323508924231,3.56128645678363,1,1,"Simc1","Prg2",0.2,0.04
0.3323508924231,3.56128645678363,1,1,"Arl10","Prg2",0.2,0.04
0.3323508924231,3.56128645678363,1,1,"Mfsd2b","Prg2",0.2,0.04
0.3323508924231,3.56128645678363,1,1,"Gm20604","Prg2",0.2,0.04
0.3323508924231,3.56128645678363,1,1,"Syne3","Prg2",0.2,0.04
0.3323508924231,3.56128645678363,1,1,"Gtse1","Prg2",0.2,0.04
0.3323508924231,3.56128645678363,1,1,"Odf3b","Prg2",0.2,0.04
0.3323508924231,3.56128645678363,1,1,"Rabl2","Prg2",0.2,0.04
0.3323508924231,3.56128645678363,1,1,"Ift140","Prg2",0.2,0.04
0.3323508924231,3.56128645678363,1,1,"Slc37a1","Prg2",0.2,0.04
0.3323508924231,3.56128645678363,1,1,"B230354K17Rik","Prg2",0.2,0.04
0.3323508924231,3.56128645678363,1,1,"Nrtn","Prg2",0.2,0.04
0.3323508924231,3.56128645678363,1,1,"Trip10","Prg2",0.2,0.04
0.3323508924231,3.56128645678363,1,1,"Heatr5b","Prg2",0.2,0.04
0.3323508924231,3.56128645678363,1,1,"Sap130","Prg2",0.2,0.04
0.3323508924231,3.56128645678363,1,1,"Ldlrad4","Prg2",0.2,0.04
0.3323508924231,3.56128645678363,1,1,"Vps51","Prg2",0.2,0.04
0.3323508924231,3.56128645678363,1,1,"Rps6ka4","Prg2",0.2,0.04
0.141412002011617,5.496557458431,1,1,"Setdb1","Prg2",0.2,0.04
0.141412002011617,5.496557458431,1,1,"Pgm2","Prg2",0.2,0.04
0.141412002011617,5.496557458431,1,1,"Nrbp1","Prg2",0.2,0.04
0.141412002011617,5.496557458431,1,1,"Heatr3","Prg2",0.2,0.04
0.141412002011617,5.496557458431,1,1,"Plcg2","Prg2",0.2,0.04
0.141412002011617,5.496557458431,1,1,"Prkca","Prg2",0.2,0.04
0.141412002011617,5.496557458431,1,1,"Nubp1","Prg2",0.2,0.04
0.0804194343188993,5.52696982287892,1,1,"Arhgef6","Prg2",0.2,0.04
0.0804194343188993,5.52696982287892,1,1,"Mef2d","Prg2",0.2,0.04
0.0804194343188993,5.52696982287892,1,1,"Topors","Prg2",0.2,0.04
0.0804194343188993,5.52696982287892,1,1,"Inip","Prg2",0.2,0.04
0.0804194343188993,5.52696982287892,1,1,"Mysm1","Prg2",0.2,0.04
0.0804194343188993,5.52696982287892,1,1,"Dnajc11","Prg2",0.2,0.04
0.0804194343188993,5.52696982287892,1,1,"Icam4","Prg2",0.2,0.04
0.0804194343188993,5.52696982287892,1,1,"Ppp2r5e","Prg2",0.2,0.04
-0.0770006283646667,5.51771336372924,1,1,"Tm2d1","Prg2",0.2,0.04
-0.0770006283646667,5.51771336372924,1,1,"Mrpl19","Prg2",0.2,0.04
-0.0770006283646667,5.51771336372924,1,1,"Nup107","Prg2",0.2,0.04
-0.0770006283646667,5.51771336372924,1,1,"Pik3ip1","Prg2",0.2,0.04
-0.0770006283646667,5.51771336372924,1,1,"Mettl26","Prg2",0.2,0.04
-0.0770006283646667,5.51771336372924,1,1,"Rab1b","Prg2",0.2,0.04
0.0705742336111326,5.77296590911632,1,1,"Stom","Prg2",0.2,0.04
0.0705742336111326,5.77296590911632,1,1,"Urod","Prg2",0.2,0.04
0.0705742336111326,5.77296590911632,1,1,"Mycbp","Prg2",0.2,0.04
0.0705742336111326,5.77296590911632,1,1,"Faap20","Prg2",0.2,0.04
0.0705742336111326,5.77296590911632,1,1,"Ei24","Prg2",0.2,0.04
0.0705742336111326,5.77296590911632,1,1,"Rars","Prg2",0.2,0.04
0.0705742336111326,5.77296590911632,1,1,"Arap3","Prg2",0.2,0.04
0.0705742336111326,5.77296590911632,1,1,"Gm9493","Prg2",0.2,0.04
-0.0294105792913193,6.64804450782454,1,1,"Kmt2a","Prg2",0.2,0.04
-0.0251393525193582,5.82220694198012,1,1,"Nop14","Prg2",0.2,0.04
-0.0251393525193582,5.82220694198012,1,1,"Suclg2","Prg2",0.2,0.04
-0.0251393525193582,5.82220694198012,1,1,"Med4","Prg2",0.2,0.04
-0.0251393525193582,5.82220694198012,1,1,"Ccdc125","Prg2",0.2,0.04
-0.0251393525193582,5.82220694198012,1,1,"Bop1","Prg2",0.2,0.04
-0.0251393525193582,5.82220694198012,1,1,"Paxbp1","Prg2",0.2,0.04
-0.0251393525193582,5.82220694198012,1,1,"Nfya","Prg2",0.2,0.04
-0.0251393525193582,5.82220694198012,1,1,"Hdac3","Prg2",0.2,0.04
0.0105290823532969,7.77652410712957,1,1,"Tmem59","Prg2",0.2,0.04
0.00357148564070371,9.73481366769736,1,1,"Serbp1","Prg2",0.2,0.04
0.17192008504292,4.68770454145214,1,1,"Rabif","Prg2",0.2,0.04
0.17192008504292,4.68770454145214,1,1,"Mybl2","Prg2",0.2,0.04
0.17192008504292,4.68770454145214,1,1,"Trmt2b","Prg2",0.2,0.04
0.17192008504292,4.68770454145214,1,1,"Tmem245","Prg2",0.2,0.04
0.17192008504292,4.68770454145214,1,1,"S100pbp","Prg2",0.2,0.04
0.17192008504292,4.68770454145214,1,1,"B3galt6","Prg2",0.2,0.04
0.17192008504292,4.68770454145214,1,1,"Enoph1","Prg2",0.2,0.04
0.17192008504292,4.68770454145214,1,1,"Ptcd3","Prg2",0.2,0.04
0.17192008504292,4.68770454145214,1,1,"Ap1m1","Prg2",0.2,0.04
0.17192008504292,4.68770454145214,1,1,"Mapk8","Prg2",0.2,0.04
0.17192008504292,4.68770454145214,1,1,"Pck2","Prg2",0.2,0.04
0.17192008504292,4.68770454145214,1,1,"Pinx1","Prg2",0.2,0.04
0.17192008504292,4.68770454145214,1,1,"Map2k1","Prg2",0.2,0.04
0.17192008504292,4.68770454145214,1,1,"Slc36a1","Prg2",0.2,0.04
0.17192008504292,4.68770454145214,1,1,"Gemin5","Prg2",0.2,0.04
0.17192008504292,4.68770454145214,1,1,"Itpk1","Prg2",0.2,0.04
0.17192008504292,4.68770454145214,1,1,"Trappc9","Prg2",0.2,0.04
0.17192008504292,4.68770454145214,1,1,"Hsf1","Prg2",0.2,0.04
0.17192008504292,4.68770454145214,1,1,"Znhit2","Prg2",0.2,0.04
0.17192008504292,4.68770454145214,1,1,"Ehd1","Prg2",0.2,0.04
-0.13240418515077,4.67581455974925,1,1,"Zbtb18","Prg2",0.2,0.04
-0.13240418515077,4.67581455974925,1,1,"Pdk1","Prg2",0.2,0.04
-0.13240418515077,4.67581455974925,1,1,"Atg13","Prg2",0.2,0.04
-0.13240418515077,4.67581455974925,1,1,"Ganc","Prg2",0.2,0.04
-0.13240418515077,4.67581455974925,1,1,"Tspan2","Prg2",0.2,0.04
-0.13240418515077,4.67581455974925,1,1,"Sigmar1","Prg2",0.2,0.04
-0.13240418515077,4.67581455974925,1,1,"Ppcs","Prg2",0.2,0.04
-0.13240418515077,4.67581455974925,1,1,"Foxj3","Prg2",0.2,0.04
-0.13240418515077,4.67581455974925,1,1,"Adprhl2","Prg2",0.2,0.04
-0.13240418515077,4.67581455974925,1,1,"Yars","Prg2",0.2,0.04
-0.13240418515077,4.67581455974925,1,1,"Thap3","Prg2",0.2,0.04
-0.13240418515077,4.67581455974925,1,1,"Stim2","Prg2",0.2,0.04
-0.13240418515077,4.67581455974925,1,1,"Gtpbp6","Prg2",0.2,0.04
-0.13240418515077,4.67581455974925,1,1,"Xrcc1","Prg2",0.2,0.04
-0.13240418515077,4.67581455974925,1,1,"Alkbh6","Prg2",0.2,0.04
-0.13240418515077,4.67581455974925,1,1,"Tollip","Prg2",0.2,0.04
-0.13240418515077,4.67581455974925,1,1,"Eps15l1","Prg2",0.2,0.04
-0.13240418515077,4.67581455974925,1,1,"Nufip1","Prg2",0.2,0.04
-0.13240418515077,4.67581455974925,1,1,"Rnf214","Prg2",0.2,0.04
-0.13240418515077,4.67581455974925,1,1,"Cep63","Prg2",0.2,0.04
-0.13240418515077,4.67581455974925,1,1,"Cox10","Prg2",0.2,0.04
-0.13240418515077,4.67581455974925,1,1,"Adck5","Prg2",0.2,0.04
-0.13240418515077,4.67581455974925,1,1,"Micall1","Prg2",0.2,0.04
-0.13240418515077,4.67581455974925,1,1,"Dnaja3","Prg2",0.2,0.04
-0.13240418515077,4.67581455974925,1,1,"Dynlt1a","Prg2",0.2,0.04
-0.13240418515077,4.67581455974925,1,1,"Npc1","Prg2",0.2,0.04
-0.0984255344759533,5.7044738660486,1,1,"Acbd3","Prg2",0.2,0.04
-0.0984255344759533,5.7044738660486,1,1,"Phrf1","Prg2",0.2,0.04
-0.0984255344759533,5.7044738660486,1,1,"Hddc2","Prg2",0.2,0.04
-0.0984255344759533,5.7044738660486,1,1,"Washc3","Prg2",0.2,0.04
-0.0984255344759533,5.7044738660486,1,1,"Ddx52","Prg2",0.2,0.04
-0.0984255344759533,5.7044738660486,1,1,"Mrps18a","Prg2",0.2,0.04
0.0910651999559727,5.6866544859184,1,1,"Rpp25l","Prg2",0.2,0.04
0.0910651999559727,5.6866544859184,1,1,"Mphosph6","Prg2",0.2,0.04
0.0910651999559727,5.6866544859184,1,1,"Rpa1","Prg2",0.2,0.04
0.0910651999559727,5.6866544859184,1,1,"Ddx42","Prg2",0.2,0.04
0.0910651999559727,5.6866544859184,1,1,"Otulin","Prg2",0.2,0.04
0.0666384613129633,5.34752314432739,1,1,"Slc12a6","Prg2",0.2,0.04
0.0666384613129633,5.34752314432739,1,1,"Nfs1","Prg2",0.2,0.04
0.0666384613129633,5.34752314432739,1,1,"Efcab14","Prg2",0.2,0.04
0.0666384613129633,5.34752314432739,1,1,"Eri3","Prg2",0.2,0.04
0.0666384613129633,5.34752314432739,1,1,"Tmem43","Prg2",0.2,0.04
0.0666384613129633,5.34752314432739,1,1,"Fbxl14","Prg2",0.2,0.04
0.0666384613129633,5.34752314432739,1,1,"Trim12c","Prg2",0.2,0.04
0.0666384613129633,5.34752314432739,1,1,"Dapk3","Prg2",0.2,0.04
0.0666384613129633,5.34752314432739,1,1,"Nae1","Prg2",0.2,0.04
0.0666384613129633,5.34752314432739,1,1,"Kat2a","Prg2",0.2,0.04
0.0666384613129633,5.34752314432739,1,1,"Ncapg2","Prg2",0.2,0.04
0.0666384613129633,5.34752314432739,1,1,"Dnm1l","Prg2",0.2,0.04
0.0666384613129633,5.34752314432739,1,1,"Cpox","Prg2",0.2,0.04
0.0666384613129633,5.34752314432739,1,1,"Zdhhc6","Prg2",0.2,0.04
0.0635705739989383,5.98304503018678,1,1,"Macf1","Prg2",0.2,0.04
0.0635705739989383,5.98304503018678,1,1,"Fto","Prg2",0.2,0.04
0.0635705739989383,5.98304503018678,1,1,"Arih1","Prg2",0.2,0.04
0.0635705739989383,5.98304503018678,1,1,"Elovl5","Prg2",0.2,0.04
0.0635705739989383,5.98304503018678,1,1,"Zmat5","Prg2",0.2,0.04
-0.0601028442841922,5.76449882387062,1,1,"Trmt6","Prg2",0.2,0.04
-0.0601028442841922,5.76449882387062,1,1,"Glmp","Prg2",0.2,0.04
-0.0601028442841922,5.76449882387062,1,1,"Tgoln1","Prg2",0.2,0.04
-0.0601028442841922,5.76449882387062,1,1,"Prmt3","Prg2",0.2,0.04
-0.0601028442841922,5.76449882387062,1,1,"Ypel3","Prg2",0.2,0.04
-0.0601028442841922,5.76449882387062,1,1,"Upf1","Prg2",0.2,0.04
-0.0601028442841922,5.76449882387062,1,1,"Rasa1","Prg2",0.2,0.04
-0.0601028442841922,5.76449882387062,1,1,"Gapt","Prg2",0.2,0.04
-0.0601028442841922,5.76449882387062,1,1,"Krt18","Prg2",0.2,0.04
-0.0601028442841922,5.76449882387062,1,1,"Bbx","Prg2",0.2,0.04
-0.0480771293042046,5.67790803762835,1,1,"Nusap1","Prg2",0.2,0.04
-0.0480771293042046,5.67790803762835,1,1,"Ctps","Prg2",0.2,0.04
-0.0480771293042046,5.67790803762835,1,1,"Commd8","Prg2",0.2,0.04
-0.0480771293042046,5.67790803762835,1,1,"Pkn1","Prg2",0.2,0.04
-0.0480771293042046,5.67790803762835,1,1,"Cul5","Prg2",0.2,0.04
-0.0480771293042046,5.67790803762835,1,1,"Slc35b1","Prg2",0.2,0.04
-0.0480771293042046,5.67790803762835,1,1,"Helz","Prg2",0.2,0.04
0.038895956438725,5.71312628338082,1,1,"Hmg20b","Prg2",0.2,0.04
0.038895956438725,5.71312628338082,1,1,"Mbnl2","Prg2",0.2,0.04
0.038895956438725,5.71312628338082,1,1,"Nfe2l1","Prg2",0.2,0.04
0.038895956438725,5.71312628338082,1,1,"Cnpy3","Prg2",0.2,0.04
0.038895956438725,5.71312628338082,1,1,"Mgea5","Prg2",0.2,0.04
-0.0344403889990435,6.519389536278,1,1,"G6pc3","Prg2",0.2,0.04
0.0302243859897384,6.69845427674465,1,1,"Mcm2","Prg2",0.2,0.04
0.0302243859897384,6.69845427674465,1,1,"Ctnnb1","Prg2",0.2,0.04
0.0277680879999687,7.19662666440516,1,1,"Mapre1","Prg2",0.2,0.04
0.0277680879999687,7.19662666440516,1,1,"Fam96a","Prg2",0.2,0.04
0.0219888171893133,6.95592620803492,1,1,"Frg1","Prg2",0.2,0.04
0.0219806737411278,6.74170776727701,1,1,"Bex3","Prg2",0.2,0.04
0.0219011860020232,5.55668336318811,1,1,"Ext2","Prg2",0.2,0.04
0.0219011860020232,5.55668336318811,1,1,"Zzz3","Prg2",0.2,0.04
0.0219011860020232,5.55668336318811,1,1,"Znhit1","Prg2",0.2,0.04
0.0219011860020232,5.55668336318811,1,1,"Pold1","Prg2",0.2,0.04
0.0219011860020232,5.55668336318811,1,1,"Vrk3","Prg2",0.2,0.04
0.0219011860020232,5.55668336318811,1,1,"Tssc4","Prg2",0.2,0.04
0.0219011860020232,5.55668336318811,1,1,"Gcc2","Prg2",0.2,0.04
0.0219011860020232,5.55668336318811,1,1,"Adcy7","Prg2",0.2,0.04
0.0219011860020232,5.55668336318811,1,1,"Brd9","Prg2",0.2,0.04
0.0219011860020232,5.55668336318811,1,1,"Grina","Prg2",0.2,0.04
0.0219011860020232,5.55668336318811,1,1,"Wdr46","Prg2",0.2,0.04
0.0219011860020232,5.55668336318811,1,1,"Ino80c","Prg2",0.2,0.04
0.0166400839191622,8.27769491150425,1,1,"Ifngr1","Prg2",0.2,0.04
0.00609101297219375,8.29629137614599,1,1,"Eif3i","Prg2",0.2,0.04
0.00562840495494641,6.71113830228775,1,1,"Ggnbp2","Prg2",0.2,0.04
-0.157000445687441,4.99566966846446,1,1,"Iars2","Prg2",0.2,0.04
-0.157000445687441,4.99566966846446,1,1,"Prkra","Prg2",0.2,0.04
-0.157000445687441,4.99566966846446,1,1,"Commd9","Prg2",0.2,0.04
-0.157000445687441,4.99566966846446,1,1,"Rbm12","Prg2",0.2,0.04
-0.157000445687441,4.99566966846446,1,1,"Spata2","Prg2",0.2,0.04
-0.157000445687441,4.99566966846446,1,1,"Ubqln2","Prg2",0.2,0.04
-0.157000445687441,4.99566966846446,1,1,"Abcd3","Prg2",0.2,0.04
-0.157000445687441,4.99566966846446,1,1,"Lyn","Prg2",0.2,0.04
-0.157000445687441,4.99566966846446,1,1,"C87436","Prg2",0.2,0.04
-0.157000445687441,4.99566966846446,1,1,"Ipo8","Prg2",0.2,0.04
-0.157000445687441,4.99566966846446,1,1,"Ctsc","Prg2",0.2,0.04
-0.157000445687441,4.99566966846446,1,1,"Arrb1","Prg2",0.2,0.04
-0.157000445687441,4.99566966846446,1,1,"Taf5l","Prg2",0.2,0.04
-0.157000445687441,4.99566966846446,1,1,"Atad5","Prg2",0.2,0.04
-0.157000445687441,4.99566966846446,1,1,"Zfp830","Prg2",0.2,0.04
-0.157000445687441,4.99566966846446,1,1,"Dhx29","Prg2",0.2,0.04
-0.157000445687441,4.99566966846446,1,1,"Zbtb12","Prg2",0.2,0.04
-0.157000445687441,4.99566966846446,1,1,"Haus1","Prg2",0.2,0.04
-0.124666553868764,5.44645671961481,1,1,"2310035C23Rik","Prg2",0.2,0.04
-0.124666553868764,5.44645671961481,1,1,"Dennd1b","Prg2",0.2,0.04
-0.124666553868764,5.44645671961481,1,1,"Qsox1","Prg2",0.2,0.04
-0.124666553868764,5.44645671961481,1,1,"Ahctf1","Prg2",0.2,0.04
-0.124666553868764,5.44645671961481,1,1,"Plk4","Prg2",0.2,0.04
-0.124666553868764,5.44645671961481,1,1,"Nub1","Prg2",0.2,0.04
-0.124666553868764,5.44645671961481,1,1,"Thumpd1","Prg2",0.2,0.04
-0.124666553868764,5.44645671961481,1,1,"Cklf","Prg2",0.2,0.04
-0.124666553868764,5.44645671961481,1,1,"Mprip","Prg2",0.2,0.04
-0.124666553868764,5.44645671961481,1,1,"Zfp622","Prg2",0.2,0.04
-0.124666553868764,5.44645671961481,1,1,"Cbx6","Prg2",0.2,0.04
-0.114896103923796,5.86964491344313,1,1,"Zrsr2","Prg2",0.2,0.04
-0.114896103923796,5.86964491344313,1,1,"Ncln","Prg2",0.2,0.04
-0.114896103923796,5.86964491344313,1,1,"Fnta","Prg2",0.2,0.04
-0.114896103923796,5.86964491344313,1,1,"Rnaseh2a","Prg2",0.2,0.04
-0.114896103923796,5.86964491344313,1,1,"Snrnp25","Prg2",0.2,0.04
-0.114896103923796,5.86964491344313,1,1,"Zmynd11","Prg2",0.2,0.04
0.106195590818359,5.42390218218704,1,1,"Mndal","Prg2",0.2,0.04
0.106195590818359,5.42390218218704,1,1,"Rbl1","Prg2",0.2,0.04
0.106195590818359,5.42390218218704,1,1,"Pdik1l","Prg2",0.2,0.04
0.106195590818359,5.42390218218704,1,1,"Cit","Prg2",0.2,0.04
0.106195590818359,5.42390218218704,1,1,"Spr","Prg2",0.2,0.04
0.106195590818359,5.42390218218704,1,1,"Mdp1","Prg2",0.2,0.04
0.106195590818359,5.42390218218704,1,1,"Bag5","Prg2",0.2,0.04
0.106195590818359,5.42390218218704,1,1,"Klhdc3","Prg2",0.2,0.04
-0.0881992690867768,5.09169855554579,1,1,"Nab1","Prg2",0.2,0.04
-0.0881992690867768,5.09169855554579,1,1,"Ubac1","Prg2",0.2,0.04
-0.0881992690867768,5.09169855554579,1,1,"Gpcpd1","Prg2",0.2,0.04
-0.0881992690867768,5.09169855554579,1,1,"Cybb","Prg2",0.2,0.04
-0.0881992690867768,5.09169855554579,1,1,"Kcnab2","Prg2",0.2,0.04
-0.0881992690867768,5.09169855554579,1,1,"2610524H06Rik","Prg2",0.2,0.04
-0.0881992690867768,5.09169855554579,1,1,"Nrf1","Prg2",0.2,0.04
-0.0881992690867768,5.09169855554579,1,1,"Braf","Prg2",0.2,0.04
-0.0881992690867768,5.09169855554579,1,1,"Gimap9","Prg2",0.2,0.04
-0.0881992690867768,5.09169855554579,1,1,"Zfp646","Prg2",0.2,0.04
-0.0881992690867768,5.09169855554579,1,1,"Zdhhc17","Prg2",0.2,0.04
-0.0881992690867768,5.09169855554579,1,1,"Yipf2","Prg2",0.2,0.04
-0.0881992690867768,5.09169855554579,1,1,"Pstpip1","Prg2",0.2,0.04
-0.0881992690867768,5.09169855554579,1,1,"Aagab","Prg2",0.2,0.04
-0.0881992690867768,5.09169855554579,1,1,"1110059G10Rik","Prg2",0.2,0.04
-0.0881992690867768,5.09169855554579,1,1,"Rhot1","Prg2",0.2,0.04
-0.0881992690867768,5.09169855554579,1,1,"Nle1","Prg2",0.2,0.04
-0.0881992690867768,5.09169855554579,1,1,"Ints2","Prg2",0.2,0.04
-0.0881992690867768,5.09169855554579,1,1,"Ubxn2a","Prg2",0.2,0.04
-0.0881992690867768,5.09169855554579,1,1,"Pdxdc1","Prg2",0.2,0.04
-0.0881992690867768,5.09169855554579,1,1,"Dlg1","Prg2",0.2,0.04
-0.0881992690867768,5.09169855554579,1,1,"Fem1a","Prg2",0.2,0.04
-0.0881992690867768,5.09169855554579,1,1,"Patl1","Prg2",0.2,0.04
0.0801658273529495,5.00657604190361,1,1,"Endog","Prg2",0.2,0.04
0.0801658273529495,5.00657604190361,1,1,"Pja1","Prg2",0.2,0.04
0.0801658273529495,5.00657604190361,1,1,"Slc39a1","Prg2",0.2,0.04
0.0801658273529495,5.00657604190361,1,1,"Grhpr","Prg2",0.2,0.04
0.0801658273529495,5.00657604190361,1,1,"Snip1","Prg2",0.2,0.04
0.0801658273529495,5.00657604190361,1,1,"Atp8a1","Prg2",0.2,0.04
0.0801658273529495,5.00657604190361,1,1,"Tmem238","Prg2",0.2,0.04
0.0801658273529495,5.00657604190361,1,1,"Clptm1","Prg2",0.2,0.04
0.0801658273529495,5.00657604190361,1,1,"Hcfc2","Prg2",0.2,0.04
0.0801658273529495,5.00657604190361,1,1,"Spin1","Prg2",0.2,0.04
0.0801658273529495,5.00657604190361,1,1,"Sptlc1","Prg2",0.2,0.04
0.0801658273529495,5.00657604190361,1,1,"Adi1","Prg2",0.2,0.04
0.0801658273529495,5.00657604190361,1,1,"Rps6ka5","Prg2",0.2,0.04
0.0801658273529495,5.00657604190361,1,1,"Rps6ka2","Prg2",0.2,0.04
0.0801658273529495,5.00657604190361,1,1,"Rnf8","Prg2",0.2,0.04
0.0801658273529495,5.00657604190361,1,1,"Atg2a","Prg2",0.2,0.04
-0.0636739861760459,5.41431019707314,1,1,"Retreg2","Prg2",0.2,0.04
-0.0636739861760459,5.41431019707314,1,1,"Farsb","Prg2",0.2,0.04
-0.0636739861760459,5.41431019707314,1,1,"Ehmt1","Prg2",0.2,0.04
-0.0636739861760459,5.41431019707314,1,1,"Rcc1","Prg2",0.2,0.04
-0.0636739861760459,5.41431019707314,1,1,"Blm","Prg2",0.2,0.04
-0.0636739861760459,5.41431019707314,1,1,"Gipc1","Prg2",0.2,0.04
-0.0636739861760459,5.41431019707314,1,1,"Snx1","Prg2",0.2,0.04
-0.0636739861760459,5.41431019707314,1,1,"Mir142hg","Prg2",0.2,0.04
-0.0636739861760459,5.41431019707314,1,1,"Rgl2","Prg2",0.2,0.04
-0.0636739861760459,5.41431019707314,1,1,"Sac3d1","Prg2",0.2,0.04
-0.0578816936460361,6.04602579395338,1,1,"Pitpnc1","Prg2",0.2,0.04
-0.0578816936460361,6.04602579395338,1,1,"Klhdc2","Prg2",0.2,0.04
-0.0482139357206658,6.6154642105195,1,1,"Timm17b","Prg2",0.2,0.04
-0.0482139357206658,6.6154642105195,1,1,"Erp44","Prg2",0.2,0.04
-0.0478058326586706,4.7944057353969,1,1,"Stk25","Prg2",0.2,0.04
-0.0478058326586706,4.7944057353969,1,1,"Metap1d","Prg2",0.2,0.04
-0.0478058326586706,4.7944057353969,1,1,"Dpy19l4","Prg2",0.2,0.04
-0.0478058326586706,4.7944057353969,1,1,"Bloc1s4","Prg2",0.2,0.04
-0.0478058326586706,4.7944057353969,1,1,"Mrpl1","Prg2",0.2,0.04
-0.0478058326586706,4.7944057353969,1,1,"Abtb1","Prg2",0.2,0.04
-0.0478058326586706,4.7944057353969,1,1,"Iffo1","Prg2",0.2,0.04
-0.0478058326586706,4.7944057353969,1,1,"Acadsb","Prg2",0.2,0.04
-0.0478058326586706,4.7944057353969,1,1,"Ostm1","Prg2",0.2,0.04
-0.0478058326586706,4.7944057353969,1,1,"Hsdl1","Prg2",0.2,0.04
-0.0478058326586706,4.7944057353969,1,1,"Pcca","Prg2",0.2,0.04
-0.0478058326586706,4.7944057353969,1,1,"Ldlr","Prg2",0.2,0.04
-0.0478058326586706,4.7944057353969,1,1,"Nbeal2","Prg2",0.2,0.04
-0.0478058326586706,4.7944057353969,1,1,"Map2k4","Prg2",0.2,0.04
-0.0478058326586706,4.7944057353969,1,1,"Rnf167","Prg2",0.2,0.04
-0.0478058326586706,4.7944057353969,1,1,"Slc38a9","Prg2",0.2,0.04
-0.0478058326586706,4.7944057353969,1,1,"Sco2","Prg2",0.2,0.04
-0.0478058326586706,4.7944057353969,1,1,"Prodh","Prg2",0.2,0.04
-0.0478058326586706,4.7944057353969,1,1,"Hars2","Prg2",0.2,0.04
0.0219949287364399,7.14241581566766,1,1,"Ppp2r5a","Prg2",0.2,0.04
-0.0185228023132742,6.02537025360557,1,1,"Nsmce1","Prg2",0.2,0.04
-0.0185228023132742,6.02537025360557,1,1,"Ppm1a","Prg2",0.2,0.04
0.0101783089688226,8.14144874335565,1,1,"Ddx39b","Prg2",0.2,0.04
1.61390934990376,2.91747022936371,1,1,"Dst","Prg2",0.2,0.04
1.61390934990376,2.91747022936371,1,1,"Fbxo36","Prg2",0.2,0.04
1.61390934990376,2.91747022936371,1,1,"Dnajb3","Prg2",0.2,0.04
1.61390934990376,2.91747022936371,1,1,"Gm28187","Prg2",0.2,0.04
1.61390934990376,2.91747022936371,1,1,"Zc3h11a","Prg2",0.2,0.04
1.61390934990376,2.91747022936371,1,1,"Hhat","Prg2",0.2,0.04
1.61390934990376,2.91747022936371,1,1,"Nacc2","Prg2",0.2,0.04
1.61390934990376,2.91747022936371,1,1,"Ncs1","Prg2",0.2,0.04
1.61390934990376,2.91747022936371,1,1,"Ptrh1","Prg2",0.2,0.04
1.61390934990376,2.91747022936371,1,1,"Ptprj","Prg2",0.2,0.04
1.61390934990376,2.91747022936371,1,1,"Chst1","Prg2",0.2,0.04
1.61390934990376,2.91747022936371,1,1,"Tmem62","Prg2",0.2,0.04
1.61390934990376,2.91747022936371,1,1,"Zc3h6","Prg2",0.2,0.04
1.61390934990376,2.91747022936371,1,1,"Fam110a","Prg2",0.2,0.04
1.61390934990376,2.91747022936371,1,1,"Bcl2l1","Prg2",0.2,0.04
1.61390934990376,2.91747022936371,1,1,"Fam83d","Prg2",0.2,0.04
1.61390934990376,2.91747022936371,1,1,"Cacna1f","Prg2",0.2,0.04
1.61390934990376,2.91747022936371,1,1,"Slc25a43","Prg2",0.2,0.04
1.61390934990376,2.91747022936371,1,1,"Zfp449","Prg2",0.2,0.04
1.61390934990376,2.91747022936371,1,1,"Zfp711","Prg2",0.2,0.04
1.61390934990376,2.91747022936371,1,1,"Cdkl5","Prg2",0.2,0.04
1.61390934990376,2.91747022936371,1,1,"Gucy1b1","Prg2",0.2,0.04
1.61390934990376,2.91747022936371,1,1,"Map9","Prg2",0.2,0.04
1.61390934990376,2.91747022936371,1,1,"Phtf1os","Prg2",0.2,0.04
1.61390934990376,2.91747022936371,1,1,"Cyb561d1","Prg2",0.2,0.04
1.61390934990376,2.91747022936371,1,1,"Extl2","Prg2",0.2,0.04
1.61390934990376,2.91747022936371,1,1,"Gbp5","Prg2",0.2,0.04
1.61390934990376,2.91747022936371,1,1,"1700055D18Rik","Prg2",0.2,0.04
1.61390934990376,2.91747022936371,1,1,"Tdrd7","Prg2",0.2,0.04
1.61390934990376,2.91747022936371,1,1,"Focad","Prg2",0.2,0.04
1.61390934990376,2.91747022936371,1,1,"Wdr78","Prg2",0.2,0.04
1.61390934990376,2.91747022936371,1,1,"Slc2a9","Prg2",0.2,0.04
1.61390934990376,2.91747022936371,1,1,"Wdr19","Prg2",0.2,0.04
1.61390934990376,2.91747022936371,1,1,"1010001B22Rik","Prg2",0.2,0.04
1.61390934990376,2.91747022936371,1,1,"1110006O24Rik","Prg2",0.2,0.04
1.61390934990376,2.91747022936371,1,1,"Tctn1","Prg2",0.2,0.04
1.61390934990376,2.91747022936371,1,1,"Gatsl2","Prg2",0.2,0.04
1.61390934990376,2.91747022936371,1,1,"Gm36266","Prg2",0.2,0.04
1.61390934990376,2.91747022936371,1,1,"Lfng","Prg2",0.2,0.04
1.61390934990376,2.91747022936371,1,1,"Smurf1","Prg2",0.2,0.04
1.61390934990376,2.91747022936371,1,1,"Arhgef5","Prg2",0.2,0.04
1.61390934990376,2.91747022936371,1,1,"P3h3","Prg2",0.2,0.04
1.61390934990376,2.91747022936371,1,1,"Zfp526","Prg2",0.2,0.04
1.61390934990376,2.91747022936371,1,1,"Erf","Prg2",0.2,0.04
1.61390934990376,2.91747022936371,1,1,"Zfp382","Prg2",0.2,0.04
1.61390934990376,2.91747022936371,1,1,"Pex11a","Prg2",0.2,0.04
1.61390934990376,2.91747022936371,1,1,"Trim21","Prg2",0.2,0.04
1.61390934990376,2.91747022936371,1,1,"Sbf2","Prg2",0.2,0.04
1.61390934990376,2.91747022936371,1,1,"Mylpf","Prg2",0.2,0.04
1.61390934990376,2.91747022936371,1,1,"Muc6","Prg2",0.2,0.04
1.61390934990376,2.91747022936371,1,1,"Lrp11","Prg2",0.2,0.04
1.61390934990376,2.91747022936371,1,1,"Akap7","Prg2",0.2,0.04
1.61390934990376,2.91747022936371,1,1,"Dnmt3l","Prg2",0.2,0.04
1.61390934990376,2.91747022936371,1,1,"Slc39a3","Prg2",0.2,0.04
1.61390934990376,2.91747022936371,1,1,"Gas2l3","Prg2",0.2,0.04
1.61390934990376,2.91747022936371,1,1,"Evi5l","Prg2",0.2,0.04
1.61390934990376,2.91747022936371,1,1,"Nrg1","Prg2",0.2,0.04
1.61390934990376,2.91747022936371,1,1,"Gab1","Prg2",0.2,0.04
1.61390934990376,2.91747022936371,1,1,"Zswim4","Prg2",0.2,0.04
1.61390934990376,2.91747022936371,1,1,"Slc7a5","Prg2",0.2,0.04
1.61390934990376,2.91747022936371,1,1,"2810455O05Rik","Prg2",0.2,0.04
1.61390934990376,2.91747022936371,1,1,"Ccsap","Prg2",0.2,0.04
1.61390934990376,2.91747022936371,1,1,"4930579G18Rik","Prg2",0.2,0.04
1.61390934990376,2.91747022936371,1,1,"Robo3","Prg2",0.2,0.04
1.61390934990376,2.91747022936371,1,1,"Esam","Prg2",0.2,0.04
1.61390934990376,2.91747022936371,1,1,"Bcl9l","Prg2",0.2,0.04
1.61390934990376,2.91747022936371,1,1,"Nckipsd","Prg2",0.2,0.04
1.61390934990376,2.91747022936371,1,1,"Ngp","Prg2",0.2,0.04
1.61390934990376,2.91747022936371,1,1,"Csrnp1","Prg2",0.2,0.04
1.61390934990376,2.91747022936371,1,1,"Ano10","Prg2",0.2,0.04
1.61390934990376,2.91747022936371,1,1,"Mief2","Prg2",0.2,0.04
1.61390934990376,2.91747022936371,1,1,"BC030499","Prg2",0.2,0.04
1.61390934990376,2.91747022936371,1,1,"Krt10","Prg2",0.2,0.04
1.61390934990376,2.91747022936371,1,1,"P3h4","Prg2",0.2,0.04
1.61390934990376,2.91747022936371,1,1,"Dusp3","Prg2",0.2,0.04
1.61390934990376,2.91747022936371,1,1,"Smim6","Prg2",0.2,0.04
1.61390934990376,2.91747022936371,1,1,"Trim47","Prg2",0.2,0.04
1.61390934990376,2.91747022936371,1,1,"Gm11273","Prg2",0.2,0.04
1.61390934990376,2.91747022936371,1,1,"Hist1h3f","Prg2",0.2,0.04
1.61390934990376,2.91747022936371,1,1,"Nhlrc1","Prg2",0.2,0.04
1.61390934990376,2.91747022936371,1,1,"Kdm1b","Prg2",0.2,0.04
1.61390934990376,2.91747022936371,1,1,"Zfp712","Prg2",0.2,0.04
1.61390934990376,2.91747022936371,1,1,"Gm28557","Prg2",0.2,0.04
1.61390934990376,2.91747022936371,1,1,"Homer1","Prg2",0.2,0.04
1.61390934990376,2.91747022936371,1,1,"Fkbp1b","Prg2",0.2,0.04
1.61390934990376,2.91747022936371,1,1,"Trib2","Prg2",0.2,0.04
1.61390934990376,2.91747022936371,1,1,"Ispd","Prg2",0.2,0.04
1.61390934990376,2.91747022936371,1,1,"Rdh12","Prg2",0.2,0.04
1.61390934990376,2.91747022936371,1,1,"Prox2","Prg2",0.2,0.04
1.61390934990376,2.91747022936371,1,1,"Ccdc85c","Prg2",0.2,0.04
1.61390934990376,2.91747022936371,1,1,"Srl","Prg2",0.2,0.04
1.61390934990376,2.91747022936371,1,1,"Snx29","Prg2",0.2,0.04
1.61390934990376,2.91747022936371,1,1,"Fam43a","Prg2",0.2,0.04
1.61390934990376,2.91747022936371,1,1,"Ccdc14","Prg2",0.2,0.04
1.61390934990376,2.91747022936371,1,1,"Slc35a5","Prg2",0.2,0.04
1.61390934990376,2.91747022936371,1,1,"Slc5a3","Prg2",0.2,0.04
1.61390934990376,2.91747022936371,1,1,"AC129328.1","Prg2",0.2,0.04
1.61390934990376,2.91747022936371,1,1,"Decr2","Prg2",0.2,0.04
1.61390934990376,2.91747022936371,1,1,"AC127341.3","Prg2",0.2,0.04
1.61390934990376,2.91747022936371,1,1,"C2","Prg2",0.2,0.04
1.61390934990376,2.91747022936371,1,1,"H2-T24","Prg2",0.2,0.04
1.61390934990376,2.91747022936371,1,1,"AW554918","Prg2",0.2,0.04
1.61390934990376,2.91747022936371,1,1,"Pitpnm1","Prg2",0.2,0.04
1.61390934990376,2.91747022936371,1,1,"Slc29a2","Prg2",0.2,0.04
1.61390934990376,2.91747022936371,1,1,"Chrm1","Prg2",0.2,0.04
1.61390934990376,2.91747022936371,1,1,"Insl6","Prg2",0.2,0.04
-0.771512144347501,3.08836605813848,1,1,"Cdk18","Prg2",0.2,0.04
-0.771512144347501,3.08836605813848,1,1,"F5","Prg2",0.2,0.04
-0.771512144347501,3.08836605813848,1,1,"Tatdn3","Prg2",0.2,0.04
-0.771512144347501,3.08836605813848,1,1,"Slc30a1","Prg2",0.2,0.04
-0.771512144347501,3.08836605813848,1,1,"Nsmf","Prg2",0.2,0.04
-0.771512144347501,3.08836605813848,1,1,"Tor4a","Prg2",0.2,0.04
-0.771512144347501,3.08836605813848,1,1,"Gpsm1","Prg2",0.2,0.04
-0.771512144347501,3.08836605813848,1,1,"Ttc17","Prg2",0.2,0.04
-0.771512144347501,3.08836605813848,1,1,"Lpcat4","Prg2",0.2,0.04
-0.771512144347501,3.08836605813848,1,1,"Ss18l1","Prg2",0.2,0.04
-0.771512144347501,3.08836605813848,1,1,"Gmeb2","Prg2",0.2,0.04
-0.771512144347501,3.08836605813848,1,1,"Lonrf3","Prg2",0.2,0.04
-0.771512144347501,3.08836605813848,1,1,"Rnf113a1","Prg2",0.2,0.04
-0.771512144347501,3.08836605813848,1,1,"Pnck","Prg2",0.2,0.04
-0.771512144347501,3.08836605813848,1,1,"Armcx6","Prg2",0.2,0.04
-0.771512144347501,3.08836605813848,1,1,"Fgd1","Prg2",0.2,0.04
-0.771512144347501,3.08836605813848,1,1,"Klf8","Prg2",0.2,0.04
-0.771512144347501,3.08836605813848,1,1,"Snx16","Prg2",0.2,0.04
-0.771512144347501,3.08836605813848,1,1,"D3Ertd254e","Prg2",0.2,0.04
-0.771512144347501,3.08836605813848,1,1,"Gpr171","Prg2",0.2,0.04
-0.771512144347501,3.08836605813848,1,1,"Msto1","Prg2",0.2,0.04
-0.771512144347501,3.08836605813848,1,1,"Rusc1","Prg2",0.2,0.04
-0.771512144347501,3.08836605813848,1,1,"Gm15417","Prg2",0.2,0.04
-0.771512144347501,3.08836605813848,1,1,"Rab13","Prg2",0.2,0.04
-0.771512144347501,3.08836605813848,1,1,"Them4","Prg2",0.2,0.04
-0.771512144347501,3.08836605813848,1,1,"Depdc1a","Prg2",0.2,0.04
-0.771512144347501,3.08836605813848,1,1,"Pdp1","Prg2",0.2,0.04
-0.771512144347501,3.08836605813848,1,1,"Mmachc","Prg2",0.2,0.04
-0.771512144347501,3.08836605813848,1,1,"Rcan3","Prg2",0.2,0.04
-0.771512144347501,3.08836605813848,1,1,"Gale","Prg2",0.2,0.04
-0.771512144347501,3.08836605813848,1,1,"Gm13012","Prg2",0.2,0.04
-0.771512144347501,3.08836605813848,1,1,"Iffo2","Prg2",0.2,0.04
-0.771512144347501,3.08836605813848,1,1,"Zfp933","Prg2",0.2,0.04
-0.771512144347501,3.08836605813848,1,1,"Fam213b","Prg2",0.2,0.04
-0.771512144347501,3.08836605813848,1,1,"Slc5a6","Prg2",0.2,0.04
-0.771512144347501,3.08836605813848,1,1,"Rbks","Prg2",0.2,0.04
-0.771512144347501,3.08836605813848,1,1,"Poln","Prg2",0.2,0.04
-0.771512144347501,3.08836605813848,1,1,"Dgkq","Prg2",0.2,0.04
-0.771512144347501,3.08836605813848,1,1,"Gm13830","Prg2",0.2,0.04
-0.771512144347501,3.08836605813848,1,1,"Rhof","Prg2",0.2,0.04
-0.771512144347501,3.08836605813848,1,1,"Kctd7","Prg2",0.2,0.04
-0.771512144347501,3.08836605813848,1,1,"Mrm2","Prg2",0.2,0.04
-0.771512144347501,3.08836605813848,1,1,"Flt3","Prg2",0.2,0.04
-0.771512144347501,3.08836605813848,1,1,"Mdfic","Prg2",0.2,0.04
-0.771512144347501,3.08836605813848,1,1,"Hoxa10","Prg2",0.2,0.04
-0.771512144347501,3.08836605813848,1,1,"Exoc6b","Prg2",0.2,0.04
-0.771512144347501,3.08836605813848,1,1,"Zfp628","Prg2",0.2,0.04
-0.771512144347501,3.08836605813848,1,1,"Zfp607a","Prg2",0.2,0.04
-0.771512144347501,3.08836605813848,1,1,"Dkkl1","Prg2",0.2,0.04
-0.771512144347501,3.08836605813848,1,1,"Il18bp","Prg2",0.2,0.04
-0.771512144347501,3.08836605813848,1,1,"Il4ra","Prg2",0.2,0.04
-0.771512144347501,3.08836605813848,1,1,"Apobr","Prg2",0.2,0.04
-0.771512144347501,3.08836605813848,1,1,"Adam8","Prg2",0.2,0.04
-0.771512144347501,3.08836605813848,1,1,"Rassf7","Prg2",0.2,0.04
-0.771512144347501,3.08836605813848,1,1,"Ccnd1","Prg2",0.2,0.04
-0.771512144347501,3.08836605813848,1,1,"Parpbp","Prg2",0.2,0.04
-0.771512144347501,3.08836605813848,1,1,"A730063M14Rik","Prg2",0.2,0.04
-0.771512144347501,3.08836605813848,1,1,"Csmd1","Prg2",0.2,0.04
-0.771512144347501,3.08836605813848,1,1,"Pomk","Prg2",0.2,0.04
-0.771512144347501,3.08836605813848,1,1,"Zfp963","Prg2",0.2,0.04
-0.771512144347501,3.08836605813848,1,1,"Klhl26","Prg2",0.2,0.04
-0.771512144347501,3.08836605813848,1,1,"Nanos3","Prg2",0.2,0.04
-0.771512144347501,3.08836605813848,1,1,"Gm26664","Prg2",0.2,0.04
-0.771512144347501,3.08836605813848,1,1,"Zdhhc1","Prg2",0.2,0.04
-0.771512144347501,3.08836605813848,1,1,"Slc12a4","Prg2",0.2,0.04
-0.771512144347501,3.08836605813848,1,1,"Cdyl2","Prg2",0.2,0.04
-0.771512144347501,3.08836605813848,1,1,"Sult5a1","Prg2",0.2,0.04
-0.771512144347501,3.08836605813848,1,1,"Spata2l","Prg2",0.2,0.04
-0.771512144347501,3.08836605813848,1,1,"Hacl1","Prg2",0.2,0.04
-0.771512144347501,3.08836605813848,1,1,"Rcbtb1","Prg2",0.2,0.04
-0.771512144347501,3.08836605813848,1,1,"Spryd7","Prg2",0.2,0.04
-0.771512144347501,3.08836605813848,1,1,"Sorbs3","Prg2",0.2,0.04
-0.771512144347501,3.08836605813848,1,1,"Gsta4","Prg2",0.2,0.04
-0.771512144347501,3.08836605813848,1,1,"Ppp2r3a","Prg2",0.2,0.04
-0.771512144347501,3.08836605813848,1,1,"Parp3","Prg2",0.2,0.04
-0.771512144347501,3.08836605813848,1,1,"Itga9","Prg2",0.2,0.04
-0.771512144347501,3.08836605813848,1,1,"1700048O20Rik","Prg2",0.2,0.04
-0.771512144347501,3.08836605813848,1,1,"Abhd5","Prg2",0.2,0.04
-0.771512144347501,3.08836605813848,1,1,"Smtn","Prg2",0.2,0.04
-0.771512144347501,3.08836605813848,1,1,"Zfp867","Prg2",0.2,0.04
-0.771512144347501,3.08836605813848,1,1,"Mapk7","Prg2",0.2,0.04
-0.771512144347501,3.08836605813848,1,1,"Smyd4","Prg2",0.2,0.04
-0.771512144347501,3.08836605813848,1,1,"Gm45606","Prg2",0.2,0.04
-0.771512144347501,3.08836605813848,1,1,"Aldoc","Prg2",0.2,0.04
-0.771512144347501,3.08836605813848,1,1,"Itgb3","Prg2",0.2,0.04
-0.771512144347501,3.08836605813848,1,1,"Kcnj2","Prg2",0.2,0.04
-0.771512144347501,3.08836605813848,1,1,"Myo15b","Prg2",0.2,0.04
-0.771512144347501,3.08836605813848,1,1,"Dapk1","Prg2",0.2,0.04
-0.771512144347501,3.08836605813848,1,1,"Nnt","Prg2",0.2,0.04
-0.771512144347501,3.08836605813848,1,1,"Frmd6","Prg2",0.2,0.04
-0.771512144347501,3.08836605813848,1,1,"Gm47689","Prg2",0.2,0.04
-0.771512144347501,3.08836605813848,1,1,"Actn1","Prg2",0.2,0.04
-0.771512144347501,3.08836605813848,1,1,"Irf2bpl","Prg2",0.2,0.04
-0.771512144347501,3.08836605813848,1,1,"Ttc8","Prg2",0.2,0.04
-0.771512144347501,3.08836605813848,1,1,"AC163032.1","Prg2",0.2,0.04
-0.771512144347501,3.08836605813848,1,1,"Smpd5","Prg2",0.2,0.04
-0.771512144347501,3.08836605813848,1,1,"Rtl6","Prg2",0.2,0.04
-0.771512144347501,3.08836605813848,1,1,"9330020H09Rik","Prg2",0.2,0.04
-0.771512144347501,3.08836605813848,1,1,"Slx4","Prg2",0.2,0.04
-0.771512144347501,3.08836605813848,1,1,"Adcy9","Prg2",0.2,0.04
-0.771512144347501,3.08836605813848,1,1,"Itgb5","Prg2",0.2,0.04
-0.771512144347501,3.08836605813848,1,1,"Erg","Prg2",0.2,0.04
-0.771512144347501,3.08836605813848,1,1,"Ets2","Prg2",0.2,0.04
-0.771512144347501,3.08836605813848,1,1,"1700010I14Rik","Prg2",0.2,0.04
-0.771512144347501,3.08836605813848,1,1,"Zfp52","Prg2",0.2,0.04
-0.771512144347501,3.08836605813848,1,1,"Zfp40","Prg2",0.2,0.04
-0.771512144347501,3.08836605813848,1,1,"Neurl1b","Prg2",0.2,0.04
-0.771512144347501,3.08836605813848,1,1,"Cyp4f13","Prg2",0.2,0.04
-0.771512144347501,3.08836605813848,1,1,"Kifc1","Prg2",0.2,0.04
-0.771512144347501,3.08836605813848,1,1,"Runx2os1","Prg2",0.2,0.04
-0.771512144347501,3.08836605813848,1,1,"Fer","Prg2",0.2,0.04
-0.771512144347501,3.08836605813848,1,1,"Galm","Prg2",0.2,0.04
-0.771512144347501,3.08836605813848,1,1,"Dync2li1","Prg2",0.2,0.04
-0.771512144347501,3.08836605813848,1,1,"Socs5","Prg2",0.2,0.04
-0.771512144347501,3.08836605813848,1,1,"Gm6277","Prg2",0.2,0.04
-0.771512144347501,3.08836605813848,1,1,"2010110K18Rik","Prg2",0.2,0.04
-0.771512144347501,3.08836605813848,1,1,"Fchsd1","Prg2",0.2,0.04
-0.771512144347501,3.08836605813848,1,1,"Dtwd2","Prg2",0.2,0.04
-0.771512144347501,3.08836605813848,1,1,"Pard6g","Prg2",0.2,0.04
-0.771512144347501,3.08836605813848,1,1,"Gm10053","Prg2",0.2,0.04
-0.771512144347501,3.08836605813848,1,1,"Rfx3","Prg2",0.2,0.04
-0.771512144347501,3.08836605813848,1,1,"2700046G09Rik","Prg2",0.2,0.04
-0.771512144347501,3.08836605813848,1,1,"Lipo3","Prg2",0.2,0.04
-0.222014422827208,2.90147766199083,1,1,"Cnnm4","Prg2",0.2,0.04
-0.222014422827208,2.90147766199083,1,1,"Sag","Prg2",0.2,0.04
-0.222014422827208,2.90147766199083,1,1,"Farp2","Prg2",0.2,0.04
-0.222014422827208,2.90147766199083,1,1,"Gm15675","Prg2",0.2,0.04
-0.222014422827208,2.90147766199083,1,1,"Pea15a","Prg2",0.2,0.04
-0.222014422827208,2.90147766199083,1,1,"Efcab2","Prg2",0.2,0.04
-0.222014422827208,2.90147766199083,1,1,"Traf5","Prg2",0.2,0.04
-0.222014422827208,2.90147766199083,1,1,"Hsd11b1","Prg2",0.2,0.04
-0.222014422827208,2.90147766199083,1,1,"G0s2","Prg2",0.2,0.04
-0.222014422827208,2.90147766199083,1,1,"Thnsl1","Prg2",0.2,0.04
-0.222014422827208,2.90147766199083,1,1,"Fam102a","Prg2",0.2,0.04
-0.222014422827208,2.90147766199083,1,1,"Acvr2a","Prg2",0.2,0.04
-0.222014422827208,2.90147766199083,1,1,"Cobll1","Prg2",0.2,0.04
-0.222014422827208,2.90147766199083,1,1,"Olfr1033","Prg2",0.2,0.04
-0.222014422827208,2.90147766199083,1,1,"Adal","Prg2",0.2,0.04
-0.222014422827208,2.90147766199083,1,1,"Cpxm1","Prg2",0.2,0.04
-0.222014422827208,2.90147766199083,1,1,"4930518I15Rik","Prg2",0.2,0.04
-0.222014422827208,2.90147766199083,1,1,"Dhx35","Prg2",0.2,0.04
-0.222014422827208,2.90147766199083,1,1,"Hnf4a","Prg2",0.2,0.04
-0.222014422827208,2.90147766199083,1,1,"Zfp831","Prg2",0.2,0.04
-0.222014422827208,2.90147766199083,1,1,"Gm4631","Prg2",0.2,0.04
-0.222014422827208,2.90147766199083,1,1,"Zfp971","Prg2",0.2,0.04
-0.222014422827208,2.90147766199083,1,1,"Samd10","Prg2",0.2,0.04
-0.222014422827208,2.90147766199083,1,1,"Tbc1d25","Prg2",0.2,0.04
-0.222014422827208,2.90147766199083,1,1,"Cask","Prg2",0.2,0.04
-0.222014422827208,2.90147766199083,1,1,"Jade3","Prg2",0.2,0.04
-0.222014422827208,2.90147766199083,1,1,"Cfp","Prg2",0.2,0.04
-0.222014422827208,2.90147766199083,1,1,"Elk1","Prg2",0.2,0.04
-0.222014422827208,2.90147766199083,1,1,"Smim10l2a","Prg2",0.2,0.04
-0.222014422827208,2.90147766199083,1,1,"Maged1","Prg2",0.2,0.04
-0.222014422827208,2.90147766199083,1,1,"Spin4","Prg2",0.2,0.04
-0.222014422827208,2.90147766199083,1,1,"Phka1","Prg2",0.2,0.04
-0.222014422827208,2.90147766199083,1,1,"Armcx4","Prg2",0.2,0.04
-0.222014422827208,2.90147766199083,1,1,"Apex2","Prg2",0.2,0.04
-0.222014422827208,2.90147766199083,1,1,"Gm8797","Prg2",0.2,0.04
-0.222014422827208,2.90147766199083,1,1,"E2f5","Prg2",0.2,0.04
-0.222014422827208,2.90147766199083,1,1,"Ccdc39","Prg2",0.2,0.04
-0.222014422827208,2.90147766199083,1,1,"Il2","Prg2",0.2,0.04
-0.222014422827208,2.90147766199083,1,1,"Cetn4","Prg2",0.2,0.04
-0.222014422827208,2.90147766199083,1,1,"Ankrd50","Prg2",0.2,0.04
-0.222014422827208,2.90147766199083,1,1,"Mfsd8","Prg2",0.2,0.04
-0.222014422827208,2.90147766199083,1,1,"Pfn2","Prg2",0.2,0.04
-0.222014422827208,2.90147766199083,1,1,"Ppm1l","Prg2",0.2,0.04
-0.222014422827208,2.90147766199083,1,1,"Tsacc","Prg2",0.2,0.04
-0.222014422827208,2.90147766199083,1,1,"C920021L13Rik","Prg2",0.2,0.04
-0.222014422827208,2.90147766199083,1,1,"Tmigd3","Prg2",0.2,0.04
-0.222014422827208,2.90147766199083,1,1,"Gm43568","Prg2",0.2,0.04
-0.222014422827208,2.90147766199083,1,1,"Gbp3","Prg2",0.2,0.04
-0.222014422827208,2.90147766199083,1,1,"Tmem67","Prg2",0.2,0.04
-0.222014422827208,2.90147766199083,1,1,"Abca1","Prg2",0.2,0.04
-0.222014422827208,2.90147766199083,1,1,"Fsd1l","Prg2",0.2,0.04
-0.222014422827208,2.90147766199083,1,1,"Tesk2","Prg2",0.2,0.04
-0.222014422827208,2.90147766199083,1,1,"Fhl3","Prg2",0.2,0.04
-0.222014422827208,2.90147766199083,1,1,"Sfn","Prg2",0.2,0.04
-0.222014422827208,2.90147766199083,1,1,"Padi4","Prg2",0.2,0.04
-0.222014422827208,2.90147766199083,1,1,"Gm26624","Prg2",0.2,0.04
-0.222014422827208,2.90147766199083,1,1,"Prkcz","Prg2",0.2,0.04
-0.222014422827208,2.90147766199083,1,1,"Cptp","Prg2",0.2,0.04
-0.222014422827208,2.90147766199083,1,1,"Cpeb2","Prg2",0.2,0.04
-0.222014422827208,2.90147766199083,1,1,"Dcun1d4","Prg2",0.2,0.04
-0.222014422827208,2.90147766199083,1,1,"2010109A12Rik","Prg2",0.2,0.04
-0.222014422827208,2.90147766199083,1,1,"1700016F12Rik","Prg2",0.2,0.04
-0.222014422827208,2.90147766199083,1,1,"Klhl8","Prg2",0.2,0.04
-0.222014422827208,2.90147766199083,1,1,"Gm32051","Prg2",0.2,0.04
-0.222014422827208,2.90147766199083,1,1,"Gm17655","Prg2",0.2,0.04
-0.222014422827208,2.90147766199083,1,1,"Gcc1","Prg2",0.2,0.04
-0.222014422827208,2.90147766199083,1,1,"Lncpint","Prg2",0.2,0.04
-0.222014422827208,2.90147766199083,1,1,"Agbl3","Prg2",0.2,0.04
-0.222014422827208,2.90147766199083,1,1,"Hotairm1","Prg2",0.2,0.04
-0.222014422827208,2.90147766199083,1,1,"Hoxaas3","Prg2",0.2,0.04
-0.222014422827208,2.90147766199083,1,1,"Loxl3","Prg2",0.2,0.04
-0.222014422827208,2.90147766199083,1,1,"Eogt","Prg2",0.2,0.04
-0.222014422827208,2.90147766199083,1,1,"Ift122","Prg2",0.2,0.04
-0.222014422827208,2.90147766199083,1,1,"Tigar","Prg2",0.2,0.04
-0.222014422827208,2.90147766199083,1,1,"Rassf8","Prg2",0.2,0.04
-0.222014422827208,2.90147766199083,1,1,"Caprin2","Prg2",0.2,0.04
-0.222014422827208,2.90147766199083,1,1,"Tnnt1","Prg2",0.2,0.04
-0.222014422827208,2.90147766199083,1,1,"Gm15873","Prg2",0.2,0.04
-0.222014422827208,2.90147766199083,1,1,"Gm4598","Prg2",0.2,0.04
-0.222014422827208,2.90147766199083,1,1,"Spred3","Prg2",0.2,0.04
-0.222014422827208,2.90147766199083,1,1,"2200002D01Rik","Prg2",0.2,0.04
-0.222014422827208,2.90147766199083,1,1,"Plekhf1","Prg2",0.2,0.04
-0.222014422827208,2.90147766199083,1,1,"Vsig10l","Prg2",0.2,0.04
-0.222014422827208,2.90147766199083,1,1,"Capn5","Prg2",0.2,0.04
-0.222014422827208,2.90147766199083,1,1,"Gm45151","Prg2",0.2,0.04
-0.222014422827208,2.90147766199083,1,1,"Dcun1d3","Prg2",0.2,0.04
-0.222014422827208,2.90147766199083,1,1,"Lyrm1","Prg2",0.2,0.04
-0.222014422827208,2.90147766199083,1,1,"1700008J07Rik","Prg2",0.2,0.04
-0.222014422827208,2.90147766199083,1,1,"Itgam","Prg2",0.2,0.04
-0.222014422827208,2.90147766199083,1,1,"9130023H24Rik","Prg2",0.2,0.04
-0.222014422827208,2.90147766199083,1,1,"Ascl2","Prg2",0.2,0.04
-0.222014422827208,2.90147766199083,1,1,"Gm46218","Prg2",0.2,0.04
-0.222014422827208,2.90147766199083,1,1,"Mfsd4b4","Prg2",0.2,0.04
-0.222014422827208,2.90147766199083,1,1,"Bend3","Prg2",0.2,0.04
-0.222014422827208,2.90147766199083,1,1,"Aifm2","Prg2",0.2,0.04
-0.222014422827208,2.90147766199083,1,1,"Hk1os","Prg2",0.2,0.04
-0.222014422827208,2.90147766199083,1,1,"Cabcoco1","Prg2",0.2,0.04
-0.222014422827208,2.90147766199083,1,1,"Dip2a","Prg2",0.2,0.04
-0.222014422827208,2.90147766199083,1,1,"Gm4924","Prg2",0.2,0.04
-0.222014422827208,2.90147766199083,1,1,"Tmcc3","Prg2",0.2,0.04
-0.222014422827208,2.90147766199083,1,1,"Tmem198b","Prg2",0.2,0.04
-0.222014422827208,2.90147766199083,1,1,"Bloc1s1","Prg2",0.2,0.04
-0.222014422827208,2.90147766199083,1,1,"Irs2","Prg2",0.2,0.04
-0.222014422827208,2.90147766199083,1,1,"Rab20","Prg2",0.2,0.04
-0.222014422827208,2.90147766199083,1,1,"Gm45250","Prg2",0.2,0.04
-0.222014422827208,2.90147766199083,1,1,"Lrrc25","Prg2",0.2,0.04
-0.222014422827208,2.90147766199083,1,1,"Ankle1","Prg2",0.2,0.04
-0.222014422827208,2.90147766199083,1,1,"Ano8","Prg2",0.2,0.04
-0.222014422827208,2.90147766199083,1,1,"Cks1brt","Prg2",0.2,0.04
-0.222014422827208,2.90147766199083,1,1,"Dus2","Prg2",0.2,0.04
-0.222014422827208,2.90147766199083,1,1,"St3gal2","Prg2",0.2,0.04
-0.222014422827208,2.90147766199083,1,1,"Sdr42e1","Prg2",0.2,0.04
-0.222014422827208,2.90147766199083,1,1,"Fitm1","Prg2",0.2,0.04
-0.222014422827208,2.90147766199083,1,1,"Dleu7","Prg2",0.2,0.04
-0.222014422827208,2.90147766199083,1,1,"Bmp1","Prg2",0.2,0.04
-0.222014422827208,2.90147766199083,1,1,"Klf5","Prg2",0.2,0.04
-0.222014422827208,2.90147766199083,1,1,"Pate2","Prg2",0.2,0.04
-0.222014422827208,2.90147766199083,1,1,"Layn","Prg2",0.2,0.04
-0.222014422827208,2.90147766199083,1,1,"Fam214a","Prg2",0.2,0.04
-0.222014422827208,2.90147766199083,1,1,"Gk5","Prg2",0.2,0.04
-0.222014422827208,2.90147766199083,1,1,"Ryk","Prg2",0.2,0.04
-0.222014422827208,2.90147766199083,1,1,"Nphp3","Prg2",0.2,0.04
-0.222014422827208,2.90147766199083,1,1,"Nicn1","Prg2",0.2,0.04
-0.222014422827208,2.90147766199083,1,1,"Pfkfb4","Prg2",0.2,0.04
-0.222014422827208,2.90147766199083,1,1,"Ccrl2","Prg2",0.2,0.04
-0.222014422827208,2.90147766199083,1,1,"2310075C17Rik","Prg2",0.2,0.04
-0.222014422827208,2.90147766199083,1,1,"Ccr2","Prg2",0.2,0.04
-0.222014422827208,2.90147766199083,1,1,"Gm12184","Prg2",0.2,0.04
-0.222014422827208,2.90147766199083,1,1,"Ltc4s","Prg2",0.2,0.04
-0.222014422827208,2.90147766199083,1,1,"Gpx3","Prg2",0.2,0.04
-0.222014422827208,2.90147766199083,1,1,"Mgl2","Prg2",0.2,0.04
-0.222014422827208,2.90147766199083,1,1,"Eno3","Prg2",0.2,0.04
-0.222014422827208,2.90147766199083,1,1,"Cyb5d2","Prg2",0.2,0.04
-0.222014422827208,2.90147766199083,1,1,"Camkk1","Prg2",0.2,0.04
-0.222014422827208,2.90147766199083,1,1,"Hoxb3os","Prg2",0.2,0.04
-0.222014422827208,2.90147766199083,1,1,"Pgap3","Prg2",0.2,0.04
-0.222014422827208,2.90147766199083,1,1,"Gm12355","Prg2",0.2,0.04
-0.222014422827208,2.90147766199083,1,1,"Aarsd1","Prg2",0.2,0.04
-0.222014422827208,2.90147766199083,1,1,"Adam11","Prg2",0.2,0.04
-0.222014422827208,2.90147766199083,1,1,"Acbd4","Prg2",0.2,0.04
-0.222014422827208,2.90147766199083,1,1,"Map3k14","Prg2",0.2,0.04
-0.222014422827208,2.90147766199083,1,1,"Tanc2","Prg2",0.2,0.04
-0.222014422827208,2.90147766199083,1,1,"Milr1","Prg2",0.2,0.04
-0.222014422827208,2.90147766199083,1,1,"Tmem104","Prg2",0.2,0.04
-0.222014422827208,2.90147766199083,1,1,"Llgl2","Prg2",0.2,0.04
-0.222014422827208,2.90147766199083,1,1,"Mxra7","Prg2",0.2,0.04
-0.222014422827208,2.90147766199083,1,1,"Hexdc","Prg2",0.2,0.04
-0.222014422827208,2.90147766199083,1,1,"B3gntl1","Prg2",0.2,0.04
-0.222014422827208,2.90147766199083,1,1,"Dip2c","Prg2",0.2,0.04
-0.222014422827208,2.90147766199083,1,1,"Sugct","Prg2",0.2,0.04
-0.222014422827208,2.90147766199083,1,1,"Susd3","Prg2",0.2,0.04
-0.222014422827208,2.90147766199083,1,1,"Zfp808","Prg2",0.2,0.04
-0.222014422827208,2.90147766199083,1,1,"Fancc","Prg2",0.2,0.04
-0.222014422827208,2.90147766199083,1,1,"Zfyve16","Prg2",0.2,0.04
-0.222014422827208,2.90147766199083,1,1,"Gm10260","Prg2",0.2,0.04
-0.222014422827208,2.90147766199083,1,1,"Dus4l","Prg2",0.2,0.04
-0.222014422827208,2.90147766199083,1,1,"Adam4","Prg2",0.2,0.04
-0.222014422827208,2.90147766199083,1,1,"Noxred1","Prg2",0.2,0.04
-0.222014422827208,2.90147766199083,1,1,"Slc25a29","Prg2",0.2,0.04
-0.222014422827208,2.90147766199083,1,1,"Cdc42bpb","Prg2",0.2,0.04
-0.222014422827208,2.90147766199083,1,1,"2410089E03Rik","Prg2",0.2,0.04
-0.222014422827208,2.90147766199083,1,1,"Ropn1l","Prg2",0.2,0.04
-0.222014422827208,2.90147766199083,1,1,"Dennd3","Prg2",0.2,0.04
-0.222014422827208,2.90147766199083,1,1,"AC146911.1","Prg2",0.2,0.04
-0.222014422827208,2.90147766199083,1,1,"Rarg","Prg2",0.2,0.04
-0.222014422827208,2.90147766199083,1,1,"2610020C07Rik","Prg2",0.2,0.04
-0.222014422827208,2.90147766199083,1,1,"Tmem44","Prg2",0.2,0.04
-0.222014422827208,2.90147766199083,1,1,"Polq","Prg2",0.2,0.04
-0.222014422827208,2.90147766199083,1,1,"Trat1","Prg2",0.2,0.04
-0.222014422827208,2.90147766199083,1,1,"Adgrg7","Prg2",0.2,0.04
-0.222014422827208,2.90147766199083,1,1,"AC122413.1","Prg2",0.2,0.04
-0.222014422827208,2.90147766199083,1,1,"AC154378.1","Prg2",0.2,0.04
-0.222014422827208,2.90147766199083,1,1,"Zfp54","Prg2",0.2,0.04
-0.222014422827208,2.90147766199083,1,1,"Ccdc78","Prg2",0.2,0.04
-0.222014422827208,2.90147766199083,1,1,"Fam234a","Prg2",0.2,0.04
-0.222014422827208,2.90147766199083,1,1,"Ggnbp1","Prg2",0.2,0.04
-0.222014422827208,2.90147766199083,1,1,"Ppard","Prg2",0.2,0.04
-0.222014422827208,2.90147766199083,1,1,"4930539E08Rik","Prg2",0.2,0.04
-0.222014422827208,2.90147766199083,1,1,"Atp6v1g2","Prg2",0.2,0.04
-0.222014422827208,2.90147766199083,1,1,"Slc25a27","Prg2",0.2,0.04
-0.222014422827208,2.90147766199083,1,1,"Cyp39a1","Prg2",0.2,0.04
-0.222014422827208,2.90147766199083,1,1,"Abcc10","Prg2",0.2,0.04
-0.222014422827208,2.90147766199083,1,1,"Usp49","Prg2",0.2,0.04
-0.222014422827208,2.90147766199083,1,1,"Mdfi","Prg2",0.2,0.04
-0.222014422827208,2.90147766199083,1,1,"Sema6b","Prg2",0.2,0.04
-0.222014422827208,2.90147766199083,1,1,"Rfx2","Prg2",0.2,0.04
-0.222014422827208,2.90147766199083,1,1,"Gm26510","Prg2",0.2,0.04
-0.222014422827208,2.90147766199083,1,1,"Mettl4","Prg2",0.2,0.04
-0.222014422827208,2.90147766199083,1,1,"Gm1976","Prg2",0.2,0.04
-0.222014422827208,2.90147766199083,1,1,"4933408B17Rik","Prg2",0.2,0.04
-0.222014422827208,2.90147766199083,1,1,"Gm3550","Prg2",0.2,0.04
-0.222014422827208,2.90147766199083,1,1,"Rell2","Prg2",0.2,0.04
-0.222014422827208,2.90147766199083,1,1,"1700086O06Rik","Prg2",0.2,0.04
-0.222014422827208,2.90147766199083,1,1,"8030462N17Rik","Prg2",0.2,0.04
-0.222014422827208,2.90147766199083,1,1,"Acy3","Prg2",0.2,0.04
-0.222014422827208,2.90147766199083,1,1,"Pcx","Prg2",0.2,0.04
-0.222014422827208,2.90147766199083,1,1,"Tm7sf2","Prg2",0.2,0.04
-0.222014422827208,2.90147766199083,1,1,"Gpam","Prg2",0.2,0.04
-0.222014422827208,2.90147766199083,1,1,"Tcf7l2","Prg2",0.2,0.04
0.165857160815562,3.2680599437658,1,1,"Hs6st1","Prg2",0.2,0.04
0.165857160815562,3.2680599437658,1,1,"Tns1","Prg2",0.2,0.04
0.165857160815562,3.2680599437658,1,1,"Ptpn4","Prg2",0.2,0.04
0.165857160815562,3.2680599437658,1,1,"Steap3","Prg2",0.2,0.04
0.165857160815562,3.2680599437658,1,1,"Cd244","Prg2",0.2,0.04
0.165857160815562,3.2680599437658,1,1,"Ifi209","Prg2",0.2,0.04
0.165857160815562,3.2680599437658,1,1,"Akt3","Prg2",0.2,0.04
0.165857160815562,3.2680599437658,1,1,"Med27","Prg2",0.2,0.04
0.165857160815562,3.2680599437658,1,1,"Slc27a4","Prg2",0.2,0.04
0.165857160815562,3.2680599437658,1,1,"Zeb2os","Prg2",0.2,0.04
0.165857160815562,3.2680599437658,1,1,"Calcrl","Prg2",0.2,0.04
0.165857160815562,3.2680599437658,1,1,"Zfp661","Prg2",0.2,0.04
0.165857160815562,3.2680599437658,1,1,"Mkks","Prg2",0.2,0.04
0.165857160815562,3.2680599437658,1,1,"Platr27","Prg2",0.2,0.04
0.165857160815562,3.2680599437658,1,1,"Neurl2","Prg2",0.2,0.04
0.165857160815562,3.2680599437658,1,1,"Zbtb33","Prg2",0.2,0.04
0.165857160815562,3.2680599437658,1,1,"Fancb","Prg2",0.2,0.04
0.165857160815562,3.2680599437658,1,1,"Mid1","Prg2",0.2,0.04
0.165857160815562,3.2680599437658,1,1,"Zbtb10","Prg2",0.2,0.04
0.165857160815562,3.2680599437658,1,1,"Pag1","Prg2",0.2,0.04
0.165857160815562,3.2680599437658,1,1,"Il6ra","Prg2",0.2,0.04
0.165857160815562,3.2680599437658,1,1,"Pias3","Prg2",0.2,0.04
0.165857160815562,3.2680599437658,1,1,"Chil3","Prg2",0.2,0.04
0.165857160815562,3.2680599437658,1,1,"Pde5a","Prg2",0.2,0.04
0.165857160815562,3.2680599437658,1,1,"Fpgt","Prg2",0.2,0.04
0.165857160815562,3.2680599437658,1,1,"Hemgn","Prg2",0.2,0.04
0.165857160815562,3.2680599437658,1,1,"Tie1","Prg2",0.2,0.04
0.165857160815562,3.2680599437658,1,1,"Gm20707","Prg2",0.2,0.04
0.165857160815562,3.2680599437658,1,1,"Gm13205","Prg2",0.2,0.04
0.165857160815562,3.2680599437658,1,1,"Lmbr1","Prg2",0.2,0.04
0.165857160815562,3.2680599437658,1,1,"4930515G01Rik","Prg2",0.2,0.04
0.165857160815562,3.2680599437658,1,1,"Fbxo21","Prg2",0.2,0.04
0.165857160815562,3.2680599437658,1,1,"Rita1","Prg2",0.2,0.04
0.165857160815562,3.2680599437658,1,1,"Dtx2","Prg2",0.2,0.04
0.165857160815562,3.2680599437658,1,1,"Rab43","Prg2",0.2,0.04
0.165857160815562,3.2680599437658,1,1,"Mitf","Prg2",0.2,0.04
0.165857160815562,3.2680599437658,1,1,"Dcp1b","Prg2",0.2,0.04
0.165857160815562,3.2680599437658,1,1,"Gm45509","Prg2",0.2,0.04
0.165857160815562,3.2680599437658,1,1,"Six5","Prg2",0.2,0.04
0.165857160815562,3.2680599437658,1,1,"Prrg2","Prg2",0.2,0.04
0.165857160815562,3.2680599437658,1,1,"Nmb","Prg2",0.2,0.04
0.165857160815562,3.2680599437658,1,1,"Mex3b","Prg2",0.2,0.04
0.165857160815562,3.2680599437658,1,1,"P2ry2","Prg2",0.2,0.04
0.165857160815562,3.2680599437658,1,1,"Rras2","Prg2",0.2,0.04
0.165857160815562,3.2680599437658,1,1,"E430018J23Rik","Prg2",0.2,0.04
0.165857160815562,3.2680599437658,1,1,"Gm42715","Prg2",0.2,0.04
0.165857160815562,3.2680599437658,1,1,"Fbxl19","Prg2",0.2,0.04
0.165857160815562,3.2680599437658,1,1,"Zbtb2","Prg2",0.2,0.04
0.165857160815562,3.2680599437658,1,1,"Cnksr3","Prg2",0.2,0.04
0.165857160815562,3.2680599437658,1,1,"Tjp3","Prg2",0.2,0.04
0.165857160815562,3.2680599437658,1,1,"Appl2","Prg2",0.2,0.04
0.165857160815562,3.2680599437658,1,1,"BC048403","Prg2",0.2,0.04
0.165857160815562,3.2680599437658,1,1,"Pan2","Prg2",0.2,0.04
0.165857160815562,3.2680599437658,1,1,"Cyp4v3","Prg2",0.2,0.04
0.165857160815562,3.2680599437658,1,1,"Arrdc2","Prg2",0.2,0.04
0.165857160815562,3.2680599437658,1,1,"Cenpt","Prg2",0.2,0.04
0.165857160815562,3.2680599437658,1,1,"Tmem170","Prg2",0.2,0.04
0.165857160815562,3.2680599437658,1,1,"Gm45894","Prg2",0.2,0.04
0.165857160815562,3.2680599437658,1,1,"Nkiras1","Prg2",0.2,0.04
0.165857160815562,3.2680599437658,1,1,"Arhgef3","Prg2",0.2,0.04
0.165857160815562,3.2680599437658,1,1,"Timm23","Prg2",0.2,0.04
0.165857160815562,3.2680599437658,1,1,"Fam35a","Prg2",0.2,0.04
0.165857160815562,3.2680599437658,1,1,"Fdft1","Prg2",0.2,0.04
0.165857160815562,3.2680599437658,1,1,"Tmem218","Prg2",0.2,0.04
0.165857160815562,3.2680599437658,1,1,"Fdxacb1","Prg2",0.2,0.04
0.165857160815562,3.2680599437658,1,1,"Scaper","Prg2",0.2,0.04
0.165857160815562,3.2680599437658,1,1,"Plod2","Prg2",0.2,0.04
0.165857160815562,3.2680599437658,1,1,"Rab6b","Prg2",0.2,0.04
0.165857160815562,3.2680599437658,1,1,"Ccdc51","Prg2",0.2,0.04
0.165857160815562,3.2680599437658,1,1,"Gm9888","Prg2",0.2,0.04
0.165857160815562,3.2680599437658,1,1,"Nf2","Prg2",0.2,0.04
0.165857160815562,3.2680599437658,1,1,"Wdpcp","Prg2",0.2,0.04
0.165857160815562,3.2680599437658,1,1,"Acyp2","Prg2",0.2,0.04
0.165857160815562,3.2680599437658,1,1,"Hist3h2a","Prg2",0.2,0.04
0.165857160815562,3.2680599437658,1,1,"Tom1l2","Prg2",0.2,0.04
0.165857160815562,3.2680599437658,1,1,"Ctns","Prg2",0.2,0.04
0.165857160815562,3.2680599437658,1,1,"Gm11423","Prg2",0.2,0.04
0.165857160815562,3.2680599437658,1,1,"Myo19","Prg2",0.2,0.04
0.165857160815562,3.2680599437658,1,1,"1700052K11Rik","Prg2",0.2,0.04
0.165857160815562,3.2680599437658,1,1,"Hist1h2af","Prg2",0.2,0.04
0.165857160815562,3.2680599437658,1,1,"Hist1h2bh","Prg2",0.2,0.04
0.165857160815562,3.2680599437658,1,1,"Hfe","Prg2",0.2,0.04
0.165857160815562,3.2680599437658,1,1,"Hist1h3a","Prg2",0.2,0.04
0.165857160815562,3.2680599437658,1,1,"Nfil3","Prg2",0.2,0.04
0.165857160815562,3.2680599437658,1,1,"Elovl7","Prg2",0.2,0.04
0.165857160815562,3.2680599437658,1,1,"Trmt5","Prg2",0.2,0.04
0.165857160815562,3.2680599437658,1,1,"Gm30025","Prg2",0.2,0.04
0.165857160815562,3.2680599437658,1,1,"Dpf3","Prg2",0.2,0.04
0.165857160815562,3.2680599437658,1,1,"Wdr25","Prg2",0.2,0.04
0.165857160815562,3.2680599437658,1,1,"Tnfaip2","Prg2",0.2,0.04
0.165857160815562,3.2680599437658,1,1,"Gm49207","Prg2",0.2,0.04
0.165857160815562,3.2680599437658,1,1,"Rai14","Prg2",0.2,0.04
0.165857160815562,3.2680599437658,1,1,"Alg12","Prg2",0.2,0.04
0.165857160815562,3.2680599437658,1,1,"Amigo2","Prg2",0.2,0.04
0.165857160815562,3.2680599437658,1,1,"Clec16a","Prg2",0.2,0.04
0.165857160815562,3.2680599437658,1,1,"Bex6","Prg2",0.2,0.04
0.165857160815562,3.2680599437658,1,1,"Jmjd8","Prg2",0.2,0.04
0.165857160815562,3.2680599437658,1,1,"Trim26","Prg2",0.2,0.04
0.165857160815562,3.2680599437658,1,1,"Gabbr1","Prg2",0.2,0.04
0.165857160815562,3.2680599437658,1,1,"Pdzph1","Prg2",0.2,0.04
0.165857160815562,3.2680599437658,1,1,"1700066B19Rik","Prg2",0.2,0.04
0.165857160815562,3.2680599437658,1,1,"Gramd3","Prg2",0.2,0.04
0.165857160815562,3.2680599437658,1,1,"Slc12a2","Prg2",0.2,0.04
0.165857160815562,3.2680599437658,1,1,"Gm6133","Prg2",0.2,0.04
0.165857160815562,3.2680599437658,1,1,"Lrp5","Prg2",0.2,0.04
0.165857160815562,3.2680599437658,1,1,"Ap5b1","Prg2",0.2,0.04
0.165857160815562,3.2680599437658,1,1,"Tctn3","Prg2",0.2,0.04
0.0952760445025016,5.23018652585731,1,1,"Man1b1","Prg2",0.2,0.04
0.0952760445025016,5.23018652585731,1,1,"Tor1b","Prg2",0.2,0.04
0.0952760445025016,5.23018652585731,1,1,"Ivd","Prg2",0.2,0.04
0.0952760445025016,5.23018652585731,1,1,"Mtap","Prg2",0.2,0.04
0.0952760445025016,5.23018652585731,1,1,"Cad","Prg2",0.2,0.04
0.0952760445025016,5.23018652585731,1,1,"Baz2a","Prg2",0.2,0.04
0.0952760445025016,5.23018652585731,1,1,"Dhx38","Prg2",0.2,0.04
0.0952760445025016,5.23018652585731,1,1,"Thoc5","Prg2",0.2,0.04
0.0952760445025016,5.23018652585731,1,1,"Erlec1","Prg2",0.2,0.04
0.0952760445025016,5.23018652585731,1,1,"Zcchc10","Prg2",0.2,0.04
0.0952760445025016,5.23018652585731,1,1,"Smim5","Prg2",0.2,0.04
0.0952760445025016,5.23018652585731,1,1,"2210016F16Rik","Prg2",0.2,0.04
0.0952760445025016,5.23018652585731,1,1,"Retreg1","Prg2",0.2,0.04
0.0952760445025016,5.23018652585731,1,1,"Pmm1","Prg2",0.2,0.04
0.0952760445025016,5.23018652585731,1,1,"Rnf168","Prg2",0.2,0.04
0.0952760445025016,5.23018652585731,1,1,"Metrn","Prg2",0.2,0.04
0.0952760445025016,5.23018652585731,1,1,"Gtf2h4","Prg2",0.2,0.04
0.0952760445025016,5.23018652585731,1,1,"Mut","Prg2",0.2,0.04
0.0390033400348919,6.65385029048198,1,1,"Bax","Prg2",0.2,0.04
0.021985057925093,6.85278838277246,1,1,"Sarnp","Prg2",0.2,0.04
0.0218672955477243,5.26702140699715,1,1,"Rpe","Prg2",0.2,0.04
0.0218672955477243,5.26702140699715,1,1,"Frmd4a","Prg2",0.2,0.04
0.0218672955477243,5.26702140699715,1,1,"Crls1","Prg2",0.2,0.04
0.0218672955477243,5.26702140699715,1,1,"Gnl3l","Prg2",0.2,0.04
0.0218672955477243,5.26702140699715,1,1,"Rfxap","Prg2",0.2,0.04
0.0218672955477243,5.26702140699715,1,1,"Pnrc2","Prg2",0.2,0.04
0.0218672955477243,5.26702140699715,1,1,"Rab8b","Prg2",0.2,0.04
0.0218672955477243,5.26702140699715,1,1,"Uimc1","Prg2",0.2,0.04
0.0218672955477243,5.26702140699715,1,1,"Papd4","Prg2",0.2,0.04
0.0218672955477243,5.26702140699715,1,1,"Trappc8","Prg2",0.2,0.04
-0.0185430798242716,6.41639428056091,1,1,"Cpsf2","Prg2",0.2,0.04
-0.0185430798242716,6.41639428056091,1,1,"Pcgf5","Prg2",0.2,0.04
-0.014677005504938,6.55416179955035,1,1,"Sephs2","Prg2",0.2,0.04
-0.014677005504938,6.55416179955035,1,1,"Herpud1","Prg2",0.2,0.04
3.55695473810629,2.42834274327587,1,1,"Gm37988","Prg2",0.2,0.04
3.55695473810629,2.42834274327587,1,1,"4931428L18Rik","Prg2",0.2,0.04
3.55695473810629,2.42834274327587,1,1,"Il1r1","Prg2",0.2,0.04
3.55695473810629,2.42834274327587,1,1,"Gm553","Prg2",0.2,0.04
3.55695473810629,2.42834274327587,1,1,"Rftn2","Prg2",0.2,0.04
3.55695473810629,2.42834274327587,1,1,"Slc11a1","Prg2",0.2,0.04
3.55695473810629,2.42834274327587,1,1,"Plcd4","Prg2",0.2,0.04
3.55695473810629,2.42834274327587,1,1,"Ugt1a7c","Prg2",0.2,0.04
3.55695473810629,2.42834274327587,1,1,"Ugt1a6a","Prg2",0.2,0.04
3.55695473810629,2.42834274327587,1,1,"Gbx2","Prg2",0.2,0.04
3.55695473810629,2.42834274327587,1,1,"Dsel","Prg2",0.2,0.04
3.55695473810629,2.42834274327587,1,1,"Gm27184","Prg2",0.2,0.04
3.55695473810629,2.42834274327587,1,1,"Gm28857","Prg2",0.2,0.04
3.55695473810629,2.42834274327587,1,1,"Cntn2","Prg2",0.2,0.04
3.55695473810629,2.42834274327587,1,1,"Pik3c2b","Prg2",0.2,0.04
3.55695473810629,2.42834274327587,1,1,"Shcbp1l","Prg2",0.2,0.04
3.55695473810629,2.42834274327587,1,1,"Teddm2","Prg2",0.2,0.04
3.55695473810629,2.42834274327587,1,1,"Gm10031","Prg2",0.2,0.04
3.55695473810629,2.42834274327587,1,1,"Atp1b1","Prg2",0.2,0.04
3.55695473810629,2.42834274327587,1,1,"Gpr161","Prg2",0.2,0.04
3.55695473810629,2.42834274327587,1,1,"Gm15853","Prg2",0.2,0.04
3.55695473810629,2.42834274327587,1,1,"Gm7694","Prg2",0.2,0.04
3.55695473810629,2.42834274327587,1,1,"Gm17275","Prg2",0.2,0.04
3.55695473810629,2.42834274327587,1,1,"4930532G15Rik","Prg2",0.2,0.04
3.55695473810629,2.42834274327587,1,1,"Gm13199","Prg2",0.2,0.04
3.55695473810629,2.42834274327587,1,1,"Cacnb2","Prg2",0.2,0.04
3.55695473810629,2.42834274327587,1,1,"AA543186","Prg2",0.2,0.04
3.55695473810629,2.42834274327587,1,1,"Ralgds","Prg2",0.2,0.04
3.55695473810629,2.42834274327587,1,1,"Cercam","Prg2",0.2,0.04
3.55695473810629,2.42834274327587,1,1,"Phf19","Prg2",0.2,0.04
3.55695473810629,2.42834274327587,1,1,"Gm13431","Prg2",0.2,0.04
3.55695473810629,2.42834274327587,1,1,"Fmnl2","Prg2",0.2,0.04
3.55695473810629,2.42834274327587,1,1,"Gm13572","Prg2",0.2,0.04
3.55695473810629,2.42834274327587,1,1,"Dhrs9","Prg2",0.2,0.04
3.55695473810629,2.42834274327587,1,1,"Gpr155","Prg2",0.2,0.04
3.55695473810629,2.42834274327587,1,1,"Gm13710","Prg2",0.2,0.04
3.55695473810629,2.42834274327587,1,1,"Rag2","Prg2",0.2,0.04
3.55695473810629,2.42834274327587,1,1,"Abtb2","Prg2",0.2,0.04
3.55695473810629,2.42834274327587,1,1,"1700026D11Rik","Prg2",0.2,0.04
3.55695473810629,2.42834274327587,1,1,"Zfp442","Prg2",0.2,0.04
3.55695473810629,2.42834274327587,1,1,"Platr15","Prg2",0.2,0.04
3.55695473810629,2.42834274327587,1,1,"Ccm2l","Prg2",0.2,0.04
3.55695473810629,2.42834274327587,1,1,"Necab3","Prg2",0.2,0.04
3.55695473810629,2.42834274327587,1,1,"0610039K10Rik","Prg2",0.2,0.04
3.55695473810629,2.42834274327587,1,1,"Wfdc10","Prg2",0.2,0.04
3.55695473810629,2.42834274327587,1,1,"Ripor3","Prg2",0.2,0.04
3.55695473810629,2.42834274327587,1,1,"Bcas1","Prg2",0.2,0.04
3.55695473810629,2.42834274327587,1,1,"Spo11","Prg2",0.2,0.04
3.55695473810629,2.42834274327587,1,1,"Zfp968","Prg2",0.2,0.04
3.55695473810629,2.42834274327587,1,1,"Gm14409","Prg2",0.2,0.04
3.55695473810629,2.42834274327587,1,1,"Shroom4","Prg2",0.2,0.04
3.55695473810629,2.42834274327587,1,1,"Usp27x","Prg2",0.2,0.04
3.55695473810629,2.42834274327587,1,1,"Flicr","Prg2",0.2,0.04
3.55695473810629,2.42834274327587,1,1,"Rbm3os","Prg2",0.2,0.04
3.55695473810629,2.42834274327587,1,1,"H2al1m","Prg2",0.2,0.04
3.55695473810629,2.42834274327587,1,1,"Slc9a7","Prg2",0.2,0.04
3.55695473810629,2.42834274327587,1,1,"Mdrl","Prg2",0.2,0.04
3.55695473810629,2.42834274327587,1,1,"Gm7173","Prg2",0.2,0.04
3.55695473810629,2.42834274327587,1,1,"Arhgef9","Prg2",0.2,0.04
3.55695473810629,2.42834274327587,1,1,"Eda","Prg2",0.2,0.04
3.55695473810629,2.42834274327587,1,1,"Chic1","Prg2",0.2,0.04
3.55695473810629,2.42834274327587,1,1,"Lpar4","Prg2",0.2,0.04
3.55695473810629,2.42834274327587,1,1,"Gpr174","Prg2",0.2,0.04
3.55695473810629,2.42834274327587,1,1,"Plp1","Prg2",0.2,0.04
3.55695473810629,2.42834274327587,1,1,"Tmsb15l","Prg2",0.2,0.04
3.55695473810629,2.42834274327587,1,1,"Ribc1","Prg2",0.2,0.04
3.55695473810629,2.42834274327587,1,1,"Tceanc","Prg2",0.2,0.04
3.55695473810629,2.42834274327587,1,1,"Tlr7","Prg2",0.2,0.04
3.55695473810629,2.42834274327587,1,1,"Gm21887","Prg2",0.2,0.04
3.55695473810629,2.42834274327587,1,1,"Gm37170","Prg2",0.2,0.04
3.55695473810629,2.42834274327587,1,1,"Lhfp","Prg2",0.2,0.04
3.55695473810629,2.42834274327587,1,1,"Ccdc169","Prg2",0.2,0.04
3.55695473810629,2.42834274327587,1,1,"Nbea","Prg2",0.2,0.04
3.55695473810629,2.42834274327587,1,1,"6430573P05Rik","Prg2",0.2,0.04
3.55695473810629,2.42834274327587,1,1,"Tdo2","Prg2",0.2,0.04
3.55695473810629,2.42834274327587,1,1,"Hcn3","Prg2",0.2,0.04
3.55695473810629,2.42834274327587,1,1,"Gm15265","Prg2",0.2,0.04
3.55695473810629,2.42834274327587,1,1,"Prkab2","Prg2",0.2,0.04
3.55695473810629,2.42834274327587,1,1,"Hmgcs2","Prg2",0.2,0.04
3.55695473810629,2.42834274327587,1,1,"Dennd2c","Prg2",0.2,0.04
3.55695473810629,2.42834274327587,1,1,"Celsr2","Prg2",0.2,0.04
3.55695473810629,2.42834274327587,1,1,"Gm43569","Prg2",0.2,0.04
3.55695473810629,2.42834274327587,1,1,"Gm30648","Prg2",0.2,0.04
3.55695473810629,2.42834274327587,1,1,"4930539J05Rik","Prg2",0.2,0.04
3.55695473810629,2.42834274327587,1,1,"Clca3a1","Prg2",0.2,0.04
3.55695473810629,2.42834274327587,1,1,"Cth","Prg2",0.2,0.04
3.55695473810629,2.42834274327587,1,1,"Triqk","Prg2",0.2,0.04
3.55695473810629,2.42834274327587,1,1,"AL732506.1","Prg2",0.2,0.04
3.55695473810629,2.42834274327587,1,1,"Trim14","Prg2",0.2,0.04
3.55695473810629,2.42834274327587,1,1,"Col15a1","Prg2",0.2,0.04
3.55695473810629,2.42834274327587,1,1,"Zfp462","Prg2",0.2,0.04
3.55695473810629,2.42834274327587,1,1,"Wdr31","Prg2",0.2,0.04
3.55695473810629,2.42834274327587,1,1,"Ttc39b","Prg2",0.2,0.04
3.55695473810629,2.42834274327587,1,1,"Patj","Prg2",0.2,0.04
3.55695473810629,2.42834274327587,1,1,"Gm44037","Prg2",0.2,0.04
3.55695473810629,2.42834274327587,1,1,"Pik3r3","Prg2",0.2,0.04
3.55695473810629,2.42834274327587,1,1,"9530034E10Rik","Prg2",0.2,0.04
3.55695473810629,2.42834274327587,1,1,"Gm26606","Prg2",0.2,0.04
3.55695473810629,2.42834274327587,1,1,"Azin2","Prg2",0.2,0.04
3.55695473810629,2.42834274327587,1,1,"Dcdc2b","Prg2",0.2,0.04
3.55695473810629,2.42834274327587,1,1,"Gm28874","Prg2",0.2,0.04
3.55695473810629,2.42834274327587,1,1,"Arhgef10l","Prg2",0.2,0.04
3.55695473810629,2.42834274327587,1,1,"Zfp989","Prg2",0.2,0.04
3.55695473810629,2.42834274327587,1,1,"Zfp985","Prg2",0.2,0.04
3.55695473810629,2.42834274327587,1,1,"Draxin","Prg2",0.2,0.04
3.55695473810629,2.42834274327587,1,1,"Errfi1","Prg2",0.2,0.04
3.55695473810629,2.42834274327587,1,1,"Tnfrsf9","Prg2",0.2,0.04
3.55695473810629,2.42834274327587,1,1,"Atad3aos","Prg2",0.2,0.04
3.55695473810629,2.42834274327587,1,1,"Tas1r3","Prg2",0.2,0.04
3.55695473810629,2.42834274327587,1,1,"AW011738","Prg2",0.2,0.04
3.55695473810629,2.42834274327587,1,1,"1700109H08Rik","Prg2",0.2,0.04
3.55695473810629,2.42834274327587,1,1,"Gm9970","Prg2",0.2,0.04
3.55695473810629,2.42834274327587,1,1,"Gm15614","Prg2",0.2,0.04
3.55695473810629,2.42834274327587,1,1,"Yes1","Prg2",0.2,0.04
3.55695473810629,2.42834274327587,1,1,"Wfs1","Prg2",0.2,0.04
3.55695473810629,2.42834274327587,1,1,"Gm7879","Prg2",0.2,0.04
3.55695473810629,2.42834274327587,1,1,"Rasl11b","Prg2",0.2,0.04
3.55695473810629,2.42834274327587,1,1,"Cxcl5","Prg2",0.2,0.04
3.55695473810629,2.42834274327587,1,1,"Gm9484","Prg2",0.2,0.04
3.55695473810629,2.42834274327587,1,1,"Zfp951","Prg2",0.2,0.04
3.55695473810629,2.42834274327587,1,1,"Brdt","Prg2",0.2,0.04
3.55695473810629,2.42834274327587,1,1,"Fgfrl1","Prg2",0.2,0.04
3.55695473810629,2.42834274327587,1,1,"Gm10399","Prg2",0.2,0.04
3.55695473810629,2.42834274327587,1,1,"Acad10","Prg2",0.2,0.04
3.55695473810629,2.42834274327587,1,1,"Gm20605","Prg2",0.2,0.04
3.55695473810629,2.42834274327587,1,1,"Pilra","Prg2",0.2,0.04
3.55695473810629,2.42834274327587,1,1,"Nxpe5","Prg2",0.2,0.04
3.55695473810629,2.42834274327587,1,1,"Fam20c","Prg2",0.2,0.04
3.55695473810629,2.42834274327587,1,1,"Amz1","Prg2",0.2,0.04
3.55695473810629,2.42834274327587,1,1,"Lnx2","Prg2",0.2,0.04
3.55695473810629,2.42834274327587,1,1,"5930430L01Rik","Prg2",0.2,0.04
3.55695473810629,2.42834274327587,1,1,"Medag","Prg2",0.2,0.04
3.55695473810629,2.42834274327587,1,1,"Gm43597","Prg2",0.2,0.04
3.55695473810629,2.42834274327587,1,1,"Gm16055","Prg2",0.2,0.04
3.55695473810629,2.42834274327587,1,1,"Cped1","Prg2",0.2,0.04
3.55695473810629,2.42834274327587,1,1,"Cadps2","Prg2",0.2,0.04
3.55695473810629,2.42834274327587,1,1,"6530409C15Rik","Prg2",0.2,0.04
3.55695473810629,2.42834274327587,1,1,"Irf5","Prg2",0.2,0.04
3.55695473810629,2.42834274327587,1,1,"Slc37a3","Prg2",0.2,0.04
3.55695473810629,2.42834274327587,1,1,"Ephb6","Prg2",0.2,0.04
3.55695473810629,2.42834274327587,1,1,"Fam13a","Prg2",0.2,0.04
3.55695473810629,2.42834274327587,1,1,"Il12rb2","Prg2",0.2,0.04
3.55695473810629,2.42834274327587,1,1,"Sema4f","Prg2",0.2,0.04
3.55695473810629,2.42834274327587,1,1,"Lbx2","Prg2",0.2,0.04
3.55695473810629,2.42834274327587,1,1,"Gm42688","Prg2",0.2,0.04
3.55695473810629,2.42834274327587,1,1,"Gm26636","Prg2",0.2,0.04
3.55695473810629,2.42834274327587,1,1,"Gm5577","Prg2",0.2,0.04
3.55695473810629,2.42834274327587,1,1,"Kbtbd8","Prg2",0.2,0.04
3.55695473810629,2.42834274327587,1,1,"Gm26799","Prg2",0.2,0.04
3.55695473810629,2.42834274327587,1,1,"Cacna2d4","Prg2",0.2,0.04
3.55695473810629,2.42834274327587,1,1,"Cd163","Prg2",0.2,0.04
3.55695473810629,2.42834274327587,1,1,"Gm44096","Prg2",0.2,0.04
3.55695473810629,2.42834274327587,1,1,"Plbd1","Prg2",0.2,0.04
3.55695473810629,2.42834274327587,1,1,"Casc1","Prg2",0.2,0.04
3.55695473810629,2.42834274327587,1,1,"Eps8l1","Prg2",0.2,0.04
3.55695473810629,2.42834274327587,1,1,"Zfp418","Prg2",0.2,0.04
3.55695473810629,2.42834274327587,1,1,"Gm45351","Prg2",0.2,0.04
3.55695473810629,2.42834274327587,1,1,"1810019N24Rik","Prg2",0.2,0.04
3.55695473810629,2.42834274327587,1,1,"C5ar2","Prg2",0.2,0.04
3.55695473810629,2.42834274327587,1,1,"Dact3","Prg2",0.2,0.04
3.55695473810629,2.42834274327587,1,1,"Dmpk","Prg2",0.2,0.04
3.55695473810629,2.42834274327587,1,1,"Zfp94","Prg2",0.2,0.04
3.55695473810629,2.42834274327587,1,1,"Numbl","Prg2",0.2,0.04
3.55695473810629,2.42834274327587,1,1,"Rasgrp4","Prg2",0.2,0.04
3.55695473810629,2.42834274327587,1,1,"Catsperg1","Prg2",0.2,0.04
3.55695473810629,2.42834274327587,1,1,"U2af1l4","Prg2",0.2,0.04
3.55695473810629,2.42834274327587,1,1,"Lsr","Prg2",0.2,0.04
3.55695473810629,2.42834274327587,1,1,"Fam187b","Prg2",0.2,0.04
3.55695473810629,2.42834274327587,1,1,"G630030J09Rik","Prg2",0.2,0.04
3.55695473810629,2.42834274327587,1,1,"Gm26790","Prg2",0.2,0.04
3.55695473810629,2.42834274327587,1,1,"1700028J19Rik","Prg2",0.2,0.04
3.55695473810629,2.42834274327587,1,1,"Zfp473","Prg2",0.2,0.04
3.55695473810629,2.42834274327587,1,1,"Flt3l","Prg2",0.2,0.04
3.55695473810629,2.42834274327587,1,1,"Tead2","Prg2",0.2,0.04
3.55695473810629,2.42834274327587,1,1,"Ppfia3","Prg2",0.2,0.04
3.55695473810629,2.42834274327587,1,1,"1700112J16Rik","Prg2",0.2,0.04
3.55695473810629,2.42834274327587,1,1,"St8sia2","Prg2",0.2,0.04
3.55695473810629,2.42834274327587,1,1,"Kif7","Prg2",0.2,0.04
3.55695473810629,2.42834274327587,1,1,"Saxo2","Prg2",0.2,0.04
3.55695473810629,2.42834274327587,1,1,"Gm16638","Prg2",0.2,0.04
3.55695473810629,2.42834274327587,1,1,"Fah","Prg2",0.2,0.04
3.55695473810629,2.42834274327587,1,1,"Fam181b","Prg2",0.2,0.04
3.55695473810629,2.42834274327587,1,1,"Tenm4","Prg2",0.2,0.04
3.55695473810629,2.42834274327587,1,1,"B3gnt6","Prg2",0.2,0.04
3.55695473810629,2.42834274327587,1,1,"Art5","Prg2",0.2,0.04
3.55695473810629,2.42834274327587,1,1,"Gvin1","Prg2",0.2,0.04
3.55695473810629,2.42834274327587,1,1,"Ric3","Prg2",0.2,0.04
3.55695473810629,2.42834274327587,1,1,"Cdiptos","Prg2",0.2,0.04
3.55695473810629,2.42834274327587,1,1,"Gm26690","Prg2",0.2,0.04
3.55695473810629,2.42834274327587,1,1,"Gm44623","Prg2",0.2,0.04
3.55695473810629,2.42834274327587,1,1,"Lrrc27","Prg2",0.2,0.04
3.55695473810629,2.42834274327587,1,1,"Brsk2","Prg2",0.2,0.04
3.55695473810629,2.42834274327587,1,1,"Tspan32os","Prg2",0.2,0.04
3.55695473810629,2.42834274327587,1,1,"Slc22a18","Prg2",0.2,0.04
3.55695473810629,2.42834274327587,1,1,"Hivep2","Prg2",0.2,0.04
3.55695473810629,2.42834274327587,1,1,"Il22ra2","Prg2",0.2,0.04
3.55695473810629,2.42834274327587,1,1,"Fam26f","Prg2",0.2,0.04
3.55695473810629,2.42834274327587,1,1,"Dse","Prg2",0.2,0.04
3.55695473810629,2.42834274327587,1,1,"Gm47512","Prg2",0.2,0.04
3.55695473810629,2.42834274327587,1,1,"Crybg1","Prg2",0.2,0.04
3.55695473810629,2.42834274327587,1,1,"Dcbld1","Prg2",0.2,0.04
3.55695473810629,2.42834274327587,1,1,"Fstl3","Prg2",0.2,0.04
3.55695473810629,2.42834274327587,1,1,"Reep6","Prg2",0.2,0.04
3.55695473810629,2.42834274327587,1,1,"Adamtsl5","Prg2",0.2,0.04
3.55695473810629,2.42834274327587,1,1,"Atp8b3","Prg2",0.2,0.04
3.55695473810629,2.42834274327587,1,1,"Gm26546","Prg2",0.2,0.04
3.55695473810629,2.42834274327587,1,1,"Otogl","Prg2",0.2,0.04
3.55695473810629,2.42834274327587,1,1,"Srgap1","Prg2",0.2,0.04
3.55695473810629,2.42834274327587,1,1,"Gm4489","Prg2",0.2,0.04
3.55695473810629,2.42834274327587,1,1,"Stac3","Prg2",0.2,0.04
3.55695473810629,2.42834274327587,1,1,"Nxph4","Prg2",0.2,0.04
3.55695473810629,2.42834274327587,1,1,"Gm29585","Prg2",0.2,0.04
3.55695473810629,2.42834274327587,1,1,"Pmel","Prg2",0.2,0.04
3.55695473810629,2.42834274327587,1,1,"Col4a2","Prg2",0.2,0.04
3.55695473810629,2.42834274327587,1,1,"Gm26909","Prg2",0.2,0.04
3.55695473810629,2.42834274327587,1,1,"D830025C05Rik","Prg2",0.2,0.04
3.55695473810629,2.42834274327587,1,1,"Nat1","Prg2",0.2,0.04
3.55695473810629,2.42834274327587,1,1,"Fam129c","Prg2",0.2,0.04
3.55695473810629,2.42834274327587,1,1,"Cib3","Prg2",0.2,0.04
3.55695473810629,2.42834274327587,1,1,"Calr3","Prg2",0.2,0.04
3.55695473810629,2.42834274327587,1,1,"Frem3","Prg2",0.2,0.04
3.55695473810629,2.42834274327587,1,1,"Rnf150","Prg2",0.2,0.04
3.55695473810629,2.42834274327587,1,1,"Gm10638","Prg2",0.2,0.04
3.55695473810629,2.42834274327587,1,1,"4831440D22Rik","Prg2",0.2,0.04
3.55695473810629,2.42834274327587,1,1,"Cdh11","Prg2",0.2,0.04
3.55695473810629,2.42834274327587,1,1,"B3gnt9","Prg2",0.2,0.04
3.55695473810629,2.42834274327587,1,1,"Gm20163","Prg2",0.2,0.04
3.55695473810629,2.42834274327587,1,1,"Nqo1","Prg2",0.2,0.04
3.55695473810629,2.42834274327587,1,1,"Bco1","Prg2",0.2,0.04
3.55695473810629,2.42834274327587,1,1,"Spire2","Prg2",0.2,0.04
3.55695473810629,2.42834274327587,1,1,"Pcnx2","Prg2",0.2,0.04
3.55695473810629,2.42834274327587,1,1,"6230400D17Rik","Prg2",0.2,0.04
3.55695473810629,2.42834274327587,1,1,"Gm48933","Prg2",0.2,0.04
3.55695473810629,2.42834274327587,1,1,"Gm16973","Prg2",0.2,0.04
3.55695473810629,2.42834274327587,1,1,"Xkr6","Prg2",0.2,0.04
3.55695473810629,2.42834274327587,1,1,"Gm49164","Prg2",0.2,0.04
3.55695473810629,2.42834274327587,1,1,"Gm4285","Prg2",0.2,0.04
3.55695473810629,2.42834274327587,1,1,"Cldn10","Prg2",0.2,0.04
3.55695473810629,2.42834274327587,1,1,"Gm47079","Prg2",0.2,0.04
3.55695473810629,2.42834274327587,1,1,"1700084C06Rik","Prg2",0.2,0.04
3.55695473810629,2.42834274327587,1,1,"Dock6","Prg2",0.2,0.04
3.55695473810629,2.42834274327587,1,1,"Cdon","Prg2",0.2,0.04
3.55695473810629,2.42834274327587,1,1,"Gm47633","Prg2",0.2,0.04
3.55695473810629,2.42834274327587,1,1,"Phldb1","Prg2",0.2,0.04
3.55695473810629,2.42834274327587,1,1,"Mpzl3","Prg2",0.2,0.04
3.55695473810629,2.42834274327587,1,1,"Pih1d2","Prg2",0.2,0.04
3.55695473810629,2.42834274327587,1,1,"Colca2","Prg2",0.2,0.04
3.55695473810629,2.42834274327587,1,1,"Dnaja4","Prg2",0.2,0.04
3.55695473810629,2.42834274327587,1,1,"Aqp9","Prg2",0.2,0.04
3.55695473810629,2.42834274327587,1,1,"Khdc3","Prg2",0.2,0.04
3.55695473810629,2.42834274327587,1,1,"Filip1","Prg2",0.2,0.04
3.55695473810629,2.42834274327587,1,1,"Myo6","Prg2",0.2,0.04
3.55695473810629,2.42834274327587,1,1,"Lca5","Prg2",0.2,0.04
3.55695473810629,2.42834274327587,1,1,"4930500F10Rik","Prg2",0.2,0.04
3.55695473810629,2.42834274327587,1,1,"Gm37401","Prg2",0.2,0.04
3.55695473810629,2.42834274327587,1,1,"Ltf","Prg2",0.2,0.04
3.55695473810629,2.42834274327587,1,1,"Gm47320","Prg2",0.2,0.04
3.55695473810629,2.42834274327587,1,1,"Gm47112","Prg2",0.2,0.04
3.55695473810629,2.42834274327587,1,1,"Ccr5","Prg2",0.2,0.04
3.55695473810629,2.42834274327587,1,1,"Upp1","Prg2",0.2,0.04
3.55695473810629,2.42834274327587,1,1,"Zpbp","Prg2",0.2,0.04
3.55695473810629,2.42834274327587,1,1,"Gm28048","Prg2",0.2,0.04
3.55695473810629,2.42834274327587,1,1,"Hba-a2","Prg2",0.2,0.04
3.55695473810629,2.42834274327587,1,1,"4933415A04Rik","Prg2",0.2,0.04
3.55695473810629,2.42834274327587,1,1,"Olfr56","Prg2",0.2,0.04
3.55695473810629,2.42834274327587,1,1,"Cdkl3","Prg2",0.2,0.04
3.55695473810629,2.42834274327587,1,1,"Slc22a5","Prg2",0.2,0.04
3.55695473810629,2.42834274327587,1,1,"Pdlim4","Prg2",0.2,0.04
3.55695473810629,2.42834274327587,1,1,"Med9os","Prg2",0.2,0.04
3.55695473810629,2.42834274327587,1,1,"4930412M03Rik","Prg2",0.2,0.04
3.55695473810629,2.42834274327587,1,1,"Natd1","Prg2",0.2,0.04
3.55695473810629,2.42834274327587,1,1,"Epn2","Prg2",0.2,0.04
3.55695473810629,2.42834274327587,1,1,"Gm26964","Prg2",0.2,0.04
3.55695473810629,2.42834274327587,1,1,"Pigl","Prg2",0.2,0.04
3.55695473810629,2.42834274327587,1,1,"Zfp287","Prg2",0.2,0.04
3.55695473810629,2.42834274327587,1,1,"Myh10","Prg2",0.2,0.04
3.55695473810629,2.42834274327587,1,1,"9330160F10Rik","Prg2",0.2,0.04
3.55695473810629,2.42834274327587,1,1,"Efnb3","Prg2",0.2,0.04
3.55695473810629,2.42834274327587,1,1,"Tnk1","Prg2",0.2,0.04
3.55695473810629,2.42834274327587,1,1,"Ybx2","Prg2",0.2,0.04
3.55695473810629,2.42834274327587,1,1,"Gp1ba","Prg2",0.2,0.04
3.55695473810629,2.42834274327587,1,1,"Zfp3","Prg2",0.2,0.04
3.55695473810629,2.42834274327587,1,1,"Serpinf2","Prg2",0.2,0.04
3.55695473810629,2.42834274327587,1,1,"Scarf1","Prg2",0.2,0.04
3.55695473810629,2.42834274327587,1,1,"Rph3al","Prg2",0.2,0.04
3.55695473810629,2.42834274327587,1,1,"Fam57a","Prg2",0.2,0.04
3.55695473810629,2.42834274327587,1,1,"Rhbdl3","Prg2",0.2,0.04
3.55695473810629,2.42834274327587,1,1,"Cct6b","Prg2",0.2,0.04
3.55695473810629,2.42834274327587,1,1,"Wfdc21","Prg2",0.2,0.04
3.55695473810629,2.42834274327587,1,1,"Dhrs11","Prg2",0.2,0.04
3.55695473810629,2.42834274327587,1,1,"Gdpd1","Prg2",0.2,0.04
3.55695473810629,2.42834274327587,1,1,"Gm11505","Prg2",0.2,0.04
3.55695473810629,2.42834274327587,1,1,"Gm15892","Prg2",0.2,0.04
3.55695473810629,2.42834274327587,1,1,"Wfikkn2","Prg2",0.2,0.04
3.55695473810629,2.42834274327587,1,1,"Abi3","Prg2",0.2,0.04
3.55695473810629,2.42834274327587,1,1,"Hap1","Prg2",0.2,0.04
3.55695473810629,2.42834274327587,1,1,"Gfap","Prg2",0.2,0.04
3.55695473810629,2.42834274327587,1,1,"4932435O22Rik","Prg2",0.2,0.04
3.55695473810629,2.42834274327587,1,1,"Cd300ld","Prg2",0.2,0.04
3.55695473810629,2.42834274327587,1,1,"Sap30bpos","Prg2",0.2,0.04
3.55695473810629,2.42834274327587,1,1,"Gm11725","Prg2",0.2,0.04
3.55695473810629,2.42834274327587,1,1,"Pde6g","Prg2",0.2,0.04
3.55695473810629,2.42834274327587,1,1,"Hist1h2bl","Prg2",0.2,0.04
3.55695473810629,2.42834274327587,1,1,"Carmil1","Prg2",0.2,0.04
3.55695473810629,2.42834274327587,1,1,"Aldh5a1","Prg2",0.2,0.04
3.55695473810629,2.42834274327587,1,1,"Gm6093","Prg2",0.2,0.04
3.55695473810629,2.42834274327587,1,1,"Gm48708","Prg2",0.2,0.04
3.55695473810629,2.42834274327587,1,1,"Gm29459","Prg2",0.2,0.04
3.55695473810629,2.42834274327587,1,1,"AI463229","Prg2",0.2,0.04
3.55695473810629,2.42834274327587,1,1,"Cage1","Prg2",0.2,0.04
3.55695473810629,2.42834274327587,1,1,"5033430I15Rik","Prg2",0.2,0.04
3.55695473810629,2.42834274327587,1,1,"Zfp169","Prg2",0.2,0.04
3.55695473810629,2.42834274327587,1,1,"Ptpdc1","Prg2",0.2,0.04
3.55695473810629,2.42834274327587,1,1,"Ogn","Prg2",0.2,0.04
3.55695473810629,2.42834274327587,1,1,"Cdc14b","Prg2",0.2,0.04
3.55695473810629,2.42834274327587,1,1,"Zfp455","Prg2",0.2,0.04
3.55695473810629,2.42834274327587,1,1,"Gm10037","Prg2",0.2,0.04
3.55695473810629,2.42834274327587,1,1,"Gm26819","Prg2",0.2,0.04
3.55695473810629,2.42834274327587,1,1,"Zfp72","Prg2",0.2,0.04
3.55695473810629,2.42834274327587,1,1,"E430024I08Rik","Prg2",0.2,0.04
3.55695473810629,2.42834274327587,1,1,"Gcnt4","Prg2",0.2,0.04
3.55695473810629,2.42834274327587,1,1,"Esm1","Prg2",0.2,0.04
3.55695473810629,2.42834274327587,1,1,"Fam228b","Prg2",0.2,0.04
3.55695473810629,2.42834274327587,1,1,"Gm48619","Prg2",0.2,0.04
3.55695473810629,2.42834274327587,1,1,"Sdc1","Prg2",0.2,0.04
3.55695473810629,2.42834274327587,1,1,"Gm4419","Prg2",0.2,0.04
3.55695473810629,2.42834274327587,1,1,"Rsad2","Prg2",0.2,0.04
3.55695473810629,2.42834274327587,1,1,"4933406C10Rik","Prg2",0.2,0.04
3.55695473810629,2.42834274327587,1,1,"Gm26669","Prg2",0.2,0.04
3.55695473810629,2.42834274327587,1,1,"Gm4787","Prg2",0.2,0.04
3.55695473810629,2.42834274327587,1,1,"Bbof1","Prg2",0.2,0.04
3.55695473810629,2.42834274327587,1,1,"Vash1","Prg2",0.2,0.04
3.55695473810629,2.42834274327587,1,1,"Angel1","Prg2",0.2,0.04
3.55695473810629,2.42834274327587,1,1,"Gm47439","Prg2",0.2,0.04
3.55695473810629,2.42834274327587,1,1,"Lgmn","Prg2",0.2,0.04
3.55695473810629,2.42834274327587,1,1,"Ifi27l2a","Prg2",0.2,0.04
3.55695473810629,2.42834274327587,1,1,"Serpina3f","Prg2",0.2,0.04
3.55695473810629,2.42834274327587,1,1,"Slc25a47","Prg2",0.2,0.04
3.55695473810629,2.42834274327587,1,1,"Ighv1-41","Prg2",0.2,0.04
3.55695473810629,2.42834274327587,1,1,"Gm30948","Prg2",0.2,0.04
3.55695473810629,2.42834274327587,1,1,"Rapgef5","Prg2",0.2,0.04
3.55695473810629,2.42834274327587,1,1,"Slc1a3","Prg2",0.2,0.04
3.55695473810629,2.42834274327587,1,1,"Grhl2","Prg2",0.2,0.04
3.55695473810629,2.42834274327587,1,1,"Gm17473","Prg2",0.2,0.04
3.55695473810629,2.42834274327587,1,1,"Zhx2","Prg2",0.2,0.04
3.55695473810629,2.42834274327587,1,1,"Gm29394","Prg2",0.2,0.04
3.55695473810629,2.42834274327587,1,1,"Slc39a4","Prg2",0.2,0.04
3.55695473810629,2.42834274327587,1,1,"Elfn2","Prg2",0.2,0.04
3.55695473810629,2.42834274327587,1,1,"1700001L05Rik","Prg2",0.2,0.04
3.55695473810629,2.42834274327587,1,1,"Mapk12","Prg2",0.2,0.04
3.55695473810629,2.42834274327587,1,1,"Gm30085","Prg2",0.2,0.04
3.55695473810629,2.42834274327587,1,1,"1700056N10Rik","Prg2",0.2,0.04
3.55695473810629,2.42834274327587,1,1,"Ccdc116","Prg2",0.2,0.04
3.55695473810629,2.42834274327587,1,1,"Arvcf","Prg2",0.2,0.04
3.55695473810629,2.42834274327587,1,1,"A930003A15Rik","Prg2",0.2,0.04
3.55695473810629,2.42834274327587,1,1,"AC087898.2","Prg2",0.2,0.04
3.55695473810629,2.42834274327587,1,1,"Lppos","Prg2",0.2,0.04
3.55695473810629,2.42834274327587,1,1,"AC130815.3","Prg2",0.2,0.04
3.55695473810629,2.42834274327587,1,1,"Bdh1","Prg2",0.2,0.04
3.55695473810629,2.42834274327587,1,1,"Iqcg","Prg2",0.2,0.04
3.55695473810629,2.42834274327587,1,1,"Mylk","Prg2",0.2,0.04
3.55695473810629,2.42834274327587,1,1,"Gramd1c","Prg2",0.2,0.04
3.55695473810629,2.42834274327587,1,1,"Cxadr","Prg2",0.2,0.04
3.55695473810629,2.42834274327587,1,1,"Itsn1","Prg2",0.2,0.04
3.55695473810629,2.42834274327587,1,1,"Synj2","Prg2",0.2,0.04
3.55695473810629,2.42834274327587,1,1,"Tulp4","Prg2",0.2,0.04
3.55695473810629,2.42834274327587,1,1,"Gm3417","Prg2",0.2,0.04
3.55695473810629,2.42834274327587,1,1,"Prdm9","Prg2",0.2,0.04
3.55695473810629,2.42834274327587,1,1,"Gm6712","Prg2",0.2,0.04
3.55695473810629,2.42834274327587,1,1,"Zfp947","Prg2",0.2,0.04
3.55695473810629,2.42834274327587,1,1,"Gm16386","Prg2",0.2,0.04
3.55695473810629,2.42834274327587,1,1,"Paqr4","Prg2",0.2,0.04
3.55695473810629,2.42834274327587,1,1,"Ccdc154","Prg2",0.2,0.04
3.55695473810629,2.42834274327587,1,1,"Tmem8","Prg2",0.2,0.04
3.55695473810629,2.42834274327587,1,1,"Tmprss3","Prg2",0.2,0.04
3.55695473810629,2.42834274327587,1,1,"C4b","Prg2",0.2,0.04
3.55695473810629,2.42834274327587,1,1,"Ly6g5b","Prg2",0.2,0.04
3.55695473810629,2.42834274327587,1,1,"Gm19553","Prg2",0.2,0.04
3.55695473810629,2.42834274327587,1,1,"Rhag","Prg2",0.2,0.04
3.55695473810629,2.42834274327587,1,1,"Ptcra","Prg2",0.2,0.04
3.55695473810629,2.42834274327587,1,1,"AI661453","Prg2",0.2,0.04
3.55695473810629,2.42834274327587,1,1,"Gm20517","Prg2",0.2,0.04
3.55695473810629,2.42834274327587,1,1,"Myom1","Prg2",0.2,0.04
3.55695473810629,2.42834274327587,1,1,"Gm10093","Prg2",0.2,0.04
3.55695473810629,2.42834274327587,1,1,"Gm20939","Prg2",0.2,0.04
3.55695473810629,2.42834274327587,1,1,"Arhgap12","Prg2",0.2,0.04
3.55695473810629,2.42834274327587,1,1,"Fzd8","Prg2",0.2,0.04
3.55695473810629,2.42834274327587,1,1,"Hbegf","Prg2",0.2,0.04
3.55695473810629,2.42834274327587,1,1,"Cd14","Prg2",0.2,0.04
3.55695473810629,2.42834274327587,1,1,"Pcdhga9","Prg2",0.2,0.04
3.55695473810629,2.42834274327587,1,1,"Pcdhgb6","Prg2",0.2,0.04
3.55695473810629,2.42834274327587,1,1,"Pcdhgc4","Prg2",0.2,0.04
3.55695473810629,2.42834274327587,1,1,"Pcdhgc5","Prg2",0.2,0.04
3.55695473810629,2.42834274327587,1,1,"Mcc","Prg2",0.2,0.04
3.55695473810629,2.42834274327587,1,1,"Cdo1","Prg2",0.2,0.04
3.55695473810629,2.42834274327587,1,1,"Csf1r","Prg2",0.2,0.04
3.55695473810629,2.42834274327587,1,1,"Ankrd13d","Prg2",0.2,0.04
3.55695473810629,2.42834274327587,1,1,"Tigd3","Prg2",0.2,0.04
3.55695473810629,2.42834274327587,1,1,"Mamdc2","Prg2",0.2,0.04
3.55695473810629,2.42834274327587,1,1,"Prkg1","Prg2",0.2,0.04
3.55695473810629,2.42834274327587,1,1,"Ifit1bl1","Prg2",0.2,0.04
3.55695473810629,2.42834274327587,1,1,"Cc2d2b","Prg2",0.2,0.04
3.55695473810629,2.42834274327587,1,1,"Stn1","Prg2",0.2,0.04
3.55695473810629,2.42834274327587,1,1,"Rpl13a-ps1","Prg2",0.2,0.04
-2.88041469336559,2.41171297938844,1,1,"Gm26901","Prg2",0.2,0.04
-2.88041469336559,2.41171297938844,1,1,"Cpa6","Prg2",0.2,0.04
-2.88041469336559,2.41171297938844,1,1,"Kcnq5","Prg2",0.2,0.04
-2.88041469336559,2.41171297938844,1,1,"Gm26580","Prg2",0.2,0.04
-2.88041469336559,2.41171297938844,1,1,"4930403P22Rik","Prg2",0.2,0.04
-2.88041469336559,2.41171297938844,1,1,"Mfsd9","Prg2",0.2,0.04
-2.88041469336559,2.41171297938844,1,1,"Gulp1","Prg2",0.2,0.04
-2.88041469336559,2.41171297938844,1,1,"Nrp2","Prg2",0.2,0.04
-2.88041469336559,2.41171297938844,1,1,"Plekhm3","Prg2",0.2,0.04
-2.88041469336559,2.41171297938844,1,1,"Unc80","Prg2",0.2,0.04
-2.88041469336559,2.41171297938844,1,1,"Igfbp5","Prg2",0.2,0.04
-2.88041469336559,2.41171297938844,1,1,"Cxcr2","Prg2",0.2,0.04
-2.88041469336559,2.41171297938844,1,1,"Stk36","Prg2",0.2,0.04
-2.88041469336559,2.41171297938844,1,1,"Cyp27a1","Prg2",0.2,0.04
-2.88041469336559,2.41171297938844,1,1,"C130026I21Rik","Prg2",0.2,0.04
-2.88041469336559,2.41171297938844,1,1,"Mroh2a","Prg2",0.2,0.04
-2.88041469336559,2.41171297938844,1,1,"Gm26720","Prg2",0.2,0.04
-2.88041469336559,2.41171297938844,1,1,"9430060I03Rik","Prg2",0.2,0.04
-2.88041469336559,2.41171297938844,1,1,"Sned1","Prg2",0.2,0.04
-2.88041469336559,2.41171297938844,1,1,"Ano7","Prg2",0.2,0.04
-2.88041469336559,2.41171297938844,1,1,"Pdcd1","Prg2",0.2,0.04
-2.88041469336559,2.41171297938844,1,1,"Slc26a9","Prg2",0.2,0.04
-2.88041469336559,2.41171297938844,1,1,"Platr1","Prg2",0.2,0.04
-2.88041469336559,2.41171297938844,1,1,"Phlda3","Prg2",0.2,0.04
-2.88041469336559,2.41171297938844,1,1,"Camsap2","Prg2",0.2,0.04
-2.88041469336559,2.41171297938844,1,1,"Rgl1","Prg2",0.2,0.04
-2.88041469336559,2.41171297938844,1,1,"Sec16b","Prg2",0.2,0.04
-2.88041469336559,2.41171297938844,1,1,"4930562F07Rik","Prg2",0.2,0.04
-2.88041469336559,2.41171297938844,1,1,"Sele","Prg2",0.2,0.04
-2.88041469336559,2.41171297938844,1,1,"Mpzl1","Prg2",0.2,0.04
-2.88041469336559,2.41171297938844,1,1,"Gm37469","Prg2",0.2,0.04
-2.88041469336559,2.41171297938844,1,1,"Rgs5","Prg2",0.2,0.04
-2.88041469336559,2.41171297938844,1,1,"3110045C21Rik","Prg2",0.2,0.04
-2.88041469336559,2.41171297938844,1,1,"Sh2d1b1","Prg2",0.2,0.04
-2.88041469336559,2.41171297938844,1,1,"Nectin4","Prg2",0.2,0.04
-2.88041469336559,2.41171297938844,1,1,"Tstd1","Prg2",0.2,0.04
-2.88041469336559,2.41171297938844,1,1,"Slamf1","Prg2",0.2,0.04
-2.88041469336559,2.41171297938844,1,1,"Gm10521","Prg2",0.2,0.04
-2.88041469336559,2.41171297938844,1,1,"Kcnj10","Prg2",0.2,0.04
-2.88041469336559,2.41171297938844,1,1,"Slamf9","Prg2",0.2,0.04
-2.88041469336559,2.41171297938844,1,1,"Ifi204","Prg2",0.2,0.04
-2.88041469336559,2.41171297938844,1,1,"Ifi211","Prg2",0.2,0.04
-2.88041469336559,2.41171297938844,1,1,"Kif26b","Prg2",0.2,0.04
-2.88041469336559,2.41171297938844,1,1,"Gm37336","Prg2",0.2,0.04
-2.88041469336559,2.41171297938844,1,1,"Gm38293","Prg2",0.2,0.04
-2.88041469336559,2.41171297938844,1,1,"H3f3aos","Prg2",0.2,0.04
-2.88041469336559,2.41171297938844,1,1,"1700056E22Rik","Prg2",0.2,0.04
-2.88041469336559,2.41171297938844,1,1,"A430105J06Rik","Prg2",0.2,0.04
-2.88041469336559,2.41171297938844,1,1,"Ptpn14","Prg2",0.2,0.04
-2.88041469336559,2.41171297938844,1,1,"Gm37422","Prg2",0.2,0.04
-2.88041469336559,2.41171297938844,1,1,"Gm26670","Prg2",0.2,0.04
-2.88041469336559,2.41171297938844,1,1,"Echdc3","Prg2",0.2,0.04
-2.88041469336559,2.41171297938844,1,1,"Gm10848","Prg2",0.2,0.04
-2.88041469336559,2.41171297938844,1,1,"Etl4","Prg2",0.2,0.04
-2.88041469336559,2.41171297938844,1,1,"Ptgds","Prg2",0.2,0.04
-2.88041469336559,2.41171297938844,1,1,"Gm996","Prg2",0.2,0.04
-2.88041469336559,2.41171297938844,1,1,"Olfm1","Prg2",0.2,0.04
-2.88041469336559,2.41171297938844,1,1,"2600006K01Rik","Prg2",0.2,0.04
-2.88041469336559,2.41171297938844,1,1,"Ier5l","Prg2",0.2,0.04
-2.88041469336559,2.41171297938844,1,1,"Plpp7","Prg2",0.2,0.04
-2.88041469336559,2.41171297938844,1,1,"Nek6","Prg2",0.2,0.04
-2.88041469336559,2.41171297938844,1,1,"Nr6a1","Prg2",0.2,0.04
-2.88041469336559,2.41171297938844,1,1,"Lypd6","Prg2",0.2,0.04
-2.88041469336559,2.41171297938844,1,1,"Upp2","Prg2",0.2,0.04
-2.88041469336559,2.41171297938844,1,1,"Pla2r1","Prg2",0.2,0.04
-2.88041469336559,2.41171297938844,1,1,"Tbr1","Prg2",0.2,0.04
-2.88041469336559,2.41171297938844,1,1,"Kcnh7","Prg2",0.2,0.04
-2.88041469336559,2.41171297938844,1,1,"Grb14","Prg2",0.2,0.04
-2.88041469336559,2.41171297938844,1,1,"Scrn3","Prg2",0.2,0.04
-2.88041469336559,2.41171297938844,1,1,"Pde11a","Prg2",0.2,0.04
-2.88041469336559,2.41171297938844,1,1,"Gm19426","Prg2",0.2,0.04
-2.88041469336559,2.41171297938844,1,1,"4933423P22Rik","Prg2",0.2,0.04
-2.88041469336559,2.41171297938844,1,1,"C1qtnf4","Prg2",0.2,0.04
-2.88041469336559,2.41171297938844,1,1,"Mybpc3","Prg2",0.2,0.04
-2.88041469336559,2.41171297938844,1,1,"Gm9821","Prg2",0.2,0.04
-2.88041469336559,2.41171297938844,1,1,"1700029I15Rik","Prg2",0.2,0.04
-2.88041469336559,2.41171297938844,1,1,"Cd59b","Prg2",0.2,0.04
-2.88041469336559,2.41171297938844,1,1,"Prrg4","Prg2",0.2,0.04
-2.88041469336559,2.41171297938844,1,1,"Them7","Prg2",0.2,0.04
-2.88041469336559,2.41171297938844,1,1,"Mpped2","Prg2",0.2,0.04
-2.88041469336559,2.41171297938844,1,1,"BC052040","Prg2",0.2,0.04
-2.88041469336559,2.41171297938844,1,1,"Pak6","Prg2",0.2,0.04
-2.88041469336559,2.41171297938844,1,1,"Mapkbp1","Prg2",0.2,0.04
-2.88041469336559,2.41171297938844,1,1,"AA467197","Prg2",0.2,0.04
-2.88041469336559,2.41171297938844,1,1,"Slc30a4","Prg2",0.2,0.04
-2.88041469336559,2.41171297938844,1,1,"Bloc1s6os","Prg2",0.2,0.04
-2.88041469336559,2.41171297938844,1,1,"Fbn1","Prg2",0.2,0.04
-2.88041469336559,2.41171297938844,1,1,"Hao1","Prg2",0.2,0.04
-2.88041469336559,2.41171297938844,1,1,"Banf2os","Prg2",0.2,0.04
-2.88041469336559,2.41171297938844,1,1,"Slc24a3","Prg2",0.2,0.04
-2.88041469336559,2.41171297938844,1,1,"Gm14154","Prg2",0.2,0.04
-2.88041469336559,2.41171297938844,1,1,"Ttll9","Prg2",0.2,0.04
-2.88041469336559,2.41171297938844,1,1,"Spag4","Prg2",0.2,0.04
-2.88041469336559,2.41171297938844,1,1,"Sla2","Prg2",0.2,0.04
-2.88041469336559,2.41171297938844,1,1,"Tgm2","Prg2",0.2,0.04
-2.88041469336559,2.41171297938844,1,1,"Snhg11","Prg2",0.2,0.04
-2.88041469336559,2.41171297938844,1,1,"Mafb","Prg2",0.2,0.04
-2.88041469336559,2.41171297938844,1,1,"Kcns1","Prg2",0.2,0.04
-2.88041469336559,2.41171297938844,1,1,"Wfdc3","Prg2",0.2,0.04
-2.88041469336559,2.41171297938844,1,1,"Pltp","Prg2",0.2,0.04
-2.88041469336559,2.41171297938844,1,1,"Slc2a10","Prg2",0.2,0.04
-2.88041469336559,2.41171297938844,1,1,"Nfatc2","Prg2",0.2,0.04
-2.88041469336559,2.41171297938844,1,1,"Bcas1os2","Prg2",0.2,0.04
-2.88041469336559,2.41171297938844,1,1,"Fam209","Prg2",0.2,0.04
-2.88041469336559,2.41171297938844,1,1,"Pmepa1","Prg2",0.2,0.04
-2.88041469336559,2.41171297938844,1,1,"Gm4724","Prg2",0.2,0.04
-2.88041469336559,2.41171297938844,1,1,"Gm14419","Prg2",0.2,0.04
-2.88041469336559,2.41171297938844,1,1,"Zfp970","Prg2",0.2,0.04
-2.88041469336559,2.41171297938844,1,1,"Gm14327","Prg2",0.2,0.04
-2.88041469336559,2.41171297938844,1,1,"Ppp1r3f","Prg2",0.2,0.04
-2.88041469336559,2.41171297938844,1,1,"Ccdc120","Prg2",0.2,0.04
-2.88041469336559,2.41171297938844,1,1,"Gpr34","Prg2",0.2,0.04
-2.88041469336559,2.41171297938844,1,1,"Gm26652","Prg2",0.2,0.04
-2.88041469336559,2.41171297938844,1,1,"Gabre","Prg2",0.2,0.04
-2.88041469336559,2.41171297938844,1,1,"Xlr4c","Prg2",0.2,0.04
-2.88041469336559,2.41171297938844,1,1,"Pdzd4","Prg2",0.2,0.04
-2.88041469336559,2.41171297938844,1,1,"Plxna3","Prg2",0.2,0.04
-2.88041469336559,2.41171297938844,1,1,"F8","Prg2",0.2,0.04
-2.88041469336559,2.41171297938844,1,1,"Zc3h12b","Prg2",0.2,0.04
-2.88041469336559,2.41171297938844,1,1,"Ophn1","Prg2",0.2,0.04
-2.88041469336559,2.41171297938844,1,1,"Gm614","Prg2",0.2,0.04
-2.88041469336559,2.41171297938844,1,1,"Uprt","Prg2",0.2,0.04
-2.88041469336559,2.41171297938844,1,1,"Zdhhc15","Prg2",0.2,0.04
-2.88041469336559,2.41171297938844,1,1,"Hdx","Prg2",0.2,0.04
-2.88041469336559,2.41171297938844,1,1,"Nox1","Prg2",0.2,0.04
-2.88041469336559,2.41171297938844,1,1,"Arxes2","Prg2",0.2,0.04
-2.88041469336559,2.41171297938844,1,1,"Bex4","Prg2",0.2,0.04
-2.88041469336559,2.41171297938844,1,1,"Trap1a","Prg2",0.2,0.04
-2.88041469336559,2.41171297938844,1,1,"D330045A20Rik","Prg2",0.2,0.04
-2.88041469336559,2.41171297938844,1,1,"Usp51","Prg2",0.2,0.04
-2.88041469336559,2.41171297938844,1,1,"Adgrg2","Prg2",0.2,0.04
-2.88041469336559,2.41171297938844,1,1,"Nhs","Prg2",0.2,0.04
-2.88041469336559,2.41171297938844,1,1,"Bmx","Prg2",0.2,0.04
-2.88041469336559,2.41171297938844,1,1,"Eif5a2","Prg2",0.2,0.04
-2.88041469336559,2.41171297938844,1,1,"4933429H19Rik","Prg2",0.2,0.04
-2.88041469336559,2.41171297938844,1,1,"Spry1","Prg2",0.2,0.04
-2.88041469336559,2.41171297938844,1,1,"Pabpc4l","Prg2",0.2,0.04
-2.88041469336559,2.41171297938844,1,1,"Igsf10","Prg2",0.2,0.04
-2.88041469336559,2.41171297938844,1,1,"Kcnab1","Prg2",0.2,0.04
-2.88041469336559,2.41171297938844,1,1,"1110032F04Rik","Prg2",0.2,0.04
-2.88041469336559,2.41171297938844,1,1,"Gm38392","Prg2",0.2,0.04
-2.88041469336559,2.41171297938844,1,1,"Gm17146","Prg2",0.2,0.04
-2.88041469336559,2.41171297938844,1,1,"Pklr","Prg2",0.2,0.04
-2.88041469336559,2.41171297938844,1,1,"Slc27a3","Prg2",0.2,0.04
-2.88041469336559,2.41171297938844,1,1,"S100a4","Prg2",0.2,0.04
-2.88041469336559,2.41171297938844,1,1,"Gm9774","Prg2",0.2,0.04
-2.88041469336559,2.41171297938844,1,1,"Gm20633","Prg2",0.2,0.04
-2.88041469336559,2.41171297938844,1,1,"Hist2h3c1","Prg2",0.2,0.04
-2.88041469336559,2.41171297938844,1,1,"Fcgr1","Prg2",0.2,0.04
-2.88041469336559,2.41171297938844,1,1,"Fmo5","Prg2",0.2,0.04
-2.88041469336559,2.41171297938844,1,1,"Igsf3","Prg2",0.2,0.04
-2.88041469336559,2.41171297938844,1,1,"Vangl1","Prg2",0.2,0.04
-2.88041469336559,2.41171297938844,1,1,"Gm15886","Prg2",0.2,0.04
-2.88041469336559,2.41171297938844,1,1,"Amigo1","Prg2",0.2,0.04
-2.88041469336559,2.41171297938844,1,1,"5330417C22Rik","Prg2",0.2,0.04
-2.88041469336559,2.41171297938844,1,1,"C130013H08Rik","Prg2",0.2,0.04
-2.88041469336559,2.41171297938844,1,1,"Tmem56","Prg2",0.2,0.04
-2.88041469336559,2.41171297938844,1,1,"Gm35986","Prg2",0.2,0.04
-2.88041469336559,2.41171297938844,1,1,"Elovl6","Prg2",0.2,0.04
-2.88041469336559,2.41171297938844,1,1,"Egf","Prg2",0.2,0.04
-2.88041469336559,2.41171297938844,1,1,"Cyp2u1","Prg2",0.2,0.04
-2.88041469336559,2.41171297938844,1,1,"Ttll7","Prg2",0.2,0.04
-2.88041469336559,2.41171297938844,1,1,"Gm36888","Prg2",0.2,0.04
-2.88041469336559,2.41171297938844,1,1,"1810013D15Rik","Prg2",0.2,0.04
-2.88041469336559,2.41171297938844,1,1,"Gm26857","Prg2",0.2,0.04
-2.88041469336559,2.41171297938844,1,1,"Gem","Prg2",0.2,0.04
-2.88041469336559,2.41171297938844,1,1,"Klhl32","Prg2",0.2,0.04
-2.88041469336559,2.41171297938844,1,1,"Ankrd6","Prg2",0.2,0.04
-2.88041469336559,2.41171297938844,1,1,"Mob3b","Prg2",0.2,0.04
-2.88041469336559,2.41171297938844,1,1,"Fam219a","Prg2",0.2,0.04
-2.88041469336559,2.41171297938844,1,1,"Atp8b5","Prg2",0.2,0.04
-2.88041469336559,2.41171297938844,1,1,"Npr2","Prg2",0.2,0.04
-2.88041469336559,2.41171297938844,1,1,"Shb","Prg2",0.2,0.04
-2.88041469336559,2.41171297938844,1,1,"Ccdc180","Prg2",0.2,0.04
-2.88041469336559,2.41171297938844,1,1,"Klf4","Prg2",0.2,0.04
-2.88041469336559,2.41171297938844,1,1,"Bspry","Prg2",0.2,0.04
-2.88041469336559,2.41171297938844,1,1,"Gm26566","Prg2",0.2,0.04
-2.88041469336559,2.41171297938844,1,1,"Gm26525","Prg2",0.2,0.04
-2.88041469336559,2.41171297938844,1,1,"Cyp2j6","Prg2",0.2,0.04
-2.88041469336559,2.41171297938844,1,1,"Cyp2j9","Prg2",0.2,0.04
-2.88041469336559,2.41171297938844,1,1,"Angptl3","Prg2",0.2,0.04
-2.88041469336559,2.41171297938844,1,1,"E130102H24Rik","Prg2",0.2,0.04
-2.88041469336559,2.41171297938844,1,1,"4933424M12Rik","Prg2",0.2,0.04
-2.88041469336559,2.41171297938844,1,1,"Foxd2","Prg2",0.2,0.04
-2.88041469336559,2.41171297938844,1,1,"Gm12840","Prg2",0.2,0.04
-2.88041469336559,2.41171297938844,1,1,"Ermap","Prg2",0.2,0.04
-2.88041469336559,2.41171297938844,1,1,"Zfp69","Prg2",0.2,0.04
-2.88041469336559,2.41171297938844,1,1,"Lck","Prg2",0.2,0.04
-2.88041469336559,2.41171297938844,1,1,"Fabp3","Prg2",0.2,0.04
-2.88041469336559,2.41171297938844,1,1,"Gm12981","Prg2",0.2,0.04
-2.88041469336559,2.41171297938844,1,1,"Nr0b2","Prg2",0.2,0.04
-2.88041469336559,2.41171297938844,1,1,"Grrp1","Prg2",0.2,0.04
-2.88041469336559,2.41171297938844,1,1,"Extl1","Prg2",0.2,0.04
-2.88041469336559,2.41171297938844,1,1,"Rhd","Prg2",0.2,0.04
-2.88041469336559,2.41171297938844,1,1,"Gm16225","Prg2",0.2,0.04
-2.88041469336559,2.41171297938844,1,1,"Luzp1","Prg2",0.2,0.04
-2.88041469336559,2.41171297938844,1,1,"2810405F17Rik","Prg2",0.2,0.04
-2.88041469336559,2.41171297938844,1,1,"Cela3b","Prg2",0.2,0.04
-2.88041469336559,2.41171297938844,1,1,"Rap1gap","Prg2",0.2,0.04
-2.88041469336559,2.41171297938844,1,1,"Gm16287","Prg2",0.2,0.04
-2.88041469336559,2.41171297938844,1,1,"Padi1","Prg2",0.2,0.04
-2.88041469336559,2.41171297938844,1,1,"Gm13031","Prg2",0.2,0.04
-2.88041469336559,2.41171297938844,1,1,"Fhad1","Prg2",0.2,0.04
-2.88041469336559,2.41171297938844,1,1,"Kazn","Prg2",0.2,0.04
-2.88041469336559,2.41171297938844,1,1,"Dhrs3","Prg2",0.2,0.04
-2.88041469336559,2.41171297938844,1,1,"Zfp979","Prg2",0.2,0.04
-2.88041469336559,2.41171297938844,1,1,"Fv1","Prg2",0.2,0.04
-2.88041469336559,2.41171297938844,1,1,"Gpr157","Prg2",0.2,0.04
-2.88041469336559,2.41171297938844,1,1,"Tas1r1","Prg2",0.2,0.04
-2.88041469336559,2.41171297938844,1,1,"Tnfrsf14","Prg2",0.2,0.04
-2.88041469336559,2.41171297938844,1,1,"Hes5","Prg2",0.2,0.04
-2.88041469336559,2.41171297938844,1,1,"1500002C15Rik","Prg2",0.2,0.04
-2.88041469336559,2.41171297938844,1,1,"Lrrd1","Prg2",0.2,0.04
-2.88041469336559,2.41171297938844,1,1,"Cdk14","Prg2",0.2,0.04
-2.88041469336559,2.41171297938844,1,1,"2310074N15Rik","Prg2",0.2,0.04
-2.88041469336559,2.41171297938844,1,1,"Wdr86","Prg2",0.2,0.04
-2.88041469336559,2.41171297938844,1,1,"4831440E17Rik","Prg2",0.2,0.04
-2.88041469336559,2.41171297938844,1,1,"Arap2","Prg2",0.2,0.04
-2.88041469336559,2.41171297938844,1,1,"0610040J01Rik","Prg2",0.2,0.04
-2.88041469336559,2.41171297938844,1,1,"Uchl1","Prg2",0.2,0.04
-2.88041469336559,2.41171297938844,1,1,"Gm42670","Prg2",0.2,0.04
-2.88041469336559,2.41171297938844,1,1,"Gabrb1","Prg2",0.2,0.04
-2.88041469336559,2.41171297938844,1,1,"Lnx1","Prg2",0.2,0.04
-2.88041469336559,2.41171297938844,1,1,"Adamts3","Prg2",0.2,0.04
-2.88041469336559,2.41171297938844,1,1,"Naaa","Prg2",0.2,0.04
-2.88041469336559,2.41171297938844,1,1,"Ccdc158","Prg2",0.2,0.04
-2.88041469336559,2.41171297938844,1,1,"1700028K03Rik","Prg2",0.2,0.04
-2.88041469336559,2.41171297938844,1,1,"A930041C12Rik","Prg2",0.2,0.04
-2.88041469336559,2.41171297938844,1,1,"Gm26692","Prg2",0.2,0.04
-2.88041469336559,2.41171297938844,1,1,"A430073D23Rik","Prg2",0.2,0.04
-2.88041469336559,2.41171297938844,1,1,"Gm26808","Prg2",0.2,0.04
-2.88041469336559,2.41171297938844,1,1,"Myo1h","Prg2",0.2,0.04
-2.88041469336559,2.41171297938844,1,1,"Fam222a","Prg2",0.2,0.04
-2.88041469336559,2.41171297938844,1,1,"Gm42903","Prg2",0.2,0.04
-2.88041469336559,2.41171297938844,1,1,"Ksr2","Prg2",0.2,0.04
-2.88041469336559,2.41171297938844,1,1,"Gm43579","Prg2",0.2,0.04
-2.88041469336559,2.41171297938844,1,1,"A930024E05Rik","Prg2",0.2,0.04
-2.88041469336559,2.41171297938844,1,1,"Tmem120b","Prg2",0.2,0.04
-2.88041469336559,2.41171297938844,1,1,"4932422M17Rik","Prg2",0.2,0.04
-2.88041469336559,2.41171297938844,1,1,"Rilpl1","Prg2",0.2,0.04
-2.88041469336559,2.41171297938844,1,1,"Nupr1l","Prg2",0.2,0.04
-2.88041469336559,2.41171297938844,1,1,"Cldn13","Prg2",0.2,0.04
-2.88041469336559,2.41171297938844,1,1,"Stx1a","Prg2",0.2,0.04
-2.88041469336559,2.41171297938844,1,1,"Ssc4d","Prg2",0.2,0.04
-2.88041469336559,2.41171297938844,1,1,"Ache","Prg2",0.2,0.04
-2.88041469336559,2.41171297938844,1,1,"Pilrb2","Prg2",0.2,0.04
-2.88041469336559,2.41171297938844,1,1,"Mtus2","Prg2",0.2,0.04
-2.88041469336559,2.41171297938844,1,1,"2210417A02Rik","Prg2",0.2,0.04
-2.88041469336559,2.41171297938844,1,1,"2310047D07Rik","Prg2",0.2,0.04
-2.88041469336559,2.41171297938844,1,1,"Gm15581","Prg2",0.2,0.04
-2.88041469336559,2.41171297938844,1,1,"Tspan33","Prg2",0.2,0.04
-2.88041469336559,2.41171297938844,1,1,"Mkln1os","Prg2",0.2,0.04
-2.88041469336559,2.41171297938844,1,1,"D630045J12Rik","Prg2",0.2,0.04
-2.88041469336559,2.41171297938844,1,1,"Kel","Prg2",0.2,0.04
-2.88041469336559,2.41171297938844,1,1,"Zfp786","Prg2",0.2,0.04
-2.88041469336559,2.41171297938844,1,1,"Lrrc61","Prg2",0.2,0.04
-2.88041469336559,2.41171297938844,1,1,"4833403J16Rik","Prg2",0.2,0.04
-2.88041469336559,2.41171297938844,1,1,"5430402O13Rik","Prg2",0.2,0.04
-2.88041469336559,2.41171297938844,1,1,"Gm15050","Prg2",0.2,0.04
-2.88041469336559,2.41171297938844,1,1,"Vmn1r4","Prg2",0.2,0.04
-2.88041469336559,2.41171297938844,1,1,"Gprin3","Prg2",0.2,0.04
-2.88041469336559,2.41171297938844,1,1,"Gm38825","Prg2",0.2,0.04
-2.88041469336559,2.41171297938844,1,1,"Gm1070","Prg2",0.2,0.04
-2.88041469336559,2.41171297938844,1,1,"Reep1","Prg2",0.2,0.04
-2.88041469336559,2.41171297938844,1,1,"Atoh8","Prg2",0.2,0.04
-2.88041469336559,2.41171297938844,1,1,"Dnah6","Prg2",0.2,0.04
-2.88041469336559,2.41171297938844,1,1,"Gm9008","Prg2",0.2,0.04
-2.88041469336559,2.41171297938844,1,1,"Ccdc142","Prg2",0.2,0.04
-2.88041469336559,2.41171297938844,1,1,"Rtkn","Prg2",0.2,0.04
-2.88041469336559,2.41171297938844,1,1,"Gm43936","Prg2",0.2,0.04
-2.88041469336559,2.41171297938844,1,1,"Gm44210","Prg2",0.2,0.04
-2.88041469336559,2.41171297938844,1,1,"Podxl2","Prg2",0.2,0.04
-2.88041469336559,2.41171297938844,1,1,"Frmd4b","Prg2",0.2,0.04
-2.88041469336559,2.41171297938844,1,1,"Il17re","Prg2",0.2,0.04
-2.88041469336559,2.41171297938844,1,1,"Zfp248","Prg2",0.2,0.04
-2.88041469336559,2.41171297938844,1,1,"Gm44317","Prg2",0.2,0.04
-2.88041469336559,2.41171297938844,1,1,"Gm15856","Prg2",0.2,0.04
-2.88041469336559,2.41171297938844,1,1,"Cd4","Prg2",0.2,0.04
-2.88041469336559,2.41171297938844,1,1,"Gm28809","Prg2",0.2,0.04
-2.88041469336559,2.41171297938844,1,1,"Tspan9","Prg2",0.2,0.04
-2.88041469336559,2.41171297938844,1,1,"Tex52","Prg2",0.2,0.04
-2.88041469336559,2.41171297938844,1,1,"Klra2","Prg2",0.2,0.04
-2.88041469336559,2.41171297938844,1,1,"Gm17089","Prg2",0.2,0.04
-2.88041469336559,2.41171297938844,1,1,"Dusp16","Prg2",0.2,0.04
-2.88041469336559,2.41171297938844,1,1,"Gpr19","Prg2",0.2,0.04
-2.88041469336559,2.41171297938844,1,1,"Sox5","Prg2",0.2,0.04
-2.88041469336559,2.41171297938844,1,1,"Tnni3","Prg2",0.2,0.04
-2.88041469336559,2.41171297938844,1,1,"Nat14","Prg2",0.2,0.04
-2.88041469336559,2.41171297938844,1,1,"Gm15510","Prg2",0.2,0.04
-2.88041469336559,2.41171297938844,1,1,"Gm45844","Prg2",0.2,0.04
-2.88041469336559,2.41171297938844,1,1,"Zik1","Prg2",0.2,0.04
-2.88041469336559,2.41171297938844,1,1,"Arhgap35","Prg2",0.2,0.04
-2.88041469336559,2.41171297938844,1,1,"Ptgir","Prg2",0.2,0.04
-2.88041469336559,2.41171297938844,1,1,"Fosb","Prg2",0.2,0.04
-2.88041469336559,2.41171297938844,1,1,"Gm16174","Prg2",0.2,0.04
-2.88041469336559,2.41171297938844,1,1,"Rab4b","Prg2",0.2,0.04
-2.88041469336559,2.41171297938844,1,1,"Prx","Prg2",0.2,0.04
-2.88041469336559,2.41171297938844,1,1,"Zfp607b","Prg2",0.2,0.04
-2.88041469336559,2.41171297938844,1,1,"1110035H17Rik","Prg2",0.2,0.04
-2.88041469336559,2.41171297938844,1,1,"Nphs1","Prg2",0.2,0.04
-2.88041469336559,2.41171297938844,1,1,"Atp4a","Prg2",0.2,0.04
-2.88041469336559,2.41171297938844,1,1,"Gm26935","Prg2",0.2,0.04
-2.88041469336559,2.41171297938844,1,1,"Tshz3","Prg2",0.2,0.04
-2.88041469336559,2.41171297938844,1,1,"Lim2","Prg2",0.2,0.04
-2.88041469336559,2.41171297938844,1,1,"Siglece","Prg2",0.2,0.04
-2.88041469336559,2.41171297938844,1,1,"Shank1","Prg2",0.2,0.04
-2.88041469336559,2.41171297938844,1,1,"5430431A17Rik","Prg2",0.2,0.04
-2.88041469336559,2.41171297938844,1,1,"Kcnc3","Prg2",0.2,0.04
-2.88041469336559,2.41171297938844,1,1,"Mtag2","Prg2",0.2,0.04
-2.88041469336559,2.41171297938844,1,1,"Lin7b","Prg2",0.2,0.04
-2.88041469336559,2.41171297938844,1,1,"Hsd17b14","Prg2",0.2,0.04
-2.88041469336559,2.41171297938844,1,1,"Saa3","Prg2",0.2,0.04
-2.88041469336559,2.41171297938844,1,1,"Nav2","Prg2",0.2,0.04
-2.88041469336559,2.41171297938844,1,1,"Fan1","Prg2",0.2,0.04
-2.88041469336559,2.41171297938844,1,1,"1810008I18Rik","Prg2",0.2,0.04
-2.88041469336559,2.41171297938844,1,1,"Synm","Prg2",0.2,0.04
-2.88041469336559,2.41171297938844,1,1,"Fam169b","Prg2",0.2,0.04
-2.88041469336559,2.41171297938844,1,1,"Gm44686","Prg2",0.2,0.04
-2.88041469336559,2.41171297938844,1,1,"Nox4","Prg2",0.2,0.04
-2.88041469336559,2.41171297938844,1,1,"Gm26522","Prg2",0.2,0.04
-2.88041469336559,2.41171297938844,1,1,"Ccdc89","Prg2",0.2,0.04
-2.88041469336559,2.41171297938844,1,1,"Gm26981","Prg2",0.2,0.04
-2.88041469336559,2.41171297938844,1,1,"Klhl35","Prg2",0.2,0.04
-2.88041469336559,2.41171297938844,1,1,"Pde2a","Prg2",0.2,0.04
-2.88041469336559,2.41171297938844,1,1,"Gm10602","Prg2",0.2,0.04
-2.88041469336559,2.41171297938844,1,1,"Hbb-bt","Prg2",0.2,0.04
-2.88041469336559,2.41171297938844,1,1,"Trim6","Prg2",0.2,0.04
-2.88041469336559,2.41171297938844,1,1,"Cavin3","Prg2",0.2,0.04
-2.88041469336559,2.41171297938844,1,1,"Gm4070","Prg2",0.2,0.04
-2.88041469336559,2.41171297938844,1,1,"Mrvi1","Prg2",0.2,0.04
-2.88041469336559,2.41171297938844,1,1,"Plekha7","Prg2",0.2,0.04
-2.88041469336559,2.41171297938844,1,1,"Gprc5b","Prg2",0.2,0.04
-2.88041469336559,2.41171297938844,1,1,"Acsm3","Prg2",0.2,0.04
-2.88041469336559,2.41171297938844,1,1,"Cdr2","Prg2",0.2,0.04
-2.88041469336559,2.41171297938844,1,1,"Kdm8","Prg2",0.2,0.04
-2.88041469336559,2.41171297938844,1,1,"Tbx6","Prg2",0.2,0.04
-2.88041469336559,2.41171297938844,1,1,"Doc2a","Prg2",0.2,0.04
-2.88041469336559,2.41171297938844,1,1,"9130019O22Rik","Prg2",0.2,0.04
-2.88041469336559,2.41171297938844,1,1,"Ctf1","Prg2",0.2,0.04
-2.88041469336559,2.41171297938844,1,1,"Hsd3b7","Prg2",0.2,0.04
-2.88041469336559,2.41171297938844,1,1,"Itgax","Prg2",0.2,0.04
-2.88041469336559,2.41171297938844,1,1,"Tacc2","Prg2",0.2,0.04
-2.88041469336559,2.41171297938844,1,1,"Btbd16","Prg2",0.2,0.04
-2.88041469336559,2.41171297938844,1,1,"Utf1","Prg2",0.2,0.04
-2.88041469336559,2.41171297938844,1,1,"Caly","Prg2",0.2,0.04
-2.88041469336559,2.41171297938844,1,1,"Cyp2e1","Prg2",0.2,0.04
-2.88041469336559,2.41171297938844,1,1,"Irf7","Prg2",0.2,0.04
-2.88041469336559,2.41171297938844,1,1,"Eps8l2","Prg2",0.2,0.04
-2.88041469336559,2.41171297938844,1,1,"Cdkn1c","Prg2",0.2,0.04
-2.88041469336559,2.41171297938844,1,1,"Tnfrsf22","Prg2",0.2,0.04
-2.88041469336559,2.41171297938844,1,1,"Akap12","Prg2",0.2,0.04
-2.88041469336559,2.41171297938844,1,1,"Gm10097","Prg2",0.2,0.04
-2.88041469336559,2.41171297938844,1,1,"Ipcef1","Prg2",0.2,0.04
-2.88041469336559,2.41171297938844,1,1,"Sash1","Prg2",0.2,0.04
-2.88041469336559,2.41171297938844,1,1,"Nhsl1","Prg2",0.2,0.04
-2.88041469336559,2.41171297938844,1,1,"AC153891.1","Prg2",0.2,0.04
-2.88041469336559,2.41171297938844,1,1,"Pde7b","Prg2",0.2,0.04
-2.88041469336559,2.41171297938844,1,1,"Platr6","Prg2",0.2,0.04
-2.88041469336559,2.41171297938844,1,1,"Slc2a12","Prg2",0.2,0.04
-2.88041469336559,2.41171297938844,1,1,"Slc18b1","Prg2",0.2,0.04
-2.88041469336559,2.41171297938844,1,1,"Enpp1","Prg2",0.2,0.04
-2.88041469336559,2.41171297938844,1,1,"Gm34006","Prg2",0.2,0.04
-2.88041469336559,2.41171297938844,1,1,"Sowahc","Prg2",0.2,0.04
-2.88041469336559,2.41171297938844,1,1,"Ddit4","Prg2",0.2,0.04
-2.88041469336559,2.41171297938844,1,1,"Spock2","Prg2",0.2,0.04
-2.88041469336559,2.41171297938844,1,1,"Gm31763","Prg2",0.2,0.04
-2.88041469336559,2.41171297938844,1,1,"Tmem26","Prg2",0.2,0.04
-2.88041469336559,2.41171297938844,1,1,"Adora2a","Prg2",0.2,0.04
-2.88041469336559,2.41171297938844,1,1,"Syde1","Prg2",0.2,0.04
-2.88041469336559,2.41171297938844,1,1,"Fgf22","Prg2",0.2,0.04
-2.88041469336559,2.41171297938844,1,1,"Jsrp1","Prg2",0.2,0.04
-2.88041469336559,2.41171297938844,1,1,"Gng7","Prg2",0.2,0.04
-2.88041469336559,2.41171297938844,1,1,"Gm48551","Prg2",0.2,0.04
-2.88041469336559,2.41171297938844,1,1,"Tle2","Prg2",0.2,0.04
-2.88041469336559,2.41171297938844,1,1,"Glt8d2","Prg2",0.2,0.04
-2.88041469336559,2.41171297938844,1,1,"Eid3","Prg2",0.2,0.04
-2.88041469336559,2.41171297938844,1,1,"Timp3","Prg2",0.2,0.04
-2.88041469336559,2.41171297938844,1,1,"Dram1","Prg2",0.2,0.04
-2.88041469336559,2.41171297938844,1,1,"4933408J17Rik","Prg2",0.2,0.04
-2.88041469336559,2.41171297938844,1,1,"4930471E19Rik","Prg2",0.2,0.04
-2.88041469336559,2.41171297938844,1,1,"Tbc1d30","Prg2",0.2,0.04
-2.88041469336559,2.41171297938844,1,1,"Agap2","Prg2",0.2,0.04
-2.88041469336559,2.41171297938844,1,1,"Arhgef25","Prg2",0.2,0.04
-2.88041469336559,2.41171297938844,1,1,"F420014N23Rik","Prg2",0.2,0.04
-2.88041469336559,2.41171297938844,1,1,"Gm16230","Prg2",0.2,0.04
-2.88041469336559,2.41171297938844,1,1,"Myl6b","Prg2",0.2,0.04
-2.88041469336559,2.41171297938844,1,1,"Gdf11","Prg2",0.2,0.04
-2.88041469336559,2.41171297938844,1,1,"Col4a1","Prg2",0.2,0.04
-2.88041469336559,2.41171297938844,1,1,"1700041G16Rik","Prg2",0.2,0.04
-2.88041469336559,2.41171297938844,1,1,"Ank1","Prg2",0.2,0.04
-2.88041469336559,2.41171297938844,1,1,"Gm10131","Prg2",0.2,0.04
-2.88041469336559,2.41171297938844,1,1,"Mfhas1","Prg2",0.2,0.04
-2.88041469336559,2.41171297938844,1,1,"Pdgfrl","Prg2",0.2,0.04
-2.88041469336559,2.41171297938844,1,1,"B430010I23Rik","Prg2",0.2,0.04
-2.88041469336559,2.41171297938844,1,1,"E030037K01Rik","Prg2",0.2,0.04
-2.88041469336559,2.41171297938844,1,1,"Vegfc","Prg2",0.2,0.04
-2.88041469336559,2.41171297938844,1,1,"Mfap3l","Prg2",0.2,0.04
-2.88041469336559,2.41171297938844,1,1,"Gm45345","Prg2",0.2,0.04
-2.88041469336559,2.41171297938844,1,1,"Gm15991","Prg2",0.2,0.04
-2.88041469336559,2.41171297938844,1,1,"D130040H23Rik","Prg2",0.2,0.04
-2.88041469336559,2.41171297938844,1,1,"Zfp869","Prg2",0.2,0.04
-2.88041469336559,2.41171297938844,1,1,"Yjefn3","Prg2",0.2,0.04
-2.88041469336559,2.41171297938844,1,1,"Tm6sf2","Prg2",0.2,0.04
-2.88041469336559,2.41171297938844,1,1,"Comp","Prg2",0.2,0.04
-2.88041469336559,2.41171297938844,1,1,"Rab3a","Prg2",0.2,0.04
-2.88041469336559,2.41171297938844,1,1,"Il12rb1","Prg2",0.2,0.04
-2.88041469336559,2.41171297938844,1,1,"Unc13a","Prg2",0.2,0.04
-2.88041469336559,2.41171297938844,1,1,"Tpm4","Prg2",0.2,0.04
-2.88041469336559,2.41171297938844,1,1,"Gm26586","Prg2",0.2,0.04
-2.88041469336559,2.41171297938844,1,1,"Klf2","Prg2",0.2,0.04
-2.88041469336559,2.41171297938844,1,1,"Gm45406","Prg2",0.2,0.04
-2.88041469336559,2.41171297938844,1,1,"Gm10645","Prg2",0.2,0.04
-2.88041469336559,2.41171297938844,1,1,"Dand5","Prg2",0.2,0.04
-2.88041469336559,2.41171297938844,1,1,"Gm39214","Prg2",0.2,0.04
-2.88041469336559,2.41171297938844,1,1,"Gm19935","Prg2",0.2,0.04
-2.88041469336559,2.41171297938844,1,1,"Kifc3","Prg2",0.2,0.04
-2.88041469336559,2.41171297938844,1,1,"Sap18b","Prg2",0.2,0.04
-2.88041469336559,2.41171297938844,1,1,"Rrad","Prg2",0.2,0.04
-2.88041469336559,2.41171297938844,1,1,"Lrrc29","Prg2",0.2,0.04
-2.88041469336559,2.41171297938844,1,1,"Lrrc36","Prg2",0.2,0.04
-2.88041469336559,2.41171297938844,1,1,"Nrn1l","Prg2",0.2,0.04
-2.88041469336559,2.41171297938844,1,1,"Ctrl","Prg2",0.2,0.04
-2.88041469336559,2.41171297938844,1,1,"Dpep2","Prg2",0.2,0.04
-2.88041469336559,2.41171297938844,1,1,"Smpd3","Prg2",0.2,0.04
-2.88041469336559,2.41171297938844,1,1,"Gm17344","Prg2",0.2,0.04
-2.88041469336559,2.41171297938844,1,1,"Pkd1l2","Prg2",0.2,0.04
-2.88041469336559,2.41171297938844,1,1,"Snai3","Prg2",0.2,0.04
-2.88041469336559,2.41171297938844,1,1,"Cpne7","Prg2",0.2,0.04
-2.88041469336559,2.41171297938844,1,1,"Rhou","Prg2",0.2,0.04
-2.88041469336559,2.41171297938844,1,1,"Disc1","Prg2",0.2,0.04
-2.88041469336559,2.41171297938844,1,1,"Gm3839","Prg2",0.2,0.04
-2.88041469336559,2.41171297938844,1,1,"Thrb","Prg2",0.2,0.04
-2.88041469336559,2.41171297938844,1,1,"Gm30054","Prg2",0.2,0.04
-2.88041469336559,2.41171297938844,1,1,"Usp54","Prg2",0.2,0.04
-2.88041469336559,2.41171297938844,1,1,"Zmiz1os1","Prg2",0.2,0.04
-2.88041469336559,2.41171297938844,1,1,"Gm26660","Prg2",0.2,0.04
-2.88041469336559,2.41171297938844,1,1,"Zcchc24","Prg2",0.2,0.04
-2.88041469336559,2.41171297938844,1,1,"Arf4os","Prg2",0.2,0.04
-2.88041469336559,2.41171297938844,1,1,"Cacna1d","Prg2",0.2,0.04
-2.88041469336559,2.41171297938844,1,1,"1810011H11Rik","Prg2",0.2,0.04
-2.88041469336559,2.41171297938844,1,1,"Gm49201","Prg2",0.2,0.04
-2.88041469336559,2.41171297938844,1,1,"Nrg3","Prg2",0.2,0.04
-2.88041469336559,2.41171297938844,1,1,"Ptger2","Prg2",0.2,0.04
-2.88041469336559,2.41171297938844,1,1,"Gpr137c","Prg2",0.2,0.04
-2.88041469336559,2.41171297938844,1,1,"Gm35166","Prg2",0.2,0.04
-2.88041469336559,2.41171297938844,1,1,"Rnase4","Prg2",0.2,0.04
-2.88041469336559,2.41171297938844,1,1,"Trav16","Prg2",0.2,0.04
-2.88041469336559,2.41171297938844,1,1,"B230359F08Rik","Prg2",0.2,0.04
-2.88041469336559,2.41171297938844,1,1,"Gm10366","Prg2",0.2,0.04
-2.88041469336559,2.41171297938844,1,1,"Cma1","Prg2",0.2,0.04
-2.88041469336559,2.41171297938844,1,1,"Gzmb","Prg2",0.2,0.04
-2.88041469336559,2.41171297938844,1,1,"Phf11b","Prg2",0.2,0.04
-2.88041469336559,2.41171297938844,1,1,"Phf11c","Prg2",0.2,0.04
-2.88041469336559,2.41171297938844,1,1,"Gm27010","Prg2",0.2,0.04
-2.88041469336559,2.41171297938844,1,1,"Gm26536","Prg2",0.2,0.04
-2.88041469336559,2.41171297938844,1,1,"Ephx2","Prg2",0.2,0.04
-2.88041469336559,2.41171297938844,1,1,"Gm5464","Prg2",0.2,0.04
-2.88041469336559,2.41171297938844,1,1,"Gm15629","Prg2",0.2,0.04
-2.88041469336559,2.41171297938844,1,1,"Dgkh","Prg2",0.2,0.04
-2.88041469336559,2.41171297938844,1,1,"Uggt2","Prg2",0.2,0.04
-2.88041469336559,2.41171297938844,1,1,"Yap1","Prg2",0.2,0.04
-2.88041469336559,2.41171297938844,1,1,"Trpc6","Prg2",0.2,0.04
-2.88041469336559,2.41171297938844,1,1,"Piwil4","Prg2",0.2,0.04
-2.88041469336559,2.41171297938844,1,1,"Zglp1","Prg2",0.2,0.04
-2.88041469336559,2.41171297938844,1,1,"Raver1","Prg2",0.2,0.04
-2.88041469336559,2.41171297938844,1,1,"Ap1m2","Prg2",0.2,0.04
-2.88041469336559,2.41171297938844,1,1,"Kank2","Prg2",0.2,0.04
-2.88041469336559,2.41171297938844,1,1,"9530077C05Rik","Prg2",0.2,0.04
-2.88041469336559,2.41171297938844,1,1,"Igsf9b","Prg2",0.2,0.04
-2.88041469336559,2.41171297938844,1,1,"Gm39318","Prg2",0.2,0.04
-2.88041469336559,2.41171297938844,1,1,"Ddx25","Prg2",0.2,0.04
-2.88041469336559,2.41171297938844,1,1,"Gm47204","Prg2",0.2,0.04
-2.88041469336559,2.41171297938844,1,1,"Gm47231","Prg2",0.2,0.04
-2.88041469336559,2.41171297938844,1,1,"Gm47232","Prg2",0.2,0.04
-2.88041469336559,2.41171297938844,1,1,"Ttc36","Prg2",0.2,0.04
-2.88041469336559,2.41171297938844,1,1,"Fxyd2","Prg2",0.2,0.04
-2.88041469336559,2.41171297938844,1,1,"Gm48529","Prg2",0.2,0.04
-2.88041469336559,2.41171297938844,1,1,"Nxpe4","Prg2",0.2,0.04
-2.88041469336559,2.41171297938844,1,1,"Nxpe2","Prg2",0.2,0.04
-2.88041469336559,2.41171297938844,1,1,"Il18","Prg2",0.2,0.04
-2.88041469336559,2.41171297938844,1,1,"Gm32742","Prg2",0.2,0.04
-2.88041469336559,2.41171297938844,1,1,"Zc3h12c","Prg2",0.2,0.04
-2.88041469336559,2.41171297938844,1,1,"Man2c1os","Prg2",0.2,0.04
-2.88041469336559,2.41171297938844,1,1,"9230112J17Rik","Prg2",0.2,0.04
-2.88041469336559,2.41171297938844,1,1,"Smad6","Prg2",0.2,0.04
-2.88041469336559,2.41171297938844,1,1,"Rbpms2","Prg2",0.2,0.04
-2.88041469336559,2.41171297938844,1,1,"Gm10642","Prg2",0.2,0.04
-2.88041469336559,2.41171297938844,1,1,"Gm27253","Prg2",0.2,0.04
-2.88041469336559,2.41171297938844,1,1,"4930509E16Rik","Prg2",0.2,0.04
-2.88041469336559,2.41171297938844,1,1,"Gm27241","Prg2",0.2,0.04
-2.88041469336559,2.41171297938844,1,1,"4933433G15Rik","Prg2",0.2,0.04
-2.88041469336559,2.41171297938844,1,1,"Gm17324","Prg2",0.2,0.04
-2.88041469336559,2.41171297938844,1,1,"Plscr2","Prg2",0.2,0.04
-2.88041469336559,2.41171297938844,1,1,"Slc9a9","Prg2",0.2,0.04
-2.88041469336559,2.41171297938844,1,1,"BC043934","Prg2",0.2,0.04
-2.88041469336559,2.41171297938844,1,1,"Gm19325","Prg2",0.2,0.04
-2.88041469336559,2.41171297938844,1,1,"Mras","Prg2",0.2,0.04
-2.88041469336559,2.41171297938844,1,1,"D030055H07Rik","Prg2",0.2,0.04
-2.88041469336559,2.41171297938844,1,1,"4930524O07Rik","Prg2",0.2,0.04
-2.88041469336559,2.41171297938844,1,1,"P4htm","Prg2",0.2,0.04
-2.88041469336559,2.41171297938844,1,1,"Slc26a6","Prg2",0.2,0.04
-2.88041469336559,2.41171297938844,1,1,"Nradd","Prg2",0.2,0.04
-2.88041469336559,2.41171297938844,1,1,"Als2cl","Prg2",0.2,0.04
-2.88041469336559,2.41171297938844,1,1,"Zfp651","Prg2",0.2,0.04
-2.88041469336559,2.41171297938844,1,1,"Ccr1","Prg2",0.2,0.04
-2.88041469336559,2.41171297938844,1,1,"Ccr3","Prg2",0.2,0.04
-2.88041469336559,2.41171297938844,1,1,"Ccdc157","Prg2",0.2,0.04
-2.88041469336559,2.41171297938844,1,1,"B3gnt2","Prg2",0.2,0.04
-2.88041469336559,2.41171297938844,1,1,"Sh3pxd2b","Prg2",0.2,0.04
-2.88041469336559,2.41171297938844,1,1,"Ccnjl","Prg2",0.2,0.04
-2.88041469336559,2.41171297938844,1,1,"Itk","Prg2",0.2,0.04
-2.88041469336559,2.41171297938844,1,1,"2310031A07Rik","Prg2",0.2,0.04
-2.88041469336559,2.41171297938844,1,1,"Trim7","Prg2",0.2,0.04
-2.88041469336559,2.41171297938844,1,1,"Psme2b","Prg2",0.2,0.04
-2.88041469336559,2.41171297938844,1,1,"Zfp354c","Prg2",0.2,0.04
-2.88041469336559,2.41171297938844,1,1,"Lyrm7","Prg2",0.2,0.04
-2.88041469336559,2.41171297938844,1,1,"Irgm2","Prg2",0.2,0.04
-2.88041469336559,2.41171297938844,1,1,"Hist3h2ba","Prg2",0.2,0.04
-2.88041469336559,2.41171297938844,1,1,"Map2k3os","Prg2",0.2,0.04
-2.88041469336559,2.41171297938844,1,1,"Lrrc75a","Prg2",0.2,0.04
-2.88041469336559,2.41171297938844,1,1,"Zfp286","Prg2",0.2,0.04
-2.88041469336559,2.41171297938844,1,1,"Fgf11","Prg2",0.2,0.04
-2.88041469336559,2.41171297938844,1,1,"Asgr1","Prg2",0.2,0.04
-2.88041469336559,2.41171297938844,1,1,"Rnasek","Prg2",0.2,0.04
-2.88041469336559,2.41171297938844,1,1,"Shpk","Prg2",0.2,0.04
-2.88041469336559,2.41171297938844,1,1,"Aspa","Prg2",0.2,0.04
-2.88041469336559,2.41171297938844,1,1,"Gemin4","Prg2",0.2,0.04
-2.88041469336559,2.41171297938844,1,1,"Efcab5","Prg2",0.2,0.04
-2.88041469336559,2.41171297938844,1,1,"Gm10392","Prg2",0.2,0.04
-2.88041469336559,2.41171297938844,1,1,"Cryba1","Prg2",0.2,0.04
-2.88041469336559,2.41171297938844,1,1,"Gm10277","Prg2",0.2,0.04
-2.88041469336559,2.41171297938844,1,1,"Gm26563","Prg2",0.2,0.04
-2.88041469336559,2.41171297938844,1,1,"Slfn5","Prg2",0.2,0.04
-2.88041469336559,2.41171297938844,1,1,"Slfn2","Prg2",0.2,0.04
-2.88041469336559,2.41171297938844,1,1,"Appbp2os","Prg2",0.2,0.04
-2.88041469336559,2.41171297938844,1,1,"Gm11491","Prg2",0.2,0.04
-2.88041469336559,2.41171297938844,1,1,"Sept4","Prg2",0.2,0.04
-2.88041469336559,2.41171297938844,1,1,"2010015M23Rik","Prg2",0.2,0.04
-2.88041469336559,2.41171297938844,1,1,"C030037D09Rik","Prg2",0.2,0.04
-2.88041469336559,2.41171297938844,1,1,"Gm26830","Prg2",0.2,0.04
-2.88041469336559,2.41171297938844,1,1,"Gm9796","Prg2",0.2,0.04
-2.88041469336559,2.41171297938844,1,1,"Zfp652os","Prg2",0.2,0.04
-2.88041469336559,2.41171297938844,1,1,"Lrrc46","Prg2",0.2,0.04
-2.88041469336559,2.41171297938844,1,1,"B230217C12Rik","Prg2",0.2,0.04
-2.88041469336559,2.41171297938844,1,1,"Arl5c","Prg2",0.2,0.04
-2.88041469336559,2.41171297938844,1,1,"Cacnb1","Prg2",0.2,0.04
-2.88041469336559,2.41171297938844,1,1,"Zpbp2","Prg2",0.2,0.04
-2.88041469336559,2.41171297938844,1,1,"Gm12359","Prg2",0.2,0.04
-2.88041469336559,2.41171297938844,1,1,"Rapgefl1","Prg2",0.2,0.04
-2.88041469336559,2.41171297938844,1,1,"Cntd1","Prg2",0.2,0.04
-2.88041469336559,2.41171297938844,1,1,"Ptges3l","Prg2",0.2,0.04
-2.88041469336559,2.41171297938844,1,1,"Asb16","Prg2",0.2,0.04
-2.88041469336559,2.41171297938844,1,1,"C1ql1","Prg2",0.2,0.04
-2.88041469336559,2.41171297938844,1,1,"Hexim2","Prg2",0.2,0.04
-2.88041469336559,2.41171297938844,1,1,"Cep112","Prg2",0.2,0.04
-2.88041469336559,2.41171297938844,1,1,"Sstr2","Prg2",0.2,0.04
-2.88041469336559,2.41171297938844,1,1,"Kif19a","Prg2",0.2,0.04
-2.88041469336559,2.41171297938844,1,1,"Sphk1","Prg2",0.2,0.04
-2.88041469336559,2.41171297938844,1,1,"Afmid","Prg2",0.2,0.04
-2.88041469336559,2.41171297938844,1,1,"Gm26508","Prg2",0.2,0.04
-2.88041469336559,2.41171297938844,1,1,"Pycr1","Prg2",0.2,0.04
-2.88041469336559,2.41171297938844,1,1,"Hmga1b","Prg2",0.2,0.04
-2.88041469336559,2.41171297938844,1,1,"2810429I04Rik","Prg2",0.2,0.04
-2.88041469336559,2.41171297938844,1,1,"Akr1c12","Prg2",0.2,0.04
-2.88041469336559,2.41171297938844,1,1,"Gm47802","Prg2",0.2,0.04
-2.88041469336559,2.41171297938844,1,1,"Edaradd","Prg2",0.2,0.04
-2.88041469336559,2.41171297938844,1,1,"Epdr1","Prg2",0.2,0.04
-2.88041469336559,2.41171297938844,1,1,"Gpr141","Prg2",0.2,0.04
-2.88041469336559,2.41171297938844,1,1,"Aoah","Prg2",0.2,0.04
-2.88041469336559,2.41171297938844,1,1,"Hist1h2ai","Prg2",0.2,0.04
-2.88041469336559,2.41171297938844,1,1,"Hist1h4k","Prg2",0.2,0.04
-2.88041469336559,2.41171297938844,1,1,"Hist1h2bn","Prg2",0.2,0.04
-2.88041469336559,2.41171297938844,1,1,"Hist1h2an","Prg2",0.2,0.04
-2.88041469336559,2.41171297938844,1,1,"Hist1h2ao","Prg2",0.2,0.04
-2.88041469336559,2.41171297938844,1,1,"Prss16","Prg2",0.2,0.04
-2.88041469336559,2.41171297938844,1,1,"C230035I16Rik","Prg2",0.2,0.04
-2.88041469336559,2.41171297938844,1,1,"Hist1h3g","Prg2",0.2,0.04
-2.88041469336559,2.41171297938844,1,1,"Hist1h2bg","Prg2",0.2,0.04
-2.88041469336559,2.41171297938844,1,1,"Hist1h2ad","Prg2",0.2,0.04
-2.88041469336559,2.41171297938844,1,1,"Foxc1","Prg2",0.2,0.04
-2.88041469336559,2.41171297938844,1,1,"Gm16984","Prg2",0.2,0.04
-2.88041469336559,2.41171297938844,1,1,"Ly86","Prg2",0.2,0.04
-2.88041469336559,2.41171297938844,1,1,"Gm4035","Prg2",0.2,0.04
-2.88041469336559,2.41171297938844,1,1,"Gm47731","Prg2",0.2,0.04
-2.88041469336559,2.41171297938844,1,1,"Dsp","Prg2",0.2,0.04
-2.88041469336559,2.41171297938844,1,1,"Ecm2","Prg2",0.2,0.04
-2.88041469336559,2.41171297938844,1,1,"Tspan17","Prg2",0.2,0.04
-2.88041469336559,2.41171297938844,1,1,"Mxd3","Prg2",0.2,0.04
-2.88041469336559,2.41171297938844,1,1,"Slc34a1","Prg2",0.2,0.04
-2.88041469336559,2.41171297938844,1,1,"Prr7","Prg2",0.2,0.04
-2.88041469336559,2.41171297938844,1,1,"Gm36445","Prg2",0.2,0.04
-2.88041469336559,2.41171297938844,1,1,"Gm46440","Prg2",0.2,0.04
-2.88041469336559,2.41171297938844,1,1,"Zfp953","Prg2",0.2,0.04
-2.88041469336559,2.41171297938844,1,1,"Zfp429","Prg2",0.2,0.04
-2.88041469336559,2.41171297938844,1,1,"Gm48899","Prg2",0.2,0.04
-2.88041469336559,2.41171297938844,1,1,"Tert","Prg2",0.2,0.04
-2.88041469336559,2.41171297938844,1,1,"Lrrc14b","Prg2",0.2,0.04
-2.88041469336559,2.41171297938844,1,1,"2210408I21Rik","Prg2",0.2,0.04
-2.88041469336559,2.41171297938844,1,1,"A830009L08Rik","Prg2",0.2,0.04
-2.88041469336559,2.41171297938844,1,1,"Gm20379","Prg2",0.2,0.04
-2.88041469336559,2.41171297938844,1,1,"Gm26527","Prg2",0.2,0.04
-2.88041469336559,2.41171297938844,1,1,"Crhbp","Prg2",0.2,0.04
-2.88041469336559,2.41171297938844,1,1,"Gm26619","Prg2",0.2,0.04
-2.88041469336559,2.41171297938844,1,1,"Tmem267","Prg2",0.2,0.04
-2.88041469336559,2.41171297938844,1,1,"Nim1k","Prg2",0.2,0.04
-2.88041469336559,2.41171297938844,1,1,"Gm21188","Prg2",0.2,0.04
-2.88041469336559,2.41171297938844,1,1,"BC147527","Prg2",0.2,0.04
-2.88041469336559,2.41171297938844,1,1,"Dnmt3aos","Prg2",0.2,0.04
-2.88041469336559,2.41171297938844,1,1,"AC153140.2","Prg2",0.2,0.04
-2.88041469336559,2.41171297938844,1,1,"Gm47997","Prg2",0.2,0.04
-2.88041469336559,2.41171297938844,1,1,"Scin","Prg2",0.2,0.04
-2.88041469336559,2.41171297938844,1,1,"Srp54c","Prg2",0.2,0.04
-2.88041469336559,2.41171297938844,1,1,"Prps1l3","Prg2",0.2,0.04
-2.88041469336559,2.41171297938844,1,1,"4931403G20Rik","Prg2",0.2,0.04
-2.88041469336559,2.41171297938844,1,1,"4930447C04Rik","Prg2",0.2,0.04
-2.88041469336559,2.41171297938844,1,1,"Gm15283","Prg2",0.2,0.04
-2.88041469336559,2.41171297938844,1,1,"Sptb","Prg2",0.2,0.04
-2.88041469336559,2.41171297938844,1,1,"Gpx2","Prg2",0.2,0.04
-2.88041469336559,2.41171297938844,1,1,"Ttc9","Prg2",0.2,0.04
-2.88041469336559,2.41171297938844,1,1,"Acot1","Prg2",0.2,0.04
-2.88041469336559,2.41171297938844,1,1,"Ptpn21","Prg2",0.2,0.04
-2.88041469336559,2.41171297938844,1,1,"Gpr68","Prg2",0.2,0.04
-2.88041469336559,2.41171297938844,1,1,"Mok","Prg2",0.2,0.04
-2.88041469336559,2.41171297938844,1,1,"Ckb","Prg2",0.2,0.04
-2.88041469336559,2.41171297938844,1,1,"Zbtb42","Prg2",0.2,0.04
-2.88041469336559,2.41171297938844,1,1,"Crip2","Prg2",0.2,0.04
-2.88041469336559,2.41171297938844,1,1,"Gm15632","Prg2",0.2,0.04
-2.88041469336559,2.41171297938844,1,1,"Gm49085","Prg2",0.2,0.04
-2.88041469336559,2.41171297938844,1,1,"Col14a1","Prg2",0.2,0.04
-2.88041469336559,2.41171297938844,1,1,"AC087116.1","Prg2",0.2,0.04
-2.88041469336559,2.41171297938844,1,1,"Zfat","Prg2",0.2,0.04
-2.88041469336559,2.41171297938844,1,1,"Jrk","Prg2",0.2,0.04
-2.88041469336559,2.41171297938844,1,1,"Kifc2","Prg2",0.2,0.04
-2.88041469336559,2.41171297938844,1,1,"Commd5","Prg2",0.2,0.04
-2.88041469336559,2.41171297938844,1,1,"AL589692.1","Prg2",0.2,0.04
-2.88041469336559,2.41171297938844,1,1,"Dmc1","Prg2",0.2,0.04
-2.88041469336559,2.41171297938844,1,1,"AC113595.1","Prg2",0.2,0.04
-2.88041469336559,2.41171297938844,1,1,"Pdgfb","Prg2",0.2,0.04
-2.88041469336559,2.41171297938844,1,1,"Cyp2d22","Prg2",0.2,0.04
-2.88041469336559,2.41171297938844,1,1,"AL591952.3","Prg2",0.2,0.04
-2.88041469336559,2.41171297938844,1,1,"Dennd6b","Prg2",0.2,0.04
-2.88041469336559,2.41171297938844,1,1,"Gm26798","Prg2",0.2,0.04
-2.88041469336559,2.41171297938844,1,1,"Gm49169","Prg2",0.2,0.04
-2.88041469336559,2.41171297938844,1,1,"AC161165.6","Prg2",0.2,0.04
-2.88041469336559,2.41171297938844,1,1,"AC134548.2","Prg2",0.2,0.04
-2.88041469336559,2.41171297938844,1,1,"Pou6f1","Prg2",0.2,0.04
-2.88041469336559,2.41171297938844,1,1,"Smagp","Prg2",0.2,0.04
-2.88041469336559,2.41171297938844,1,1,"Krt8","Prg2",0.2,0.04
-2.88041469336559,2.41171297938844,1,1,"Csad","Prg2",0.2,0.04
-2.88041469336559,2.41171297938844,1,1,"Npff","Prg2",0.2,0.04
-2.88041469336559,2.41171297938844,1,1,"Pde1b","Prg2",0.2,0.04
-2.88041469336559,2.41171297938844,1,1,"Ifitm7","Prg2",0.2,0.04
-2.88041469336559,2.41171297938844,1,1,"Spag6l","Prg2",0.2,0.04
-2.88041469336559,2.41171297938844,1,1,"Gnb1l","Prg2",0.2,0.04
-2.88041469336559,2.41171297938844,1,1,"Rtl10","Prg2",0.2,0.04
-2.88041469336559,2.41171297938844,1,1,"Iglc3","Prg2",0.2,0.04
-2.88041469336559,2.41171297938844,1,1,"Clcn2","Prg2",0.2,0.04
-2.88041469336559,2.41171297938844,1,1,"Kalrn","Prg2",0.2,0.04
-2.88041469336559,2.41171297938844,1,1,"Eaf2","Prg2",0.2,0.04
-2.88041469336559,2.41171297938844,1,1,"Arhgap31","Prg2",0.2,0.04
-2.88041469336559,2.41171297938844,1,1,"Zdhhc23","Prg2",0.2,0.04
-2.88041469336559,2.41171297938844,1,1,"Gcsam","Prg2",0.2,0.04
-2.88041469336559,2.41171297938844,1,1,"Tmprss7","Prg2",0.2,0.04
-2.88041469336559,2.41171297938844,1,1,"Tmem45a2","Prg2",0.2,0.04
-2.88041469336559,2.41171297938844,1,1,"Mir155hg","Prg2",0.2,0.04
-2.88041469336559,2.41171297938844,1,1,"Ldhal6b","Prg2",0.2,0.04
-2.88041469336559,2.41171297938844,1,1,"E430024P14Rik","Prg2",0.2,0.04
-2.88041469336559,2.41171297938844,1,1,"Rsph3a","Prg2",0.2,0.04
-2.88041469336559,2.41171297938844,1,1,"Agpat4","Prg2",0.2,0.04
-2.88041469336559,2.41171297938844,1,1,"9030025P20Rik","Prg2",0.2,0.04
-2.88041469336559,2.41171297938844,1,1,"Gm26753","Prg2",0.2,0.04
-2.88041469336559,2.41171297938844,1,1,"9330136K24Rik","Prg2",0.2,0.04
-2.88041469336559,2.41171297938844,1,1,"D930048G16Rik","Prg2",0.2,0.04
-2.88041469336559,2.41171297938844,1,1,"Gm43796","Prg2",0.2,0.04
-2.88041469336559,2.41171297938844,1,1,"Atp6v0c","Prg2",0.2,0.04
-2.88041469336559,2.41171297938844,1,1,"Slc9a3r2","Prg2",0.2,0.04
-2.88041469336559,2.41171297938844,1,1,"Eme2","Prg2",0.2,0.04
-2.88041469336559,2.41171297938844,1,1,"Baiap3","Prg2",0.2,0.04
-2.88041469336559,2.41171297938844,1,1,"Gm8225","Prg2",0.2,0.04
-2.88041469336559,2.41171297938844,1,1,"Gm20468","Prg2",0.2,0.04
-2.88041469336559,2.41171297938844,1,1,"Kifc5b","Prg2",0.2,0.04
-2.88041469336559,2.41171297938844,1,1,"Tcp11","Prg2",0.2,0.04
-2.88041469336559,2.41171297938844,1,1,"Slc26a8","Prg2",0.2,0.04
-2.88041469336559,2.41171297938844,1,1,"Pnpla1","Prg2",0.2,0.04
-2.88041469336559,2.41171297938844,1,1,"Gm16191","Prg2",0.2,0.04
-2.88041469336559,2.41171297938844,1,1,"Cmtr1","Prg2",0.2,0.04
-2.88041469336559,2.41171297938844,1,1,"Sik1","Prg2",0.2,0.04
-2.88041469336559,2.41171297938844,1,1,"Zfp955a","Prg2",0.2,0.04
-2.88041469336559,2.41171297938844,1,1,"B3galt4","Prg2",0.2,0.04
-2.88041469336559,2.41171297938844,1,1,"BC051537","Prg2",0.2,0.04
-2.88041469336559,2.41171297938844,1,1,"H2-DMb2","Prg2",0.2,0.04
-2.88041469336559,2.41171297938844,1,1,"H2-Aa","Prg2",0.2,0.04
-2.88041469336559,2.41171297938844,1,1,"Notch4","Prg2",0.2,0.04
-2.88041469336559,2.41171297938844,1,1,"Ager","Prg2",0.2,0.04
-2.88041469336559,2.41171297938844,1,1,"Slc44a4","Prg2",0.2,0.04
-2.88041469336559,2.41171297938844,1,1,"Vwa7","Prg2",0.2,0.04
-2.88041469336559,2.41171297938844,1,1,"Gm11131","Prg2",0.2,0.04
-2.88041469336559,2.41171297938844,1,1,"Olfr93","Prg2",0.2,0.04
-2.88041469336559,2.41171297938844,1,1,"Pla2g7","Prg2",0.2,0.04
-2.88041469336559,2.41171297938844,1,1,"Polh","Prg2",0.2,0.04
-2.88041469336559,2.41171297938844,1,1,"Gm26785","Prg2",0.2,0.04
-2.88041469336559,2.41171297938844,1,1,"Ptk7","Prg2",0.2,0.04
-2.88041469336559,2.41171297938844,1,1,"Guca1b","Prg2",0.2,0.04
-2.88041469336559,2.41171297938844,1,1,"Tomm6os","Prg2",0.2,0.04
-2.88041469336559,2.41171297938844,1,1,"Treml4","Prg2",0.2,0.04
-2.88041469336559,2.41171297938844,1,1,"Dazl","Prg2",0.2,0.04
-2.88041469336559,2.41171297938844,1,1,"Prr22","Prg2",0.2,0.04
-2.88041469336559,2.41171297938844,1,1,"Gm28727","Prg2",0.2,0.04
-2.88041469336559,2.41171297938844,1,1,"Gm4707","Prg2",0.2,0.04
-2.88041469336559,2.41171297938844,1,1,"Ehd3","Prg2",0.2,0.04
-2.88041469336559,2.41171297938844,1,1,"Xdh","Prg2",0.2,0.04
-2.88041469336559,2.41171297938844,1,1,"Nlrc4","Prg2",0.2,0.04
-2.88041469336559,2.41171297938844,1,1,"Ltbp1","Prg2",0.2,0.04
-2.88041469336559,2.41171297938844,1,1,"1110020A21Rik","Prg2",0.2,0.04
-2.88041469336559,2.41171297938844,1,1,"Map3k8","Prg2",0.2,0.04
-2.88041469336559,2.41171297938844,1,1,"Zfp438","Prg2",0.2,0.04
-2.88041469336559,2.41171297938844,1,1,"Greb1l","Prg2",0.2,0.04
-2.88041469336559,2.41171297938844,1,1,"Ankrd29","Prg2",0.2,0.04
-2.88041469336559,2.41171297938844,1,1,"Reep2","Prg2",0.2,0.04
-2.88041469336559,2.41171297938844,1,1,"Gm5239","Prg2",0.2,0.04
-2.88041469336559,2.41171297938844,1,1,"Pcdhb16","Prg2",0.2,0.04
-2.88041469336559,2.41171297938844,1,1,"Pcdhb19","Prg2",0.2,0.04
-2.88041469336559,2.41171297938844,1,1,"Pcdhga7","Prg2",0.2,0.04
-2.88041469336559,2.41171297938844,1,1,"Pcdhgb5","Prg2",0.2,0.04
-2.88041469336559,2.41171297938844,1,1,"Eno1b","Prg2",0.2,0.04
-2.88041469336559,2.41171297938844,1,1,"Pde6a","Prg2",0.2,0.04
-2.88041469336559,2.41171297938844,1,1,"Gnal","Prg2",0.2,0.04
-2.88041469336559,2.41171297938844,1,1,"Tubb6","Prg2",0.2,0.04
-2.88041469336559,2.41171297938844,1,1,"Gm17669","Prg2",0.2,0.04
-2.88041469336559,2.41171297938844,1,1,"Mc2r","Prg2",0.2,0.04
-2.88041469336559,2.41171297938844,1,1,"Stard6","Prg2",0.2,0.04
-2.88041469336559,2.41171297938844,1,1,"Mapk4","Prg2",0.2,0.04
-2.88041469336559,2.41171297938844,1,1,"Cndp1","Prg2",0.2,0.04
-2.88041469336559,2.41171297938844,1,1,"Tesmin","Prg2",0.2,0.04
-2.88041469336559,2.41171297938844,1,1,"Clcf1","Prg2",0.2,0.04
-2.88041469336559,2.41171297938844,1,1,"Ssh3","Prg2",0.2,0.04
-2.88041469336559,2.41171297938844,1,1,"Rin1","Prg2",0.2,0.04
-2.88041469336559,2.41171297938844,1,1,"Gm14966","Prg2",0.2,0.04
-2.88041469336559,2.41171297938844,1,1,"Gm10353","Prg2",0.2,0.04
-2.88041469336559,2.41171297938844,1,1,"Ms4a4b","Prg2",0.2,0.04
-2.88041469336559,2.41171297938844,1,1,"Aldh1a7","Prg2",0.2,0.04
-2.88041469336559,2.41171297938844,1,1,"Vldlr","Prg2",0.2,0.04
-2.88041469336559,2.41171297938844,1,1,"A930007I19Rik","Prg2",0.2,0.04
-2.88041469336559,2.41171297938844,1,1,"Rnls","Prg2",0.2,0.04
-2.88041469336559,2.41171297938844,1,1,"Ifit3b","Prg2",0.2,0.04
-2.88041469336559,2.41171297938844,1,1,"Hectd2","Prg2",0.2,0.04
-2.88041469336559,2.41171297938844,1,1,"Dntt","Prg2",0.2,0.04
-2.88041469336559,2.41171297938844,1,1,"Gm340","Prg2",0.2,0.04
-2.88041469336559,2.41171297938844,1,1,"Morn4","Prg2",0.2,0.04
-2.88041469336559,2.41171297938844,1,1,"Scd1","Prg2",0.2,0.04
-2.88041469336559,2.41171297938844,1,1,"4833407H14Rik","Prg2",0.2,0.04
-2.88041469336559,2.41171297938844,1,1,"Nutf2-ps1","Prg2",0.2,0.04
-2.88041469336559,2.41171297938844,1,1,"B230217O12Rik","Prg2",0.2,0.04
-2.88041469336559,2.41171297938844,1,1,"Nanos1","Prg2",0.2,0.04
-2.88041469336559,2.41171297938844,1,1,"Tmlhe","Prg2",0.2,0.04
0.676540044740697,2.68509482038772,1,1,"Tmem14a","Prg2",0.2,0.04
0.676540044740697,2.68509482038772,1,1,"Nemp2","Prg2",0.2,0.04
0.676540044740697,2.68509482038772,1,1,"G730003C15Rik","Prg2",0.2,0.04
0.676540044740697,2.68509482038772,1,1,"Abcb6","Prg2",0.2,0.04
0.676540044740697,2.68509482038772,1,1,"Kcnj13","Prg2",0.2,0.04
0.676540044740697,2.68509482038772,1,1,"Rab7b","Prg2",0.2,0.04
0.676540044740697,2.68509482038772,1,1,"Tmem81","Prg2",0.2,0.04
0.676540044740697,2.68509482038772,1,1,"Sox13","Prg2",0.2,0.04
0.676540044740697,2.68509482038772,1,1,"Slc19a2","Prg2",0.2,0.04
0.676540044740697,2.68509482038772,1,1,"Rbm8a2","Prg2",0.2,0.04
0.676540044740697,2.68509482038772,1,1,"Lefty1","Prg2",0.2,0.04
0.676540044740697,2.68509482038772,1,1,"Enah","Prg2",0.2,0.04
0.676540044740697,2.68509482038772,1,1,"Lamb3","Prg2",0.2,0.04
0.676540044740697,2.68509482038772,1,1,"Bend7","Prg2",0.2,0.04
0.676540044740697,2.68509482038772,1,1,"Camk1d","Prg2",0.2,0.04
0.676540044740697,2.68509482038772,1,1,"Proser2","Prg2",0.2,0.04
0.676540044740697,2.68509482038772,1,1,"Sfmbt2","Prg2",0.2,0.04
0.676540044740697,2.68509482038772,1,1,"Otud1","Prg2",0.2,0.04
0.676540044740697,2.68509482038772,1,1,"Nrarp","Prg2",0.2,0.04
0.676540044740697,2.68509482038772,1,1,"Ndor1","Prg2",0.2,0.04
0.676540044740697,2.68509482038772,1,1,"C8g","Prg2",0.2,0.04
0.676540044740697,2.68509482038772,1,1,"F730016J06Rik","Prg2",0.2,0.04
0.676540044740697,2.68509482038772,1,1,"Pkn3","Prg2",0.2,0.04
0.676540044740697,2.68509482038772,1,1,"Galnt3","Prg2",0.2,0.04
0.676540044740697,2.68509482038772,1,1,"Mettl5os","Prg2",0.2,0.04
0.676540044740697,2.68509482038772,1,1,"Tnks1bp1","Prg2",0.2,0.04
0.676540044740697,2.68509482038772,1,1,"Gchfr","Prg2",0.2,0.04
0.676540044740697,2.68509482038772,1,1,"Capn3","Prg2",0.2,0.04
0.676540044740697,2.68509482038772,1,1,"Ubox5","Prg2",0.2,0.04
0.676540044740697,2.68509482038772,1,1,"Gm21994","Prg2",0.2,0.04
0.676540044740697,2.68509482038772,1,1,"Dbndd2","Prg2",0.2,0.04
0.676540044740697,2.68509482038772,1,1,"9230111E07Rik","Prg2",0.2,0.04
0.676540044740697,2.68509482038772,1,1,"Gm9873","Prg2",0.2,0.04
0.676540044740697,2.68509482038772,1,1,"Gm20721","Prg2",0.2,0.04
0.676540044740697,2.68509482038772,1,1,"Gm14418","Prg2",0.2,0.04
0.676540044740697,2.68509482038772,1,1,"Efnb1","Prg2",0.2,0.04
0.676540044740697,2.68509482038772,1,1,"Dach2","Prg2",0.2,0.04
0.676540044740697,2.68509482038772,1,1,"Zmat1","Prg2",0.2,0.04
0.676540044740697,2.68509482038772,1,1,"Morc4","Prg2",0.2,0.04
0.676540044740697,2.68509482038772,1,1,"Amot","Prg2",0.2,0.04
0.676540044740697,2.68509482038772,1,1,"Zc2hc1a","Prg2",0.2,0.04
0.676540044740697,2.68509482038772,1,1,"Car13","Prg2",0.2,0.04
0.676540044740697,2.68509482038772,1,1,"Pld1","Prg2",0.2,0.04
0.676540044740697,2.68509482038772,1,1,"Bbs12","Prg2",0.2,0.04
0.676540044740697,2.68509482038772,1,1,"Slc7a11","Prg2",0.2,0.04
0.676540044740697,2.68509482038772,1,1,"Mgst2","Prg2",0.2,0.04
0.676540044740697,2.68509482038772,1,1,"Trim46","Prg2",0.2,0.04
0.676540044740697,2.68509482038772,1,1,"Npr1","Prg2",0.2,0.04
0.676540044740697,2.68509482038772,1,1,"Gm42722","Prg2",0.2,0.04
0.676540044740697,2.68509482038772,1,1,"Gm12500","Prg2",0.2,0.04
0.676540044740697,2.68509482038772,1,1,"Arhgap29","Prg2",0.2,0.04
0.676540044740697,2.68509482038772,1,1,"Alpk1","Prg2",0.2,0.04
0.676540044740697,2.68509482038772,1,1,"Slc9b2","Prg2",0.2,0.04
0.676540044740697,2.68509482038772,1,1,"Plag1","Prg2",0.2,0.04
0.676540044740697,2.68509482038772,1,1,"Gm11837","Prg2",0.2,0.04
0.676540044740697,2.68509482038772,1,1,"Hdhd3","Prg2",0.2,0.04
0.676540044740697,2.68509482038772,1,1,"Rgs3","Prg2",0.2,0.04
0.676540044740697,2.68509482038772,1,1,"Acer2","Prg2",0.2,0.04
0.676540044740697,2.68509482038772,1,1,"Tek","Prg2",0.2,0.04
0.676540044740697,2.68509482038772,1,1,"Cyb5rl","Prg2",0.2,0.04
0.676540044740697,2.68509482038772,1,1,"Ipp","Prg2",0.2,0.04
0.676540044740697,2.68509482038772,1,1,"Zfp691","Prg2",0.2,0.04
0.676540044740697,2.68509482038772,1,1,"Ahdc1","Prg2",0.2,0.04
0.676540044740697,2.68509482038772,1,1,"Paqr7","Prg2",0.2,0.04
0.676540044740697,2.68509482038772,1,1,"Pqlc2","Prg2",0.2,0.04
0.676540044740697,2.68509482038772,1,1,"Nphp4","Prg2",0.2,0.04
0.676540044740697,2.68509482038772,1,1,"Vwa1","Prg2",0.2,0.04
0.676540044740697,2.68509482038772,1,1,"Mterf1b","Prg2",0.2,0.04
0.676540044740697,2.68509482038772,1,1,"Fndc4","Prg2",0.2,0.04
0.676540044740697,2.68509482038772,1,1,"Sh3bp2","Prg2",0.2,0.04
0.676540044740697,2.68509482038772,1,1,"Zbtb49","Prg2",0.2,0.04
0.676540044740697,2.68509482038772,1,1,"Apbb2","Prg2",0.2,0.04
0.676540044740697,2.68509482038772,1,1,"Spink2","Prg2",0.2,0.04
0.676540044740697,2.68509482038772,1,1,"Stbd1","Prg2",0.2,0.04
0.676540044740697,2.68509482038772,1,1,"4930524J08Rik","Prg2",0.2,0.04
0.676540044740697,2.68509482038772,1,1,"Helq","Prg2",0.2,0.04
0.676540044740697,2.68509482038772,1,1,"Gm42595","Prg2",0.2,0.04
0.676540044740697,2.68509482038772,1,1,"Gm14508","Prg2",0.2,0.04
0.676540044740697,2.68509482038772,1,1,"Gm16552","Prg2",0.2,0.04
0.676540044740697,2.68509482038772,1,1,"Vps33a","Prg2",0.2,0.04
0.676540044740697,2.68509482038772,1,1,"Gm6598","Prg2",0.2,0.04
0.676540044740697,2.68509482038772,1,1,"Sh2b2","Prg2",0.2,0.04
0.676540044740697,2.68509482038772,1,1,"Gm26809","Prg2",0.2,0.04
0.676540044740697,2.68509482038772,1,1,"Gm20186","Prg2",0.2,0.04
0.676540044740697,2.68509482038772,1,1,"Lrrc4","Prg2",0.2,0.04
0.676540044740697,2.68509482038772,1,1,"Gm26625","Prg2",0.2,0.04
0.676540044740697,2.68509482038772,1,1,"Hoxa3","Prg2",0.2,0.04
0.676540044740697,2.68509482038772,1,1,"Hoxa4","Prg2",0.2,0.04
0.676540044740697,2.68509482038772,1,1,"Snca","Prg2",0.2,0.04
0.676540044740697,2.68509482038772,1,1,"Add2","Prg2",0.2,0.04
0.676540044740697,2.68509482038772,1,1,"Gm44067","Prg2",0.2,0.04
0.676540044740697,2.68509482038772,1,1,"Gm21814","Prg2",0.2,0.04
0.676540044740697,2.68509482038772,1,1,"Myadm","Prg2",0.2,0.04
0.676540044740697,2.68509482038772,1,1,"Zfp773","Prg2",0.2,0.04
0.676540044740697,2.68509482038772,1,1,"Zscan18","Prg2",0.2,0.04
0.676540044740697,2.68509482038772,1,1,"Zfp128","Prg2",0.2,0.04
0.676540044740697,2.68509482038772,1,1,"Pla2g4c","Prg2",0.2,0.04
0.676540044740697,2.68509482038772,1,1,"Plekhg2","Prg2",0.2,0.04
0.676540044740697,2.68509482038772,1,1,"Wdr62","Prg2",0.2,0.04
0.676540044740697,2.68509482038772,1,1,"Syne4","Prg2",0.2,0.04
0.676540044740697,2.68509482038772,1,1,"Scn1b","Prg2",0.2,0.04
0.676540044740697,2.68509482038772,1,1,"Zfp619","Prg2",0.2,0.04
0.676540044740697,2.68509482038772,1,1,"Cd33","Prg2",0.2,0.04
0.676540044740697,2.68509482038772,1,1,"Fam83e","Prg2",0.2,0.04
0.676540044740697,2.68509482038772,1,1,"Lmtk3","Prg2",0.2,0.04
0.676540044740697,2.68509482038772,1,1,"Nipa1","Prg2",0.2,0.04
0.676540044740697,2.68509482038772,1,1,"Gm44949","Prg2",0.2,0.04
0.676540044740697,2.68509482038772,1,1,"Cpeb1","Prg2",0.2,0.04
0.676540044740697,2.68509482038772,1,1,"Lrrc51","Prg2",0.2,0.04
0.676540044740697,2.68509482038772,1,1,"Tgfb1i1","Prg2",0.2,0.04
0.676540044740697,2.68509482038772,1,1,"Uros","Prg2",0.2,0.04
0.676540044740697,2.68509482038772,1,1,"B4galnt4","Prg2",0.2,0.04
0.676540044740697,2.68509482038772,1,1,"Tspyl4","Prg2",0.2,0.04
0.676540044740697,2.68509482038772,1,1,"Rtkn2","Prg2",0.2,0.04
0.676540044740697,2.68509482038772,1,1,"A930033H14Rik","Prg2",0.2,0.04
0.676540044740697,2.68509482038772,1,1,"2810425M01Rik","Prg2",0.2,0.04
0.676540044740697,2.68509482038772,1,1,"Agpat3","Prg2",0.2,0.04
0.676540044740697,2.68509482038772,1,1,"Gm47101","Prg2",0.2,0.04
0.676540044740697,2.68509482038772,1,1,"Bbs10","Prg2",0.2,0.04
0.676540044740697,2.68509482038772,1,1,"Mmp19","Prg2",0.2,0.04
0.676540044740697,2.68509482038772,1,1,"Rdh5","Prg2",0.2,0.04
0.676540044740697,2.68509482038772,1,1,"Prr36","Prg2",0.2,0.04
0.676540044740697,2.68509482038772,1,1,"Ctxn1","Prg2",0.2,0.04
0.676540044740697,2.68509482038772,1,1,"Grtp1","Prg2",0.2,0.04
0.676540044740697,2.68509482038772,1,1,"Arhgef10","Prg2",0.2,0.04
0.676540044740697,2.68509482038772,1,1,"Xkr5","Prg2",0.2,0.04
0.676540044740697,2.68509482038772,1,1,"Prag1","Prg2",0.2,0.04
0.676540044740697,2.68509482038772,1,1,"Lzts1","Prg2",0.2,0.04
0.676540044740697,2.68509482038772,1,1,"Plvap","Prg2",0.2,0.04
0.676540044740697,2.68509482038772,1,1,"Zfp882","Prg2",0.2,0.04
0.676540044740697,2.68509482038772,1,1,"4930432K21Rik","Prg2",0.2,0.04
0.676540044740697,2.68509482038772,1,1,"Bbs2","Prg2",0.2,0.04
0.676540044740697,2.68509482038772,1,1,"Zfp612","Prg2",0.2,0.04
0.676540044740697,2.68509482038772,1,1,"Sipa1l2","Prg2",0.2,0.04
0.676540044740697,2.68509482038772,1,1,"Hesx1","Prg2",0.2,0.04
0.676540044740697,2.68509482038772,1,1,"Ltb4r2","Prg2",0.2,0.04
0.676540044740697,2.68509482038772,1,1,"Rnf17","Prg2",0.2,0.04
0.676540044740697,2.68509482038772,1,1,"Shisa2","Prg2",0.2,0.04
0.676540044740697,2.68509482038772,1,1,"Fzd3","Prg2",0.2,0.04
0.676540044740697,2.68509482038772,1,1,"Clu","Prg2",0.2,0.04
0.676540044740697,2.68509482038772,1,1,"4930480K23Rik","Prg2",0.2,0.04
0.676540044740697,2.68509482038772,1,1,"Nudt15","Prg2",0.2,0.04
0.676540044740697,2.68509482038772,1,1,"Casp12","Prg2",0.2,0.04
0.676540044740697,2.68509482038772,1,1,"Fbxl12os","Prg2",0.2,0.04
0.676540044740697,2.68509482038772,1,1,"Epor","Prg2",0.2,0.04
0.676540044740697,2.68509482038772,1,1,"Sorl1","Prg2",0.2,0.04
0.676540044740697,2.68509482038772,1,1,"Nectin1","Prg2",0.2,0.04
0.676540044740697,2.68509482038772,1,1,"Cryab","Prg2",0.2,0.04
0.676540044740697,2.68509482038772,1,1,"Tln2","Prg2",0.2,0.04
0.676540044740697,2.68509482038772,1,1,"BC065403","Prg2",0.2,0.04
0.676540044740697,2.68509482038772,1,1,"Rwdd2a","Prg2",0.2,0.04
0.676540044740697,2.68509482038772,1,1,"9430037G07Rik","Prg2",0.2,0.04
0.676540044740697,2.68509482038772,1,1,"Cacna2d2","Prg2",0.2,0.04
0.676540044740697,2.68509482038772,1,1,"Dusp18","Prg2",0.2,0.04
0.676540044740697,2.68509482038772,1,1,"Osm","Prg2",0.2,0.04
0.676540044740697,2.68509482038772,1,1,"Gas2l1","Prg2",0.2,0.04
0.676540044740697,2.68509482038772,1,1,"Ehbp1","Prg2",0.2,0.04
0.676540044740697,2.68509482038772,1,1,"Gm12089","Prg2",0.2,0.04
0.676540044740697,2.68509482038772,1,1,"Gm12166","Prg2",0.2,0.04
0.676540044740697,2.68509482038772,1,1,"Zfp2","Prg2",0.2,0.04
0.676540044740697,2.68509482038772,1,1,"Slc36a3os","Prg2",0.2,0.04
0.676540044740697,2.68509482038772,1,1,"Zfp39","Prg2",0.2,0.04
0.676540044740697,2.68509482038772,1,1,"Gm16062","Prg2",0.2,0.04
0.676540044740697,2.68509482038772,1,1,"Slc25a35","Prg2",0.2,0.04
0.676540044740697,2.68509482038772,1,1,"Nlrp1a","Prg2",0.2,0.04
0.676540044740697,2.68509482038772,1,1,"Xaf1","Prg2",0.2,0.04
0.676540044740697,2.68509482038772,1,1,"Srr","Prg2",0.2,0.04
0.676540044740697,2.68509482038772,1,1,"Ovca2","Prg2",0.2,0.04
0.676540044740697,2.68509482038772,1,1,"Gm20234","Prg2",0.2,0.04
0.676540044740697,2.68509482038772,1,1,"Bcas3os1","Prg2",0.2,0.04
0.676540044740697,2.68509482038772,1,1,"B130006D01Rik","Prg2",0.2,0.04
0.676540044740697,2.68509482038772,1,1,"Srcin1","Prg2",0.2,0.04
0.676540044740697,2.68509482038772,1,1,"Nr1d1","Prg2",0.2,0.04
0.676540044740697,2.68509482038772,1,1,"Vps25","Prg2",0.2,0.04
0.676540044740697,2.68509482038772,1,1,"Arhgap27os3","Prg2",0.2,0.04
0.676540044740697,2.68509482038772,1,1,"Axin2","Prg2",0.2,0.04
0.676540044740697,2.68509482038772,1,1,"Caskin2","Prg2",0.2,0.04
0.676540044740697,2.68509482038772,1,1,"Tha1","Prg2",0.2,0.04
0.676540044740697,2.68509482038772,1,1,"Fn3krp","Prg2",0.2,0.04
0.676540044740697,2.68509482038772,1,1,"Hist1h3b","Prg2",0.2,0.04
0.676540044740697,2.68509482038772,1,1,"Gm11361","Prg2",0.2,0.04
0.676540044740697,2.68509482038772,1,1,"F13a1","Prg2",0.2,0.04
0.676540044740697,2.68509482038772,1,1,"Gm26514","Prg2",0.2,0.04
0.676540044740697,2.68509482038772,1,1,"Gm47071","Prg2",0.2,0.04
0.676540044740697,2.68509482038772,1,1,"Tgfbi","Prg2",0.2,0.04
0.676540044740697,2.68509482038772,1,1,"Gm3604","Prg2",0.2,0.04
0.676540044740697,2.68509482038772,1,1,"Habp4","Prg2",0.2,0.04
0.676540044740697,2.68509482038772,1,1,"Gm6169","Prg2",0.2,0.04
0.676540044740697,2.68509482038772,1,1,"Enc1","Prg2",0.2,0.04
0.676540044740697,2.68509482038772,1,1,"Marveld2","Prg2",0.2,0.04
0.676540044740697,2.68509482038772,1,1,"Il6st","Prg2",0.2,0.04
0.676540044740697,2.68509482038772,1,1,"Itga2","Prg2",0.2,0.04
0.676540044740697,2.68509482038772,1,1,"Asap2","Prg2",0.2,0.04
0.676540044740697,2.68509482038772,1,1,"Grhl1","Prg2",0.2,0.04
0.676540044740697,2.68509482038772,1,1,"Mboat2","Prg2",0.2,0.04
0.676540044740697,2.68509482038772,1,1,"Gm29361","Prg2",0.2,0.04
0.676540044740697,2.68509482038772,1,1,"Gm26571","Prg2",0.2,0.04
0.676540044740697,2.68509482038772,1,1,"Basp1","Prg2",0.2,0.04
0.676540044740697,2.68509482038772,1,1,"Zfpm2","Prg2",0.2,0.04
0.676540044740697,2.68509482038772,1,1,"Tmem71","Prg2",0.2,0.04
0.676540044740697,2.68509482038772,1,1,"Fam83h","Prg2",0.2,0.04
0.676540044740697,2.68509482038772,1,1,"AC110211.1","Prg2",0.2,0.04
0.676540044740697,2.68509482038772,1,1,"Gm29666","Prg2",0.2,0.04
0.676540044740697,2.68509482038772,1,1,"AC162302.1","Prg2",0.2,0.04
0.676540044740697,2.68509482038772,1,1,"A130051J06Rik","Prg2",0.2,0.04
0.676540044740697,2.68509482038772,1,1,"Gm26513","Prg2",0.2,0.04
0.676540044740697,2.68509482038772,1,1,"Lima1","Prg2",0.2,0.04
0.676540044740697,2.68509482038772,1,1,"Nlrc3","Prg2",0.2,0.04
0.676540044740697,2.68509482038772,1,1,"Gm15829","Prg2",0.2,0.04
0.676540044740697,2.68509482038772,1,1,"Dubr","Prg2",0.2,0.04
0.676540044740697,2.68509482038772,1,1,"Arl6","Prg2",0.2,0.04
0.676540044740697,2.68509482038772,1,1,"Fam3b","Prg2",0.2,0.04
0.676540044740697,2.68509482038772,1,1,"3300005D01Rik","Prg2",0.2,0.04
0.676540044740697,2.68509482038772,1,1,"Zfp995","Prg2",0.2,0.04
0.676540044740697,2.68509482038772,1,1,"Flywch2","Prg2",0.2,0.04
0.676540044740697,2.68509482038772,1,1,"Dnase1l2","Prg2",0.2,0.04
0.676540044740697,2.68509482038772,1,1,"Rab11fip3","Prg2",0.2,0.04
0.676540044740697,2.68509482038772,1,1,"Tmem217","Prg2",0.2,0.04
0.676540044740697,2.68509482038772,1,1,"Zfp763","Prg2",0.2,0.04
0.676540044740697,2.68509482038772,1,1,"Aif1","Prg2",0.2,0.04
0.676540044740697,2.68509482038772,1,1,"H2-Q10","Prg2",0.2,0.04
0.676540044740697,2.68509482038772,1,1,"Pou5f1","Prg2",0.2,0.04
0.676540044740697,2.68509482038772,1,1,"Gm16279","Prg2",0.2,0.04
0.676540044740697,2.68509482038772,1,1,"Gm5093","Prg2",0.2,0.04
0.676540044740697,2.68509482038772,1,1,"Klc4","Prg2",0.2,0.04
0.676540044740697,2.68509482038772,1,1,"Adgre4","Prg2",0.2,0.04
0.676540044740697,2.68509482038772,1,1,"Gm11110","Prg2",0.2,0.04
0.676540044740697,2.68509482038772,1,1,"Tnfsf9","Prg2",0.2,0.04
0.676540044740697,2.68509482038772,1,1,"Rpl7a-ps5","Prg2",0.2,0.04
0.676540044740697,2.68509482038772,1,1,"Pcdhb22","Prg2",0.2,0.04
0.676540044740697,2.68509482038772,1,1,"Kcng2","Prg2",0.2,0.04
0.676540044740697,2.68509482038772,1,1,"Carns1","Prg2",0.2,0.04
0.676540044740697,2.68509482038772,1,1,"Bbs1","Prg2",0.2,0.04
0.676540044740697,2.68509482038772,1,1,"Gm17227","Prg2",0.2,0.04
0.676540044740697,2.68509482038772,1,1,"Gng3","Prg2",0.2,0.04
0.676540044740697,2.68509482038772,1,1,"Rab3il1","Prg2",0.2,0.04
0.676540044740697,2.68509482038772,1,1,"Ccnj","Prg2",0.2,0.04
0.676540044740697,2.68509482038772,1,1,"Pik3ap1","Prg2",0.2,0.04
0.676540044740697,2.68509482038772,1,1,"Sfxn4","Prg2",0.2,0.04
-0.451440490193373,3.89333109718272,1,1,"Tbc1d8","Prg2",0.2,0.04
-0.451440490193373,3.89333109718272,1,1,"Stat4","Prg2",0.2,0.04
-0.451440490193373,3.89333109718272,1,1,"Dusp28","Prg2",0.2,0.04
-0.451440490193373,3.89333109718272,1,1,"Zdhhc12","Prg2",0.2,0.04
-0.451440490193373,3.89333109718272,1,1,"Accs","Prg2",0.2,0.04
-0.451440490193373,3.89333109718272,1,1,"D3Ertd751e","Prg2",0.2,0.04
-0.451440490193373,3.89333109718272,1,1,"Tiparp","Prg2",0.2,0.04
-0.451440490193373,3.89333109718272,1,1,"Hist2h2ac","Prg2",0.2,0.04
-0.451440490193373,3.89333109718272,1,1,"Rbm12b2","Prg2",0.2,0.04
-0.451440490193373,3.89333109718272,1,1,"Osgin2","Prg2",0.2,0.04
-0.451440490193373,3.89333109718272,1,1,"Creb3","Prg2",0.2,0.04
-0.451440490193373,3.89333109718272,1,1,"Trim32","Prg2",0.2,0.04
-0.451440490193373,3.89333109718272,1,1,"Dnajc16","Prg2",0.2,0.04
-0.451440490193373,3.89333109718272,1,1,"Agbl5","Prg2",0.2,0.04
-0.451440490193373,3.89333109718272,1,1,"Klf3","Prg2",0.2,0.04
-0.451440490193373,3.89333109718272,1,1,"Aacs","Prg2",0.2,0.04
-0.451440490193373,3.89333109718272,1,1,"Bpgm","Prg2",0.2,0.04
-0.451440490193373,3.89333109718272,1,1,"Gimap6","Prg2",0.2,0.04
-0.451440490193373,3.89333109718272,1,1,"Lancl2","Prg2",0.2,0.04
-0.451440490193373,3.89333109718272,1,1,"Fbxo17","Prg2",0.2,0.04
-0.451440490193373,3.89333109718272,1,1,"Ccne1","Prg2",0.2,0.04
-0.451440490193373,3.89333109718272,1,1,"Mtfr2","Prg2",0.2,0.04
-0.451440490193373,3.89333109718272,1,1,"Zfp938","Prg2",0.2,0.04
-0.451440490193373,3.89333109718272,1,1,"Tcp11l2","Prg2",0.2,0.04
-0.451440490193373,3.89333109718272,1,1,"Pex11g","Prg2",0.2,0.04
-0.451440490193373,3.89333109718272,1,1,"Zfp358","Prg2",0.2,0.04
-0.451440490193373,3.89333109718272,1,1,"Zfp90","Prg2",0.2,0.04
-0.451440490193373,3.89333109718272,1,1,"Ddx19b","Prg2",0.2,0.04
-0.451440490193373,3.89333109718272,1,1,"Rhobtb2","Prg2",0.2,0.04
-0.451440490193373,3.89333109718272,1,1,"Mtrf1","Prg2",0.2,0.04
-0.451440490193373,3.89333109718272,1,1,"St14","Prg2",0.2,0.04
-0.451440490193373,3.89333109718272,1,1,"Gm16124","Prg2",0.2,0.04
-0.451440490193373,3.89333109718272,1,1,"Cep162","Prg2",0.2,0.04
-0.451440490193373,3.89333109718272,1,1,"Oxsr1","Prg2",0.2,0.04
-0.451440490193373,3.89333109718272,1,1,"Git1","Prg2",0.2,0.04
-0.451440490193373,3.89333109718272,1,1,"Hist1h4h","Prg2",0.2,0.04
-0.451440490193373,3.89333109718272,1,1,"Slc35d2","Prg2",0.2,0.04
-0.451440490193373,3.89333109718272,1,1,"Zfp65","Prg2",0.2,0.04
-0.451440490193373,3.89333109718272,1,1,"Xrcc4","Prg2",0.2,0.04
-0.451440490193373,3.89333109718272,1,1,"Mccc2","Prg2",0.2,0.04
-0.451440490193373,3.89333109718272,1,1,"Fancm","Prg2",0.2,0.04
-0.451440490193373,3.89333109718272,1,1,"Pcnx4","Prg2",0.2,0.04
-0.451440490193373,3.89333109718272,1,1,"Slc38a6","Prg2",0.2,0.04
-0.451440490193373,3.89333109718272,1,1,"Sp4","Prg2",0.2,0.04
-0.451440490193373,3.89333109718272,1,1,"Zfp41","Prg2",0.2,0.04
-0.451440490193373,3.89333109718272,1,1,"Pus7l","Prg2",0.2,0.04
-0.451440490193373,3.89333109718272,1,1,"Rapgef3","Prg2",0.2,0.04
-0.451440490193373,3.89333109718272,1,1,"Tfcp2","Prg2",0.2,0.04
-0.451440490193373,3.89333109718272,1,1,"Smpd4","Prg2",0.2,0.04
-0.451440490193373,3.89333109718272,1,1,"Zdhhc8","Prg2",0.2,0.04
-0.451440490193373,3.89333109718272,1,1,"Xxylt1","Prg2",0.2,0.04
-0.451440490193373,3.89333109718272,1,1,"Prdm15","Prg2",0.2,0.04
-0.451440490193373,3.89333109718272,1,1,"Tsc2","Prg2",0.2,0.04
-0.451440490193373,3.89333109718272,1,1,"BC051226","Prg2",0.2,0.04
-0.451440490193373,3.89333109718272,1,1,"Malt1","Prg2",0.2,0.04
-0.451440490193373,3.89333109718272,1,1,"4930503L19Rik","Prg2",0.2,0.04
-0.451440490193373,3.89333109718272,1,1,"Ltbp3","Prg2",0.2,0.04
0.425539406797345,3.80575136330847,1,1,"Zfp142","Prg2",0.2,0.04
0.425539406797345,3.80575136330847,1,1,"Pter","Prg2",0.2,0.04
0.425539406797345,3.80575136330847,1,1,"Slc2a8","Prg2",0.2,0.04
0.425539406797345,3.80575136330847,1,1,"Cry2","Prg2",0.2,0.04
0.425539406797345,3.80575136330847,1,1,"Traf6","Prg2",0.2,0.04
0.425539406797345,3.80575136330847,1,1,"Cd59a","Prg2",0.2,0.04
0.425539406797345,3.80575136330847,1,1,"Rbbp9","Prg2",0.2,0.04
0.425539406797345,3.80575136330847,1,1,"Slc9a6","Prg2",0.2,0.04
0.425539406797345,3.80575136330847,1,1,"Tnfsf10","Prg2",0.2,0.04
0.425539406797345,3.80575136330847,1,1,"Rab33b","Prg2",0.2,0.04
0.425539406797345,3.80575136330847,1,1,"Rfx5","Prg2",0.2,0.04
0.425539406797345,3.80575136330847,1,1,"Ecm1","Prg2",0.2,0.04
0.425539406797345,3.80575136330847,1,1,"Stxbp3","Prg2",0.2,0.04
0.425539406797345,3.80575136330847,1,1,"Tle1","Prg2",0.2,0.04
0.425539406797345,3.80575136330847,1,1,"Mterf1a","Prg2",0.2,0.04
0.425539406797345,3.80575136330847,1,1,"Klhl7","Prg2",0.2,0.04
0.425539406797345,3.80575136330847,1,1,"Tbc1d14","Prg2",0.2,0.04
0.425539406797345,3.80575136330847,1,1,"Ficd","Prg2",0.2,0.04
0.425539406797345,3.80575136330847,1,1,"Clec4e","Prg2",0.2,0.04
0.425539406797345,3.80575136330847,1,1,"Pvr","Prg2",0.2,0.04
0.425539406797345,3.80575136330847,1,1,"Megf8","Prg2",0.2,0.04
0.425539406797345,3.80575136330847,1,1,"Sertad1","Prg2",0.2,0.04
0.425539406797345,3.80575136330847,1,1,"Cep89","Prg2",0.2,0.04
0.425539406797345,3.80575136330847,1,1,"Lipt2","Prg2",0.2,0.04
0.425539406797345,3.80575136330847,1,1,"Sigirr","Prg2",0.2,0.04
0.425539406797345,3.80575136330847,1,1,"Ric8b","Prg2",0.2,0.04
0.425539406797345,3.80575136330847,1,1,"Aktip","Prg2",0.2,0.04
0.425539406797345,3.80575136330847,1,1,"Taf1c","Prg2",0.2,0.04
0.425539406797345,3.80575136330847,1,1,"2810402E24Rik","Prg2",0.2,0.04
0.425539406797345,3.80575136330847,1,1,"Mtmr9","Prg2",0.2,0.04
0.425539406797345,3.80575136330847,1,1,"Birc3","Prg2",0.2,0.04
0.425539406797345,3.80575136330847,1,1,"Jrkl","Prg2",0.2,0.04
0.425539406797345,3.80575136330847,1,1,"Usp2","Prg2",0.2,0.04
0.425539406797345,3.80575136330847,1,1,"Smad3","Prg2",0.2,0.04
0.425539406797345,3.80575136330847,1,1,"Limk2","Prg2",0.2,0.04
0.425539406797345,3.80575136330847,1,1,"Fancl","Prg2",0.2,0.04
0.425539406797345,3.80575136330847,1,1,"Pigw","Prg2",0.2,0.04
0.425539406797345,3.80575136330847,1,1,"Ikzf3","Prg2",0.2,0.04
0.425539406797345,3.80575136330847,1,1,"Rara","Prg2",0.2,0.04
0.425539406797345,3.80575136330847,1,1,"Gga3","Prg2",0.2,0.04
0.425539406797345,3.80575136330847,1,1,"Net1","Prg2",0.2,0.04
0.425539406797345,3.80575136330847,1,1,"Platr25","Prg2",0.2,0.04
0.425539406797345,3.80575136330847,1,1,"Zfp729a","Prg2",0.2,0.04
0.425539406797345,3.80575136330847,1,1,"Vcpkmt","Prg2",0.2,0.04
0.425539406797345,3.80575136330847,1,1,"Carhsp1","Prg2",0.2,0.04
0.425539406797345,3.80575136330847,1,1,"Socs1","Prg2",0.2,0.04
0.425539406797345,3.80575136330847,1,1,"Il1rap","Prg2",0.2,0.04
0.425539406797345,3.80575136330847,1,1,"Nepro","Prg2",0.2,0.04
0.425539406797345,3.80575136330847,1,1,"Uhrf1bp1","Prg2",0.2,0.04
0.425539406797345,3.80575136330847,1,1,"Vars2","Prg2",0.2,0.04
0.425539406797345,3.80575136330847,1,1,"Treml1","Prg2",0.2,0.04
0.425539406797345,3.80575136330847,1,1,"Mocs1","Prg2",0.2,0.04
0.425539406797345,3.80575136330847,1,1,"Ticam1","Prg2",0.2,0.04
0.425539406797345,3.80575136330847,1,1,"Adgre1","Prg2",0.2,0.04
-0.234317771317039,3.79150938563869,1,1,"Tram2","Prg2",0.2,0.04
-0.234317771317039,3.79150938563869,1,1,"Rgs1","Prg2",0.2,0.04
-0.234317771317039,3.79150938563869,1,1,"Usp20","Prg2",0.2,0.04
-0.234317771317039,3.79150938563869,1,1,"Ap4e1","Prg2",0.2,0.04
-0.234317771317039,3.79150938563869,1,1,"Stk35","Prg2",0.2,0.04
-0.234317771317039,3.79150938563869,1,1,"Pced1a","Prg2",0.2,0.04
-0.234317771317039,3.79150938563869,1,1,"Gins1","Prg2",0.2,0.04
-0.234317771317039,3.79150938563869,1,1,"Tab3","Prg2",0.2,0.04
-0.234317771317039,3.79150938563869,1,1,"Bclaf3","Prg2",0.2,0.04
-0.234317771317039,3.79150938563869,1,1,"Lmna","Prg2",0.2,0.04
-0.234317771317039,3.79150938563869,1,1,"Slc22a15","Prg2",0.2,0.04
-0.234317771317039,3.79150938563869,1,1,"Dbt","Prg2",0.2,0.04
-0.234317771317039,3.79150938563869,1,1,"Tifa","Prg2",0.2,0.04
-0.234317771317039,3.79150938563869,1,1,"Slc39a8","Prg2",0.2,0.04
-0.234317771317039,3.79150938563869,1,1,"Glipr2","Prg2",0.2,0.04
-0.234317771317039,3.79150938563869,1,1,"Invs","Prg2",0.2,0.04
-0.234317771317039,3.79150938563869,1,1,"Ubxn11","Prg2",0.2,0.04
-0.234317771317039,3.79150938563869,1,1,"Jakmip1","Prg2",0.2,0.04
-0.234317771317039,3.79150938563869,1,1,"Sgcb","Prg2",0.2,0.04
-0.234317771317039,3.79150938563869,1,1,"Usp12","Prg2",0.2,0.04
-0.234317771317039,3.79150938563869,1,1,"Nat8f1","Prg2",0.2,0.04
-0.234317771317039,3.79150938563869,1,1,"Isoc2b","Prg2",0.2,0.04
-0.234317771317039,3.79150938563869,1,1,"Hps5","Prg2",0.2,0.04
-0.234317771317039,3.79150938563869,1,1,"Relt","Prg2",0.2,0.04
-0.234317771317039,3.79150938563869,1,1,"Edrf1","Prg2",0.2,0.04
-0.234317771317039,3.79150938563869,1,1,"Psd3","Prg2",0.2,0.04
-0.234317771317039,3.79150938563869,1,1,"Tom1","Prg2",0.2,0.04
-0.234317771317039,3.79150938563869,1,1,"Pla2g15","Prg2",0.2,0.04
-0.234317771317039,3.79150938563869,1,1,"Atg14","Prg2",0.2,0.04
-0.234317771317039,3.79150938563869,1,1,"Spata13","Prg2",0.2,0.04
-0.234317771317039,3.79150938563869,1,1,"Qtrt1","Prg2",0.2,0.04
-0.234317771317039,3.79150938563869,1,1,"Tirap","Prg2",0.2,0.04
-0.234317771317039,3.79150938563869,1,1,"Tusc2","Prg2",0.2,0.04
-0.234317771317039,3.79150938563869,1,1,"Tcta","Prg2",0.2,0.04
-0.234317771317039,3.79150938563869,1,1,"Tns3","Prg2",0.2,0.04
-0.234317771317039,3.79150938563869,1,1,"Zswim7","Prg2",0.2,0.04
-0.234317771317039,3.79150938563869,1,1,"Cntrob","Prg2",0.2,0.04
-0.234317771317039,3.79150938563869,1,1,"Chd3os","Prg2",0.2,0.04
-0.234317771317039,3.79150938563869,1,1,"Pcgf2","Prg2",0.2,0.04
-0.234317771317039,3.79150938563869,1,1,"Jup","Prg2",0.2,0.04
-0.234317771317039,3.79150938563869,1,1,"Nkiras2","Prg2",0.2,0.04
-0.234317771317039,3.79150938563869,1,1,"Rdm1","Prg2",0.2,0.04
-0.234317771317039,3.79150938563869,1,1,"Smurf2","Prg2",0.2,0.04
-0.234317771317039,3.79150938563869,1,1,"Tmem94","Prg2",0.2,0.04
-0.234317771317039,3.79150938563869,1,1,"Hist1h2ak","Prg2",0.2,0.04
-0.234317771317039,3.79150938563869,1,1,"Jdp2","Prg2",0.2,0.04
-0.234317771317039,3.79150938563869,1,1,"Lmbrd2","Prg2",0.2,0.04
-0.234317771317039,3.79150938563869,1,1,"Hdac10","Prg2",0.2,0.04
-0.234317771317039,3.79150938563869,1,1,"Dvl3","Prg2",0.2,0.04
-0.234317771317039,3.79150938563869,1,1,"Btg3","Prg2",0.2,0.04
-0.234317771317039,3.79150938563869,1,1,"Taf8","Prg2",0.2,0.04
-0.234317771317039,3.79150938563869,1,1,"Prelid2","Prg2",0.2,0.04
-0.234317771317039,3.79150938563869,1,1,"Tut1","Prg2",0.2,0.04
-0.234317771317039,3.79150938563869,1,1,"Tmem109","Prg2",0.2,0.04
-0.231115571565704,3.41443744078848,1,1,"Eya1","Prg2",0.2,0.04
-0.231115571565704,3.41443744078848,1,1,"Slc39a10","Prg2",0.2,0.04
-0.231115571565704,3.41443744078848,1,1,"Mettl21a","Prg2",0.2,0.04
-0.231115571565704,3.41443744078848,1,1,"Arl4c","Prg2",0.2,0.04
-0.231115571565704,3.41443744078848,1,1,"D2hgdh","Prg2",0.2,0.04
-0.231115571565704,3.41443744078848,1,1,"Kif14","Prg2",0.2,0.04
-0.231115571565704,3.41443744078848,1,1,"Ccdc181","Prg2",0.2,0.04
-0.231115571565704,3.41443744078848,1,1,"A130010J15Rik","Prg2",0.2,0.04
-0.231115571565704,3.41443744078848,1,1,"Rpp38","Prg2",0.2,0.04
-0.231115571565704,3.41443744078848,1,1,"Itih5","Prg2",0.2,0.04
-0.231115571565704,3.41443744078848,1,1,"Inpp5e","Prg2",0.2,0.04
-0.231115571565704,3.41443744078848,1,1,"Miga2","Prg2",0.2,0.04
-0.231115571565704,3.41443744078848,1,1,"Harbi1","Prg2",0.2,0.04
-0.231115571565704,3.41443744078848,1,1,"Prdm11","Prg2",0.2,0.04
-0.231115571565704,3.41443744078848,1,1,"Tspyl3","Prg2",0.2,0.04
-0.231115571565704,3.41443744078848,1,1,"Cdk5rap1","Prg2",0.2,0.04
-0.231115571565704,3.41443744078848,1,1,"Ube2v1","Prg2",0.2,0.04
-0.231115571565704,3.41443744078848,1,1,"Zfp182","Prg2",0.2,0.04
-0.231115571565704,3.41443744078848,1,1,"Slc25a53","Prg2",0.2,0.04
-0.231115571565704,3.41443744078848,1,1,"Mast2","Prg2",0.2,0.04
-0.231115571565704,3.41443744078848,1,1,"Dvl1","Prg2",0.2,0.04
-0.231115571565704,3.41443744078848,1,1,"Phtf2","Prg2",0.2,0.04
-0.231115571565704,3.41443744078848,1,1,"1700096K18Rik","Prg2",0.2,0.04
-0.231115571565704,3.41443744078848,1,1,"Zfp518b","Prg2",0.2,0.04
-0.231115571565704,3.41443744078848,1,1,"Ociad2","Prg2",0.2,0.04
-0.231115571565704,3.41443744078848,1,1,"Tgfbr3","Prg2",0.2,0.04
-0.231115571565704,3.41443744078848,1,1,"Unc119b","Prg2",0.2,0.04
-0.231115571565704,3.41443744078848,1,1,"Gtf2ird2","Prg2",0.2,0.04
-0.231115571565704,3.41443744078848,1,1,"Ufsp1","Prg2",0.2,0.04
-0.231115571565704,3.41443744078848,1,1,"Zdhhc4","Prg2",0.2,0.04
-0.231115571565704,3.41443744078848,1,1,"D5Ertd605e","Prg2",0.2,0.04
-0.231115571565704,3.41443744078848,1,1,"Asns","Prg2",0.2,0.04
-0.231115571565704,3.41443744078848,1,1,"Retsat","Prg2",0.2,0.04
-0.231115571565704,3.41443744078848,1,1,"Srgap3","Prg2",0.2,0.04
-0.231115571565704,3.41443744078848,1,1,"9130221H12Rik","Prg2",0.2,0.04
-0.231115571565704,3.41443744078848,1,1,"Pak4","Prg2",0.2,0.04
-0.231115571565704,3.41443744078848,1,1,"Gm31597","Prg2",0.2,0.04
-0.231115571565704,3.41443744078848,1,1,"E030030I06Rik","Prg2",0.2,0.04
-0.231115571565704,3.41443744078848,1,1,"Mettl25","Prg2",0.2,0.04
-0.231115571565704,3.41443744078848,1,1,"Mdm1","Prg2",0.2,0.04
-0.231115571565704,3.41443744078848,1,1,"Nutf2","Prg2",0.2,0.04
-0.231115571565704,3.41443744078848,1,1,"Arv1","Prg2",0.2,0.04
-0.231115571565704,3.41443744078848,1,1,"Fam149b","Prg2",0.2,0.04
-0.231115571565704,3.41443744078848,1,1,"Oxnad1","Prg2",0.2,0.04
-0.231115571565704,3.41443744078848,1,1,"Rnf31","Prg2",0.2,0.04
-0.231115571565704,3.41443744078848,1,1,"Htr2a","Prg2",0.2,0.04
-0.231115571565704,3.41443744078848,1,1,"Ccdc122","Prg2",0.2,0.04
-0.231115571565704,3.41443744078848,1,1,"Msantd2","Prg2",0.2,0.04
-0.231115571565704,3.41443744078848,1,1,"Gm16536","Prg2",0.2,0.04
-0.231115571565704,3.41443744078848,1,1,"Bbs4","Prg2",0.2,0.04
-0.231115571565704,3.41443744078848,1,1,"Galnt10","Prg2",0.2,0.04
-0.231115571565704,3.41443744078848,1,1,"Tnfsf12","Prg2",0.2,0.04
-0.231115571565704,3.41443744078848,1,1,"Eme1","Prg2",0.2,0.04
-0.231115571565704,3.41443744078848,1,1,"Taco1os","Prg2",0.2,0.04
-0.231115571565704,3.41443744078848,1,1,"Gm32036","Prg2",0.2,0.04
-0.231115571565704,3.41443744078848,1,1,"Hist1h2bm","Prg2",0.2,0.04
-0.231115571565704,3.41443744078848,1,1,"Hist1h3c","Prg2",0.2,0.04
-0.231115571565704,3.41443744078848,1,1,"Klhl3","Prg2",0.2,0.04
-0.231115571565704,3.41443744078848,1,1,"Mipol1","Prg2",0.2,0.04
-0.231115571565704,3.41443744078848,1,1,"Snhg10","Prg2",0.2,0.04
-0.231115571565704,3.41443744078848,1,1,"Ank","Prg2",0.2,0.04
-0.231115571565704,3.41443744078848,1,1,"Top1mt","Prg2",0.2,0.04
-0.231115571565704,3.41443744078848,1,1,"Tigd5","Prg2",0.2,0.04
-0.231115571565704,3.41443744078848,1,1,"Zfp623","Prg2",0.2,0.04
-0.231115571565704,3.41443744078848,1,1,"Cbx7","Prg2",0.2,0.04
-0.231115571565704,3.41443744078848,1,1,"Mkl1","Prg2",0.2,0.04
-0.231115571565704,3.41443744078848,1,1,"Ttll1","Prg2",0.2,0.04
-0.231115571565704,3.41443744078848,1,1,"Itgb7","Prg2",0.2,0.04
-0.231115571565704,3.41443744078848,1,1,"Gm26518","Prg2",0.2,0.04
-0.231115571565704,3.41443744078848,1,1,"Fgd4","Prg2",0.2,0.04
-0.231115571565704,3.41443744078848,1,1,"Wrb","Prg2",0.2,0.04
-0.231115571565704,3.41443744078848,1,1,"Tmem241","Prg2",0.2,0.04
-0.231115571565704,3.41443744078848,1,1,"Rab27b","Prg2",0.2,0.04
-0.231115571565704,3.41443744078848,1,1,"Cbwd1","Prg2",0.2,0.04
0.169850395731479,3.90729616528379,1,1,"Cnnm3","Prg2",0.2,0.04
0.169850395731479,3.90729616528379,1,1,"Ctse","Prg2",0.2,0.04
0.169850395731479,3.90729616528379,1,1,"Atp2b4","Prg2",0.2,0.04
0.169850395731479,3.90729616528379,1,1,"Gorab","Prg2",0.2,0.04
0.169850395731479,3.90729616528379,1,1,"Sdccag8","Prg2",0.2,0.04
0.169850395731479,3.90729616528379,1,1,"Capn2","Prg2",0.2,0.04
0.169850395731479,3.90729616528379,1,1,"Enox2","Prg2",0.2,0.04
0.169850395731479,3.90729616528379,1,1,"Cd99l2","Prg2",0.2,0.04
0.169850395731479,3.90729616528379,1,1,"Atg4a","Prg2",0.2,0.04
0.169850395731479,3.90729616528379,1,1,"Prkci","Prg2",0.2,0.04
0.169850395731479,3.90729616528379,1,1,"Acad9","Prg2",0.2,0.04
0.169850395731479,3.90729616528379,1,1,"Etv3","Prg2",0.2,0.04
0.169850395731479,3.90729616528379,1,1,"Arhgef11","Prg2",0.2,0.04
0.169850395731479,3.90729616528379,1,1,"Lysmd1","Prg2",0.2,0.04
0.169850395731479,3.90729616528379,1,1,"Ptger3","Prg2",0.2,0.04
0.169850395731479,3.90729616528379,1,1,"Ift74","Prg2",0.2,0.04
0.169850395731479,3.90729616528379,1,1,"Eva1b","Prg2",0.2,0.04
0.169850395731479,3.90729616528379,1,1,"Pex10","Prg2",0.2,0.04
0.169850395731479,3.90729616528379,1,1,"Man2b2","Prg2",0.2,0.04
0.169850395731479,3.90729616528379,1,1,"Nsun5","Prg2",0.2,0.04
0.169850395731479,3.90729616528379,1,1,"6330418K02Rik","Prg2",0.2,0.04
0.169850395731479,3.90729616528379,1,1,"Gpr146","Prg2",0.2,0.04
0.169850395731479,3.90729616528379,1,1,"Umad1","Prg2",0.2,0.04
0.169850395731479,3.90729616528379,1,1,"Chn2","Prg2",0.2,0.04
0.169850395731479,3.90729616528379,1,1,"Vopp1","Prg2",0.2,0.04
0.169850395731479,3.90729616528379,1,1,"Clasrp","Prg2",0.2,0.04
0.169850395731479,3.90729616528379,1,1,"Eri2","Prg2",0.2,0.04
0.169850395731479,3.90729616528379,1,1,"Tmem159","Prg2",0.2,0.04
0.169850395731479,3.90729616528379,1,1,"Slc29a3","Prg2",0.2,0.04
0.169850395731479,3.90729616528379,1,1,"Polr3b","Prg2",0.2,0.04
0.169850395731479,3.90729616528379,1,1,"Zc3h10","Prg2",0.2,0.04
0.169850395731479,3.90729616528379,1,1,"Nat2","Prg2",0.2,0.04
0.169850395731479,3.90729616528379,1,1,"Dapk2","Prg2",0.2,0.04
0.169850395731479,3.90729616528379,1,1,"Pigb","Prg2",0.2,0.04
0.169850395731479,3.90729616528379,1,1,"Atrip","Prg2",0.2,0.04
0.169850395731479,3.90729616528379,1,1,"Myd88","Prg2",0.2,0.04
0.169850395731479,3.90729616528379,1,1,"Il4","Prg2",0.2,0.04
0.169850395731479,3.90729616528379,1,1,"Epop","Prg2",0.2,0.04
0.169850395731479,3.90729616528379,1,1,"Rnd2","Prg2",0.2,0.04
0.169850395731479,3.90729616528379,1,1,"Ccdc40","Prg2",0.2,0.04
0.169850395731479,3.90729616528379,1,1,"Lgals8","Prg2",0.2,0.04
0.169850395731479,3.90729616528379,1,1,"Hist1h2be","Prg2",0.2,0.04
0.169850395731479,3.90729616528379,1,1,"Polr3g","Prg2",0.2,0.04
0.169850395731479,3.90729616528379,1,1,"Wdr41","Prg2",0.2,0.04
0.169850395731479,3.90729616528379,1,1,"Nrde2","Prg2",0.2,0.04
0.169850395731479,3.90729616528379,1,1,"Ext1","Prg2",0.2,0.04
0.169850395731479,3.90729616528379,1,1,"Rogdi","Prg2",0.2,0.04
0.169850395731479,3.90729616528379,1,1,"Wdr53","Prg2",0.2,0.04
0.169850395731479,3.90729616528379,1,1,"Zfp943","Prg2",0.2,0.04
0.169850395731479,3.90729616528379,1,1,"Zfp318","Prg2",0.2,0.04
0.169850395731479,3.90729616528379,1,1,"Tmco6","Prg2",0.2,0.04
0.169850395731479,3.90729616528379,1,1,"Aldh7a1","Prg2",0.2,0.04
0.169850395731479,3.90729616528379,1,1,"Nedd4l","Prg2",0.2,0.04
0.169850395731479,3.90729616528379,1,1,"Nudt22","Prg2",0.2,0.04
0.129824978106072,5.10231679854313,1,1,"Rngtt","Prg2",0.2,0.04
0.129824978106072,5.10231679854313,1,1,"Naa25","Prg2",0.2,0.04
0.129824978106072,5.10231679854313,1,1,"Tpgs1","Prg2",0.2,0.04
0.129824978106072,5.10231679854313,1,1,"Ebpl","Prg2",0.2,0.04
0.129824978106072,5.10231679854313,1,1,"Tsr1","Prg2",0.2,0.04
0.129824978106072,5.10231679854313,1,1,"Msh3","Prg2",0.2,0.04
0.129824978106072,5.10231679854313,1,1,"Eipr1","Prg2",0.2,0.04
0.129824978106072,5.10231679854313,1,1,"G2e3","Prg2",0.2,0.04
0.129824978106072,5.10231679854313,1,1,"Cdca4","Prg2",0.2,0.04
0.129824978106072,5.10231679854313,1,1,"Sbf1","Prg2",0.2,0.04
0.129824978106072,5.10231679854313,1,1,"Alg10b","Prg2",0.2,0.04
0.129824978106072,5.10231679854313,1,1,"Pknox1","Prg2",0.2,0.04
0.129824978106072,5.10231679854313,1,1,"Ccny","Prg2",0.2,0.04
-0.113773578085278,4.48435174338136,1,1,"Prim2","Prg2",0.2,0.04
-0.113773578085278,4.48435174338136,1,1,"Mgst3","Prg2",0.2,0.04
-0.113773578085278,4.48435174338136,1,1,"Acbd5","Prg2",0.2,0.04
-0.113773578085278,4.48435174338136,1,1,"Tprn","Prg2",0.2,0.04
-0.113773578085278,4.48435174338136,1,1,"1110008P14Rik","Prg2",0.2,0.04
-0.113773578085278,4.48435174338136,1,1,"Plp2","Prg2",0.2,0.04
-0.113773578085278,4.48435174338136,1,1,"Ddx20","Prg2",0.2,0.04
-0.113773578085278,4.48435174338136,1,1,"Pomgnt1","Prg2",0.2,0.04
-0.113773578085278,4.48435174338136,1,1,"Kctd10","Prg2",0.2,0.04
-0.113773578085278,4.48435174338136,1,1,"Ggct","Prg2",0.2,0.04
-0.113773578085278,4.48435174338136,1,1,"Pou2f2","Prg2",0.2,0.04
-0.113773578085278,4.48435174338136,1,1,"Rnf40","Prg2",0.2,0.04
-0.113773578085278,4.48435174338136,1,1,"Pex3","Prg2",0.2,0.04
-0.113773578085278,4.48435174338136,1,1,"Trmt11","Prg2",0.2,0.04
-0.113773578085278,4.48435174338136,1,1,"Gm15915","Prg2",0.2,0.04
-0.113773578085278,4.48435174338136,1,1,"Atp23","Prg2",0.2,0.04
-0.113773578085278,4.48435174338136,1,1,"Ints9","Prg2",0.2,0.04
-0.113773578085278,4.48435174338136,1,1,"Slc39a11","Prg2",0.2,0.04
-0.113773578085278,4.48435174338136,1,1,"Zfp367","Prg2",0.2,0.04
-0.113773578085278,4.48435174338136,1,1,"Dscc1","Prg2",0.2,0.04
-0.113773578085278,4.48435174338136,1,1,"Cyb5r3","Prg2",0.2,0.04
-0.113773578085278,4.48435174338136,1,1,"Cep97","Prg2",0.2,0.04
-0.113773578085278,4.48435174338136,1,1,"Tmem50b","Prg2",0.2,0.04
-0.113773578085278,4.48435174338136,1,1,"Spsb3","Prg2",0.2,0.04
-0.113773578085278,4.48435174338136,1,1,"Zadh2","Prg2",0.2,0.04
-0.113773578085278,4.48435174338136,1,1,"Marveld1","Prg2",0.2,0.04
-0.102656852963726,5.21997874489006,1,1,"Dpm1","Prg2",0.2,0.04
-0.102656852963726,5.21997874489006,1,1,"Zfp639","Prg2",0.2,0.04
-0.102656852963726,5.21997874489006,1,1,"Wdr3","Prg2",0.2,0.04
-0.102656852963726,5.21997874489006,1,1,"Sike1","Prg2",0.2,0.04
-0.102656852963726,5.21997874489006,1,1,"Osbpl9","Prg2",0.2,0.04
-0.102656852963726,5.21997874489006,1,1,"Nup54","Prg2",0.2,0.04
-0.102656852963726,5.21997874489006,1,1,"Polb","Prg2",0.2,0.04
-0.102656852963726,5.21997874489006,1,1,"Asah1","Prg2",0.2,0.04
-0.102656852963726,5.21997874489006,1,1,"Limd1","Prg2",0.2,0.04
-0.102656852963726,5.21997874489006,1,1,"Cnp","Prg2",0.2,0.04
-0.102656852963726,5.21997874489006,1,1,"Nol11","Prg2",0.2,0.04
-0.102656852963726,5.21997874489006,1,1,"Pgs1","Prg2",0.2,0.04
-0.102656852963726,5.21997874489006,1,1,"Sgpp1","Prg2",0.2,0.04
-0.102656852963726,5.21997874489006,1,1,"Pim3","Prg2",0.2,0.04
-0.102656852963726,5.21997874489006,1,1,"Zfp263","Prg2",0.2,0.04
-0.102656852963726,5.21997874489006,1,1,"Senp2","Prg2",0.2,0.04
-0.102656852963726,5.21997874489006,1,1,"Slc29a1","Prg2",0.2,0.04
-0.102656852963726,5.21997874489006,1,1,"Foxn2","Prg2",0.2,0.04
-0.0884624348506165,5.61413993535739,1,1,"Phc2","Prg2",0.2,0.04
-0.0884624348506165,5.61413993535739,1,1,"Mettl9","Prg2",0.2,0.04
-0.0884624348506165,5.61413993535739,1,1,"Sf3a2","Prg2",0.2,0.04
-0.0884624348506165,5.61413993535739,1,1,"Ctdnep1","Prg2",0.2,0.04
-0.0884624348506165,5.61413993535739,1,1,"Gtf2a1","Prg2",0.2,0.04
-0.0874190862031297,4.26325813898675,1,1,"Lin9","Prg2",0.2,0.04
-0.0874190862031297,4.26325813898675,1,1,"Sec61a2","Prg2",0.2,0.04
-0.0874190862031297,4.26325813898675,1,1,"Usp6nl","Prg2",0.2,0.04
-0.0874190862031297,4.26325813898675,1,1,"Gtf3c5","Prg2",0.2,0.04
-0.0874190862031297,4.26325813898675,1,1,"Clp1","Prg2",0.2,0.04
-0.0874190862031297,4.26325813898675,1,1,"Elp4","Prg2",0.2,0.04
-0.0874190862031297,4.26325813898675,1,1,"Kif18a","Prg2",0.2,0.04
-0.0874190862031297,4.26325813898675,1,1,"Rmdn3","Prg2",0.2,0.04
-0.0874190862031297,4.26325813898675,1,1,"Tsr2","Prg2",0.2,0.04
-0.0874190862031297,4.26325813898675,1,1,"Odf2l","Prg2",0.2,0.04
-0.0874190862031297,4.26325813898675,1,1,"Dnajb4","Prg2",0.2,0.04
-0.0874190862031297,4.26325813898675,1,1,"Aunip","Prg2",0.2,0.04
-0.0874190862031297,4.26325813898675,1,1,"Mib2","Prg2",0.2,0.04
-0.0874190862031297,4.26325813898675,1,1,"Fastk","Prg2",0.2,0.04
-0.0874190862031297,4.26325813898675,1,1,"Adgra3","Prg2",0.2,0.04
-0.0874190862031297,4.26325813898675,1,1,"Lrrc8b","Prg2",0.2,0.04
-0.0874190862031297,4.26325813898675,1,1,"1500011B03Rik","Prg2",0.2,0.04
-0.0874190862031297,4.26325813898675,1,1,"Fbxw8","Prg2",0.2,0.04
-0.0874190862031297,4.26325813898675,1,1,"Mgam","Prg2",0.2,0.04
-0.0874190862031297,4.26325813898675,1,1,"Mbd4","Prg2",0.2,0.04
-0.0874190862031297,4.26325813898675,1,1,"Bicra","Prg2",0.2,0.04
-0.0874190862031297,4.26325813898675,1,1,"Fkrp","Prg2",0.2,0.04
-0.0874190862031297,4.26325813898675,1,1,"Ppp1r37","Prg2",0.2,0.04
-0.0874190862031297,4.26325813898675,1,1,"Fuom","Prg2",0.2,0.04
-0.0874190862031297,4.26325813898675,1,1,"Mtrf1l","Prg2",0.2,0.04
-0.0874190862031297,4.26325813898675,1,1,"Gm26740","Prg2",0.2,0.04
-0.0874190862031297,4.26325813898675,1,1,"Epb41l2","Prg2",0.2,0.04
-0.0874190862031297,4.26325813898675,1,1,"Dcp1a","Prg2",0.2,0.04
-0.0874190862031297,4.26325813898675,1,1,"Ccar2","Prg2",0.2,0.04
-0.0874190862031297,4.26325813898675,1,1,"Atg4d","Prg2",0.2,0.04
-0.0874190862031297,4.26325813898675,1,1,"Slc17a5","Prg2",0.2,0.04
-0.0874190862031297,4.26325813898675,1,1,"Gm9856","Prg2",0.2,0.04
-0.0874190862031297,4.26325813898675,1,1,"Lsm11","Prg2",0.2,0.04
-0.0874190862031297,4.26325813898675,1,1,"Neurl4","Prg2",0.2,0.04
-0.0874190862031297,4.26325813898675,1,1,"Dvl2","Prg2",0.2,0.04
-0.0874190862031297,4.26325813898675,1,1,"Zbed3","Prg2",0.2,0.04
-0.0874190862031297,4.26325813898675,1,1,"Elmsan1","Prg2",0.2,0.04
-0.0874190862031297,4.26325813898675,1,1,"Parp14","Prg2",0.2,0.04
-0.0874190862031297,4.26325813898675,1,1,"Kctd5","Prg2",0.2,0.04
-0.0874190862031297,4.26325813898675,1,1,"Hmga1","Prg2",0.2,0.04
-0.0874190862031297,4.26325813898675,1,1,"Zfp101","Prg2",0.2,0.04
-0.0874190862031297,4.26325813898675,1,1,"Cpt1a","Prg2",0.2,0.04
-0.0874190862031297,4.26325813898675,1,1,"Fads1","Prg2",0.2,0.04
-0.0874190862031297,4.26325813898675,1,1,"Klf9","Prg2",0.2,0.04
-0.0874190862031297,4.26325813898675,1,1,"Pcgf6","Prg2",0.2,0.04
0.0806234784264839,6.21055574987531,1,1,"Hibadh","Prg2",0.2,0.04
0.0806234784264839,6.21055574987531,1,1,"Far1","Prg2",0.2,0.04
0.0806234784264839,6.21055574987531,1,1,"Nxn","Prg2",0.2,0.04
0.0806234784264839,6.21055574987531,1,1,"Morc3","Prg2",0.2,0.04
0.0805468406315574,5.90881063046873,1,1,"Ckap5","Prg2",0.2,0.04
0.0805468406315574,5.90881063046873,1,1,"Camkk2","Prg2",0.2,0.04
0.0805468406315574,5.90881063046873,1,1,"Slc7a8","Prg2",0.2,0.04
-0.0801509482249463,5.92337611017661,1,1,"Patz1","Prg2",0.2,0.04
-0.0801509482249463,5.92337611017661,1,1,"Zmiz2","Prg2",0.2,0.04
-0.0801509482249463,5.92337611017661,1,1,"Hif1a","Prg2",0.2,0.04
-0.0801509482249463,5.92337611017661,1,1,"Ppp6r3","Prg2",0.2,0.04
-0.077248448165105,6.44731000270561,1,1,"Atf1","Prg2",0.2,0.04
-0.077248448165105,6.44731000270561,1,1,"Frat2","Prg2",0.2,0.04
-0.0703632263926727,4.95076596760945,1,1,"Btg2","Prg2",0.2,0.04
-0.0703632263926727,4.95076596760945,1,1,"Brox","Prg2",0.2,0.04
-0.0703632263926727,4.95076596760945,1,1,"Chp1","Prg2",0.2,0.04
-0.0703632263926727,4.95076596760945,1,1,"Polr1b","Prg2",0.2,0.04
-0.0703632263926727,4.95076596760945,1,1,"Ckap2l","Prg2",0.2,0.04
-0.0703632263926727,4.95076596760945,1,1,"Mgme1","Prg2",0.2,0.04
-0.0703632263926727,4.95076596760945,1,1,"Suv39h1","Prg2",0.2,0.04
-0.0703632263926727,4.95076596760945,1,1,"Otud6b","Prg2",0.2,0.04
-0.0703632263926727,4.95076596760945,1,1,"Wdtc1","Prg2",0.2,0.04
-0.0703632263926727,4.95076596760945,1,1,"Gpn2","Prg2",0.2,0.04
-0.0703632263926727,4.95076596760945,1,1,"Rad18","Prg2",0.2,0.04
-0.0703632263926727,4.95076596760945,1,1,"Prep","Prg2",0.2,0.04
-0.0703632263926727,4.95076596760945,1,1,"Map1s","Prg2",0.2,0.04
-0.0703632263926727,4.95076596760945,1,1,"Slc35e1","Prg2",0.2,0.04
-0.0703632263926727,4.95076596760945,1,1,"Hmgxb4","Prg2",0.2,0.04
-0.0703632263926727,4.95076596760945,1,1,"Tradd","Prg2",0.2,0.04
-0.0703632263926727,4.95076596760945,1,1,"Thap11","Prg2",0.2,0.04
-0.0703632263926727,4.95076596760945,1,1,"Kpna3","Prg2",0.2,0.04
-0.0703632263926727,4.95076596760945,1,1,"Ccdc25","Prg2",0.2,0.04
-0.0703632263926727,4.95076596760945,1,1,"Rpusd4","Prg2",0.2,0.04
-0.0703632263926727,4.95076596760945,1,1,"Mrps22","Prg2",0.2,0.04
-0.0703632263926727,4.95076596760945,1,1,"Drg2","Prg2",0.2,0.04
-0.0703632263926727,4.95076596760945,1,1,"Timm22","Prg2",0.2,0.04
-0.0703632263926727,4.95076596760945,1,1,"Fmnl1","Prg2",0.2,0.04
-0.0703632263926727,4.95076596760945,1,1,"4833439L19Rik","Prg2",0.2,0.04
-0.0703632263926727,4.95076596760945,1,1,"Vps13b","Prg2",0.2,0.04
-0.0703632263926727,4.95076596760945,1,1,"AL590144.2","Prg2",0.2,0.04
-0.0703632263926727,4.95076596760945,1,1,"Fam210a","Prg2",0.2,0.04
-0.0703632263926727,4.95076596760945,1,1,"Mxi1","Prg2",0.2,0.04
-0.0703632263926727,4.95076596760945,1,1,"Trub1","Prg2",0.2,0.04
-0.0666921432107521,6.11346912877341,1,1,"Snx17","Prg2",0.2,0.04
-0.0666921432107521,6.11346912877341,1,1,"Pes1","Prg2",0.2,0.04
-0.0666921432107521,6.11346912877341,1,1,"Pfdn1","Prg2",0.2,0.04
0.0583333442398613,6.16637282078952,1,1,"Kdm5a","Prg2",0.2,0.04
0.0583333442398613,6.16637282078952,1,1,"Trappc5","Prg2",0.2,0.04
0.0583333442398613,6.16637282078952,1,1,"Nop9","Prg2",0.2,0.04
0.0583333442398613,6.16637282078952,1,1,"Mapkapk3","Prg2",0.2,0.04
0.0582188541194611,5.6230839884196,1,1,"Rbmx","Prg2",0.2,0.04
0.0582188541194611,5.6230839884196,1,1,"Klhl5","Prg2",0.2,0.04
0.0582188541194611,5.6230839884196,1,1,"Tm2d2","Prg2",0.2,0.04
0.0582188541194611,5.6230839884196,1,1,"Cdc25a","Prg2",0.2,0.04
0.0582188541194611,5.6230839884196,1,1,"Plec","Prg2",0.2,0.04
0.0582188541194611,5.6230839884196,1,1,"Trmt2a","Prg2",0.2,0.04
0.0582188541194611,5.6230839884196,1,1,"Rnf125","Prg2",0.2,0.04
0.05787806483339,4.74214364946504,1,1,"Kansl3","Prg2",0.2,0.04
0.05787806483339,4.74214364946504,1,1,"Dab2ip","Prg2",0.2,0.04
0.05787806483339,4.74214364946504,1,1,"Zfp280c","Prg2",0.2,0.04
0.05787806483339,4.74214364946504,1,1,"Dcaf10","Prg2",0.2,0.04
0.05787806483339,4.74214364946504,1,1,"Armc10","Prg2",0.2,0.04
0.05787806483339,4.74214364946504,1,1,"Ncapg","Prg2",0.2,0.04
0.05787806483339,4.74214364946504,1,1,"Fam220a","Prg2",0.2,0.04
0.05787806483339,4.74214364946504,1,1,"Xndc1","Prg2",0.2,0.04
0.05787806483339,4.74214364946504,1,1,"Rrp8","Prg2",0.2,0.04
0.05787806483339,4.74214364946504,1,1,"AI467606","Prg2",0.2,0.04
0.05787806483339,4.74214364946504,1,1,"Msmo1","Prg2",0.2,0.04
0.05787806483339,4.74214364946504,1,1,"Dlgap5","Prg2",0.2,0.04
0.05787806483339,4.74214364946504,1,1,"Kri1","Prg2",0.2,0.04
0.05787806483339,4.74214364946504,1,1,"Naip2","Prg2",0.2,0.04
0.05787806483339,4.74214364946504,1,1,"6030458C11Rik","Prg2",0.2,0.04
0.05787806483339,4.74214364946504,1,1,"Sharpin","Prg2",0.2,0.04
0.05787806483339,4.74214364946504,1,1,"Eef2kmt","Prg2",0.2,0.04
0.05787806483339,4.74214364946504,1,1,"Dhx16","Prg2",0.2,0.04
0.05787806483339,4.74214364946504,1,1,"Rprd1a","Prg2",0.2,0.04
0.05787806483339,4.74214364946504,1,1,"Ammecr1l","Prg2",0.2,0.04
0.05787806483339,4.74214364946504,1,1,"Actr1a","Prg2",0.2,0.04
-0.0563667205374578,6.28145628395543,1,1,"Sept9","Prg2",0.2,0.04
-0.0552673414616441,6.48378561772875,1,1,"Pdcd10","Prg2",0.2,0.04
0.0524734099540469,5.85434812360802,1,1,"Tpp2","Prg2",0.2,0.04
0.0524734099540469,5.85434812360802,1,1,"Timm10","Prg2",0.2,0.04
0.0524734099540469,5.85434812360802,1,1,"Spen","Prg2",0.2,0.04
0.0524734099540469,5.85434812360802,1,1,"Bms1","Prg2",0.2,0.04
0.0524734099540469,5.85434812360802,1,1,"Yipf5","Prg2",0.2,0.04
0.0510233869135632,6.47513159370005,1,1,"Rab1a","Prg2",0.2,0.04
0.0483026760822431,6.05360491218662,1,1,"Itpa","Prg2",0.2,0.04
0.0483026760822431,6.05360491218662,1,1,"Dnajc5","Prg2",0.2,0.04
0.0483026760822431,6.05360491218662,1,1,"Stx4a","Prg2",0.2,0.04
0.0483026760822431,6.05360491218662,1,1,"Rbm7","Prg2",0.2,0.04
0.0483026760822431,6.05360491218662,1,1,"Mrpl16","Prg2",0.2,0.04
-0.0481682471466745,6.2216054133344,1,1,"Dync1i2","Prg2",0.2,0.04
-0.0481682471466745,6.2216054133344,1,1,"Zc3h18","Prg2",0.2,0.04
0.0480971009611141,5.14273366039035,1,1,"Srgap2","Prg2",0.2,0.04
0.0480971009611141,5.14273366039035,1,1,"Knl1","Prg2",0.2,0.04
0.0480971009611141,5.14273366039035,1,1,"Zfyve19","Prg2",0.2,0.04
0.0480971009611141,5.14273366039035,1,1,"Lxn","Prg2",0.2,0.04
0.0480971009611141,5.14273366039035,1,1,"Fnbp1l","Prg2",0.2,0.04
0.0480971009611141,5.14273366039035,1,1,"Akt1s1","Prg2",0.2,0.04
0.0480971009611141,5.14273366039035,1,1,"D10Wsu102e","Prg2",0.2,0.04
0.0480971009611141,5.14273366039035,1,1,"Ap1g1","Prg2",0.2,0.04
0.0480971009611141,5.14273366039035,1,1,"Lonp1","Prg2",0.2,0.04
-0.0479863555701424,5.3028389607447,1,1,"Desi2","Prg2",0.2,0.04
-0.0479863555701424,5.3028389607447,1,1,"Chfr","Prg2",0.2,0.04
-0.0479863555701424,5.3028389607447,1,1,"Trim56","Prg2",0.2,0.04
-0.0479863555701424,5.3028389607447,1,1,"Zfp398","Prg2",0.2,0.04
-0.0479863555701424,5.3028389607447,1,1,"Shmt2","Prg2",0.2,0.04
-0.0479863555701424,5.3028389607447,1,1,"Ccdc124","Prg2",0.2,0.04
-0.0479863555701424,5.3028389607447,1,1,"Tmem55b","Prg2",0.2,0.04
-0.0479863555701424,5.3028389607447,1,1,"Casp1","Prg2",0.2,0.04
-0.0479863555701424,5.3028389607447,1,1,"Dpagt1","Prg2",0.2,0.04
-0.0479863555701424,5.3028389607447,1,1,"Pwwp2a","Prg2",0.2,0.04
-0.0479863555701424,5.3028389607447,1,1,"Tex2","Prg2",0.2,0.04
-0.0479863555701424,5.3028389607447,1,1,"Dcaf13","Prg2",0.2,0.04
-0.0479863555701424,5.3028389607447,1,1,"Abcc5","Prg2",0.2,0.04
-0.0479863555701424,5.3028389607447,1,1,"Fyttd1","Prg2",0.2,0.04
-0.0479863555701424,5.3028389607447,1,1,"Gtpbp2","Prg2",0.2,0.04
-0.0472723231448553,4.0016575047932,1,1,"Dyrk3","Prg2",0.2,0.04
-0.0472723231448553,4.0016575047932,1,1,"Dedd","Prg2",0.2,0.04
-0.0472723231448553,4.0016575047932,1,1,"Dusp19","Prg2",0.2,0.04
-0.0472723231448553,4.0016575047932,1,1,"Bahd1","Prg2",0.2,0.04
-0.0472723231448553,4.0016575047932,1,1,"BC029722","Prg2",0.2,0.04
-0.0472723231448553,4.0016575047932,1,1,"Gpkow","Prg2",0.2,0.04
-0.0472723231448553,4.0016575047932,1,1,"Rpgr","Prg2",0.2,0.04
-0.0472723231448553,4.0016575047932,1,1,"Armcx5","Prg2",0.2,0.04
-0.0472723231448553,4.0016575047932,1,1,"Ubap1","Prg2",0.2,0.04
-0.0472723231448553,4.0016575047932,1,1,"Tbc1d2","Prg2",0.2,0.04
-0.0472723231448553,4.0016575047932,1,1,"Dennd4c","Prg2",0.2,0.04
-0.0472723231448553,4.0016575047932,1,1,"Pxmp2","Prg2",0.2,0.04
-0.0472723231448553,4.0016575047932,1,1,"Hps4","Prg2",0.2,0.04
-0.0472723231448553,4.0016575047932,1,1,"Alkbh4","Prg2",0.2,0.04
-0.0472723231448553,4.0016575047932,1,1,"Tfec","Prg2",0.2,0.04
-0.0472723231448553,4.0016575047932,1,1,"Pcgf1","Prg2",0.2,0.04
-0.0472723231448553,4.0016575047932,1,1,"Klhl42","Prg2",0.2,0.04
-0.0472723231448553,4.0016575047932,1,1,"Zfp324","Prg2",0.2,0.04
-0.0472723231448553,4.0016575047932,1,1,"Zfp626","Prg2",0.2,0.04
-0.0472723231448553,4.0016575047932,1,1,"Zfp568","Prg2",0.2,0.04
-0.0472723231448553,4.0016575047932,1,1,"Dbp","Prg2",0.2,0.04
-0.0472723231448553,4.0016575047932,1,1,"Usp31","Prg2",0.2,0.04
-0.0472723231448553,4.0016575047932,1,1,"1600002K03Rik","Prg2",0.2,0.04
-0.0472723231448553,4.0016575047932,1,1,"Apba3","Prg2",0.2,0.04
-0.0472723231448553,4.0016575047932,1,1,"Mcph1","Prg2",0.2,0.04
-0.0472723231448553,4.0016575047932,1,1,"Brf2","Prg2",0.2,0.04
-0.0472723231448553,4.0016575047932,1,1,"Zfp1","Prg2",0.2,0.04
-0.0472723231448553,4.0016575047932,1,1,"Rft1","Prg2",0.2,0.04
-0.0472723231448553,4.0016575047932,1,1,"Fbxo34","Prg2",0.2,0.04
-0.0472723231448553,4.0016575047932,1,1,"Kif13b","Prg2",0.2,0.04
-0.0472723231448553,4.0016575047932,1,1,"Clybl","Prg2",0.2,0.04
-0.0472723231448553,4.0016575047932,1,1,"Dync2h1","Prg2",0.2,0.04
-0.0472723231448553,4.0016575047932,1,1,"Leo1","Prg2",0.2,0.04
-0.0472723231448553,4.0016575047932,1,1,"Traip","Prg2",0.2,0.04
-0.0472723231448553,4.0016575047932,1,1,"Flcn","Prg2",0.2,0.04
-0.0472723231448553,4.0016575047932,1,1,"Akap1","Prg2",0.2,0.04
-0.0472723231448553,4.0016575047932,1,1,"Zscan12","Prg2",0.2,0.04
-0.0472723231448553,4.0016575047932,1,1,"Rfesd","Prg2",0.2,0.04
-0.0472723231448553,4.0016575047932,1,1,"Poc5","Prg2",0.2,0.04
-0.0472723231448553,4.0016575047932,1,1,"Acot2","Prg2",0.2,0.04
-0.0472723231448553,4.0016575047932,1,1,"Trio","Prg2",0.2,0.04
-0.0472723231448553,4.0016575047932,1,1,"Rnf19a","Prg2",0.2,0.04
-0.0472723231448553,4.0016575047932,1,1,"Chkb","Prg2",0.2,0.04
-0.0472723231448553,4.0016575047932,1,1,"Bcdin3d","Prg2",0.2,0.04
-0.0472723231448553,4.0016575047932,1,1,"Calcoco1","Prg2",0.2,0.04
-0.0472723231448553,4.0016575047932,1,1,"Mgrn1","Prg2",0.2,0.04
-0.0472723231448553,4.0016575047932,1,1,"Lclat1","Prg2",0.2,0.04
-0.0472723231448553,4.0016575047932,1,1,"Pacs1","Prg2",0.2,0.04
-0.0472723231448553,4.0016575047932,1,1,"Sufu","Prg2",0.2,0.04
0.0426527962907058,6.38472748018751,1,1,"Casp8ap2","Prg2",0.2,0.04
0.0425101876449274,5.45593367023031,1,1,"Rabepk","Prg2",0.2,0.04
0.0425101876449274,5.45593367023031,1,1,"Znhit6","Prg2",0.2,0.04
0.0425101876449274,5.45593367023031,1,1,"Pxn","Prg2",0.2,0.04
0.0425101876449274,5.45593367023031,1,1,"Fam136a","Prg2",0.2,0.04
0.0425101876449274,5.45593367023031,1,1,"Fbrs","Prg2",0.2,0.04
0.0425101876449274,5.45593367023031,1,1,"2310033P09Rik","Prg2",0.2,0.04
0.0425101876449274,5.45593367023031,1,1,"Crk","Prg2",0.2,0.04
0.0425101876449274,5.45593367023031,1,1,"Gosr2","Prg2",0.2,0.04
0.0425101876449274,5.45593367023031,1,1,"Ranbp9","Prg2",0.2,0.04
0.0425101876449274,5.45593367023031,1,1,"Fam91a1","Prg2",0.2,0.04
-0.0423402275010829,6.73614392323389,1,1,"Hook3","Prg2",0.2,0.04
-0.0405604068885833,6.37815234378758,1,1,"Ptov1","Prg2",0.2,0.04
-0.0392065929862079,6.15913982976078,1,1,"Gna12","Prg2",0.2,0.04
-0.0392065929862079,6.15913982976078,1,1,"Tsfm","Prg2",0.2,0.04
-0.0392065929862079,6.15913982976078,1,1,"Cfap20","Prg2",0.2,0.04
0.039039266457976,7.2186287740595,1,1,"Tmem147","Prg2",0.2,0.04
-0.0372833414503907,5.90077283654225,1,1,"Dock11","Prg2",0.2,0.04
-0.0372833414503907,5.90077283654225,1,1,"Fmr1","Prg2",0.2,0.04
-0.0372833414503907,5.90077283654225,1,1,"Emc8","Prg2",0.2,0.04
0.0363663753706756,5.93133564572148,1,1,"AI314180","Prg2",0.2,0.04
0.0363663753706756,5.93133564572148,1,1,"Tnrc6a","Prg2",0.2,0.04
0.0363663753706756,5.93133564572148,1,1,"Ube2g2","Prg2",0.2,0.04
0.0363663753706756,5.93133564572148,1,1,"Tcf3","Prg2",0.2,0.04
0.0363663753706756,5.93133564572148,1,1,"Med13","Prg2",0.2,0.04
0.0363663753706756,5.93133564572148,1,1,"Gsk3b","Prg2",0.2,0.04
-0.0356110364534969,7.20107805838653,1,1,"Rnf130","Prg2",0.2,0.04
0.0344968838830251,6.12083829933832,1,1,"Hipk2","Prg2",0.2,0.04
-0.0343356949441986,5.58573010860488,1,1,"Arl6ip6","Prg2",0.2,0.04
-0.0343356949441986,5.58573010860488,1,1,"4932438A13Rik","Prg2",0.2,0.04
-0.0343356949441986,5.58573010860488,1,1,"Sh3glb1","Prg2",0.2,0.04
-0.0343356949441986,5.58573010860488,1,1,"Cap1","Prg2",0.2,0.04
-0.0343356949441986,5.58573010860488,1,1,"Josd2","Prg2",0.2,0.04
-0.0343356949441986,5.58573010860488,1,1,"Eea1","Prg2",0.2,0.04
-0.0343356949441986,5.58573010860488,1,1,"Rpp14","Prg2",0.2,0.04
-0.0343356949441986,5.58573010860488,1,1,"Thra","Prg2",0.2,0.04
-0.0343356949441986,5.58573010860488,1,1,"Ppp2r3c","Prg2",0.2,0.04
-0.0343356949441986,5.58573010860488,1,1,"Eif2b2","Prg2",0.2,0.04
0.0330589274053359,6.28831646222386,1,1,"Gapvd1","Prg2",0.2,0.04
0.0330589274053359,6.28831646222386,1,1,"Nfe2l2","Prg2",0.2,0.04
0.0330589274053359,6.28831646222386,1,1,"Asap1","Prg2",0.2,0.04
-0.0322959230824704,6.32225851484735,1,1,"Hadha","Prg2",0.2,0.04
0.0319185490573981,6.43836055258569,1,1,"Ccdc34","Prg2",0.2,0.04
0.0309920369031778,6.57426036130938,1,1,"Denr","Prg2",0.2,0.04
0.0309920369031778,6.57426036130938,1,1,"Snd1","Prg2",0.2,0.04
0.0309920369031778,6.57426036130938,1,1,"Klf13","Prg2",0.2,0.04
0.0309920369031778,6.57426036130938,1,1,"Spc24","Prg2",0.2,0.04
0.0309920369031778,6.57426036130938,1,1,"BC031181","Prg2",0.2,0.04
0.0295779645274238,6.8127998849519,1,1,"Mrpl15","Prg2",0.2,0.04
-0.029431015716948,7.04741876226078,1,1,"Ankrd11","Prg2",0.2,0.04
-0.0293697914692728,6.09381963000194,1,1,"Casp8","Prg2",0.2,0.04
-0.0293697914692728,6.09381963000194,1,1,"Emilin1","Prg2",0.2,0.04
-0.0293697914692728,6.09381963000194,1,1,"Samsn1","Prg2",0.2,0.04
-0.0292481040089484,5.18193020020621,1,1,"Ubr1","Prg2",0.2,0.04
-0.0292481040089484,5.18193020020621,1,1,"Osbpl2","Prg2",0.2,0.04
-0.0292481040089484,5.18193020020621,1,1,"Ccna2","Prg2",0.2,0.04
-0.0292481040089484,5.18193020020621,1,1,"Cyp51","Prg2",0.2,0.04
-0.0292481040089484,5.18193020020621,1,1,"Pus1","Prg2",0.2,0.04
-0.0292481040089484,5.18193020020621,1,1,"Mphosph9","Prg2",0.2,0.04
-0.0292481040089484,5.18193020020621,1,1,"Ap3d1","Prg2",0.2,0.04
-0.0292481040089484,5.18193020020621,1,1,"Thap2","Prg2",0.2,0.04
-0.0292481040089484,5.18193020020621,1,1,"Coa6","Prg2",0.2,0.04
-0.0292481040089484,5.18193020020621,1,1,"Pde4a","Prg2",0.2,0.04
-0.0292481040089484,5.18193020020621,1,1,"Med9","Prg2",0.2,0.04
-0.0292481040089484,5.18193020020621,1,1,"Mmgt2","Prg2",0.2,0.04
-0.0292481040089484,5.18193020020621,1,1,"Arrb2","Prg2",0.2,0.04
-0.0292481040089484,5.18193020020621,1,1,"Faf2","Prg2",0.2,0.04
-0.0275296622995946,6.91364659336635,1,1,"Mns1","Prg2",0.2,0.04
-0.0267868192834353,6.46881899033603,1,1,"Qk","Prg2",0.2,0.04
-0.0233621293311196,7.22299229698753,1,1,"Cd24a","Prg2",0.2,0.04
-0.0233621293311196,7.22299229698753,1,1,"Ctcf","Prg2",0.2,0.04
-0.0233192507593498,6.26409041915675,1,1,"Uba1","Prg2",0.2,0.04
-0.0233192507593498,6.26409041915675,1,1,"Nudt19","Prg2",0.2,0.04
-0.0233192507593498,6.26409041915675,1,1,"Ilk","Prg2",0.2,0.04
-0.0233192507593498,6.26409041915675,1,1,"Stk24","Prg2",0.2,0.04
-0.0233192507593498,6.26409041915675,1,1,"Rps6kb1","Prg2",0.2,0.04
-0.0233192507593498,6.26409041915675,1,1,"Slc25a39","Prg2",0.2,0.04
-0.0233192507593498,6.26409041915675,1,1,"Cdc37l1","Prg2",0.2,0.04
-0.0222921264551039,6.60187333598789,1,1,"Sms","Prg2",0.2,0.04
-0.0222921264551039,6.60187333598789,1,1,"Ube2k","Prg2",0.2,0.04
0.0220113998006195,7.82618041868273,1,1,"Srp14","Prg2",0.2,0.04
0.0219754946866594,6.62135837414513,1,1,"Xrn2","Prg2",0.2,0.04
0.0219754946866594,6.62135837414513,1,1,"Rab18","Prg2",0.2,0.04
0.021969283041993,6.49005171609983,1,1,"Tmem30a","Prg2",0.2,0.04
0.0219616957991211,6.3455913087784,1,1,"Pdrg1","Prg2",0.2,0.04
0.0219522191121077,6.18504595081535,1,1,"Npepl1","Prg2",0.2,0.04
0.0219522191121077,6.18504595081535,1,1,"Sf3b4","Prg2",0.2,0.04
0.0219522191121077,6.18504595081535,1,1,"Utp3","Prg2",0.2,0.04
0.0219522191121077,6.18504595081535,1,1,"Knop1","Prg2",0.2,0.04
0.0219522191121077,6.18504595081535,1,1,"Pak1ip1","Prg2",0.2,0.04
0.0219400468112852,6.00438045212914,1,1,"Gigyf2","Prg2",0.2,0.04
0.0219400468112852,6.00438045212914,1,1,"Glrx2","Prg2",0.2,0.04
0.0219400468112852,6.00438045212914,1,1,"Rtf2","Prg2",0.2,0.04
0.0219400468112852,6.00438045212914,1,1,"1110038F14Rik","Prg2",0.2,0.04
0.0219238380599642,5.79782057162647,1,1,"Sp3","Prg2",0.2,0.04
0.0219238380599642,5.79782057162647,1,1,"Txlna","Prg2",0.2,0.04
0.0219238380599642,5.79782057162647,1,1,"Tmem248","Prg2",0.2,0.04
0.0219238380599642,5.79782057162647,1,1,"Mta1","Prg2",0.2,0.04
0.021811043941877,4.9042608683168,1,1,"Phpt1","Prg2",0.2,0.04
0.021811043941877,4.9042608683168,1,1,"Orc4","Prg2",0.2,0.04
0.021811043941877,4.9042608683168,1,1,"Dnajc24","Prg2",0.2,0.04
0.021811043941877,4.9042608683168,1,1,"Prpf6","Prg2",0.2,0.04
0.021811043941877,4.9042608683168,1,1,"Cdk16","Prg2",0.2,0.04
0.021811043941877,4.9042608683168,1,1,"Cd1d1","Prg2",0.2,0.04
0.021811043941877,4.9042608683168,1,1,"Sort1","Prg2",0.2,0.04
0.021811043941877,4.9042608683168,1,1,"Ints11","Prg2",0.2,0.04
0.021811043941877,4.9042608683168,1,1,"Asl","Prg2",0.2,0.04
0.021811043941877,4.9042608683168,1,1,"Eif2ak1","Prg2",0.2,0.04
0.021811043941877,4.9042608683168,1,1,"Hspbp1","Prg2",0.2,0.04
0.021811043941877,4.9042608683168,1,1,"Zc3h4","Prg2",0.2,0.04
0.021811043941877,4.9042608683168,1,1,"Tbc1d17","Prg2",0.2,0.04
0.021811043941877,4.9042608683168,1,1,"Reep3","Prg2",0.2,0.04
0.021811043941877,4.9042608683168,1,1,"Gna15","Prg2",0.2,0.04
0.021811043941877,4.9042608683168,1,1,"Lyz2","Prg2",0.2,0.04
0.021811043941877,4.9042608683168,1,1,"Rbpms","Prg2",0.2,0.04
0.021811043941877,4.9042608683168,1,1,"Snx20","Prg2",0.2,0.04
0.021811043941877,4.9042608683168,1,1,"Terf2ip","Prg2",0.2,0.04
0.021811043941877,4.9042608683168,1,1,"Ccng1","Prg2",0.2,0.04
0.021811043941877,4.9042608683168,1,1,"H2-DMb1","Prg2",0.2,0.04
0.021811043941877,4.9042608683168,1,1,"Med20","Prg2",0.2,0.04
0.021811043941877,4.9042608683168,1,1,"Fra10ac1","Prg2",0.2,0.04
0.0216994045150183,4.418595046537,1,1,"Ankrd39","Prg2",0.2,0.04
0.0216994045150183,4.418595046537,1,1,"Diexf","Prg2",0.2,0.04
0.0216994045150183,4.418595046537,1,1,"Wdr34","Prg2",0.2,0.04
0.0216994045150183,4.418595046537,1,1,"Aven","Prg2",0.2,0.04
0.0216994045150183,4.418595046537,1,1,"Rpap1","Prg2",0.2,0.04
0.0216994045150183,4.418595046537,1,1,"Ftsj1","Prg2",0.2,0.04
0.0216994045150183,4.418595046537,1,1,"Fam122b","Prg2",0.2,0.04
0.0216994045150183,4.418595046537,1,1,"Mtm1","Prg2",0.2,0.04
0.0216994045150183,4.418595046537,1,1,"Mospd2","Prg2",0.2,0.04
0.0216994045150183,4.418595046537,1,1,"Sh3d19","Prg2",0.2,0.04
0.0216994045150183,4.418595046537,1,1,"Slc4a1ap","Prg2",0.2,0.04
0.0216994045150183,4.418595046537,1,1,"Dok1","Prg2",0.2,0.04
0.0216994045150183,4.418595046537,1,1,"Tprkb","Prg2",0.2,0.04
0.0216994045150183,4.418595046537,1,1,"Chchd6","Prg2",0.2,0.04
0.0216994045150183,4.418595046537,1,1,"Borcs5","Prg2",0.2,0.04
0.0216994045150183,4.418595046537,1,1,"Gab2","Prg2",0.2,0.04
0.0216994045150183,4.418595046537,1,1,"Fam207a","Prg2",0.2,0.04
0.0216994045150183,4.418595046537,1,1,"1810043G02Rik","Prg2",0.2,0.04
0.0216994045150183,4.418595046537,1,1,"Rnf170","Prg2",0.2,0.04
0.0216994045150183,4.418595046537,1,1,"Fanca","Prg2",0.2,0.04
0.0216994045150183,4.418595046537,1,1,"Bap1","Prg2",0.2,0.04
0.0216994045150183,4.418595046537,1,1,"Tspan14","Prg2",0.2,0.04
0.0216994045150183,4.418595046537,1,1,"Phykpl","Prg2",0.2,0.04
0.0216994045150183,4.418595046537,1,1,"Irf1","Prg2",0.2,0.04
0.0216994045150183,4.418595046537,1,1,"Elac2","Prg2",0.2,0.04
0.0216994045150183,4.418595046537,1,1,"Hlf","Prg2",0.2,0.04
0.0216994045150183,4.418595046537,1,1,"Tmc6","Prg2",0.2,0.04
0.0216994045150183,4.418595046537,1,1,"Ercc8","Prg2",0.2,0.04
0.0216994045150183,4.418595046537,1,1,"Tbccd1","Prg2",0.2,0.04
0.0216994045150183,4.418595046537,1,1,"Tnk2","Prg2",0.2,0.04
0.0216994045150183,4.418595046537,1,1,"Capn15","Prg2",0.2,0.04
0.0216994045150183,4.418595046537,1,1,"Zfp414","Prg2",0.2,0.04
0.0216994045150183,4.418595046537,1,1,"Nfkbil1","Prg2",0.2,0.04
0.0216994045150183,4.418595046537,1,1,"Zdhhc24","Prg2",0.2,0.04
0.0216994045150183,4.418595046537,1,1,"Btrc","Prg2",0.2,0.04
0.0213712397488273,3.68132068865677,1,1,"Rdh10","Prg2",0.2,0.04
0.0213712397488273,3.68132068865677,1,1,"Kifap3","Prg2",0.2,0.04
0.0213712397488273,3.68132068865677,1,1,"Sh2d3c","Prg2",0.2,0.04
0.0213712397488273,3.68132068865677,1,1,"Ldlrad3","Prg2",0.2,0.04
0.0213712397488273,3.68132068865677,1,1,"Ttbk2","Prg2",0.2,0.04
0.0213712397488273,3.68132068865677,1,1,"Casc4","Prg2",0.2,0.04
0.0213712397488273,3.68132068865677,1,1,"Mtcp1","Prg2",0.2,0.04
0.0213712397488273,3.68132068865677,1,1,"Tspan6","Prg2",0.2,0.04
0.0213712397488273,3.68132068865677,1,1,"Tbc1d8b","Prg2",0.2,0.04
0.0213712397488273,3.68132068865677,1,1,"Mageh1","Prg2",0.2,0.04
0.0213712397488273,3.68132068865677,1,1,"Zfp189","Prg2",0.2,0.04
0.0213712397488273,3.68132068865677,1,1,"Ccdc171","Prg2",0.2,0.04
0.0213712397488273,3.68132068865677,1,1,"Slc2a1","Prg2",0.2,0.04
0.0213712397488273,3.68132068865677,1,1,"Stk40","Prg2",0.2,0.04
0.0213712397488273,3.68132068865677,1,1,"Slc35f6","Prg2",0.2,0.04
0.0213712397488273,3.68132068865677,1,1,"Zfp513","Prg2",0.2,0.04
0.0213712397488273,3.68132068865677,1,1,"Evi5","Prg2",0.2,0.04
0.0213712397488273,3.68132068865677,1,1,"Tchp","Prg2",0.2,0.04
0.0213712397488273,3.68132068865677,1,1,"Ptcd1","Prg2",0.2,0.04
0.0213712397488273,3.68132068865677,1,1,"Slc25a26","Prg2",0.2,0.04
0.0213712397488273,3.68132068865677,1,1,"Clec4d","Prg2",0.2,0.04
0.0213712397488273,3.68132068865677,1,1,"Fbxo46","Prg2",0.2,0.04
0.0213712397488273,3.68132068865677,1,1,"Zfp114","Prg2",0.2,0.04
0.0213712397488273,3.68132068865677,1,1,"2310022A10Rik","Prg2",0.2,0.04
0.0213712397488273,3.68132068865677,1,1,"Kcnk6","Prg2",0.2,0.04
0.0213712397488273,3.68132068865677,1,1,"Arhgap33","Prg2",0.2,0.04
0.0213712397488273,3.68132068865677,1,1,"Proser3","Prg2",0.2,0.04
0.0213712397488273,3.68132068865677,1,1,"Kcne3","Prg2",0.2,0.04
0.0213712397488273,3.68132068865677,1,1,"Cars","Prg2",0.2,0.04
0.0213712397488273,3.68132068865677,1,1,"Dhcr7","Prg2",0.2,0.04
0.0213712397488273,3.68132068865677,1,1,"Hace1","Prg2",0.2,0.04
0.0213712397488273,3.68132068865677,1,1,"Zfp280b","Prg2",0.2,0.04
0.0213712397488273,3.68132068865677,1,1,"Nr2c1","Prg2",0.2,0.04
0.0213712397488273,3.68132068865677,1,1,"4930430F08Rik","Prg2",0.2,0.04
0.0213712397488273,3.68132068865677,1,1,"Homer3","Prg2",0.2,0.04
0.0213712397488273,3.68132068865677,1,1,"Crtc1","Prg2",0.2,0.04
0.0213712397488273,3.68132068865677,1,1,"Cmtm4","Prg2",0.2,0.04
0.0213712397488273,3.68132068865677,1,1,"Vps9d1","Prg2",0.2,0.04
0.0213712397488273,3.68132068865677,1,1,"Zfp276","Prg2",0.2,0.04
0.0213712397488273,3.68132068865677,1,1,"Oxsm","Prg2",0.2,0.04
0.0213712397488273,3.68132068865677,1,1,"Cdh24","Prg2",0.2,0.04
0.0213712397488273,3.68132068865677,1,1,"Tinf2","Prg2",0.2,0.04
0.0213712397488273,3.68132068865677,1,1,"Sesn3","Prg2",0.2,0.04
0.0213712397488273,3.68132068865677,1,1,"Hinfp","Prg2",0.2,0.04
0.0213712397488273,3.68132068865677,1,1,"Kdelc2","Prg2",0.2,0.04
0.0213712397488273,3.68132068865677,1,1,"Snupn","Prg2",0.2,0.04
0.0213712397488273,3.68132068865677,1,1,"Ip6k2","Prg2",0.2,0.04
0.0213712397488273,3.68132068865677,1,1,"Ankrd13b","Prg2",0.2,0.04
0.0213712397488273,3.68132068865677,1,1,"Ypel2","Prg2",0.2,0.04
0.0213712397488273,3.68132068865677,1,1,"Retreg3","Prg2",0.2,0.04
0.0213712397488273,3.68132068865677,1,1,"Cep95","Prg2",0.2,0.04
0.0213712397488273,3.68132068865677,1,1,"Tepsin","Prg2",0.2,0.04
0.0213712397488273,3.68132068865677,1,1,"Zfp184","Prg2",0.2,0.04
0.0213712397488273,3.68132068865677,1,1,"Fbxw17","Prg2",0.2,0.04
0.0213712397488273,3.68132068865677,1,1,"Lpcat1","Prg2",0.2,0.04
0.0213712397488273,3.68132068865677,1,1,"Ell2","Prg2",0.2,0.04
0.0213712397488273,3.68132068865677,1,1,"Arsk","Prg2",0.2,0.04
0.0213712397488273,3.68132068865677,1,1,"Tmem161b","Prg2",0.2,0.04
0.0213712397488273,3.68132068865677,1,1,"Scamp1","Prg2",0.2,0.04
0.0213712397488273,3.68132068865677,1,1,"Ncoa1","Prg2",0.2,0.04
0.0213712397488273,3.68132068865677,1,1,"Gdap10","Prg2",0.2,0.04
0.0213712397488273,3.68132068865677,1,1,"Gpr65","Prg2",0.2,0.04
0.0213712397488273,3.68132068865677,1,1,"Ndrg1","Prg2",0.2,0.04
0.0213712397488273,3.68132068865677,1,1,"Ttc38","Prg2",0.2,0.04
0.0213712397488273,3.68132068865677,1,1,"Pfkm","Prg2",0.2,0.04
0.0213712397488273,3.68132068865677,1,1,"Spryd3","Prg2",0.2,0.04
0.0213712397488273,3.68132068865677,1,1,"Snap29","Prg2",0.2,0.04
0.0213712397488273,3.68132068865677,1,1,"Parp9","Prg2",0.2,0.04
0.0213712397488273,3.68132068865677,1,1,"Arl13b","Prg2",0.2,0.04
0.0213712397488273,3.68132068865677,1,1,"Hlcs","Prg2",0.2,0.04
0.0213712397488273,3.68132068865677,1,1,"Zbtb21","Prg2",0.2,0.04
0.0213712397488273,3.68132068865677,1,1,"Col11a2","Prg2",0.2,0.04
0.0213712397488273,3.68132068865677,1,1,"Ighmbp2","Prg2",0.2,0.04
-0.0184823800477906,5.48719168233521,1,1,"Kin","Prg2",0.2,0.04
-0.0184823800477906,5.48719168233521,1,1,"Fbxw2","Prg2",0.2,0.04
-0.0184823800477906,5.48719168233521,1,1,"Rprd1b","Prg2",0.2,0.04
-0.0184823800477906,5.48719168233521,1,1,"Pom121","Prg2",0.2,0.04
-0.0184823800477906,5.48719168233521,1,1,"Usp39","Prg2",0.2,0.04
-0.0184823800477906,5.48719168233521,1,1,"C2cd5","Prg2",0.2,0.04
-0.0184823800477906,5.48719168233521,1,1,"Gatd1","Prg2",0.2,0.04
-0.0184823800477906,5.48719168233521,1,1,"Derl2","Prg2",0.2,0.04
-0.0184823800477906,5.48719168233521,1,1,"Mrpl27","Prg2",0.2,0.04
-0.0184823800477906,5.48719168233521,1,1,"Ppp1r9b","Prg2",0.2,0.04
-0.0184823800477906,5.48719168233521,1,1,"Phb","Prg2",0.2,0.04
-0.0184823800477906,5.48719168233521,1,1,"Dhfr","Prg2",0.2,0.04
-0.0184823800477906,5.48719168233521,1,1,"Cd320","Prg2",0.2,0.04
-0.0183621649412407,4.61881674377536,1,1,"Cyp20a1","Prg2",0.2,0.04
-0.0183621649412407,4.61881674377536,1,1,"Scly","Prg2",0.2,0.04
-0.0183621649412407,4.61881674377536,1,1,"Vps18","Prg2",0.2,0.04
-0.0183621649412407,4.61881674377536,1,1,"Stau1","Prg2",0.2,0.04
-0.0183621649412407,4.61881674377536,1,1,"Brwd3","Prg2",0.2,0.04
-0.0183621649412407,4.61881674377536,1,1,"Tgfbr1","Prg2",0.2,0.04
-0.0183621649412407,4.61881674377536,1,1,"Slc4a2","Prg2",0.2,0.04
-0.0183621649412407,4.61881674377536,1,1,"D5Ertd579e","Prg2",0.2,0.04
-0.0183621649412407,4.61881674377536,1,1,"Cpsf4","Prg2",0.2,0.04
-0.0183621649412407,4.61881674377536,1,1,"Nup205","Prg2",0.2,0.04
-0.0183621649412407,4.61881674377536,1,1,"Kdm7a","Prg2",0.2,0.04
-0.0183621649412407,4.61881674377536,1,1,"Uba3","Prg2",0.2,0.04
-0.0183621649412407,4.61881674377536,1,1,"Grcc10","Prg2",0.2,0.04
-0.0183621649412407,4.61881674377536,1,1,"Clcn4","Prg2",0.2,0.04
-0.0183621649412407,4.61881674377536,1,1,"Htatip2","Prg2",0.2,0.04
-0.0183621649412407,4.61881674377536,1,1,"Foxo3","Prg2",0.2,0.04
-0.0183621649412407,4.61881674377536,1,1,"P4ha1","Prg2",0.2,0.04
-0.0183621649412407,4.61881674377536,1,1,"Btbd2","Prg2",0.2,0.04
-0.0183621649412407,4.61881674377536,1,1,"Fzr1","Prg2",0.2,0.04
-0.0183621649412407,4.61881674377536,1,1,"Mars","Prg2",0.2,0.04
-0.0183621649412407,4.61881674377536,1,1,"Pym1","Prg2",0.2,0.04
-0.0183621649412407,4.61881674377536,1,1,"Micu2","Prg2",0.2,0.04
-0.0183621649412407,4.61881674377536,1,1,"Tsc22d1","Prg2",0.2,0.04
-0.0183621649412407,4.61881674377536,1,1,"Vps11","Prg2",0.2,0.04
-0.0183621649412407,4.61881674377536,1,1,"Stard3","Prg2",0.2,0.04
-0.0183621649412407,4.61881674377536,1,1,"Hist1h3d","Prg2",0.2,0.04
-0.0183621649412407,4.61881674377536,1,1,"Fbxl17","Prg2",0.2,0.04
-0.0183621649412407,4.61881674377536,1,1,"Pik3c3","Prg2",0.2,0.04
-0.0183621649412407,4.61881674377536,1,1,"Cfap43","Prg2",0.2,0.04
0.0180674936461157,7.73444631412011,1,1,"Lman2","Prg2",0.2,0.04
-0.0165391532011357,7.45185027498273,1,1,"Tmem167","Prg2",0.2,0.04
-0.0154181630793744,7.80857397123936,1,1,"Tmem160","Prg2",0.2,0.04
0.0153265155132415,7.96794924118915,1,1,"Sf3b2","Prg2",0.2,0.04
0.0142245786998154,6.78369052837232,1,1,"Sec31a","Prg2",0.2,0.04
-0.0142018798559534,7.3519415437364,1,1,"Ogt","Prg2",0.2,0.04
0.0135390753224751,6.66695321319384,1,1,"Huwe1","Prg2",0.2,0.04
-0.0135339872613467,6.20345426104794,1,1,"Rbm38","Prg2",0.2,0.04
-0.0135339872613467,6.20345426104794,1,1,"Usp7","Prg2",0.2,0.04
0.0127217159438828,6.53993730918504,1,1,"Ipo5","Prg2",0.2,0.04
0.0127217159438828,6.53993730918504,1,1,"Acsl5","Prg2",0.2,0.04
-0.0119609399673142,8.31861829538974,1,1,"Ssb","Prg2",0.2,0.04
0.0117304086418723,6.40065712924526,1,1,"Polr3k","Prg2",0.2,0.04
0.0117304086418723,6.40065712924526,1,1,"Cyb5b","Prg2",0.2,0.04
0.0117304086418723,6.40065712924526,1,1,"Gmfb","Prg2",0.2,0.04
0.0117304086418723,6.40065712924526,1,1,"Srpr","Prg2",0.2,0.04
-0.0114524487330238,5.73906726950798,1,1,"Map3k7","Prg2",0.2,0.04
-0.0114524487330238,5.73906726950798,1,1,"Nelfa","Prg2",0.2,0.04
-0.0114524487330238,5.73906726950798,1,1,"Hscb","Prg2",0.2,0.04
-0.0114524487330238,5.73906726950798,1,1,"Tnfrsf13b","Prg2",0.2,0.04
-0.0114524487330238,5.73906726950798,1,1,"Minpp1","Prg2",0.2,0.04
0.0105030121677016,6.2464895508681,1,1,"Kansl1","Prg2",0.2,0.04
0.0105030121677016,6.2464895508681,1,1,"Creld2","Prg2",0.2,0.04
-0.0103727668746182,8.01369236777544,1,1,"Ndufab1","Prg2",0.2,0.04
0.0097920906317778,7.11923208291179,1,1,"Idh3g","Prg2",0.2,0.04
-0.00916766673108352,7.5626211280027,1,1,"Anapc5","Prg2",0.2,0.04
0.00894378474948119,6.07386814151317,1,1,"Smpdl3a","Prg2",0.2,0.04
0.0068971238104911,5.87776848369628,1,1,"Dtl","Prg2",0.2,0.04
0.0068971238104911,5.87776848369628,1,1,"Vma21","Prg2",0.2,0.04
0.0068971238104911,5.87776848369628,1,1,"Uri1","Prg2",0.2,0.04
0.0068971238104911,5.87776848369628,1,1,"Ppp2r2a","Prg2",0.2,0.04
0.0068971238104911,5.87776848369628,1,1,"Stag1","Prg2",0.2,0.04
0.0068971238104911,5.87776848369628,1,1,"Abhd14a","Prg2",0.2,0.04
0.0068971238104911,5.87776848369628,1,1,"Csnk1d","Prg2",0.2,0.04
0.0068971238104911,5.87776848369628,1,1,"Nme4","Prg2",0.2,0.04
-0.00651123913621574,6.50480305500924,1,1,"Tbc1d9b","Prg2",0.2,0.04
-0.00651123913621574,6.50480305500924,1,1,"Elmo1","Prg2",0.2,0.04
-0.00651123913621574,6.50480305500924,1,1,"Bzw2","Prg2",0.2,0.04
-0.00650123140387993,5.9534754678568,1,1,"Ap1s1","Prg2",0.2,0.04
-0.00650123140387993,5.9534754678568,1,1,"Cmc1","Prg2",0.2,0.04
-0.00647139194181886,5.04983334758621,1,1,"Terf1","Prg2",0.2,0.04
-0.00647139194181886,5.04983334758621,1,1,"Rev1","Prg2",0.2,0.04
-0.00647139194181886,5.04983334758621,1,1,"B4galt3","Prg2",0.2,0.04
-0.00647139194181886,5.04983334758621,1,1,"Kdm5c","Prg2",0.2,0.04
-0.00647139194181886,5.04983334758621,1,1,"Rnf115","Prg2",0.2,0.04
-0.00647139194181886,5.04983334758621,1,1,"Rbm15","Prg2",0.2,0.04
-0.00647139194181886,5.04983334758621,1,1,"Ankrd13c","Prg2",0.2,0.04
-0.00647139194181886,5.04983334758621,1,1,"Sirt2","Prg2",0.2,0.04
-0.00647139194181886,5.04983334758621,1,1,"Anapc15","Prg2",0.2,0.04
-0.00647139194181886,5.04983334758621,1,1,"Mthfd1l","Prg2",0.2,0.04
-0.00647139194181886,5.04983334758621,1,1,"Ncoa7","Prg2",0.2,0.04
-0.00647139194181886,5.04983334758621,1,1,"Timeless","Prg2",0.2,0.04
-0.00647139194181886,5.04983334758621,1,1,"Smim19","Prg2",0.2,0.04
-0.00647139194181886,5.04983334758621,1,1,"Plpbp","Prg2",0.2,0.04
-0.00647139194181886,5.04983334758621,1,1,"Wdfy4","Prg2",0.2,0.04
-0.00647139194181886,5.04983334758621,1,1,"Phf12","Prg2",0.2,0.04
-0.00647139194181886,5.04983334758621,1,1,"Nt5c3b","Prg2",0.2,0.04
-0.00647139194181886,5.04983334758621,1,1,"Gmds","Prg2",0.2,0.04
-0.00647139194181886,5.04983334758621,1,1,"Golga5","Prg2",0.2,0.04
-0.00647139194181886,5.04983334758621,1,1,"St3gal1","Prg2",0.2,0.04
-0.00647139194181886,5.04983334758621,1,1,"Pdpk1","Prg2",0.2,0.04
-0.00647139194181886,5.04983334758621,1,1,"Ranbp3","Prg2",0.2,0.04
-0.00647139194181886,5.04983334758621,1,1,"Smad4","Prg2",0.2,0.04
-0.00647139194181886,5.04983334758621,1,1,"Mms19","Prg2",0.2,0.04
-0.00647139194181886,5.04983334758621,1,1,"Gm17018","Prg2",0.2,0.04
-0.00455149850265813,7.97809970077359,1,1,"Msrb1","Prg2",0.2,0.04
-0.00438690246758652,8.43974737433357,1,1,"Cnbp","Prg2",0.2,0.04
0.00410793866799969,7.15161474304128,1,1,"Rbfa","Prg2",0.2,0.04
0.00410397109143503,6.58813977200867,1,1,"Samm50","Prg2",0.2,0.04
0.00410397109143503,6.58813977200867,1,1,"Zc3h7a","Prg2",0.2,0.04
0.00410397109143503,6.58813977200867,1,1,"Brd8","Prg2",0.2,0.04
0.0040921142130432,5.6507861995456,1,1,"Inafm2","Prg2",0.2,0.04
0.0040921142130432,5.6507861995456,1,1,"Nkap","Prg2",0.2,0.04
0.0040921142130432,5.6507861995456,1,1,"Rpf1","Prg2",0.2,0.04
0.0040921142130432,5.6507861995456,1,1,"Yrdc","Prg2",0.2,0.04
0.0040921142130432,5.6507861995456,1,1,"Rbpj","Prg2",0.2,0.04
0.0040921142130432,5.6507861995456,1,1,"Glg1","Prg2",0.2,0.04
0.0040921142130432,5.6507861995456,1,1,"Tox4","Prg2",0.2,0.04
0.0040921142130432,5.6507861995456,1,1,"Gpatch8","Prg2",0.2,0.04
0.0040921142130432,5.6507861995456,1,1,"Hmox2","Prg2",0.2,0.04
0.0040921142130432,5.6507861995456,1,1,"Tbc1d23","Prg2",0.2,0.04
0.0040921142130432,5.6507861995456,1,1,"Synj1","Prg2",0.2,0.04
-0.0032624696405947,9.55703012299243,1,1,"Ran","Prg2",0.2,0.04
0.00310671412489102,9.26122021006658,1,1,"Pebp1","Prg2",0.2,0.04
-0.00283115434250805,7.09567924847866,1,1,"Psmd4","Prg2",0.2,0.04
-0.00283115434250805,7.09567924847866,1,1,"Spint2","Prg2",0.2,0.04
-0.00282546785845426,6.1401303260819,1,1,"Smarcc2","Prg2",0.2,0.04
-0.00282546785845426,6.1401303260819,1,1,"Icam2","Prg2",0.2,0.04
-0.00282546785845426,6.1401303260819,1,1,"Zfr","Prg2",0.2,0.04
-0.00282546785845426,6.1401303260819,1,1,"Rnmt","Prg2",0.2,0.04
0.00227091151079258,7.41809699996658,1,1,"Arpp19","Prg2",0.2,0.04
0.00226728458813485,6.45367871643036,1,1,"Clk1","Prg2",0.2,0.04
0.00226728458813485,6.45367871643036,1,1,"Hjurp","Prg2",0.2,0.04
-0.00180660859729078,7.72511323586491,1,1,"Ndufb10","Prg2",0.2,0.04
0.00157022884647426,6.96645173284904,1,1,"Derl1","Prg2",0.2,0.04
0.000708595288030947,8.10164545129614,1,1,"Lamp1","Prg2",0.2,0.04
1.14780507837599e-05,7.26587005593871,1,1,"Hnrnpr","Prg2",0.2,0.04
1.14576272278869e-05,6.30539819808987,1,1,"Polr2i","Prg2",0.2,0.04
1.14169973853402e-05,5.38134679785708,1,1,"Acot9","Prg2",0.2,0.04
1.14169973853402e-05,5.38134679785708,1,1,"St6galnac3","Prg2",0.2,0.04
1.14169973853402e-05,5.38134679785708,1,1,"Sdad1","Prg2",0.2,0.04
1.14169973853402e-05,5.38134679785708,1,1,"Gak","Prg2",0.2,0.04
1.14169973853402e-05,5.38134679785708,1,1,"Tsen34","Prg2",0.2,0.04
1.14169973853402e-05,5.38134679785708,1,1,"Bcat2","Prg2",0.2,0.04
1.14169973853402e-05,5.38134679785708,1,1,"Shprh","Prg2",0.2,0.04
1.14169973853402e-05,5.38134679785708,1,1,"Irf2","Prg2",0.2,0.04
1.14169973853402e-05,5.38134679785708,1,1,"Wdhd1","Prg2",0.2,0.04
1.14169973853402e-05,5.38134679785708,1,1,"Utp6","Prg2",0.2,0.04
1.14169973853402e-05,5.38134679785708,1,1,"Fasn","Prg2",0.2,0.04
1.14169973853402e-05,5.38134679785708,1,1,"Mis18a","Prg2",0.2,0.04
1.14169973853402e-05,5.38134679785708,1,1,"Jpt2","Prg2",0.2,0.04
1.14169973853402e-05,5.38134679785708,1,1,"Slc25a46","Prg2",0.2,0.04
1.14169973853402e-05,5.38134679785708,1,1,"Hsd17b4","Prg2",0.2,0.04
1.14169973853402e-05,5.38134679785708,1,1,"Timm21","Prg2",0.2,0.04
