"logFC","logCPM","PValue","FDR","gene","celltype","bcv","dispersion"
5.17074225308826,13.7086349164191,3.10110297532333e-24,2.04409316660139e-20,"Lyz2","C1qb",0.2,0.04
-11.377612874772,11.1331867108355,3.91851464890519e-24,2.04409316660139e-20,"Cxcl12","C1qb",0.2,0.04
6.30946875856865,10.8173113926605,3.90080643393291e-21,1.35657045084074e-17,"Cd52","C1qb",0.2,0.04
7.64360660258583,10.2830325601782,3.89483937277322e-20,1.01587147940357e-16,"Ifi27l2a","C1qb",0.2,0.04
-10.4999594646175,10.2879323640978,1.77735342768025e-18,3.70862566219762e-15,"Mgp","C1qb",0.2,0.04
5.61407576850029,9.72717451480889,2.50093739985813e-14,4.34871331545332e-11,"Chil3","C1qb",0.2,0.04
-9.74575672723882,9.57545382091045,4.01055842749873e-14,5.97745086772774e-11,"Mpo","C1qb",0.2,0.04
3.52636404834164,11.5887570662927,1.0416341283072e-12,1.35842110757863e-09,"Cd74","C1qb",0.2,0.04
-9.23831914609572,9.10513479539345,1.94395848616448e-11,2.16142360590228e-08,"Igfbp4","C1qb",0.2,0.04
3.55085281004567,10.6428392732812,2.0717182075168e-11,2.16142360590228e-08,"Tyrobp","C1qb",0.2,0.04
-9.08658144042458,8.96611636689791,9.46503975491745e-11,8.97715997845943e-08,"Bgn","C1qb",0.2,0.04
4.35468012325463,9.22006385295017,1.25817762939568e-10,1.09388060062376e-07,"Ccr2","C1qb",0.2,0.04
-8.85571732202543,8.75616900186484,1.09628829945636e-09,8.79813525248327e-07,"Serpinh1","C1qb",0.2,0.04
-3.96650763418853,9.54005369716363,2.58598099150317e-09,1.92710997745375e-06,"Hp","C1qb",0.2,0.04
-8.70174072913513,8.61725597553134,5.39109920169797e-09,3.52836464894369e-06,"Cxcl14","C1qb",0.2,0.04
8.52470466915988,8.22231426176216,5.74927624192876e-09,3.52836464894369e-06,"S100a4","C1qb",0.2,0.04
8.52470466915988,8.22231426176216,5.74927624192876e-09,3.52836464894369e-06,"Ccl24","C1qb",0.2,0.04
3.33107398549679,9.729321306531,8.94027651360572e-09,5.15187568019608e-06,"Ctss","C1qb",0.2,0.04
-8.63036363824689,8.55318003736414,9.38230977894427e-09,5.15187568019608e-06,"Igfbp7","C1qb",0.2,0.04
8.31586324607204,8.02284577041283,2.92755434508164e-08,1.52715872411184e-05,"Saa3","C1qb",0.2,0.04
4.34187993779247,8.50758536562607,5.07098877271211e-08,2.51931551741455e-05,"Pf4","C1qb",0.2,0.04
-8.4207168966356,8.36620788832503,7.22059639846533e-08,3.42420373750858e-05,"Sparc","C1qb",0.2,0.04
2.43408451237766,11.8989897835734,9.10477871042255e-08,4.13000679503646e-05,"Apoe","C1qb",0.2,0.04
4.59684102133947,8.20828136229806,1.33489301291567e-07,5.80289116822881e-05,"Ms4a4c","C1qb",0.2,0.04
5.17908095134751,7.88150504573188,1.67165323717247e-07,6.97614328936813e-05,"Retnlg","C1qb",0.2,0.04
-8.33351715886003,8.2890059535967,1.82531069687215e-07,7.32441019248735e-05,"Fstl1","C1qb",0.2,0.04
3.3505316605021,8.95482251785057,2.63265340657611e-07,9.95800487181781e-05,"Aif1","C1qb",0.2,0.04
4.16398630538902,8.34502730300646,2.67252119630881e-07,9.95800487181781e-05,"Fyb","C1qb",0.2,0.04
-8.2407058804132,8.20722117580851,3.45318342067584e-07,0.000124231250441073,"Col4a1","C1qb",0.2,0.04
2.67104171199379,9.97879550169768,4.99208414461816e-07,0.000164956224823362,"H2-Ab1","C1qb",0.2,0.04
-7.91996967362326,7.92787830681493,5.05952189624037e-07,0.000164956224823362,"Col1a2","C1qb",0.2,0.04
-7.87949787850029,7.89301737509889,5.05952189624037e-07,0.000164956224823362,"Gas6","C1qb",0.2,0.04
-4.94243290174054,8.37228436534973,6.39567536952393e-07,0.000202200245849222,"Il1rn","C1qb",0.2,0.04
2.674108721424,9.73189895886556,7.02342418610507e-07,0.00021551583686363,"Cyba","C1qb",0.2,0.04
2.1494680240306,13.5786456715637,7.54894641039329e-07,0.000225023308284666,"Tmsb4x","C1qb",0.2,0.04
-3.23568514628693,9.14624580146628,8.52653859153947e-07,0.000247103825348698,"Lgals1","C1qb",0.2,0.04
-7.79498023351242,7.82051683527547,1.08933521749243e-06,0.000307163089840501,"Pclaf","C1qb",0.2,0.04
2.37535624366751,10.5086326540801,1.25555132031683e-06,0.000344714919075408,"Fcer1g","C1qb",0.2,0.04
2.3392280839882,10.7522263869405,1.3406218706084e-06,0.000358633537847627,"Ifitm3","C1qb",0.2,0.04
-2.34162371184939,10.9151873640293,1.75423360008856e-06,0.000457547978743098,"Lpl","C1qb",0.2,0.04
2.47474706958557,9.86930092533575,2.03378763392403e-06,0.000517524545969009,"C1qb","C1qb",0.2,0.04
-7.70520146591123,7.74396285112072,2.40376685247575e-06,0.000597107132663798,"Ibsp","C1qb",0.2,0.04
-7.65812617201669,7.70401799648244,3.60565027871363e-06,0.000854948849041348,"Emp1","C1qb",0.2,0.04
4.76576637934883,7.51505250608626,3.60565027871363e-06,0.000854948849041348,"Trem2","C1qb",0.2,0.04
-2.51815344851044,9.94515834411272,4.20747381727735e-06,0.000975479429681213,"H2afy","C1qb",0.2,0.04
-7.55910058520932,7.62044913007788,5.44526776785322e-06,0.00123501040482636,"Serpina12","C1qb",0.2,0.04
3.56318983778201,8.1942360409572,6.95642532933603e-06,0.00154417841406304,"Plek","C1qb",0.2,0.04
2.93127562187446,8.75477607153937,7.49802620200232e-06,0.00162378072664997,"Prdx5","C1qb",0.2,0.04
3.77522309638837,8.00028307225134,7.6263064895858e-06,0.00162378072664997,"Cd300c2","C1qb",0.2,0.04
-7.45277371890508,7.53143812142709,1.26863153314879e-05,0.00254531399718102,"Spry1","C1qb",0.2,0.04
-7.45277371890508,7.53143812142709,1.26863153314879e-05,0.00254531399718102,"Cdh11","C1qb",0.2,0.04
-7.45277371890508,7.53143812142709,1.26863153314879e-05,0.00254531399718102,"Hist1h2ap","C1qb",0.2,0.04
2.10813229284746,10.4487131053636,1.30076149109275e-05,0.00256053672388125,"S100a8","C1qb",0.2,0.04
-3.23352626604396,8.61840819125554,1.86467164920887e-05,0.00353711260294474,"Fabp4","C1qb",0.2,0.04
-3.23352626604396,8.61840819125554,1.86467164920887e-05,0.00353711260294474,"Tuba1b","C1qb",0.2,0.04
7.48930527950803,7.2680948563917,1.95810519246877e-05,0.00364801990589762,"Clec1b","C1qb",0.2,0.04
-3.01630401558144,8.7249043867951,2.30044031367561e-05,0.00415800772064358,"Prtn3","C1qb",0.2,0.04
3.11461443100037,8.10955365911167,2.31155418189713e-05,0.00415800772064358,"Cd68","C1qb",0.2,0.04
-7.33798259226271,7.4362229328575,3.04594141050698e-05,0.00520955848128185,"Plpp3","C1qb",0.2,0.04
-7.33798259226271,7.4362229328575,3.04594141050698e-05,0.00520955848128185,"Slc5a3","C1qb",0.2,0.04
4.46253149899101,7.25877086439564,3.04594141050698e-05,0.00520955848128185,"Junb","C1qb",0.2,0.04
3.86263309933164,7.56442259081708,3.36527359346604e-05,0.00566288700010181,"Ms4a6d","C1qb",0.2,0.04
3.56189713326736,7.81824447167734,4.06483394566702e-05,0.00669459362938711,"Slfn2","C1qb",0.2,0.04
2.86288834111156,8.35260446047456,4.10671899051831e-05,0.00669459362938711,"Lgals3","C1qb",0.2,0.04
-7.27696969375938,7.38600515862376,4.77658993920414e-05,0.00722234243995895,"Hsd11b1","C1qb",0.2,0.04
-7.27696969375938,7.38600515862376,4.77658993920414e-05,0.00722234243995895,"Kitl","C1qb",0.2,0.04
-7.21326212430158,7.33387019584938,4.77658993920414e-05,0.00722234243995895,"Adipoq","C1qb",0.2,0.04
-7.21326212430158,7.33387019584938,4.77658993920414e-05,0.00722234243995895,"Ms4a2","C1qb",0.2,0.04
4.37559972620621,7.18751262391521,4.77658993920414e-05,0.00722234243995895,"Fcgr1","C1qb",0.2,0.04
2.75395978801944,8.44469070612431,4.9831261711612e-05,0.00742699362053212,"Cybb","C1qb",0.2,0.04
-4.34518119248165,7.86452303773531,5.75183844585803e-05,0.00845196204304744,"Dut","C1qb",0.2,0.04
2.77825035892638,8.2832998256054,7.02462030895964e-05,0.0101788699560244,"Alox5ap","C1qb",0.2,0.04
3.79258811012272,7.50631946356711,7.35111148660181e-05,0.0103640738026644,"Clec4a2","C1qb",0.2,0.04
3.79258811012272,7.50631946356711,7.35111148660181e-05,0.0103640738026644,"Ccl6","C1qb",0.2,0.04
-7.14661081791641,7.27966556078829,7.55367711316004e-05,0.0105076684428798,"Adamts5","C1qb",0.2,0.04
3.22041704731035,7.90419986104849,8.09767363312018e-05,0.0110755154676904,"Wfdc17","C1qb",0.2,0.04
-4.30099006148637,7.82788050721496,8.17420388202969e-05,0.0110755154676904,"Ssr3","C1qb",0.2,0.04
3.06587131167431,8.06921316984138,0.00010243138683032,0.0135274260607687,"H2-DMb1","C1qb",0.2,0.04
2.8098237402947,8.10233371556929,0.00010243138683032,0.0135274260607687,"Rgs10","C1qb",0.2,0.04
-2.06859102140343,9.87331816830744,0.000109675113911041,0.0138150271913844,"Spp1","C1qb",0.2,0.04
3.37826189202799,7.66616138203846,0.000116677167118838,0.0138150271913844,"Asah1","C1qb",0.2,0.04
3.37826189202799,7.66616138203846,0.000116677167118838,0.0138150271913844,"Nrgn","C1qb",0.2,0.04
-7.07673049696573,7.22321992455863,0.00012049913490041,0.0138150271913844,"Serpine2","C1qb",0.2,0.04
-7.07673049696573,7.22321992455863,0.00012049913490041,0.0138150271913844,"Cd34","C1qb",0.2,0.04
-7.07673049696573,7.22321992455863,0.00012049913490041,0.0138150271913844,"Lepr","C1qb",0.2,0.04
-7.07673049696573,7.22321992455863,0.00012049913490041,0.0138150271913844,"Errfi1","C1qb",0.2,0.04
-7.07673049696573,7.22321992455863,0.00012049913490041,0.0138150271913844,"Cald1","C1qb",0.2,0.04
-7.07673049696573,7.22321992455863,0.00012049913490041,0.0138150271913844,"Ghr","C1qb",0.2,0.04
-7.07673049696573,7.22321992455863,0.00012049913490041,0.0138150271913844,"Angpt1","C1qb",0.2,0.04
4.28309196317693,7.11283703955665,0.00012049913490041,0.0138150271913844,"Lsp1","C1qb",0.2,0.04
4.28309196317693,7.11283703955665,0.00012049913490041,0.0138150271913844,"Bcl2a1b","C1qb",0.2,0.04
1.98913013463458,9.63392768242638,0.000147105176559963,0.0166820468157618,"C1qa","C1qb",0.2,0.04
2.54755428144939,8.43832834716274,0.000151266369471577,0.016969484222548,"Ly86","C1qb",0.2,0.04
3.64138815413579,7.38317382351242,0.000164370520381886,0.0182433791398321,"Pla2g7","C1qb",0.2,0.04
3.31146080266964,7.61197304429668,0.000167283195825582,0.0183712166531399,"Ly6c2","C1qb",0.2,0.04
2.03662806720714,9.34198089568865,0.000181489552566583,0.0197237552284079,"Ms4a6c","C1qb",0.2,0.04
2.70710013668595,8.02037480375639,0.000186218657408303,0.0198405196823181,"Ms4a6b","C1qb",0.2,0.04
-7.00329229328269,7.16433988751333,0.000193974217156757,0.0198405196823181,"Cp","C1qb",0.2,0.04
-7.00329229328269,7.16433988751333,0.000193974217156757,0.0198405196823181,"Sept11","C1qb",0.2,0.04
-7.00329229328269,7.16433988751333,0.000193974217156757,0.0198405196823181,"Ebf1","C1qb",0.2,0.04
4.1842435726699,7.03440147711037,0.000193974217156757,0.0198405196823181,"Csf3r","C1qb",0.2,0.04
4.1842435726699,7.03440147711037,0.000193974217156757,0.0198405196823181,"Il17ra","C1qb",0.2,0.04
3.55939821897383,7.3177496503676,0.000248026657712711,0.0251229332030749,"C3","C1qb",0.2,0.04
1.65493918899984,11.1807399560931,0.000279611356006642,0.0280498584347816,"H3f3a","C1qb",0.2,0.04
2.08485150006291,8.95415007232079,0.000283083948278966,0.0281277603085186,"Coro1a","C1qb",0.2,0.04
-6.92591438845681,7.10280603430659,0.00031520810287973,0.0293621976548591,"Serping1","C1qb",0.2,0.04
-6.92591438845681,7.10280603430659,0.00031520810287973,0.0293621976548591,"Pappa","C1qb",0.2,0.04
-6.92591438845681,7.10280603430659,0.00031520810287973,0.0293621976548591,"Rarres2","C1qb",0.2,0.04
-6.92591438845681,7.10280603430659,0.00031520810287973,0.0293621976548591,"Lig1","C1qb",0.2,0.04
-6.92591438845681,7.10280603430659,0.00031520810287973,0.0293621976548591,"Mylk","C1qb",0.2,0.04
-6.92591438845681,7.10280603430659,0.00031520810287973,0.0293621976548591,"Angptl4","C1qb",0.2,0.04
4.07812098101844,6.95180841728821,0.00031520810287973,0.0293621976548591,"Grina","C1qb",0.2,0.04
2.26233336324784,8.48848762262692,0.000325734754818718,0.0300742539559618,"Lst1","C1qb",0.2,0.04
3.24141581346071,7.55583223149804,0.00034853392949239,0.0318969691788956,"Fcgr2b","C1qb",0.2,0.04
2.14115680270491,8.82301996498255,0.000411285025634288,0.0370251830446948,"Ctsc","C1qb",0.2,0.04
2.35737977979222,8.43196149228901,0.000411666944616562,0.0370251830446948,"Mcl1","C1qb",0.2,0.04
2.98042098731772,7.71032320606527,0.000419448279039528,0.0374025973950376,"Csf1r","C1qb",0.2,0.04
-1.86335025901493,9.7783433055756,0.000467585641927938,0.0405761004029363,"Hsp90aa1","C1qb",0.2,0.04
1.51754940115088,12.3049822251528,0.000473260208533741,0.0405761004029363,"Ftl1","C1qb",0.2,0.04
-4.00297467787431,7.58460853525993,0.000506525759171368,0.0405761004029363,"Sox4","C1qb",0.2,0.04
-4.00297467787431,7.58460853525993,0.000506525759171368,0.0405761004029363,"Basp1","C1qb",0.2,0.04
3.16779572128303,7.4975951923106,0.000506525759171368,0.0405761004029363,"Rgs2","C1qb",0.2,0.04
6.90835177322703,6.78252106921905,0.000517264579084685,0.0405761004029363,"Crlf2","C1qb",0.2,0.04
-6.84414999877364,7.0383680684294,0.000517264579084685,0.0405761004029363,"Igfbp5","C1qb",0.2,0.04
-6.84414999877364,7.0383680684294,0.000517264579084685,0.0405761004029363,"Bcl2","C1qb",0.2,0.04
-6.84414999877364,7.0383680684294,0.000517264579084685,0.0405761004029363,"Id3","C1qb",0.2,0.04
-6.84414999877364,7.0383680684294,0.000517264579084685,0.0405761004029363,"Nsd2","C1qb",0.2,0.04
-6.84414999877364,7.0383680684294,0.000517264579084685,0.0405761004029363,"Gja1","C1qb",0.2,0.04
-6.84414999877364,7.0383680684294,0.000517264579084685,0.0405761004029363,"Gpx3","C1qb",0.2,0.04
-6.75747174616044,6.9707387561355,0.000517264579084685,0.0405761004029363,"Cks1b","C1qb",0.2,0.04
-6.75747174616044,6.9707387561355,0.000517264579084685,0.0405761004029363,"Pcolce","C1qb",0.2,0.04
-6.75747174616044,6.9707387561355,0.000517264579084685,0.0405761004029363,"Fst","C1qb",0.2,0.04
-6.75747174616044,6.9707387561355,0.000517264579084685,0.0405761004029363,"Lox","C1qb",0.2,0.04
2.91361989795937,7.65783456790545,0.000589000101715112,0.0458584929939833,"Ifi203","C1qb",0.2,0.04
2.43547756845472,8.01295505309377,0.000660976656933894,0.0510812552725282,"Ostf1","C1qb",0.2,0.04
1.6601288585754,10.18964745513,0.000679204254422974,0.0521039557823153,"S100a9","C1qb",0.2,0.04
-3.22723829996549,7.75905922697465,0.000829981190794849,0.0608641506044045,"Ctsg","C1qb",0.2,0.04
2.27274179760704,8.36656301895565,0.000838270154159876,0.0608641506044045,"Cited2","C1qb",0.2,0.04
-2.07705191533818,8.87989283466289,0.000852760180940817,0.0608641506044045,"Stmn1","C1qb",0.2,0.04
6.78391232258894,6.68448931823829,0.000857570223219348,0.0608641506044045,"Fcgr3","C1qb",0.2,0.04
6.78391232258894,6.68448931823829,0.000857570223219348,0.0608641506044045,"Slfn1","C1qb",0.2,0.04
6.78391232258894,6.68448931823829,0.000857570223219348,0.0608641506044045,"Ltb","C1qb",0.2,0.04
-6.66525102671237,6.89958631252455,0.000857570223219348,0.0608641506044045,"Fbn1","C1qb",0.2,0.04
-6.66525102671237,6.89958631252455,0.000857570223219348,0.0608641506044045,"Csf1","C1qb",0.2,0.04
-6.66525102671237,6.89958631252455,0.000857570223219348,0.0608641506044045,"Mfge8","C1qb",0.2,0.04
-6.66525102671237,6.89958631252455,0.000857570223219348,0.0608641506044045,"Orc6","C1qb",0.2,0.04
-6.66525102671237,6.89958631252455,0.000857570223219348,0.0608641506044045,"Mrps6","C1qb",0.2,0.04
2.35311991556212,8.12749226280563,0.000877743771816251,0.0618750052118848,"Samhd1","C1qb",0.2,0.04
2.37911674970146,7.97019382337839,0.000883969050650457,0.0618956315801089,"Ptpn6","C1qb",0.2,0.04
-2.32039353530545,8.4026423959606,0.00106549908954952,0.0738957296303599,"Nedd4","C1qb",0.2,0.04
-3.88818355123193,7.49281596551976,0.00108458803102097,0.0738957296303599,"Rbpms","C1qb",0.2,0.04
-3.88818355123193,7.49281596551976,0.00108458803102097,0.0738957296303599,"Iigp1","C1qb",0.2,0.04
3.00822592231182,7.3741717630589,0.00108458803102097,0.0738957296303599,"Ms4a7","C1qb",0.2,0.04
1.65105149445434,9.83618374940482,0.00109076414867013,0.0738957296303599,"H2-Aa","C1qb",0.2,0.04
1.42386076680128,12.0294419943056,0.00111434537124741,0.0750062274724144,"Fau","C1qb",0.2,0.04
2.03372229988663,8.64569058440323,0.00114296790308631,0.0764396418775605,"Ucp2","C1qb",0.2,0.04
2.18282722777833,8.29828661514799,0.00135614816258649,0.0901190686641073,"Sat1","C1qb",0.2,0.04
3.28111029265272,7.10321823908574,0.00136957553325832,0.0904353261929368,"Apobec1","C1qb",0.2,0.04
6.64771742759332,6.57984897145512,0.00143700956323242,0.0908625501406293,"Sirpb1c","C1qb",0.2,0.04
6.64771742759332,6.57984897145512,0.00143700956323242,0.0908625501406293,"9930111J21Rik2","C1qb",0.2,0.04
6.64771742759332,6.57984897145512,0.00143700956323242,0.0908625501406293,"Treml1","C1qb",0.2,0.04
-6.56673032323778,6.82452472329378,0.00143700956323242,0.0908625501406293,"G0s2","C1qb",0.2,0.04
-6.56673032323778,6.82452472329378,0.00143700956323242,0.0908625501406293,"Trim35","C1qb",0.2,0.04
-6.56673032323778,6.82452472329378,0.00143700956323242,0.0908625501406293,"Tuba1a","C1qb",0.2,0.04
-6.56673032323778,6.82452472329378,0.00143700956323242,0.0908625501406293,"Yeats2","C1qb",0.2,0.04
2.24660249291442,8.04725486728234,0.00151664514445095,0.0947494538446512,"Tpd52","C1qb",0.2,0.04
2.24660249291442,8.04725486728234,0.00151664514445095,0.0947494538446512,"Ctsh","C1qb",0.2,0.04
2.32046429060509,7.92622879104272,0.00159154749073043,0.0980660581049214,"Ctla2a","C1qb",0.2,0.04
-3.7634630832708,7.39439064655548,0.00159793251009649,0.0980660581049214,"Zbtb20","C1qb",0.2,0.04
2.92129414952701,7.30860358202636,0.00159793251009649,0.0980660581049214,"Ifi204","C1qb",0.2,0.04
2.34606144657597,7.744947746791,0.00164869899343753,0.100589921628852,"H2-DMa","C1qb",0.2,0.04
-3.07054917604518,7.63613182491125,0.00166513251015054,0.10100190394419,"Elane","C1qb",0.2,0.04
1.71903956276004,9.27569248584031,0.00168007002929744,0.101318905292833,"H2-Eb1","C1qb",0.2,0.04
3.17498770100126,7.02462205496982,0.00213371638872433,0.127206074763205,"Hpgds","C1qb",0.2,0.04
3.17498770100126,7.02462205496982,0.00213371638872433,0.127206074763205,"Cd300a","C1qb",0.2,0.04
1.63498375622136,9.36850814842385,0.00221739109196424,0.131443416263994,"C1qc","C1qb",0.2,0.04
-2.61516052312838,7.76661582693216,0.00227586772527323,0.132648759652378,"Zfp36l1","C1qb",0.2,0.04
2.53206402874665,7.64951335795506,0.00227586772527323,0.132648759652378,"Clec4a3","C1qb",0.2,0.04
2.27601645736704,7.69393024816001,0.00227586772527323,0.132648759652378,"Hexb","C1qb",0.2,0.04
-3.69681177688564,7.34237594140849,0.0023648225458361,0.137067742337267,"Top2a","C1qb",0.2,0.04
-6.46098535203995,6.74510129261199,0.00243493287103271,0.137317052126942,"Lhfp","C1qb",0.2,0.04
-6.46098535203995,6.74510129261199,0.00243493287103271,0.137317052126942,"Bcl7a","C1qb",0.2,0.04
-6.46098535203995,6.74510129261199,0.00243493287103271,0.137317052126942,"Rgcc","C1qb",0.2,0.04
-6.46098535203995,6.74510129261199,0.00243493287103271,0.137317052126942,"Tagln","C1qb",0.2,0.04
-6.46098535203995,6.74510129261199,0.00243493287103271,0.137317052126942,"Efemp1","C1qb",0.2,0.04
-1.46778157913971,10.2388855661068,0.0027855370234412,0.156244665406247,"Gm42418","C1qb",0.2,0.04
2.08693415150313,8.22687583201693,0.00281747405356549,0.15635482340877,"Atp2b1","C1qb",0.2,0.04
-2.18655768781778,8.3001798549983,0.00281747405356549,0.15635482340877,"Scp2","C1qb",0.2,0.04
1.72239563623942,8.97866111790552,0.00308402103008442,0.170241224374977,"Rap1b","C1qb",0.2,0.04
-2.56297640684927,7.72695684687651,0.00314942417318727,0.172936538941383,"Ccnd2","C1qb",0.2,0.04
1.87618343026038,8.31957845006276,0.00321704341163012,0.175724680175586,"Neat1","C1qb",0.2,0.04
3.0604346478548,6.94186452121653,0.00334605524595407,0.181819762401244,"Cmtm3","C1qb",0.2,0.04
2.61038501760155,7.42825061810656,0.00338513180761866,0.182990052584899,"Gngt2","C1qb",0.2,0.04
1.42175117766945,10.0719522902169,0.00371992116985364,0.200051224562284,"Ctsb","C1qb",0.2,0.04
2.02325572302023,8.03993387785135,0.00406587048258616,0.203500571242865,"Itga2b","C1qb",0.2,0.04
1.30828892074097,11.0375588117929,0.00408137280847452,0.203500571242865,"Plac8","C1qb",0.2,0.04
1.45708213065157,9.76580649994844,0.00410978182172817,0.203500571242865,"Ctsd","C1qb",0.2,0.04
6.49731215896561,6.46763807491922,0.00417417063605608,0.203500571242865,"Cytip","C1qb",0.2,0.04
6.49731215896561,6.46763807491922,0.00417417063605608,0.203500571242865,"Fosl2","C1qb",0.2,0.04
6.49731215896561,6.46763807491922,0.00417417063605608,0.203500571242865,"Klra2","C1qb",0.2,0.04
6.49731215896561,6.46763807491922,0.00417417063605608,0.203500571242865,"P2ry6","C1qb",0.2,0.04
6.49731215896561,6.46763807491922,0.00417417063605608,0.203500571242865,"Cd14","C1qb",0.2,0.04
-6.3468722074883,6.66078040579213,0.00417417063605608,0.203500571242865,"Col5a2","C1qb",0.2,0.04
-6.3468722074883,6.66078040579213,0.00417417063605608,0.203500571242865,"Col6a3","C1qb",0.2,0.04
-6.3468722074883,6.66078040579213,0.00417417063605608,0.203500571242865,"Ptprd","C1qb",0.2,0.04
-6.3468722074883,6.66078040579213,0.00417417063605608,0.203500571242865,"Nasp","C1qb",0.2,0.04
-6.3468722074883,6.66078040579213,0.00417417063605608,0.203500571242865,"Ehd2","C1qb",0.2,0.04
-6.3468722074883,6.66078040579213,0.00417417063605608,0.203500571242865,"Mrps12","C1qb",0.2,0.04
-6.3468722074883,6.66078040579213,0.00417417063605608,0.203500571242865,"Col4a2","C1qb",0.2,0.04
-6.3468722074883,6.66078040579213,0.00417417063605608,0.203500571242865,"Cdc25a","C1qb",0.2,0.04
-6.3468722074883,6.66078040579213,0.00417417063605608,0.203500571242865,"Mcm4","C1qb",0.2,0.04
-6.3468722074883,6.66078040579213,0.00417417063605608,0.203500571242865,"Ttc3","C1qb",0.2,0.04
-6.3468722074883,6.66078040579213,0.00417417063605608,0.203500571242865,"Uhrf1","C1qb",0.2,0.04
-6.3468722074883,6.66078040579213,0.00417417063605608,0.203500571242865,"Cyp1b1","C1qb",0.2,0.04
-1.74684747849761,8.97922527910907,0.00427290405150721,0.207345153345929,"Tubb5","C1qb",0.2,0.04
1.77950711999934,8.55420716020772,0.00434191207434668,0.20906910101829,"Mpeg1","C1qb",0.2,0.04
-2.50883365682414,7.68610467891271,0.00436854826243528,0.20906910101829,"Zfp207","C1qb",0.2,0.04
2.45844393656898,7.59507340257595,0.00436854826243528,0.20906910101829,"Tgfbi","C1qb",0.2,0.04
-1.57206894125772,9.36144502864106,0.0045132163043147,0.215006327410572,"Hmgb2","C1qb",0.2,0.04
1.32984981412876,10.4648200504554,0.00458712306274218,0.21753388597086,"Cst3","C1qb",0.2,0.04
1.98421054789438,8.15203860643365,0.0046133688041984,0.217788582507701,"Cotl1","C1qb",0.2,0.04
-2.89474515089947,7.50098262157491,0.00484911421090813,0.226864612387464,"Ap3s1","C1qb",0.2,0.04
2.52345324481675,7.36518180638801,0.00484911421090813,0.226864612387464,"Hpgd","C1qb",0.2,0.04
1.56156909042004,9.1075210236407,0.00499867539266799,0.232817769516541,"Clic1","C1qb",0.2,0.04
2.72993799599071,7.16860603123852,0.00524730524756346,0.240110244069428,"Rnpep","C1qb",0.2,0.04
2.72993799599071,7.16860603123852,0.00524730524756346,0.240110244069428,"Ehd4","C1qb",0.2,0.04
-3.55349325225191,7.23197839482852,0.00524730524756346,0.240110244069428,"Cbx5","C1qb",0.2,0.04
-3.55349325225191,7.23197839482852,0.00524730524756346,0.240110244069428,"C4b","C1qb",0.2,0.04
1.44946636553432,9.41908814830179,0.00552055924175063,0.251510893315216,"Sh3bgrl3","C1qb",0.2,0.04
1.18374846538274,12.5228126928123,0.00587660368825358,0.266567853389346,"Actb","C1qb",0.2,0.04
-2.45257949275084,7.64398477586596,0.00607287558452783,0.273096167988702,"Mcm6","C1qb",0.2,0.04
2.38086407275973,7.53867494970923,0.00607287558452783,0.273096167988702,"Nfam1","C1qb",0.2,0.04
2.00660643292179,7.87325912284416,0.00612771284824353,0.274379519938733,"Ccdc12","C1qb",0.2,0.04
1.60060814793806,8.60003423073713,0.00688960805710694,0.27885806517391,"Eif3h","C1qb",0.2,0.04
-2.17582334033779,8.06181810863547,0.00689176302631763,0.27885806517391,"Lmo4","C1qb",0.2,0.04
-2.17582334033779,8.06181810863547,0.00689176302631763,0.27885806517391,"Hmgn1","C1qb",0.2,0.04
-2.76438627505651,7.40278873413073,0.00696616276027384,0.27885806517391,"Lpp","C1qb",0.2,0.04
1.5943585419103,8.88743050874049,0.0069848974431915,0.27885806517391,"Ctsz","C1qb",0.2,0.04
1.71332716638266,8.31296267815674,0.00701326971967908,0.27885806517391,"Atox1","C1qb",0.2,0.04
-2.15970439627386,7.77417777462895,0.0071677838335918,0.27885806517391,"Tcp1","C1qb",0.2,0.04
6.32938195320621,6.34666503222581,0.00724341375080319,0.27885806517391,"Rgs1","C1qb",0.2,0.04
6.32938195320621,6.34666503222581,0.00724341375080319,0.27885806517391,"Zbp1","C1qb",0.2,0.04
6.32938195320621,6.34666503222581,0.00724341375080319,0.27885806517391,"Acer3","C1qb",0.2,0.04
6.32938195320621,6.34666503222581,0.00724341375080319,0.27885806517391,"Cirbp","C1qb",0.2,0.04
6.32938195320621,6.34666503222581,0.00724341375080319,0.27885806517391,"Metrnl","C1qb",0.2,0.04
6.32938195320621,6.34666503222581,0.00724341375080319,0.27885806517391,"Gadd45g","C1qb",0.2,0.04
6.32938195320621,6.34666503222581,0.00724341375080319,0.27885806517391,"Lrg1","C1qb",0.2,0.04
6.32938195320621,6.34666503222581,0.00724341375080319,0.27885806517391,"Eif2ak2","C1qb",0.2,0.04
-6.22295175048292,6.57092203758735,0.00724341375080319,0.27885806517391,"Col6a1","C1qb",0.2,0.04
-6.22295175048292,6.57092203758735,0.00724341375080319,0.27885806517391,"Nfic","C1qb",0.2,0.04
-6.22295175048292,6.57092203758735,0.00724341375080319,0.27885806517391,"Dpep1","C1qb",0.2,0.04
-6.22295175048292,6.57092203758735,0.00724341375080319,0.27885806517391,"Ilf3","C1qb",0.2,0.04
-6.22295175048292,6.57092203758735,0.00724341375080319,0.27885806517391,"Serpinf1","C1qb",0.2,0.04
-6.22295175048292,6.57092203758735,0.00724341375080319,0.27885806517391,"Lamb1","C1qb",0.2,0.04
-6.22295175048292,6.57092203758735,0.00724341375080319,0.27885806517391,"Dgcr8","C1qb",0.2,0.04
-6.22295175048292,6.57092203758735,0.00724341375080319,0.27885806517391,"Epas1","C1qb",0.2,0.04
-6.22295175048292,6.57092203758735,0.00724341375080319,0.27885806517391,"Ms4a3","C1qb",0.2,0.04
-6.08737836691948,6.47475282549195,0.00724341375080319,0.27885806517391,"Smyd2","C1qb",0.2,0.04
-6.08737836691948,6.47475282549195,0.00724341375080319,0.27885806517391,"Nsfl1c","C1qb",0.2,0.04
-6.08737836691948,6.47475282549195,0.00724341375080319,0.27885806517391,"Chrdl1","C1qb",0.2,0.04
-6.08737836691948,6.47475282549195,0.00724341375080319,0.27885806517391,"Lypla2","C1qb",0.2,0.04
-6.08737836691948,6.47475282549195,0.00724341375080319,0.27885806517391,"Cd36","C1qb",0.2,0.04
-6.08737836691948,6.47475282549195,0.00724341375080319,0.27885806517391,"Braf","C1qb",0.2,0.04
-6.08737836691948,6.47475282549195,0.00724341375080319,0.27885806517391,"Ebf3","C1qb",0.2,0.04
-6.08737836691948,6.47475282549195,0.00724341375080319,0.27885806517391,"Man1a","C1qb",0.2,0.04
-6.08737836691948,6.47475282549195,0.00724341375080319,0.27885806517391,"Fgfr1","C1qb",0.2,0.04
-6.08737836691948,6.47475282549195,0.00724341375080319,0.27885806517391,"Cygb","C1qb",0.2,0.04
-6.08737836691948,6.47475282549195,0.00724341375080319,0.27885806517391,"Gmpr","C1qb",0.2,0.04
-6.08737836691948,6.47475282549195,0.00724341375080319,0.27885806517391,"Gpx8","C1qb",0.2,0.04
-6.08737836691948,6.47475282549195,0.00724341375080319,0.27885806517391,"Pdzrn4","C1qb",0.2,0.04
-6.08737836691948,6.47475282549195,0.00724341375080319,0.27885806517391,"Vars","C1qb",0.2,0.04
-1.53533375046418,9.10287134584755,0.00778765613459806,0.298375180624137,"Ran","C1qb",0.2,0.04
-3.47611534742603,7.17323128712018,0.00786477280471941,0.298375180624137,"Pam","C1qb",0.2,0.04
2.62381540433925,7.09361900763565,0.00786477280471941,0.298375180624137,"Mndal","C1qb",0.2,0.04
2.62381540433925,7.09361900763565,0.00786477280471941,0.298375180624137,"Igsf6","C1qb",0.2,0.04
-1.80592650412245,8.53810944844019,0.00794553586783859,0.299262728191914,"Hmox1","C1qb",0.2,0.04
1.69486913781416,8.4943640043782,0.00794553586783859,0.299262728191914,"Fxyd5","C1qb",0.2,0.04
-1.63164567972393,8.89486528595449,0.00823220677498883,0.308224677413664,"Ncl","C1qb",0.2,0.04
3.70293358223827,6.67399532142081,0.00839028164338929,0.308224677413664,"Isg15","C1qb",0.2,0.04
3.70293358223827,6.67399532142081,0.00839028164338929,0.308224677413664,"Gm10036","C1qb",0.2,0.04
2.79980030222108,6.76192200756744,0.00839028164338929,0.308224677413664,"Gm5150","C1qb",0.2,0.04
2.79980030222108,6.76192200756744,0.00839028164338929,0.308224677413664,"Cd37","C1qb",0.2,0.04
2.79980030222108,6.76192200756744,0.00839028164338929,0.308224677413664,"Rtp4","C1qb",0.2,0.04
2.79980030222108,6.76192200756744,0.00839028164338929,0.308224677413664,"Ifngr2","C1qb",0.2,0.04
1.12077654500407,12.2620547003467,0.00932161289701638,0.341236446858147,"Fth1","C1qb",0.2,0.04
-1.95918553339254,8.13037444303444,0.00973081567844223,0.353802087678522,"Mcm3","C1qb",0.2,0.04
1.98501533771713,7.68574122657544,0.0097326942551266,0.353802087678522,"Msn","C1qb",0.2,0.04
-2.69450595410583,7.35089545404838,0.0100337229032323,0.35973137817671,"Ikzf2","C1qb",0.2,0.04
-2.69450595410583,7.35089545404838,0.0100337229032323,0.35973137817671,"Phgdh","C1qb",0.2,0.04
-2.69450595410583,7.35089545404838,0.0100337229032323,0.35973137817671,"Ddost","C1qb",0.2,0.04
-2.69450595410583,7.35089545404838,0.0100337229032323,0.35973137817671,"Odc1","C1qb",0.2,0.04
1.83962048178086,7.91097762489143,0.0117238597025633,0.390649827843451,"Msrb1","C1qb",0.2,0.04
-2.33302963167843,7.55560670510964,0.011803030626533,0.390649827843451,"Slbp","C1qb",0.2,0.04
-2.26932206222064,7.50915956138408,0.011803030626533,0.390649827843451,"Larp1","C1qb",0.2,0.04
2.50926235119279,7.01486456973758,0.0118324272465622,0.390649827843451,"Itgb2","C1qb",0.2,0.04
2.50926235119279,7.01486456973758,0.0118324272465622,0.390649827843451,"Stat2","C1qb",0.2,0.04
2.50926235119279,7.01486456973758,0.0118324272465622,0.390649827843451,"Sla","C1qb",0.2,0.04
-3.39435095774286,7.11183508099417,0.0118324272465622,0.390649827843451,"Ssrp1","C1qb",0.2,0.04
-3.39435095774286,7.11183508099417,0.0118324272465622,0.390649827843451,"Rbbp7","C1qb",0.2,0.04
-3.39435095774286,7.11183508099417,0.0118324272465622,0.390649827843451,"Dlc1","C1qb",0.2,0.04
-3.39435095774286,7.11183508099417,0.0118324272465622,0.390649827843451,"Atad2","C1qb",0.2,0.04
-3.39435095774286,7.11183508099417,0.0118324272465622,0.390649827843451,"Klhl24","C1qb",0.2,0.04
-3.39435095774286,7.11183508099417,0.0118324272465622,0.390649827843451,"Gm4951","C1qb",0.2,0.04
-3.30767270512966,7.0475397615578,0.0118324272465622,0.390649827843451,"Gm10073","C1qb",0.2,0.04
1.60264841836608,8.51847221789724,0.0123028267554492,0.390649827843451,"Txnip","C1qb",0.2,0.04
6.13929756639653,6.21542864884855,0.0127308484105026,0.390649827843451,"Neurl3","C1qb",0.2,0.04
6.13929756639653,6.21542864884855,0.0127308484105026,0.390649827843451,"Pid1","C1qb",0.2,0.04
6.13929756639653,6.21542864884855,0.0127308484105026,0.390649827843451,"Ifi207","C1qb",0.2,0.04
6.13929756639653,6.21542864884855,0.0127308484105026,0.390649827843451,"Fgl2","C1qb",0.2,0.04
6.13929756639653,6.21542864884855,0.0127308484105026,0.390649827843451,"Asprv1","C1qb",0.2,0.04
6.13929756639653,6.21542864884855,0.0127308484105026,0.390649827843451,"Snx20","C1qb",0.2,0.04
6.13929756639653,6.21542864884855,0.0127308484105026,0.390649827843451,"Ptk2b","C1qb",0.2,0.04
6.13929756639653,6.21542864884855,0.0127308484105026,0.390649827843451,"Ccr1","C1qb",0.2,0.04
6.13929756639653,6.21542864884855,0.0127308484105026,0.390649827843451,"Gm34084","C1qb",0.2,0.04
6.13929756639653,6.21542864884855,0.0127308484105026,0.390649827843451,"Gm21188","C1qb",0.2,0.04
6.13929756639653,6.21542864884855,0.0127308484105026,0.390649827843451,"Cd86","C1qb",0.2,0.04
-5.93773083228137,6.37132639328921,0.0127308484105026,0.390649827843451,"Prelp","C1qb",0.2,0.04
-5.93773083228137,6.37132639328921,0.0127308484105026,0.390649827843451,"Gstm1","C1qb",0.2,0.04
-5.93773083228137,6.37132639328921,0.0127308484105026,0.390649827843451,"Fam102b","C1qb",0.2,0.04
-5.93773083228137,6.37132639328921,0.0127308484105026,0.390649827843451,"Eva1b","C1qb",0.2,0.04
-5.93773083228137,6.37132639328921,0.0127308484105026,0.390649827843451,"Nr2c2","C1qb",0.2,0.04
-5.93773083228137,6.37132639328921,0.0127308484105026,0.390649827843451,"Arl8b","C1qb",0.2,0.04
-5.93773083228137,6.37132639328921,0.0127308484105026,0.390649827843451,"Nkg7","C1qb",0.2,0.04
-5.93773083228137,6.37132639328921,0.0127308484105026,0.390649827843451,"Pgm2l1","C1qb",0.2,0.04
-5.93773083228137,6.37132639328921,0.0127308484105026,0.390649827843451,"Fgfr2","C1qb",0.2,0.04
-5.93773083228137,6.37132639328921,0.0127308484105026,0.390649827843451,"Hnrnph3","C1qb",0.2,0.04
-5.93773083228137,6.37132639328921,0.0127308484105026,0.390649827843451,"Esyt1","C1qb",0.2,0.04
-5.93773083228137,6.37132639328921,0.0127308484105026,0.390649827843451,"Vegfc","C1qb",0.2,0.04
-5.93773083228137,6.37132639328921,0.0127308484105026,0.390649827843451,"Camp","C1qb",0.2,0.04
-5.93773083228137,6.37132639328921,0.0127308484105026,0.390649827843451,"9530068E07Rik","C1qb",0.2,0.04
-5.93773083228137,6.37132639328921,0.0127308484105026,0.390649827843451,"Spag7","C1qb",0.2,0.04
-5.93773083228137,6.37132639328921,0.0127308484105026,0.390649827843451,"Net1","C1qb",0.2,0.04
-5.93773083228137,6.37132639328921,0.0127308484105026,0.390649827843451,"Fbln5","C1qb",0.2,0.04
-5.93773083228137,6.37132639328921,0.0127308484105026,0.390649827843451,"Rin3","C1qb",0.2,0.04
-5.93773083228137,6.37132639328921,0.0127308484105026,0.390649827843451,"D16Ertd472e","C1qb",0.2,0.04
-5.93773083228137,6.37132639328921,0.0127308484105026,0.390649827843451,"Jpt2","C1qb",0.2,0.04
-5.93773083228137,6.37132639328921,0.0127308484105026,0.390649827843451,"Nrm","C1qb",0.2,0.04
-5.93773083228137,6.37132639328921,0.0127308484105026,0.390649827843451,"Pdgfrb","C1qb",0.2,0.04
-5.93773083228137,6.37132639328921,0.0127308484105026,0.390649827843451,"Chka","C1qb",0.2,0.04
-5.93773083228137,6.37132639328921,0.0127308484105026,0.390649827843451,"Klf9","C1qb",0.2,0.04
-1.78067210722673,8.1959503898406,0.0131493170897347,0.397523656865253,"Slc40a1","C1qb",0.2,0.04
-1.78067210722673,8.1959503898406,0.0131493170897347,0.397523656865253,"Luc7l2","C1qb",0.2,0.04
2.12481650138012,7.58663398498997,0.0132310503373166,0.397523656865253,"Spi1","C1qb",0.2,0.04
-2.04930748217543,7.69386267397176,0.0132310503373166,0.397523656865253,"Kit","C1qb",0.2,0.04
2.64939503359337,6.66353463855274,0.0134120892568359,0.397523656865253,"Abi1","C1qb",0.2,0.04
2.64939503359337,6.66353463855274,0.0134120892568359,0.397523656865253,"Plbd1","C1qb",0.2,0.04
2.64939503359337,6.66353463855274,0.0134120892568359,0.397523656865253,"Lrrc25","C1qb",0.2,0.04
2.64939503359337,6.66353463855274,0.0134120892568359,0.397523656865253,"AB124611","C1qb",0.2,0.04
2.64939503359337,6.66353463855274,0.0134120892568359,0.397523656865253,"Xaf1","C1qb",0.2,0.04
2.64939503359337,6.66353463855274,0.0134120892568359,0.397523656865253,"Mrpl32","C1qb",0.2,0.04
2.64939503359337,6.66353463855274,0.0134120892568359,0.397523656865253,"2210016F16Rik","C1qb",0.2,0.04
2.64939503359337,6.66353463855274,0.0134120892568359,0.397523656865253,"Ncf4","C1qb",0.2,0.04
-1.38441318508807,9.07713940051658,0.0142524102177909,0.42123341587029,"Srsf3","C1qb",0.2,0.04
2.33209709128044,7.23089047680403,0.0144854260375257,0.424512499577263,"Sp100","C1qb",0.2,0.04
2.33209709128044,7.23089047680403,0.0144854260375257,0.424512499577263,"Tnfaip8l2","C1qb",0.2,0.04
2.33209709128044,7.23089047680403,0.0144854260375257,0.424512499577263,"Pld4","C1qb",0.2,0.04
1.44146585342902,8.64429363311957,0.0154872890117893,0.452601922296912,"Actr3","C1qb",0.2,0.04
1.35991588001601,8.85319503814717,0.0160701495456963,0.468323659805167,"Crip1","C1qb",0.2,0.04
2.11943460178369,7.35620425246351,0.0164928812324195,0.477972860827314,"Man2b1","C1qb",0.2,0.04
-2.20267075583547,7.46106431151121,0.0164928812324195,0.477972860827314,"Myc","C1qb",0.2,0.04
-1.74020031210376,8.16684622986499,0.0166546375844885,0.479994016350742,"Aplp2","C1qb",0.2,0.04
1.55546188871694,8.09896721677455,0.0166546375844885,0.479994016350742,"Clec12a","C1qb",0.2,0.04
-3.21545198568159,6.98005840097888,0.0178622178785732,0.510399564220437,"Kdelr1","C1qb",0.2,0.04
2.3848229005547,6.93194512768145,0.0178622178785732,0.510399564220437,"Plekho1","C1qb",0.2,0.04
2.3848229005547,6.93194512768145,0.0178622178785732,0.510399564220437,"Aup1","C1qb",0.2,0.04
-1.99077051960637,7.65184518204521,0.0180031668391758,0.510399564220437,"Srsf1","C1qb",0.2,0.04
2.04282656621815,7.53010858909306,0.0180031668391758,0.510399564220437,"Cnn2","C1qb",0.2,0.04
1.82544553874592,7.57820186434792,0.0180031668391758,0.510399564220437,"Mrps24","C1qb",0.2,0.04
1.33443849325941,8.89521201046266,0.0189024482138272,0.534442390826176,"Ptpn18","C1qb",0.2,0.04
1.09635362279813,10.4546434324221,0.0191673253571251,0.540466771488882,"Pfn1","C1qb",0.2,0.04
1.68997294714275,7.94762980372323,0.0206237559046141,0.55020302787835,"Mapkapk2","C1qb",0.2,0.04
1.68997294714275,7.94762980372323,0.0206237559046141,0.55020302787835,"Sdcbp","C1qb",0.2,0.04
-2.54368984559691,7.24075324582317,0.0209521105904993,0.55020302787835,"Mcm7","C1qb",0.2,0.04
-2.54368984559691,7.24075324582317,0.0209521105904993,0.55020302787835,"Cdk4","C1qb",0.2,0.04
-2.54368984559691,7.24075324582317,0.0209521105904993,0.55020302787835,"Ncoa4","C1qb",0.2,0.04
-2.54368984559691,7.24075324582317,0.0209521105904993,0.55020302787835,"Atf4","C1qb",0.2,0.04
2.22597449962898,7.15917911871325,0.0209521105904993,0.55020302787835,"Rab11a","C1qb",0.2,0.04
-1.6556826671159,8.10669024082611,0.0210963346562918,0.55020302787835,"Rbms1","C1qb",0.2,0.04
1.50000120326165,8.16904871754542,0.0214439294065342,0.55020302787835,"Iqgap1","C1qb",0.2,0.04
3.55252831361056,6.56917135844136,0.0215665482862897,0.55020302787835,"Ogfrl1","C1qb",0.2,0.04
3.55252831361056,6.56917135844136,0.0215665482862897,0.55020302787835,"Mmp9","C1qb",0.2,0.04
3.55252831361056,6.56917135844136,0.0215665482862897,0.55020302787835,"Fgr","C1qb",0.2,0.04
3.55252831361056,6.56917135844136,0.0215665482862897,0.55020302787835,"Slfn5","C1qb",0.2,0.04
3.55252831361056,6.56917135844136,0.0215665482862897,0.55020302787835,"Fam49a","C1qb",0.2,0.04
1.0839805974126,10.4464635789545,0.0215978749811877,0.55020302787835,"Naca","C1qb",0.2,0.04
1.50485859157608,8.2715018749282,0.0216952903340808,0.55020302787835,"Btg1","C1qb",0.2,0.04
-1.60955787395991,8.39611130008679,0.0218721508126955,0.55020302787835,"Mrpl33","C1qb",0.2,0.04
1.34981360312168,8.78504251465588,0.0220737460545061,0.55020302787835,"Calm2","C1qb",0.2,0.04
-1.4003176329791,8.82855272464002,0.0220737460545061,0.55020302787835,"Mif","C1qb",0.2,0.04
1.04597811605451,10.8460821895393,0.0222043092088619,0.55020302787835,"Psap","C1qb",0.2,0.04
-1.17169022554953,9.79236849278926,0.0224214058831725,0.55020302787835,"Vcam1","C1qb",0.2,0.04
5.92031234510775,6.07199996716501,0.0226768237312078,0.55020302787835,"Rnasel","C1qb",0.2,0.04
5.92031234510775,6.07199996716501,0.0226768237312078,0.55020302787835,"Il1b","C1qb",0.2,0.04
5.92031234510775,6.07199996716501,0.0226768237312078,0.55020302787835,"Podxl","C1qb",0.2,0.04
5.92031234510775,6.07199996716501,0.0226768237312078,0.55020302787835,"Gp9","C1qb",0.2,0.04
5.92031234510775,6.07199996716501,0.0226768237312078,0.55020302787835,"Pglyrp1","C1qb",0.2,0.04
5.92031234510775,6.07199996716501,0.0226768237312078,0.55020302787835,"2510046G10Rik","C1qb",0.2,0.04
5.92031234510775,6.07199996716501,0.0226768237312078,0.55020302787835,"Bcl2a1d","C1qb",0.2,0.04
5.92031234510775,6.07199996716501,0.0226768237312078,0.55020302787835,"Entpd7","C1qb",0.2,0.04
-5.77074488114044,6.25946774704261,0.0226768237312078,0.55020302787835,"Grem1","C1qb",0.2,0.04
-5.77074488114044,6.25946774704261,0.0226768237312078,0.55020302787835,"Wdr76","C1qb",0.2,0.04
-5.77074488114044,6.25946774704261,0.0226768237312078,0.55020302787835,"Eif3j1","C1qb",0.2,0.04
-5.77074488114044,6.25946774704261,0.0226768237312078,0.55020302787835,"Ndrg3","C1qb",0.2,0.04
-5.77074488114044,6.25946774704261,0.0226768237312078,0.55020302787835,"Gdpd2","C1qb",0.2,0.04
-5.77074488114044,6.25946774704261,0.0226768237312078,0.55020302787835,"Prkacb","C1qb",0.2,0.04
-5.77074488114044,6.25946774704261,0.0226768237312078,0.55020302787835,"Nfib","C1qb",0.2,0.04
-5.77074488114044,6.25946774704261,0.0226768237312078,0.55020302787835,"Gnai1","C1qb",0.2,0.04
-5.77074488114044,6.25946774704261,0.0226768237312078,0.55020302787835,"Shroom3","C1qb",0.2,0.04
-5.77074488114044,6.25946774704261,0.0226768237312078,0.55020302787835,"Fgfrl1","C1qb",0.2,0.04
-5.77074488114044,6.25946774704261,0.0226768237312078,0.55020302787835,"Ttc28","C1qb",0.2,0.04
-5.77074488114044,6.25946774704261,0.0226768237312078,0.55020302787835,"Plxnd1","C1qb",0.2,0.04
-5.77074488114044,6.25946774704261,0.0226768237312078,0.55020302787835,"Nudt19","C1qb",0.2,0.04
-5.77074488114044,6.25946774704261,0.0226768237312078,0.55020302787835,"Ipo7","C1qb",0.2,0.04
-5.77074488114044,6.25946774704261,0.0226768237312078,0.55020302787835,"Pcnt","C1qb",0.2,0.04
-5.77074488114044,6.25946774704261,0.0226768237312078,0.55020302787835,"Socs2","C1qb",0.2,0.04
-5.77074488114044,6.25946774704261,0.0226768237312078,0.55020302787835,"Cdc16","C1qb",0.2,0.04
-5.77074488114044,6.25946774704261,0.0226768237312078,0.55020302787835,"Cdt1","C1qb",0.2,0.04
-5.77074488114044,6.25946774704261,0.0226768237312078,0.55020302787835,"Nnmt","C1qb",0.2,0.04
-5.77074488114044,6.25946774704261,0.0226768237312078,0.55020302787835,"Pth1r","C1qb",0.2,0.04
-5.77074488114044,6.25946774704261,0.0226768237312078,0.55020302787835,"Mapk9","C1qb",0.2,0.04
-5.77074488114044,6.25946774704261,0.0226768237312078,0.55020302787835,"Npepps","C1qb",0.2,0.04
-5.77074488114044,6.25946774704261,0.0226768237312078,0.55020302787835,"Aoc3","C1qb",0.2,0.04
-5.77074488114044,6.25946774704261,0.0226768237312078,0.55020302787835,"Wipi1","C1qb",0.2,0.04
-5.77074488114044,6.25946774704261,0.0226768237312078,0.55020302787835,"Phf2","C1qb",0.2,0.04
-5.77074488114044,6.25946774704261,0.0226768237312078,0.55020302787835,"Ylpm1","C1qb",0.2,0.04
-5.77074488114044,6.25946774704261,0.0226768237312078,0.55020302787835,"Kctd20","C1qb",0.2,0.04
-5.77074488114044,6.25946774704261,0.0226768237312078,0.55020302787835,"Mta3","C1qb",0.2,0.04
-5.77074488114044,6.25946774704261,0.0226768237312078,0.55020302787835,"Stx3","C1qb",0.2,0.04
-5.77074488114044,6.25946774704261,0.0226768237312078,0.55020302787835,"Kazald1","C1qb",0.2,0.04
-5.77074488114044,6.25946774704261,0.0226768237312078,0.55020302787835,"mt-Atp8","C1qb",0.2,0.04
2.02058621127665,7.29035320393701,0.0230708535108059,0.554604181286262,"Clec4n","C1qb",0.2,0.04
-2.13279043488479,7.41119919246509,0.0230708535108059,0.554604181286262,"Fkbp1a","C1qb",0.2,0.04
-2.13279043488479,7.41119919246509,0.0230708535108059,0.554604181286262,"Usp1","C1qb",0.2,0.04
-2.13279043488479,7.41119919246509,0.0230708535108059,0.554604181286262,"Cdc42ep3","C1qb",0.2,0.04
-1.92975762110303,7.60848134261273,0.02451059843262,0.585169504456578,"Sptbn1","C1qb",0.2,0.04
1.95589479343335,7.47147790868678,0.02451059843262,0.585169504456578,"1810058I24Rik","C1qb",0.2,0.04
1.73851376596112,7.5215507857513,0.02451059843262,0.585169504456578,"F13a1","C1qb",0.2,0.04
1.02121387970927,10.9189717865359,0.024847909816101,0.591868134957493,"Itm2b","C1qb",0.2,0.04
1.62915431103591,7.77049716162919,0.0261053308212822,0.620402998766371,"Map1lc3b","C1qb",0.2,0.04
1.6231718577844,7.90335409738144,0.0264976873979674,0.621446239240613,"Pnp","C1qb",0.2,0.04
1.6231718577844,7.90335409738144,0.0264976873979674,0.621446239240613,"Zfand5","C1qb",0.2,0.04
-1.0644173931083,10.3119394733293,0.0268113491660318,0.621446239240613,"Pabpc1","C1qb",0.2,0.04
-1.55011592529407,8.20253305408349,0.0268200670192747,0.621446239240613,"Tagln2","C1qb",0.2,0.04
-3.11693128220701,6.90905954735665,0.0270427099219053,0.621446239240613,"Tubb4b","C1qb",0.2,0.04
-3.11693128220701,6.90905954735665,0.0270427099219053,0.621446239240613,"Selenoh","C1qb",0.2,0.04
-3.11693128220701,6.90905954735665,0.0270427099219053,0.621446239240613,"Slc35b2","C1qb",0.2,0.04
-3.11693128220701,6.90905954735665,0.0270427099219053,0.621446239240613,"Hells","C1qb",0.2,0.04
2.24862800555908,6.84439573036476,0.0270427099219053,0.621446239240613,"Eif4e2","C1qb",0.2,0.04
2.24862800555908,6.84439573036476,0.0270427099219053,0.621446239240613,"Bet1","C1qb",0.2,0.04
2.24862800555908,6.84439573036476,0.0270427099219053,0.621446239240613,"Pirb","C1qb",0.2,0.04
2.24862800555908,6.84439573036476,0.0270427099219053,0.621446239240613,"Fndc3a","C1qb",0.2,0.04
2.24862800555908,6.84439573036476,0.0270427099219053,0.621446239240613,"Il18","C1qb",0.2,0.04
2.24862800555908,6.84439573036476,0.0270427099219053,0.621446239240613,"Parp14","C1qb",0.2,0.04
2.24862800555908,6.84439573036476,0.0270427099219053,0.621446239240613,"Pim1","C1qb",0.2,0.04
-1.16168300696323,9.60164901308615,0.0280885167345215,0.644060428772007,"Serbp1","C1qb",0.2,0.04
1.01061692183721,10.6559915925357,0.0281920866587568,0.645017631821951,"H3f3b","C1qb",0.2,0.04
0.951597176460806,11.8498780135104,0.0293467220493298,0.669965757419383,"Rpl19","C1qb",0.2,0.04
-2.46192545591374,7.18214053138039,0.0303481479751617,0.688309190923614,"Colgalt1","C1qb",0.2,0.04
2.11142144648252,7.08403964861771,0.0303481479751617,0.688309190923614,"Mkrn1","C1qb",0.2,0.04
2.11142144648252,7.08403964861771,0.0303481479751617,0.688309190923614,"Irf7","C1qb",0.2,0.04
-1.31061233248654,8.66813395365354,0.0311036963612826,0.703915106588419,"Myb","C1qb",0.2,0.04
0.981249446254843,10.7088170293843,0.0318868392996852,0.720076611284883,"Hspa8","C1qb",0.2,0.04
-2.05935223120175,7.35942850230253,0.0322922385746993,0.726088200538444,"Prdx6","C1qb",0.2,0.04
-2.05935223120175,7.35942850230253,0.0322922385746993,0.726088200538444,"Phip","C1qb",0.2,0.04
1.13599140438099,9.36929862270753,0.0331457974241791,0.73636286722174,"Gnai2","C1qb",0.2,0.04
-1.42265751465765,8.26523434044556,0.0331736841979679,0.73636286722174,"Ranbp1","C1qb",0.2,0.04
1.86338703040407,7.41058143636312,0.033376343413611,0.73636286722174,"Blvrb","C1qb",0.2,0.04
1.64600600293184,7.46279161059414,0.033376343413611,0.73636286722174,"Efhd2","C1qb",0.2,0.04
1.63657046320562,7.62458599411281,0.0339102218453729,0.73636286722174,"Lyn","C1qb",0.2,0.04
3.38459810785116,6.4567726929205,0.0348666017835272,0.73636286722174,"Mertk","C1qb",0.2,0.04
3.38459810785116,6.4567726929205,0.0348666017835272,0.73636286722174,"Rap2b","C1qb",0.2,0.04
3.38459810785116,6.4567726929205,0.0348666017835272,0.73636286722174,"Pilrb2","C1qb",0.2,0.04
3.38459810785116,6.4567726929205,0.0348666017835272,0.73636286722174,"Mcemp1","C1qb",0.2,0.04
3.38459810785116,6.4567726929205,0.0348666017835272,0.73636286722174,"Abi3","C1qb",0.2,0.04
3.38459810785116,6.4567726929205,0.0348666017835272,0.73636286722174,"Rab27b","C1qb",0.2,0.04
3.38459810785116,6.4567726929205,0.0348666017835272,0.73636286722174,"Gda","C1qb",0.2,0.04
-2.77315270945214,6.67075204677788,0.0348666017835272,0.73636286722174,"Usp37","C1qb",0.2,0.04
-2.77315270945214,6.67075204677788,0.0348666017835272,0.73636286722174,"Nifk","C1qb",0.2,0.04
-2.77315270945214,6.67075204677788,0.0348666017835272,0.73636286722174,"Cst7","C1qb",0.2,0.04
-2.77315270945214,6.67075204677788,0.0348666017835272,0.73636286722174,"Rsrc1","C1qb",0.2,0.04
-2.77315270945214,6.67075204677788,0.0348666017835272,0.73636286722174,"Wdfy3","C1qb",0.2,0.04
-2.77315270945214,6.67075204677788,0.0348666017835272,0.73636286722174,"Rfc5","C1qb",0.2,0.04
-2.77315270945214,6.67075204677788,0.0348666017835272,0.73636286722174,"Ezh2","C1qb",0.2,0.04
-2.77315270945214,6.67075204677788,0.0348666017835272,0.73636286722174,"Ruvbl1","C1qb",0.2,0.04
-2.77315270945214,6.67075204677788,0.0348666017835272,0.73636286722174,"Cyb5b","C1qb",0.2,0.04
-2.77315270945214,6.67075204677788,0.0348666017835272,0.73636286722174,"Nrp1","C1qb",0.2,0.04
-2.77315270945214,6.67075204677788,0.0348666017835272,0.73636286722174,"Ktn1","C1qb",0.2,0.04
-2.77315270945214,6.67075204677788,0.0348666017835272,0.73636286722174,"Zdhhc20","C1qb",0.2,0.04
-2.77315270945214,6.67075204677788,0.0348666017835272,0.73636286722174,"Gcnt2","C1qb",0.2,0.04
-2.77315270945214,6.67075204677788,0.0348666017835272,0.73636286722174,"Mapk14","C1qb",0.2,0.04
2.48146482783398,6.55853061393249,0.0348666017835272,0.73636286722174,"Hsd17b10","C1qb",0.2,0.04
2.48146482783398,6.55853061393249,0.0348666017835272,0.73636286722174,"Nadk","C1qb",0.2,0.04
2.48146482783398,6.55853061393249,0.0348666017835272,0.73636286722174,"Tmem55b","C1qb",0.2,0.04
2.48146482783398,6.55853061393249,0.0348666017835272,0.73636286722174,"Ciita","C1qb",0.2,0.04
1.25644892631919,8.66013820168402,0.0361571871988054,0.736810982422645,"Pdcd4","C1qb",0.2,0.04
-1.23546406342347,9.05084906832672,0.0372812456463486,0.736810982422645,"Set","C1qb",0.2,0.04
-1.35759852421946,8.48084939846613,0.0384106816059481,0.736810982422645,"Srsf2","C1qb",0.2,0.04
1.07912865283575,9.51089665194536,0.0384283478326461,0.736810982422645,"Arpc1b","C1qb",0.2,0.04
5.66203454110179,5.91384163724251,0.0409645848047624,0.736810982422645,"Prr5l","C1qb",0.2,0.04
5.66203454110179,5.91384163724251,0.0409645848047624,0.736810982422645,"Hck","C1qb",0.2,0.04
5.66203454110179,5.91384163724251,0.0409645848047624,0.736810982422645,"Gata1","C1qb",0.2,0.04
5.66203454110179,5.91384163724251,0.0409645848047624,0.736810982422645,"Bst1","C1qb",0.2,0.04
5.66203454110179,5.91384163724251,0.0409645848047624,0.736810982422645,"Clec5a","C1qb",0.2,0.04
5.66203454110179,5.91384163724251,0.0409645848047624,0.736810982422645,"Rab43","C1qb",0.2,0.04
5.66203454110179,5.91384163724251,0.0409645848047624,0.736810982422645,"Apoc1","C1qb",0.2,0.04
5.66203454110179,5.91384163724251,0.0409645848047624,0.736810982422645,"Ifitm6","C1qb",0.2,0.04
5.66203454110179,5.91384163724251,0.0409645848047624,0.736810982422645,"Msr1","C1qb",0.2,0.04
5.66203454110179,5.91384163724251,0.0409645848047624,0.736810982422645,"Dnah12","C1qb",0.2,0.04
5.66203454110179,5.91384163724251,0.0409645848047624,0.736810982422645,"Nbeal2","C1qb",0.2,0.04
5.66203454110179,5.91384163724251,0.0409645848047624,0.736810982422645,"Nedd9","C1qb",0.2,0.04
5.66203454110179,5.91384163724251,0.0409645848047624,0.736810982422645,"Dok3","C1qb",0.2,0.04
5.66203454110179,5.91384163724251,0.0409645848047624,0.736810982422645,"F2rl2","C1qb",0.2,0.04
5.66203454110179,5.91384163724251,0.0409645848047624,0.736810982422645,"Selenoo","C1qb",0.2,0.04
5.66203454110179,5.91384163724251,0.0409645848047624,0.736810982422645,"B230307C23Rik","C1qb",0.2,0.04
5.66203454110179,5.91384163724251,0.0409645848047624,0.736810982422645,"Epb41l3","C1qb",0.2,0.04
-5.58186980560014,6.13769340110613,0.0409645848047624,0.736810982422645,"Cab39","C1qb",0.2,0.04
-5.58186980560014,6.13769340110613,0.0409645848047624,0.736810982422645,"Sned1","C1qb",0.2,0.04
-5.58186980560014,6.13769340110613,0.0409645848047624,0.736810982422645,"Cfh","C1qb",0.2,0.04
-5.58186980560014,6.13769340110613,0.0409645848047624,0.736810982422645,"Prrx1","C1qb",0.2,0.04
-5.58186980560014,6.13769340110613,0.0409645848047624,0.736810982422645,"Tor1b","C1qb",0.2,0.04
-5.58186980560014,6.13769340110613,0.0409645848047624,0.736810982422645,"Snrnp200","C1qb",0.2,0.04
-5.58186980560014,6.13769340110613,0.0409645848047624,0.736810982422645,"Atrn","C1qb",0.2,0.04
-5.58186980560014,6.13769340110613,0.0409645848047624,0.736810982422645,"Rab22a","C1qb",0.2,0.04
-5.58186980560014,6.13769340110613,0.0409645848047624,0.736810982422645,"Ar","C1qb",0.2,0.04
-5.58186980560014,6.13769340110613,0.0409645848047624,0.736810982422645,"Tceal8","C1qb",0.2,0.04
-5.58186980560014,6.13769340110613,0.0409645848047624,0.736810982422645,"Pip5k1a","C1qb",0.2,0.04
-5.58186980560014,6.13769340110613,0.0409645848047624,0.736810982422645,"Fam92a","C1qb",0.2,0.04
-5.58186980560014,6.13769340110613,0.0409645848047624,0.736810982422645,"Fam126a","C1qb",0.2,0.04
-5.58186980560014,6.13769340110613,0.0409645848047624,0.736810982422645,"Wdr86","C1qb",0.2,0.04
-5.58186980560014,6.13769340110613,0.0409645848047624,0.736810982422645,"Pole","C1qb",0.2,0.04
-5.58186980560014,6.13769340110613,0.0409645848047624,0.736810982422645,"Pds5b","C1qb",0.2,0.04
-5.58186980560014,6.13769340110613,0.0409645848047624,0.736810982422645,"Ankrd26","C1qb",0.2,0.04
-5.58186980560014,6.13769340110613,0.0409645848047624,0.736810982422645,"Chsy1","C1qb",0.2,0.04
-5.58186980560014,6.13769340110613,0.0409645848047624,0.736810982422645,"Plin1","C1qb",0.2,0.04
-5.58186980560014,6.13769340110613,0.0409645848047624,0.736810982422645,"Abhd17c","C1qb",0.2,0.04
-5.58186980560014,6.13769340110613,0.0409645848047624,0.736810982422645,"Cenpw","C1qb",0.2,0.04
-5.58186980560014,6.13769340110613,0.0409645848047624,0.736810982422645,"Bicc1","C1qb",0.2,0.04
-5.58186980560014,6.13769340110613,0.0409645848047624,0.736810982422645,"Tfam","C1qb",0.2,0.04
-5.58186980560014,6.13769340110613,0.0409645848047624,0.736810982422645,"Col6a2","C1qb",0.2,0.04
-5.58186980560014,6.13769340110613,0.0409645848047624,0.736810982422645,"1500009L16Rik","C1qb",0.2,0.04
-5.58186980560014,6.13769340110613,0.0409645848047624,0.736810982422645,"Fto","C1qb",0.2,0.04
-5.58186980560014,6.13769340110613,0.0409645848047624,0.736810982422645,"E2f4","C1qb",0.2,0.04
-5.58186980560014,6.13769340110613,0.0409645848047624,0.736810982422645,"Agt","C1qb",0.2,0.04
-5.58186980560014,6.13769340110613,0.0409645848047624,0.736810982422645,"Fermt2","C1qb",0.2,0.04
-5.58186980560014,6.13769340110613,0.0409645848047624,0.736810982422645,"Mmp8","C1qb",0.2,0.04
-5.58186980560014,6.13769340110613,0.0409645848047624,0.736810982422645,"Spc24","C1qb",0.2,0.04
-5.58186980560014,6.13769340110613,0.0409645848047624,0.736810982422645,"Clmp","C1qb",0.2,0.04
-5.58186980560014,6.13769340110613,0.0409645848047624,0.736810982422645,"Mb21d1","C1qb",0.2,0.04
-5.58186980560014,6.13769340110613,0.0409645848047624,0.736810982422645,"Atr","C1qb",0.2,0.04
-5.58186980560014,6.13769340110613,0.0409645848047624,0.736810982422645,"Lamb2","C1qb",0.2,0.04
-5.58186980560014,6.13769340110613,0.0409645848047624,0.736810982422645,"Wdr6","C1qb",0.2,0.04
-5.58186980560014,6.13769340110613,0.0409645848047624,0.736810982422645,"Cntrob","C1qb",0.2,0.04
-5.58186980560014,6.13769340110613,0.0409645848047624,0.736810982422645,"Chd3","C1qb",0.2,0.04
-5.58186980560014,6.13769340110613,0.0409645848047624,0.736810982422645,"Slfn9","C1qb",0.2,0.04
-5.58186980560014,6.13769340110613,0.0409645848047624,0.736810982422645,"Ankrd40","C1qb",0.2,0.04
-5.58186980560014,6.13769340110613,0.0409645848047624,0.736810982422645,"Fkbp10","C1qb",0.2,0.04
-5.58186980560014,6.13769340110613,0.0409645848047624,0.736810982422645,"Tk1","C1qb",0.2,0.04
-5.58186980560014,6.13769340110613,0.0409645848047624,0.736810982422645,"Nid1","C1qb",0.2,0.04
-5.58186980560014,6.13769340110613,0.0409645848047624,0.736810982422645,"Serpinb1a","C1qb",0.2,0.04
-5.58186980560014,6.13769340110613,0.0409645848047624,0.736810982422645,"Esm1","C1qb",0.2,0.04
-5.58186980560014,6.13769340110613,0.0409645848047624,0.736810982422645,"Rrm2","C1qb",0.2,0.04
-5.58186980560014,6.13769340110613,0.0409645848047624,0.736810982422645,"Tmem229b","C1qb",0.2,0.04
-5.58186980560014,6.13769340110613,0.0409645848047624,0.736810982422645,"Snai2","C1qb",0.2,0.04
-5.58186980560014,6.13769340110613,0.0409645848047624,0.736810982422645,"Klhl6","C1qb",0.2,0.04
-5.58186980560014,6.13769340110613,0.0409645848047624,0.736810982422645,"Stk38","C1qb",0.2,0.04
-5.58186980560014,6.13769340110613,0.0409645848047624,0.736810982422645,"Slc35a4","C1qb",0.2,0.04
-5.58186980560014,6.13769340110613,0.0409645848047624,0.736810982422645,"Impa2","C1qb",0.2,0.04
-5.58186980560014,6.13769340110613,0.0409645848047624,0.736810982422645,"Slc18a2","C1qb",0.2,0.04
-3.01118631100917,6.83415754965817,0.0410320311307923,0.736810982422645,"Plxdc2","C1qb",0.2,0.04
-3.01118631100917,6.83415754965817,0.0410320311307923,0.736810982422645,"Xpot","C1qb",0.2,0.04
-3.01118631100917,6.83415754965817,0.0410320311307923,0.736810982422645,"Msi2","C1qb",0.2,0.04
-3.01118631100917,6.83415754965817,0.0410320311307923,0.736810982422645,"Fam162a","C1qb",0.2,0.04
2.09822273693137,6.75166778177299,0.0410320311307923,0.736810982422645,"Cir1","C1qb",0.2,0.04
2.09822273693137,6.75166778177299,0.0410320311307923,0.736810982422645,"Ppdpf","C1qb",0.2,0.04
2.09822273693137,6.75166778177299,0.0410320311307923,0.736810982422645,"Abca1","C1qb",0.2,0.04
2.09822273693137,6.75166778177299,0.0410320311307923,0.736810982422645,"Hacd4","C1qb",0.2,0.04
2.09822273693137,6.75166778177299,0.0410320311307923,0.736810982422645,"Snx17","C1qb",0.2,0.04
2.09822273693137,6.75166778177299,0.0410320311307923,0.736810982422645,"Gng11","C1qb",0.2,0.04
2.09822273693137,6.75166778177299,0.0410320311307923,0.736810982422645,"Ypel3","C1qb",0.2,0.04
2.09822273693137,6.75166778177299,0.0410320311307923,0.736810982422645,"Shprh","C1qb",0.2,0.04
2.09822273693137,6.75166778177299,0.0410320311307923,0.736810982422645,"Il10rb","C1qb",0.2,0.04
1.23149602241013,8.70797462228603,0.0415351252756553,0.744563508592631,"Elob","C1qb",0.2,0.04
1.48759847422096,7.94011010916202,0.0428141637683938,0.766175249735254,"Cebpb","C1qb",0.2,0.04
1.03989615136847,9.4519569786591,0.0433401101940302,0.771363602806996,"Arpc2","C1qb",0.2,0.04
-1.63878824010157,7.90096148094526,0.0436929906786516,0.771363602806996,"Ptges3","C1qb",0.2,0.04
1.47950677639779,7.81089234672819,0.0436929906786516,0.771363602806996,"Fermt3","C1qb",0.2,0.04
-2.37524720330053,7.12088355456956,0.0439913106172877,0.771363602806996,"Uchl5","C1qb",0.2,0.04
-2.37524720330053,7.12088355456956,0.0439913106172877,0.771363602806996,"Tmem30a","C1qb",0.2,0.04
-2.37524720330053,7.12088355456956,0.0439913106172877,0.771363602806996,"Syncrip","C1qb",0.2,0.04
-2.28302648385246,7.05673259379758,0.0439913106172877,0.771363602806996,"Pom121","C1qb",0.2,0.04
-2.28302648385246,7.05673259379758,0.0439913106172877,0.771363602806996,"Mcm5","C1qb",0.2,0.04
-2.28302648385246,7.05673259379758,0.0439913106172877,0.771363602806996,"Ctdnep1","C1qb",0.2,0.04
-2.28302648385246,7.05673259379758,0.0439913106172877,0.771363602806996,"Naa50","C1qb",0.2,0.04
1.98698199584443,7.00512931776304,0.0439913106172877,0.771363602806996,"Dock2","C1qb",0.2,0.04
1.98698199584443,7.00512931776304,0.0439913106172877,0.771363602806996,"Csf2ra","C1qb",0.2,0.04
-1.73448501372999,7.74227975685452,0.0444890890976636,0.776178372167097,"Arglu1","C1qb",0.2,0.04
-1.73448501372999,7.74227975685452,0.0444890890976636,0.776178372167097,"Mrpl18","C1qb",0.2,0.04
1.55157444722666,7.72074638483499,0.0444890890976636,0.776178372167097,"Napsa","C1qb",0.2,0.04
1.14767890421933,8.8848267173087,0.0447435186880699,0.77710387365838,"Cox7a2l","C1qb",0.2,0.04
-1.98197432637587,7.30560039824101,0.0452021776641502,0.77710387365838,"Nop56","C1qb",0.2,0.04
-1.98197432637587,7.30560039824101,0.0452021776641502,0.77710387365838,"Osbpl8","C1qb",0.2,0.04
-1.98197432637587,7.30560039824101,0.0452021776641502,0.77710387365838,"Cks2","C1qb",0.2,0.04
1.91446361962519,7.2216285698323,0.0452021776641502,0.77710387365838,"Cfp","C1qb",0.2,0.04
1.91446361962519,7.2216285698323,0.0452021776641502,0.77710387365838,"Trafd1","C1qb",0.2,0.04
-1.72951842430939,7.46936719580124,0.0454359592573193,0.77710387365838,"Mlec","C1qb",0.2,0.04
-1.72951842430939,7.46936719580124,0.0454359592573193,0.77710387365838,"Fkbp4","C1qb",0.2,0.04
1.76453863989704,7.34723939626881,0.0454359592573193,0.77710387365838,"Epsti1","C1qb",0.2,0.04
1.76453863989704,7.34723939626881,0.0454359592573193,0.77710387365838,"Fli1","C1qb",0.2,0.04
1.76453863989704,7.34723939626881,0.0454359592573193,0.77710387365838,"Mpc1","C1qb",0.2,0.04
1.54715761242481,7.40176379423748,0.0454359592573193,0.77710387365838,"Tapbp","C1qb",0.2,0.04
0.878870677226525,11.441055158918,0.0475655219212635,0.812194910318399,"Rps13","C1qb",0.2,0.04
1.12609005047623,8.70235422237447,0.048597148516322,0.82845433083462,"Gmfg","C1qb",0.2,0.04
0.903923583351502,10.7672483897945,0.0500423581871258,0.851699711201115,"H2-D1","C1qb",0.2,0.04
-1.34054572247396,8.2091151505437,0.0506207722996916,0.860140907821958,"Hnrnpc","C1qb",0.2,0.04
-1.37581951270502,8.08245936224846,0.0523243385671565,0.880512947695861,"AC160336.1","C1qb",0.2,0.04
1.41755348501203,7.89573222293602,0.0541358004335875,0.880512947695861,"Atp6v1f","C1qb",0.2,0.04
1.41755348501203,7.89573222293602,0.0541358004335875,0.880512947695861,"Vamp5","C1qb",0.2,0.04
3.19451372104148,6.3356077641004,0.0566303256880976,0.880512947695861,"Cyb5r1","C1qb",0.2,0.04
3.19451372104148,6.3356077641004,0.0566303256880976,0.880512947695861,"Ifi209","C1qb",0.2,0.04
3.19451372104148,6.3356077641004,0.0566303256880976,0.880512947695861,"Rtf2","C1qb",0.2,0.04
3.19451372104148,6.3356077641004,0.0566303256880976,0.880512947695861,"Tlr7","C1qb",0.2,0.04
3.19451372104148,6.3356077641004,0.0566303256880976,0.880512947695861,"Atraid","C1qb",0.2,0.04
3.19451372104148,6.3356077641004,0.0566303256880976,0.880512947695861,"Gpr146","C1qb",0.2,0.04
3.19451372104148,6.3356077641004,0.0566303256880976,0.880512947695861,"Clec4d","C1qb",0.2,0.04
3.19451372104148,6.3356077641004,0.0566303256880976,0.880512947695861,"Fam26f","C1qb",0.2,0.04
3.19451372104148,6.3356077641004,0.0566303256880976,0.880512947695861,"Gm5617","C1qb",0.2,0.04
3.19451372104148,6.3356077641004,0.0566303256880976,0.880512947695861,"Evi2a","C1qb",0.2,0.04
3.19451372104148,6.3356077641004,0.0566303256880976,0.880512947695861,"St3gal1","C1qb",0.2,0.04
3.19451372104148,6.3356077641004,0.0566303256880976,0.880512947695861,"Gsdmd","C1qb",0.2,0.04
3.19451372104148,6.3356077641004,0.0566303256880976,0.880512947695861,"Sft2d1","C1qb",0.2,0.04
-2.6375793258887,6.58107381535515,0.0566303256880976,0.880512947695861,"Ptpn7","C1qb",0.2,0.04
-2.6375793258887,6.58107381535515,0.0566303256880976,0.880512947695861,"Dtl","C1qb",0.2,0.04
-2.6375793258887,6.58107381535515,0.0566303256880976,0.880512947695861,"Nras","C1qb",0.2,0.04
-2.6375793258887,6.58107381535515,0.0566303256880976,0.880512947695861,"Ung","C1qb",0.2,0.04
-2.6375793258887,6.58107381535515,0.0566303256880976,0.880512947695861,"Rrm1","C1qb",0.2,0.04
-2.6375793258887,6.58107381535515,0.0566303256880976,0.880512947695861,"Cmc2","C1qb",0.2,0.04
-2.6375793258887,6.58107381535515,0.0566303256880976,0.880512947695861,"Piezo1","C1qb",0.2,0.04
-2.6375793258887,6.58107381535515,0.0566303256880976,0.880512947695861,"Polr2m","C1qb",0.2,0.04
-2.6375793258887,6.58107381535515,0.0566303256880976,0.880512947695861,"Mybbp1a","C1qb",0.2,0.04
-2.6375793258887,6.58107381535515,0.0566303256880976,0.880512947695861,"Mbtd1","C1qb",0.2,0.04
-2.6375793258887,6.58107381535515,0.0566303256880976,0.880512947695861,"Zbtb1","C1qb",0.2,0.04
-2.6375793258887,6.58107381535515,0.0566303256880976,0.880512947695861,"Klhdc3","C1qb",0.2,0.04
-2.6375793258887,6.58107381535515,0.0566303256880976,0.880512947695861,"Mcfd2","C1qb",0.2,0.04
-2.6375793258887,6.58107381535515,0.0566303256880976,0.880512947695861,"Ppic","C1qb",0.2,0.04
-2.6375793258887,6.58107381535515,0.0566303256880976,0.880512947695861,"Ide","C1qb",0.2,0.04
-2.48793179125059,6.48509257949986,0.0566303256880976,0.880512947695861,"Tbl1xr1","C1qb",0.2,0.04
-2.48793179125059,6.48509257949986,0.0566303256880976,0.880512947695861,"Zfp292","C1qb",0.2,0.04
-2.48793179125059,6.48509257949986,0.0566303256880976,0.880512947695861,"Hebp1","C1qb",0.2,0.04
-2.48793179125059,6.48509257949986,0.0566303256880976,0.880512947695861,"Ppa1","C1qb",0.2,0.04
-2.48793179125059,6.48509257949986,0.0566303256880976,0.880512947695861,"Ckap4","C1qb",0.2,0.04
-2.48793179125059,6.48509257949986,0.0566303256880976,0.880512947695861,"Mbtps1","C1qb",0.2,0.04
-2.48793179125059,6.48509257949986,0.0566303256880976,0.880512947695861,"St3gal4","C1qb",0.2,0.04
-2.48793179125059,6.48509257949986,0.0566303256880976,0.880512947695861,"Arcn1","C1qb",0.2,0.04
-2.48793179125059,6.48509257949986,0.0566303256880976,0.880512947695861,"Arih1","C1qb",0.2,0.04
-2.48793179125059,6.48509257949986,0.0566303256880976,0.880512947695861,"Ppp4r3b","C1qb",0.2,0.04
2.29138044102429,6.44594802666556,0.0566303256880976,0.880512947695861,"Gsn","C1qb",0.2,0.04
2.29138044102429,6.44594802666556,0.0566303256880976,0.880512947695861,"Itga6","C1qb",0.2,0.04
2.29138044102429,6.44594802666556,0.0566303256880976,0.880512947695861,"Pbxip1","C1qb",0.2,0.04
2.29138044102429,6.44594802666556,0.0566303256880976,0.880512947695861,"Mrpl9","C1qb",0.2,0.04
2.29138044102429,6.44594802666556,0.0566303256880976,0.880512947695861,"Ensa","C1qb",0.2,0.04
2.29138044102429,6.44594802666556,0.0566303256880976,0.880512947695861,"Ptafr","C1qb",0.2,0.04
2.29138044102429,6.44594802666556,0.0566303256880976,0.880512947695861,"Mxd1","C1qb",0.2,0.04
2.29138044102429,6.44594802666556,0.0566303256880976,0.880512947695861,"Clec4b1","C1qb",0.2,0.04
2.29138044102429,6.44594802666556,0.0566303256880976,0.880512947695861,"Lair1","C1qb",0.2,0.04
2.29138044102429,6.44594802666556,0.0566303256880976,0.880512947695861,"Nabp2","C1qb",0.2,0.04
2.29138044102429,6.44594802666556,0.0566303256880976,0.880512947695861,"Cyp4f18","C1qb",0.2,0.04
2.29138044102429,6.44594802666556,0.0566303256880976,0.880512947695861,"Plekho2","C1qb",0.2,0.04
2.29138044102429,6.44594802666556,0.0566303256880976,0.880512947695861,"Ip6k1","C1qb",0.2,0.04
2.29138044102429,6.44594802666556,0.0566303256880976,0.880512947695861,"Ubald2","C1qb",0.2,0.04
2.29138044102429,6.44594802666556,0.0566303256880976,0.880512947695861,"Kif2a","C1qb",0.2,0.04
2.29138044102429,6.44594802666556,0.0566303256880976,0.880512947695861,"Id2","C1qb",0.2,0.04
1.08315047076715,8.67573710795041,0.0568266613879101,0.882250830744145,"Tspo","C1qb",0.2,0.04
0.873857843361788,10.6262478082775,0.0577588327013559,0.895293513963717,"Actg1","C1qb",0.2,0.04
1.4695845120647,7.66937936804372,0.0580100081893484,0.895293513963717,"Chmp4b","C1qb",0.2,0.04
1.4695845120647,7.66937936804372,0.0580100081893484,0.895293513963717,"Selplg","C1qb",0.2,0.04
-1.67594805116092,7.70162716495471,0.0580100081893485,0.895293513963717,"Foxp1","C1qb",0.2,0.04
0.972757465684069,9.66065785681547,0.0596685158193467,0.919529727538027,"Gpx4","C1qb",0.2,0.04
-1.48457627681462,7.57176509805343,0.059973578356584,0.921508605293433,"Cnot6l","C1qb",0.2,0.04
-1.48457627681462,7.57176509805343,0.059973578356584,0.921508605293433,"Ctcf","C1qb",0.2,0.04
-1.12826673667448,8.82049124606888,0.061498169510801,0.93836699519939,"Sumo2","C1qb",0.2,0.04
-1.65608022062635,7.41962178930971,0.0618006707791585,0.93836699519939,"Pcna","C1qb",0.2,0.04
-1.65608022062635,7.41962178930971,0.0618006707791585,0.93836699519939,"Adipor2","C1qb",0.2,0.04
-1.65608022062635,7.41962178930971,0.0618006707791585,0.93836699519939,"Nucb1","C1qb",0.2,0.04
-1.65608022062635,7.41962178930971,0.0618006707791585,0.93836699519939,"Eif4a2","C1qb",0.2,0.04
0.798933917752678,12.3374129849905,0.0618623973011726,0.93836699519939,"Tpt1","C1qb",0.2,0.04
-2.89707316645752,6.75490010924607,0.0623388434335588,0.93836699519939,"Map1lc3a","C1qb",0.2,0.04
-2.89707316645752,6.75490010924607,0.0623388434335588,0.93836699519939,"Spcs3","C1qb",0.2,0.04
-2.89707316645752,6.75490010924607,0.0623388434335588,0.93836699519939,"Uchl3","C1qb",0.2,0.04
-2.89707316645752,6.75490010924607,0.0623388434335588,0.93836699519939,"Slc25a39","C1qb",0.2,0.04
-2.89707316645752,6.75490010924607,0.0623388434335588,0.93836699519939,"Hnrnpll","C1qb",0.2,0.04
-2.89707316645752,6.75490010924607,0.0623388434335588,0.93836699519939,"Gm47283","C1qb",0.2,0.04
-2.89707316645752,6.75490010924607,0.0623388434335588,0.93836699519939,"Anxa1","C1qb",0.2,0.04
1.27446538903742,8.12386896405257,0.0624507086520882,0.93836699519939,"Sh3glb1","C1qb",0.2,0.04
1.79991056647873,7.14977019890934,0.0632342788214804,0.93836699519939,"Ssu72","C1qb",0.2,0.04
1.79991056647873,7.14977019890934,0.0632342788214804,0.93836699519939,"Cyth4","C1qb",0.2,0.04
1.79991056647873,7.14977019890934,0.0632342788214804,0.93836699519939,"Ndufs8","C1qb",0.2,0.04
-1.9002099366927,7.24954424336585,0.0632342788214804,0.93836699519939,"Sf3b3","C1qb",0.2,0.04
-1.9002099366927,7.24954424336585,0.0632342788214804,0.93836699519939,"Dnmt1","C1qb",0.2,0.04
-1.19851825969849,8.48678665532342,0.0637358522610697,0.93836699519939,"Snrpf","C1qb",0.2,0.04
-2.18450578037788,6.98940104027255,0.0637646780952338,0.93836699519939,"B4galnt1","C1qb",0.2,0.04
-2.18450578037788,6.98940104027255,0.0637646780952338,0.93836699519939,"Mprip","C1qb",0.2,0.04
1.85078710084881,6.92205052188976,0.0637646780952338,0.93836699519939,"Capg","C1qb",0.2,0.04
1.85078710084881,6.92205052188976,0.0637646780952338,0.93836699519939,"Hist1h2bc","C1qb",0.2,0.04
-1.17421124506311,8.67364133830007,0.0664041117126028,0.93836699519939,"mt-Nd5","C1qb",0.2,0.04
1.22743891604022,8.35438519401505,0.0665284499020061,0.93836699519939,"Unc93b1","C1qb",0.2,0.04
1.34393339283435,7.85007341422816,0.0683736162398161,0.93836699519939,"Igf1","C1qb",0.2,0.04
-1.36761890253368,7.90825915613356,0.0683736162398161,0.93836699519939,"Hnrnpm","C1qb",0.2,0.04
1.40192691258855,7.7625513976156,0.0717909449558736,0.93836699519939,"Fgfr1op2","C1qb",0.2,0.04
1.0413520379151,8.920731459022,0.0724026774512404,0.93836699519939,"Clta","C1qb",0.2,0.04
0.840323287569175,10.3759745385238,0.0732393075147713,0.93836699519939,"Gpx1","C1qb",0.2,0.04
0.949036780532568,9.21312587908224,0.0740343229275918,0.93836699519939,"Cdc42","C1qb",0.2,0.04
0.769024303572279,11.9488974085869,0.0750737157503714,0.93836699519939,"Rplp0","C1qb",0.2,0.04
-5.36448877812791,6.00409330351063,0.075101738808731,0.93836699519939,"Stx6","C1qb",0.2,0.04
-5.36448877812791,6.00409330351063,0.075101738808731,0.93836699519939,"Sptan1","C1qb",0.2,0.04
-5.36448877812791,6.00409330351063,0.075101738808731,0.93836699519939,"Grb14","C1qb",0.2,0.04
-5.36448877812791,6.00409330351063,0.075101738808731,0.93836699519939,"B230118H07Rik","C1qb",0.2,0.04
-5.36448877812791,6.00409330351063,0.075101738808731,0.93836699519939,"Knstrn","C1qb",0.2,0.04
-5.36448877812791,6.00409330351063,0.075101738808731,0.93836699519939,"Rin2","C1qb",0.2,0.04
-5.36448877812791,6.00409330351063,0.075101738808731,0.93836699519939,"Pmepa1","C1qb",0.2,0.04
-5.36448877812791,6.00409330351063,0.075101738808731,0.93836699519939,"Mmgt1","C1qb",0.2,0.04
-5.36448877812791,6.00409330351063,0.075101738808731,0.93836699519939,"Gpm6b","C1qb",0.2,0.04
-5.36448877812791,6.00409330351063,0.075101738808731,0.93836699519939,"Zc2hc1a","C1qb",0.2,0.04
-5.36448877812791,6.00409330351063,0.075101738808731,0.93836699519939,"Proser1","C1qb",0.2,0.04
-5.36448877812791,6.00409330351063,0.075101738808731,0.93836699519939,"Cd1d1","C1qb",0.2,0.04
-5.36448877812791,6.00409330351063,0.075101738808731,0.93836699519939,"Kirrel","C1qb",0.2,0.04
-5.36448877812791,6.00409330351063,0.075101738808731,0.93836699519939,"Smg5","C1qb",0.2,0.04
-5.36448877812791,6.00409330351063,0.075101738808731,0.93836699519939,"Enpep","C1qb",0.2,0.04
-5.36448877812791,6.00409330351063,0.075101738808731,0.93836699519939,"Svep1","C1qb",0.2,0.04
-5.36448877812791,6.00409330351063,0.075101738808731,0.93836699519939,"Ctps","C1qb",0.2,0.04
-5.36448877812791,6.00409330351063,0.075101738808731,0.93836699519939,"Clspn","C1qb",0.2,0.04
-5.36448877812791,6.00409330351063,0.075101738808731,0.93836699519939,"Cenps","C1qb",0.2,0.04
-5.36448877812791,6.00409330351063,0.075101738808731,0.93836699519939,"Galnt11","C1qb",0.2,0.04
-5.36448877812791,6.00409330351063,0.075101738808731,0.93836699519939,"Babam2","C1qb",0.2,0.04
-5.36448877812791,6.00409330351063,0.075101738808731,0.93836699519939,"Lcorl","C1qb",0.2,0.04
-5.36448877812791,6.00409330351063,0.075101738808731,0.93836699519939,"Tgfbr3","C1qb",0.2,0.04
-5.36448877812791,6.00409330351063,0.075101738808731,0.93836699519939,"Fbrsl1","C1qb",0.2,0.04
-5.36448877812791,6.00409330351063,0.075101738808731,0.93836699519939,"Bri3bp","C1qb",0.2,0.04
-5.36448877812791,6.00409330351063,0.075101738808731,0.93836699519939,"Ints1","C1qb",0.2,0.04
-5.36448877812791,6.00409330351063,0.075101738808731,0.93836699519939,"Smo","C1qb",0.2,0.04
-5.36448877812791,6.00409330351063,0.075101738808731,0.93836699519939,"Cdkn1b","C1qb",0.2,0.04
-5.36448877812791,6.00409330351063,0.075101738808731,0.93836699519939,"Gramd1a","C1qb",0.2,0.04
-5.36448877812791,6.00409330351063,0.075101738808731,0.93836699519939,"Atf5","C1qb",0.2,0.04
-5.36448877812791,6.00409330351063,0.075101738808731,0.93836699519939,"Rcn3","C1qb",0.2,0.04
-5.36448877812791,6.00409330351063,0.075101738808731,0.93836699519939,"Fzd4","C1qb",0.2,0.04
-5.36448877812791,6.00409330351063,0.075101738808731,0.93836699519939,"Smpd1","C1qb",0.2,0.04
-5.36448877812791,6.00409330351063,0.075101738808731,0.93836699519939,"Mgmt","C1qb",0.2,0.04
-5.36448877812791,6.00409330351063,0.075101738808731,0.93836699519939,"Fbxo5","C1qb",0.2,0.04
-5.36448877812791,6.00409330351063,0.075101738808731,0.93836699519939,"Rspo3","C1qb",0.2,0.04
-5.36448877812791,6.00409330351063,0.075101738808731,0.93836699519939,"Gcc2","C1qb",0.2,0.04
-5.36448877812791,6.00409330351063,0.075101738808731,0.93836699519939,"Vezt","C1qb",0.2,0.04
-5.36448877812791,6.00409330351063,0.075101738808731,0.93836699519939,"Csrp2","C1qb",0.2,0.04
-5.36448877812791,6.00409330351063,0.075101738808731,0.93836699519939,"Prim1","C1qb",0.2,0.04
-5.36448877812791,6.00409330351063,0.075101738808731,0.93836699519939,"Map1s","C1qb",0.2,0.04
-5.36448877812791,6.00409330351063,0.075101738808731,0.93836699519939,"Gnpat","C1qb",0.2,0.04
-5.36448877812791,6.00409330351063,0.075101738808731,0.93836699519939,"Bmp1","C1qb",0.2,0.04
-5.36448877812791,6.00409330351063,0.075101738808731,0.93836699519939,"Ptpn9","C1qb",0.2,0.04
-5.36448877812791,6.00409330351063,0.075101738808731,0.93836699519939,"Ibtk","C1qb",0.2,0.04
-5.36448877812791,6.00409330351063,0.075101738808731,0.93836699519939,"Ltf","C1qb",0.2,0.04
-5.36448877812791,6.00409330351063,0.075101738808731,0.93836699519939,"Zmat5","C1qb",0.2,0.04
-5.36448877812791,6.00409330351063,0.075101738808731,0.93836699519939,"Etaa1","C1qb",0.2,0.04
-5.36448877812791,6.00409330351063,0.075101738808731,0.93836699519939,"0610010F05Rik","C1qb",0.2,0.04
-5.36448877812791,6.00409330351063,0.075101738808731,0.93836699519939,"Pank3","C1qb",0.2,0.04
-5.36448877812791,6.00409330351063,0.075101738808731,0.93836699519939,"Adamts2","C1qb",0.2,0.04
-5.36448877812791,6.00409330351063,0.075101738808731,0.93836699519939,"Tlcd2","C1qb",0.2,0.04
-5.36448877812791,6.00409330351063,0.075101738808731,0.93836699519939,"Atad5","C1qb",0.2,0.04
-5.36448877812791,6.00409330351063,0.075101738808731,0.93836699519939,"Mmd","C1qb",0.2,0.04
-5.36448877812791,6.00409330351063,0.075101738808731,0.93836699519939,"Hist1h1b","C1qb",0.2,0.04
-5.36448877812791,6.00409330351063,0.075101738808731,0.93836699519939,"Foxc1","C1qb",0.2,0.04
-5.36448877812791,6.00409330351063,0.075101738808731,0.93836699519939,"Mfsd14b","C1qb",0.2,0.04
-5.36448877812791,6.00409330351063,0.075101738808731,0.93836699519939,"Slc12a7","C1qb",0.2,0.04
-5.36448877812791,6.00409330351063,0.075101738808731,0.93836699519939,"Erap1","C1qb",0.2,0.04
-5.36448877812791,6.00409330351063,0.075101738808731,0.93836699519939,"Jmy","C1qb",0.2,0.04
-5.36448877812791,6.00409330351063,0.075101738808731,0.93836699519939,"Serf1","C1qb",0.2,0.04
-5.36448877812791,6.00409330351063,0.075101738808731,0.93836699519939,"Cenpk","C1qb",0.2,0.04
-5.36448877812791,6.00409330351063,0.075101738808731,0.93836699519939,"Riox1","C1qb",0.2,0.04
-5.36448877812791,6.00409330351063,0.075101738808731,0.93836699519939,"Ltbp2","C1qb",0.2,0.04
-5.36448877812791,6.00409330351063,0.075101738808731,0.93836699519939,"Cbx6","C1qb",0.2,0.04
-5.36448877812791,6.00409330351063,0.075101738808731,0.93836699519939,"Yaf2","C1qb",0.2,0.04
-5.36448877812791,6.00409330351063,0.075101738808731,0.93836699519939,"Rfc4","C1qb",0.2,0.04
-5.36448877812791,6.00409330351063,0.075101738808731,0.93836699519939,"Ccdc58","C1qb",0.2,0.04
-5.36448877812791,6.00409330351063,0.075101738808731,0.93836699519939,"Ltn1","C1qb",0.2,0.04
-5.36448877812791,6.00409330351063,0.075101738808731,0.93836699519939,"Tiam1","C1qb",0.2,0.04
-5.36448877812791,6.00409330351063,0.075101738808731,0.93836699519939,"Nme4","C1qb",0.2,0.04
-5.36448877812791,6.00409330351063,0.075101738808731,0.93836699519939,"Fkbp5","C1qb",0.2,0.04
-5.36448877812791,6.00409330351063,0.075101738808731,0.93836699519939,"Nfkbie","C1qb",0.2,0.04
-5.36448877812791,6.00409330351063,0.075101738808731,0.93836699519939,"Polr1c","C1qb",0.2,0.04
-5.36448877812791,6.00409330351063,0.075101738808731,0.93836699519939,"Mpnd","C1qb",0.2,0.04
-5.36448877812791,6.00409330351063,0.075101738808731,0.93836699519939,"Chaf1a","C1qb",0.2,0.04
-5.36448877812791,6.00409330351063,0.075101738808731,0.93836699519939,"Mllt1","C1qb",0.2,0.04
-5.36448877812791,6.00409330351063,0.075101738808731,0.93836699519939,"Clpp","C1qb",0.2,0.04
-5.36448877812791,6.00409330351063,0.075101738808731,0.93836699519939,"Qpct","C1qb",0.2,0.04
-5.36448877812791,6.00409330351063,0.075101738808731,0.93836699519939,"Gemin6","C1qb",0.2,0.04
-5.36448877812791,6.00409330351063,0.075101738808731,0.93836699519939,"Thoc1","C1qb",0.2,0.04
-5.36448877812791,6.00409330351063,0.075101738808731,0.93836699519939,"Cep192","C1qb",0.2,0.04
-5.36448877812791,6.00409330351063,0.075101738808731,0.93836699519939,"Efemp2","C1qb",0.2,0.04
-5.36448877812791,6.00409330351063,0.075101738808731,0.93836699519939,"Incenp","C1qb",0.2,0.04
-5.36448877812791,6.00409330351063,0.075101738808731,0.93836699519939,"Marveld1","C1qb",0.2,0.04
-5.36448877812791,6.00409330351063,0.075101738808731,0.93836699519939,"Trub1","C1qb",0.2,0.04
5.34721207265634,5.73752045734537,0.075101738808731,0.93836699519939,"Ppox","C1qb",0.2,0.04
5.34721207265634,5.73752045734537,0.075101738808731,0.93836699519939,"Kcnj9","C1qb",0.2,0.04
5.34721207265634,5.73752045734537,0.075101738808731,0.93836699519939,"Ifi206","C1qb",0.2,0.04
5.34721207265634,5.73752045734537,0.075101738808731,0.93836699519939,"Ifi213","C1qb",0.2,0.04
5.34721207265634,5.73752045734537,0.075101738808731,0.93836699519939,"Traf3ip3","C1qb",0.2,0.04
5.34721207265634,5.73752045734537,0.075101738808731,0.93836699519939,"Ube2l6","C1qb",0.2,0.04
5.34721207265634,5.73752045734537,0.075101738808731,0.93836699519939,"Rasgrp1","C1qb",0.2,0.04
5.34721207265634,5.73752045734537,0.075101738808731,0.93836699519939,"Smox","C1qb",0.2,0.04
5.34721207265634,5.73752045734537,0.075101738808731,0.93836699519939,"Sulf2","C1qb",0.2,0.04
5.34721207265634,5.73752045734537,0.075101738808731,0.93836699519939,"Timm17b","C1qb",0.2,0.04
5.34721207265634,5.73752045734537,0.075101738808731,0.93836699519939,"Lage3","C1qb",0.2,0.04
5.34721207265634,5.73752045734537,0.075101738808731,0.93836699519939,"Ptpn22","C1qb",0.2,0.04
5.34721207265634,5.73752045734537,0.075101738808731,0.93836699519939,"Tifa","C1qb",0.2,0.04
5.34721207265634,5.73752045734537,0.075101738808731,0.93836699519939,"Supt7l","C1qb",0.2,0.04
5.34721207265634,5.73752045734537,0.075101738808731,0.93836699519939,"Hpse","C1qb",0.2,0.04
5.34721207265634,5.73752045734537,0.075101738808731,0.93836699519939,"Ache","C1qb",0.2,0.04
5.34721207265634,5.73752045734537,0.075101738808731,0.93836699519939,"Spsb2","C1qb",0.2,0.04
5.34721207265634,5.73752045734537,0.075101738808731,0.93836699519939,"Clpb","C1qb",0.2,0.04
5.34721207265634,5.73752045734537,0.075101738808731,0.93836699519939,"Orai3","C1qb",0.2,0.04
5.34721207265634,5.73752045734537,0.075101738808731,0.93836699519939,"Ate1","C1qb",0.2,0.04
5.34721207265634,5.73752045734537,0.075101738808731,0.93836699519939,"Stx11","C1qb",0.2,0.04
5.34721207265634,5.73752045734537,0.075101738808731,0.93836699519939,"Gm46224","C1qb",0.2,0.04
5.34721207265634,5.73752045734537,0.075101738808731,0.93836699519939,"Nlrc5","C1qb",0.2,0.04
5.34721207265634,5.73752045734537,0.075101738808731,0.93836699519939,"Ap3m1","C1qb",0.2,0.04
5.34721207265634,5.73752045734537,0.075101738808731,0.93836699519939,"Irf9","C1qb",0.2,0.04
5.34721207265634,5.73752045734537,0.075101738808731,0.93836699519939,"Phf11b","C1qb",0.2,0.04
5.34721207265634,5.73752045734537,0.075101738808731,0.93836699519939,"Jaml","C1qb",0.2,0.04
5.34721207265634,5.73752045734537,0.075101738808731,0.93836699519939,"Gm16141","C1qb",0.2,0.04
5.34721207265634,5.73752045734537,0.075101738808731,0.93836699519939,"Cd300lf","C1qb",0.2,0.04
5.34721207265634,5.73752045734537,0.075101738808731,0.93836699519939,"Lyst","C1qb",0.2,0.04
5.34721207265634,5.73752045734537,0.075101738808731,0.93836699519939,"Cd83","C1qb",0.2,0.04
5.34721207265634,5.73752045734537,0.075101738808731,0.93836699519939,"Tspan17","C1qb",0.2,0.04
5.34721207265634,5.73752045734537,0.075101738808731,0.93836699519939,"Wdr20","C1qb",0.2,0.04
5.34721207265634,5.73752045734537,0.075101738808731,0.93836699519939,"Gp5","C1qb",0.2,0.04
5.34721207265634,5.73752045734537,0.075101738808731,0.93836699519939,"Stfa2l1","C1qb",0.2,0.04
5.34721207265634,5.73752045734537,0.075101738808731,0.93836699519939,"Dennd1c","C1qb",0.2,0.04
5.34721207265634,5.73752045734537,0.075101738808731,0.93836699519939,"Nmrk1","C1qb",0.2,0.04
0.9213658181952,9.65709365324945,0.0754287400514343,0.941325412627529,"Npc2","C1qb",0.2,0.04
1.38265273927989,7.6162898329672,0.0755371255304214,0.941551769007033,"Stat1","C1qb",0.2,0.04
0.93110740125192,9.51473629753989,0.0774804435624063,0.964136001290476,"Atp5e","C1qb",0.2,0.04
-1.14328363312217,8.6529692208556,0.0775337970940966,0.964136001290476,"Cdk6","C1qb",0.2,0.04
0.979079353084802,9.1103079042669,0.079573746210387,0.984025612805216,"Ifitm2","C1qb",0.2,0.04
1.35828253688451,7.45411551311812,0.0796048708144927,0.984025612805216,"P2rx4","C1qb",0.2,0.04
1.35828253688451,7.45411551311812,0.0796048708144927,0.984025612805216,"Psmb10","C1qb",0.2,0.04
1.35828253688451,7.45411551311812,0.0796048708144927,0.984025612805216,"Vmp1","C1qb",0.2,0.04
1.35828253688451,7.45411551311812,0.0796048708144927,0.984025612805216,"Prr13","C1qb",0.2,0.04
1.29363302800666,7.93259157717966,0.0813077284300526,0.990986972653693,"Taf10","C1qb",0.2,0.04
1.179519883455,7.96843771419786,0.0813077284300526,0.990986972653693,"Cd9","C1qb",0.2,0.04
1.179519883455,7.96843771419786,0.0813077284300526,0.990986972653693,"Gdi2","C1qb",0.2,0.04
-1.28008088961918,8.01816048941823,0.0813077284300527,0.990986972653693,"Emb","C1qb",0.2,0.04
1.00654018940382,8.74324585898612,0.0821231746378032,0.990986972653693,"Gnb2","C1qb",0.2,0.04
0.956313207573523,9.05360739172061,0.0827138142049734,0.990986972653693,"Cd47","C1qb",0.2,0.04
1.65841604824558,7.2812494931973,0.0839319949325028,0.990986972653693,"Tor1aip1","C1qb",0.2,0.04
1.65841604824558,7.2812494931973,0.0839319949325028,0.990986972653693,"Arhgap30","C1qb",0.2,0.04
1.65841604824558,7.2812494931973,0.0839319949325028,0.990986972653693,"Tprgl","C1qb",0.2,0.04
1.65841604824558,7.2812494931973,0.0839319949325028,0.990986972653693,"Atp6v1b2","C1qb",0.2,0.04
1.65841604824558,7.2812494931973,0.0839319949325028,0.990986972653693,"Fam49b","C1qb",0.2,0.04
1.65841604824558,7.2812494931973,0.0839319949325028,0.990986972653693,"Adgre1","C1qb",0.2,0.04
-1.57870231580047,7.36797485097103,0.0839319949325028,0.990986972653693,"Rcc2","C1qb",0.2,0.04
-1.57870231580047,7.36797485097103,0.0839319949325028,0.990986972653693,"Nisch","C1qb",0.2,0.04
-1.57870231580047,7.36797485097103,0.0839319949325028,0.990986972653693,"Psmc6","C1qb",0.2,0.04
1.44103502077335,7.33828752875963,0.0839319949325028,0.990986972653693,"Chmp2a","C1qb",0.2,0.04
1.44103502077335,7.33828752875963,0.0839319949325028,0.990986972653693,"Supt16","C1qb",0.2,0.04
1.44103502077335,7.33828752875963,0.0839319949325028,0.990986972653693,"Hcls1","C1qb",0.2,0.04
1.04713429973683,8.46346530030725,0.0854796856518306,0.990986972653693,"Pkm","C1qb",0.2,0.04
-0.989858402751935,9.02870560871459,0.0861436691300297,0.990986972653693,"Nap1l1","C1qb",0.2,0.04
-0.986747851557098,8.88487300088931,0.0862225244013532,0.990986972653693,"Hspe1","C1qb",0.2,0.04
-0.986747851557098,8.88487300088931,0.0862225244013532,0.990986972653693,"Hnrnpa3","C1qb",0.2,0.04
-1.31347615250856,7.87215128654602,0.086227685794701,0.990986972653693,"Sod1","C1qb",0.2,0.04
0.744244116421852,11.621084647118,0.087689229003255,0.990986972653693,"Rpl18","C1qb",0.2,0.04
-1.8135316840795,7.19106738637768,0.0883315892041972,0.990986972653693,"Ivns1abp","C1qb",0.2,0.04
-1.8135316840795,7.19106738637768,0.0883315892041972,0.990986972653693,"Rif1","C1qb",0.2,0.04
-1.8135316840795,7.19106738637768,0.0883315892041972,0.990986972653693,"Srm","C1qb",0.2,0.04
-1.8135316840795,7.19106738637768,0.0883315892041972,0.990986972653693,"Pdap1","C1qb",0.2,0.04
-1.72131096463143,7.12995122274838,0.0883315892041972,0.990986972653693,"Bod1l","C1qb",0.2,0.04
-1.72131096463143,7.12995122274838,0.0883315892041972,0.990986972653693,"Pole4","C1qb",0.2,0.04
-1.72131096463143,7.12995122274838,0.0883315892041972,0.990986972653693,"Fkbp3","C1qb",0.2,0.04
-1.72131096463143,7.12995122274838,0.0883315892041972,0.990986972653693,"Brd2","C1qb",0.2,0.04
1.67547111584064,7.07448045881824,0.0883315892041972,0.990986972653693,"Plin2","C1qb",0.2,0.04
1.67547111584064,7.07448045881824,0.0883315892041972,0.990986972653693,"Fcgrt","C1qb",0.2,0.04
1.67547111584064,7.07448045881824,0.0883315892041972,0.990986972653693,"Adcy7","C1qb",0.2,0.04
1.67547111584064,7.07448045881824,0.0883315892041972,0.990986972653693,"Trappc6b","C1qb",0.2,0.04
1.67547111584064,7.07448045881824,0.0883315892041972,0.990986972653693,"H2-T22","C1qb",0.2,0.04
-1.41767024715497,7.74994970829378,0.091812305918561,0.990986972653693,"Ndufc1","C1qb",0.2,0.04
-1.41767024715497,7.74994970829378,0.091812305918561,0.990986972653693,"St13","C1qb",0.2,0.04
-1.41767024715497,7.74994970829378,0.091812305918561,0.990986972653693,"U2af1","C1qb",0.2,0.04
1.31993697742658,7.71268853551946,0.091812305918561,0.990986972653693,"Snx5","C1qb",0.2,0.04
0.749241426139334,11.3598775173328,0.0920969212579881,0.990986972653693,"Rpl34","C1qb",0.2,0.04
2.97552849975269,6.20417543888486,0.0922986509761439,0.990986972653693,"Itpkb","C1qb",0.2,0.04
2.97552849975269,6.20417543888486,0.0922986509761439,0.990986972653693,"Vav2","C1qb",0.2,0.04
2.97552849975269,6.20417543888486,0.0922986509761439,0.990986972653693,"Immp1l","C1qb",0.2,0.04
2.97552849975269,6.20417543888486,0.0922986509761439,0.990986972653693,"Il13ra1","C1qb",0.2,0.04
2.97552849975269,6.20417543888486,0.0922986509761439,0.990986972653693,"Ugcg","C1qb",0.2,0.04
2.97552849975269,6.20417543888486,0.0922986509761439,0.990986972653693,"Mdm2","C1qb",0.2,0.04
2.97552849975269,6.20417543888486,0.0922986509761439,0.990986972653693,"Aasdhppt","C1qb",0.2,0.04
2.97552849975269,6.20417543888486,0.0922986509761439,0.990986972653693,"Tmem158","C1qb",0.2,0.04
2.97552849975269,6.20417543888486,0.0922986509761439,0.990986972653693,"Unc119","C1qb",0.2,0.04
2.97552849975269,6.20417543888486,0.0922986509761439,0.990986972653693,"Tmem106a","C1qb",0.2,0.04
-2.32094584010966,6.38186254530003,0.0922986509761439,0.990986972653693,"Npl","C1qb",0.2,0.04
-2.32094584010966,6.38186254530003,0.0922986509761439,0.990986972653693,"Chp1","C1qb",0.2,0.04
-2.32094584010966,6.38186254530003,0.0922986509761439,0.990986972653693,"Atp8b4","C1qb",0.2,0.04
-2.32094584010966,6.38186254530003,0.0922986509761439,0.990986972653693,"Ints6l","C1qb",0.2,0.04
-2.32094584010966,6.38186254530003,0.0922986509761439,0.990986972653693,"Prps1","C1qb",0.2,0.04
-2.32094584010966,6.38186254530003,0.0922986509761439,0.990986972653693,"Plk4","C1qb",0.2,0.04
-2.32094584010966,6.38186254530003,0.0922986509761439,0.990986972653693,"Setd7","C1qb",0.2,0.04
-2.32094584010966,6.38186254530003,0.0922986509761439,0.990986972653693,"Smc2","C1qb",0.2,0.04
-2.32094584010966,6.38186254530003,0.0922986509761439,0.990986972653693,"Rpa2","C1qb",0.2,0.04
-2.32094584010966,6.38186254530003,0.0922986509761439,0.990986972653693,"Polr2b","C1qb",0.2,0.04
-2.32094584010966,6.38186254530003,0.0922986509761439,0.990986972653693,"Ythdc1","C1qb",0.2,0.04
-2.32094584010966,6.38186254530003,0.0922986509761439,0.990986972653693,"Pan3","C1qb",0.2,0.04
-2.32094584010966,6.38186254530003,0.0922986509761439,0.990986972653693,"Rfc3","C1qb",0.2,0.04
-2.32094584010966,6.38186254530003,0.0922986509761439,0.990986972653693,"Calu","C1qb",0.2,0.04
-2.32094584010966,6.38186254530003,0.0922986509761439,0.990986972653693,"Abcg2","C1qb",0.2,0.04
-2.32094584010966,6.38186254530003,0.0922986509761439,0.990986972653693,"Ccdc174","C1qb",0.2,0.04
-2.32094584010966,6.38186254530003,0.0922986509761439,0.990986972653693,"Tmf1","C1qb",0.2,0.04
-2.32094584010966,6.38186254530003,0.0922986509761439,0.990986972653693,"Emc10","C1qb",0.2,0.04
-2.32094584010966,6.38186254530003,0.0922986509761439,0.990986972653693,"E2f8","C1qb",0.2,0.04
-2.32094584010966,6.38186254530003,0.0922986509761439,0.990986972653693,"Xpo6","C1qb",0.2,0.04
-2.32094584010966,6.38186254530003,0.0922986509761439,0.990986972653693,"Leprotl1","C1qb",0.2,0.04
-2.32094584010966,6.38186254530003,0.0922986509761439,0.990986972653693,"Mast3","C1qb",0.2,0.04
-2.32094584010966,6.38186254530003,0.0922986509761439,0.990986972653693,"Gins2","C1qb",0.2,0.04
-2.32094584010966,6.38186254530003,0.0922986509761439,0.990986972653693,"Nt5dc2","C1qb",0.2,0.04
-2.32094584010966,6.38186254530003,0.0922986509761439,0.990986972653693,"Dag1","C1qb",0.2,0.04
-2.32094584010966,6.38186254530003,0.0922986509761439,0.990986972653693,"Anxa6","C1qb",0.2,0.04
-2.32094584010966,6.38186254530003,0.0922986509761439,0.990986972653693,"Rpa1","C1qb",0.2,0.04
-2.32094584010966,6.38186254530003,0.0922986509761439,0.990986972653693,"Cdk12","C1qb",0.2,0.04
-2.32094584010966,6.38186254530003,0.0922986509761439,0.990986972653693,"Mrps7","C1qb",0.2,0.04
-2.32094584010966,6.38186254530003,0.0922986509761439,0.990986972653693,"Tuba1c","C1qb",0.2,0.04
-2.32094584010966,6.38186254530003,0.0922986509761439,0.990986972653693,"Glo1","C1qb",0.2,0.04
-2.32094584010966,6.38186254530003,0.0922986509761439,0.990986972653693,"Akap8","C1qb",0.2,0.04
-2.32094584010966,6.38186254530003,0.0922986509761439,0.990986972653693,"Nelfe","C1qb",0.2,0.04
-2.32094584010966,6.38186254530003,0.0922986509761439,0.990986972653693,"Rab5a","C1qb",0.2,0.04
-2.32094584010966,6.38186254530003,0.0922986509761439,0.990986972653693,"Smad4","C1qb",0.2,0.04
-2.32094584010966,6.38186254530003,0.0922986509761439,0.990986972653693,"Smarca2","C1qb",0.2,0.04
2.07239521973551,6.32459537282578,0.0922986509761439,0.990986972653693,"Stk17b","C1qb",0.2,0.04
2.07239521973551,6.32459537282578,0.0922986509761439,0.990986972653693,"Ifih1","C1qb",0.2,0.04
2.07239521973551,6.32459537282578,0.0922986509761439,0.990986972653693,"Tm9sf4","C1qb",0.2,0.04
2.07239521973551,6.32459537282578,0.0922986509761439,0.990986972653693,"Stk4","C1qb",0.2,0.04
2.07239521973551,6.32459537282578,0.0922986509761439,0.990986972653693,"Ogfr","C1qb",0.2,0.04
2.07239521973551,6.32459537282578,0.0922986509761439,0.990986972653693,"Pdzk1ip1","C1qb",0.2,0.04
2.07239521973551,6.32459537282578,0.0922986509761439,0.990986972653693,"Pxn","C1qb",0.2,0.04
2.07239521973551,6.32459537282578,0.0922986509761439,0.990986972653693,"Pilra","C1qb",0.2,0.04
2.07239521973551,6.32459537282578,0.0922986509761439,0.990986972653693,"Arhgap25","C1qb",0.2,0.04
2.07239521973551,6.32459537282578,0.0922986509761439,0.990986972653693,"Ldhb","C1qb",0.2,0.04
2.07239521973551,6.32459537282578,0.0922986509761439,0.990986972653693,"Prr14","C1qb",0.2,0.04
2.07239521973551,6.32459537282578,0.0922986509761439,0.990986972653693,"Atg5","C1qb",0.2,0.04
2.07239521973551,6.32459537282578,0.0922986509761439,0.990986972653693,"Armc8","C1qb",0.2,0.04
2.07239521973551,6.32459537282578,0.0922986509761439,0.990986972653693,"Abr","C1qb",0.2,0.04
2.07239521973551,6.32459537282578,0.0922986509761439,0.990986972653693,"Itgb3","C1qb",0.2,0.04
2.07239521973551,6.32459537282578,0.0922986509761439,0.990986972653693,"Apopt1","C1qb",0.2,0.04
2.07239521973551,6.32459537282578,0.0922986509761439,0.990986972653693,"Myo1f","C1qb",0.2,0.04
2.07239521973551,6.32459537282578,0.0922986509761439,0.990986972653693,"Iws1","C1qb",0.2,0.04
2.07239521973551,6.32459537282578,0.0922986509761439,0.990986972653693,"Zfp236","C1qb",0.2,0.04
2.07239521973551,6.32459537282578,0.0922986509761439,0.990986972653693,"Uqcc3","C1qb",0.2,0.04
2.07239521973551,6.32459537282578,0.0922986509761439,0.990986972653693,"Rab3il1","C1qb",0.2,0.04
-2.07876080918005,6.91855778986874,0.0923262088967114,0.990986972653693,"Atic","C1qb",0.2,0.04
-2.07876080918005,6.91855778986874,0.0923262088967114,0.990986972653693,"Cdca7","C1qb",0.2,0.04
-2.07876080918005,6.91855778986874,0.0923262088967114,0.990986972653693,"Thoc2","C1qb",0.2,0.04
-2.07876080918005,6.91855778986874,0.0923262088967114,0.990986972653693,"Abcf2","C1qb",0.2,0.04
-2.07876080918005,6.91855778986874,0.0923262088967114,0.990986972653693,"Mcm2","C1qb",0.2,0.04
-2.07876080918005,6.91855778986874,0.0923262088967114,0.990986972653693,"Pparg","C1qb",0.2,0.04
-2.07876080918005,6.91855778986874,0.0923262088967114,0.990986972653693,"Slc38a10","C1qb",0.2,0.04
-2.07876080918005,6.91855778986874,0.0923262088967114,0.990986972653693,"Arhgap5","C1qb",0.2,0.04
-2.07876080918005,6.91855778986874,0.0923262088967114,0.990986972653693,"Atp13a3","C1qb",0.2,0.04
-2.07876080918005,6.91855778986874,0.0923262088967114,0.990986972653693,"Rab44","C1qb",0.2,0.04
-2.07876080918005,6.91855778986874,0.0923262088967114,0.990986972653693,"Lmnb1","C1qb",0.2,0.04
1.7003818322211,6.83433830796526,0.0923262088967114,0.990986972653693,"Cd84","C1qb",0.2,0.04
1.7003818322211,6.83433830796526,0.0923262088967114,0.990986972653693,"Yipf1","C1qb",0.2,0.04
1.7003818322211,6.83433830796526,0.0923262088967114,0.990986972653693,"Scarb2","C1qb",0.2,0.04
1.7003818322211,6.83433830796526,0.0923262088967114,0.990986972653693,"Por","C1qb",0.2,0.04
1.7003818322211,6.83433830796526,0.0923262088967114,0.990986972653693,"Trim30a","C1qb",0.2,0.04
1.7003818322211,6.83433830796526,0.0923262088967114,0.990986972653693,"Glipr1","C1qb",0.2,0.04
1.7003818322211,6.83433830796526,0.0923262088967114,0.990986972653693,"Jund","C1qb",0.2,0.04
1.7003818322211,6.83433830796526,0.0923262088967114,0.990986972653693,"Gng2","C1qb",0.2,0.04
-1.16081401305108,8.08934129125444,0.0946878444889178,1,"Cd63","C1qb",0.2,0.04
1.93029253117197,6.65310749908617,0.094716842521096,1,"Itga4","C1qb",0.2,0.04
1.93029253117197,6.65310749908617,0.094716842521096,1,"Snap23","C1qb",0.2,0.04
1.93029253117197,6.65310749908617,0.094716842521096,1,"Taf12","C1qb",0.2,0.04
1.93029253117197,6.65310749908617,0.094716842521096,1,"Oasl2","C1qb",0.2,0.04
1.93029253117197,6.65310749908617,0.094716842521096,1,"Rnase4","C1qb",0.2,0.04
1.93029253117197,6.65310749908617,0.094716842521096,1,"Slc43a2","C1qb",0.2,0.04
1.93029253117197,6.65310749908617,0.094716842521096,1,"Ifi35","C1qb",0.2,0.04
1.93029253117197,6.65310749908617,0.094716842521096,1,"Cd300lb","C1qb",0.2,0.04
1.93029253117197,6.65310749908617,0.094716842521096,1,"Chrac1","C1qb",0.2,0.04
1.0277017005062,8.51794923539206,0.0953448261360489,1,"Atp6v0b","C1qb",0.2,0.04
1.11683655652796,8.28646882659938,0.09548159307047,1,"Atp6v1g1","C1qb",0.2,0.04
1.11683655652796,8.28646882659938,0.09548159307047,1,"Bri3","C1qb",0.2,0.04
-0.761839661134457,10.6556846330633,0.100816848988403,1,"mt-Nd3","C1qb",0.2,0.04
1.22001293582898,7.88811221306514,0.101120592594142,1,"Hexa","C1qb",0.2,0.04
1.22001293582898,7.88811221306514,0.101120592594142,1,"Limd2","C1qb",0.2,0.04
1.22001293582898,7.88811221306514,0.101120592594142,1,"H2-T23","C1qb",0.2,0.04
1.10589979127733,7.925074411332,0.101120592594142,1,"D8Ertd738e","C1qb",0.2,0.04
1.10589979127733,7.925074411332,0.101120592594142,1,"Maf","C1qb",0.2,0.04
-1.2297186320031,7.98482205768399,0.101120592594142,1,"Eif2s2","C1qb",0.2,0.04
1.08372396611476,8.18566903663925,0.101499836886466,1,"Cd48","C1qb",0.2,0.04
1.08372396611476,8.18566903663925,0.101499836886466,1,"Gm2a","C1qb",0.2,0.04
1.08372396611476,8.18566903663925,0.101499836886466,1,"Myl12b","C1qb",0.2,0.04
-0.955857882546247,8.78831351902525,0.103657968531208,1,"Manf","C1qb",0.2,0.04
0.700102487791519,12.0792696270574,0.103742872131363,1,"Rps16","C1qb",0.2,0.04
-1.3412577521809,7.47768090877599,0.105439901504063,1,"Slc38a2","C1qb",0.2,0.04
1.01405508077217,8.3744766459204,0.107073534154523,1,"Ptprc","C1qb",0.2,0.04
0.818037878554475,9.50704946652695,0.107801286346069,1,"Srgn","C1qb",0.2,0.04
-1.25722198843525,7.83504847220236,0.108539012545616,1,"Ywhah","C1qb",0.2,0.04
0.70191570691161,11.5951494744329,0.108704216622711,1,"Rps7","C1qb",0.2,0.04
0.895251157213183,8.97280595480217,0.110028558231897,1,"Gabarap","C1qb",0.2,0.04
-0.977842614900572,8.54457538265556,0.111700190623042,1,"Hspd1","C1qb",0.2,0.04
0.763519997967926,10.1344024628974,0.111993054025924,1,"Rpl29","C1qb",0.2,0.04
1.54386299509912,7.21238294073238,0.113724162062005,1,"Pold4","C1qb",0.2,0.04
1.32648196762689,7.27216049298561,0.113724162062005,1,"Emc6","C1qb",0.2,0.04
-1.09558555591135,8.30518969654301,0.114153316353405,1,"Hnrnpab","C1qb",0.2,0.04
1.05818409743159,8.2513839892972,0.114153316353405,1,"Rap1a","C1qb",0.2,0.04
0.976419707748423,8.27983835111604,0.114153316353405,1,"Atp5d","C1qb",0.2,0.04
0.976419707748423,8.27983835111604,0.114153316353405,1,"Psmb1","C1qb",0.2,0.04
0.693509843940218,11.6166134287931,0.114733409441158,1,"Rps5","C1qb",0.2,0.04
-1.11215068385978,8.05765520292185,0.11630187812247,1,"Atp5g3","C1qb",0.2,0.04
1.23300520464178,7.66120703449635,0.11716402921547,1,"Sec62","C1qb",0.2,0.04
1.23300520464178,7.66120703449635,0.11716402921547,1,"Drap1","C1qb",0.2,0.04
-1.35665734865163,7.70939794275059,0.11716402921547,1,"Gata2","C1qb",0.2,0.04
-1.35665734865163,7.70939794275059,0.11716402921547,1,"Trim28","C1qb",0.2,0.04
-1.10307167492383,8.18680893778114,0.122264993579936,1,"Uqcr10","C1qb",0.2,0.04
0.96105039412103,8.54144262808051,0.122675032152441,1,"Aldoa","C1qb",0.2,0.04
-1.62279026115684,7.06594633617326,0.123084780529072,1,"Brd3","C1qb",0.2,0.04
-1.62279026115684,7.06594633617326,0.123084780529072,1,"Mxd4","C1qb",0.2,0.04
-1.62279026115684,7.06594633617326,0.123084780529072,1,"Eny2","C1qb",0.2,0.04
-1.62279026115684,7.06594633617326,0.123084780529072,1,"Luc7l","C1qb",0.2,0.04
-1.62279026115684,7.06594633617326,0.123084780529072,1,"AC149090.1","C1qb",0.2,0.04
1.53927622084502,6.9954165880132,0.123084780529072,1,"Ndufb6","C1qb",0.2,0.04
1.53927622084502,6.9954165880132,0.123084780529072,1,"Atp8a1","C1qb",0.2,0.04
1.53927622084502,6.9954165880132,0.123084780529072,1,"Ubl3","C1qb",0.2,0.04
1.53927622084502,6.9954165880132,0.123084780529072,1,"Cmtm6","C1qb",0.2,0.04
1.53927622084502,6.9954165880132,0.123084780529072,1,"Mcrip1","C1qb",0.2,0.04
-0.838369947970577,9.28744654391653,0.124278727243989,1,"Hspa5","C1qb",0.2,0.04
-1.177534515724,7.95063670854931,0.125506638815448,1,"Matr3","C1qb",0.2,0.04
-1.12339176569887,7.91555973478467,0.125506638815448,1,"Mycbp2","C1qb",0.2,0.04
1.02831992746808,7.88049427881356,0.125506638815448,1,"Psme2","C1qb",0.2,0.04
1.02831992746808,7.88049427881356,0.125506638815448,1,"Ube2i","C1qb",0.2,0.04
0.957694262018909,8.34143318555179,0.126945433155756,1,"Tmem50a","C1qb",0.2,0.04
0.957694262018909,8.34143318555179,0.126945433155756,1,"Rac2","C1qb",0.2,0.04
1.04529919799151,8.0775625484024,0.131632762443942,1,"Arpc5","C1qb",0.2,0.04
-0.746943855261871,9.9871772395279,0.132120282090383,1,"Calr","C1qb",0.2,0.04
0.849663520607269,8.98971436193382,0.132870335551647,1,"Ssr4","C1qb",0.2,0.04
0.709871432260497,10.2966552928835,0.1331282518793,1,"Eif1","C1qb",0.2,0.04
-1.96464766462839,6.84381757150144,0.133361551109447,1,"Ocrl","C1qb",0.2,0.04
-1.96464766462839,6.84381757150144,0.133361551109447,1,"Fndc3b","C1qb",0.2,0.04
-1.96464766462839,6.84381757150144,0.133361551109447,1,"Snrnp40","C1qb",0.2,0.04
-1.96464766462839,6.84381757150144,0.133361551109447,1,"Lyar","C1qb",0.2,0.04
-1.96464766462839,6.84381757150144,0.133361551109447,1,"Pop5","C1qb",0.2,0.04
-1.96464766462839,6.84381757150144,0.133361551109447,1,"Ctdsp2","C1qb",0.2,0.04
-1.96464766462839,6.84381757150144,0.133361551109447,1,"Csnk1d","C1qb",0.2,0.04
-1.96464766462839,6.84381757150144,0.133361551109447,1,"Mta1","C1qb",0.2,0.04
-1.96464766462839,6.84381757150144,0.133361551109447,1,"Oxct1","C1qb",0.2,0.04
-1.96464766462839,6.84381757150144,0.133361551109447,1,"Cebpz","C1qb",0.2,0.04
0.885073045485961,8.61530281422863,0.133727063174126,1,"Cox6b1","C1qb",0.2,0.04
0.769677652049462,9.44814847976055,0.133964822420198,1,"Tmem176b","C1qb",0.2,0.04
0.99704571350156,8.21550435205294,0.136249690944926,1,"Lmo2","C1qb",0.2,0.04
-1.19868502586618,7.7968937298617,0.136304219168977,1,"Nipbl","C1qb",0.2,0.04
1.18436359386314,7.75460972683977,0.136304219168977,1,"Psma2","C1qb",0.2,0.04
1.18436359386314,7.75460972683977,0.136304219168977,1,"Diaph1","C1qb",0.2,0.04
-1.26387984735502,7.42805628906877,0.139260305315864,1,"Lbr","C1qb",0.2,0.04
-1.26387984735502,7.42805628906877,0.139260305315864,1,"Larp4b","C1qb",0.2,0.04
1.25215994523305,7.39295783124774,0.139260305315864,1,"M6pr","C1qb",0.2,0.04
1.25215994523305,7.39295783124774,0.139260305315864,1,"Pld3","C1qb",0.2,0.04
-5.1084412067483,5.85615030721584,0.13984461709212,1,"Myo1b","C1qb",0.2,0.04
-5.1084412067483,5.85615030721584,0.13984461709212,1,"Stradb","C1qb",0.2,0.04
-5.1084412067483,5.85615030721584,0.13984461709212,1,"Irs1","C1qb",0.2,0.04
-5.1084412067483,5.85615030721584,0.13984461709212,1,"Cops7b","C1qb",0.2,0.04
-5.1084412067483,5.85615030721584,0.13984461709212,1,"Tfb2m","C1qb",0.2,0.04
-5.1084412067483,5.85615030721584,0.13984461709212,1,"Marc1","C1qb",0.2,0.04
-5.1084412067483,5.85615030721584,0.13984461709212,1,"Anapc2","C1qb",0.2,0.04
-5.1084412067483,5.85615030721584,0.13984461709212,1,"Fut7","C1qb",0.2,0.04
-5.1084412067483,5.85615030721584,0.13984461709212,1,"Bmyc","C1qb",0.2,0.04
-5.1084412067483,5.85615030721584,0.13984461709212,1,"Mmadhc","C1qb",0.2,0.04
-5.1084412067483,5.85615030721584,0.13984461709212,1,"Rnd3","C1qb",0.2,0.04
-5.1084412067483,5.85615030721584,0.13984461709212,1,"Pex16","C1qb",0.2,0.04
-5.1084412067483,5.85615030721584,0.13984461709212,1,"Bub1b","C1qb",0.2,0.04
-5.1084412067483,5.85615030721584,0.13984461709212,1,"Myef2","C1qb",0.2,0.04
-5.1084412067483,5.85615030721584,0.13984461709212,1,"Vps16","C1qb",0.2,0.04
-5.1084412067483,5.85615030721584,0.13984461709212,1,"Itpa","C1qb",0.2,0.04
-5.1084412067483,5.85615030721584,0.13984461709212,1,"4930402H24Rik","C1qb",0.2,0.04
-5.1084412067483,5.85615030721584,0.13984461709212,1,"Nfs1","C1qb",0.2,0.04
-5.1084412067483,5.85615030721584,0.13984461709212,1,"Pfdn4","C1qb",0.2,0.04
-5.1084412067483,5.85615030721584,0.13984461709212,1,"Cstf2","C1qb",0.2,0.04
-5.1084412067483,5.85615030721584,0.13984461709212,1,"Zfp639","C1qb",0.2,0.04
-5.1084412067483,5.85615030721584,0.13984461709212,1,"Tm4sf1","C1qb",0.2,0.04
-5.1084412067483,5.85615030721584,0.13984461709212,1,"Mme","C1qb",0.2,0.04
-5.1084412067483,5.85615030721584,0.13984461709212,1,"Ctsk","C1qb",0.2,0.04
-5.1084412067483,5.85615030721584,0.13984461709212,1,"Abcd3","C1qb",0.2,0.04
-5.1084412067483,5.85615030721584,0.13984461709212,1,"Ank2","C1qb",0.2,0.04
-5.1084412067483,5.85615030721584,0.13984461709212,1,"Manba","C1qb",0.2,0.04
-5.1084412067483,5.85615030721584,0.13984461709212,1,"Nsmaf","C1qb",0.2,0.04
-5.1084412067483,5.85615030721584,0.13984461709212,1,"Dcaf10","C1qb",0.2,0.04
-5.1084412067483,5.85615030721584,0.13984461709212,1,"Pole3","C1qb",0.2,0.04
-5.1084412067483,5.85615030721584,0.13984461709212,1,"Tnc","C1qb",0.2,0.04
-5.1084412067483,5.85615030721584,0.13984461709212,1,"Mpdz","C1qb",0.2,0.04
-5.1084412067483,5.85615030721584,0.13984461709212,1,"Ndc1","C1qb",0.2,0.04
-5.1084412067483,5.85615030721584,0.13984461709212,1,"Rad54l","C1qb",0.2,0.04
-5.1084412067483,5.85615030721584,0.13984461709212,1,"Heyl","C1qb",0.2,0.04
-5.1084412067483,5.85615030721584,0.13984461709212,1,"Cdca8","C1qb",0.2,0.04
-5.1084412067483,5.85615030721584,0.13984461709212,1,"Mfn2","C1qb",0.2,0.04
-5.1084412067483,5.85615030721584,0.13984461709212,1,"Mad2l2","C1qb",0.2,0.04
-5.1084412067483,5.85615030721584,0.13984461709212,1,"Camta1","C1qb",0.2,0.04
-5.1084412067483,5.85615030721584,0.13984461709212,1,"Mxra8","C1qb",0.2,0.04
-5.1084412067483,5.85615030721584,0.13984461709212,1,"Phtf2","C1qb",0.2,0.04
-5.1084412067483,5.85615030721584,0.13984461709212,1,"Nsg1","C1qb",0.2,0.04
-5.1084412067483,5.85615030721584,0.13984461709212,1,"Pdgfra","C1qb",0.2,0.04
-5.1084412067483,5.85615030721584,0.13984461709212,1,"Clock","C1qb",0.2,0.04
-5.1084412067483,5.85615030721584,0.13984461709212,1,"D930016D06Rik","C1qb",0.2,0.04
-5.1084412067483,5.85615030721584,0.13984461709212,1,"Zfp664","C1qb",0.2,0.04
-5.1084412067483,5.85615030721584,0.13984461709212,1,"E130309D02Rik","C1qb",0.2,0.04
-5.1084412067483,5.85615030721584,0.13984461709212,1,"Thsd7a","C1qb",0.2,0.04
-5.1084412067483,5.85615030721584,0.13984461709212,1,"Tnpo3","C1qb",0.2,0.04
-5.1084412067483,5.85615030721584,0.13984461709212,1,"Zc3hav1l","C1qb",0.2,0.04
-5.1084412067483,5.85615030721584,0.13984461709212,1,"Osbpl3","C1qb",0.2,0.04
-5.1084412067483,5.85615030721584,0.13984461709212,1,"Hmces","C1qb",0.2,0.04
-5.1084412067483,5.85615030721584,0.13984461709212,1,"Mical3","C1qb",0.2,0.04
-5.1084412067483,5.85615030721584,0.13984461709212,1,"Cdca3","C1qb",0.2,0.04
-5.1084412067483,5.85615030721584,0.13984461709212,1,"Rad51ap1","C1qb",0.2,0.04
-5.1084412067483,5.85615030721584,0.13984461709212,1,"Ppfibp1","C1qb",0.2,0.04
-5.1084412067483,5.85615030721584,0.13984461709212,1,"Bckdha","C1qb",0.2,0.04
-5.1084412067483,5.85615030721584,0.13984461709212,1,"Fxyd1","C1qb",0.2,0.04
-5.1084412067483,5.85615030721584,0.13984461709212,1,"Ruvbl2","C1qb",0.2,0.04
-5.1084412067483,5.85615030721584,0.13984461709212,1,"Nsmce3","C1qb",0.2,0.04
-5.1084412067483,5.85615030721584,0.13984461709212,1,"Ccdc90b","C1qb",0.2,0.04
-5.1084412067483,5.85615030721584,0.13984461709212,1,"Aqp11","C1qb",0.2,0.04
-5.1084412067483,5.85615030721584,0.13984461709212,1,"Trim34a","C1qb",0.2,0.04
-5.1084412067483,5.85615030721584,0.13984461709212,1,"Cavin3","C1qb",0.2,0.04
-5.1084412067483,5.85615030721584,0.13984461709212,1,"St5","C1qb",0.2,0.04
-5.1084412067483,5.85615030721584,0.13984461709212,1,"Spon1","C1qb",0.2,0.04
-5.1084412067483,5.85615030721584,0.13984461709212,1,"Acadsb","C1qb",0.2,0.04
-5.1084412067483,5.85615030721584,0.13984461709212,1,"Pnpla2","C1qb",0.2,0.04
-5.1084412067483,5.85615030721584,0.13984461709212,1,"Ccnd1","C1qb",0.2,0.04
-5.1084412067483,5.85615030721584,0.13984461709212,1,"Akap7","C1qb",0.2,0.04
-5.1084412067483,5.85615030721584,0.13984461709212,1,"Ilvbl","C1qb",0.2,0.04
-5.1084412067483,5.85615030721584,0.13984461709212,1,"Klf16","C1qb",0.2,0.04
-5.1084412067483,5.85615030721584,0.13984461709212,1,"Dcn","C1qb",0.2,0.04
-5.1084412067483,5.85615030721584,0.13984461709212,1,"Sorbs2","C1qb",0.2,0.04
-5.1084412067483,5.85615030721584,0.13984461709212,1,"Klf1","C1qb",0.2,0.04
-5.1084412067483,5.85615030721584,0.13984461709212,1,"Sntb2","C1qb",0.2,0.04
-5.1084412067483,5.85615030721584,0.13984461709212,1,"Il34","C1qb",0.2,0.04
-5.1084412067483,5.85615030721584,0.13984461709212,1,"Ttc13","C1qb",0.2,0.04
-5.1084412067483,5.85615030721584,0.13984461709212,1,"Parp2","C1qb",0.2,0.04
-5.1084412067483,5.85615030721584,0.13984461709212,1,"Mdp1","C1qb",0.2,0.04
-5.1084412067483,5.85615030721584,0.13984461709212,1,"Gm49336","C1qb",0.2,0.04
-5.1084412067483,5.85615030721584,0.13984461709212,1,"Clu","C1qb",0.2,0.04
-5.1084412067483,5.85615030721584,0.13984461709212,1,"Pde4a","C1qb",0.2,0.04
-5.1084412067483,5.85615030721584,0.13984461709212,1,"Carm1","C1qb",0.2,0.04
-5.1084412067483,5.85615030721584,0.13984461709212,1,"Pafah1b2","C1qb",0.2,0.04
-5.1084412067483,5.85615030721584,0.13984461709212,1,"Usp28","C1qb",0.2,0.04
-5.1084412067483,5.85615030721584,0.13984461709212,1,"Tspan3","C1qb",0.2,0.04
-5.1084412067483,5.85615030721584,0.13984461709212,1,"Islr","C1qb",0.2,0.04
-5.1084412067483,5.85615030721584,0.13984461709212,1,"Elovl5","C1qb",0.2,0.04
-5.1084412067483,5.85615030721584,0.13984461709212,1,"Mthfsl","C1qb",0.2,0.04
-5.1084412067483,5.85615030721584,0.13984461709212,1,"Ryk","C1qb",0.2,0.04
-5.1084412067483,5.85615030721584,0.13984461709212,1,"Mapkapk3","C1qb",0.2,0.04
-5.1084412067483,5.85615030721584,0.13984461709212,1,"Rbms3","C1qb",0.2,0.04
-5.1084412067483,5.85615030721584,0.13984461709212,1,"Grb10","C1qb",0.2,0.04
-5.1084412067483,5.85615030721584,0.13984461709212,1,"Dhrs7b","C1qb",0.2,0.04
-5.1084412067483,5.85615030721584,0.13984461709212,1,"Stx8","C1qb",0.2,0.04
-5.1084412067483,5.85615030721584,0.13984461709212,1,"Nup88","C1qb",0.2,0.04
-5.1084412067483,5.85615030721584,0.13984461709212,1,"Flot2","C1qb",0.2,0.04
-5.1084412067483,5.85615030721584,0.13984461709212,1,"Poldip2","C1qb",0.2,0.04
-5.1084412067483,5.85615030721584,0.13984461709212,1,"Cnp","C1qb",0.2,0.04
-5.1084412067483,5.85615030721584,0.13984461709212,1,"Atxn7l3","C1qb",0.2,0.04
-5.1084412067483,5.85615030721584,0.13984461709212,1,"Mettl2","C1qb",0.2,0.04
-5.1084412067483,5.85615030721584,0.13984461709212,1,"1810032O08Rik","C1qb",0.2,0.04
-5.1084412067483,5.85615030721584,0.13984461709212,1,"Birc5","C1qb",0.2,0.04
-5.1084412067483,5.85615030721584,0.13984461709212,1,"Nploc4","C1qb",0.2,0.04
-5.1084412067483,5.85615030721584,0.13984461709212,1,"Epdr1","C1qb",0.2,0.04
-5.1084412067483,5.85615030721584,0.13984461709212,1,"Auh","C1qb",0.2,0.04
-5.1084412067483,5.85615030721584,0.13984461709212,1,"Arl10","C1qb",0.2,0.04
-5.1084412067483,5.85615030721584,0.13984461709212,1,"Gkap1","C1qb",0.2,0.04
-5.1084412067483,5.85615030721584,0.13984461709212,1,"Rhobtb3","C1qb",0.2,0.04
-5.1084412067483,5.85615030721584,0.13984461709212,1,"Zbed3","C1qb",0.2,0.04
-5.1084412067483,5.85615030721584,0.13984461709212,1,"Zfp277","C1qb",0.2,0.04
-5.1084412067483,5.85615030721584,0.13984461709212,1,"Mthfd1","C1qb",0.2,0.04
-5.1084412067483,5.85615030721584,0.13984461709212,1,"Wdr70","C1qb",0.2,0.04
-5.1084412067483,5.85615030721584,0.13984461709212,1,"Sdc2","C1qb",0.2,0.04
-5.1084412067483,5.85615030721584,0.13984461709212,1,"Rspo2","C1qb",0.2,0.04
-5.1084412067483,5.85615030721584,0.13984461709212,1,"Sntb1","C1qb",0.2,0.04
-5.1084412067483,5.85615030721584,0.13984461709212,1,"Tsta3","C1qb",0.2,0.04
-5.1084412067483,5.85615030721584,0.13984461709212,1,"Exosc4","C1qb",0.2,0.04
-5.1084412067483,5.85615030721584,0.13984461709212,1,"Alg10b","C1qb",0.2,0.04
-5.1084412067483,5.85615030721584,0.13984461709212,1,"Kansl2","C1qb",0.2,0.04
-5.1084412067483,5.85615030721584,0.13984461709212,1,"Klhl22","C1qb",0.2,0.04
-5.1084412067483,5.85615030721584,0.13984461709212,1,"Zdhhc8","C1qb",0.2,0.04
-5.1084412067483,5.85615030721584,0.13984461709212,1,"Col8a1","C1qb",0.2,0.04
-5.1084412067483,5.85615030721584,0.13984461709212,1,"Zfp946","C1qb",0.2,0.04
-5.1084412067483,5.85615030721584,0.13984461709212,1,"Mdga1","C1qb",0.2,0.04
-5.1084412067483,5.85615030721584,0.13984461709212,1,"Rrp36","C1qb",0.2,0.04
-5.1084412067483,5.85615030721584,0.13984461709212,1,"Dus3l","C1qb",0.2,0.04
-5.1084412067483,5.85615030721584,0.13984461709212,1,"Rab31","C1qb",0.2,0.04
-5.1084412067483,5.85615030721584,0.13984461709212,1,"Osbpl1a","C1qb",0.2,0.04
-5.1084412067483,5.85615030721584,0.13984461709212,1,"Cdh2","C1qb",0.2,0.04
-5.1084412067483,5.85615030721584,0.13984461709212,1,"Cdc23","C1qb",0.2,0.04
-5.1084412067483,5.85615030721584,0.13984461709212,1,"Hdac3","C1qb",0.2,0.04
-5.1084412067483,5.85615030721584,0.13984461709212,1,"Smad7","C1qb",0.2,0.04
-5.1084412067483,5.85615030721584,0.13984461709212,1,"Kmt5b","C1qb",0.2,0.04
-5.1084412067483,5.85615030721584,0.13984461709212,1,"Fxn","C1qb",0.2,0.04
-5.1084412067483,5.85615030721584,0.13984461709212,1,"Kif11","C1qb",0.2,0.04
-5.1084412067483,5.85615030721584,0.13984461709212,1,"Slf2","C1qb",0.2,0.04
-5.1084412067483,5.85615030721584,0.13984461709212,1,"Lzts2","C1qb",0.2,0.04
-5.1084412067483,5.85615030721584,0.13984461709212,1,"Actr1a","C1qb",0.2,0.04
0.819503203248648,8.92818039003628,0.140074899804309,1,"Pfdn5","C1qb",0.2,0.04
0.765666402809511,9.47593597932031,0.140562239727314,1,"Laptm5","C1qb",0.2,0.04
-0.683943242426798,10.6834793324392,0.141075301072878,1,"Hsp90ab1","C1qb",0.2,0.04
-1.06178842624371,8.0252042168305,0.142547490391782,1,"S100a10","C1qb",0.2,0.04
-1.06178842624371,8.0252042168305,0.142547490391782,1,"Ybx3","C1qb",0.2,0.04
1.74020814436228,6.54792693150699,0.143685221306379,1,"Cnppd1","C1qb",0.2,0.04
1.74020814436228,6.54792693150699,0.143685221306379,1,"Ralb","C1qb",0.2,0.04
1.74020814436228,6.54792693150699,0.143685221306379,1,"Cd5l","C1qb",0.2,0.04
1.74020814436228,6.54792693150699,0.143685221306379,1,"Epb41","C1qb",0.2,0.04
1.74020814436228,6.54792693150699,0.143685221306379,1,"Dhrs3","C1qb",0.2,0.04
1.74020814436228,6.54792693150699,0.143685221306379,1,"Fbxl5","C1qb",0.2,0.04
1.74020814436228,6.54792693150699,0.143685221306379,1,"Rnf166","C1qb",0.2,0.04
1.74020814436228,6.54792693150699,0.143685221306379,1,"Dcps","C1qb",0.2,0.04
1.74020814436228,6.54792693150699,0.143685221306379,1,"Mindy2","C1qb",0.2,0.04
1.74020814436228,6.54792693150699,0.143685221306379,1,"Higd2a","C1qb",0.2,0.04
1.74020814436228,6.54792693150699,0.143685221306379,1,"Idnk","C1qb",0.2,0.04
1.74020814436228,6.54792693150699,0.143685221306379,1,"Dock4","C1qb",0.2,0.04
1.74020814436228,6.54792693150699,0.143685221306379,1,"Fcf1","C1qb",0.2,0.04
1.74020814436228,6.54792693150699,0.143685221306379,1,"Coro1b","C1qb",0.2,0.04
0.873686039866038,8.66436197849485,0.14481454033577,1,"Tmem176a","C1qb",0.2,0.04
-0.844211879352002,8.79357139184109,0.146607081946586,1,"Rrbp1","C1qb",0.2,0.04
0.640847491922919,11.387694687045,0.148537540652998,1,"Rpl11","C1qb",0.2,0.04
1.1404974416125,7.60800058296619,0.149110257624926,1,"Psmb9","C1qb",0.2,0.04
-1.29294977919383,7.66758750736714,0.149110257624926,1,"Ube3a","C1qb",0.2,0.04
-1.29294977919383,7.66758750736714,0.149110257624926,1,"Itgb1","C1qb",0.2,0.04
-1.22629847280867,7.62443712745318,0.149110257624926,1,"Tuba4a","C1qb",0.2,0.04
-1.22629847280867,7.62443712745318,0.149110257624926,1,"2900097C17Rik","C1qb",0.2,0.04
0.899041802922544,8.30768589616064,0.15025198136708,1,"Ubl5","C1qb",0.2,0.04
2.71725069574674,6.06054685068141,0.15069115124609,1,"Cxcr2","C1qb",0.2,0.04
2.71725069574674,6.06054685068141,0.15069115124609,1,"Cers6","C1qb",0.2,0.04
2.71725069574674,6.06054685068141,0.15069115124609,1,"5430427O19Rik","C1qb",0.2,0.04
2.71725069574674,6.06054685068141,0.15069115124609,1,"Ctps2","C1qb",0.2,0.04
2.71725069574674,6.06054685068141,0.15069115124609,1,"Polr3gl","C1qb",0.2,0.04
2.71725069574674,6.06054685068141,0.15069115124609,1,"Mob3c","C1qb",0.2,0.04
2.71725069574674,6.06054685068141,0.15069115124609,1,"Smim1","C1qb",0.2,0.04
2.71725069574674,6.06054685068141,0.15069115124609,1,"Samd9l","C1qb",0.2,0.04
2.71725069574674,6.06054685068141,0.15069115124609,1,"Prpf31","C1qb",0.2,0.04
2.71725069574674,6.06054685068141,0.15069115124609,1,"Sirt2","C1qb",0.2,0.04
2.71725069574674,6.06054685068141,0.15069115124609,1,"Tmem86a","C1qb",0.2,0.04
2.71725069574674,6.06054685068141,0.15069115124609,1,"Il18bp","C1qb",0.2,0.04
2.71725069574674,6.06054685068141,0.15069115124609,1,"Trim12c","C1qb",0.2,0.04
2.71725069574674,6.06054685068141,0.15069115124609,1,"Ampd3","C1qb",0.2,0.04
2.71725069574674,6.06054685068141,0.15069115124609,1,"Bin3","C1qb",0.2,0.04
2.71725069574674,6.06054685068141,0.15069115124609,1,"Dnajc13","C1qb",0.2,0.04
2.71725069574674,6.06054685068141,0.15069115124609,1,"Irgm1","C1qb",0.2,0.04
2.71725069574674,6.06054685068141,0.15069115124609,1,"Cxcl16","C1qb",0.2,0.04
2.71725069574674,6.06054685068141,0.15069115124609,1,"Dusp3","C1qb",0.2,0.04
2.71725069574674,6.06054685068141,0.15069115124609,1,"Cd79b","C1qb",0.2,0.04
2.71725069574674,6.06054685068141,0.15069115124609,1,"Pcyt2","C1qb",0.2,0.04
2.71725069574674,6.06054685068141,0.15069115124609,1,"Arrdc3","C1qb",0.2,0.04
2.71725069574674,6.06054685068141,0.15069115124609,1,"Mfsd2b","C1qb",0.2,0.04
2.71725069574674,6.06054685068141,0.15069115124609,1,"Pik3cg","C1qb",0.2,0.04
2.71725069574674,6.06054685068141,0.15069115124609,1,"Itgb5","C1qb",0.2,0.04
2.71725069574674,6.06054685068141,0.15069115124609,1,"Sssca1","C1qb",0.2,0.04
2.71725069574674,6.06054685068141,0.15069115124609,1,"Ccdc88b","C1qb",0.2,0.04
-2.13207076456936,6.27020936413369,0.15069115124609,1,"Cspp1","C1qb",0.2,0.04
-2.13207076456936,6.27020936413369,0.15069115124609,1,"Zfp451","C1qb",0.2,0.04
-2.13207076456936,6.27020936413369,0.15069115124609,1,"Klf7","C1qb",0.2,0.04
-2.13207076456936,6.27020936413369,0.15069115124609,1,"Ppp1r7","C1qb",0.2,0.04
-2.13207076456936,6.27020936413369,0.15069115124609,1,"Dnajc10","C1qb",0.2,0.04
-2.13207076456936,6.27020936413369,0.15069115124609,1,"Csnk2a1","C1qb",0.2,0.04
-2.13207076456936,6.27020936413369,0.15069115124609,1,"E2f1","C1qb",0.2,0.04
-2.13207076456936,6.27020936413369,0.15069115124609,1,"Ddx27","C1qb",0.2,0.04
-2.13207076456936,6.27020936413369,0.15069115124609,1,"Hcfc1","C1qb",0.2,0.04
-2.13207076456936,6.27020936413369,0.15069115124609,1,"Zfp704","C1qb",0.2,0.04
-2.13207076456936,6.27020936413369,0.15069115124609,1,"Papss1","C1qb",0.2,0.04
-2.13207076456936,6.27020936413369,0.15069115124609,1,"Ncbp1","C1qb",0.2,0.04
-2.13207076456936,6.27020936413369,0.15069115124609,1,"Luzp1","C1qb",0.2,0.04
-2.13207076456936,6.27020936413369,0.15069115124609,1,"Acot7","C1qb",0.2,0.04
-2.13207076456936,6.27020936413369,0.15069115124609,1,"Maea","C1qb",0.2,0.04
-2.13207076456936,6.27020936413369,0.15069115124609,1,"Utp3","C1qb",0.2,0.04
-2.13207076456936,6.27020936413369,0.15069115124609,1,"Rnf10","C1qb",0.2,0.04
-2.13207076456936,6.27020936413369,0.15069115124609,1,"Chchd3","C1qb",0.2,0.04
-2.13207076456936,6.27020936413369,0.15069115124609,1,"Bola3","C1qb",0.2,0.04
-2.13207076456936,6.27020936413369,0.15069115124609,1,"Atn1","C1qb",0.2,0.04
-2.13207076456936,6.27020936413369,0.15069115124609,1,"Gsk3a","C1qb",0.2,0.04
-2.13207076456936,6.27020936413369,0.15069115124609,1,"Wtip","C1qb",0.2,0.04
-2.13207076456936,6.27020936413369,0.15069115124609,1,"Crtc3","C1qb",0.2,0.04
-2.13207076456936,6.27020936413369,0.15069115124609,1,"Fchsd2","C1qb",0.2,0.04
-2.13207076456936,6.27020936413369,0.15069115124609,1,"Nup98","C1qb",0.2,0.04
-2.13207076456936,6.27020936413369,0.15069115124609,1,"Aga","C1qb",0.2,0.04
-2.13207076456936,6.27020936413369,0.15069115124609,1,"Cherp","C1qb",0.2,0.04
-2.13207076456936,6.27020936413369,0.15069115124609,1,"Otud4","C1qb",0.2,0.04
-2.13207076456936,6.27020936413369,0.15069115124609,1,"Trmt1","C1qb",0.2,0.04
-2.13207076456936,6.27020936413369,0.15069115124609,1,"Egln1","C1qb",0.2,0.04
-2.13207076456936,6.27020936413369,0.15069115124609,1,"Pspc1","C1qb",0.2,0.04
-2.13207076456936,6.27020936413369,0.15069115124609,1,"Thyn1","C1qb",0.2,0.04
-2.13207076456936,6.27020936413369,0.15069115124609,1,"Ikzf1","C1qb",0.2,0.04
-2.13207076456936,6.27020936413369,0.15069115124609,1,"Slc36a1","C1qb",0.2,0.04
-2.13207076456936,6.27020936413369,0.15069115124609,1,"Pfas","C1qb",0.2,0.04
-2.13207076456936,6.27020936413369,0.15069115124609,1,"Cpd","C1qb",0.2,0.04
-2.13207076456936,6.27020936413369,0.15069115124609,1,"Blmh","C1qb",0.2,0.04
-2.13207076456936,6.27020936413369,0.15069115124609,1,"Wsb1","C1qb",0.2,0.04
-2.13207076456936,6.27020936413369,0.15069115124609,1,"Phb","C1qb",0.2,0.04
-2.13207076456936,6.27020936413369,0.15069115124609,1,"Kat2a","C1qb",0.2,0.04
-2.13207076456936,6.27020936413369,0.15069115124609,1,"Pecam1","C1qb",0.2,0.04
-2.13207076456936,6.27020936413369,0.15069115124609,1,"Galk1","C1qb",0.2,0.04
-2.13207076456936,6.27020936413369,0.15069115124609,1,"Unc13d","C1qb",0.2,0.04
-2.13207076456936,6.27020936413369,0.15069115124609,1,"Cdk13","C1qb",0.2,0.04
-2.13207076456936,6.27020936413369,0.15069115124609,1,"Hif1a","C1qb",0.2,0.04
-2.13207076456936,6.27020936413369,0.15069115124609,1,"Wars","C1qb",0.2,0.04
-2.13207076456936,6.27020936413369,0.15069115124609,1,"Otulin","C1qb",0.2,0.04
-2.13207076456936,6.27020936413369,0.15069115124609,1,"Xrcc6","C1qb",0.2,0.04
-2.13207076456936,6.27020936413369,0.15069115124609,1,"Trabd","C1qb",0.2,0.04
-2.13207076456936,6.27020936413369,0.15069115124609,1,"Atf1","C1qb",0.2,0.04
-2.13207076456936,6.27020936413369,0.15069115124609,1,"Gart","C1qb",0.2,0.04
-2.13207076456936,6.27020936413369,0.15069115124609,1,"Snhg9","C1qb",0.2,0.04
-2.13207076456936,6.27020936413369,0.15069115124609,1,"H2-Q4","C1qb",0.2,0.04
-2.13207076456936,6.27020936413369,0.15069115124609,1,"Zbtb14","C1qb",0.2,0.04
-2.13207076456936,6.27020936413369,0.15069115124609,1,"Tgif1","C1qb",0.2,0.04
-2.13207076456936,6.27020936413369,0.15069115124609,1,"Msh2","C1qb",0.2,0.04
-2.13207076456936,6.27020936413369,0.15069115124609,1,"Ccs","C1qb",0.2,0.04
-2.13207076456936,6.27020936413369,0.15069115124609,1,"Ganab","C1qb",0.2,0.04
-2.13207076456936,6.27020936413369,0.15069115124609,1,"Psat1","C1qb",0.2,0.04
-2.13207076456936,6.27020936413369,0.15069115124609,1,"Ak3","C1qb",0.2,0.04
-2.13207076456936,6.27020936413369,0.15069115124609,1,"Nfkb2","C1qb",0.2,0.04
-2.13207076456936,6.27020936413369,0.15069115124609,1,"Ccdc186","C1qb",0.2,0.04
1.81411741572955,6.19297160275588,0.15069115124609,1,"Pnpla7","C1qb",0.2,0.04
1.81411741572955,6.19297160275588,0.15069115124609,1,"Tmem250-ps","C1qb",0.2,0.04
1.81411741572955,6.19297160275588,0.15069115124609,1,"Pcif1","C1qb",0.2,0.04
1.81411741572955,6.19297160275588,0.15069115124609,1,"Was","C1qb",0.2,0.04
1.81411741572955,6.19297160275588,0.15069115124609,1,"Ube2q1","C1qb",0.2,0.04
1.81411741572955,6.19297160275588,0.15069115124609,1,"Impad1","C1qb",0.2,0.04
1.81411741572955,6.19297160275588,0.15069115124609,1,"Zdhhc21","C1qb",0.2,0.04
1.81411741572955,6.19297160275588,0.15069115124609,1,"Rnf220","C1qb",0.2,0.04
1.81411741572955,6.19297160275588,0.15069115124609,1,"Snhg12","C1qb",0.2,0.04
1.81411741572955,6.19297160275588,0.15069115124609,1,"Szrd1","C1qb",0.2,0.04
1.81411741572955,6.19297160275588,0.15069115124609,1,"Exosc10","C1qb",0.2,0.04
1.81411741572955,6.19297160275588,0.15069115124609,1,"Khk","C1qb",0.2,0.04
1.81411741572955,6.19297160275588,0.15069115124609,1,"Fryl","C1qb",0.2,0.04
1.81411741572955,6.19297160275588,0.15069115124609,1,"Grk3","C1qb",0.2,0.04
1.81411741572955,6.19297160275588,0.15069115124609,1,"Ufsp1","C1qb",0.2,0.04
1.81411741572955,6.19297160275588,0.15069115124609,1,"Gsdme","C1qb",0.2,0.04
1.81411741572955,6.19297160275588,0.15069115124609,1,"Mrpl35","C1qb",0.2,0.04
1.81411741572955,6.19297160275588,0.15069115124609,1,"Copg1","C1qb",0.2,0.04
1.81411741572955,6.19297160275588,0.15069115124609,1,"Pira2","C1qb",0.2,0.04
1.81411741572955,6.19297160275588,0.15069115124609,1,"9030624J02Rik","C1qb",0.2,0.04
1.81411741572955,6.19297160275588,0.15069115124609,1,"Stat6","C1qb",0.2,0.04
1.81411741572955,6.19297160275588,0.15069115124609,1,"March1","C1qb",0.2,0.04
1.81411741572955,6.19297160275588,0.15069115124609,1,"Tradd","C1qb",0.2,0.04
1.81411741572955,6.19297160275588,0.15069115124609,1,"Birc3","C1qb",0.2,0.04
1.81411741572955,6.19297160275588,0.15069115124609,1,"Ireb2","C1qb",0.2,0.04
1.81411741572955,6.19297160275588,0.15069115124609,1,"Qars","C1qb",0.2,0.04
1.81411741572955,6.19297160275588,0.15069115124609,1,"Myd88","C1qb",0.2,0.04
1.81411741572955,6.19297160275588,0.15069115124609,1,"Cx3cr1","C1qb",0.2,0.04
1.81411741572955,6.19297160275588,0.15069115124609,1,"Ppp3r1","C1qb",0.2,0.04
1.81411741572955,6.19297160275588,0.15069115124609,1,"Irf1","C1qb",0.2,0.04
1.81411741572955,6.19297160275588,0.15069115124609,1,"Dld","C1qb",0.2,0.04
1.81411741572955,6.19297160275588,0.15069115124609,1,"Ralgapa1","C1qb",0.2,0.04
1.81411741572955,6.19297160275588,0.15069115124609,1,"H2-Ke6","C1qb",0.2,0.04
1.81411741572955,6.19297160275588,0.15069115124609,1,"Ppt2","C1qb",0.2,0.04
1.81411741572955,6.19297160275588,0.15069115124609,1,"Ino80c","C1qb",0.2,0.04
1.81411741572955,6.19297160275588,0.15069115124609,1,"Rbm22","C1qb",0.2,0.04
0.63798208501394,11.2924908805593,0.152204168997624,1,"Rpl21","C1qb",0.2,0.04
-0.905961171042357,8.49865236021369,0.152672703835771,1,"Fabp5","C1qb",0.2,0.04
1.41942354446103,7.14037956708434,0.153584596199261,1,"Rassf4","C1qb",0.2,0.04
1.41942354446103,7.14037956708434,0.153584596199261,1,"Dnase2a","C1qb",0.2,0.04
-1.41025967350409,7.25835114871902,0.153584596199261,1,"Zc3h15","C1qb",0.2,0.04
-1.41025967350409,7.25835114871902,0.153584596199261,1,"Anp32e","C1qb",0.2,0.04
-1.41025967350409,7.25835114871902,0.153584596199261,1,"Casp8ap2","C1qb",0.2,0.04
-1.41025967350409,7.25835114871902,0.153584596199261,1,"Cux1","C1qb",0.2,0.04
-1.41025967350409,7.25835114871902,0.153584596199261,1,"Bnip3l","C1qb",0.2,0.04
-1.41025967350409,7.25835114871902,0.153584596199261,1,"Tcf7l2","C1qb",0.2,0.04
-1.31803895405602,7.2000116131591,0.153584596199261,1,"Pigt","C1qb",0.2,0.04
-1.31803895405602,7.2000116131591,0.153584596199261,1,"Utp11","C1qb",0.2,0.04
-1.31803895405602,7.2000116131591,0.153584596199261,1,"Pa2g4","C1qb",0.2,0.04
-1.31803895405602,7.2000116131591,0.153584596199261,1,"Ghitm","C1qb",0.2,0.04
-1.31803895405602,7.2000116131591,0.153584596199261,1,"Stt3a","C1qb",0.2,0.04
-1.31803895405602,7.2000116131591,0.153584596199261,1,"Kmt2a","C1qb",0.2,0.04
-1.06713760162557,7.87954280010684,0.155392798722538,1,"Dek","C1qb",0.2,0.04
-1.01106791092348,8.25048669163642,0.162312081488771,1,"Hnrnph1","C1qb",0.2,0.04
0.612713694687767,11.5614671990744,0.163609198759797,1,"Rps3","C1qb",0.2,0.04
1.08517399409213,7.44544989306554,0.16449140022308,1,"Syngr2","C1qb",0.2,0.04
0.786631974695012,8.86399109639825,0.167327967867491,1,"Cox5b","C1qb",0.2,0.04
1.09743182107834,7.70463572688035,0.17068433395339,1,"Ndufb10","C1qb",0.2,0.04
0.629425239601741,10.8917461714107,0.170809076012697,1,"Rpl10","C1qb",0.2,0.04
1.38887095221731,6.91218098086541,0.170870418600775,1,"Trip12","C1qb",0.2,0.04
1.38887095221731,6.91218098086541,0.170870418600775,1,"Pla2g4a","C1qb",0.2,0.04
1.38887095221731,6.91218098086541,0.170870418600775,1,"Svbp","C1qb",0.2,0.04
1.38887095221731,6.91218098086541,0.170870418600775,1,"Runx3","C1qb",0.2,0.04
1.38887095221731,6.91218098086541,0.170870418600775,1,"Fuca1","C1qb",0.2,0.04
1.38887095221731,6.91218098086541,0.170870418600775,1,"Suclg1","C1qb",0.2,0.04
1.38887095221731,6.91218098086541,0.170870418600775,1,"Fam103a1","C1qb",0.2,0.04
1.38887095221731,6.91218098086541,0.170870418600775,1,"Tgfbr2","C1qb",0.2,0.04
1.38887095221731,6.91218098086541,0.170870418600775,1,"Nckap1l","C1qb",0.2,0.04
-1.51704528995901,6.99876645037722,0.170870418600775,1,"Ramp1","C1qb",0.2,0.04
-1.51704528995901,6.99876645037722,0.170870418600775,1,"Dhx9","C1qb",0.2,0.04
-1.51704528995901,6.99876645037722,0.170870418600775,1,"Fam107b","C1qb",0.2,0.04
-1.51704528995901,6.99876645037722,0.170870418600775,1,"Sp3","C1qb",0.2,0.04
-1.51704528995901,6.99876645037722,0.170870418600775,1,"Smc4","C1qb",0.2,0.04
-1.51704528995901,6.99876645037722,0.170870418600775,1,"Tia1","C1qb",0.2,0.04
-1.51704528995901,6.99876645037722,0.170870418600775,1,"Slco3a1","C1qb",0.2,0.04
-1.51704528995901,6.99876645037722,0.170870418600775,1,"Naxd","C1qb",0.2,0.04
-1.51704528995901,6.99876645037722,0.170870418600775,1,"Glg1","C1qb",0.2,0.04
-1.51704528995901,6.99876645037722,0.170870418600775,1,"Stt3b","C1qb",0.2,0.04
-1.51704528995901,6.99876645037722,0.170870418600775,1,"Glrx5","C1qb",0.2,0.04
-0.589048154086297,12.2626707631513,0.171062260988539,1,"mt-Cytb","C1qb",0.2,0.04
0.650703977618093,10.211260606608,0.173793045529351,1,"Ubb","C1qb",0.2,0.04
0.922574956270248,7.91755881483421,0.17427873125806,1,"Anxa5","C1qb",0.2,0.04
-1.0096043099646,7.99194995940233,0.17427873125806,1,"Pgam1","C1qb",0.2,0.04
-0.73338016298517,9.41752359513259,0.174931523335511,1,"Ddx5","C1qb",0.2,0.04
0.837903418992511,8.27320534380738,0.177496256849098,1,"Tma7","C1qb",0.2,0.04
-0.833390536067137,8.71035569993903,0.178174836364704,1,"Fus","C1qb",0.2,0.04
-1.18211545767185,7.37653426113784,0.183239218697509,1,"Idh2","C1qb",0.2,0.04
-1.18211545767185,7.37653426113784,0.183239218697509,1,"Pum2","C1qb",0.2,0.04
1.13760689208659,7.32934893679131,0.183239218697509,1,"Shisa5","C1qb",0.2,0.04
1.13760689208659,7.32934893679131,0.183239218697509,1,"Derl1","C1qb",0.2,0.04
1.13760689208659,7.32934893679131,0.183239218697509,1,"Dnajb11","C1qb",0.2,0.04
1.13760689208659,7.32934893679131,0.183239218697509,1,"Ccnd3","C1qb",0.2,0.04
-1.15641815185799,7.5798574275121,0.189130807500508,1,"Pds5a","C1qb",0.2,0.04
-1.15641815185799,7.5798574275121,0.189130807500508,1,"Cpsf6","C1qb",0.2,0.04
-1.15641815185799,7.5798574275121,0.189130807500508,1,"Bcl11a","C1qb",0.2,0.04
1.04164905110547,7.55295195677502,0.189130807500508,1,"Vasp","C1qb",0.2,0.04
1.04164905110547,7.55295195677502,0.189130807500508,1,"Atg3","C1qb",0.2,0.04
1.04164905110547,7.55295195677502,0.189130807500508,1,"Cuta","C1qb",0.2,0.04
-0.821127275247146,8.62195678521483,0.190858369104263,1,"Snrpb","C1qb",0.2,0.04
1.06044313685777,7.79523013847793,0.191834632415699,1,"Ptpn1","C1qb",0.2,0.04
-1.0086006390565,7.84253353712315,0.191834632415699,1,"Raly","C1qb",0.2,0.04
-1.0086006390565,7.84253353712315,0.191834632415699,1,"Psmb4","C1qb",0.2,0.04
-1.0086006390565,7.84253353712315,0.191834632415699,1,"Lamtor4","C1qb",0.2,0.04
-1.0086006390565,7.84253353712315,0.191834632415699,1,"Snrnp70","C1qb",0.2,0.04
-1.0086006390565,7.84253353712315,0.191834632415699,1,"Pik3r1","C1qb",0.2,0.04
0.946329992306115,7.834629024883,0.191834632415699,1,"Marcksl1","C1qb",0.2,0.04
0.946329992306115,7.834629024883,0.191834632415699,1,"Ndufa12","C1qb",0.2,0.04
1.5324516264617,6.74144409250263,0.191850839783707,1,"Casp8","C1qb",0.2,0.04
1.5324516264617,6.74144409250263,0.191850839783707,1,"Tnfaip2","C1qb",0.2,0.04
1.5324516264617,6.74144409250263,0.191850839783707,1,"AW112010","C1qb",0.2,0.04
1.5324516264617,6.74144409250263,0.191850839783707,1,"Smndc1","C1qb",0.2,0.04
-1.84072720762302,6.76472850261154,0.191850839783708,1,"Ncoa2","C1qb",0.2,0.04
-1.84072720762302,6.76472850261154,0.191850839783708,1,"Ilkap","C1qb",0.2,0.04
-1.84072720762302,6.76472850261154,0.191850839783708,1,"March7","C1qb",0.2,0.04
-1.84072720762302,6.76472850261154,0.191850839783708,1,"Pgrmc1","C1qb",0.2,0.04
-1.84072720762302,6.76472850261154,0.191850839783708,1,"Elf2","C1qb",0.2,0.04
-1.84072720762302,6.76472850261154,0.191850839783708,1,"Mogs","C1qb",0.2,0.04
-1.84072720762302,6.76472850261154,0.191850839783708,1,"Zfp638","C1qb",0.2,0.04
-1.84072720762302,6.76472850261154,0.191850839783708,1,"Kras","C1qb",0.2,0.04
-1.84072720762302,6.76472850261154,0.191850839783708,1,"Man2a2","C1qb",0.2,0.04
-1.84072720762302,6.76472850261154,0.191850839783708,1,"Dnajc9","C1qb",0.2,0.04
-1.84072720762302,6.76472850261154,0.191850839783708,1,"Cnih1","C1qb",0.2,0.04
-1.84072720762302,6.76472850261154,0.191850839783708,1,"Lasp1","C1qb",0.2,0.04
-1.84072720762302,6.76472850261154,0.191850839783708,1,"Gps1","C1qb",0.2,0.04
-1.84072720762302,6.76472850261154,0.191850839783708,1,"Dync1h1","C1qb",0.2,0.04
-1.84072720762302,6.76472850261154,0.191850839783708,1,"Ccnt1","C1qb",0.2,0.04
-1.84072720762302,6.76472850261154,0.191850839783708,1,"Kmt2d","C1qb",0.2,0.04
-1.84072720762302,6.76472850261154,0.191850839783708,1,"Dgcr2","C1qb",0.2,0.04
-1.84072720762302,6.76472850261154,0.191850839783708,1,"Ezr","C1qb",0.2,0.04
-1.84072720762302,6.76472850261154,0.191850839783708,1,"Prpf19","C1qb",0.2,0.04
0.756762660862722,8.7522797013052,0.201460569189053,1,"Ubc","C1qb",0.2,0.04
-0.76802401563208,8.66961657058264,0.203331780911113,1,"Anp32b","C1qb",0.2,0.04
0.713084056141157,9.11168415071617,0.205880055739617,1,"Arpc3","C1qb",0.2,0.04
-0.659899157038974,9.46102680916118,0.20632950759492,1,"Tmsb10","C1qb",0.2,0.04
1.28322864946541,7.06494172838796,0.206492439708772,1,"Spop","C1qb",0.2,0.04
1.28322864946541,7.06494172838796,0.206492439708772,1,"Ifnar2","C1qb",0.2,0.04
1.28322864946541,7.06494172838796,0.206492439708772,1,"Gpsm3","C1qb",0.2,0.04
-1.21951825058144,7.13903784772107,0.206492439708772,1,"Magt1","C1qb",0.2,0.04
-1.21951825058144,7.13903784772107,0.206492439708772,1,"Ppp3ca","C1qb",0.2,0.04
-1.21951825058144,7.13903784772107,0.206492439708772,1,"AI314180","C1qb",0.2,0.04
-1.21951825058144,7.13903784772107,0.206492439708772,1,"Hmgn2","C1qb",0.2,0.04
-1.21951825058144,7.13903784772107,0.206492439708772,1,"Tmed5","C1qb",0.2,0.04
-1.21951825058144,7.13903784772107,0.206492439708772,1,"Sae1","C1qb",0.2,0.04
-1.21951825058144,7.13903784772107,0.206492439708772,1,"Pdcd6ip","C1qb",0.2,0.04
-1.21951825058144,7.13903784772107,0.206492439708772,1,"Cast","C1qb",0.2,0.04
-1.21951825058144,7.13903784772107,0.206492439708772,1,"Fut8","C1qb",0.2,0.04
-1.21951825058144,7.13903784772107,0.206492439708772,1,"Srpk1","C1qb",0.2,0.04
-0.790942255598308,8.42668509690177,0.207264069054584,1,"Ndufa2","C1qb",0.2,0.04
-0.886628460285391,8.28455518510725,0.209224384467693,1,"Nop10","C1qb",0.2,0.04
0.548346720917527,11.6317623900661,0.209557470122147,1,"Rpl9","C1qb",0.2,0.04
-0.961745415232071,8.09622371519884,0.211032436981507,1,"Ptpre","C1qb",0.2,0.04
-0.899207395866167,7.92286303320677,0.212448194908801,1,"Tardbp","C1qb",0.2,0.04
-0.899207395866167,7.92286303320677,0.212448194908801,1,"Impdh2","C1qb",0.2,0.04
-0.899207395866167,7.92286303320677,0.212448194908801,1,"Lgals9","C1qb",0.2,0.04
0.701993992509829,8.81606028974767,0.212902826325598,1,"Atp5j2","C1qb",0.2,0.04
1.00492405804906,7.65304076434563,0.213002714443838,1,"Ndufs7","C1qb",0.2,0.04
-1.07396455790505,7.71717479666944,0.213002714443838,1,"Dtymk","C1qb",0.2,0.04
-1.07396455790505,7.71717479666944,0.213002714443838,1,"Ddx17","C1qb",0.2,0.04
0.763289125767608,8.70622943088144,0.215634966754095,1,"Rhoa","C1qb",0.2,0.04
-0.666641181584588,9.42146710950842,0.216266989752178,1,"Eef1g","C1qb",0.2,0.04
1.5212229230735,6.43516422440754,0.217137789484305,1,"Asnsd1","C1qb",0.2,0.04
1.5212229230735,6.43516422440754,0.217137789484305,1,"Cox20","C1qb",0.2,0.04
1.5212229230735,6.43516422440754,0.217137789484305,1,"Dgkz","C1qb",0.2,0.04
1.5212229230735,6.43516422440754,0.217137789484305,1,"Abhd12","C1qb",0.2,0.04
1.5212229230735,6.43516422440754,0.217137789484305,1,"Trappc3","C1qb",0.2,0.04
1.5212229230735,6.43516422440754,0.217137789484305,1,"Necap2","C1qb",0.2,0.04
1.5212229230735,6.43516422440754,0.217137789484305,1,"Tmcc1","C1qb",0.2,0.04
1.5212229230735,6.43516422440754,0.217137789484305,1,"Fbxl14","C1qb",0.2,0.04
1.5212229230735,6.43516422440754,0.217137789484305,1,"Chd2","C1qb",0.2,0.04
1.5212229230735,6.43516422440754,0.217137789484305,1,"Sash1","C1qb",0.2,0.04
1.5212229230735,6.43516422440754,0.217137789484305,1,"Ascc3","C1qb",0.2,0.04
1.5212229230735,6.43516422440754,0.217137789484305,1,"Dohh","C1qb",0.2,0.04
1.5212229230735,6.43516422440754,0.217137789484305,1,"N4bp1","C1qb",0.2,0.04
1.5212229230735,6.43516422440754,0.217137789484305,1,"Slc7a7","C1qb",0.2,0.04
1.5212229230735,6.43516422440754,0.217137789484305,1,"0610009B22Rik","C1qb",0.2,0.04
1.5212229230735,6.43516422440754,0.217137789484305,1,"Nsf","C1qb",0.2,0.04
1.5212229230735,6.43516422440754,0.217137789484305,1,"Psmc5","C1qb",0.2,0.04
1.5212229230735,6.43516422440754,0.217137789484305,1,"Card19","C1qb",0.2,0.04
1.5212229230735,6.43516422440754,0.217137789484305,1,"Hpcal1","C1qb",0.2,0.04
1.5212229230735,6.43516422440754,0.217137789484305,1,"Hbp1","C1qb",0.2,0.04
1.5212229230735,6.43516422440754,0.217137789484305,1,"Myo10","C1qb",0.2,0.04
1.5212229230735,6.43516422440754,0.217137789484305,1,"Vav1","C1qb",0.2,0.04
1.5212229230735,6.43516422440754,0.217137789484305,1,"Ttc7","C1qb",0.2,0.04
1.5212229230735,6.43516422440754,0.217137789484305,1,"Arl3","C1qb",0.2,0.04
1.5212229230735,6.43516422440754,0.217137789484305,1,"Prdx3","C1qb",0.2,0.04
0.526657163238718,12.2456603790304,0.218859900479009,1,"Rpl32","C1qb",0.2,0.04
0.600328316503946,10.1990060166287,0.219721971564553,1,"Rpl7a","C1qb",0.2,0.04
0.608582901755281,9.8836994138459,0.220664781041352,1,"Cox4i1","C1qb",0.2,0.04
0.525350298894408,11.881036118772,0.222145537987478,1,"Rpl27a","C1qb",0.2,0.04
-0.814953055066082,8.34433670084828,0.225173738942631,1,"Cbx3","C1qb",0.2,0.04
-0.558441667983993,10.7146643923346,0.228692688921894,1,"Rps28","C1qb",0.2,0.04
0.51509338907937,12.0207459200858,0.230702108726808,1,"Rps9","C1qb",0.2,0.04
-0.859199041336888,8.03224917230238,0.232452672846237,1,"Cox6a1","C1qb",0.2,0.04
-0.859199041336888,8.03224917230238,0.232452672846237,1,"C1qbp","C1qb",0.2,0.04
-0.805056291311764,7.99907949517114,0.232452672846237,1,"Hspa9","C1qb",0.2,0.04
0.824054252795664,7.95360375225375,0.232452672846237,1,"Ndufb8","C1qb",0.2,0.04
-1.40293214540735,6.92808082420385,0.235949906641285,1,"Sms","C1qb",0.2,0.04
-1.40293214540735,6.92808082420385,0.235949906641285,1,"Pik3ca","C1qb",0.2,0.04
-1.40293214540735,6.92808082420385,0.235949906641285,1,"Ccnl1","C1qb",0.2,0.04
-1.40293214540735,6.92808082420385,0.235949906641285,1,"Spen","C1qb",0.2,0.04
-1.40293214540735,6.92808082420385,0.235949906641285,1,"Gna12","C1qb",0.2,0.04
-1.40293214540735,6.92808082420385,0.235949906641285,1,"Clcn4","C1qb",0.2,0.04
-1.40293214540735,6.92808082420385,0.235949906641285,1,"Tfdp1","C1qb",0.2,0.04
-1.40293214540735,6.92808082420385,0.235949906641285,1,"Smarcd2","C1qb",0.2,0.04
-1.40293214540735,6.92808082420385,0.235949906641285,1,"Itsn2","C1qb",0.2,0.04
-1.40293214540735,6.92808082420385,0.235949906641285,1,"Qk","C1qb",0.2,0.04
-1.40293214540735,6.92808082420385,0.235949906641285,1,"Slc29a1","C1qb",0.2,0.04
-0.536631941357297,10.9827319347578,0.236209365333299,1,"Rps26","C1qb",0.2,0.04
0.52736863686727,11.2828457389644,0.236681815911421,1,"Rpl15","C1qb",0.2,0.04
0.935526459454013,7.49593145214123,0.238912467101842,1,"Tmem234","C1qb",0.2,0.04
0.935526459454013,7.49593145214123,0.238912467101842,1,"Zyx","C1qb",0.2,0.04
0.935526459454013,7.49593145214123,0.238912467101842,1,"Skap2","C1qb",0.2,0.04
0.935526459454013,7.49593145214123,0.238912467101842,1,"Lims1","C1qb",0.2,0.04
-1.08297994817494,7.53374982287725,0.238912467101842,1,"Tram1","C1qb",0.2,0.04
-1.08297994817494,7.53374982287725,0.238912467101842,1,"Atrx","C1qb",0.2,0.04
-1.08297994817494,7.53374982287725,0.238912467101842,1,"Metap2","C1qb",0.2,0.04
-1.08297994817494,7.53374982287725,0.238912467101842,1,"Tmed3","C1qb",0.2,0.04
-1.08297994817494,7.53374982287725,0.238912467101842,1,"Sypl","C1qb",0.2,0.04
1.2020425169888,7.20315388168046,0.239948870163316,1,"Pik3cd","C1qb",0.2,0.04
1.2020425169888,7.20315388168046,0.239948870163316,1,"Sdf4","C1qb",0.2,0.04
1.2020425169888,7.20315388168046,0.239948870163316,1,"Ube2b","C1qb",0.2,0.04
1.2020425169888,7.20315388168046,0.239948870163316,1,"Iqgap2","C1qb",0.2,0.04
1.0131674414485,7.26308649120045,0.239948870163316,1,"Mtpn","C1qb",0.2,0.04
1.0131674414485,7.26308649120045,0.239948870163316,1,"Pdia4","C1qb",0.2,0.04
-1.09543720505865,7.3229634483976,0.239948870163316,1,"Arfgef1","C1qb",0.2,0.04
-1.09543720505865,7.3229634483976,0.239948870163316,1,"Cul1","C1qb",0.2,0.04
-1.09543720505865,7.3229634483976,0.239948870163316,1,"Tex261","C1qb",0.2,0.04
-1.09543720505865,7.3229634483976,0.239948870163316,1,"Vdac1","C1qb",0.2,0.04
-1.09543720505865,7.3229634483976,0.239948870163316,1,"Sdha","C1qb",0.2,0.04
-1.09543720505865,7.3229634483976,0.239948870163316,1,"Yy1","C1qb",0.2,0.04
-1.00321648561058,7.26717371859616,0.239948870163316,1,"Mrpl30","C1qb",0.2,0.04
-1.00321648561058,7.26717371859616,0.239948870163316,1,"Actl6a","C1qb",0.2,0.04
-1.00321648561058,7.26717371859616,0.239948870163316,1,"Psip1","C1qb",0.2,0.04
-1.00321648561058,7.26717371859616,0.239948870163316,1,"Dnajc8","C1qb",0.2,0.04
-1.00321648561058,7.26717371859616,0.239948870163316,1,"Trmt112","C1qb",0.2,0.04
-0.750470460475334,8.40181222896791,0.240754266487985,1,"Nme1","C1qb",0.2,0.04
-0.686034080470112,8.69563206714547,0.244497690168872,1,"Tomm7","C1qb",0.2,0.04
2.40242822730129,5.90218477433818,0.245787508828574,1,"Ing5","C1qb",0.2,0.04
2.40242822730129,5.90218477433818,0.245787508828574,1,"Nup214","C1qb",0.2,0.04
2.40242822730129,5.90218477433818,0.245787508828574,1,"Zdhhc5","C1qb",0.2,0.04
2.40242822730129,5.90218477433818,0.245787508828574,1,"Cd82","C1qb",0.2,0.04
2.40242822730129,5.90218477433818,0.245787508828574,1,"Abhd18","C1qb",0.2,0.04
2.40242822730129,5.90218477433818,0.245787508828574,1,"Wwp1","C1qb",0.2,0.04
2.40242822730129,5.90218477433818,0.245787508828574,1,"Ccdc28b","C1qb",0.2,0.04
2.40242822730129,5.90218477433818,0.245787508828574,1,"Cd38","C1qb",0.2,0.04
2.40242822730129,5.90218477433818,0.245787508828574,1,"Klf3","C1qb",0.2,0.04
2.40242822730129,5.90218477433818,0.245787508828574,1,"Bmp2k","C1qb",0.2,0.04
2.40242822730129,5.90218477433818,0.245787508828574,1,"Rnf216","C1qb",0.2,0.04
2.40242822730129,5.90218477433818,0.245787508828574,1,"Fam3c","C1qb",0.2,0.04
2.40242822730129,5.90218477433818,0.245787508828574,1,"Bpgm","C1qb",0.2,0.04
2.40242822730129,5.90218477433818,0.245787508828574,1,"C5ar1","C1qb",0.2,0.04
2.40242822730129,5.90218477433818,0.245787508828574,1,"Nfkbib","C1qb",0.2,0.04
2.40242822730129,5.90218477433818,0.245787508828574,1,"Lrrk1","C1qb",0.2,0.04
2.40242822730129,5.90218477433818,0.245787508828574,1,"Btbd1","C1qb",0.2,0.04
2.40242822730129,5.90218477433818,0.245787508828574,1,"Stard5","C1qb",0.2,0.04
2.40242822730129,5.90218477433818,0.245787508828574,1,"Itgam","C1qb",0.2,0.04
2.40242822730129,5.90218477433818,0.245787508828574,1,"Dyrk2","C1qb",0.2,0.04
2.40242822730129,5.90218477433818,0.245787508828574,1,"Ormdl2","C1qb",0.2,0.04
2.40242822730129,5.90218477433818,0.245787508828574,1,"Bloc1s1","C1qb",0.2,0.04
2.40242822730129,5.90218477433818,0.245787508828574,1,"Arhgap10","C1qb",0.2,0.04
2.40242822730129,5.90218477433818,0.245787508828574,1,"Dync1li2","C1qb",0.2,0.04
2.40242822730129,5.90218477433818,0.245787508828574,1,"Atmin","C1qb",0.2,0.04
2.40242822730129,5.90218477433818,0.245787508828574,1,"Ngly1","C1qb",0.2,0.04
2.40242822730129,5.90218477433818,0.245787508828574,1,"Ttc5","C1qb",0.2,0.04
2.40242822730129,5.90218477433818,0.245787508828574,1,"Oxa1l","C1qb",0.2,0.04
2.40242822730129,5.90218477433818,0.245787508828574,1,"Tyk2","C1qb",0.2,0.04
2.40242822730129,5.90218477433818,0.245787508828574,1,"Cdkn2d","C1qb",0.2,0.04
2.40242822730129,5.90218477433818,0.245787508828574,1,"Ecsit","C1qb",0.2,0.04
2.40242822730129,5.90218477433818,0.245787508828574,1,"Ccpg1","C1qb",0.2,0.04
2.40242822730129,5.90218477433818,0.245787508828574,1,"Pex13","C1qb",0.2,0.04
2.40242822730129,5.90218477433818,0.245787508828574,1,"Nt5m","C1qb",0.2,0.04
2.40242822730129,5.90218477433818,0.245787508828574,1,"Tnfrsf13b","C1qb",0.2,0.04
2.40242822730129,5.90218477433818,0.245787508828574,1,"Gps2","C1qb",0.2,0.04
2.40242822730129,5.90218477433818,0.245787508828574,1,"Mrpl27","C1qb",0.2,0.04
2.40242822730129,5.90218477433818,0.245787508828574,1,"Tbkbp1","C1qb",0.2,0.04
2.40242822730129,5.90218477433818,0.245787508828574,1,"Susd3","C1qb",0.2,0.04
2.40242822730129,5.90218477433818,0.245787508828574,1,"Rmi1","C1qb",0.2,0.04
2.40242822730129,5.90218477433818,0.245787508828574,1,"Nek9","C1qb",0.2,0.04
2.40242822730129,5.90218477433818,0.245787508828574,1,"Gpr65","C1qb",0.2,0.04
2.40242822730129,5.90218477433818,0.245787508828574,1,"Arhgap39","C1qb",0.2,0.04
2.40242822730129,5.90218477433818,0.245787508828574,1,"Pdgfb","C1qb",0.2,0.04
2.40242822730129,5.90218477433818,0.245787508828574,1,"Irak4","C1qb",0.2,0.04
2.40242822730129,5.90218477433818,0.245787508828574,1,"Asb8","C1qb",0.2,0.04
2.40242822730129,5.90218477433818,0.245787508828574,1,"Med15","C1qb",0.2,0.04
2.40242822730129,5.90218477433818,0.245787508828574,1,"E230001N04Rik","C1qb",0.2,0.04
2.40242822730129,5.90218477433818,0.245787508828574,1,"Zfp871","C1qb",0.2,0.04
2.40242822730129,5.90218477433818,0.245787508828574,1,"Ppp1r10","C1qb",0.2,0.04
2.40242822730129,5.90218477433818,0.245787508828574,1,"Cd2ap","C1qb",0.2,0.04
2.40242822730129,5.90218477433818,0.245787508828574,1,"Trem3","C1qb",0.2,0.04
2.40242822730129,5.90218477433818,0.245787508828574,1,"Slc14a1","C1qb",0.2,0.04
2.40242822730129,5.90218477433818,0.245787508828574,1,"Aldh3b1","C1qb",0.2,0.04
2.40242822730129,5.90218477433818,0.245787508828574,1,"Atl3","C1qb",0.2,0.04
2.40242822730129,5.90218477433818,0.245787508828574,1,"Eml3","C1qb",0.2,0.04
2.40242822730129,5.90218477433818,0.245787508828574,1,"Gm9493","C1qb",0.2,0.04
2.40242822730129,5.90218477433818,0.245787508828574,1,"Fbxw4","C1qb",0.2,0.04
2.40242822730129,5.90218477433818,0.245787508828574,1,"Bbip1","C1qb",0.2,0.04
2.40242822730129,5.90218477433818,0.245787508828574,1,"Casp7","C1qb",0.2,0.04
-1.91468973709713,6.14865026778969,0.245787508828574,1,"Taf3","C1qb",0.2,0.04
-1.91468973709713,6.14865026778969,0.245787508828574,1,"Ehmt1","C1qb",0.2,0.04
-1.91468973709713,6.14865026778969,0.245787508828574,1,"Ubac1","C1qb",0.2,0.04
-1.91468973709713,6.14865026778969,0.245787508828574,1,"Mvb12b","C1qb",0.2,0.04
-1.91468973709713,6.14865026778969,0.245787508828574,1,"Mapkap1","C1qb",0.2,0.04
-1.91468973709713,6.14865026778969,0.245787508828574,1,"Pdcl","C1qb",0.2,0.04
-1.91468973709713,6.14865026778969,0.245787508828574,1,"Mettl5","C1qb",0.2,0.04
-1.91468973709713,6.14865026778969,0.245787508828574,1,"Lnpk","C1qb",0.2,0.04
-1.91468973709713,6.14865026778969,0.245787508828574,1,"Hipk3","C1qb",0.2,0.04
-1.91468973709713,6.14865026778969,0.245787508828574,1,"Emc7","C1qb",0.2,0.04
-1.91468973709713,6.14865026778969,0.245787508828574,1,"Dlgap4","C1qb",0.2,0.04
-1.91468973709713,6.14865026778969,0.245787508828574,1,"Gk","C1qb",0.2,0.04
-1.91468973709713,6.14865026778969,0.245787508828574,1,"Pola1","C1qb",0.2,0.04
-1.91468973709713,6.14865026778969,0.245787508828574,1,"Ubqln2","C1qb",0.2,0.04
-1.91468973709713,6.14865026778969,0.245787508828574,1,"Mbtps2","C1qb",0.2,0.04
-1.91468973709713,6.14865026778969,0.245787508828574,1,"Impa1","C1qb",0.2,0.04
-1.91468973709713,6.14865026778969,0.245787508828574,1,"Ecm1","C1qb",0.2,0.04
-1.91468973709713,6.14865026778969,0.245787508828574,1,"Vav3","C1qb",0.2,0.04
-1.91468973709713,6.14865026778969,0.245787508828574,1,"Synpo2","C1qb",0.2,0.04
-1.91468973709713,6.14865026778969,0.245787508828574,1,"Lamtor3","C1qb",0.2,0.04
-1.91468973709713,6.14865026778969,0.245787508828574,1,"Stx17","C1qb",0.2,0.04
-1.91468973709713,6.14865026778969,0.245787508828574,1,"Kti12","C1qb",0.2,0.04
-1.91468973709713,6.14865026778969,0.245787508828574,1,"Eri3","C1qb",0.2,0.04
-1.91468973709713,6.14865026778969,0.245787508828574,1,"Pabpc4","C1qb",0.2,0.04
-1.91468973709713,6.14865026778969,0.245787508828574,1,"Yrdc","C1qb",0.2,0.04
-1.91468973709713,6.14865026778969,0.245787508828574,1,"Ctnnbip1","C1qb",0.2,0.04
-1.91468973709713,6.14865026778969,0.245787508828574,1,"Dnajc11","C1qb",0.2,0.04
-1.91468973709713,6.14865026778969,0.245787508828574,1,"Pmpcb","C1qb",0.2,0.04
-1.91468973709713,6.14865026778969,0.245787508828574,1,"Pus7","C1qb",0.2,0.04
-1.91468973709713,6.14865026778969,0.245787508828574,1,"Stim2","C1qb",0.2,0.04
-1.91468973709713,6.14865026778969,0.245787508828574,1,"Ppat","C1qb",0.2,0.04
-1.91468973709713,6.14865026778969,0.245787508828574,1,"Clip1","C1qb",0.2,0.04
-1.91468973709713,6.14865026778969,0.245787508828574,1,"Wipi2","C1qb",0.2,0.04
-1.91468973709713,6.14865026778969,0.245787508828574,1,"Trrap","C1qb",0.2,0.04
-1.91468973709713,6.14865026778969,0.245787508828574,1,"Umad1","C1qb",0.2,0.04
-1.91468973709713,6.14865026778969,0.245787508828574,1,"Polr1a","C1qb",0.2,0.04
-1.91468973709713,6.14865026778969,0.245787508828574,1,"P3h3","C1qb",0.2,0.04
-1.91468973709713,6.14865026778969,0.245787508828574,1,"Pold1","C1qb",0.2,0.04
-1.91468973709713,6.14865026778969,0.245787508828574,1,"Hikeshi","C1qb",0.2,0.04
-1.91468973709713,6.14865026778969,0.245787508828574,1,"Usp47","C1qb",0.2,0.04
-1.91468973709713,6.14865026778969,0.245787508828574,1,"Tnrc6a","C1qb",0.2,0.04
-1.91468973709713,6.14865026778969,0.245787508828574,1,"Reps1","C1qb",0.2,0.04
-1.91468973709713,6.14865026778969,0.245787508828574,1,"Cdk19","C1qb",0.2,0.04
-1.91468973709713,6.14865026778969,0.245787508828574,1,"Prep","C1qb",0.2,0.04
-1.91468973709713,6.14865026778969,0.245787508828574,1,"Pofut2","C1qb",0.2,0.04
-1.91468973709713,6.14865026778969,0.245787508828574,1,"Rnf126","C1qb",0.2,0.04
-1.91468973709713,6.14865026778969,0.245787508828574,1,"Fbxo7","C1qb",0.2,0.04
-1.91468973709713,6.14865026778969,0.245787508828574,1,"Pym1","C1qb",0.2,0.04
-1.91468973709713,6.14865026778969,0.245787508828574,1,"Gmip","C1qb",0.2,0.04
-1.91468973709713,6.14865026778969,0.245787508828574,1,"Mri1","C1qb",0.2,0.04
-1.91468973709713,6.14865026778969,0.245787508828574,1,"Slc4a7","C1qb",0.2,0.04
-1.91468973709713,6.14865026778969,0.245787508828574,1,"Sucla2","C1qb",0.2,0.04
-1.91468973709713,6.14865026778969,0.245787508828574,1,"Zc3h13","C1qb",0.2,0.04
-1.91468973709713,6.14865026778969,0.245787508828574,1,"Fbxl3","C1qb",0.2,0.04
-1.91468973709713,6.14865026778969,0.245787508828574,1,"Zfp266","C1qb",0.2,0.04
-1.91468973709713,6.14865026778969,0.245787508828574,1,"Commd4","C1qb",0.2,0.04
-1.91468973709713,6.14865026778969,0.245787508828574,1,"Map2k5","C1qb",0.2,0.04
-1.91468973709713,6.14865026778969,0.245787508828574,1,"Exosc7","C1qb",0.2,0.04
-1.91468973709713,6.14865026778969,0.245787508828574,1,"Rhbdd3","C1qb",0.2,0.04
-1.91468973709713,6.14865026778969,0.245787508828574,1,"Fignl1","C1qb",0.2,0.04
-1.91468973709713,6.14865026778969,0.245787508828574,1,"Sec24a","C1qb",0.2,0.04
-1.91468973709713,6.14865026778969,0.245787508828574,1,"Gid4","C1qb",0.2,0.04
-1.91468973709713,6.14865026778969,0.245787508828574,1,"Smg6","C1qb",0.2,0.04
-1.91468973709713,6.14865026778969,0.245787508828574,1,"Fam193b","C1qb",0.2,0.04
-1.91468973709713,6.14865026778969,0.245787508828574,1,"Srek1ip1","C1qb",0.2,0.04
-1.91468973709713,6.14865026778969,0.245787508828574,1,"Syne2","C1qb",0.2,0.04
-1.91468973709713,6.14865026778969,0.245787508828574,1,"Med6","C1qb",0.2,0.04
-1.91468973709713,6.14865026778969,0.245787508828574,1,"Prkaa1","C1qb",0.2,0.04
-1.91468973709713,6.14865026778969,0.245787508828574,1,"Srebf2","C1qb",0.2,0.04
-1.91468973709713,6.14865026778969,0.245787508828574,1,"Abcd2","C1qb",0.2,0.04
-1.91468973709713,6.14865026778969,0.245787508828574,1,"Senp1","C1qb",0.2,0.04
-1.91468973709713,6.14865026778969,0.245787508828574,1,"Trap1","C1qb",0.2,0.04
-1.91468973709713,6.14865026778969,0.245787508828574,1,"Dynlt1f","C1qb",0.2,0.04
-1.91468973709713,6.14865026778969,0.245787508828574,1,"Thoc6","C1qb",0.2,0.04
-1.91468973709713,6.14865026778969,0.245787508828574,1,"Ppil1","C1qb",0.2,0.04
-1.91468973709713,6.14865026778969,0.245787508828574,1,"Cd320","C1qb",0.2,0.04
-1.91468973709713,6.14865026778969,0.245787508828574,1,"Mrps18a","C1qb",0.2,0.04
-1.91468973709713,6.14865026778969,0.245787508828574,1,"Spast","C1qb",0.2,0.04
-1.91468973709713,6.14865026778969,0.245787508828574,1,"Fam98a","C1qb",0.2,0.04
-1.91468973709713,6.14865026778969,0.245787508828574,1,"Foxn2","C1qb",0.2,0.04
-1.91468973709713,6.14865026778969,0.245787508828574,1,"Ammecr1l","C1qb",0.2,0.04
-1.91468973709713,6.14865026778969,0.245787508828574,1,"Pola2","C1qb",0.2,0.04
-1.91468973709713,6.14865026778969,0.245787508828574,1,"Fen1","C1qb",0.2,0.04
-1.91468973709713,6.14865026778969,0.245787508828574,1,"Cdc37l1","C1qb",0.2,0.04
-0.610596078512978,9.51465180642782,0.247327768061975,1,"Ndufa4","C1qb",0.2,0.04
-0.500218314073381,11.5940086569691,0.253079928475872,1,"mt-Nd1","C1qb",0.2,0.04
0.747724431000019,8.41977295626317,0.255945696251589,1,"Atp5c1","C1qb",0.2,0.04
0.520193492375195,10.7298520232166,0.256952342464317,1,"H2-K1","C1qb",0.2,0.04
-0.840670433297101,7.88693753965739,0.258092511857811,1,"Ndufs5","C1qb",0.2,0.04
-0.840670433297101,7.88693753965739,0.258092511857811,1,"Llph","C1qb",0.2,0.04
-0.840670433297101,7.88693753965739,0.258092511857811,1,"Cbfa2t3","C1qb",0.2,0.04
-0.840670433297101,7.88693753965739,0.258092511857811,1,"Usmg5","C1qb",0.2,0.04
-0.644777796780166,9.1138340544031,0.261720286008774,1,"Trf","C1qb",0.2,0.04
-0.772075407138931,8.31792996147621,0.26276559982407,1,"Ywhaz","C1qb",0.2,0.04
0.671091077797479,8.60367360375636,0.263482910540878,1,"Atp5g2","C1qb",0.2,0.04
4.94394006208094,5.53822695846814,0.264705882352941,1,"Ccnyl1","C1qb",0.2,0.04
4.94394006208094,5.53822695846814,0.264705882352941,1,"Zfand2b","C1qb",0.2,0.04
4.94394006208094,5.53822695846814,0.264705882352941,1,"Ppfia4","C1qb",0.2,0.04
4.94394006208094,5.53822695846814,0.264705882352941,1,"Igsf8","C1qb",0.2,0.04
4.94394006208094,5.53822695846814,0.264705882352941,1,"Slamf8","C1qb",0.2,0.04
4.94394006208094,5.53822695846814,0.264705882352941,1,"Zer1","C1qb",0.2,0.04
4.94394006208094,5.53822695846814,0.264705882352941,1,"Slc2a8","C1qb",0.2,0.04
4.94394006208094,5.53822695846814,0.264705882352941,1,"Gtdc1","C1qb",0.2,0.04
4.94394006208094,5.53822695846814,0.264705882352941,1,"Ganc","C1qb",0.2,0.04
4.94394006208094,5.53822695846814,0.264705882352941,1,"Stard9","C1qb",0.2,0.04
4.94394006208094,5.53822695846814,0.264705882352941,1,"Ccndbp1","C1qb",0.2,0.04
4.94394006208094,5.53822695846814,0.264705882352941,1,"Gm17619","C1qb",0.2,0.04
4.94394006208094,5.53822695846814,0.264705882352941,1,"Il2rg","C1qb",0.2,0.04
4.94394006208094,5.53822695846814,0.264705882352941,1,"P2ry10b","C1qb",0.2,0.04
4.94394006208094,5.53822695846814,0.264705882352941,1,"Pde5a","C1qb",0.2,0.04
4.94394006208094,5.53822695846814,0.264705882352941,1,"Fam241a","C1qb",0.2,0.04
4.94394006208094,5.53822695846814,0.264705882352941,1,"Casp6","C1qb",0.2,0.04
4.94394006208094,5.53822695846814,0.264705882352941,1,"Mcub","C1qb",0.2,0.04
4.94394006208094,5.53822695846814,0.264705882352941,1,"Clca3a1","C1qb",0.2,0.04
4.94394006208094,5.53822695846814,0.264705882352941,1,"Jun","C1qb",0.2,0.04
4.94394006208094,5.53822695846814,0.264705882352941,1,"Pusl1","C1qb",0.2,0.04
4.94394006208094,5.53822695846814,0.264705882352941,1,"AI839979","C1qb",0.2,0.04
4.94394006208094,5.53822695846814,0.264705882352941,1,"Rcc1l","C1qb",0.2,0.04
4.94394006208094,5.53822695846814,0.264705882352941,1,"Orai2","C1qb",0.2,0.04
4.94394006208094,5.53822695846814,0.264705882352941,1,"Adap1","C1qb",0.2,0.04
4.94394006208094,5.53822695846814,0.264705882352941,1,"Vps50","C1qb",0.2,0.04
4.94394006208094,5.53822695846814,0.264705882352941,1,"Dcp1b","C1qb",0.2,0.04
4.94394006208094,5.53822695846814,0.264705882352941,1,"Clec9a","C1qb",0.2,0.04
4.94394006208094,5.53822695846814,0.264705882352941,1,"Ptpro","C1qb",0.2,0.04
4.94394006208094,5.53822695846814,0.264705882352941,1,"Shkbp1","C1qb",0.2,0.04
4.94394006208094,5.53822695846814,0.264705882352941,1,"Sdhaf1","C1qb",0.2,0.04
4.94394006208094,5.53822695846814,0.264705882352941,1,"Zfp715","C1qb",0.2,0.04
4.94394006208094,5.53822695846814,0.264705882352941,1,"Lipt2","C1qb",0.2,0.04
4.94394006208094,5.53822695846814,0.264705882352941,1,"1600010M07Rik","C1qb",0.2,0.04
4.94394006208094,5.53822695846814,0.264705882352941,1,"Mrvi1","C1qb",0.2,0.04
4.94394006208094,5.53822695846814,0.264705882352941,1,"Nucb2","C1qb",0.2,0.04
4.94394006208094,5.53822695846814,0.264705882352941,1,"Apobr","C1qb",0.2,0.04
4.94394006208094,5.53822695846814,0.264705882352941,1,"Pgghg","C1qb",0.2,0.04
4.94394006208094,5.53822695846814,0.264705882352941,1,"Oraov1","C1qb",0.2,0.04
4.94394006208094,5.53822695846814,0.264705882352941,1,"Ppp1r14c","C1qb",0.2,0.04
4.94394006208094,5.53822695846814,0.264705882352941,1,"Nup43","C1qb",0.2,0.04
4.94394006208094,5.53822695846814,0.264705882352941,1,"Slc35d3","C1qb",0.2,0.04
4.94394006208094,5.53822695846814,0.264705882352941,1,"Lilrb4a","C1qb",0.2,0.04
4.94394006208094,5.53822695846814,0.264705882352941,1,"P4ha1","C1qb",0.2,0.04
4.94394006208094,5.53822695846814,0.264705882352941,1,"Nr2c1","C1qb",0.2,0.04
4.94394006208094,5.53822695846814,0.264705882352941,1,"Ddx49","C1qb",0.2,0.04
4.94394006208094,5.53822695846814,0.264705882352941,1,"Klf2","C1qb",0.2,0.04
4.94394006208094,5.53822695846814,0.264705882352941,1,"Hsdl1","C1qb",0.2,0.04
4.94394006208094,5.53822695846814,0.264705882352941,1,"Stab1","C1qb",0.2,0.04
4.94394006208094,5.53822695846814,0.264705882352941,1,"Kcnj5","C1qb",0.2,0.04
4.94394006208094,5.53822695846814,0.264705882352941,1,"Mon1a","C1qb",0.2,0.04
4.94394006208094,5.53822695846814,0.264705882352941,1,"Thoc5","C1qb",0.2,0.04
4.94394006208094,5.53822695846814,0.264705882352941,1,"Eno3","C1qb",0.2,0.04
4.94394006208094,5.53822695846814,0.264705882352941,1,"Slfn4","C1qb",0.2,0.04
4.94394006208094,5.53822695846814,0.264705882352941,1,"Arl5c","C1qb",0.2,0.04
4.94394006208094,5.53822695846814,0.264705882352941,1,"Gpr141","C1qb",0.2,0.04
4.94394006208094,5.53822695846814,0.264705882352941,1,"Dusp22","C1qb",0.2,0.04
4.94394006208094,5.53822695846814,0.264705882352941,1,"Golga5","C1qb",0.2,0.04
4.94394006208094,5.53822695846814,0.264705882352941,1,"Crip2","C1qb",0.2,0.04
4.94394006208094,5.53822695846814,0.264705882352941,1,"Mtmr12","C1qb",0.2,0.04
4.94394006208094,5.53822695846814,0.264705882352941,1,"Ly6a","C1qb",0.2,0.04
4.94394006208094,5.53822695846814,0.264705882352941,1,"Parp10","C1qb",0.2,0.04
4.94394006208094,5.53822695846814,0.264705882352941,1,"Cdpf1","C1qb",0.2,0.04
4.94394006208094,5.53822695846814,0.264705882352941,1,"Fpr2","C1qb",0.2,0.04
4.94394006208094,5.53822695846814,0.264705882352941,1,"Tbc1d24","C1qb",0.2,0.04
4.94394006208094,5.53822695846814,0.264705882352941,1,"Treml4","C1qb",0.2,0.04
4.94394006208094,5.53822695846814,0.264705882352941,1,"Xdh","C1qb",0.2,0.04
4.94394006208094,5.53822695846814,0.264705882352941,1,"Celf4","C1qb",0.2,0.04
4.94394006208094,5.53822695846814,0.264705882352941,1,"Ms4a8a","C1qb",0.2,0.04
4.94394006208094,5.53822695846814,0.264705882352941,1,"Tbc1d12","C1qb",0.2,0.04
4.94394006208094,5.53822695846814,0.264705882352941,1,"Cc2d2b","C1qb",0.2,0.04
-4.79693032674451,5.690452823155,0.264705882352941,1,"Rab23","C1qb",0.2,0.04
-4.79693032674451,5.690452823155,0.264705882352941,1,"Bag2","C1qb",0.2,0.04
-4.79693032674451,5.690452823155,0.264705882352941,1,"Tgfbrap1","C1qb",0.2,0.04
-4.79693032674451,5.690452823155,0.264705882352941,1,"Col3a1","C1qb",0.2,0.04
-4.79693032674451,5.690452823155,0.264705882352941,1,"Nrp2","C1qb",0.2,0.04
-4.79693032674451,5.690452823155,0.264705882352941,1,"Hdac4","C1qb",0.2,0.04
-4.79693032674451,5.690452823155,0.264705882352941,1,"Ppip5k2","C1qb",0.2,0.04
-4.79693032674451,5.690452823155,0.264705882352941,1,"Kdsr","C1qb",0.2,0.04
-4.79693032674451,5.690452823155,0.264705882352941,1,"Ptpn4","C1qb",0.2,0.04
-4.79693032674451,5.690452823155,0.264705882352941,1,"Kifap3","C1qb",0.2,0.04
-4.79693032674451,5.690452823155,0.264705882352941,1,"Dcaf6","C1qb",0.2,0.04
-4.79693032674451,5.690452823155,0.264705882352941,1,"Dedd","C1qb",0.2,0.04
-4.79693032674451,5.690452823155,0.264705882352941,1,"Dusp23","C1qb",0.2,0.04
-4.79693032674451,5.690452823155,0.264705882352941,1,"Hlx","C1qb",0.2,0.04
-4.79693032674451,5.690452823155,0.264705882352941,1,"Mark1","C1qb",0.2,0.04
-4.79693032674451,5.690452823155,0.264705882352941,1,"Sec61a2","C1qb",0.2,0.04
-4.79693032674451,5.690452823155,0.264705882352941,1,"Arhgap21","C1qb",0.2,0.04
-4.79693032674451,5.690452823155,0.264705882352941,1,"Zmynd19","C1qb",0.2,0.04
-4.79693032674451,5.690452823155,0.264705882352941,1,"Npdc1","C1qb",0.2,0.04
-4.79693032674451,5.690452823155,0.264705882352941,1,"Phpt1","C1qb",0.2,0.04
-4.79693032674451,5.690452823155,0.264705882352941,1,"Cobll1","C1qb",0.2,0.04
-4.79693032674451,5.690452823155,0.264705882352941,1,"Spc25","C1qb",0.2,0.04
-4.79693032674451,5.690452823155,0.264705882352941,1,"Klhl23","C1qb",0.2,0.04
-4.79693032674451,5.690452823155,0.264705882352941,1,"Map3k20","C1qb",0.2,0.04
-4.79693032674451,5.690452823155,0.264705882352941,1,"Cwc22","C1qb",0.2,0.04
-4.79693032674451,5.690452823155,0.264705882352941,1,"Nckap1","C1qb",0.2,0.04
-4.79693032674451,5.690452823155,0.264705882352941,1,"Tmx2","C1qb",0.2,0.04
-4.79693032674451,5.690452823155,0.264705882352941,1,"Arhgap11a","C1qb",0.2,0.04
-4.79693032674451,5.690452823155,0.264705882352941,1,"Dph6","C1qb",0.2,0.04
-4.79693032674451,5.690452823155,0.264705882352941,1,"Rad51","C1qb",0.2,0.04
-4.79693032674451,5.690452823155,0.264705882352941,1,"Fgf7","C1qb",0.2,0.04
-4.79693032674451,5.690452823155,0.264705882352941,1,"Slc23a2","C1qb",0.2,0.04
-4.79693032674451,5.690452823155,0.264705882352941,1,"Snta1","C1qb",0.2,0.04
-4.79693032674451,5.690452823155,0.264705882352941,1,"BC029722","C1qb",0.2,0.04
-4.79693032674451,5.690452823155,0.264705882352941,1,"C330007P06Rik","C1qb",0.2,0.04
-4.79693032674451,5.690452823155,0.264705882352941,1,"Gria3","C1qb",0.2,0.04
-4.79693032674451,5.690452823155,0.264705882352941,1,"Phf6","C1qb",0.2,0.04
-4.79693032674451,5.690452823155,0.264705882352941,1,"Atp11c","C1qb",0.2,0.04
-4.79693032674451,5.690452823155,0.264705882352941,1,"1110012L19Rik","C1qb",0.2,0.04
-4.79693032674451,5.690452823155,0.264705882352941,1,"Ikbkg","C1qb",0.2,0.04
-4.79693032674451,5.690452823155,0.264705882352941,1,"Amer1","C1qb",0.2,0.04
-4.79693032674451,5.690452823155,0.264705882352941,1,"2610002M06Rik","C1qb",0.2,0.04
-4.79693032674451,5.690452823155,0.264705882352941,1,"Chm","C1qb",0.2,0.04
-4.79693032674451,5.690452823155,0.264705882352941,1,"Armcx3","C1qb",0.2,0.04
-4.79693032674451,5.690452823155,0.264705882352941,1,"Tmem29","C1qb",0.2,0.04
-4.79693032674451,5.690452823155,0.264705882352941,1,"Bmx","C1qb",0.2,0.04
-4.79693032674451,5.690452823155,0.264705882352941,1,"Msl3","C1qb",0.2,0.04
-4.79693032674451,5.690452823155,0.264705882352941,1,"Larp1b","C1qb",0.2,0.04
-4.79693032674451,5.690452823155,0.264705882352941,1,"Pgrmc2","C1qb",0.2,0.04
-4.79693032674451,5.690452823155,0.264705882352941,1,"D3Ertd751e","C1qb",0.2,0.04
-4.79693032674451,5.690452823155,0.264705882352941,1,"Rrnad1","C1qb",0.2,0.04
-4.79693032674451,5.690452823155,0.264705882352941,1,"Ptgfrn","C1qb",0.2,0.04
-4.79693032674451,5.690452823155,0.264705882352941,1,"Arhgap29","C1qb",0.2,0.04
-4.79693032674451,5.690452823155,0.264705882352941,1,"Depdc1a","C1qb",0.2,0.04
-4.79693032674451,5.690452823155,0.264705882352941,1,"Aqp7","C1qb",0.2,0.04
-4.79693032674451,5.690452823155,0.264705882352941,1,"Arhgef39","C1qb",0.2,0.04
-4.79693032674451,5.690452823155,0.264705882352941,1,"Tm2d1","C1qb",0.2,0.04
-4.79693032674451,5.690452823155,0.264705882352941,1,"Itgb3bp","C1qb",0.2,0.04
-4.79693032674451,5.690452823155,0.264705882352941,1,"Toe1","C1qb",0.2,0.04
-4.79693032674451,5.690452823155,0.264705882352941,1,"Eya3","C1qb",0.2,0.04
-4.79693032674451,5.690452823155,0.264705882352941,1,"Ldlrap1","C1qb",0.2,0.04
-4.79693032674451,5.690452823155,0.264705882352941,1,"Hspg2","C1qb",0.2,0.04
-4.79693032674451,5.690452823155,0.264705882352941,1,"Nmnat1","C1qb",0.2,0.04
-4.79693032674451,5.690452823155,0.264705882352941,1,"Pank4","C1qb",0.2,0.04
-4.79693032674451,5.690452823155,0.264705882352941,1,"Mmp23","C1qb",0.2,0.04
-4.79693032674451,5.690452823155,0.264705882352941,1,"Cdk14","C1qb",0.2,0.04
-4.79693032674451,5.690452823155,0.264705882352941,1,"Gm26825","C1qb",0.2,0.04
-4.79693032674451,5.690452823155,0.264705882352941,1,"Paxip1","C1qb",0.2,0.04
-4.79693032674451,5.690452823155,0.264705882352941,1,"Mpv17","C1qb",0.2,0.04
-4.79693032674451,5.690452823155,0.264705882352941,1,"Tacc3","C1qb",0.2,0.04
-4.79693032674451,5.690452823155,0.264705882352941,1,"Klhl5","C1qb",0.2,0.04
-4.79693032674451,5.690452823155,0.264705882352941,1,"Apbb2","C1qb",0.2,0.04
-4.79693032674451,5.690452823155,0.264705882352941,1,"Arhgap24","C1qb",0.2,0.04
-4.79693032674451,5.690452823155,0.264705882352941,1,"Fam69a","C1qb",0.2,0.04
-4.79693032674451,5.690452823155,0.264705882352941,1,"Lat2","C1qb",0.2,0.04
-4.79693032674451,5.690452823155,0.264705882352941,1,"Zfp113","C1qb",0.2,0.04
-4.79693032674451,5.690452823155,0.264705882352941,1,"Nudt1","C1qb",0.2,0.04
-4.79693032674451,5.690452823155,0.264705882352941,1,"Fscn1","C1qb",0.2,0.04
-4.79693032674451,5.690452823155,0.264705882352941,1,"Cdk8","C1qb",0.2,0.04
-4.79693032674451,5.690452823155,0.264705882352941,1,"Hsph1","C1qb",0.2,0.04
-4.79693032674451,5.690452823155,0.264705882352941,1,"Tes","C1qb",0.2,0.04
-4.79693032674451,5.690452823155,0.264705882352941,1,"Cped1","C1qb",0.2,0.04
-4.79693032674451,5.690452823155,0.264705882352941,1,"Gprin3","C1qb",0.2,0.04
-4.79693032674451,5.690452823155,0.264705882352941,1,"Smarcad1","C1qb",0.2,0.04
-4.79693032674451,5.690452823155,0.264705882352941,1,"Antxr1","C1qb",0.2,0.04
-4.79693032674451,5.690452823155,0.264705882352941,1,"Podxl2","C1qb",0.2,0.04
-4.79693032674451,5.690452823155,0.264705882352941,1,"Chchd6","C1qb",0.2,0.04
-4.79693032674451,5.690452823155,0.264705882352941,1,"Xpc","C1qb",0.2,0.04
-4.79693032674451,5.690452823155,0.264705882352941,1,"Mtmr14","C1qb",0.2,0.04
-4.79693032674451,5.690452823155,0.264705882352941,1,"Zfp637","C1qb",0.2,0.04
-4.79693032674451,5.690452823155,0.264705882352941,1,"Cd163","C1qb",0.2,0.04
-4.79693032674451,5.690452823155,0.264705882352941,1,"Tapbpl","C1qb",0.2,0.04
-4.79693032674451,5.690452823155,0.264705882352941,1,"Cd27","C1qb",0.2,0.04
-4.79693032674451,5.690452823155,0.264705882352941,1,"Parp11","C1qb",0.2,0.04
-4.79693032674451,5.690452823155,0.264705882352941,1,"Fam60a","C1qb",0.2,0.04
-4.79693032674451,5.690452823155,0.264705882352941,1,"Cox6b2","C1qb",0.2,0.04
-4.79693032674451,5.690452823155,0.264705882352941,1,"Sympk","C1qb",0.2,0.04
-4.79693032674451,5.690452823155,0.264705882352941,1,"Med29","C1qb",0.2,0.04
-4.79693032674451,5.690452823155,0.264705882352941,1,"Spint2","C1qb",0.2,0.04
-4.79693032674451,5.690452823155,0.264705882352941,1,"Arhgap33","C1qb",0.2,0.04
-4.79693032674451,5.690452823155,0.264705882352941,1,"Ccne1","C1qb",0.2,0.04
-4.79693032674451,5.690452823155,0.264705882352941,1,"2410002F23Rik","C1qb",0.2,0.04
-4.79693032674451,5.690452823155,0.264705882352941,1,"Nr1h2","C1qb",0.2,0.04
-4.79693032674451,5.690452823155,0.264705882352941,1,"Tbc1d17","C1qb",0.2,0.04
-4.79693032674451,5.690452823155,0.264705882352941,1,"Bcl2l12","C1qb",0.2,0.04
-4.79693032674451,5.690452823155,0.264705882352941,1,"Dhdh","C1qb",0.2,0.04
-4.79693032674451,5.690452823155,0.264705882352941,1,"Thap12","C1qb",0.2,0.04
-4.79693032674451,5.690452823155,0.264705882352941,1,"Xndc1","C1qb",0.2,0.04
-4.79693032674451,5.690452823155,0.264705882352941,1,"Lmo1","C1qb",0.2,0.04
-4.79693032674451,5.690452823155,0.264705882352941,1,"Parva","C1qb",0.2,0.04
-4.79693032674451,5.690452823155,0.264705882352941,1,"Tead1","C1qb",0.2,0.04
-4.79693032674451,5.690452823155,0.264705882352941,1,"Srcap","C1qb",0.2,0.04
-4.79693032674451,5.690452823155,0.264705882352941,1,"Zfp668","C1qb",0.2,0.04
-4.79693032674451,5.690452823155,0.264705882352941,1,"Pstk","C1qb",0.2,0.04
-4.79693032674451,5.690452823155,0.264705882352941,1,"Eef1akmt2","C1qb",0.2,0.04
-4.79693032674451,5.690452823155,0.264705882352941,1,"Dhx32","C1qb",0.2,0.04
-4.79693032674451,5.690452823155,0.264705882352941,1,"Mki67","C1qb",0.2,0.04
-4.79693032674451,5.690452823155,0.264705882352941,1,"Paox","C1qb",0.2,0.04
-4.79693032674451,5.690452823155,0.264705882352941,1,"Nadsyn1","C1qb",0.2,0.04
-4.79693032674451,5.690452823155,0.264705882352941,1,"Rmnd1","C1qb",0.2,0.04
-4.79693032674451,5.690452823155,0.264705882352941,1,"Syne1","C1qb",0.2,0.04
-4.79693032674451,5.690452823155,0.264705882352941,1,"Map3k5","C1qb",0.2,0.04
-4.79693032674451,5.690452823155,0.264705882352941,1,"Susd2","C1qb",0.2,0.04
-4.79693032674451,5.690452823155,0.264705882352941,1,"Syde1","C1qb",0.2,0.04
-4.79693032674451,5.690452823155,0.264705882352941,1,"Plppr3","C1qb",0.2,0.04
-4.79693032674451,5.690452823155,0.264705882352941,1,"Btbd2","C1qb",0.2,0.04
-4.79693032674451,5.690452823155,0.264705882352941,1,"Ric8b","C1qb",0.2,0.04
-4.79693032674451,5.690452823155,0.264705882352941,1,"Cry1","C1qb",0.2,0.04
-4.79693032674451,5.690452823155,0.264705882352941,1,"Dram1","C1qb",0.2,0.04
-4.79693032674451,5.690452823155,0.264705882352941,1,"Timeless","C1qb",0.2,0.04
-4.79693032674451,5.690452823155,0.264705882352941,1,"Pan2","C1qb",0.2,0.04
-4.79693032674451,5.690452823155,0.264705882352941,1,"Tespa1","C1qb",0.2,0.04
-4.79693032674451,5.690452823155,0.264705882352941,1,"Arhgef18","C1qb",0.2,0.04
-4.79693032674451,5.690452823155,0.264705882352941,1,"Cars2","C1qb",0.2,0.04
-4.79693032674451,5.690452823155,0.264705882352941,1,"Tubgcp3","C1qb",0.2,0.04
-4.79693032674451,5.690452823155,0.264705882352941,1,"Neil3","C1qb",0.2,0.04
-4.79693032674451,5.690452823155,0.264705882352941,1,"Klhl2","C1qb",0.2,0.04
-4.79693032674451,5.690452823155,0.264705882352941,1,"Tma16","C1qb",0.2,0.04
-4.79693032674451,5.690452823155,0.264705882352941,1,"Naf1","C1qb",0.2,0.04
-4.79693032674451,5.690452823155,0.264705882352941,1,"Pik3r2","C1qb",0.2,0.04
-4.79693032674451,5.690452823155,0.264705882352941,1,"Large1","C1qb",0.2,0.04
-4.79693032674451,5.690452823155,0.264705882352941,1,"Ednra","C1qb",0.2,0.04
-4.79693032674451,5.690452823155,0.264705882352941,1,"Hhip","C1qb",0.2,0.04
-4.79693032674451,5.690452823155,0.264705882352941,1,"Elmod2","C1qb",0.2,0.04
-4.79693032674451,5.690452823155,0.264705882352941,1,"Dcaf15","C1qb",0.2,0.04
-4.79693032674451,5.690452823155,0.264705882352941,1,"Cyld","C1qb",0.2,0.04
-4.79693032674451,5.690452823155,0.264705882352941,1,"Gins3","C1qb",0.2,0.04
-4.79693032674451,5.690452823155,0.264705882352941,1,"Setd6","C1qb",0.2,0.04
-4.79693032674451,5.690452823155,0.264705882352941,1,"Vac14","C1qb",0.2,0.04
-4.79693032674451,5.690452823155,0.264705882352941,1,"Terf2ip","C1qb",0.2,0.04
-4.79693032674451,5.690452823155,0.264705882352941,1,"Zcchc14","C1qb",0.2,0.04
-4.79693032674451,5.690452823155,0.264705882352941,1,"Klhdc4","C1qb",0.2,0.04
-4.79693032674451,5.690452823155,0.264705882352941,1,"Ptprg","C1qb",0.2,0.04
-4.79693032674451,5.690452823155,0.264705882352941,1,"Zswim8","C1qb",0.2,0.04
-4.79693032674451,5.690452823155,0.264705882352941,1,"Camk2g","C1qb",0.2,0.04
-4.79693032674451,5.690452823155,0.264705882352941,1,"Chdh","C1qb",0.2,0.04
-4.79693032674451,5.690452823155,0.264705882352941,1,"Sh3bp5","C1qb",0.2,0.04
-4.79693032674451,5.690452823155,0.264705882352941,1,"Eaf1","C1qb",0.2,0.04
-4.79693032674451,5.690452823155,0.264705882352941,1,"Bmp4","C1qb",0.2,0.04
-4.79693032674451,5.690452823155,0.264705882352941,1,"Parp4","C1qb",0.2,0.04
-4.79693032674451,5.690452823155,0.264705882352941,1,"Loxl2","C1qb",0.2,0.04
-4.79693032674451,5.690452823155,0.264705882352941,1,"Amotl1","C1qb",0.2,0.04
-4.79693032674451,5.690452823155,0.264705882352941,1,"Col5a3","C1qb",0.2,0.04
-4.79693032674451,5.690452823155,0.264705882352941,1,"Eepd1","C1qb",0.2,0.04
-4.79693032674451,5.690452823155,0.264705882352941,1,"Alg9","C1qb",0.2,0.04
-4.79693032674451,5.690452823155,0.264705882352941,1,"Loxl1","C1qb",0.2,0.04
-4.79693032674451,5.690452823155,0.264705882352941,1,"Neo1","C1qb",0.2,0.04
-4.79693032674451,5.690452823155,0.264705882352941,1,"Mns1","C1qb",0.2,0.04
-4.79693032674451,5.690452823155,0.264705882352941,1,"Ppp2r3a","C1qb",0.2,0.04
-4.79693032674451,5.690452823155,0.264705882352941,1,"Elp6","C1qb",0.2,0.04
-4.79693032674451,5.690452823155,0.264705882352941,1,"Ngp","C1qb",0.2,0.04
-4.79693032674451,5.690452823155,0.264705882352941,1,"Nradd","C1qb",0.2,0.04
-4.79693032674451,5.690452823155,0.264705882352941,1,"Trak1","C1qb",0.2,0.04
-4.79693032674451,5.690452823155,0.264705882352941,1,"Pold2","C1qb",0.2,0.04
-4.79693032674451,5.690452823155,0.264705882352941,1,"Pus10","C1qb",0.2,0.04
-4.79693032674451,5.690452823155,0.264705882352941,1,"Maml1","C1qb",0.2,0.04
-4.79693032674451,5.690452823155,0.264705882352941,1,"Flcn","C1qb",0.2,0.04
-4.79693032674451,5.690452823155,0.264705882352941,1,"Aurkb","C1qb",0.2,0.04
-4.79693032674451,5.690452823155,0.264705882352941,1,"Senp3","C1qb",0.2,0.04
-4.79693032674451,5.690452823155,0.264705882352941,1,"Tusc5","C1qb",0.2,0.04
-4.79693032674451,5.690452823155,0.264705882352941,1,"Phf12","C1qb",0.2,0.04
-4.79693032674451,5.690452823155,0.264705882352941,1,"Traf4","C1qb",0.2,0.04
-4.79693032674451,5.690452823155,0.264705882352941,1,"Acaca","C1qb",0.2,0.04
-4.79693032674451,5.690452823155,0.264705882352941,1,"Pcgf2","C1qb",0.2,0.04
-4.79693032674451,5.690452823155,0.264705882352941,1,"Cdc6","C1qb",0.2,0.04
-4.79693032674451,5.690452823155,0.264705882352941,1,"Brca1","C1qb",0.2,0.04
-4.79693032674451,5.690452823155,0.264705882352941,1,"Gjc1","C1qb",0.2,0.04
-4.79693032674451,5.690452823155,0.264705882352941,1,"Mrc2","C1qb",0.2,0.04
-4.79693032674451,5.690452823155,0.264705882352941,1,"Sdk2","C1qb",0.2,0.04
-4.79693032674451,5.690452823155,0.264705882352941,1,"Ube2o","C1qb",0.2,0.04
-4.79693032674451,5.690452823155,0.264705882352941,1,"St6galnac2","C1qb",0.2,0.04
-4.79693032674451,5.690452823155,0.264705882352941,1,"Cbx8","C1qb",0.2,0.04
-4.79693032674451,5.690452823155,0.264705882352941,1,"Gmds","C1qb",0.2,0.04
-4.79693032674451,5.690452823155,0.264705882352941,1,"Poc5","C1qb",0.2,0.04
-4.79693032674451,5.690452823155,0.264705882352941,1,"Adi1","C1qb",0.2,0.04
-4.79693032674451,5.690452823155,0.264705882352941,1,"Ifrd1","C1qb",0.2,0.04
-4.79693032674451,5.690452823155,0.264705882352941,1,"Cfl2","C1qb",0.2,0.04
-4.79693032674451,5.690452823155,0.264705882352941,1,"Fancm","C1qb",0.2,0.04
-4.79693032674451,5.690452823155,0.264705882352941,1,"Ptgr2","C1qb",0.2,0.04
-4.79693032674451,5.690452823155,0.264705882352941,1,"Vipas39","C1qb",0.2,0.04
-4.79693032674451,5.690452823155,0.264705882352941,1,"Gon7","C1qb",0.2,0.04
-4.79693032674451,5.690452823155,0.264705882352941,1,"Klc1","C1qb",0.2,0.04
-4.79693032674451,5.690452823155,0.264705882352941,1,"Nudt14","C1qb",0.2,0.04
-4.79693032674451,5.690452823155,0.264705882352941,1,"Rictor","C1qb",0.2,0.04
-4.79693032674451,5.690452823155,0.264705882352941,1,"Rad1","C1qb",0.2,0.04
-4.79693032674451,5.690452823155,0.264705882352941,1,"Snhg18","C1qb",0.2,0.04
-4.79693032674451,5.690452823155,0.264705882352941,1,"Cyhr1","C1qb",0.2,0.04
-4.79693032674451,5.690452823155,0.264705882352941,1,"Cdc42ep1","C1qb",0.2,0.04
-4.79693032674451,5.690452823155,0.264705882352941,1,"Josd1","C1qb",0.2,0.04
-4.79693032674451,5.690452823155,0.264705882352941,1,"Desi1","C1qb",0.2,0.04
-4.79693032674451,5.690452823155,0.264705882352941,1,"Cenpm","C1qb",0.2,0.04
-4.79693032674451,5.690452823155,0.264705882352941,1,"Slc11a2","C1qb",0.2,0.04
-4.79693032674451,5.690452823155,0.264705882352941,1,"Myg1","C1qb",0.2,0.04
-4.79693032674451,5.690452823155,0.264705882352941,1,"Coro7","C1qb",0.2,0.04
-4.79693032674451,5.690452823155,0.264705882352941,1,"Alg1","C1qb",0.2,0.04
-4.79693032674451,5.690452823155,0.264705882352941,1,"Kng2","C1qb",0.2,0.04
-4.79693032674451,5.690452823155,0.264705882352941,1,"Opa1","C1qb",0.2,0.04
-4.79693032674451,5.690452823155,0.264705882352941,1,"Dirc2","C1qb",0.2,0.04
-4.79693032674451,5.690452823155,0.264705882352941,1,"Nepro","C1qb",0.2,0.04
-4.79693032674451,5.690452823155,0.264705882352941,1,"Urb1","C1qb",0.2,0.04
-4.79693032674451,5.690452823155,0.264705882352941,1,"Tmem181a","C1qb",0.2,0.04
-4.79693032674451,5.690452823155,0.264705882352941,1,"Zfp760","C1qb",0.2,0.04
-4.79693032674451,5.690452823155,0.264705882352941,1,"Mettl26","C1qb",0.2,0.04
-4.79693032674451,5.690452823155,0.264705882352941,1,"Ergic1","C1qb",0.2,0.04
-4.79693032674451,5.690452823155,0.264705882352941,1,"Rnf8","C1qb",0.2,0.04
-4.79693032674451,5.690452823155,0.264705882352941,1,"Wdr4","C1qb",0.2,0.04
-4.79693032674451,5.690452823155,0.264705882352941,1,"Mrpl2","C1qb",0.2,0.04
-4.79693032674451,5.690452823155,0.264705882352941,1,"Mrps10","C1qb",0.2,0.04
-4.79693032674451,5.690452823155,0.264705882352941,1,"Ebi3","C1qb",0.2,0.04
-4.79693032674451,5.690452823155,0.264705882352941,1,"Ranbp3","C1qb",0.2,0.04
-4.79693032674451,5.690452823155,0.264705882352941,1,"Gtf2f1","C1qb",0.2,0.04
-4.79693032674451,5.690452823155,0.264705882352941,1,"Colec12","C1qb",0.2,0.04
-4.79693032674451,5.690452823155,0.264705882352941,1,"Dpysl3","C1qb",0.2,0.04
-4.79693032674451,5.690452823155,0.264705882352941,1,"Synpo","C1qb",0.2,0.04
-4.79693032674451,5.690452823155,0.264705882352941,1,"Malt1","C1qb",0.2,0.04
-4.79693032674451,5.690452823155,0.264705882352941,1,"Mbd1","C1qb",0.2,0.04
-4.79693032674451,5.690452823155,0.264705882352941,1,"Ccdc85b","C1qb",0.2,0.04
-4.79693032674451,5.690452823155,0.264705882352941,1,"Sac3d1","C1qb",0.2,0.04
-4.79693032674451,5.690452823155,0.264705882352941,1,"Atg2a","C1qb",0.2,0.04
-4.79693032674451,5.690452823155,0.264705882352941,1,"Sdhaf2","C1qb",0.2,0.04
-4.79693032674451,5.690452823155,0.264705882352941,1,"Tmem109","C1qb",0.2,0.04
-4.79693032674451,5.690452823155,0.264705882352941,1,"Dtx4","C1qb",0.2,0.04
-4.79693032674451,5.690452823155,0.264705882352941,1,"Ermp1","C1qb",0.2,0.04
-4.79693032674451,5.690452823155,0.264705882352941,1,"Sufu","C1qb",0.2,0.04
-4.79693032674451,5.690452823155,0.264705882352941,1,"Sh3pxd2a","C1qb",0.2,0.04
-4.79693032674451,5.690452823155,0.264705882352941,1,"Add3","C1qb",0.2,0.04
-4.39908942203424,5.50221453170924,0.264705882352941,1,"Stau2","C1qb",0.2,0.04
-4.39908942203424,5.50221453170924,0.264705882352941,1,"Tram2","C1qb",0.2,0.04
-4.39908942203424,5.50221453170924,0.264705882352941,1,"Bend6","C1qb",0.2,0.04
-4.39908942203424,5.50221453170924,0.264705882352941,1,"Plekhb2","C1qb",0.2,0.04
-4.39908942203424,5.50221453170924,0.264705882352941,1,"Actr1b","C1qb",0.2,0.04
-4.39908942203424,5.50221453170924,0.264705882352941,1,"Aff3","C1qb",0.2,0.04
-4.39908942203424,5.50221453170924,0.264705882352941,1,"Tmem182","C1qb",0.2,0.04
-4.39908942203424,5.50221453170924,0.264705882352941,1,"Fhl2","C1qb",0.2,0.04
-4.39908942203424,5.50221453170924,0.264705882352941,1,"Gulp1","C1qb",0.2,0.04
-4.39908942203424,5.50221453170924,0.264705882352941,1,"Mars2","C1qb",0.2,0.04
-4.39908942203424,5.50221453170924,0.264705882352941,1,"Zfp142","C1qb",0.2,0.04
-4.39908942203424,5.50221453170924,0.264705882352941,1,"Ttll4","C1qb",0.2,0.04
-4.39908942203424,5.50221453170924,0.264705882352941,1,"Acsl3","C1qb",0.2,0.04
-4.39908942203424,5.50221453170924,0.264705882352941,1,"Mrpl44","C1qb",0.2,0.04
-4.39908942203424,5.50221453170924,0.264705882352941,1,"Slc35f5","C1qb",0.2,0.04
-4.39908942203424,5.50221453170924,0.264705882352941,1,"Ube2t","C1qb",0.2,0.04
-4.39908942203424,5.50221453170924,0.264705882352941,1,"Zbtb41","C1qb",0.2,0.04
-4.39908942203424,5.50221453170924,0.264705882352941,1,"Rnf2","C1qb",0.2,0.04
-4.39908942203424,5.50221453170924,0.264705882352941,1,"Lamc1","C1qb",0.2,0.04
-4.39908942203424,5.50221453170924,0.264705882352941,1,"Gorab","C1qb",0.2,0.04
-4.39908942203424,5.50221453170924,0.264705882352941,1,"Ddr2","C1qb",0.2,0.04
-4.39908942203424,5.50221453170924,0.264705882352941,1,"Gm20045","C1qb",0.2,0.04
-4.39908942203424,5.50221453170924,0.264705882352941,1,"Dusp10","C1qb",0.2,0.04
-4.39908942203424,5.50221453170924,0.264705882352941,1,"Mcm10","C1qb",0.2,0.04
-4.39908942203424,5.50221453170924,0.264705882352941,1,"Arl5b","C1qb",0.2,0.04
-4.39908942203424,5.50221453170924,0.264705882352941,1,"Abca2","C1qb",0.2,0.04
-4.39908942203424,5.50221453170924,0.264705882352941,1,"Qsox2","C1qb",0.2,0.04
-4.39908942203424,5.50221453170924,0.264705882352941,1,"Gpsm1","C1qb",0.2,0.04
-4.39908942203424,5.50221453170924,0.264705882352941,1,"Rxra","C1qb",0.2,0.04
-4.39908942203424,5.50221453170924,0.264705882352941,1,"Wdr34","C1qb",0.2,0.04
-4.39908942203424,5.50221453170924,0.264705882352941,1,"Tbc1d13","C1qb",0.2,0.04
-4.39908942203424,5.50221453170924,0.264705882352941,1,"St6galnac6","C1qb",0.2,0.04
-4.39908942203424,5.50221453170924,0.264705882352941,1,"Acvr2a","C1qb",0.2,0.04
-4.39908942203424,5.50221453170924,0.264705882352941,1,"Stk39","C1qb",0.2,0.04
-4.39908942203424,5.50221453170924,0.264705882352941,1,"Ubr3","C1qb",0.2,0.04
-4.39908942203424,5.50221453170924,0.264705882352941,1,"Pde1a","C1qb",0.2,0.04
-4.39908942203424,5.50221453170924,0.264705882352941,1,"Tfpi","C1qb",0.2,0.04
-4.39908942203424,5.50221453170924,0.264705882352941,1,"Slc43a3","C1qb",0.2,0.04
-4.39908942203424,5.50221453170924,0.264705882352941,1,"Tnks1bp1","C1qb",0.2,0.04
-4.39908942203424,5.50221453170924,0.264705882352941,1,"Qser1","C1qb",0.2,0.04
-4.39908942203424,5.50221453170924,0.264705882352941,1,"Fam98b","C1qb",0.2,0.04
-4.39908942203424,5.50221453170924,0.264705882352941,1,"Rmdn3","C1qb",0.2,0.04
-4.39908942203424,5.50221453170924,0.264705882352941,1,"Ino80","C1qb",0.2,0.04
-4.39908942203424,5.50221453170924,0.264705882352941,1,"Vps39","C1qb",0.2,0.04
-4.39908942203424,5.50221453170924,0.264705882352941,1,"Trp53bp1","C1qb",0.2,0.04
-4.39908942203424,5.50221453170924,0.264705882352941,1,"Ctdspl2","C1qb",0.2,0.04
-4.39908942203424,5.50221453170924,0.264705882352941,1,"Secisbp2l","C1qb",0.2,0.04
-4.39908942203424,5.50221453170924,0.264705882352941,1,"Dusp2","C1qb",0.2,0.04
-4.39908942203424,5.50221453170924,0.264705882352941,1,"Ubox5","C1qb",0.2,0.04
-4.39908942203424,5.50221453170924,0.264705882352941,1,"Mavs","C1qb",0.2,0.04
-4.39908942203424,5.50221453170924,0.264705882352941,1,"Pank2","C1qb",0.2,0.04
-4.39908942203424,5.50221453170924,0.264705882352941,1,"Mcm8","C1qb",0.2,0.04
-4.39908942203424,5.50221453170924,0.264705882352941,1,"Bmp2","C1qb",0.2,0.04
-4.39908942203424,5.50221453170924,0.264705882352941,1,"Plcb1","C1qb",0.2,0.04
-4.39908942203424,5.50221453170924,0.264705882352941,1,"Jag1","C1qb",0.2,0.04
-4.39908942203424,5.50221453170924,0.264705882352941,1,"Ninl","C1qb",0.2,0.04
-4.39908942203424,5.50221453170924,0.264705882352941,1,"Sox12","C1qb",0.2,0.04
-4.39908942203424,5.50221453170924,0.264705882352941,1,"Nol4l","C1qb",0.2,0.04
-4.39908942203424,5.50221453170924,0.264705882352941,1,"Cdk5rap1","C1qb",0.2,0.04
-4.39908942203424,5.50221453170924,0.264705882352941,1,"Ncoa6","C1qb",0.2,0.04
-4.39908942203424,5.50221453170924,0.264705882352941,1,"Aar2","C1qb",0.2,0.04
-4.39908942203424,5.50221453170924,0.264705882352941,1,"Lbp","C1qb",0.2,0.04
-4.39908942203424,5.50221453170924,0.264705882352941,1,"Fitm2","C1qb",0.2,0.04
-4.39908942203424,5.50221453170924,0.264705882352941,1,"Suv39h1","C1qb",0.2,0.04
-4.39908942203424,5.50221453170924,0.264705882352941,1,"Wdr13","C1qb",0.2,0.04
-4.39908942203424,5.50221453170924,0.264705882352941,1,"Ercc6l","C1qb",0.2,0.04
-4.39908942203424,5.50221453170924,0.264705882352941,1,"Apex2","C1qb",0.2,0.04
-4.39908942203424,5.50221453170924,0.264705882352941,1,"Tceanc","C1qb",0.2,0.04
-4.39908942203424,5.50221453170924,0.264705882352941,1,"C030034L19Rik","C1qb",0.2,0.04
-4.39908942203424,5.50221453170924,0.264705882352941,1,"Snx16","C1qb",0.2,0.04
-4.39908942203424,5.50221453170924,0.264705882352941,1,"Mtfr1","C1qb",0.2,0.04
-4.39908942203424,5.50221453170924,0.264705882352941,1,"4632415L05Rik","C1qb",0.2,0.04
-4.39908942203424,5.50221453170924,0.264705882352941,1,"Sclt1","C1qb",0.2,0.04
-4.39908942203424,5.50221453170924,0.264705882352941,1,"Foxo1","C1qb",0.2,0.04
-4.39908942203424,5.50221453170924,0.264705882352941,1,"Spg20","C1qb",0.2,0.04
-4.39908942203424,5.50221453170924,0.264705882352941,1,"Siah2","C1qb",0.2,0.04
-4.39908942203424,5.50221453170924,0.264705882352941,1,"Shox2","C1qb",0.2,0.04
-4.39908942203424,5.50221453170924,0.264705882352941,1,"4930579G24Rik","C1qb",0.2,0.04
-4.39908942203424,5.50221453170924,0.264705882352941,1,"Sh3d19","C1qb",0.2,0.04
-4.39908942203424,5.50221453170924,0.264705882352941,1,"Mex3a","C1qb",0.2,0.04
-4.39908942203424,5.50221453170924,0.264705882352941,1,"Hist2h2ac","C1qb",0.2,0.04
-4.39908942203424,5.50221453170924,0.264705882352941,1,"Gstm5","C1qb",0.2,0.04
-4.39908942203424,5.50221453170924,0.264705882352941,1,"Gstm2","C1qb",0.2,0.04
-4.39908942203424,5.50221453170924,0.264705882352941,1,"Slc25a24","C1qb",0.2,0.04
-4.39908942203424,5.50221453170924,0.264705882352941,1,"Rtca","C1qb",0.2,0.04
-4.39908942203424,5.50221453170924,0.264705882352941,1,"Cnn3","C1qb",0.2,0.04
-4.39908942203424,5.50221453170924,0.264705882352941,1,"F3","C1qb",0.2,0.04
-4.39908942203424,5.50221453170924,0.264705882352941,1,"Arsj","C1qb",0.2,0.04
-4.39908942203424,5.50221453170924,0.264705882352941,1,"Ap1ar","C1qb",0.2,0.04
-4.39908942203424,5.50221453170924,0.264705882352941,1,"Gstcd","C1qb",0.2,0.04
-4.39908942203424,5.50221453170924,0.264705882352941,1,"Hs2st1","C1qb",0.2,0.04
-4.39908942203424,5.50221453170924,0.264705882352941,1,"Otud6b","C1qb",0.2,0.04
-4.39908942203424,5.50221453170924,0.264705882352941,1,"Ripk2","C1qb",0.2,0.04
-4.39908942203424,5.50221453170924,0.264705882352941,1,"Smu1","C1qb",0.2,0.04
-4.39908942203424,5.50221453170924,0.264705882352941,1,"Alg2","C1qb",0.2,0.04
-4.39908942203424,5.50221453170924,0.264705882352941,1,"Dnajc25","C1qb",0.2,0.04
-4.39908942203424,5.50221453170924,0.264705882352941,1,"Prpf4","C1qb",0.2,0.04
-4.39908942203424,5.50221453170924,0.264705882352941,1,"Akna","C1qb",0.2,0.04
-4.39908942203424,5.50221453170924,0.264705882352941,1,"Dennd4c","C1qb",0.2,0.04
-4.39908942203424,5.50221453170924,0.264705882352941,1,"Podn","C1qb",0.2,0.04
-4.39908942203424,5.50221453170924,0.264705882352941,1,"Echdc2","C1qb",0.2,0.04
-4.39908942203424,5.50221453170924,0.264705882352941,1,"Txndc12","C1qb",0.2,0.04
-4.39908942203424,5.50221453170924,0.264705882352941,1,"Nsun4","C1qb",0.2,0.04
-4.39908942203424,5.50221453170924,0.264705882352941,1,"P3h1","C1qb",0.2,0.04
-4.39908942203424,5.50221453170924,0.264705882352941,1,"1110065P20Rik","C1qb",0.2,0.04
-4.39908942203424,5.50221453170924,0.264705882352941,1,"Zbtb8a","C1qb",0.2,0.04
-4.39908942203424,5.50221453170924,0.264705882352941,1,"Ahdc1","C1qb",0.2,0.04
-4.39908942203424,5.50221453170924,0.264705882352941,1,"Fbxo42","C1qb",0.2,0.04
-4.39908942203424,5.50221453170924,0.264705882352941,1,"Fblim1","C1qb",0.2,0.04
-4.39908942203424,5.50221453170924,0.264705882352941,1,"9430015G10Rik","C1qb",0.2,0.04
-4.39908942203424,5.50221453170924,0.264705882352941,1,"Fzd1","C1qb",0.2,0.04
-4.39908942203424,5.50221453170924,0.264705882352941,1,"Gtpbp10","C1qb",0.2,0.04
-4.39908942203424,5.50221453170924,0.264705882352941,1,"Hgf","C1qb",0.2,0.04
-4.39908942203424,5.50221453170924,0.264705882352941,1,"Cenpa","C1qb",0.2,0.04
-4.39908942203424,5.50221453170924,0.264705882352941,1,"Spon2","C1qb",0.2,0.04
-4.39908942203424,5.50221453170924,0.264705882352941,1,"Rgs12","C1qb",0.2,0.04
-4.39908942203424,5.50221453170924,0.264705882352941,1,"Pi4k2b","C1qb",0.2,0.04
-4.39908942203424,5.50221453170924,0.264705882352941,1,"Limch1","C1qb",0.2,0.04
-4.39908942203424,5.50221453170924,0.264705882352941,1,"Cox18","C1qb",0.2,0.04
-4.39908942203424,5.50221453170924,0.264705882352941,1,"Abraxas1","C1qb",0.2,0.04
-4.39908942203424,5.50221453170924,0.264705882352941,1,"Pkd2","C1qb",0.2,0.04
-4.39908942203424,5.50221453170924,0.264705882352941,1,"Pigg","C1qb",0.2,0.04
-4.39908942203424,5.50221453170924,0.264705882352941,1,"Gtpbp6","C1qb",0.2,0.04
-4.39908942203424,5.50221453170924,0.264705882352941,1,"Golga3","C1qb",0.2,0.04
-4.39908942203424,5.50221453170924,0.264705882352941,1,"Pgam5","C1qb",0.2,0.04
-4.39908942203424,5.50221453170924,0.264705882352941,1,"2900026A02Rik","C1qb",0.2,0.04
-4.39908942203424,5.50221453170924,0.264705882352941,1,"Ube3b","C1qb",0.2,0.04
-4.39908942203424,5.50221453170924,0.264705882352941,1,"Unc119b","C1qb",0.2,0.04
-4.39908942203424,5.50221453170924,0.264705882352941,1,"Cit","C1qb",0.2,0.04
-4.39908942203424,5.50221453170924,0.264705882352941,1,"Dhx37","C1qb",0.2,0.04
-4.39908942203424,5.50221453170924,0.264705882352941,1,"Ift22","C1qb",0.2,0.04
-4.39908942203424,5.50221453170924,0.264705882352941,1,"Cnpy4","C1qb",0.2,0.04
-4.39908942203424,5.50221453170924,0.264705882352941,1,"Zdhhc4","C1qb",0.2,0.04
-4.39908942203424,5.50221453170924,0.264705882352941,1,"Ptcd1","C1qb",0.2,0.04
-4.39908942203424,5.50221453170924,0.264705882352941,1,"Zkscan5","C1qb",0.2,0.04
-4.39908942203424,5.50221453170924,0.264705882352941,1,"Flt3","C1qb",0.2,0.04
-4.39908942203424,5.50221453170924,0.264705882352941,1,"Fry","C1qb",0.2,0.04
-4.39908942203424,5.50221453170924,0.264705882352941,1,"Ica1","C1qb",0.2,0.04
-4.39908942203424,5.50221453170924,0.264705882352941,1,"Tfec","C1qb",0.2,0.04
-4.39908942203424,5.50221453170924,0.264705882352941,1,"Tspan12","C1qb",0.2,0.04
-4.39908942203424,5.50221453170924,0.264705882352941,1,"Ube2h","C1qb",0.2,0.04
-4.39908942203424,5.50221453170924,0.264705882352941,1,"Zc3hc1","C1qb",0.2,0.04
-4.39908942203424,5.50221453170924,0.264705882352941,1,"Exoc4","C1qb",0.2,0.04
-4.39908942203424,5.50221453170924,0.264705882352941,1,"Hoxa9","C1qb",0.2,0.04
-4.39908942203424,5.50221453170924,0.264705882352941,1,"Hoxa10","C1qb",0.2,0.04
-4.39908942203424,5.50221453170924,0.264705882352941,1,"Pyurf","C1qb",0.2,0.04
-4.39908942203424,5.50221453170924,0.264705882352941,1,"Mad2l1","C1qb",0.2,0.04
-4.39908942203424,5.50221453170924,0.264705882352941,1,"Exoc6b","C1qb",0.2,0.04
-4.39908942203424,5.50221453170924,0.264705882352941,1,"Adamts9","C1qb",0.2,0.04
-4.39908942203424,5.50221453170924,0.264705882352941,1,"Shq1","C1qb",0.2,0.04
-4.39908942203424,5.50221453170924,0.264705882352941,1,"Trnt1","C1qb",0.2,0.04
-4.39908942203424,5.50221453170924,0.264705882352941,1,"Rad52","C1qb",0.2,0.04
-4.39908942203424,5.50221453170924,0.264705882352941,1,"C1s1","C1qb",0.2,0.04
-4.39908942203424,5.50221453170924,0.264705882352941,1,"Ltbr","C1qb",0.2,0.04
-4.39908942203424,5.50221453170924,0.264705882352941,1,"Cd69","C1qb",0.2,0.04
-4.39908942203424,5.50221453170924,0.264705882352941,1,"Gpr19","C1qb",0.2,0.04
-4.39908942203424,5.50221453170924,0.264705882352941,1,"Meis3","C1qb",0.2,0.04
-4.39908942203424,5.50221453170924,0.264705882352941,1,"Irf2bp1","C1qb",0.2,0.04
-4.39908942203424,5.50221453170924,0.264705882352941,1,"Qpctl","C1qb",0.2,0.04
-4.39908942203424,5.50221453170924,0.264705882352941,1,"Mark4","C1qb",0.2,0.04
-4.39908942203424,5.50221453170924,0.264705882352941,1,"Bcl3","C1qb",0.2,0.04
-4.39908942203424,5.50221453170924,0.264705882352941,1,"Pafah1b3","C1qb",0.2,0.04
-4.39908942203424,5.50221453170924,0.264705882352941,1,"Map3k10","C1qb",0.2,0.04
-4.39908942203424,5.50221453170924,0.264705882352941,1,"Plekhg2","C1qb",0.2,0.04
-4.39908942203424,5.50221453170924,0.264705882352941,1,"Samd4b","C1qb",0.2,0.04
-4.39908942203424,5.50221453170924,0.264705882352941,1,"Tead2","C1qb",0.2,0.04
-4.39908942203424,5.50221453170924,0.264705882352941,1,"Grwd1","C1qb",0.2,0.04
-4.39908942203424,5.50221453170924,0.264705882352941,1,"Prc1","C1qb",0.2,0.04
-4.39908942203424,5.50221453170924,0.264705882352941,1,"2900076A07Rik","C1qb",0.2,0.04
-4.39908942203424,5.50221453170924,0.264705882352941,1,"3110040N11Rik","C1qb",0.2,0.04
-4.39908942203424,5.50221453170924,0.264705882352941,1,"Aamdc","C1qb",0.2,0.04
-4.39908942203424,5.50221453170924,0.264705882352941,1,"Pold3","C1qb",0.2,0.04
-4.39908942203424,5.50221453170924,0.264705882352941,1,"Rnf121","C1qb",0.2,0.04
-4.39908942203424,5.50221453170924,0.264705882352941,1,"Btbd10","C1qb",0.2,0.04
-4.39908942203424,5.50221453170924,0.264705882352941,1,"Rras2","C1qb",0.2,0.04
-4.39908942203424,5.50221453170924,0.264705882352941,1,"Xylt1","C1qb",0.2,0.04
-4.39908942203424,5.50221453170924,0.264705882352941,1,"Polr3e","C1qb",0.2,0.04
-4.39908942203424,5.50221453170924,0.264705882352941,1,"Usp31","C1qb",0.2,0.04
-4.39908942203424,5.50221453170924,0.264705882352941,1,"Dctn5","C1qb",0.2,0.04
-4.39908942203424,5.50221453170924,0.264705882352941,1,"Gtf3c1","C1qb",0.2,0.04
-4.39908942203424,5.50221453170924,0.264705882352941,1,"D430042O09Rik","C1qb",0.2,0.04
-4.39908942203424,5.50221453170924,0.264705882352941,1,"1700008J07Rik","C1qb",0.2,0.04
-4.39908942203424,5.50221453170924,0.264705882352941,1,"BC017158","C1qb",0.2,0.04
-4.39908942203424,5.50221453170924,0.264705882352941,1,"Plekha1","C1qb",0.2,0.04
-4.39908942203424,5.50221453170924,0.264705882352941,1,"2310057M21Rik","C1qb",0.2,0.04
-4.39908942203424,5.50221453170924,0.264705882352941,1,"Dock1","C1qb",0.2,0.04
-4.39908942203424,5.50221453170924,0.264705882352941,1,"9430038I01Rik","C1qb",0.2,0.04
-4.39908942203424,5.50221453170924,0.264705882352941,1,"Ptdss2","C1qb",0.2,0.04
-4.39908942203424,5.50221453170924,0.264705882352941,1,"Mob2","C1qb",0.2,0.04
-4.39908942203424,5.50221453170924,0.264705882352941,1,"Fgf3","C1qb",0.2,0.04
-4.39908942203424,5.50221453170924,0.264705882352941,1,"Ulbp1","C1qb",0.2,0.04
-4.39908942203424,5.50221453170924,0.264705882352941,1,"Fuca2","C1qb",0.2,0.04
-4.39908942203424,5.50221453170924,0.264705882352941,1,"Eya4","C1qb",0.2,0.04
-4.39908942203424,5.50221453170924,0.264705882352941,1,"Mcu","C1qb",0.2,0.04
-4.39908942203424,5.50221453170924,0.264705882352941,1,"Tysnd1","C1qb",0.2,0.04
-4.39908942203424,5.50221453170924,0.264705882352941,1,"Ccdc6","C1qb",0.2,0.04
-4.39908942203424,5.50221453170924,0.264705882352941,1,"Tpgs1","C1qb",0.2,0.04
-4.39908942203424,5.50221453170924,0.264705882352941,1,"Slc39a3","C1qb",0.2,0.04
-4.39908942203424,5.50221453170924,0.264705882352941,1,"Hmg20b","C1qb",0.2,0.04
-4.39908942203424,5.50221453170924,0.264705882352941,1,"Parpbp","C1qb",0.2,0.04
-4.39908942203424,5.50221453170924,0.264705882352941,1,"Nup107","C1qb",0.2,0.04
-4.39908942203424,5.50221453170924,0.264705882352941,1,"Msrb3","C1qb",0.2,0.04
-4.39908942203424,5.50221453170924,0.264705882352941,1,"Tmem198b","C1qb",0.2,0.04
-4.39908942203424,5.50221453170924,0.264705882352941,1,"Cul4a","C1qb",0.2,0.04
-4.39908942203424,5.50221453170924,0.264705882352941,1,"Csmd1","C1qb",0.2,0.04
-4.39908942203424,5.50221453170924,0.264705882352941,1,"Dusp4","C1qb",0.2,0.04
-4.39908942203424,5.50221453170924,0.264705882352941,1,"Rwdd4a","C1qb",0.2,0.04
-4.39908942203424,5.50221453170924,0.264705882352941,1,"Sh3rf1","C1qb",0.2,0.04
-4.39908942203424,5.50221453170924,0.264705882352941,1,"Sugp1","C1qb",0.2,0.04
-4.39908942203424,5.50221453170924,0.264705882352941,1,"Slc10a7","C1qb",0.2,0.04
-4.39908942203424,5.50221453170924,0.264705882352941,1,"Smad1","C1qb",0.2,0.04
-4.39908942203424,5.50221453170924,0.264705882352941,1,"Hook2","C1qb",0.2,0.04
-4.39908942203424,5.50221453170924,0.264705882352941,1,"Tnpo2","C1qb",0.2,0.04
-4.39908942203424,5.50221453170924,0.264705882352941,1,"Heatr3","C1qb",0.2,0.04
-4.39908942203424,5.50221453170924,0.264705882352941,1,"Nup93","C1qb",0.2,0.04
-4.39908942203424,5.50221453170924,0.264705882352941,1,"Cpne2","C1qb",0.2,0.04
-4.39908942203424,5.50221453170924,0.264705882352941,1,"Coq9","C1qb",0.2,0.04
-4.39908942203424,5.50221453170924,0.264705882352941,1,"Ccdc102a","C1qb",0.2,0.04
-4.39908942203424,5.50221453170924,0.264705882352941,1,"Mon1b","C1qb",0.2,0.04
-4.39908942203424,5.50221453170924,0.264705882352941,1,"Gan","C1qb",0.2,0.04
-4.39908942203424,5.50221453170924,0.264705882352941,1,"Banp","C1qb",0.2,0.04
-4.39908942203424,5.50221453170924,0.264705882352941,1,"Ctu2","C1qb",0.2,0.04
-4.39908942203424,5.50221453170924,0.264705882352941,1,"Dcp1a","C1qb",0.2,0.04
-4.39908942203424,5.50221453170924,0.264705882352941,1,"Bmpr1a","C1qb",0.2,0.04
-4.39908942203424,5.50221453170924,0.264705882352941,1,"Naa30","C1qb",0.2,0.04
-4.39908942203424,5.50221453170924,0.264705882352941,1,"Mettl17","C1qb",0.2,0.04
-4.39908942203424,5.50221453170924,0.264705882352941,1,"Nynrin","C1qb",0.2,0.04
-4.39908942203424,5.50221453170924,0.264705882352941,1,"Il17d","C1qb",0.2,0.04
-4.39908942203424,5.50221453170924,0.264705882352941,1,"Cdadc1","C1qb",0.2,0.04
-4.39908942203424,5.50221453170924,0.264705882352941,1,"Tnfrsf19","C1qb",0.2,0.04
-4.39908942203424,5.50221453170924,0.264705882352941,1,"Msra","C1qb",0.2,0.04
-4.39908942203424,5.50221453170924,0.264705882352941,1,"Polr3d","C1qb",0.2,0.04
-4.39908942203424,5.50221453170924,0.264705882352941,1,"Naa16","C1qb",0.2,0.04
-4.39908942203424,5.50221453170924,0.264705882352941,1,"Dach1","C1qb",0.2,0.04
-4.39908942203424,5.50221453170924,0.264705882352941,1,"Pibf1","C1qb",0.2,0.04
-4.39908942203424,5.50221453170924,0.264705882352941,1,"Yap1","C1qb",0.2,0.04
-4.39908942203424,5.50221453170924,0.264705882352941,1,"Olfm2","C1qb",0.2,0.04
-4.39908942203424,5.50221453170924,0.264705882352941,1,"Ldlr","C1qb",0.2,0.04
-4.39908942203424,5.50221453170924,0.264705882352941,1,"Rab3d","C1qb",0.2,0.04
-4.39908942203424,5.50221453170924,0.264705882352941,1,"Chek1","C1qb",0.2,0.04
-4.39908942203424,5.50221453170924,0.264705882352941,1,"Cep164","C1qb",0.2,0.04
-4.39908942203424,5.50221453170924,0.264705882352941,1,"Bace1","C1qb",0.2,0.04
-4.39908942203424,5.50221453170924,0.264705882352941,1,"Ppp2r1b","C1qb",0.2,0.04
-4.39908942203424,5.50221453170924,0.264705882352941,1,"2010007H06Rik","C1qb",0.2,0.04
-4.39908942203424,5.50221453170924,0.264705882352941,1,"Kdelc2","C1qb",0.2,0.04
-4.39908942203424,5.50221453170924,0.264705882352941,1,"Atm","C1qb",0.2,0.04
-4.39908942203424,5.50221453170924,0.264705882352941,1,"Man2c1","C1qb",0.2,0.04
-4.39908942203424,5.50221453170924,0.264705882352941,1,"Irak1bp1","C1qb",0.2,0.04
-4.39908942203424,5.50221453170924,0.264705882352941,1,"Ttk","C1qb",0.2,0.04
-4.39908942203424,5.50221453170924,0.264705882352941,1,"Mras","C1qb",0.2,0.04
-4.39908942203424,5.50221453170924,0.264705882352941,1,"Dbr1","C1qb",0.2,0.04
-4.39908942203424,5.50221453170924,0.264705882352941,1,"Parp3","C1qb",0.2,0.04
-4.39908942203424,5.50221453170924,0.264705882352941,1,"Bsn","C1qb",0.2,0.04
-4.39908942203424,5.50221453170924,0.264705882352941,1,"Tcta","C1qb",0.2,0.04
-4.39908942203424,5.50221453170924,0.264705882352941,1,"Ptpn23","C1qb",0.2,0.04
-4.39908942203424,5.50221453170924,0.264705882352941,1,"Oxsr1","C1qb",0.2,0.04
-4.39908942203424,5.50221453170924,0.264705882352941,1,"Ascc2","C1qb",0.2,0.04
-4.39908942203424,5.50221453170924,0.264705882352941,1,"Kremen1","C1qb",0.2,0.04
-4.39908942203424,5.50221453170924,0.264705882352941,1,"Fancl","C1qb",0.2,0.04
-4.39908942203424,5.50221453170924,0.264705882352941,1,"Cpeb4","C1qb",0.2,0.04
-4.39908942203424,5.50221453170924,0.264705882352941,1,"Kif3a","C1qb",0.2,0.04
-4.39908942203424,5.50221453170924,0.264705882352941,1,"Gemin5","C1qb",0.2,0.04
-4.39908942203424,5.50221453170924,0.264705882352941,1,"Snap47","C1qb",0.2,0.04
-4.39908942203424,5.50221453170924,0.264705882352941,1,"Top3a","C1qb",0.2,0.04
-4.39908942203424,5.50221453170924,0.264705882352941,1,"Ctc1","C1qb",0.2,0.04
-4.39908942203424,5.50221453170924,0.264705882352941,1,"Rabep1","C1qb",0.2,0.04
-4.39908942203424,5.50221453170924,0.264705882352941,1,"Smyd4","C1qb",0.2,0.04
-4.39908942203424,5.50221453170924,0.264705882352941,1,"Mrm3","C1qb",0.2,0.04
-4.39908942203424,5.50221453170924,0.264705882352941,1,"Nxn","C1qb",0.2,0.04
-4.39908942203424,5.50221453170924,0.264705882352941,1,"Rhot1","C1qb",0.2,0.04
-4.39908942203424,5.50221453170924,0.264705882352941,1,"5730455P16Rik","C1qb",0.2,0.04
-4.39908942203424,5.50221453170924,0.264705882352941,1,"Bcas3","C1qb",0.2,0.04
-4.39908942203424,5.50221453170924,0.264705882352941,1,"Ints2","C1qb",0.2,0.04
-4.39908942203424,5.50221453170924,0.264705882352941,1,"Ptrh2","C1qb",0.2,0.04
-4.39908942203424,5.50221453170924,0.264705882352941,1,"Sept4","C1qb",0.2,0.04
-4.39908942203424,5.50221453170924,0.264705882352941,1,"Mlx","C1qb",0.2,0.04
-4.39908942203424,5.50221453170924,0.264705882352941,1,"Retreg3","C1qb",0.2,0.04
-4.39908942203424,5.50221453170924,0.264705882352941,1,"Ezh1","C1qb",0.2,0.04
-4.39908942203424,5.50221453170924,0.264705882352941,1,"Cog1","C1qb",0.2,0.04
-4.39908942203424,5.50221453170924,0.264705882352941,1,"Gga3","C1qb",0.2,0.04
-4.39908942203424,5.50221453170924,0.264705882352941,1,"Acox1","C1qb",0.2,0.04
-4.39908942203424,5.50221453170924,0.264705882352941,1,"Cbx4","C1qb",0.2,0.04
-4.39908942203424,5.50221453170924,0.264705882352941,1,"Akr1e1","C1qb",0.2,0.04
-4.39908942203424,5.50221453170924,0.264705882352941,1,"Stard3nl","C1qb",0.2,0.04
-4.39908942203424,5.50221453170924,0.264705882352941,1,"Kif13a","C1qb",0.2,0.04
-4.39908942203424,5.50221453170924,0.264705882352941,1,"Id4","C1qb",0.2,0.04
-4.39908942203424,5.50221453170924,0.264705882352941,1,"4833439L19Rik","C1qb",0.2,0.04
-4.39908942203424,5.50221453170924,0.264705882352941,1,"Uimc1","C1qb",0.2,0.04
-4.39908942203424,5.50221453170924,0.264705882352941,1,"Dbn1","C1qb",0.2,0.04
-4.39908942203424,5.50221453170924,0.264705882352941,1,"B4galt7","C1qb",0.2,0.04
-4.39908942203424,5.50221453170924,0.264705882352941,1,"Smad5","C1qb",0.2,0.04
-4.39908942203424,5.50221453170924,0.264705882352941,1,"Fastkd3","C1qb",0.2,0.04
-4.39908942203424,5.50221453170924,0.264705882352941,1,"Vcan","C1qb",0.2,0.04
-4.39908942203424,5.50221453170924,0.264705882352941,1,"Msh3","C1qb",0.2,0.04
-4.39908942203424,5.50221453170924,0.264705882352941,1,"Polk","C1qb",0.2,0.04
-4.39908942203424,5.50221453170924,0.264705882352941,1,"Itga1","C1qb",0.2,0.04
-4.39908942203424,5.50221453170924,0.264705882352941,1,"Hmgcs1","C1qb",0.2,0.04
-4.39908942203424,5.50221453170924,0.264705882352941,1,"Ubxn2a","C1qb",0.2,0.04
-4.39908942203424,5.50221453170924,0.264705882352941,1,"Sdc1","C1qb",0.2,0.04
-4.39908942203424,5.50221453170924,0.264705882352941,1,"Gen1","C1qb",0.2,0.04
-4.39908942203424,5.50221453170924,0.264705882352941,1,"Gemin2","C1qb",0.2,0.04
-4.39908942203424,5.50221453170924,0.264705882352941,1,"Dact1","C1qb",0.2,0.04
-4.39908942203424,5.50221453170924,0.264705882352941,1,"Six1","C1qb",0.2,0.04
-4.39908942203424,5.50221453170924,0.264705882352941,1,"Psen1","C1qb",0.2,0.04
-4.39908942203424,5.50221453170924,0.264705882352941,1,"Zfp410","C1qb",0.2,0.04
-4.39908942203424,5.50221453170924,0.264705882352941,1,"Coq6","C1qb",0.2,0.04
-4.39908942203424,5.50221453170924,0.264705882352941,1,"Ift43","C1qb",0.2,0.04
-4.39908942203424,5.50221453170924,0.264705882352941,1,"Ccdc88c","C1qb",0.2,0.04
-4.39908942203424,5.50221453170924,0.264705882352941,1,"Ubr7","C1qb",0.2,0.04
-4.39908942203424,5.50221453170924,0.264705882352941,1,"Dab2","C1qb",0.2,0.04
-4.39908942203424,5.50221453170924,0.264705882352941,1,"Sema5a","C1qb",0.2,0.04
-4.39908942203424,5.50221453170924,0.264705882352941,1,"Ankrd46","C1qb",0.2,0.04
-4.39908942203424,5.50221453170924,0.264705882352941,1,"Gm10384","C1qb",0.2,0.04
-4.39908942203424,5.50221453170924,0.264705882352941,1,"Scrib","C1qb",0.2,0.04
-4.39908942203424,5.50221453170924,0.264705882352941,1,"Tst","C1qb",0.2,0.04
-4.39908942203424,5.50221453170924,0.264705882352941,1,"C1qtnf6","C1qb",0.2,0.04
-4.39908942203424,5.50221453170924,0.264705882352941,1,"Sco2","C1qb",0.2,0.04
-4.39908942203424,5.50221453170924,0.264705882352941,1,"Chkb","C1qb",0.2,0.04
-4.39908942203424,5.50221453170924,0.264705882352941,1,"Rapgef3","C1qb",0.2,0.04
-4.39908942203424,5.50221453170924,0.264705882352941,1,"Tmem106c","C1qb",0.2,0.04
-4.39908942203424,5.50221453170924,0.264705882352941,1,"Fkbp11","C1qb",0.2,0.04
-4.39908942203424,5.50221453170924,0.264705882352941,1,"Tfcp2","C1qb",0.2,0.04
-4.39908942203424,5.50221453170924,0.264705882352941,1,"Krt18","C1qb",0.2,0.04
-4.39908942203424,5.50221453170924,0.264705882352941,1,"Hoxc6","C1qb",0.2,0.04
-4.39908942203424,5.50221453170924,0.264705882352941,1,"Smug1","C1qb",0.2,0.04
-4.39908942203424,5.50221453170924,0.264705882352941,1,"Eef2kmt","C1qb",0.2,0.04
-4.39908942203424,5.50221453170924,0.264705882352941,1,"1810013L24Rik","C1qb",0.2,0.04
-4.39908942203424,5.50221453170924,0.264705882352941,1,"Rmi2","C1qb",0.2,0.04
-4.39908942203424,5.50221453170924,0.264705882352941,1,"Dnm1l","C1qb",0.2,0.04
-4.39908942203424,5.50221453170924,0.264705882352941,1,"Dgcr6","C1qb",0.2,0.04
-4.39908942203424,5.50221453170924,0.264705882352941,1,"Kpna1","C1qb",0.2,0.04
-4.39908942203424,5.50221453170924,0.264705882352941,1,"Poglut1","C1qb",0.2,0.04
-4.39908942203424,5.50221453170924,0.264705882352941,1,"Tmem39a","C1qb",0.2,0.04
-4.39908942203424,5.50221453170924,0.264705882352941,1,"Ccdc80","C1qb",0.2,0.04
-4.39908942203424,5.50221453170924,0.264705882352941,1,"Tmem45a","C1qb",0.2,0.04
-4.39908942203424,5.50221453170924,0.264705882352941,1,"Pros1","C1qb",0.2,0.04
-4.39908942203424,5.50221453170924,0.264705882352941,1,"Robo1","C1qb",0.2,0.04
-4.39908942203424,5.50221453170924,0.264705882352941,1,"Itsn1","C1qb",0.2,0.04
-4.39908942203424,5.50221453170924,0.264705882352941,1,"Cbr3","C1qb",0.2,0.04
-4.39908942203424,5.50221453170924,0.264705882352941,1,"Dopey2","C1qb",0.2,0.04
-4.39908942203424,5.50221453170924,0.264705882352941,1,"Zbtb21","C1qb",0.2,0.04
-4.39908942203424,5.50221453170924,0.264705882352941,1,"Gm1604a","C1qb",0.2,0.04
-4.39908942203424,5.50221453170924,0.264705882352941,1,"1600012H06Rik","C1qb",0.2,0.04
-4.39908942203424,5.50221453170924,0.264705882352941,1,"Wdr90","C1qb",0.2,0.04
-4.39908942203424,5.50221453170924,0.264705882352941,1,"Fance","C1qb",0.2,0.04
-4.39908942203424,5.50221453170924,0.264705882352941,1,"Notch3","C1qb",0.2,0.04
-4.39908942203424,5.50221453170924,0.264705882352941,1,"BC051226","C1qb",0.2,0.04
-4.39908942203424,5.50221453170924,0.264705882352941,1,"Daxx","C1qb",0.2,0.04
-4.39908942203424,5.50221453170924,0.264705882352941,1,"Cchcr1","C1qb",0.2,0.04
-4.39908942203424,5.50221453170924,0.264705882352941,1,"H2-M3","C1qb",0.2,0.04
-4.39908942203424,5.50221453170924,0.264705882352941,1,"Adgrf5","C1qb",0.2,0.04
-4.39908942203424,5.50221453170924,0.264705882352941,1,"Zfp318","C1qb",0.2,0.04
-4.39908942203424,5.50221453170924,0.264705882352941,1,"Cul9","C1qb",0.2,0.04
-4.39908942203424,5.50221453170924,0.264705882352941,1,"Srf","C1qb",0.2,0.04
-4.39908942203424,5.50221453170924,0.264705882352941,1,"Ppp2r5d","C1qb",0.2,0.04
-4.39908942203424,5.50221453170924,0.264705882352941,1,"Med20","C1qb",0.2,0.04
-4.39908942203424,5.50221453170924,0.264705882352941,1,"Ppp4r1","C1qb",0.2,0.04
-4.39908942203424,5.50221453170924,0.264705882352941,1,"Rab12","C1qb",0.2,0.04
-4.39908942203424,5.50221453170924,0.264705882352941,1,"Strn","C1qb",0.2,0.04
-4.39908942203424,5.50221453170924,0.264705882352941,1,"Pigf","C1qb",0.2,0.04
-4.39908942203424,5.50221453170924,0.264705882352941,1,"Ccny","C1qb",0.2,0.04
-4.39908942203424,5.50221453170924,0.264705882352941,1,"Esco1","C1qb",0.2,0.04
-4.39908942203424,5.50221453170924,0.264705882352941,1,"Zfp35","C1qb",0.2,0.04
-4.39908942203424,5.50221453170924,0.264705882352941,1,"Tpgs2","C1qb",0.2,0.04
-4.39908942203424,5.50221453170924,0.264705882352941,1,"Kif20a","C1qb",0.2,0.04
-4.39908942203424,5.50221453170924,0.264705882352941,1,"Hars2","C1qb",0.2,0.04
-4.39908942203424,5.50221453170924,0.264705882352941,1,"Spry4","C1qb",0.2,0.04
-4.39908942203424,5.50221453170924,0.264705882352941,1,"Fgf1","C1qb",0.2,0.04
-4.39908942203424,5.50221453170924,0.264705882352941,1,"Zfp608","C1qb",0.2,0.04
-4.39908942203424,5.50221453170924,0.264705882352941,1,"F830016B08Rik","C1qb",0.2,0.04
-4.39908942203424,5.50221453170924,0.264705882352941,1,"Smim3","C1qb",0.2,0.04
-4.39908942203424,5.50221453170924,0.264705882352941,1,"Haus1","C1qb",0.2,0.04
-4.39908942203424,5.50221453170924,0.264705882352941,1,"Zfp516","C1qb",0.2,0.04
-4.39908942203424,5.50221453170924,0.264705882352941,1,"Rad9a","C1qb",0.2,0.04
-4.39908942203424,5.50221453170924,0.264705882352941,1,"Slc25a45","C1qb",0.2,0.04
-4.39908942203424,5.50221453170924,0.264705882352941,1,"Cdca5","C1qb",0.2,0.04
-4.39908942203424,5.50221453170924,0.264705882352941,1,"Snx15","C1qb",0.2,0.04
-4.39908942203424,5.50221453170924,0.264705882352941,1,"Map4k2","C1qb",0.2,0.04
-4.39908942203424,5.50221453170924,0.264705882352941,1,"Nudt22","C1qb",0.2,0.04
-4.39908942203424,5.50221453170924,0.264705882352941,1,"2700081O15Rik","C1qb",0.2,0.04
-4.39908942203424,5.50221453170924,0.264705882352941,1,"Ttc9c","C1qb",0.2,0.04
-4.39908942203424,5.50221453170924,0.264705882352941,1,"Tut1","C1qb",0.2,0.04
-4.39908942203424,5.50221453170924,0.264705882352941,1,"Fra10ac1","C1qb",0.2,0.04
-4.39908942203424,5.50221453170924,0.264705882352941,1,"Rab11fip2","C1qb",0.2,0.04
-0.937432930569205,7.63242653418786,0.264725179487719,1,"Krit1","C1qb",0.2,0.04
-0.937432930569205,7.63242653418786,0.264725179487719,1,"Thoc7","C1qb",0.2,0.04
-0.937432930569205,7.63242653418786,0.264725179487719,1,"Zmiz1","C1qb",0.2,0.04
-0.937432930569205,7.63242653418786,0.264725179487719,1,"Anxa2","C1qb",0.2,0.04
0.906075667542031,7.59971849981334,0.264725179487719,1,"Atp1a1","C1qb",0.2,0.04
0.566048929583355,9.65645876866694,0.265125617668482,1,"Ly6e","C1qb",0.2,0.04
-0.825550520236449,8.13390675939275,0.270484410034264,1,"Srsf7","C1qb",0.2,0.04
0.970620940945665,7.38416382787132,0.271197045460801,1,"Pnrc1","C1qb",0.2,0.04
0.970620940945665,7.38416382787132,0.271197045460801,1,"Cmpk1","C1qb",0.2,0.04
0.970620940945665,7.38416382787132,0.271197045460801,1,"Polr2j","C1qb",0.2,0.04
0.970620940945665,7.38416382787132,0.271197045460801,1,"Lamtor1","C1qb",0.2,0.04
0.970620940945665,7.38416382787132,0.271197045460801,1,"Timp2","C1qb",0.2,0.04
0.970620940945665,7.38416382787132,0.271197045460801,1,"Nfkbia","C1qb",0.2,0.04
-1.70515382405958,6.68075586063367,0.274267564733802,1,"Tmem131","C1qb",0.2,0.04
-1.70515382405958,6.68075586063367,0.274267564733802,1,"Tns1","C1qb",0.2,0.04
-1.70515382405958,6.68075586063367,0.274267564733802,1,"Tceal9","C1qb",0.2,0.04
-1.70515382405958,6.68075586063367,0.274267564733802,1,"Bex3","C1qb",0.2,0.04
-1.70515382405958,6.68075586063367,0.274267564733802,1,"Slc25a51","C1qb",0.2,0.04
-1.70515382405958,6.68075586063367,0.274267564733802,1,"Rbbp4","C1qb",0.2,0.04
-1.70515382405958,6.68075586063367,0.274267564733802,1,"Htt","C1qb",0.2,0.04
-1.70515382405958,6.68075586063367,0.274267564733802,1,"Dr1","C1qb",0.2,0.04
-1.70515382405958,6.68075586063367,0.274267564733802,1,"Ap1s1","C1qb",0.2,0.04
-1.70515382405958,6.68075586063367,0.274267564733802,1,"Pon2","C1qb",0.2,0.04
-1.70515382405958,6.68075586063367,0.274267564733802,1,"Zfp422","C1qb",0.2,0.04
-1.70515382405958,6.68075586063367,0.274267564733802,1,"Sec63","C1qb",0.2,0.04
-1.70515382405958,6.68075586063367,0.274267564733802,1,"Alkbh5","C1qb",0.2,0.04
-1.70515382405958,6.68075586063367,0.274267564733802,1,"Gpbp1","C1qb",0.2,0.04
-1.70515382405958,6.68075586063367,0.274267564733802,1,"Ndufv1","C1qb",0.2,0.04
-1.55550628942147,6.59126060145498,0.274267564733802,1,"Nav1","C1qb",0.2,0.04
-1.55550628942147,6.59126060145498,0.274267564733802,1,"Ssna1","C1qb",0.2,0.04
-1.55550628942147,6.59126060145498,0.274267564733802,1,"Vapb","C1qb",0.2,0.04
-1.55550628942147,6.59126060145498,0.274267564733802,1,"Prdx4","C1qb",0.2,0.04
-1.55550628942147,6.59126060145498,0.274267564733802,1,"Cpa3","C1qb",0.2,0.04
-1.55550628942147,6.59126060145498,0.274267564733802,1,"Naa15","C1qb",0.2,0.04
-1.55550628942147,6.59126060145498,0.274267564733802,1,"Ppid","C1qb",0.2,0.04
-1.55550628942147,6.59126060145498,0.274267564733802,1,"Metap1","C1qb",0.2,0.04
-1.55550628942147,6.59126060145498,0.274267564733802,1,"Nfia","C1qb",0.2,0.04
-1.55550628942147,6.59126060145498,0.274267564733802,1,"Kdm2b","C1qb",0.2,0.04
-1.55550628942147,6.59126060145498,0.274267564733802,1,"Sbds","C1qb",0.2,0.04
-1.55550628942147,6.59126060145498,0.274267564733802,1,"Gtf2i","C1qb",0.2,0.04
-1.55550628942147,6.59126060145498,0.274267564733802,1,"Mospd3","C1qb",0.2,0.04
-1.55550628942147,6.59126060145498,0.274267564733802,1,"Rpa3","C1qb",0.2,0.04
-1.55550628942147,6.59126060145498,0.274267564733802,1,"Rnf181","C1qb",0.2,0.04
-1.55550628942147,6.59126060145498,0.274267564733802,1,"Hk2","C1qb",0.2,0.04
-1.55550628942147,6.59126060145498,0.274267564733802,1,"Slc1a5","C1qb",0.2,0.04
-1.55550628942147,6.59126060145498,0.274267564733802,1,"Psmc4","C1qb",0.2,0.04
-1.55550628942147,6.59126060145498,0.274267564733802,1,"Arrdc4","C1qb",0.2,0.04
-1.55550628942147,6.59126060145498,0.274267564733802,1,"Mesd","C1qb",0.2,0.04
-1.55550628942147,6.59126060145498,0.274267564733802,1,"Ilk","C1qb",0.2,0.04
-1.55550628942147,6.59126060145498,0.274267564733802,1,"Mbd3","C1qb",0.2,0.04
-1.55550628942147,6.59126060145498,0.274267564733802,1,"Cep83","C1qb",0.2,0.04
-1.55550628942147,6.59126060145498,0.274267564733802,1,"Os9","C1qb",0.2,0.04
-1.55550628942147,6.59126060145498,0.274267564733802,1,"Trappc5","C1qb",0.2,0.04
-1.55550628942147,6.59126060145498,0.274267564733802,1,"Fnta","C1qb",0.2,0.04
-1.55550628942147,6.59126060145498,0.274267564733802,1,"Taf5l","C1qb",0.2,0.04
-1.55550628942147,6.59126060145498,0.274267564733802,1,"Fam208a","C1qb",0.2,0.04
-1.55550628942147,6.59126060145498,0.274267564733802,1,"Thra","C1qb",0.2,0.04
-1.55550628942147,6.59126060145498,0.274267564733802,1,"Kansl1","C1qb",0.2,0.04
-1.55550628942147,6.59126060145498,0.274267564733802,1,"Nol11","C1qb",0.2,0.04
-1.55550628942147,6.59126060145498,0.274267564733802,1,"Mrpl58","C1qb",0.2,0.04
-1.55550628942147,6.59126060145498,0.274267564733802,1,"Ahsa1","C1qb",0.2,0.04
-1.55550628942147,6.59126060145498,0.274267564733802,1,"Alkbh1","C1qb",0.2,0.04
-1.55550628942147,6.59126060145498,0.274267564733802,1,"Glyr1","C1qb",0.2,0.04
-1.55550628942147,6.59126060145498,0.274267564733802,1,"Mrps34","C1qb",0.2,0.04
-1.55550628942147,6.59126060145498,0.274267564733802,1,"Pfdn1","C1qb",0.2,0.04
-1.55550628942147,6.59126060145498,0.274267564733802,1,"Ehd1","C1qb",0.2,0.04
-1.55550628942147,6.59126060145498,0.274267564733802,1,"Pum3","C1qb",0.2,0.04
1.34236723965202,6.64271412185216,0.274267564733802,1,"Usp48","C1qb",0.2,0.04
1.34236723965202,6.64271412185216,0.274267564733802,1,"Tbxas1","C1qb",0.2,0.04
1.34236723965202,6.64271412185216,0.274267564733802,1,"Tigd2","C1qb",0.2,0.04
1.34236723965202,6.64271412185216,0.274267564733802,1,"Washc2","C1qb",0.2,0.04
1.34236723965202,6.64271412185216,0.274267564733802,1,"Nipa2","C1qb",0.2,0.04
1.34236723965202,6.64271412185216,0.274267564733802,1,"Mt1","C1qb",0.2,0.04
1.34236723965202,6.64271412185216,0.274267564733802,1,"Rsl24d1","C1qb",0.2,0.04
1.34236723965202,6.64271412185216,0.274267564733802,1,"Tifab","C1qb",0.2,0.04
1.34236723965202,6.64271412185216,0.274267564733802,1,"Ppp2r5c","C1qb",0.2,0.04
1.34236723965202,6.64271412185216,0.274267564733802,1,"Cebpd","C1qb",0.2,0.04
1.34236723965202,6.64271412185216,0.274267564733802,1,"Bbx","C1qb",0.2,0.04
1.1328233808377,6.9857266620531,0.275998822358522,1,"Arpc5l","C1qb",0.2,0.04
1.1328233808377,6.9857266620531,0.275998822358522,1,"Rgs19","C1qb",0.2,0.04
1.1328233808377,6.9857266620531,0.275998822358522,1,"Bcap31","C1qb",0.2,0.04
1.1328233808377,6.9857266620531,0.275998822358522,1,"Hipk1","C1qb",0.2,0.04
1.1328233808377,6.9857266620531,0.275998822358522,1,"Pts","C1qb",0.2,0.04
1.1328233808377,6.9857266620531,0.275998822358522,1,"AY036118","C1qb",0.2,0.04
-1.1137732793836,7.07518075366388,0.275998822358522,1,"Morf4l2","C1qb",0.2,0.04
-1.1137732793836,7.07518075366388,0.275998822358522,1,"Lsm3","C1qb",0.2,0.04
-1.1137732793836,7.07518075366388,0.275998822358522,1,"Ube2n","C1qb",0.2,0.04
-1.1137732793836,7.07518075366388,0.275998822358522,1,"Eif3g","C1qb",0.2,0.04
-1.1137732793836,7.07518075366388,0.275998822358522,1,"H2afx","C1qb",0.2,0.04
-1.1137732793836,7.07518075366388,0.275998822358522,1,"Rbm6","C1qb",0.2,0.04
-1.1137732793836,7.07518075366388,0.275998822358522,1,"Klhdc2","C1qb",0.2,0.04
0.565767791067765,9.36184022593092,0.277689553835427,1,"Lamp1","C1qb",0.2,0.04
-0.708830463414623,8.37646915495037,0.278997379553853,1,"Mat2a","C1qb",0.2,0.04
-0.552606338786815,9.70477623019609,0.279033918446621,1,"Rpl22l1","C1qb",0.2,0.04
-0.748802127238459,7.96506755781387,0.279244756297596,1,"Luc7l3","C1qb",0.2,0.04
-0.61975178339871,9.09871017508185,0.288108918034705,1,"Atp5a1","C1qb",0.2,0.04
0.766890456492037,7.73873959962921,0.289175799326644,1,"Cstb","C1qb",0.2,0.04
0.766890456492037,7.73873959962921,0.289175799326644,1,"Cdk2ap2","C1qb",0.2,0.04
0.766890456492037,7.73873959962921,0.289175799326644,1,"Tm9sf3","C1qb",0.2,0.04
-0.641507653565497,8.74105870295433,0.289674126818089,1,"Hdgf","C1qb",0.2,0.04
-0.608454216660868,8.72123779465562,0.289674126818089,1,"Gm10076","C1qb",0.2,0.04
0.542705869911615,9.73719129320778,0.292600317118292,1,"Cfl1","C1qb",0.2,0.04
0.609331062009377,8.85354159113998,0.293163516657189,1,"Creg1","C1qb",0.2,0.04
0.689071971903653,8.38783902167381,0.294710695686241,1,"Grn","C1qb",0.2,0.04
-0.664061601758903,8.60609434154433,0.299089425527356,1,"Canx","C1qb",0.2,0.04
-1.00560204334907,7.48600521576449,0.30030984727682,1,"Taok3","C1qb",0.2,0.04
-1.00560204334907,7.48600521576449,0.30030984727682,1,"Purb","C1qb",0.2,0.04
-1.00560204334907,7.48600521576449,0.30030984727682,1,"Sfxn1","C1qb",0.2,0.04
0.612079422681122,8.76662681745037,0.302271281658001,1,"Pomp","C1qb",0.2,0.04
0.497810084481061,10.1742184856205,0.30324005014543,1,"Oaz1","C1qb",0.2,0.04
0.45998825266666,11.1064879498218,0.30560957546983,1,"Rps27","C1qb",0.2,0.04
0.521161367476608,9.79172301891049,0.305820055040737,1,"Serf2","C1qb",0.2,0.04
0.436379756823704,12.3514471842514,0.30848593571903,1,"Eef1a1","C1qb",0.2,0.04
0.443041358939094,11.6945057721092,0.311777428134069,1,"Rpl18a","C1qb",0.2,0.04
-0.779657534793765,7.85002237100373,0.31230350412863,1,"Eif3i","C1qb",0.2,0.04
-0.779657534793765,7.85002237100373,0.31230350412863,1,"Cltc","C1qb",0.2,0.04
0.753653248323475,7.82691131044486,0.31230350412863,1,"Rgs18","C1qb",0.2,0.04
0.753653248323475,7.82691131044486,0.31230350412863,1,"Bst2","C1qb",0.2,0.04
1.06584762199318,7.13100751254363,0.312308126727794,1,"Car2","C1qb",0.2,0.04
1.06584762199318,7.13100751254363,0.312308126727794,1,"0610030E20Rik","C1qb",0.2,0.04
1.06584762199318,7.13100751254363,0.312308126727794,1,"Fam46a","C1qb",0.2,0.04
1.06584762199318,7.13100751254363,0.312308126727794,1,"Psmg4","C1qb",0.2,0.04
0.876972546452878,7.19394167953237,0.312308126727794,1,"Frrs1","C1qb",0.2,0.04
0.876972546452878,7.19394167953237,0.312308126727794,1,"Smpdl3a","C1qb",0.2,0.04
0.876972546452878,7.19394167953237,0.312308126727794,1,"Gabarapl2","C1qb",0.2,0.04
0.876972546452878,7.19394167953237,0.312308126727794,1,"Sltm","C1qb",0.2,0.04
0.876972546452878,7.19394167953237,0.312308126727794,1,"H1f0","C1qb",0.2,0.04
0.876972546452878,7.19394167953237,0.312308126727794,1,"Sdf2l1","C1qb",0.2,0.04
0.876972546452878,7.19394167953237,0.312308126727794,1,"Cox17","C1qb",0.2,0.04
0.876972546452878,7.19394167953237,0.312308126727794,1,"Lipa","C1qb",0.2,0.04
-0.904695782135994,7.20897296776675,0.312308126727794,1,"Ndufa8","C1qb",0.2,0.04
-0.904695782135994,7.20897296776675,0.312308126727794,1,"Immt","C1qb",0.2,0.04
-0.904695782135994,7.20897296776675,0.312308126727794,1,"Spcs1","C1qb",0.2,0.04
-0.904695782135994,7.20897296776675,0.312308126727794,1,"Rexo2","C1qb",0.2,0.04
-0.904695782135994,7.20897296776675,0.312308126727794,1,"Txndc17","C1qb",0.2,0.04
-0.904695782135994,7.20897296776675,0.312308126727794,1,"Rhob","C1qb",0.2,0.04
0.447345570647205,11.1658852986359,0.313883713889633,1,"Rpl3","C1qb",0.2,0.04
-0.531004256399307,9.50710550068574,0.318423623382936,1,"Hnrnpa2b1","C1qb",0.2,0.04
-0.775188262620376,8.10310647752697,0.318789138139629,1,"Tpr","C1qb",0.2,0.04
-0.775188262620376,8.10310647752697,0.318789138139629,1,"Tra2b","C1qb",0.2,0.04
0.722735144543633,8.06329019921438,0.31878913813963,1,"Dad1","C1qb",0.2,0.04
-1.27901168840198,6.85350458370314,0.323451739300794,1,"BC005624","C1qb",0.2,0.04
-1.27901168840198,6.85350458370314,0.323451739300794,1,"1810022K09Rik","C1qb",0.2,0.04
-1.27901168840198,6.85350458370314,0.323451739300794,1,"Selenot","C1qb",0.2,0.04
-1.27901168840198,6.85350458370314,0.323451739300794,1,"Chtop","C1qb",0.2,0.04
-1.27901168840198,6.85350458370314,0.323451739300794,1,"Rprd2","C1qb",0.2,0.04
-1.27901168840198,6.85350458370314,0.323451739300794,1,"Lamtor5","C1qb",0.2,0.04
-1.27901168840198,6.85350458370314,0.323451739300794,1,"Kmt2e","C1qb",0.2,0.04
-1.27901168840198,6.85350458370314,0.323451739300794,1,"Kmt5a","C1qb",0.2,0.04
-1.27901168840198,6.85350458370314,0.323451739300794,1,"Sec61a1","C1qb",0.2,0.04
-1.27901168840198,6.85350458370314,0.323451739300794,1,"Strap","C1qb",0.2,0.04
-1.27901168840198,6.85350458370314,0.323451739300794,1,"Sarnp","C1qb",0.2,0.04
-1.27901168840198,6.85350458370314,0.323451739300794,1,"Rasa3","C1qb",0.2,0.04
-1.27901168840198,6.85350458370314,0.323451739300794,1,"Prmt5","C1qb",0.2,0.04
-1.27901168840198,6.85350458370314,0.323451739300794,1,"Rai1","C1qb",0.2,0.04
-1.27901168840198,6.85350458370314,0.323451739300794,1,"Tnpo1","C1qb",0.2,0.04
-1.27901168840198,6.85350458370314,0.323451739300794,1,"Dicer1","C1qb",0.2,0.04
-1.27901168840198,6.85350458370314,0.323451739300794,1,"Ccdc50","C1qb",0.2,0.04
-1.27901168840198,6.85350458370314,0.323451739300794,1,"Arid1b","C1qb",0.2,0.04
-1.27901168840198,6.85350458370314,0.323451739300794,1,"Etf1","C1qb",0.2,0.04
-1.27901168840198,6.85350458370314,0.323451739300794,1,"Scd2","C1qb",0.2,0.04
1.22094074645791,6.8243086961663,0.323451739300794,1,"Txndc9","C1qb",0.2,0.04
1.22094074645791,6.8243086961663,0.323451739300794,1,"Glrx2","C1qb",0.2,0.04
1.22094074645791,6.8243086961663,0.323451739300794,1,"Pip4k2a","C1qb",0.2,0.04
1.22094074645791,6.8243086961663,0.323451739300794,1,"Psmc2","C1qb",0.2,0.04
1.22094074645791,6.8243086961663,0.323451739300794,1,"Mob1b","C1qb",0.2,0.04
1.22094074645791,6.8243086961663,0.323451739300794,1,"Naaa","C1qb",0.2,0.04
1.22094074645791,6.8243086961663,0.323451739300794,1,"Vsir","C1qb",0.2,0.04
1.22094074645791,6.8243086961663,0.323451739300794,1,"Abhd17a","C1qb",0.2,0.04
1.22094074645791,6.8243086961663,0.323451739300794,1,"Ssbp4","C1qb",0.2,0.04
1.22094074645791,6.8243086961663,0.323451739300794,1,"Pkn1","C1qb",0.2,0.04
1.22094074645791,6.8243086961663,0.323451739300794,1,"Pla2g15","C1qb",0.2,0.04
1.22094074645791,6.8243086961663,0.323451739300794,1,"Timm8b","C1qb",0.2,0.04
1.22094074645791,6.8243086961663,0.323451739300794,1,"Sdf2","C1qb",0.2,0.04
1.22094074645791,6.8243086961663,0.323451739300794,1,"Arid4b","C1qb",0.2,0.04
1.22094074645791,6.8243086961663,0.323451739300794,1,"Marf1","C1qb",0.2,0.04
1.22094074645791,6.8243086961663,0.323451739300794,1,"Tnks2","C1qb",0.2,0.04
0.423170713912333,11.9910404135125,0.324499490714915,1,"Rps19","C1qb",0.2,0.04
-0.574625703491128,8.70111969039008,0.325815276137462,1,"Eif3e","C1qb",0.2,0.04
1.26294511906755,6.31362795026754,0.325868652055929,1,"Nab1","C1qb",0.2,0.04
1.26294511906755,6.31362795026754,0.325868652055929,1,"Tmbim1","C1qb",0.2,0.04
1.26294511906755,6.31362795026754,0.325868652055929,1,"Retreg2","C1qb",0.2,0.04
1.26294511906755,6.31362795026754,0.325868652055929,1,"Sft2d2","C1qb",0.2,0.04
1.26294511906755,6.31362795026754,0.325868652055929,1,"Kin","C1qb",0.2,0.04
1.26294511906755,6.31362795026754,0.325868652055929,1,"Sppl2a","C1qb",0.2,0.04
1.26294511906755,6.31362795026754,0.325868652055929,1,"Gpcpd1","C1qb",0.2,0.04
1.26294511906755,6.31362795026754,0.325868652055929,1,"Igbp1","C1qb",0.2,0.04
1.26294511906755,6.31362795026754,0.325868652055929,1,"Rps6ka3","C1qb",0.2,0.04
1.26294511906755,6.31362795026754,0.325868652055929,1,"Hps3","C1qb",0.2,0.04
1.26294511906755,6.31362795026754,0.325868652055929,1,"Dap3","C1qb",0.2,0.04
1.26294511906755,6.31362795026754,0.325868652055929,1,"Gbp7","C1qb",0.2,0.04
1.26294511906755,6.31362795026754,0.325868652055929,1,"Bcl10","C1qb",0.2,0.04
1.26294511906755,6.31362795026754,0.325868652055929,1,"Meaf6","C1qb",0.2,0.04
1.26294511906755,6.31362795026754,0.325868652055929,1,"Zmym4","C1qb",0.2,0.04
1.26294511906755,6.31362795026754,0.325868652055929,1,"Zcchc17","C1qb",0.2,0.04
1.26294511906755,6.31362795026754,0.325868652055929,1,"Nrbp1","C1qb",0.2,0.04
1.26294511906755,6.31362795026754,0.325868652055929,1,"Srd5a3","C1qb",0.2,0.04
1.26294511906755,6.31362795026754,0.325868652055929,1,"Ankle2","C1qb",0.2,0.04
1.26294511906755,6.31362795026754,0.325868652055929,1,"Tpst2","C1qb",0.2,0.04
1.26294511906755,6.31362795026754,0.325868652055929,1,"Sdsl","C1qb",0.2,0.04
1.26294511906755,6.31362795026754,0.325868652055929,1,"Tyw1","C1qb",0.2,0.04
1.26294511906755,6.31362795026754,0.325868652055929,1,"Parp12","C1qb",0.2,0.04
1.26294511906755,6.31362795026754,0.325868652055929,1,"Ergic2","C1qb",0.2,0.04
1.26294511906755,6.31362795026754,0.325868652055929,1,"Ppp1r37","C1qb",0.2,0.04
1.26294511906755,6.31362795026754,0.325868652055929,1,"Itpripl2","C1qb",0.2,0.04
1.26294511906755,6.31362795026754,0.325868652055929,1,"Lta4h","C1qb",0.2,0.04
1.26294511906755,6.31362795026754,0.325868652055929,1,"Krr1","C1qb",0.2,0.04
1.26294511906755,6.31362795026754,0.325868652055929,1,"Tmbim4","C1qb",0.2,0.04
1.26294511906755,6.31362795026754,0.325868652055929,1,"Ufsp2","C1qb",0.2,0.04
1.26294511906755,6.31362795026754,0.325868652055929,1,"Casp3","C1qb",0.2,0.04
1.26294511906755,6.31362795026754,0.325868652055929,1,"Ubash3b","C1qb",0.2,0.04
1.26294511906755,6.31362795026754,0.325868652055929,1,"Il10ra","C1qb",0.2,0.04
1.26294511906755,6.31362795026754,0.325868652055929,1,"Rab8b","C1qb",0.2,0.04
1.26294511906755,6.31362795026754,0.325868652055929,1,"Leo1","C1qb",0.2,0.04
1.26294511906755,6.31362795026754,0.325868652055929,1,"Mrpl55","C1qb",0.2,0.04
1.26294511906755,6.31362795026754,0.325868652055929,1,"Myo18a","C1qb",0.2,0.04
1.26294511906755,6.31362795026754,0.325868652055929,1,"Ptdss1","C1qb",0.2,0.04
1.26294511906755,6.31362795026754,0.325868652055929,1,"Arid4a","C1qb",0.2,0.04
1.26294511906755,6.31362795026754,0.325868652055929,1,"Dhrs7","C1qb",0.2,0.04
1.26294511906755,6.31362795026754,0.325868652055929,1,"Senp2","C1qb",0.2,0.04
1.26294511906755,6.31362795026754,0.325868652055929,1,"Tfg","C1qb",0.2,0.04
1.26294511906755,6.31362795026754,0.325868652055929,1,"Usp16","C1qb",0.2,0.04
1.26294511906755,6.31362795026754,0.325868652055929,1,"Ppp1r18","C1qb",0.2,0.04
1.26294511906755,6.31362795026754,0.325868652055929,1,"Pcnx3","C1qb",0.2,0.04
1.26294511906755,6.31362795026754,0.325868652055929,1,"Zfpl1","C1qb",0.2,0.04
1.26294511906755,6.31362795026754,0.325868652055929,1,"Vps13a","C1qb",0.2,0.04
1.26294511906755,6.31362795026754,0.325868652055929,1,"Carnmt1","C1qb",0.2,0.04
1.26294511906755,6.31362795026754,0.325868652055929,1,"Pi4k2a","C1qb",0.2,0.04
0.565074143554893,8.8296557348648,0.326474838328016,1,"Capza2","C1qb",0.2,0.04
0.565074143554893,8.8296557348648,0.326474838328016,1,"Lcp1","C1qb",0.2,0.04
0.426582717186218,11.8746615126868,0.327176449473077,1,"Rps10","C1qb",0.2,0.04
0.799953075890572,7.544551685158,0.327413195281991,1,"Ttc14","C1qb",0.2,0.04
0.799953075890572,7.544551685158,0.327413195281991,1,"Tmem160","C1qb",0.2,0.04
0.799953075890572,7.544551685158,0.327413195281991,1,"Ap2s1","C1qb",0.2,0.04
-0.863994726886163,7.58795820987509,0.327413195281991,1,"Top1","C1qb",0.2,0.04
-0.863994726886163,7.58795820987509,0.327413195281991,1,"Ppp1cb","C1qb",0.2,0.04
-0.863994726886163,7.58795820987509,0.327413195281991,1,"Wnk1","C1qb",0.2,0.04
-0.863994726886163,7.58795820987509,0.327413195281991,1,"Sptssa","C1qb",0.2,0.04
-0.406093726813873,13.1885521641924,0.331918999641507,1,"mt-Co1","C1qb",0.2,0.04
-0.690265164669393,7.93016886707968,0.334166373439495,1,"Ubap2l","C1qb",0.2,0.04
-0.690265164669393,7.93016886707968,0.334166373439495,1,"Atp5k","C1qb",0.2,0.04
-0.690265164669393,7.93016886707968,0.334166373439495,1,"Ywhaq","C1qb",0.2,0.04
-0.690265164669393,7.93016886707968,0.334166373439495,1,"Serpina3g","C1qb",0.2,0.04
0.742064317633697,7.91004499052915,0.334166373439495,1,"Pbx1","C1qb",0.2,0.04
0.742064317633697,7.91004499052915,0.334166373439495,1,"Nsa2","C1qb",0.2,0.04
0.420216945347663,11.8106484081567,0.336918252016939,1,"Rps4x","C1qb",0.2,0.04
-0.701111069598357,8.17074244164557,0.337232761598042,1,"Ptbp3","C1qb",0.2,0.04
0.525948084349801,9.00829140311951,0.337447241165989,1,"Hnrnpk","C1qb",0.2,0.04
-0.426989479890949,11.3132884708254,0.341464797728511,1,"Rplp2","C1qb",0.2,0.04
0.405169225645997,12.4951702370641,0.342824084794627,1,"Rps24","C1qb",0.2,0.04
0.846181490307573,7.32042390305907,0.345266794314099,1,"Zfpm1","C1qb",0.2,0.04
0.846181490307573,7.32042390305907,0.345266794314099,1,"Syk","C1qb",0.2,0.04
0.846181490307573,7.32042390305907,0.345266794314099,1,"Nsd1","C1qb",0.2,0.04
0.402494164157284,12.3464440798842,0.346094395806375,1,"Rpl13","C1qb",0.2,0.04
-0.49047728938025,9.52217269421856,0.350200119923345,1,"Ybx1","C1qb",0.2,0.04
0.409030948892011,11.5944131575002,0.351425080297053,1,"Rps11","C1qb",0.2,0.04
0.56467244588365,8.59785228507343,0.352499198007073,1,"Cox7a2","C1qb",0.2,0.04
-0.817228864710201,7.72495751449312,0.352653370062316,1,"Snrpd3","C1qb",0.2,0.04
-0.817228864710201,7.72495751449312,0.352653370062316,1,"Sumo3","C1qb",0.2,0.04
-0.817228864710201,7.72495751449312,0.352653370062316,1,"Pnn","C1qb",0.2,0.04
-0.74734854375952,7.68335707726663,0.352653370062316,1,"Hdlbp","C1qb",0.2,0.04
-0.74734854375952,7.68335707726663,0.352653370062316,1,"Prkar1a","C1qb",0.2,0.04
-0.74734854375952,7.68335707726663,0.352653370062316,1,"Hectd1","C1qb",0.2,0.04
0.782155210536656,7.64488080516803,0.352653370062316,1,"Pycard","C1qb",0.2,0.04
0.782155210536656,7.64488080516803,0.352653370062316,1,"Elf1","C1qb",0.2,0.04
0.782155210536656,7.64488080516803,0.352653370062316,1,"Cox14","C1qb",0.2,0.04
0.668042065985004,7.68854619403134,0.352653370062316,1,"Fis1","C1qb",0.2,0.04
0.668042065985004,7.68854619403134,0.352653370062316,1,"Kctd12","C1qb",0.2,0.04
0.668042065985004,7.68854619403134,0.352653370062316,1,"Cdc37","C1qb",0.2,0.04
-0.6352213456432,8.23543512428805,0.354836493517952,1,"Pdia6","C1qb",0.2,0.04
0.633819727738146,8.23124521905975,0.354836493517952,1,"Lgmn","C1qb",0.2,0.04
0.524788473088445,8.96991603183875,0.360371515407295,1,"S100a6","C1qb",0.2,0.04
-0.457576548376381,10.1182433661674,0.362817848823627,1,"H2afz","C1qb",0.2,0.04
-0.999660134831951,7.00815440105788,0.366108882722305,1,"Map4k4","C1qb",0.2,0.04
-0.999660134831951,7.00815440105788,0.366108882722305,1,"Nop58","C1qb",0.2,0.04
-0.999660134831951,7.00815440105788,0.366108882722305,1,"Rsbn1l","C1qb",0.2,0.04
-0.999660134831951,7.00815440105788,0.366108882722305,1,"Dctn2","C1qb",0.2,0.04
-0.999660134831951,7.00815440105788,0.366108882722305,1,"Topbp1","C1qb",0.2,0.04
-0.999660134831951,7.00815440105788,0.366108882722305,1,"Plscr3","C1qb",0.2,0.04
-0.999660134831951,7.00815440105788,0.366108882722305,1,"Csnk1e","C1qb",0.2,0.04
0.964893175078301,6.90233677346321,0.366108882722305,1,"Fbxo3","C1qb",0.2,0.04
0.964893175078301,6.90233677346321,0.366108882722305,1,"Zrsr2","C1qb",0.2,0.04
0.964893175078301,6.90233677346321,0.366108882722305,1,"Pdcd10","C1qb",0.2,0.04
0.964893175078301,6.90233677346321,0.366108882722305,1,"Ccnl2","C1qb",0.2,0.04
0.964893175078301,6.90233677346321,0.366108882722305,1,"Mrps25","C1qb",0.2,0.04
0.964893175078301,6.90233677346321,0.366108882722305,1,"Fes","C1qb",0.2,0.04
0.964893175078301,6.90233677346321,0.366108882722305,1,"Smim4","C1qb",0.2,0.04
0.964893175078301,6.90233677346321,0.366108882722305,1,"Scamp2","C1qb",0.2,0.04
0.964893175078301,6.90233677346321,0.366108882722305,1,"Spg21","C1qb",0.2,0.04
0.964893175078301,6.90233677346321,0.366108882722305,1,"Trp53","C1qb",0.2,0.04
0.964893175078301,6.90233677346321,0.366108882722305,1,"Crlf3","C1qb",0.2,0.04
0.964893175078301,6.90233677346321,0.366108882722305,1,"Gna13","C1qb",0.2,0.04
0.964893175078301,6.90233677346321,0.366108882722305,1,"Bcap29","C1qb",0.2,0.04
0.964893175078301,6.90233677346321,0.366108882722305,1,"Ighm","C1qb",0.2,0.04
0.964893175078301,6.90233677346321,0.366108882722305,1,"Ier3ip1","C1qb",0.2,0.04
0.964893175078301,6.90233677346321,0.366108882722305,1,"March5","C1qb",0.2,0.04
0.964893175078301,6.90233677346321,0.366108882722305,1,"Cuedc2","C1qb",0.2,0.04
-0.599586102062003,8.48705913384222,0.368668152180149,1,"Sfpq","C1qb",0.2,0.04
-0.599586102062003,8.48705913384222,0.368668152180149,1,"Gpi1","C1qb",0.2,0.04
0.645155280734389,8.0228521678135,0.374371519358052,1,"Hnrnpd","C1qb",0.2,0.04
-0.723004146341266,8.07158112339468,0.374371519358052,1,"Cd302","C1qb",0.2,0.04
-0.723004146341266,8.07158112339468,0.374371519358052,1,"Rpn1","C1qb",0.2,0.04
0.520883012559615,8.84830909899096,0.374591191852543,1,"Ppp1ca","C1qb",0.2,0.04
0.820973406307552,7.43679502406185,0.375259826420189,1,"Fcna","C1qb",0.2,0.04
0.820973406307552,7.43679502406185,0.375259826420189,1,"Lyl1","C1qb",0.2,0.04
-0.923837653665896,7.43650245285416,0.375259826420189,1,"Nupr1","C1qb",0.2,0.04
-0.923837653665896,7.43650245285416,0.375259826420189,1,"Rdx","C1qb",0.2,0.04
-0.923837653665896,7.43650245285416,0.375259826420189,1,"Pafah1b1","C1qb",0.2,0.04
-0.923837653665896,7.43650245285416,0.375259826420189,1,"Lrrc58","C1qb",0.2,0.04
-0.923837653665896,7.43650245285416,0.375259826420189,1,"Prrc2a","C1qb",0.2,0.04
-0.71594996533597,7.81206079823442,0.37618002215316,1,"Nono","C1qb",0.2,0.04
-0.71594996533597,7.81206079823442,0.37618002215316,1,"Psma5","C1qb",0.2,0.04
-0.71594996533597,7.81206079823442,0.37618002215316,1,"Sf3b5","C1qb",0.2,0.04
-0.421390560362822,10.3492731108803,0.376286037833287,1,"Npm1","C1qb",0.2,0.04
-0.407536891534695,10.7262774526181,0.378785599639487,1,"Rpl23a","C1qb",0.2,0.04
0.476774511384515,9.39965952748071,0.37903604140742,1,"Calm1","C1qb",0.2,0.04
0.487626487413283,9.02468840367854,0.381439708049496,1,"Psmb8","C1qb",0.2,0.04
-0.382349221858661,11.8075503192071,0.382837622059359,1,"mt-Nd4","C1qb",0.2,0.04
-0.590343281971415,8.56201121525026,0.38288015763059,1,"Pdia3","C1qb",0.2,0.04
-0.552021685034898,8.53941342341891,0.38288015763059,1,"G3bp1","C1qb",0.2,0.04
-1.38852033828054,6.49547044454846,0.388527115232798,1,"Mdm4","C1qb",0.2,0.04
-1.38852033828054,6.49547044454846,0.388527115232798,1,"Uhmk1","C1qb",0.2,0.04
-1.38852033828054,6.49547044454846,0.388527115232798,1,"Parp1","C1qb",0.2,0.04
-1.38852033828054,6.49547044454846,0.388527115232798,1,"Ccdc34","C1qb",0.2,0.04
-1.38852033828054,6.49547044454846,0.388527115232798,1,"Chd6","C1qb",0.2,0.04
-1.38852033828054,6.49547044454846,0.388527115232798,1,"Armc1","C1qb",0.2,0.04
-1.38852033828054,6.49547044454846,0.388527115232798,1,"Supt20","C1qb",0.2,0.04
-1.38852033828054,6.49547044454846,0.388527115232798,1,"Sike1","C1qb",0.2,0.04
-1.38852033828054,6.49547044454846,0.388527115232798,1,"Rhoc","C1qb",0.2,0.04
-1.38852033828054,6.49547044454846,0.388527115232798,1,"Sec24b","C1qb",0.2,0.04
-1.38852033828054,6.49547044454846,0.388527115232798,1,"Eloa","C1qb",0.2,0.04
-1.38852033828054,6.49547044454846,0.388527115232798,1,"Kdm1a","C1qb",0.2,0.04
-1.38852033828054,6.49547044454846,0.388527115232798,1,"Ski","C1qb",0.2,0.04
-1.38852033828054,6.49547044454846,0.388527115232798,1,"Hadhb","C1qb",0.2,0.04
-1.38852033828054,6.49547044454846,0.388527115232798,1,"Mfsd10","C1qb",0.2,0.04
-1.38852033828054,6.49547044454846,0.388527115232798,1,"Qdpr","C1qb",0.2,0.04
-1.38852033828054,6.49547044454846,0.388527115232798,1,"Tmem248","C1qb",0.2,0.04
-1.38852033828054,6.49547044454846,0.388527115232798,1,"Srrt","C1qb",0.2,0.04
-1.38852033828054,6.49547044454846,0.388527115232798,1,"Znrf2","C1qb",0.2,0.04
-1.38852033828054,6.49547044454846,0.388527115232798,1,"Chchd4","C1qb",0.2,0.04
-1.38852033828054,6.49547044454846,0.388527115232798,1,"Edem1","C1qb",0.2,0.04
-1.38852033828054,6.49547044454846,0.388527115232798,1,"Kcnn4","C1qb",0.2,0.04
-1.38852033828054,6.49547044454846,0.388527115232798,1,"Ctr9","C1qb",0.2,0.04
-1.38852033828054,6.49547044454846,0.388527115232798,1,"Cdk1","C1qb",0.2,0.04
-1.38852033828054,6.49547044454846,0.388527115232798,1,"Zwint","C1qb",0.2,0.04
-1.38852033828054,6.49547044454846,0.388527115232798,1,"Cdc34","C1qb",0.2,0.04
-1.38852033828054,6.49547044454846,0.388527115232798,1,"Tcf3","C1qb",0.2,0.04
-1.38852033828054,6.49547044454846,0.388527115232798,1,"Csnk1g2","C1qb",0.2,0.04
-1.38852033828054,6.49547044454846,0.388527115232798,1,"Ncln","C1qb",0.2,0.04
-1.38852033828054,6.49547044454846,0.388527115232798,1,"Gatad2a","C1qb",0.2,0.04
-1.38852033828054,6.49547044454846,0.388527115232798,1,"Ciapin1","C1qb",0.2,0.04
-1.38852033828054,6.49547044454846,0.388527115232798,1,"Gse1","C1qb",0.2,0.04
-1.38852033828054,6.49547044454846,0.388527115232798,1,"Rbm26","C1qb",0.2,0.04
-1.38852033828054,6.49547044454846,0.388527115232798,1,"Dpy19l1","C1qb",0.2,0.04
-1.38852033828054,6.49547044454846,0.388527115232798,1,"Ddx56","C1qb",0.2,0.04
-1.38852033828054,6.49547044454846,0.388527115232798,1,"Mgat4b","C1qb",0.2,0.04
-1.38852033828054,6.49547044454846,0.388527115232798,1,"Rnf187","C1qb",0.2,0.04
-1.38852033828054,6.49547044454846,0.388527115232798,1,"Gpatch8","C1qb",0.2,0.04
-1.38852033828054,6.49547044454846,0.388527115232798,1,"Wbp2","C1qb",0.2,0.04
-1.38852033828054,6.49547044454846,0.388527115232798,1,"Yae1d1","C1qb",0.2,0.04
-1.38852033828054,6.49547044454846,0.388527115232798,1,"Eef1e1","C1qb",0.2,0.04
-1.38852033828054,6.49547044454846,0.388527115232798,1,"Fam120a","C1qb",0.2,0.04
-1.38852033828054,6.49547044454846,0.388527115232798,1,"Bdp1","C1qb",0.2,0.04
-1.38852033828054,6.49547044454846,0.388527115232798,1,"Snx18","C1qb",0.2,0.04
-1.38852033828054,6.49547044454846,0.388527115232798,1,"Csf2rb","C1qb",0.2,0.04
-1.38852033828054,6.49547044454846,0.388527115232798,1,"Ncbp2","C1qb",0.2,0.04
-1.38852033828054,6.49547044454846,0.388527115232798,1,"Snx9","C1qb",0.2,0.04
-1.38852033828054,6.49547044454846,0.388527115232798,1,"Nudt3","C1qb",0.2,0.04
-1.38852033828054,6.49547044454846,0.388527115232798,1,"Yipf4","C1qb",0.2,0.04
-1.38852033828054,6.49547044454846,0.388527115232798,1,"Hars","C1qb",0.2,0.04
-1.38852033828054,6.49547044454846,0.388527115232798,1,"Fem1c","C1qb",0.2,0.04
-1.38852033828054,6.49547044454846,0.388527115232798,1,"Pdlim1","C1qb",0.2,0.04
1.12338201836324,6.53736049343362,0.388527115232798,1,"Vps4b","C1qb",0.2,0.04
1.12338201836324,6.53736049343362,0.388527115232798,1,"Ifi211","C1qb",0.2,0.04
1.12338201836324,6.53736049343362,0.388527115232798,1,"Acp2","C1qb",0.2,0.04
1.12338201836324,6.53736049343362,0.388527115232798,1,"Mrps15","C1qb",0.2,0.04
1.12338201836324,6.53736049343362,0.388527115232798,1,"Nt5c3","C1qb",0.2,0.04
1.12338201836324,6.53736049343362,0.388527115232798,1,"Egln2","C1qb",0.2,0.04
1.12338201836324,6.53736049343362,0.388527115232798,1,"Abraxas2","C1qb",0.2,0.04
1.12338201836324,6.53736049343362,0.388527115232798,1,"Foxo3","C1qb",0.2,0.04
1.12338201836324,6.53736049343362,0.388527115232798,1,"Stxbp2","C1qb",0.2,0.04
1.12338201836324,6.53736049343362,0.388527115232798,1,"Lrp10","C1qb",0.2,0.04
1.12338201836324,6.53736049343362,0.388527115232798,1,"Lcp2","C1qb",0.2,0.04
1.12338201836324,6.53736049343362,0.388527115232798,1,"Appbp2","C1qb",0.2,0.04
1.12338201836324,6.53736049343362,0.388527115232798,1,"Pbx2","C1qb",0.2,0.04
1.12338201836324,6.53736049343362,0.388527115232798,1,"Ppp1r11","C1qb",0.2,0.04
1.12338201836324,6.53736049343362,0.388527115232798,1,"Emilin2","C1qb",0.2,0.04
1.12338201836324,6.53736049343362,0.388527115232798,1,"Sra1","C1qb",0.2,0.04
1.12338201836324,6.53736049343362,0.388527115232798,1,"Pqlc1","C1qb",0.2,0.04
1.12338201836324,6.53736049343362,0.388527115232798,1,"Chuk","C1qb",0.2,0.04
1.12338201836324,6.53736049343362,0.388527115232798,1,"Mrpl43","C1qb",0.2,0.04
-0.41289911464477,10.5033965323535,0.388890563754646,1,"Rpl5","C1qb",0.2,0.04
-0.475865283362094,9.35122709004113,0.391316480099397,1,"Slc25a5","C1qb",0.2,0.04
0.472890670557244,9.34067525426662,0.391316480099397,1,"Gng5","C1qb",0.2,0.04
-0.650748811982284,8.1407109209136,0.39285638790119,1,"Ostc","C1qb",0.2,0.04
-0.650748811982284,8.1407109209136,0.39285638790119,1,"Ddx39b","C1qb",0.2,0.04
0.563592850034585,8.12729282752747,0.39285638790119,1,"Cct5","C1qb",0.2,0.04
-0.452094113148145,9.46090228048395,0.394986671811096,1,"Marcks","C1qb",0.2,0.04
-0.629252266166057,7.89433531490088,0.398137575224092,1,"Tmco1","C1qb",0.2,0.04
-0.629252266166057,7.89433531490088,0.398137575224092,1,"P4hb","C1qb",0.2,0.04
0.65513254484889,7.86526547869022,0.398137575224092,1,"Ndufb11","C1qb",0.2,0.04
0.65513254484889,7.86526547869022,0.398137575224092,1,"Rheb","C1qb",0.2,0.04
1.99915621672589,5.72565617118872,0.398816130225675,1,"Ly96","C1qb",0.2,0.04
1.99915621672589,5.72565617118872,0.398816130225675,1,"Wdr75","C1qb",0.2,0.04
1.99915621672589,5.72565617118872,0.398816130225675,1,"Inpp1","C1qb",0.2,0.04
1.99915621672589,5.72565617118872,0.398816130225675,1,"Atg9a","C1qb",0.2,0.04
1.99915621672589,5.72565617118872,0.398816130225675,1,"Arl5a","C1qb",0.2,0.04
1.99915621672589,5.72565617118872,0.398816130225675,1,"Tmem230","C1qb",0.2,0.04
1.99915621672589,5.72565617118872,0.398816130225675,1,"Asxl1","C1qb",0.2,0.04
1.99915621672589,5.72565617118872,0.398816130225675,1,"Otud5","C1qb",0.2,0.04
1.99915621672589,5.72565617118872,0.398816130225675,1,"Slc10a3","C1qb",0.2,0.04
1.99915621672589,5.72565617118872,0.398816130225675,1,"Nceh1","C1qb",0.2,0.04
1.99915621672589,5.72565617118872,0.398816130225675,1,"Acad9","C1qb",0.2,0.04
1.99915621672589,5.72565617118872,0.398816130225675,1,"Rfxap","C1qb",0.2,0.04
1.99915621672589,5.72565617118872,0.398816130225675,1,"Med12l","C1qb",0.2,0.04
1.99915621672589,5.72565617118872,0.398816130225675,1,"Fdps","C1qb",0.2,0.04
1.99915621672589,5.72565617118872,0.398816130225675,1,"Gabpb2","C1qb",0.2,0.04
1.99915621672589,5.72565617118872,0.398816130225675,1,"Dnajb4","C1qb",0.2,0.04
1.99915621672589,5.72565617118872,0.398816130225675,1,"Ube2j1","C1qb",0.2,0.04
1.99915621672589,5.72565617118872,0.398816130225675,1,"Tmem38b","C1qb",0.2,0.04
1.99915621672589,5.72565617118872,0.398816130225675,1,"Dock7","C1qb",0.2,0.04
1.99915621672589,5.72565617118872,0.398816130225675,1,"Stk40","C1qb",0.2,0.04
1.99915621672589,5.72565617118872,0.398816130225675,1,"Zbtb8os","C1qb",0.2,0.04
1.99915621672589,5.72565617118872,0.398816130225675,1,"Gsap","C1qb",0.2,0.04
1.99915621672589,5.72565617118872,0.398816130225675,1,"Ift172","C1qb",0.2,0.04
1.99915621672589,5.72565617118872,0.398816130225675,1,"Ccng2","C1qb",0.2,0.04
1.99915621672589,5.72565617118872,0.398816130225675,1,"Lin54","C1qb",0.2,0.04
1.99915621672589,5.72565617118872,0.398816130225675,1,"Hsd17b11","C1qb",0.2,0.04
1.99915621672589,5.72565617118872,0.398816130225675,1,"Noc4l","C1qb",0.2,0.04
1.99915621672589,5.72565617118872,0.398816130225675,1,"Irf5","C1qb",0.2,0.04
1.99915621672589,5.72565617118872,0.398816130225675,1,"Dok1","C1qb",0.2,0.04
1.99915621672589,5.72565617118872,0.398816130225675,1,"Crbn","C1qb",0.2,0.04
1.99915621672589,5.72565617118872,0.398816130225675,1,"Gabarapl1","C1qb",0.2,0.04
1.99915621672589,5.72565617118872,0.398816130225675,1,"Myadm","C1qb",0.2,0.04
1.99915621672589,5.72565617118872,0.398816130225675,1,"Cdc42ep5","C1qb",0.2,0.04
1.99915621672589,5.72565617118872,0.398816130225675,1,"Tmem238","C1qb",0.2,0.04
1.99915621672589,5.72565617118872,0.398816130225675,1,"Cd33","C1qb",0.2,0.04
1.99915621672589,5.72565617118872,0.398816130225675,1,"Siglece","C1qb",0.2,0.04
1.99915621672589,5.72565617118872,0.398816130225675,1,"Spty2d1","C1qb",0.2,0.04
1.99915621672589,5.72565617118872,0.398816130225675,1,"Anapc15","C1qb",0.2,0.04
1.99915621672589,5.72565617118872,0.398816130225675,1,"Ppfibp2","C1qb",0.2,0.04
1.99915621672589,5.72565617118872,0.398816130225675,1,"Dse","C1qb",0.2,0.04
1.99915621672589,5.72565617118872,0.398816130225675,1,"Chchd10","C1qb",0.2,0.04
1.99915621672589,5.72565617118872,0.398816130225675,1,"Mfsd12","C1qb",0.2,0.04
1.99915621672589,5.72565617118872,0.398816130225675,1,"Ppm1h","C1qb",0.2,0.04
1.99915621672589,5.72565617118872,0.398816130225675,1,"Pip4k2c","C1qb",0.2,0.04
1.99915621672589,5.72565617118872,0.398816130225675,1,"Zc3h10","C1qb",0.2,0.04
1.99915621672589,5.72565617118872,0.398816130225675,1,"Nr2c2ap","C1qb",0.2,0.04
1.99915621672589,5.72565617118872,0.398816130225675,1,"Lpcat2","C1qb",0.2,0.04
1.99915621672589,5.72565617118872,0.398816130225675,1,"Fam192a","C1qb",0.2,0.04
1.99915621672589,5.72565617118872,0.398816130225675,1,"Ist1","C1qb",0.2,0.04
1.99915621672589,5.72565617118872,0.398816130225675,1,"Fbxo31","C1qb",0.2,0.04
1.99915621672589,5.72565617118872,0.398816130225675,1,"Disc1","C1qb",0.2,0.04
1.99915621672589,5.72565617118872,0.398816130225675,1,"Ndrg2","C1qb",0.2,0.04
1.99915621672589,5.72565617118872,0.398816130225675,1,"Mtmr6","C1qb",0.2,0.04
1.99915621672589,5.72565617118872,0.398816130225675,1,"Cln5","C1qb",0.2,0.04
1.99915621672589,5.72565617118872,0.398816130225675,1,"Fam219b","C1qb",0.2,0.04
1.99915621672589,5.72565617118872,0.398816130225675,1,"Usp3","C1qb",0.2,0.04
1.99915621672589,5.72565617118872,0.398816130225675,1,"Lactb","C1qb",0.2,0.04
1.99915621672589,5.72565617118872,0.398816130225675,1,"Slc9a9","C1qb",0.2,0.04
1.99915621672589,5.72565617118872,0.398816130225675,1,"Pik3cb","C1qb",0.2,0.04
1.99915621672589,5.72565617118872,0.398816130225675,1,"Med31","C1qb",0.2,0.04
1.99915621672589,5.72565617118872,0.398816130225675,1,"Vps53","C1qb",0.2,0.04
1.99915621672589,5.72565617118872,0.398816130225675,1,"Ranbp9","C1qb",0.2,0.04
1.99915621672589,5.72565617118872,0.398816130225675,1,"Mylip","C1qb",0.2,0.04
1.99915621672589,5.72565617118872,0.398816130225675,1,"Ercc6l2","C1qb",0.2,0.04
1.99915621672589,5.72565617118872,0.398816130225675,1,"Pde4d","C1qb",0.2,0.04
1.99915621672589,5.72565617118872,0.398816130225675,1,"Prpf39","C1qb",0.2,0.04
1.99915621672589,5.72565617118872,0.398816130225675,1,"Acot2","C1qb",0.2,0.04
1.99915621672589,5.72565617118872,0.398816130225675,1,"Pacs2","C1qb",0.2,0.04
1.99915621672589,5.72565617118872,0.398816130225675,1,"Mroh1","C1qb",0.2,0.04
1.99915621672589,5.72565617118872,0.398816130225675,1,"Pick1","C1qb",0.2,0.04
1.99915621672589,5.72565617118872,0.398816130225675,1,"Acvrl1","C1qb",0.2,0.04
1.99915621672589,5.72565617118872,0.398816130225675,1,"Pigx","C1qb",0.2,0.04
1.99915621672589,5.72565617118872,0.398816130225675,1,"Alcam","C1qb",0.2,0.04
1.99915621672589,5.72565617118872,0.398816130225675,1,"Rnaset2a","C1qb",0.2,0.04
1.99915621672589,5.72565617118872,0.398816130225675,1,"Afdn","C1qb",0.2,0.04
1.99915621672589,5.72565617118872,0.398816130225675,1,"Amdhd2","C1qb",0.2,0.04
1.99915621672589,5.72565617118872,0.398816130225675,1,"Narfl","C1qb",0.2,0.04
1.99915621672589,5.72565617118872,0.398816130225675,1,"Pigq","C1qb",0.2,0.04
1.99915621672589,5.72565617118872,0.398816130225675,1,"AI413582","C1qb",0.2,0.04
1.99915621672589,5.72565617118872,0.398816130225675,1,"Ubash3a","C1qb",0.2,0.04
1.99915621672589,5.72565617118872,0.398816130225675,1,"B3galt4","C1qb",0.2,0.04
1.99915621672589,5.72565617118872,0.398816130225675,1,"Agpat1","C1qb",0.2,0.04
1.99915621672589,5.72565617118872,0.398816130225675,1,"Stk19","C1qb",0.2,0.04
1.99915621672589,5.72565617118872,0.398816130225675,1,"C2","C1qb",0.2,0.04
1.99915621672589,5.72565617118872,0.398816130225675,1,"Tbcc","C1qb",0.2,0.04
1.99915621672589,5.72565617118872,0.398816130225675,1,"Guca1a","C1qb",0.2,0.04
1.99915621672589,5.72565617118872,0.398816130225675,1,"Tomm6","C1qb",0.2,0.04
1.99915621672589,5.72565617118872,0.398816130225675,1,"Taf7","C1qb",0.2,0.04
1.99915621672589,5.72565617118872,0.398816130225675,1,"Lars","C1qb",0.2,0.04
1.99915621672589,5.72565617118872,0.398816130225675,1,"Cpt1a","C1qb",0.2,0.04
1.99915621672589,5.72565617118872,0.398816130225675,1,"Slc15a3","C1qb",0.2,0.04
-1.65864216571752,6.01527600461326,0.398816130225675,1,"Bmpr2","C1qb",0.2,0.04
-1.65864216571752,6.01527600461326,0.398816130225675,1,"Nbeal1","C1qb",0.2,0.04
-1.65864216571752,6.01527600461326,0.398816130225675,1,"Pard3b","C1qb",0.2,0.04
-1.65864216571752,6.01527600461326,0.398816130225675,1,"Kansl1l","C1qb",0.2,0.04
-1.65864216571752,6.01527600461326,0.398816130225675,1,"Pnkd","C1qb",0.2,0.04
-1.65864216571752,6.01527600461326,0.398816130225675,1,"Scyl3","C1qb",0.2,0.04
-1.65864216571752,6.01527600461326,0.398816130225675,1,"Uap1","C1qb",0.2,0.04
-1.65864216571752,6.01527600461326,0.398816130225675,1,"Aida","C1qb",0.2,0.04
-1.65864216571752,6.01527600461326,0.398816130225675,1,"Rab3gap2","C1qb",0.2,0.04
-1.65864216571752,6.01527600461326,0.398816130225675,1,"Trub2","C1qb",0.2,0.04
-1.65864216571752,6.01527600461326,0.398816130225675,1,"Rabgap1","C1qb",0.2,0.04
-1.65864216571752,6.01527600461326,0.398816130225675,1,"Arl6ip6","C1qb",0.2,0.04
-1.65864216571752,6.01527600461326,0.398816130225675,1,"Nr1h3","C1qb",0.2,0.04
-1.65864216571752,6.01527600461326,0.398816130225675,1,"Manbal","C1qb",0.2,0.04
-1.65864216571752,6.01527600461326,0.398816130225675,1,"Brwd3","C1qb",0.2,0.04
-1.65864216571752,6.01527600461326,0.398816130225675,1,"Crtc2","C1qb",0.2,0.04
-1.65864216571752,6.01527600461326,0.398816130225675,1,"Pogz","C1qb",0.2,0.04
-1.65864216571752,6.01527600461326,0.398816130225675,1,"Lix1l","C1qb",0.2,0.04
-1.65864216571752,6.01527600461326,0.398816130225675,1,"Rnf115","C1qb",0.2,0.04
-1.65864216571752,6.01527600461326,0.398816130225675,1,"Rsbn1","C1qb",0.2,0.04
-1.65864216571752,6.01527600461326,0.398816130225675,1,"Ptbp2","C1qb",0.2,0.04
-1.65864216571752,6.01527600461326,0.398816130225675,1,"Tspan5","C1qb",0.2,0.04
-1.65864216571752,6.01527600461326,0.398816130225675,1,"Rabggtb","C1qb",0.2,0.04
-1.65864216571752,6.01527600461326,0.398816130225675,1,"Mms22l","C1qb",0.2,0.04
-1.65864216571752,6.01527600461326,0.398816130225675,1,"Ufl1","C1qb",0.2,0.04
-1.65864216571752,6.01527600461326,0.398816130225675,1,"Mdn1","C1qb",0.2,0.04
-1.65864216571752,6.01527600461326,0.398816130225675,1,"Tex10","C1qb",0.2,0.04
-1.65864216571752,6.01527600461326,0.398816130225675,1,"Fkbp15","C1qb",0.2,0.04
-1.65864216571752,6.01527600461326,0.398816130225675,1,"Alg6","C1qb",0.2,0.04
-1.65864216571752,6.01527600461326,0.398816130225675,1,"Rcc1","C1qb",0.2,0.04
-1.65864216571752,6.01527600461326,0.398816130225675,1,"Crot","C1qb",0.2,0.04
-1.65864216571752,6.01527600461326,0.398816130225675,1,"Tyms","C1qb",0.2,0.04
-1.65864216571752,6.01527600461326,0.398816130225675,1,"Uvssa","C1qb",0.2,0.04
-1.65864216571752,6.01527600461326,0.398816130225675,1,"Bloc1s4","C1qb",0.2,0.04
-1.65864216571752,6.01527600461326,0.398816130225675,1,"Coq2","C1qb",0.2,0.04
-1.65864216571752,6.01527600461326,0.398816130225675,1,"Mtf2","C1qb",0.2,0.04
-1.65864216571752,6.01527600461326,0.398816130225675,1,"Pus1","C1qb",0.2,0.04
-1.65864216571752,6.01527600461326,0.398816130225675,1,"Pptc7","C1qb",0.2,0.04
-1.65864216571752,6.01527600461326,0.398816130225675,1,"Anapc7","C1qb",0.2,0.04
-1.65864216571752,6.01527600461326,0.398816130225675,1,"Mlxip","C1qb",0.2,0.04
-1.65864216571752,6.01527600461326,0.398816130225675,1,"Rilpl2","C1qb",0.2,0.04
-1.65864216571752,6.01527600461326,0.398816130225675,1,"Sumf2","C1qb",0.2,0.04
-1.65864216571752,6.01527600461326,0.398816130225675,1,"Auts2","C1qb",0.2,0.04
-1.65864216571752,6.01527600461326,0.398816130225675,1,"Zfp655","C1qb",0.2,0.04
-1.65864216571752,6.01527600461326,0.398816130225675,1,"Anxa4","C1qb",0.2,0.04
-1.65864216571752,6.01527600461326,0.398816130225675,1,"Camk1","C1qb",0.2,0.04
-1.65864216571752,6.01527600461326,0.398816130225675,1,"Vgll4","C1qb",0.2,0.04
-1.65864216571752,6.01527600461326,0.398816130225675,1,"Tsen2","C1qb",0.2,0.04
-1.65864216571752,6.01527600461326,0.398816130225675,1,"Mbd4","C1qb",0.2,0.04
-1.65864216571752,6.01527600461326,0.398816130225675,1,"Opa3","C1qb",0.2,0.04
-1.65864216571752,6.01527600461326,0.398816130225675,1,"Haus5","C1qb",0.2,0.04
-1.65864216571752,6.01527600461326,0.398816130225675,1,"Knop1","C1qb",0.2,0.04
-1.65864216571752,6.01527600461326,0.398816130225675,1,"Slc25a22","C1qb",0.2,0.04
-1.65864216571752,6.01527600461326,0.398816130225675,1,"Stxbp5","C1qb",0.2,0.04
-1.65864216571752,6.01527600461326,0.398816130225675,1,"Ncoa7","C1qb",0.2,0.04
-1.65864216571752,6.01527600461326,0.398816130225675,1,"Agpat3","C1qb",0.2,0.04
-1.65864216571752,6.01527600461326,0.398816130225675,1,"Sgta","C1qb",0.2,0.04
-1.65864216571752,6.01527600461326,0.398816130225675,1,"Gna11","C1qb",0.2,0.04
-1.65864216571752,6.01527600461326,0.398816130225675,1,"Nup37","C1qb",0.2,0.04
-1.65864216571752,6.01527600461326,0.398816130225675,1,"Irak3","C1qb",0.2,0.04
-1.65864216571752,6.01527600461326,0.398816130225675,1,"Rnf170","C1qb",0.2,0.04
-1.65864216571752,6.01527600461326,0.398816130225675,1,"Wwc2","C1qb",0.2,0.04
-1.65864216571752,6.01527600461326,0.398816130225675,1,"Myo9b","C1qb",0.2,0.04
-1.65864216571752,6.01527600461326,0.398816130225675,1,"Gipc1","C1qb",0.2,0.04
-1.65864216571752,6.01527600461326,0.398816130225675,1,"Asf1b","C1qb",0.2,0.04
-1.65864216571752,6.01527600461326,0.398816130225675,1,"Vps4a","C1qb",0.2,0.04
-1.65864216571752,6.01527600461326,0.398816130225675,1,"Usp10","C1qb",0.2,0.04
-1.65864216571752,6.01527600461326,0.398816130225675,1,"2810004N23Rik","C1qb",0.2,0.04
-1.65864216571752,6.01527600461326,0.398816130225675,1,"Ecd","C1qb",0.2,0.04
-1.65864216571752,6.01527600461326,0.398816130225675,1,"Ppif","C1qb",0.2,0.04
-1.65864216571752,6.01527600461326,0.398816130225675,1,"Wdhd1","C1qb",0.2,0.04
-1.65864216571752,6.01527600461326,0.398816130225675,1,"Zfp395","C1qb",0.2,0.04
-1.65864216571752,6.01527600461326,0.398816130225675,1,"Akap11","C1qb",0.2,0.04
-1.65864216571752,6.01527600461326,0.398816130225675,1,"Gpr180","C1qb",0.2,0.04
-1.65864216571752,6.01527600461326,0.398816130225675,1,"Ppan","C1qb",0.2,0.04
-1.65864216571752,6.01527600461326,0.398816130225675,1,"Acad8","C1qb",0.2,0.04
-1.65864216571752,6.01527600461326,0.398816130225675,1,"Ncapd3","C1qb",0.2,0.04
-1.65864216571752,6.01527600461326,0.398816130225675,1,"Oaz2","C1qb",0.2,0.04
-1.65864216571752,6.01527600461326,0.398816130225675,1,"Vps13c","C1qb",0.2,0.04
-1.65864216571752,6.01527600461326,0.398816130225675,1,"Tex264","C1qb",0.2,0.04
-1.65864216571752,6.01527600461326,0.398816130225675,1,"Qrich1","C1qb",0.2,0.04
-1.65864216571752,6.01527600461326,0.398816130225675,1,"Nme6","C1qb",0.2,0.04
-1.65864216571752,6.01527600461326,0.398816130225675,1,"1110059G10Rik","C1qb",0.2,0.04
-1.65864216571752,6.01527600461326,0.398816130225675,1,"Nudcd2","C1qb",0.2,0.04
-1.65864216571752,6.01527600461326,0.398816130225675,1,"Pwwp2a","C1qb",0.2,0.04
-1.65864216571752,6.01527600461326,0.398816130225675,1,"Clk4","C1qb",0.2,0.04
-1.65864216571752,6.01527600461326,0.398816130225675,1,"Shmt1","C1qb",0.2,0.04
-1.65864216571752,6.01527600461326,0.398816130225675,1,"Cluh","C1qb",0.2,0.04
-1.65864216571752,6.01527600461326,0.398816130225675,1,"Timm22","C1qb",0.2,0.04
-1.65864216571752,6.01527600461326,0.398816130225675,1,"Tmem97","C1qb",0.2,0.04
-1.65864216571752,6.01527600461326,0.398816130225675,1,"Tlk2","C1qb",0.2,0.04
-1.65864216571752,6.01527600461326,0.398816130225675,1,"Ccdc47","C1qb",0.2,0.04
-1.65864216571752,6.01527600461326,0.398816130225675,1,"Mif4gd","C1qb",0.2,0.04
-1.65864216571752,6.01527600461326,0.398816130225675,1,"Snhg20","C1qb",0.2,0.04
-1.65864216571752,6.01527600461326,0.398816130225675,1,"Cyth1","C1qb",0.2,0.04
-1.65864216571752,6.01527600461326,0.398816130225675,1,"Zscan26","C1qb",0.2,0.04
-1.65864216571752,6.01527600461326,0.398816130225675,1,"Zfp346","C1qb",0.2,0.04
-1.65864216571752,6.01527600461326,0.398816130225675,1,"Ak6","C1qb",0.2,0.04
-1.65864216571752,6.01527600461326,0.398816130225675,1,"Eipr1","C1qb",0.2,0.04
-1.65864216571752,6.01527600461326,0.398816130225675,1,"Pnpla8","C1qb",0.2,0.04
-1.65864216571752,6.01527600461326,0.398816130225675,1,"Sec23a","C1qb",0.2,0.04
-1.65864216571752,6.01527600461326,0.398816130225675,1,"Arel1","C1qb",0.2,0.04
-1.65864216571752,6.01527600461326,0.398816130225675,1,"Galc","C1qb",0.2,0.04
-1.65864216571752,6.01527600461326,0.398816130225675,1,"Ppp4r3a","C1qb",0.2,0.04
-1.65864216571752,6.01527600461326,0.398816130225675,1,"Cpq","C1qb",0.2,0.04
-1.65864216571752,6.01527600461326,0.398816130225675,1,"Zhx1","C1qb",0.2,0.04
-1.65864216571752,6.01527600461326,0.398816130225675,1,"Kctd17","C1qb",0.2,0.04
-1.65864216571752,6.01527600461326,0.398816130225675,1,"Gga1","C1qb",0.2,0.04
-1.65864216571752,6.01527600461326,0.398816130225675,1,"Creld2","C1qb",0.2,0.04
-1.65864216571752,6.01527600461326,0.398816130225675,1,"Pim3","C1qb",0.2,0.04
-1.65864216571752,6.01527600461326,0.398816130225675,1,"Mgrn1","C1qb",0.2,0.04
-1.65864216571752,6.01527600461326,0.398816130225675,1,"Abcc1","C1qb",0.2,0.04
-1.65864216571752,6.01527600461326,0.398816130225675,1,"Trmt2a","C1qb",0.2,0.04
-1.65864216571752,6.01527600461326,0.398816130225675,1,"Sec22a","C1qb",0.2,0.04
-1.65864216571752,6.01527600461326,0.398816130225675,1,"Scaf4","C1qb",0.2,0.04
-1.65864216571752,6.01527600461326,0.398816130225675,1,"Mut","C1qb",0.2,0.04
-1.65864216571752,6.01527600461326,0.398816130225675,1,"Alkbh7","C1qb",0.2,0.04
-1.65864216571752,6.01527600461326,0.398816130225675,1,"Memo1","C1qb",0.2,0.04
-1.65864216571752,6.01527600461326,0.398816130225675,1,"Msh6","C1qb",0.2,0.04
-1.65864216571752,6.01527600461326,0.398816130225675,1,"Wdr55","C1qb",0.2,0.04
-1.65864216571752,6.01527600461326,0.398816130225675,1,"Arhgap26","C1qb",0.2,0.04
-1.65864216571752,6.01527600461326,0.398816130225675,1,"Csnk1g3","C1qb",0.2,0.04
-1.65864216571752,6.01527600461326,0.398816130225675,1,"Me2","C1qb",0.2,0.04
-1.65864216571752,6.01527600461326,0.398816130225675,1,"Hdhd2","C1qb",0.2,0.04
-1.65864216571752,6.01527600461326,0.398816130225675,1,"Dpp3","C1qb",0.2,0.04
-1.65864216571752,6.01527600461326,0.398816130225675,1,"B4gat1","C1qb",0.2,0.04
-1.65864216571752,6.01527600461326,0.398816130225675,1,"Naa40","C1qb",0.2,0.04
-1.65864216571752,6.01527600461326,0.398816130225675,1,"Polr2g","C1qb",0.2,0.04
-1.65864216571752,6.01527600461326,0.398816130225675,1,"B3gat3","C1qb",0.2,0.04
-1.65864216571752,6.01527600461326,0.398816130225675,1,"Asrgl1","C1qb",0.2,0.04
-1.65864216571752,6.01527600461326,0.398816130225675,1,"Osbp","C1qb",0.2,0.04
-1.65864216571752,6.01527600461326,0.398816130225675,1,"Pprc1","C1qb",0.2,0.04
-1.65864216571752,6.01527600461326,0.398816130225675,1,"Gbf1","C1qb",0.2,0.04
-1.65864216571752,6.01527600461326,0.398816130225675,1,"Mxi1","C1qb",0.2,0.04
-0.453254847556548,9.3804424616156,0.399687819601988,1,"Hsp90b1","C1qb",0.2,0.04
-0.786616822060284,7.54196562398804,0.402638814235118,1,"Exosc5","C1qb",0.2,0.04
-0.786616822060284,7.54196562398804,0.402638814235118,1,"Cebpa","C1qb",0.2,0.04
-0.786616822060284,7.54196562398804,0.402638814235118,1,"Atxn7l3b","C1qb",0.2,0.04
-0.786616822060284,7.54196562398804,0.402638814235118,1,"Ndufb4","C1qb",0.2,0.04
-0.786616822060284,7.54196562398804,0.402638814235118,1,"Tap1","C1qb",0.2,0.04
-0.786616822060284,7.54196562398804,0.402638814235118,1,"Fam111a","C1qb",0.2,0.04
-0.530155655709322,8.80931887375474,0.402789298136974,1,"Psma7","C1qb",0.2,0.04
0.564226018515825,8.38149741893917,0.402998623600517,1,"Ifngr1","C1qb",0.2,0.04
0.91544235336547,7.05542374081738,0.40342719054973,1,"Snhg6","C1qb",0.2,0.04
0.91544235336547,7.05542374081738,0.40342719054973,1,"Ncf2","C1qb",0.2,0.04
0.91544235336547,7.05542374081738,0.40342719054973,1,"Il6ra","C1qb",0.2,0.04
0.91544235336547,7.05542374081738,0.40342719054973,1,"Iscu","C1qb",0.2,0.04
0.91544235336547,7.05542374081738,0.40342719054973,1,"Orai1","C1qb",0.2,0.04
0.91544235336547,7.05542374081738,0.40342719054973,1,"Denr","C1qb",0.2,0.04
0.91544235336547,7.05542374081738,0.40342719054973,1,"Mat2b","C1qb",0.2,0.04
0.72656727782517,7.12165431861361,0.40342719054973,1,"Eif6","C1qb",0.2,0.04
0.72656727782517,7.12165431861361,0.40342719054973,1,"Echs1","C1qb",0.2,0.04
0.72656727782517,7.12165431861361,0.40342719054973,1,"Fam32a","C1qb",0.2,0.04
0.72656727782517,7.12165431861361,0.40342719054973,1,"Prkcd","C1qb",0.2,0.04
0.72656727782517,7.12165431861361,0.40342719054973,1,"Slc25a11","C1qb",0.2,0.04
0.72656727782517,7.12165431861361,0.40342719054973,1,"Nt5c","C1qb",0.2,0.04
0.72656727782517,7.12165431861361,0.40342719054973,1,"Slc48a1","C1qb",0.2,0.04
-0.79895081093816,7.14814318616925,0.40342719054973,1,"Gls","C1qb",0.2,0.04
-0.79895081093816,7.14814318616925,0.40342719054973,1,"Pfdn2","C1qb",0.2,0.04
-0.79895081093816,7.14814318616925,0.40342719054973,1,"Copa","C1qb",0.2,0.04
-0.79895081093816,7.14814318616925,0.40342719054973,1,"Eid1","C1qb",0.2,0.04
-0.79895081093816,7.14814318616925,0.40342719054973,1,"Cd93","C1qb",0.2,0.04
-0.79895081093816,7.14814318616925,0.40342719054973,1,"Tsc22d3","C1qb",0.2,0.04
-0.79895081093816,7.14814318616925,0.40342719054973,1,"Ankrd13a","C1qb",0.2,0.04
-0.79895081093816,7.14814318616925,0.40342719054973,1,"Tpp1","C1qb",0.2,0.04
-0.79895081093816,7.14814318616925,0.40342719054973,1,"Eif4ebp2","C1qb",0.2,0.04
-0.79895081093816,7.14814318616925,0.40342719054973,1,"Lsm6","C1qb",0.2,0.04
-0.79895081093816,7.14814318616925,0.40342719054973,1,"Abce1","C1qb",0.2,0.04
-0.79895081093816,7.14814318616925,0.40342719054973,1,"Top2b","C1qb",0.2,0.04
-0.79895081093816,7.14814318616925,0.40342719054973,1,"Tpm1","C1qb",0.2,0.04
-0.79895081093816,7.14814318616925,0.40342719054973,1,"Guk1","C1qb",0.2,0.04
-0.79895081093816,7.14814318616925,0.40342719054973,1,"Bzw2","C1qb",0.2,0.04
-0.79895081093816,7.14814318616925,0.40342719054973,1,"Eif3l","C1qb",0.2,0.04
-0.79895081093816,7.14814318616925,0.40342719054973,1,"Nrros","C1qb",0.2,0.04
-0.79895081093816,7.14814318616925,0.40342719054973,1,"App","C1qb",0.2,0.04
-0.79895081093816,7.14814318616925,0.40342719054973,1,"Tcf4","C1qb",0.2,0.04
-0.371978883093647,11.4255340169539,0.404850112053035,1,"Ptma","C1qb",0.2,0.04
0.367721287765152,11.4212127746031,0.404850112053035,1,"Rpl6","C1qb",0.2,0.04
0.437730696738653,9.29268104765342,0.413651289823849,1,"Vim","C1qb",0.2,0.04
-0.55911430693903,8.46319456172423,0.4176344672555,1,"Irf2bp2","C1qb",0.2,0.04
0.649843598185626,7.94618861811168,0.418661169042415,1,"Lamtor2","C1qb",0.2,0.04
0.649843598185626,7.94618861811168,0.418661169042415,1,"Capns1","C1qb",0.2,0.04
0.350164696777484,11.9135083837737,0.423322895586158,1,"Rpl28","C1qb",0.2,0.04
0.344072516257158,12.1460037574257,0.426058865268533,1,"Rpl23","C1qb",0.2,0.04
-0.529098753991741,8.27000760697042,0.42693642860378,1,"Rpn2","C1qb",0.2,0.04
-0.529098753991741,8.27000760697042,0.42693642860378,1,"Ube2d3","C1qb",0.2,0.04
-0.529098753991741,8.27000760697042,0.42693642860378,1,"Clec2d","C1qb",0.2,0.04
-0.529098753991741,8.27000760697042,0.42693642860378,1,"Ppp2ca","C1qb",0.2,0.04
-0.673910340076478,7.64042331920445,0.427714020552826,1,"Hnrnpr","C1qb",0.2,0.04
-0.673910340076478,7.64042331920445,0.427714020552826,1,"Psenen","C1qb",0.2,0.04
0.508212836396516,8.51743423200488,0.431624842991313,1,"Scand1","C1qb",0.2,0.04
0.508212836396516,8.51743423200488,0.431624842991313,1,"Rpl27","C1qb",0.2,0.04
-0.512654329277197,8.51642746221668,0.431624842991313,1,"Pebp1","C1qb",0.2,0.04
0.709986595311951,7.25402777100333,0.436352566552615,1,"Anapc13","C1qb",0.2,0.04
0.709986595311951,7.25402777100333,0.436352566552615,1,"Asap1","C1qb",0.2,0.04
-0.646417978130036,7.27601170519201,0.436352566552615,1,"Romo1","C1qb",0.2,0.04
-0.646417978130036,7.27601170519201,0.436352566552615,1,"Arhgef2","C1qb",0.2,0.04
-0.646417978130036,7.27601170519201,0.436352566552615,1,"Baz1b","C1qb",0.2,0.04
-0.646417978130036,7.27601170519201,0.436352566552615,1,"Ech1","C1qb",0.2,0.04
-0.646417978130036,7.27601170519201,0.436352566552615,1,"Mrpl54","C1qb",0.2,0.04
-0.646417978130036,7.27601170519201,0.436352566552615,1,"Srpr","C1qb",0.2,0.04
-0.646417978130036,7.27601170519201,0.436352566552615,1,"Cdv3","C1qb",0.2,0.04
-0.646417978130036,7.27601170519201,0.436352566552615,1,"Smc6","C1qb",0.2,0.04
-0.646417978130036,7.27601170519201,0.436352566552615,1,"Samm50","C1qb",0.2,0.04
-0.646417978130036,7.27601170519201,0.436352566552615,1,"Ubn1","C1qb",0.2,0.04
-0.646417978130036,7.27601170519201,0.436352566552615,1,"Ndufv3","C1qb",0.2,0.04
-0.646417978130036,7.27601170519201,0.436352566552615,1,"Rtn3","C1qb",0.2,0.04
-0.612607232242837,8.00621049188622,0.437875061184897,1,"Slc25a4","C1qb",0.2,0.04
0.401487372961199,9.90911338535124,0.43892878156217,1,"Btf3","C1qb",0.2,0.04
-1.14343830483854,6.77458628188133,0.439101014633991,1,"Gm20342","C1qb",0.2,0.04
-1.14343830483854,6.77458628188133,0.439101014633991,1,"Hjurp","C1qb",0.2,0.04
-1.14343830483854,6.77458628188133,0.439101014633991,1,"Ccnt2","C1qb",0.2,0.04
-1.14343830483854,6.77458628188133,0.439101014633991,1,"Degs1","C1qb",0.2,0.04
-1.14343830483854,6.77458628188133,0.439101014633991,1,"Cdk9","C1qb",0.2,0.04
-1.14343830483854,6.77458628188133,0.439101014633991,1,"Mapre1","C1qb",0.2,0.04
-1.14343830483854,6.77458628188133,0.439101014633991,1,"Gmps","C1qb",0.2,0.04
-1.14343830483854,6.77458628188133,0.439101014633991,1,"Zranb2","C1qb",0.2,0.04
-1.14343830483854,6.77458628188133,0.439101014633991,1,"Cdk11b","C1qb",0.2,0.04
-1.14343830483854,6.77458628188133,0.439101014633991,1,"Fam133b","C1qb",0.2,0.04
-1.14343830483854,6.77458628188133,0.439101014633991,1,"Rbpj","C1qb",0.2,0.04
-1.14343830483854,6.77458628188133,0.439101014633991,1,"Tmem33","C1qb",0.2,0.04
-1.14343830483854,6.77458628188133,0.439101014633991,1,"Sec31a","C1qb",0.2,0.04
-1.14343830483854,6.77458628188133,0.439101014633991,1,"Nup210","C1qb",0.2,0.04
-1.14343830483854,6.77458628188133,0.439101014633991,1,"Prcp","C1qb",0.2,0.04
-1.14343830483854,6.77458628188133,0.439101014633991,1,"Rbmxl1","C1qb",0.2,0.04
-1.14343830483854,6.77458628188133,0.439101014633991,1,"Exoc5","C1qb",0.2,0.04
-1.14343830483854,6.77458628188133,0.439101014633991,1,"Ipo5","C1qb",0.2,0.04
-1.14343830483854,6.77458628188133,0.439101014633991,1,"Tipin","C1qb",0.2,0.04
-1.14343830483854,6.77458628188133,0.439101014633991,1,"Smarcc1","C1qb",0.2,0.04
-1.14343830483854,6.77458628188133,0.439101014633991,1,"Ogdh","C1qb",0.2,0.04
-1.14343830483854,6.77458628188133,0.439101014633991,1,"Xpo1","C1qb",0.2,0.04
-1.14343830483854,6.77458628188133,0.439101014633991,1,"Taok1","C1qb",0.2,0.04
1.03085635964823,6.73125117739736,0.439101014633991,1,"Hes6","C1qb",0.2,0.04
1.03085635964823,6.73125117739736,0.439101014633991,1,"Nelfb","C1qb",0.2,0.04
1.03085635964823,6.73125117739736,0.439101014633991,1,"Ola1","C1qb",0.2,0.04
1.03085635964823,6.73125117739736,0.439101014633991,1,"Usp9x","C1qb",0.2,0.04
1.03085635964823,6.73125117739736,0.439101014633991,1,"Cap1","C1qb",0.2,0.04
1.03085635964823,6.73125117739736,0.439101014633991,1,"Cops4","C1qb",0.2,0.04
1.03085635964823,6.73125117739736,0.439101014633991,1,"Bud31","C1qb",0.2,0.04
1.03085635964823,6.73125117739736,0.439101014633991,1,"Timm50","C1qb",0.2,0.04
1.03085635964823,6.73125117739736,0.439101014633991,1,"Hras","C1qb",0.2,0.04
1.03085635964823,6.73125117739736,0.439101014633991,1,"Tmem259","C1qb",0.2,0.04
1.03085635964823,6.73125117739736,0.439101014633991,1,"Dbnl","C1qb",0.2,0.04
1.03085635964823,6.73125117739736,0.439101014633991,1,"Meis1","C1qb",0.2,0.04
1.03085635964823,6.73125117739736,0.439101014633991,1,"Mien1","C1qb",0.2,0.04
1.03085635964823,6.73125117739736,0.439101014633991,1,"Hist1h4i","C1qb",0.2,0.04
1.03085635964823,6.73125117739736,0.439101014633991,1,"Slirp","C1qb",0.2,0.04
1.03085635964823,6.73125117739736,0.439101014633991,1,"Akt1","C1qb",0.2,0.04
1.03085635964823,6.73125117739736,0.439101014633991,1,"Mfsd5","C1qb",0.2,0.04
1.03085635964823,6.73125117739736,0.439101014633991,1,"D17Wsu92e","C1qb",0.2,0.04
1.03085635964823,6.73125117739736,0.439101014633991,1,"Tcirg1","C1qb",0.2,0.04
-0.993790770200427,6.69079167513022,0.439101014633991,1,"Tex30","C1qb",0.2,0.04
-0.993790770200427,6.69079167513022,0.439101014633991,1,"Arfgap2","C1qb",0.2,0.04
-0.993790770200427,6.69079167513022,0.439101014633991,1,"Mef2d","C1qb",0.2,0.04
-0.993790770200427,6.69079167513022,0.439101014633991,1,"Nrd1","C1qb",0.2,0.04
-0.993790770200427,6.69079167513022,0.439101014633991,1,"Mtfr1l","C1qb",0.2,0.04
-0.993790770200427,6.69079167513022,0.439101014633991,1,"Pcgf3","C1qb",0.2,0.04
-0.993790770200427,6.69079167513022,0.439101014633991,1,"Tnrc18","C1qb",0.2,0.04
-0.993790770200427,6.69079167513022,0.439101014633991,1,"Gtf3a","C1qb",0.2,0.04
-0.993790770200427,6.69079167513022,0.439101014633991,1,"Mkln1","C1qb",0.2,0.04
-0.993790770200427,6.69079167513022,0.439101014633991,1,"Arl6ip5","C1qb",0.2,0.04
-0.993790770200427,6.69079167513022,0.439101014633991,1,"Yif1b","C1qb",0.2,0.04
-0.993790770200427,6.69079167513022,0.439101014633991,1,"Gadd45gip1","C1qb",0.2,0.04
-0.993790770200427,6.69079167513022,0.439101014633991,1,"Farsa","C1qb",0.2,0.04
-0.993790770200427,6.69079167513022,0.439101014633991,1,"Rspry1","C1qb",0.2,0.04
-0.993790770200427,6.69079167513022,0.439101014633991,1,"Mapk1ip1l","C1qb",0.2,0.04
-0.993790770200427,6.69079167513022,0.439101014633991,1,"Mphosph8","C1qb",0.2,0.04
-0.993790770200427,6.69079167513022,0.439101014633991,1,"Tbrg1","C1qb",0.2,0.04
-0.993790770200427,6.69079167513022,0.439101014633991,1,"1700017B05Rik","C1qb",0.2,0.04
-0.993790770200427,6.69079167513022,0.439101014633991,1,"Usp34","C1qb",0.2,0.04
-0.993790770200427,6.69079167513022,0.439101014633991,1,"Ube2z","C1qb",0.2,0.04
-0.993790770200427,6.69079167513022,0.439101014633991,1,"Mettl23","C1qb",0.2,0.04
-0.993790770200427,6.69079167513022,0.439101014633991,1,"Ap3b1","C1qb",0.2,0.04
-0.993790770200427,6.69079167513022,0.439101014633991,1,"Atad2b","C1qb",0.2,0.04
-0.993790770200427,6.69079167513022,0.439101014633991,1,"Golph3","C1qb",0.2,0.04
-0.993790770200427,6.69079167513022,0.439101014633991,1,"Lnpep","C1qb",0.2,0.04
-0.993790770200427,6.69079167513022,0.439101014633991,1,"Safb2","C1qb",0.2,0.04
-0.993790770200427,6.69079167513022,0.439101014633991,1,"Wdr43","C1qb",0.2,0.04
-0.993790770200427,6.69079167513022,0.439101014633991,1,"Tmed7","C1qb",0.2,0.04
-0.993790770200427,6.69079167513022,0.439101014633991,1,"Bad","C1qb",0.2,0.04
-0.993790770200427,6.69079167513022,0.439101014633991,1,"Slk","C1qb",0.2,0.04
0.335999738167955,11.6065602872628,0.44377727490385,1,"Rpl26","C1qb",0.2,0.04
0.339607634196666,11.2306878995197,0.446667852624643,1,"Rpl8","C1qb",0.2,0.04
-0.357380988266697,10.545148746363,0.449747809427811,1,"Rps17","C1qb",0.2,0.04
0.56229709478717,7.73081160754921,0.450755070290173,1,"Axl","C1qb",0.2,0.04
0.56229709478717,7.73081160754921,0.450755070290173,1,"Ndufa11","C1qb",0.2,0.04
-0.649298658950802,7.77299108487613,0.450755070290174,1,"Srrm1","C1qb",0.2,0.04
-0.649298658950802,7.77299108487613,0.450755070290174,1,"Atp2a2","C1qb",0.2,0.04
-0.649298658950802,7.77299108487613,0.450755070290174,1,"Phf14","C1qb",0.2,0.04
-0.649298658950802,7.77299108487613,0.450755070290174,1,"Tmpo","C1qb",0.2,0.04
-0.649298658950802,7.77299108487613,0.450755070290174,1,"H2afv","C1qb",0.2,0.04
-0.579418338000121,7.73274588251391,0.450755070290174,1,"Nktr","C1qb",0.2,0.04
-0.598564695703174,8.10998942161917,0.455892345145071,1,"Pgls","C1qb",0.2,0.04
0.56339089105122,8.05615377708197,0.455892345145071,1,"Edf1","C1qb",0.2,0.04
0.56339089105122,8.05615377708197,0.455892345145071,1,"Rab14","C1qb",0.2,0.04
0.56339089105122,8.05615377708197,0.455892345145071,1,"Psmb5","C1qb",0.2,0.04
-0.54442194567805,8.0785449522033,0.455892345145071,1,"Cct8","C1qb",0.2,0.04
-0.54442194567805,8.0785449522033,0.455892345145071,1,"Sf3b2","C1qb",0.2,0.04
-0.567104424980439,8.38270233988504,0.457585664185782,1,"Capzb","C1qb",0.2,0.04
-0.308309252478219,13.0150940822033,0.464239777518567,1,"mt-Co2","C1qb",0.2,0.04
-0.837159401052692,7.38510649021769,0.465630136200709,1,"Rfc2","C1qb",0.2,0.04
-0.837159401052692,7.38510649021769,0.465630136200709,1,"Picalm","C1qb",0.2,0.04
0.69653395566946,7.37538206091052,0.465630136200709,1,"Apbb1ip","C1qb",0.2,0.04
0.69653395566946,7.37538206091052,0.465630136200709,1,"Mier1","C1qb",0.2,0.04
-0.325631697294872,11.4091929408032,0.46755061335629,1,"mt-Nd2","C1qb",0.2,0.04
0.462126071988468,8.64155477230879,0.470074138768412,1,"Vamp8","C1qb",0.2,0.04
0.413462742797164,8.66287390055131,0.470074138768412,1,"Ndufa13","C1qb",0.2,0.04
0.309347652731881,12.2114502852351,0.470162031127676,1,"Rps27a","C1qb",0.2,0.04
-0.517474309878318,8.43889644658844,0.471767039678036,1,"Kcnq1ot1","C1qb",0.2,0.04
0.444676157443424,8.43246827720335,0.471767039678037,1,"Sirpa","C1qb",0.2,0.04
-0.565544696708261,7.85751477745851,0.471994799189955,1,"Rabac1","C1qb",0.2,0.04
0.562624781819619,7.81919687236131,0.471994799189956,1,"Rp9","C1qb",0.2,0.04
-0.875739677826577,6.9376284273375,0.480955038087911,1,"Psmc3","C1qb",0.2,0.04
-0.875739677826577,6.9376284273375,0.480955038087911,1,"Trpc4ap","C1qb",0.2,0.04
-0.875739677826577,6.9376284273375,0.480955038087911,1,"Atp6ap1","C1qb",0.2,0.04
-0.875739677826577,6.9376284273375,0.480955038087911,1,"Slc39a1","C1qb",0.2,0.04
-0.875739677826577,6.9376284273375,0.480955038087911,1,"Pum1","C1qb",0.2,0.04
-0.875739677826577,6.9376284273375,0.480955038087911,1,"Sdhb","C1qb",0.2,0.04
-0.875739677826577,6.9376284273375,0.480955038087911,1,"Gatad1","C1qb",0.2,0.04
-0.875739677826577,6.9376284273375,0.480955038087911,1,"Usf2","C1qb",0.2,0.04
-0.875739677826577,6.9376284273375,0.480955038087911,1,"Ddx50","C1qb",0.2,0.04
-0.875739677826577,6.9376284273375,0.480955038087911,1,"Jmjd1c","C1qb",0.2,0.04
-0.875739677826577,6.9376284273375,0.480955038087911,1,"Nfatc3","C1qb",0.2,0.04
-0.875739677826577,6.9376284273375,0.480955038087911,1,"Tm9sf2","C1qb",0.2,0.04
-0.875739677826577,6.9376284273375,0.480955038087911,1,"Cyfip2","C1qb",0.2,0.04
-0.875739677826577,6.9376284273375,0.480955038087911,1,"2610507B11Rik","C1qb",0.2,0.04
-0.875739677826577,6.9376284273375,0.480955038087911,1,"Fam117a","C1qb",0.2,0.04
-0.875739677826577,6.9376284273375,0.480955038087911,1,"Cbx1","C1qb",0.2,0.04
-0.875739677826577,6.9376284273375,0.480955038087911,1,"Zcchc6","C1qb",0.2,0.04
-0.875739677826577,6.9376284273375,0.480955038087911,1,"Fcho2","C1qb",0.2,0.04
-0.875739677826577,6.9376284273375,0.480955038087911,1,"Timm9","C1qb",0.2,0.04
-0.875739677826577,6.9376284273375,0.480955038087911,1,"Ralbp1","C1qb",0.2,0.04
-0.875739677826577,6.9376284273375,0.480955038087911,1,"Ddb1","C1qb",0.2,0.04
1.49929494728411,6.04914796358332,0.483528402784784,1,"4732440D04Rik","C1qb",0.2,0.04
1.49929494728411,6.04914796358332,0.483528402784784,1,"Hibch","C1qb",0.2,0.04
1.49929494728411,6.04914796358332,0.483528402784784,1,"Slc11a1","C1qb",0.2,0.04
1.49929494728411,6.04914796358332,0.483528402784784,1,"Spopl","C1qb",0.2,0.04
1.49929494728411,6.04914796358332,0.483528402784784,1,"Ass1","C1qb",0.2,0.04
1.49929494728411,6.04914796358332,0.483528402784784,1,"Ncoa3","C1qb",0.2,0.04
1.49929494728411,6.04914796358332,0.483528402784784,1,"Nelfcd","C1qb",0.2,0.04
1.49929494728411,6.04914796358332,0.483528402784784,1,"Gid8","C1qb",0.2,0.04
1.49929494728411,6.04914796358332,0.483528402784784,1,"Psmd10","C1qb",0.2,0.04
1.49929494728411,6.04914796358332,0.483528402784784,1,"Car1","C1qb",0.2,0.04
1.49929494728411,6.04914796358332,0.483528402784784,1,"4932438A13Rik","C1qb",0.2,0.04
1.49929494728411,6.04914796358332,0.483528402784784,1,"Tlr2","C1qb",0.2,0.04
1.49929494728411,6.04914796358332,0.483528402784784,1,"AI504432","C1qb",0.2,0.04
1.49929494728411,6.04914796358332,0.483528402784784,1,"Cep85","C1qb",0.2,0.04
1.49929494728411,6.04914796358332,0.483528402784784,1,"Zfp593","C1qb",0.2,0.04
1.49929494728411,6.04914796358332,0.483528402784784,1,"Gm1673","C1qb",0.2,0.04
1.49929494728411,6.04914796358332,0.483528402784784,1,"Plbd2","C1qb",0.2,0.04
1.49929494728411,6.04914796358332,0.483528402784784,1,"Slc15a4","C1qb",0.2,0.04
1.49929494728411,6.04914796358332,0.483528402784784,1,"Zfp467","C1qb",0.2,0.04
1.49929494728411,6.04914796358332,0.483528402784784,1,"Atg7","C1qb",0.2,0.04
1.49929494728411,6.04914796358332,0.483528402784784,1,"Tmem40","C1qb",0.2,0.04
1.49929494728411,6.04914796358332,0.483528402784784,1,"Zfp260","C1qb",0.2,0.04
1.49929494728411,6.04914796358332,0.483528402784784,1,"Arrb1","C1qb",0.2,0.04
1.49929494728411,6.04914796358332,0.483528402784784,1,"Sirt3","C1qb",0.2,0.04
1.49929494728411,6.04914796358332,0.483528402784784,1,"Tspyl1","C1qb",0.2,0.04
1.49929494728411,6.04914796358332,0.483528402784784,1,"Washc3","C1qb",0.2,0.04
1.49929494728411,6.04914796358332,0.483528402784784,1,"Tmem19","C1qb",0.2,0.04
1.49929494728411,6.04914796358332,0.483528402784784,1,"Rab5b","C1qb",0.2,0.04
1.49929494728411,6.04914796358332,0.483528402784784,1,"Trappc11","C1qb",0.2,0.04
1.49929494728411,6.04914796358332,0.483528402784784,1,"Asna1","C1qb",0.2,0.04
1.49929494728411,6.04914796358332,0.483528402784784,1,"Cog8","C1qb",0.2,0.04
1.49929494728411,6.04914796358332,0.483528402784784,1,"Cmip","C1qb",0.2,0.04
1.49929494728411,6.04914796358332,0.483528402784784,1,"Mlycd","C1qb",0.2,0.04
1.49929494728411,6.04914796358332,0.483528402784784,1,"Zdhhc7","C1qb",0.2,0.04
1.49929494728411,6.04914796358332,0.483528402784784,1,"Il3ra","C1qb",0.2,0.04
1.49929494728411,6.04914796358332,0.483528402784784,1,"Ddhd1","C1qb",0.2,0.04
1.49929494728411,6.04914796358332,0.483528402784784,1,"Tox4","C1qb",0.2,0.04
1.49929494728411,6.04914796358332,0.483528402784784,1,"Gmpr2","C1qb",0.2,0.04
1.49929494728411,6.04914796358332,0.483528402784784,1,"Ubac2","C1qb",0.2,0.04
1.49929494728411,6.04914796358332,0.483528402784784,1,"Peak1","C1qb",0.2,0.04
1.49929494728411,6.04914796358332,0.483528402784784,1,"Dennd4a","C1qb",0.2,0.04
1.49929494728411,6.04914796358332,0.483528402784784,1,"Tusc2","C1qb",0.2,0.04
1.49929494728411,6.04914796358332,0.483528402784784,1,"Hist3h2a","C1qb",0.2,0.04
1.49929494728411,6.04914796358332,0.483528402784784,1,"Atpaf2","C1qb",0.2,0.04
1.49929494728411,6.04914796358332,0.483528402784784,1,"Myo1c","C1qb",0.2,0.04
1.49929494728411,6.04914796358332,0.483528402784784,1,"Ap2b1","C1qb",0.2,0.04
1.49929494728411,6.04914796358332,0.483528402784784,1,"Hist1h1d","C1qb",0.2,0.04
1.49929494728411,6.04914796358332,0.483528402784784,1,"Bicd2","C1qb",0.2,0.04
1.49929494728411,6.04914796358332,0.483528402784784,1,"Pcbd2","C1qb",0.2,0.04
1.49929494728411,6.04914796358332,0.483528402784784,1,"Cd180","C1qb",0.2,0.04
1.49929494728411,6.04914796358332,0.483528402784784,1,"Ldah","C1qb",0.2,0.04
1.49929494728411,6.04914796358332,0.483528402784784,1,"Adssl1","C1qb",0.2,0.04
1.49929494728411,6.04914796358332,0.483528402784784,1,"9130401M01Rik","C1qb",0.2,0.04
1.49929494728411,6.04914796358332,0.483528402784784,1,"Sharpin","C1qb",0.2,0.04
1.49929494728411,6.04914796358332,0.483528402784784,1,"Maf1","C1qb",0.2,0.04
1.49929494728411,6.04914796358332,0.483528402784784,1,"1110038F14Rik","C1qb",0.2,0.04
1.49929494728411,6.04914796358332,0.483528402784784,1,"Fgd4","C1qb",0.2,0.04
1.49929494728411,6.04914796358332,0.483528402784784,1,"Ufd1","C1qb",0.2,0.04
1.49929494728411,6.04914796358332,0.483528402784784,1,"Mrpl40","C1qb",0.2,0.04
1.49929494728411,6.04914796358332,0.483528402784784,1,"Trim26","C1qb",0.2,0.04
1.49929494728411,6.04914796358332,0.483528402784784,1,"Mtpap","C1qb",0.2,0.04
1.49929494728411,6.04914796358332,0.483528402784784,1,"Taf6l","C1qb",0.2,0.04
0.948122650622102,6.18181716307754,0.483528402784784,1,"Desi2","C1qb",0.2,0.04
0.948122650622102,6.18181716307754,0.483528402784784,1,"Agpat2","C1qb",0.2,0.04
0.948122650622102,6.18181716307754,0.483528402784784,1,"Gpr107","C1qb",0.2,0.04
0.948122650622102,6.18181716307754,0.483528402784784,1,"Ptgs1","C1qb",0.2,0.04
0.948122650622102,6.18181716307754,0.483528402784784,1,"Psmd14","C1qb",0.2,0.04
0.948122650622102,6.18181716307754,0.483528402784784,1,"Phospho2","C1qb",0.2,0.04
0.948122650622102,6.18181716307754,0.483528402784784,1,"Dcaf17","C1qb",0.2,0.04
0.948122650622102,6.18181716307754,0.483528402784784,1,"Prkra","C1qb",0.2,0.04
0.948122650622102,6.18181716307754,0.483528402784784,1,"Cstf3","C1qb",0.2,0.04
0.948122650622102,6.18181716307754,0.483528402784784,1,"Sema6d","C1qb",0.2,0.04
0.948122650622102,6.18181716307754,0.483528402784784,1,"Tbc1d20","C1qb",0.2,0.04
0.948122650622102,6.18181716307754,0.483528402784784,1,"Blcap","C1qb",0.2,0.04
0.948122650622102,6.18181716307754,0.483528402784784,1,"Rp2","C1qb",0.2,0.04
0.948122650622102,6.18181716307754,0.483528402784784,1,"Ube2a","C1qb",0.2,0.04
0.948122650622102,6.18181716307754,0.483528402784784,1,"Upf3b","C1qb",0.2,0.04
0.948122650622102,6.18181716307754,0.483528402784784,1,"Ids","C1qb",0.2,0.04
0.948122650622102,6.18181716307754,0.483528402784784,1,"Cpne3","C1qb",0.2,0.04
0.948122650622102,6.18181716307754,0.483528402784784,1,"Sigmar1","C1qb",0.2,0.04
0.948122650622102,6.18181716307754,0.483528402784784,1,"Hivep3","C1qb",0.2,0.04
0.948122650622102,6.18181716307754,0.483528402784784,1,"Fam76a","C1qb",0.2,0.04
0.948122650622102,6.18181716307754,0.483528402784784,1,"Acox3","C1qb",0.2,0.04
0.948122650622102,6.18181716307754,0.483528402784784,1,"Rhoh","C1qb",0.2,0.04
0.948122650622102,6.18181716307754,0.483528402784784,1,"Abcg3","C1qb",0.2,0.04
0.948122650622102,6.18181716307754,0.483528402784784,1,"Ep400","C1qb",0.2,0.04
0.948122650622102,6.18181716307754,0.483528402784784,1,"Suds3","C1qb",0.2,0.04
0.948122650622102,6.18181716307754,0.483528402784784,1,"Psmd9","C1qb",0.2,0.04
0.948122650622102,6.18181716307754,0.483528402784784,1,"Gigyf1","C1qb",0.2,0.04
0.948122650622102,6.18181716307754,0.483528402784784,1,"Zfp398","C1qb",0.2,0.04
0.948122650622102,6.18181716307754,0.483528402784784,1,"Gt(ROSA)26Sor","C1qb",0.2,0.04
0.948122650622102,6.18181716307754,0.483528402784784,1,"C2cd5","C1qb",0.2,0.04
0.948122650622102,6.18181716307754,0.483528402784784,1,"Lrmp","C1qb",0.2,0.04
0.948122650622102,6.18181716307754,0.483528402784784,1,"Clptm1","C1qb",0.2,0.04
0.948122650622102,6.18181716307754,0.483528402784784,1,"C2cd3","C1qb",0.2,0.04
0.948122650622102,6.18181716307754,0.483528402784784,1,"Itgal","C1qb",0.2,0.04
0.948122650622102,6.18181716307754,0.483528402784784,1,"Phactr2","C1qb",0.2,0.04
0.948122650622102,6.18181716307754,0.483528402784784,1,"Tbpl1","C1qb",0.2,0.04
0.948122650622102,6.18181716307754,0.483528402784784,1,"Vps26a","C1qb",0.2,0.04
0.948122650622102,6.18181716307754,0.483528402784784,1,"Tmcc3","C1qb",0.2,0.04
0.948122650622102,6.18181716307754,0.483528402784784,1,"Sap30","C1qb",0.2,0.04
0.948122650622102,6.18181716307754,0.483528402784784,1,"Arl2bp","C1qb",0.2,0.04
0.948122650622102,6.18181716307754,0.483528402784784,1,"Phf11d","C1qb",0.2,0.04
0.948122650622102,6.18181716307754,0.483528402784784,1,"Trim41","C1qb",0.2,0.04
0.948122650622102,6.18181716307754,0.483528402784784,1,"Rapgef6","C1qb",0.2,0.04
0.948122650622102,6.18181716307754,0.483528402784784,1,"Cnot8","C1qb",0.2,0.04
0.948122650622102,6.18181716307754,0.483528402784784,1,"Heatr6","C1qb",0.2,0.04
0.948122650622102,6.18181716307754,0.483528402784784,1,"Trim25","C1qb",0.2,0.04
0.948122650622102,6.18181716307754,0.483528402784784,1,"Slc35b1","C1qb",0.2,0.04
0.948122650622102,6.18181716307754,0.483528402784784,1,"Casc3","C1qb",0.2,0.04
0.948122650622102,6.18181716307754,0.483528402784784,1,"Dhx8","C1qb",0.2,0.04
0.948122650622102,6.18181716307754,0.483528402784784,1,"Gm28875","C1qb",0.2,0.04
0.948122650622102,6.18181716307754,0.483528402784784,1,"Cdca7l","C1qb",0.2,0.04
0.948122650622102,6.18181716307754,0.483528402784784,1,"6030458C11Rik","C1qb",0.2,0.04
0.948122650622102,6.18181716307754,0.483528402784784,1,"Laptm4b","C1qb",0.2,0.04
0.948122650622102,6.18181716307754,0.483528402784784,1,"Sh3bp1","C1qb",0.2,0.04
0.948122650622102,6.18181716307754,0.483528402784784,1,"Lsg1","C1qb",0.2,0.04
0.948122650622102,6.18181716307754,0.483528402784784,1,"Pcyt1a","C1qb",0.2,0.04
0.948122650622102,6.18181716307754,0.483528402784784,1,"Parp9","C1qb",0.2,0.04
0.948122650622102,6.18181716307754,0.483528402784784,1,"Cpox","C1qb",0.2,0.04
0.948122650622102,6.18181716307754,0.483528402784784,1,"Pdcd2","C1qb",0.2,0.04
0.948122650622102,6.18181716307754,0.483528402784784,1,"Zfp598","C1qb",0.2,0.04
0.948122650622102,6.18181716307754,0.483528402784784,1,"Dusp1","C1qb",0.2,0.04
0.948122650622102,6.18181716307754,0.483528402784784,1,"Wdr46","C1qb",0.2,0.04
0.948122650622102,6.18181716307754,0.483528402784784,1,"Lpin2","C1qb",0.2,0.04
0.948122650622102,6.18181716307754,0.483528402784784,1,"Cript","C1qb",0.2,0.04
0.948122650622102,6.18181716307754,0.483528402784784,1,"Eif2s3y","C1qb",0.2,0.04
0.948122650622102,6.18181716307754,0.483528402784784,1,"Timm21","C1qb",0.2,0.04
0.948122650622102,6.18181716307754,0.483528402784784,1,"Ehbp1l1","C1qb",0.2,0.04
0.948122650622102,6.18181716307754,0.483528402784784,1,"Stx5a","C1qb",0.2,0.04
0.449560377300151,8.48761700154738,0.485254616645268,1,"Arf5","C1qb",0.2,0.04
0.449560377300151,8.48761700154738,0.485254616645268,1,"Abracl","C1qb",0.2,0.04
0.370559090830457,9.66642586032945,0.486302027698461,1,"Gnas","C1qb",0.2,0.04
0.49389441757854,8.22452832258414,0.488736372963061,1,"Swi5","C1qb",0.2,0.04
0.49389441757854,8.22452832258414,0.488736372963061,1,"Rac1","C1qb",0.2,0.04
0.311713594803727,10.8440270481768,0.489508194664335,1,"Rpl22","C1qb",0.2,0.04
-0.704852432377114,7.49433987918563,0.491848682865428,1,"Atxn2l","C1qb",0.2,0.04
-0.704852432377114,7.49433987918563,0.491848682865428,1,"Tacc1","C1qb",0.2,0.04
-0.704852432377114,7.49433987918563,0.491848682865428,1,"Arpp19","C1qb",0.2,0.04
0.685400022744111,7.48741059713174,0.491848682865428,1,"Bax","C1qb",0.2,0.04
0.685400022744111,7.48741059713174,0.491848682865428,1,"Tcf25","C1qb",0.2,0.04
0.685400022744111,7.48741059713174,0.491848682865428,1,"Supt4a","C1qb",0.2,0.04
0.685400022744111,7.48741059713174,0.491848682865428,1,"Ndufs6","C1qb",0.2,0.04
0.685400022744111,7.48741059713174,0.491848682865428,1,"Tomm22","C1qb",0.2,0.04
0.685400022744111,7.48741059713174,0.491848682865428,1,"Smchd1","C1qb",0.2,0.04
0.387736367445116,9.14326354276022,0.493673242630759,1,"Rbm3","C1qb",0.2,0.04
0.454070086371392,8.54075618150211,0.498094868483208,1,"Arf1","C1qb",0.2,0.04
-0.43066439411523,8.54527445881695,0.498094868483208,1,"Eif4g2","C1qb",0.2,0.04
0.392059826241643,9.17730606607181,0.502209287763712,1,"Eif4a1","C1qb",0.2,0.04
0.497288100402297,8.28800640125104,0.503738533369118,1,"Brk1","C1qb",0.2,0.04
-0.430250363484708,8.3038618437434,0.503738533369118,1,"Arl6ip1","C1qb",0.2,0.04
-0.278720665663536,13.5082046830354,0.505563852342619,1,"Malat1","C1qb",0.2,0.04
0.289024575685231,11.8801284270405,0.508429074032262,1,"Rps18","C1qb",0.2,0.04
4.3822245428599,5.30892214624031,0.509803921568627,1,"Pgap1","C1qb",0.2,0.04
4.3822245428599,5.30892214624031,0.509803921568627,1,"Fn1","C1qb",0.2,0.04
4.3822245428599,5.30892214624031,0.509803921568627,1,"Gpr35","C1qb",0.2,0.04
4.3822245428599,5.30892214624031,0.509803921568627,1,"Mterf4","C1qb",0.2,0.04
4.3822245428599,5.30892214624031,0.509803921568627,1,"Fam20b","C1qb",0.2,0.04
4.3822245428599,5.30892214624031,0.509803921568627,1,"Ralgps2","C1qb",0.2,0.04
4.3822245428599,5.30892214624031,0.509803921568627,1,"Slamf9","C1qb",0.2,0.04
4.3822245428599,5.30892214624031,0.509803921568627,1,"Prkcq","C1qb",0.2,0.04
4.3822245428599,5.30892214624031,0.509803921568627,1,"Fam129b","C1qb",0.2,0.04
4.3822245428599,5.30892214624031,0.509803921568627,1,"Sp3os","C1qb",0.2,0.04
4.3822245428599,5.30892214624031,0.509803921568627,1,"Cd59a","C1qb",0.2,0.04
4.3822245428599,5.30892214624031,0.509803921568627,1,"Ccdc32","C1qb",0.2,0.04
4.3822245428599,5.30892214624031,0.509803921568627,1,"Casc4","C1qb",0.2,0.04
4.3822245428599,5.30892214624031,0.509803921568627,1,"Bcl2l11","C1qb",0.2,0.04
4.3822245428599,5.30892214624031,0.509803921568627,1,"Gm14005","C1qb",0.2,0.04
4.3822245428599,5.30892214624031,0.509803921568627,1,"Gss","C1qb",0.2,0.04
4.3822245428599,5.30892214624031,0.509803921568627,1,"Tgm2","C1qb",0.2,0.04
4.3822245428599,5.30892214624031,0.509803921568627,1,"Zfp931","C1qb",0.2,0.04
4.3822245428599,5.30892214624031,0.509803921568627,1,"Slc17a9","C1qb",0.2,0.04
4.3822245428599,5.30892214624031,0.509803921568627,1,"Rhox8","C1qb",0.2,0.04
4.3822245428599,5.30892214624031,0.509803921568627,1,"Zbtb33","C1qb",0.2,0.04
4.3822245428599,5.30892214624031,0.509803921568627,1,"Dlg3","C1qb",0.2,0.04
4.3822245428599,5.30892214624031,0.509803921568627,1,"Jpx","C1qb",0.2,0.04
4.3822245428599,5.30892214624031,0.509803921568627,1,"Tlr13","C1qb",0.2,0.04
4.3822245428599,5.30892214624031,0.509803921568627,1,"Gm6377","C1qb",0.2,0.04
4.3822245428599,5.30892214624031,0.509803921568627,1,"Zmat1","C1qb",0.2,0.04
4.3822245428599,5.30892214624031,0.509803921568627,1,"Alg13","C1qb",0.2,0.04
4.3822245428599,5.30892214624031,0.509803921568627,1,"Gm15261","C1qb",0.2,0.04
4.3822245428599,5.30892214624031,0.509803921568627,1,"Gm9733","C1qb",0.2,0.04
4.3822245428599,5.30892214624031,0.509803921568627,1,"Skil","C1qb",0.2,0.04
4.3822245428599,5.30892214624031,0.509803921568627,1,"Mfn1","C1qb",0.2,0.04
4.3822245428599,5.30892214624031,0.509803921568627,1,"Noct","C1qb",0.2,0.04
4.3822245428599,5.30892214624031,0.509803921568627,1,"P2ry1","C1qb",0.2,0.04
4.3822245428599,5.30892214624031,0.509803921568627,1,"Slc33a1","C1qb",0.2,0.04
4.3822245428599,5.30892214624031,0.509803921568627,1,"Ctso","C1qb",0.2,0.04
4.3822245428599,5.30892214624031,0.509803921568627,1,"Fhdc1","C1qb",0.2,0.04
4.3822245428599,5.30892214624031,0.509803921568627,1,"Gm17146","C1qb",0.2,0.04
4.3822245428599,5.30892214624031,0.509803921568627,1,"Syt11","C1qb",0.2,0.04
4.3822245428599,5.30892214624031,0.509803921568627,1,"Gm5547","C1qb",0.2,0.04
4.3822245428599,5.30892214624031,0.509803921568627,1,"C130013H08Rik","C1qb",0.2,0.04
4.3822245428599,5.30892214624031,0.509803921568627,1,"Ptger3","C1qb",0.2,0.04
4.3822245428599,5.30892214624031,0.509803921568627,1,"Ubxn2b","C1qb",0.2,0.04
4.3822245428599,5.30892214624031,0.509803921568627,1,"Chd7","C1qb",0.2,0.04
4.3822245428599,5.30892214624031,0.509803921568627,1,"Rbm12b2","C1qb",0.2,0.04
4.3822245428599,5.30892214624031,0.509803921568627,1,"Zbtb5","C1qb",0.2,0.04
4.3822245428599,5.30892214624031,0.509803921568627,1,"Snapc3","C1qb",0.2,0.04
4.3822245428599,5.30892214624031,0.509803921568627,1,"Pde4b","C1qb",0.2,0.04
4.3822245428599,5.30892214624031,0.509803921568627,1,"Zfyve9","C1qb",0.2,0.04
4.3822245428599,5.30892214624031,0.509803921568627,1,"Btbd19","C1qb",0.2,0.04
4.3822245428599,5.30892214624031,0.509803921568627,1,"Tie1","C1qb",0.2,0.04
4.3822245428599,5.30892214624031,0.509803921568627,1,"AU022252","C1qb",0.2,0.04
4.3822245428599,5.30892214624031,0.509803921568627,1,"Ppcs","C1qb",0.2,0.04
4.3822245428599,5.30892214624031,0.509803921568627,1,"Ago4","C1qb",0.2,0.04
4.3822245428599,5.30892214624031,0.509803921568627,1,"Slc9a1","C1qb",0.2,0.04
4.3822245428599,5.30892214624031,0.509803921568627,1,"Clcn6","C1qb",0.2,0.04
4.3822245428599,5.30892214624031,0.509803921568627,1,"Mtor","C1qb",0.2,0.04
4.3822245428599,5.30892214624031,0.509803921568627,1,"Dvl1","C1qb",0.2,0.04
4.3822245428599,5.30892214624031,0.509803921568627,1,"Gm17590","C1qb",0.2,0.04
4.3822245428599,5.30892214624031,0.509803921568627,1,"Abcb4","C1qb",0.2,0.04
4.3822245428599,5.30892214624031,0.509803921568627,1,"Fam53a","C1qb",0.2,0.04
4.3822245428599,5.30892214624031,0.509803921568627,1,"Sh3tc1","C1qb",0.2,0.04
4.3822245428599,5.30892214624031,0.509803921568627,1,"Cpeb2","C1qb",0.2,0.04
4.3822245428599,5.30892214624031,0.509803921568627,1,"Parm1","C1qb",0.2,0.04
4.3822245428599,5.30892214624031,0.509803921568627,1,"Rasgef1b","C1qb",0.2,0.04
4.3822245428599,5.30892214624031,0.509803921568627,1,"Cmklr1","C1qb",0.2,0.04
4.3822245428599,5.30892214624031,0.509803921568627,1,"Usp30","C1qb",0.2,0.04
4.3822245428599,5.30892214624031,0.509803921568627,1,"Oas3","C1qb",0.2,0.04
4.3822245428599,5.30892214624031,0.509803921568627,1,"Hcar2","C1qb",0.2,0.04
4.3822245428599,5.30892214624031,0.509803921568627,1,"Alkbh4","C1qb",0.2,0.04
4.3822245428599,5.30892214624031,0.509803921568627,1,"Pilrb1","C1qb",0.2,0.04
4.3822245428599,5.30892214624031,0.509803921568627,1,"C130050O18Rik","C1qb",0.2,0.04
4.3822245428599,5.30892214624031,0.509803921568627,1,"C1galt1","C1qb",0.2,0.04
4.3822245428599,5.30892214624031,0.509803921568627,1,"Tmem140","C1qb",0.2,0.04
4.3822245428599,5.30892214624031,0.509803921568627,1,"Gstk1","C1qb",0.2,0.04
4.3822245428599,5.30892214624031,0.509803921568627,1,"Mmrn1","C1qb",0.2,0.04
4.3822245428599,5.30892214624031,0.509803921568627,1,"Mkrn2","C1qb",0.2,0.04
4.3822245428599,5.30892214624031,0.509803921568627,1,"Crebl2","C1qb",0.2,0.04
4.3822245428599,5.30892214624031,0.509803921568627,1,"Tfpt","C1qb",0.2,0.04
4.3822245428599,5.30892214624031,0.509803921568627,1,"Lilra5","C1qb",0.2,0.04
4.3822245428599,5.30892214624031,0.509803921568627,1,"Fbxo46","C1qb",0.2,0.04
4.3822245428599,5.30892214624031,0.509803921568627,1,"Exoc3l2","C1qb",0.2,0.04
4.3822245428599,5.30892214624031,0.509803921568627,1,"Zfp428","C1qb",0.2,0.04
4.3822245428599,5.30892214624031,0.509803921568627,1,"Irgq","C1qb",0.2,0.04
4.3822245428599,5.30892214624031,0.509803921568627,1,"Cic","C1qb",0.2,0.04
4.3822245428599,5.30892214624031,0.509803921568627,1,"Zfp36","C1qb",0.2,0.04
4.3822245428599,5.30892214624031,0.509803921568627,1,"Zfp74","C1qb",0.2,0.04
4.3822245428599,5.30892214624031,0.509803921568627,1,"Dmkn","C1qb",0.2,0.04
4.3822245428599,5.30892214624031,0.509803921568627,1,"Mag","C1qb",0.2,0.04
4.3822245428599,5.30892214624031,0.509803921568627,1,"Zfp507","C1qb",0.2,0.04
4.3822245428599,5.30892214624031,0.509803921568627,1,"Pnkp","C1qb",0.2,0.04
4.3822245428599,5.30892214624031,0.509803921568627,1,"Hps5","C1qb",0.2,0.04
4.3822245428599,5.30892214624031,0.509803921568627,1,"Mrgpra2a","C1qb",0.2,0.04
4.3822245428599,5.30892214624031,0.509803921568627,1,"Zdhhc13","C1qb",0.2,0.04
4.3822245428599,5.30892214624031,0.509803921568627,1,"Asb7","C1qb",0.2,0.04
4.3822245428599,5.30892214624031,0.509803921568627,1,"Polg","C1qb",0.2,0.04
4.3822245428599,5.30892214624031,0.509803921568627,1,"Rccd1","C1qb",0.2,0.04
4.3822245428599,5.30892214624031,0.509803921568627,1,"Unc45a","C1qb",0.2,0.04
4.3822245428599,5.30892214624031,0.509803921568627,1,"Gm26522","C1qb",0.2,0.04
4.3822245428599,5.30892214624031,0.509803921568627,1,"Kctd21","C1qb",0.2,0.04
4.3822245428599,5.30892214624031,0.509803921568627,1,"Trim30b","C1qb",0.2,0.04
4.3822245428599,5.30892214624031,0.509803921568627,1,"Arfip2","C1qb",0.2,0.04
4.3822245428599,5.30892214624031,0.509803921568627,1,"Zfp143","C1qb",0.2,0.04
4.3822245428599,5.30892214624031,0.509803921568627,1,"Gdpd3","C1qb",0.2,0.04
4.3822245428599,5.30892214624031,0.509803921568627,1,"Fadd","C1qb",0.2,0.04
4.3822245428599,5.30892214624031,0.509803921568627,1,"Myct1","C1qb",0.2,0.04
4.3822245428599,5.30892214624031,0.509803921568627,1,"Hint3","C1qb",0.2,0.04
4.3822245428599,5.30892214624031,0.509803921568627,1,"Fig4","C1qb",0.2,0.04
4.3822245428599,5.30892214624031,0.509803921568627,1,"Lilr4b","C1qb",0.2,0.04
4.3822245428599,5.30892214624031,0.509803921568627,1,"Sowahc","C1qb",0.2,0.04
4.3822245428599,5.30892214624031,0.509803921568627,1,"Micu1","C1qb",0.2,0.04
4.3822245428599,5.30892214624031,0.509803921568627,1,"Tet1","C1qb",0.2,0.04
4.3822245428599,5.30892214624031,0.509803921568627,1,"Ybey","C1qb",0.2,0.04
4.3822245428599,5.30892214624031,0.509803921568627,1,"Cd209f","C1qb",0.2,0.04
4.3822245428599,5.30892214624031,0.509803921568627,1,"Ap3m2","C1qb",0.2,0.04
4.3822245428599,5.30892214624031,0.509803921568627,1,"Mtus1","C1qb",0.2,0.04
4.3822245428599,5.30892214624031,0.509803921568627,1,"Gdf15","C1qb",0.2,0.04
4.3822245428599,5.30892214624031,0.509803921568627,1,"Gm17435","C1qb",0.2,0.04
4.3822245428599,5.30892214624031,0.509803921568627,1,"F2rl3","C1qb",0.2,0.04
4.3822245428599,5.30892214624031,0.509803921568627,1,"Adgrg5","C1qb",0.2,0.04
4.3822245428599,5.30892214624031,0.509803921568627,1,"Ndst2","C1qb",0.2,0.04
4.3822245428599,5.30892214624031,0.509803921568627,1,"1810011H11Rik","C1qb",0.2,0.04
4.3822245428599,5.30892214624031,0.509803921568627,1,"Rnf31","C1qb",0.2,0.04
4.3822245428599,5.30892214624031,0.509803921568627,1,"Arl11","C1qb",0.2,0.04
4.3822245428599,5.30892214624031,0.509803921568627,1,"Alkbh8","C1qb",0.2,0.04
4.3822245428599,5.30892214624031,0.509803921568627,1,"Casp4","C1qb",0.2,0.04
4.3822245428599,5.30892214624031,0.509803921568627,1,"Icam4","C1qb",0.2,0.04
4.3822245428599,5.30892214624031,0.509803921568627,1,"Atg4d","C1qb",0.2,0.04
4.3822245428599,5.30892214624031,0.509803921568627,1,"Epor","C1qb",0.2,0.04
4.3822245428599,5.30892214624031,0.509803921568627,1,"Ets1","C1qb",0.2,0.04
4.3822245428599,5.30892214624031,0.509803921568627,1,"Tirap","C1qb",0.2,0.04
4.3822245428599,5.30892214624031,0.509803921568627,1,"Sorl1","C1qb",0.2,0.04
4.3822245428599,5.30892214624031,0.509803921568627,1,"Slc37a4","C1qb",0.2,0.04
4.3822245428599,5.30892214624031,0.509803921568627,1,"Ift46","C1qb",0.2,0.04
4.3822245428599,5.30892214624031,0.509803921568627,1,"Fxyd2","C1qb",0.2,0.04
4.3822245428599,5.30892214624031,0.509803921568627,1,"Apoa1","C1qb",0.2,0.04
4.3822245428599,5.30892214624031,0.509803921568627,1,"Zbtb16","C1qb",0.2,0.04
4.3822245428599,5.30892214624031,0.509803921568627,1,"Pstpip1","C1qb",0.2,0.04
4.3822245428599,5.30892214624031,0.509803921568627,1,"Sin3a","C1qb",0.2,0.04
4.3822245428599,5.30892214624031,0.509803921568627,1,"Gm48855","C1qb",0.2,0.04
4.3822245428599,5.30892214624031,0.509803921568627,1,"Myo1e","C1qb",0.2,0.04
4.3822245428599,5.30892214624031,0.509803921568627,1,"Gm19325","C1qb",0.2,0.04
4.3822245428599,5.30892214624031,0.509803921568627,1,"Rbp1","C1qb",0.2,0.04
4.3822245428599,5.30892214624031,0.509803921568627,1,"Acvr2b","C1qb",0.2,0.04
4.3822245428599,5.30892214624031,0.509803921568627,1,"Ccr5","C1qb",0.2,0.04
4.3822245428599,5.30892214624031,0.509803921568627,1,"Ppp2r3d","C1qb",0.2,0.04
4.3822245428599,5.30892214624031,0.509803921568627,1,"Sh3pxd2b","C1qb",0.2,0.04
4.3822245428599,5.30892214624031,0.509803921568627,1,"Rmnd5b","C1qb",0.2,0.04
4.3822245428599,5.30892214624031,0.509803921568627,1,"Igtp","C1qb",0.2,0.04
4.3822245428599,5.30892214624031,0.509803921568627,1,"Smcr8","C1qb",0.2,0.04
4.3822245428599,5.30892214624031,0.509803921568627,1,"9330160F10Rik","C1qb",0.2,0.04
4.3822245428599,5.30892214624031,0.509803921568627,1,"Dvl2","C1qb",0.2,0.04
4.3822245428599,5.30892214624031,0.509803921568627,1,"Rnf167","C1qb",0.2,0.04
4.3822245428599,5.30892214624031,0.509803921568627,1,"Scimp","C1qb",0.2,0.04
4.3822245428599,5.30892214624031,0.509803921568627,1,"Wdr81","C1qb",0.2,0.04
4.3822245428599,5.30892214624031,0.509803921568627,1,"Ccl4","C1qb",0.2,0.04
4.3822245428599,5.30892214624031,0.509803921568627,1,"Dhrs11","C1qb",0.2,0.04
4.3822245428599,5.30892214624031,0.509803921568627,1,"Hdac5","C1qb",0.2,0.04
4.3822245428599,5.30892214624031,0.509803921568627,1,"Tanc2","C1qb",0.2,0.04
4.3822245428599,5.30892214624031,0.509803921568627,1,"D11Wsu47e","C1qb",0.2,0.04
4.3822245428599,5.30892214624031,0.509803921568627,1,"Armc7","C1qb",0.2,0.04
4.3822245428599,5.30892214624031,0.509803921568627,1,"Engase","C1qb",0.2,0.04
4.3822245428599,5.30892214624031,0.509803921568627,1,"Hist1h2be","C1qb",0.2,0.04
4.3822245428599,5.30892214624031,0.509803921568627,1,"Hist1h2ac","C1qb",0.2,0.04
4.3822245428599,5.30892214624031,0.509803921568627,1,"Cdkal1","C1qb",0.2,0.04
4.3822245428599,5.30892214624031,0.509803921568627,1,"Fars2","C1qb",0.2,0.04
4.3822245428599,5.30892214624031,0.509803921568627,1,"Nhlrc1","C1qb",0.2,0.04
4.3822245428599,5.30892214624031,0.509803921568627,1,"Fgd3","C1qb",0.2,0.04
4.3822245428599,5.30892214624031,0.509803921568627,1,"Zfp825","C1qb",0.2,0.04
4.3822245428599,5.30892214624031,0.509803921568627,1,"Gm17259","C1qb",0.2,0.04
4.3822245428599,5.30892214624031,0.509803921568627,1,"Gm5086","C1qb",0.2,0.04
4.3822245428599,5.30892214624031,0.509803921568627,1,"Naip6","C1qb",0.2,0.04
4.3822245428599,5.30892214624031,0.509803921568627,1,"Rnf180","C1qb",0.2,0.04
4.3822245428599,5.30892214624031,0.509803921568627,1,"Arl15","C1qb",0.2,0.04
4.3822245428599,5.30892214624031,0.509803921568627,1,"Gm36161","C1qb",0.2,0.04
4.3822245428599,5.30892214624031,0.509803921568627,1,"Mycn","C1qb",0.2,0.04
4.3822245428599,5.30892214624031,0.509803921568627,1,"Trib2","C1qb",0.2,0.04
4.3822245428599,5.30892214624031,0.509803921568627,1,"Ankmy2","C1qb",0.2,0.04
4.3822245428599,5.30892214624031,0.509803921568627,1,"Sptb","C1qb",0.2,0.04
4.3822245428599,5.30892214624031,0.509803921568627,1,"Irf2bpl","C1qb",0.2,0.04
4.3822245428599,5.30892214624031,0.509803921568627,1,"Gskip","C1qb",0.2,0.04
4.3822245428599,5.30892214624031,0.509803921568627,1,"AC152827.1","C1qb",0.2,0.04
4.3822245428599,5.30892214624031,0.509803921568627,1,"5033406O09Rik","C1qb",0.2,0.04
4.3822245428599,5.30892214624031,0.509803921568627,1,"Ankrd33b","C1qb",0.2,0.04
4.3822245428599,5.30892214624031,0.509803921568627,1,"Lrp12","C1qb",0.2,0.04
4.3822245428599,5.30892214624031,0.509803921568627,1,"Ly6i","C1qb",0.2,0.04
4.3822245428599,5.30892214624031,0.509803921568627,1,"Slc52a2","C1qb",0.2,0.04
4.3822245428599,5.30892214624031,0.509803921568627,1,"Zfp251","C1qb",0.2,0.04
4.3822245428599,5.30892214624031,0.509803921568627,1,"Syngr1","C1qb",0.2,0.04
4.3822245428599,5.30892214624031,0.509803921568627,1,"Gpd1","C1qb",0.2,0.04
4.3822245428599,5.30892214624031,0.509803921568627,1,"Vps8","C1qb",0.2,0.04
4.3822245428599,5.30892214624031,0.509803921568627,1,"Gm5483","C1qb",0.2,0.04
4.3822245428599,5.30892214624031,0.509803921568627,1,"Slc15a2","C1qb",0.2,0.04
4.3822245428599,5.30892214624031,0.509803921568627,1,"Rwdd2b","C1qb",0.2,0.04
4.3822245428599,5.30892214624031,0.509803921568627,1,"Tmem242","C1qb",0.2,0.04
4.3822245428599,5.30892214624031,0.509803921568627,1,"Abca3","C1qb",0.2,0.04
4.3822245428599,5.30892214624031,0.509803921568627,1,"Zbtb22","C1qb",0.2,0.04
4.3822245428599,5.30892214624031,0.509803921568627,1,"Fkbpl","C1qb",0.2,0.04
4.3822245428599,5.30892214624031,0.509803921568627,1,"Xpo5","C1qb",0.2,0.04
4.3822245428599,5.30892214624031,0.509803921568627,1,"Nlrc4","C1qb",0.2,0.04
4.3822245428599,5.30892214624031,0.509803921568627,1,"Zeb1","C1qb",0.2,0.04
4.3822245428599,5.30892214624031,0.509803921568627,1,"Gstp1","C1qb",0.2,0.04
4.3822245428599,5.30892214624031,0.509803921568627,1,"Pitpnm1","C1qb",0.2,0.04
4.3822245428599,5.30892214624031,0.509803921568627,1,"Vldlr","C1qb",0.2,0.04
4.3822245428599,5.30892214624031,0.509803921568627,1,"Hoga1","C1qb",0.2,0.04
4.3822245428599,5.30892214624031,0.509803921568627,1,"Mirt1","C1qb",0.2,0.04
4.3822245428599,5.30892214624031,0.509803921568627,1,"Cacul1","C1qb",0.2,0.04
-3.84791712537224,5.28442126908085,0.509803921568627,1,"Hs6st1","C1qb",0.2,0.04
-3.84791712537224,5.28442126908085,0.509803921568627,1,"Rev1","C1qb",0.2,0.04
-3.84791712537224,5.28442126908085,0.509803921568627,1,"Nck2","C1qb",0.2,0.04
-3.84791712537224,5.28442126908085,0.509803921568627,1,"Uxs1","C1qb",0.2,0.04
-3.84791712537224,5.28442126908085,0.509803921568627,1,"Bivm","C1qb",0.2,0.04
-3.84791712537224,5.28442126908085,0.509803921568627,1,"Nemp2","C1qb",0.2,0.04
-3.84791712537224,5.28442126908085,0.509803921568627,1,"Plcl1","C1qb",0.2,0.04
-3.84791712537224,5.28442126908085,0.509803921568627,1,"1700066M21Rik","C1qb",0.2,0.04
-3.84791712537224,5.28442126908085,0.509803921568627,1,"Fam117b","C1qb",0.2,0.04
-3.84791712537224,5.28442126908085,0.509803921568627,1,"Fzd5","C1qb",0.2,0.04
-3.84791712537224,5.28442126908085,0.509803921568627,1,"Bard1","C1qb",0.2,0.04
-3.84791712537224,5.28442126908085,0.509803921568627,1,"Smarcal1","C1qb",0.2,0.04
-3.84791712537224,5.28442126908085,0.509803921568627,1,"Rnf25","C1qb",0.2,0.04
-3.84791712537224,5.28442126908085,0.509803921568627,1,"Abcb6","C1qb",0.2,0.04
-3.84791712537224,5.28442126908085,0.509803921568627,1,"Chpf","C1qb",0.2,0.04
-3.84791712537224,5.28442126908085,0.509803921568627,1,"Obsl1","C1qb",0.2,0.04
-3.84791712537224,5.28442126908085,0.509803921568627,1,"Pask","C1qb",0.2,0.04
-3.84791712537224,5.28442126908085,0.509803921568627,1,"D2hgdh","C1qb",0.2,0.04
-3.84791712537224,5.28442126908085,0.509803921568627,1,"Dsel","C1qb",0.2,0.04
-3.84791712537224,5.28442126908085,0.509803921568627,1,"Tmcc2","C1qb",0.2,0.04
-3.84791712537224,5.28442126908085,0.509803921568627,1,"Camsap2","C1qb",0.2,0.04
-3.84791712537224,5.28442126908085,0.509803921568627,1,"Trove2","C1qb",0.2,0.04
-3.84791712537224,5.28442126908085,0.509803921568627,1,"Qsox1","C1qb",0.2,0.04
-3.84791712537224,5.28442126908085,0.509803921568627,1,"Suco","C1qb",0.2,0.04
-3.84791712537224,5.28442126908085,0.509803921568627,1,"Gm26523","C1qb",0.2,0.04
-3.84791712537224,5.28442126908085,0.509803921568627,1,"Mpzl1","C1qb",0.2,0.04
-3.84791712537224,5.28442126908085,0.509803921568627,1,"Mgst3","C1qb",0.2,0.04
-3.84791712537224,5.28442126908085,0.509803921568627,1,"Nuf2","C1qb",0.2,0.04
-3.84791712537224,5.28442126908085,0.509803921568627,1,"Usp21","C1qb",0.2,0.04
-3.84791712537224,5.28442126908085,0.509803921568627,1,"Exo1","C1qb",0.2,0.04
-3.84791712537224,5.28442126908085,0.509803921568627,1,"Sccpdh","C1qb",0.2,0.04
-3.84791712537224,5.28442126908085,0.509803921568627,1,"Disp1","C1qb",0.2,0.04
-3.84791712537224,5.28442126908085,0.509803921568627,1,"Plxna2","C1qb",0.2,0.04
-3.84791712537224,5.28442126908085,0.509803921568627,1,"Cacfd1","C1qb",0.2,0.04
-3.84791712537224,5.28442126908085,0.509803921568627,1,"Sardh","C1qb",0.2,0.04
-3.84791712537224,5.28442126908085,0.509803921568627,1,"Col5a1","C1qb",0.2,0.04
-3.84791712537224,5.28442126908085,0.509803921568627,1,"Gtf3c5","C1qb",0.2,0.04
-3.84791712537224,5.28442126908085,0.509803921568627,1,"Dolk","C1qb",0.2,0.04
-3.84791712537224,5.28442126908085,0.509803921568627,1,"Crat","C1qb",0.2,0.04
-3.84791712537224,5.28442126908085,0.509803921568627,1,"St6galnac4","C1qb",0.2,0.04
-3.84791712537224,5.28442126908085,0.509803921568627,1,"Sh2d3c","C1qb",0.2,0.04
-3.84791712537224,5.28442126908085,0.509803921568627,1,"Zbtb34","C1qb",0.2,0.04
-3.84791712537224,5.28442126908085,0.509803921568627,1,"Mrrf","C1qb",0.2,0.04
-3.84791712537224,5.28442126908085,0.509803921568627,1,"Ly75","C1qb",0.2,0.04
-3.84791712537224,5.28442126908085,0.509803921568627,1,"Mettl8","C1qb",0.2,0.04
-3.84791712537224,5.28442126908085,0.509803921568627,1,"Fkbp7","C1qb",0.2,0.04
-3.84791712537224,5.28442126908085,0.509803921568627,1,"Dusp19","C1qb",0.2,0.04
-3.84791712537224,5.28442126908085,0.509803921568627,1,"Slc39a13","C1qb",0.2,0.04
-3.84791712537224,5.28442126908085,0.509803921568627,1,"Pacsin3","C1qb",0.2,0.04
-3.84791712537224,5.28442126908085,0.509803921568627,1,"1110051M20Rik","C1qb",0.2,0.04
-3.84791712537224,5.28442126908085,0.509803921568627,1,"Mdk","C1qb",0.2,0.04
-3.84791712537224,5.28442126908085,0.509803921568627,1,"Slc35c1","C1qb",0.2,0.04
-3.84791712537224,5.28442126908085,0.509803921568627,1,"Accs","C1qb",0.2,0.04
-3.84791712537224,5.28442126908085,0.509803921568627,1,"Tcp11l1","C1qb",0.2,0.04
-3.84791712537224,5.28442126908085,0.509803921568627,1,"Katnbl1","C1qb",0.2,0.04
-3.84791712537224,5.28442126908085,0.509803921568627,1,"Zfp770","C1qb",0.2,0.04
-3.84791712537224,5.28442126908085,0.509803921568627,1,"Spg11","C1qb",0.2,0.04
-3.84791712537224,5.28442126908085,0.509803921568627,1,"Fahd2a","C1qb",0.2,0.04
-3.84791712537224,5.28442126908085,0.509803921568627,1,"Bub1","C1qb",0.2,0.04
-3.84791712537224,5.28442126908085,0.509803921568627,1,"Lzts3","C1qb",0.2,0.04
-3.84791712537224,5.28442126908085,0.509803921568627,1,"Gins1","C1qb",0.2,0.04
-3.84791712537224,5.28442126908085,0.509803921568627,1,"Zcchc3","C1qb",0.2,0.04
-3.84791712537224,5.28442126908085,0.509803921568627,1,"Cbfa2t2","C1qb",0.2,0.04
-3.84791712537224,5.28442126908085,0.509803921568627,1,"Uqcc1","C1qb",0.2,0.04
-3.84791712537224,5.28442126908085,0.509803921568627,1,"Soga1","C1qb",0.2,0.04
-3.84791712537224,5.28442126908085,0.509803921568627,1,"Tti1","C1qb",0.2,0.04
-3.84791712537224,5.28442126908085,0.509803921568627,1,"Ttpal","C1qb",0.2,0.04
-3.84791712537224,5.28442126908085,0.509803921568627,1,"Acot8","C1qb",0.2,0.04
-3.84791712537224,5.28442126908085,0.509803921568627,1,"Ncoa5","C1qb",0.2,0.04
-3.84791712537224,5.28442126908085,0.509803921568627,1,"Slc35c2","C1qb",0.2,0.04
-3.84791712537224,5.28442126908085,0.509803921568627,1,"Eya2","C1qb",0.2,0.04
-3.84791712537224,5.28442126908085,0.509803921568627,1,"Spata2","C1qb",0.2,0.04
-3.84791712537224,5.28442126908085,0.509803921568627,1,"Adnp","C1qb",0.2,0.04
-3.84791712537224,5.28442126908085,0.509803921568627,1,"Tcea2","C1qb",0.2,0.04
-3.84791712537224,5.28442126908085,0.509803921568627,1,"Plp2","C1qb",0.2,0.04
-3.84791712537224,5.28442126908085,0.509803921568627,1,"Slc35a2","C1qb",0.2,0.04
-3.84791712537224,5.28442126908085,0.509803921568627,1,"Med14","C1qb",0.2,0.04
-3.84791712537224,5.28442126908085,0.509803921568627,1,"Maoa","C1qb",0.2,0.04
-3.84791712537224,5.28442126908085,0.509803921568627,1,"Uxt","C1qb",0.2,0.04
-3.84791712537224,5.28442126908085,0.509803921568627,1,"Klhl13","C1qb",0.2,0.04
-3.84791712537224,5.28442126908085,0.509803921568627,1,"Zfp280c","C1qb",0.2,0.04
-3.84791712537224,5.28442126908085,0.509803921568627,1,"Rtl8b","C1qb",0.2,0.04
-3.84791712537224,5.28442126908085,0.509803921568627,1,"Prrg3","C1qb",0.2,0.04
-3.84791712537224,5.28442126908085,0.509803921568627,1,"Abcd1","C1qb",0.2,0.04
-3.84791712537224,5.28442126908085,0.509803921568627,1,"Armcx4","C1qb",0.2,0.04
-3.84791712537224,5.28442126908085,0.509803921568627,1,"Armcx2","C1qb",0.2,0.04
-3.84791712537224,5.28442126908085,0.509803921568627,1,"Gprasp1","C1qb",0.2,0.04
-3.84791712537224,5.28442126908085,0.509803921568627,1,"Bhlhb9","C1qb",0.2,0.04
-3.84791712537224,5.28442126908085,0.509803921568627,1,"Gprasp2","C1qb",0.2,0.04
-3.84791712537224,5.28442126908085,0.509803921568627,1,"Tmem164","C1qb",0.2,0.04
-3.84791712537224,5.28442126908085,0.509803921568627,1,"Ammecr1","C1qb",0.2,0.04
-3.84791712537224,5.28442126908085,0.509803921568627,1,"Maged2","C1qb",0.2,0.04
-3.84791712537224,5.28442126908085,0.509803921568627,1,"Gnl3l","C1qb",0.2,0.04
-3.84791712537224,5.28442126908085,0.509803921568627,1,"Fgd1","C1qb",0.2,0.04
-3.84791712537224,5.28442126908085,0.509803921568627,1,"Mageh1","C1qb",0.2,0.04
-3.84791712537224,5.28442126908085,0.509803921568627,1,"Phex","C1qb",0.2,0.04
-3.84791712537224,5.28442126908085,0.509803921568627,1,"Car5b","C1qb",0.2,0.04
-3.84791712537224,5.28442126908085,0.509803921568627,1,"Il7","C1qb",0.2,0.04
-3.84791712537224,5.28442126908085,0.509803921568627,1,"Pag1","C1qb",0.2,0.04
-3.84791712537224,5.28442126908085,0.509803921568627,1,"Gpr160","C1qb",0.2,0.04
-3.84791712537224,5.28442126908085,0.509803921568627,1,"Gm15952","C1qb",0.2,0.04
-3.84791712537224,5.28442126908085,0.509803921568627,1,"Mccc1","C1qb",0.2,0.04
-3.84791712537224,5.28442126908085,0.509803921568627,1,"Ccna2","C1qb",0.2,0.04
-3.84791712537224,5.28442126908085,0.509803921568627,1,"Cetn4","C1qb",0.2,0.04
-3.84791712537224,5.28442126908085,0.509803921568627,1,"Nudt6","C1qb",0.2,0.04
-3.84791712537224,5.28442126908085,0.509803921568627,1,"Hspa4l","C1qb",0.2,0.04
-3.84791712537224,5.28442126908085,0.509803921568627,1,"Gpr171","C1qb",0.2,0.04
-3.84791712537224,5.28442126908085,0.509803921568627,1,"Ptx3","C1qb",0.2,0.04
-3.84791712537224,5.28442126908085,0.509803921568627,1,"Nmd3","C1qb",0.2,0.04
-3.84791712537224,5.28442126908085,0.509803921568627,1,"Pmvk","C1qb",0.2,0.04
-3.84791712537224,5.28442126908085,0.509803921568627,1,"Atp8b2","C1qb",0.2,0.04
-3.84791712537224,5.28442126908085,0.509803921568627,1,"S100a16","C1qb",0.2,0.04
-3.84791712537224,5.28442126908085,0.509803921568627,1,"Pex11b","C1qb",0.2,0.04
-3.84791712537224,5.28442126908085,0.509803921568627,1,"Gdap2","C1qb",0.2,0.04
-3.84791712537224,5.28442126908085,0.509803921568627,1,"Ap4b1","C1qb",0.2,0.04
-3.84791712537224,5.28442126908085,0.509803921568627,1,"Gm43848","C1qb",0.2,0.04
-3.84791712537224,5.28442126908085,0.509803921568627,1,"Strip1","C1qb",0.2,0.04
-3.84791712537224,5.28442126908085,0.509803921568627,1,"Tmem167b","C1qb",0.2,0.04
-3.84791712537224,5.28442126908085,0.509803921568627,1,"Dph5","C1qb",0.2,0.04
-3.84791712537224,5.28442126908085,0.509803921568627,1,"Extl2","C1qb",0.2,0.04
-3.84791712537224,5.28442126908085,0.509803921568627,1,"Slc35a3","C1qb",0.2,0.04
-3.84791712537224,5.28442126908085,0.509803921568627,1,"Zgrf1","C1qb",0.2,0.04
-3.84791712537224,5.28442126908085,0.509803921568627,1,"Elovl6","C1qb",0.2,0.04
-3.84791712537224,5.28442126908085,0.509803921568627,1,"Pla2g12a","C1qb",0.2,0.04
-3.84791712537224,5.28442126908085,0.509803921568627,1,"Tbck","C1qb",0.2,0.04
-3.84791712537224,5.28442126908085,0.509803921568627,1,"Rap1gds1","C1qb",0.2,0.04
-3.84791712537224,5.28442126908085,0.509803921568627,1,"Pdlim5","C1qb",0.2,0.04
-3.84791712537224,5.28442126908085,0.509803921568627,1,"Zzz3","C1qb",0.2,0.04
-3.84791712537224,5.28442126908085,0.509803921568627,1,"Lrrc40","C1qb",0.2,0.04
-3.84791712537224,5.28442126908085,0.509803921568627,1,"Tmem68","C1qb",0.2,0.04
-3.84791712537224,5.28442126908085,0.509803921568627,1,"Fam110b","C1qb",0.2,0.04
-3.84791712537224,5.28442126908085,0.509803921568627,1,"Ccne2","C1qb",0.2,0.04
-3.84791712537224,5.28442126908085,0.509803921568627,1,"Rbm12b1","C1qb",0.2,0.04
-3.84791712537224,5.28442126908085,0.509803921568627,1,"Slc26a7","C1qb",0.2,0.04
-3.84791712537224,5.28442126908085,0.509803921568627,1,"Tstd3","C1qb",0.2,0.04
-3.84791712537224,5.28442126908085,0.509803921568627,1,"Coq3","C1qb",0.2,0.04
-3.84791712537224,5.28442126908085,0.509803921568627,1,"Manea","C1qb",0.2,0.04
-3.84791712537224,5.28442126908085,0.509803921568627,1,"Tpm2","C1qb",0.2,0.04
-3.84791712537224,5.28442126908085,0.509803921568627,1,"Hrct1","C1qb",0.2,0.04
-3.84791712537224,5.28442126908085,0.509803921568627,1,"Grhpr","C1qb",0.2,0.04
-3.84791712537224,5.28442126908085,0.509803921568627,1,"Shb","C1qb",0.2,0.04
-3.84791712537224,5.28442126908085,0.509803921568627,1,"Hemgn","C1qb",0.2,0.04
-3.84791712537224,5.28442126908085,0.509803921568627,1,"Msantd3","C1qb",0.2,0.04
-3.84791712537224,5.28442126908085,0.509803921568627,1,"Hsdl2","C1qb",0.2,0.04
-3.84791712537224,5.28442126908085,0.509803921568627,1,"Inip","C1qb",0.2,0.04
-3.84791712537224,5.28442126908085,0.509803921568627,1,"Zfp618","C1qb",0.2,0.04
-3.84791712537224,5.28442126908085,0.509803921568627,1,"Focad","C1qb",0.2,0.04
-3.84791712537224,5.28442126908085,0.509803921568627,1,"Hook1","C1qb",0.2,0.04
-3.84791712537224,5.28442126908085,0.509803921568627,1,"Mrpl37","C1qb",0.2,0.04
-3.84791712537224,5.28442126908085,0.509803921568627,1,"Btf3l4","C1qb",0.2,0.04
-3.84791712537224,5.28442126908085,0.509803921568627,1,"Cdkn2c","C1qb",0.2,0.04
-3.84791712537224,5.28442126908085,0.509803921568627,1,"Spata6","C1qb",0.2,0.04
-3.84791712537224,5.28442126908085,0.509803921568627,1,"Mast2","C1qb",0.2,0.04
-3.84791712537224,5.28442126908085,0.509803921568627,1,"Ptprf","C1qb",0.2,0.04
-3.84791712537224,5.28442126908085,0.509803921568627,1,"Cdc20","C1qb",0.2,0.04
-3.84791712537224,5.28442126908085,0.509803921568627,1,"Exo5","C1qb",0.2,0.04
-3.84791712537224,5.28442126908085,0.509803921568627,1,"Mycbp","C1qb",0.2,0.04
-3.84791712537224,5.28442126908085,0.509803921568627,1,"AU040320","C1qb",0.2,0.04
-3.84791712537224,5.28442126908085,0.509803921568627,1,"Zscan20","C1qb",0.2,0.04
-3.84791712537224,5.28442126908085,0.509803921568627,1,"Iqcc","C1qb",0.2,0.04
-3.84791712537224,5.28442126908085,0.509803921568627,1,"Gmeb1","C1qb",0.2,0.04
-3.84791712537224,5.28442126908085,0.509803921568627,1,"Padi2","C1qb",0.2,0.04
-3.84791712537224,5.28442126908085,0.509803921568627,1,"Casp9","C1qb",0.2,0.04
-3.84791712537224,5.28442126908085,0.509803921568627,1,"Gm26624","C1qb",0.2,0.04
-3.84791712537224,5.28442126908085,0.509803921568627,1,"Ubiad1","C1qb",0.2,0.04
-3.84791712537224,5.28442126908085,0.509803921568627,1,"Kcnab2","C1qb",0.2,0.04
-3.84791712537224,5.28442126908085,0.509803921568627,1,"Mib2","C1qb",0.2,0.04
-3.84791712537224,5.28442126908085,0.509803921568627,1,"Acap3","C1qb",0.2,0.04
-3.84791712537224,5.28442126908085,0.509803921568627,1,"B3galt6","C1qb",0.2,0.04
-3.84791712537224,5.28442126908085,0.509803921568627,1,"1700109H08Rik","C1qb",0.2,0.04
-3.84791712537224,5.28442126908085,0.509803921568627,1,"Lrrc17","C1qb",0.2,0.04
-3.84791712537224,5.28442126908085,0.509803921568627,1,"Agap3","C1qb",0.2,0.04
-3.84791712537224,5.28442126908085,0.509803921568627,1,"Ube3c","C1qb",0.2,0.04
-3.84791712537224,5.28442126908085,0.509803921568627,1,"Agbl5","C1qb",0.2,0.04
-3.84791712537224,5.28442126908085,0.509803921568627,1,"Zfp513","C1qb",0.2,0.04
-3.84791712537224,5.28442126908085,0.509803921568627,1,"Slc4a1ap","C1qb",0.2,0.04
-3.84791712537224,5.28442126908085,0.509803921568627,1,"Haus3","C1qb",0.2,0.04
-3.84791712537224,5.28442126908085,0.509803921568627,1,"Zfp518b","C1qb",0.2,0.04
-3.84791712537224,5.28442126908085,0.509803921568627,1,"Cc2d2a","C1qb",0.2,0.04
-3.84791712537224,5.28442126908085,0.509803921568627,1,"Ncapg","C1qb",0.2,0.04
-3.84791712537224,5.28442126908085,0.509803921568627,1,"Slit2","C1qb",0.2,0.04
-3.84791712537224,5.28442126908085,0.509803921568627,1,"Adgra3","C1qb",0.2,0.04
-3.84791712537224,5.28442126908085,0.509803921568627,1,"Arap2","C1qb",0.2,0.04
-3.84791712537224,5.28442126908085,0.509803921568627,1,"Rell1","C1qb",0.2,0.04
-3.84791712537224,5.28442126908085,0.509803921568627,1,"Scfd2","C1qb",0.2,0.04
-3.84791712537224,5.28442126908085,0.509803921568627,1,"Cdc7","C1qb",0.2,0.04
-3.84791712537224,5.28442126908085,0.509803921568627,1,"5430403G16Rik","C1qb",0.2,0.04
-3.84791712537224,5.28442126908085,0.509803921568627,1,"Gm15446","C1qb",0.2,0.04
-3.84791712537224,5.28442126908085,0.509803921568627,1,"Alkbh2","C1qb",0.2,0.04
-3.84791712537224,5.28442126908085,0.509803921568627,1,"Mvk","C1qb",0.2,0.04
-3.84791712537224,5.28442126908085,0.509803921568627,1,"Sppl3","C1qb",0.2,0.04
-3.84791712537224,5.28442126908085,0.509803921568627,1,"Gm13830","C1qb",0.2,0.04
-3.84791712537224,5.28442126908085,0.509803921568627,1,"Gatc","C1qb",0.2,0.04
-3.84791712537224,5.28442126908085,0.509803921568627,1,"Tpcn1","C1qb",0.2,0.04
-3.84791712537224,5.28442126908085,0.509803921568627,1,"Hectd4","C1qb",0.2,0.04
-3.84791712537224,5.28442126908085,0.509803921568627,1,"Hvcn1","C1qb",0.2,0.04
-3.84791712537224,5.28442126908085,0.509803921568627,1,"Rad9b","C1qb",0.2,0.04
-3.84791712537224,5.28442126908085,0.509803921568627,1,"Kntc1","C1qb",0.2,0.04
-3.84791712537224,5.28442126908085,0.509803921568627,1,"Gtf2h3","C1qb",0.2,0.04
-3.84791712537224,5.28442126908085,0.509803921568627,1,"Aacs","C1qb",0.2,0.04
-3.84791712537224,5.28442126908085,0.509803921568627,1,"Crcp","C1qb",0.2,0.04
-3.84791712537224,5.28442126908085,0.509803921568627,1,"Stx1a","C1qb",0.2,0.04
-3.84791712537224,5.28442126908085,0.509803921568627,1,"Rhbdd2","C1qb",0.2,0.04
-3.84791712537224,5.28442126908085,0.509803921568627,1,"4933404O12Rik","C1qb",0.2,0.04
-3.84791712537224,5.28442126908085,0.509803921568627,1,"Cldn15","C1qb",0.2,0.04
-3.84791712537224,5.28442126908085,0.509803921568627,1,"Trip6","C1qb",0.2,0.04
-3.84791712537224,5.28442126908085,0.509803921568627,1,"Zkscan1","C1qb",0.2,0.04
-3.84791712537224,5.28442126908085,0.509803921568627,1,"Zscan21","C1qb",0.2,0.04
-3.84791712537224,5.28442126908085,0.509803921568627,1,"Ap4m1","C1qb",0.2,0.04
-3.84791712537224,5.28442126908085,0.509803921568627,1,"Nxpe5","C1qb",0.2,0.04
-3.84791712537224,5.28442126908085,0.509803921568627,1,"6330403L08Rik","C1qb",0.2,0.04
-3.84791712537224,5.28442126908085,0.509803921568627,1,"Foxk1","C1qb",0.2,0.04
-3.84791712537224,5.28442126908085,0.509803921568627,1,"Usp42","C1qb",0.2,0.04
-3.84791712537224,5.28442126908085,0.509803921568627,1,"Katnal1","C1qb",0.2,0.04
-3.84791712537224,5.28442126908085,0.509803921568627,1,"5930430L01Rik","C1qb",0.2,0.04
-3.84791712537224,5.28442126908085,0.509803921568627,1,"Tfpi2","C1qb",0.2,0.04
-3.84791712537224,5.28442126908085,0.509803921568627,1,"Sgce","C1qb",0.2,0.04
-3.84791712537224,5.28442126908085,0.509803921568627,1,"Mios","C1qb",0.2,0.04
-3.84791712537224,5.28442126908085,0.509803921568627,1,"Met","C1qb",0.2,0.04
-3.84791712537224,5.28442126908085,0.509803921568627,1,"St7","C1qb",0.2,0.04
-3.84791712537224,5.28442126908085,0.509803921568627,1,"Pot1a","C1qb",0.2,0.04
-3.84791712537224,5.28442126908085,0.509803921568627,1,"Gm26699","C1qb",0.2,0.04
-3.84791712537224,5.28442126908085,0.509803921568627,1,"E330009J07Rik","C1qb",0.2,0.04
-3.84791712537224,5.28442126908085,0.509803921568627,1,"Tcaf1","C1qb",0.2,0.04
-3.84791712537224,5.28442126908085,0.509803921568627,1,"Repin1","C1qb",0.2,0.04
-3.84791712537224,5.28442126908085,0.509803921568627,1,"Fkbp9","C1qb",0.2,0.04
-3.84791712537224,5.28442126908085,0.509803921568627,1,"Tacstd2","C1qb",0.2,0.04
-3.84791712537224,5.28442126908085,0.509803921568627,1,"Eif2ak3","C1qb",0.2,0.04
-3.84791712537224,5.28442126908085,0.509803921568627,1,"Elmod3","C1qb",0.2,0.04
-3.84791712537224,5.28442126908085,0.509803921568627,1,"Tcf7l1","C1qb",0.2,0.04
-3.84791712537224,5.28442126908085,0.509803921568627,1,"Rtkn","C1qb",0.2,0.04
-3.84791712537224,5.28442126908085,0.509803921568627,1,"Fam136a","C1qb",0.2,0.04
-3.84791712537224,5.28442126908085,0.509803921568627,1,"1600020E01Rik","C1qb",0.2,0.04
-3.84791712537224,5.28442126908085,0.509803921568627,1,"Txnrd3","C1qb",0.2,0.04
-3.84791712537224,5.28442126908085,0.509803921568627,1,"Sumf1","C1qb",0.2,0.04
-3.84791712537224,5.28442126908085,0.509803921568627,1,"Rad18","C1qb",0.2,0.04
-3.84791712537224,5.28442126908085,0.509803921568627,1,"Timp4","C1qb",0.2,0.04
-3.84791712537224,5.28442126908085,0.509803921568627,1,"Erc1","C1qb",0.2,0.04
-3.84791712537224,5.28442126908085,0.509803921568627,1,"Usp18","C1qb",0.2,0.04
-3.84791712537224,5.28442126908085,0.509803921568627,1,"Slc6a13","C1qb",0.2,0.04
-3.84791712537224,5.28442126908085,0.509803921568627,1,"Phc1","C1qb",0.2,0.04
-3.84791712537224,5.28442126908085,0.509803921568627,1,"Pex5","C1qb",0.2,0.04
-3.84791712537224,5.28442126908085,0.509803921568627,1,"Cd4","C1qb",0.2,0.04
-3.84791712537224,5.28442126908085,0.509803921568627,1,"Lockd","C1qb",0.2,0.04
-3.84791712537224,5.28442126908085,0.509803921568627,1,"Plekha5","C1qb",0.2,0.04
-3.84791712537224,5.28442126908085,0.509803921568627,1,"Isoc2a","C1qb",0.2,0.04
-3.84791712537224,5.28442126908085,0.509803921568627,1,"Zfp524","C1qb",0.2,0.04
-3.84791712537224,5.28442126908085,0.509803921568627,1,"Zfp787","C1qb",0.2,0.04
-3.84791712537224,5.28442126908085,0.509803921568627,1,"Zfp444","C1qb",0.2,0.04
-3.84791712537224,5.28442126908085,0.509803921568627,1,"Zfp954","C1qb",0.2,0.04
-3.84791712537224,5.28442126908085,0.509803921568627,1,"Mypopos","C1qb",0.2,0.04
-3.84791712537224,5.28442126908085,0.509803921568627,1,"Eml2","C1qb",0.2,0.04
-3.84791712537224,5.28442126908085,0.509803921568627,1,"Zfp296","C1qb",0.2,0.04
-3.84791712537224,5.28442126908085,0.509803921568627,1,"Gm26890","C1qb",0.2,0.04
-3.84791712537224,5.28442126908085,0.509803921568627,1,"Zfp574","C1qb",0.2,0.04
-3.84791712537224,5.28442126908085,0.509803921568627,1,"Zfp526","C1qb",0.2,0.04
-3.84791712537224,5.28442126908085,0.509803921568627,1,"Zfp626","C1qb",0.2,0.04
-3.84791712537224,5.28442126908085,0.509803921568627,1,"Ankrd27","C1qb",0.2,0.04
-3.84791712537224,5.28442126908085,0.509803921568627,1,"1600014C10Rik","C1qb",0.2,0.04
-3.84791712537224,5.28442126908085,0.509803921568627,1,"Plekhf1","C1qb",0.2,0.04
-3.84791712537224,5.28442126908085,0.509803921568627,1,"Gm26526","C1qb",0.2,0.04
-3.84791712537224,5.28442126908085,0.509803921568627,1,"AW146154","C1qb",0.2,0.04
-3.84791712537224,5.28442126908085,0.509803921568627,1,"Zfp788","C1qb",0.2,0.04
-3.84791712537224,5.28442126908085,0.509803921568627,1,"Zfp141","C1qb",0.2,0.04
-3.84791712537224,5.28442126908085,0.509803921568627,1,"Med25","C1qb",0.2,0.04
-3.84791712537224,5.28442126908085,0.509803921568627,1,"Csrp3","C1qb",0.2,0.04
-3.84791712537224,5.28442126908085,0.509803921568627,1,"Klhl25","C1qb",0.2,0.04
-3.84791712537224,5.28442126908085,0.509803921568627,1,"Kif7","C1qb",0.2,0.04
-3.84791712537224,5.28442126908085,0.509803921568627,1,"Whamm","C1qb",0.2,0.04
-3.84791712537224,5.28442126908085,0.509803921568627,1,"Fah","C1qb",0.2,0.04
-3.84791712537224,5.28442126908085,0.509803921568627,1,"Tmem135","C1qb",0.2,0.04
-3.84791712537224,5.28442126908085,0.509803921568627,1,"Prss23","C1qb",0.2,0.04
-3.84791712537224,5.28442126908085,0.509803921568627,1,"Me3","C1qb",0.2,0.04
-3.84791712537224,5.28442126908085,0.509803921568627,1,"Kctd14","C1qb",0.2,0.04
-3.84791712537224,5.28442126908085,0.509803921568627,1,"Capn5","C1qb",0.2,0.04
-3.84791712537224,5.28442126908085,0.509803921568627,1,"Akip1","C1qb",0.2,0.04
-3.84791712537224,5.28442126908085,0.509803921568627,1,"Tmem41b","C1qb",0.2,0.04
-3.84791712537224,5.28442126908085,0.509803921568627,1,"Sox6","C1qb",0.2,0.04
-3.84791712537224,5.28442126908085,0.509803921568627,1,"Zfp747","C1qb",0.2,0.04
-3.84791712537224,5.28442126908085,0.509803921568627,1,"E430018J23Rik","C1qb",0.2,0.04
-3.84791712537224,5.28442126908085,0.509803921568627,1,"Zfp688","C1qb",0.2,0.04
-3.84791712537224,5.28442126908085,0.509803921568627,1,"Zfp629","C1qb",0.2,0.04
-3.84791712537224,5.28442126908085,0.509803921568627,1,"Tacc2","C1qb",0.2,0.04
-3.84791712537224,5.28442126908085,0.509803921568627,1,"Edrf1","C1qb",0.2,0.04
-3.84791712537224,5.28442126908085,0.509803921568627,1,"Uros","C1qb",0.2,0.04
-3.84791712537224,5.28442126908085,0.509803921568627,1,"Adam12","C1qb",0.2,0.04
-3.84791712537224,5.28442126908085,0.509803921568627,1,"Rassf7","C1qb",0.2,0.04
-3.84791712537224,5.28442126908085,0.509803921568627,1,"Cdkn1c","C1qb",0.2,0.04
-3.84791712537224,5.28442126908085,0.509803921568627,1,"B230208H11Rik","C1qb",0.2,0.04
-3.84791712537224,5.28442126908085,0.509803921568627,1,"Aig1","C1qb",0.2,0.04
-3.84791712537224,5.28442126908085,0.509803921568627,1,"Heca","C1qb",0.2,0.04
-3.84791712537224,5.28442126908085,0.509803921568627,1,"Map7","C1qb",0.2,0.04
-3.84791712537224,5.28442126908085,0.509803921568627,1,"Slc18b1","C1qb",0.2,0.04
-3.84791712537224,5.28442126908085,0.509803921568627,1,"Trmt11","C1qb",0.2,0.04
-3.84791712537224,5.28442126908085,0.509803921568627,1,"Lama4","C1qb",0.2,0.04
-3.84791712537224,5.28442126908085,0.509803921568627,1,"E130307A14Rik","C1qb",0.2,0.04
-3.84791712537224,5.28442126908085,0.509803921568627,1,"Mical1","C1qb",0.2,0.04
-3.84791712537224,5.28442126908085,0.509803921568627,1,"1700021F05Rik","C1qb",0.2,0.04
-3.84791712537224,5.28442126908085,0.509803921568627,1,"Cep85l","C1qb",0.2,0.04
-3.84791712537224,5.28442126908085,0.509803921568627,1,"Dnajb12","C1qb",0.2,0.04
-3.84791712537224,5.28442126908085,0.509803921568627,1,"Unc5b","C1qb",0.2,0.04
-3.84791712537224,5.28442126908085,0.509803921568627,1,"Supv3l1","C1qb",0.2,0.04
-3.84791712537224,5.28442126908085,0.509803921568627,1,"A930033H14Rik","C1qb",0.2,0.04
-3.84791712537224,5.28442126908085,0.509803921568627,1,"Adora2a","C1qb",0.2,0.04
-3.84791712537224,5.28442126908085,0.509803921568627,1,"1810043G02Rik","C1qb",0.2,0.04
-3.84791712537224,5.28442126908085,0.509803921568627,1,"Prss57","C1qb",0.2,0.04
-3.84791712537224,5.28442126908085,0.509803921568627,1,"Cbarp","C1qb",0.2,0.04
-3.84791712537224,5.28442126908085,0.509803921568627,1,"Apba3","C1qb",0.2,0.04
-3.84791712537224,5.28442126908085,0.509803921568627,1,"AU041133","C1qb",0.2,0.04
-3.84791712537224,5.28442126908085,0.509803921568627,1,"Chst11","C1qb",0.2,0.04
-3.84791712537224,5.28442126908085,0.509803921568627,1,"Poc1b","C1qb",0.2,0.04
-3.84791712537224,5.28442126908085,0.509803921568627,1,"Tmtc3","C1qb",0.2,0.04
-3.84791712537224,5.28442126908085,0.509803921568627,1,"Otogl","C1qb",0.2,0.04
-3.84791712537224,5.28442126908085,0.509803921568627,1,"Nav3","C1qb",0.2,0.04
-3.84791712537224,5.28442126908085,0.509803921568627,1,"E2f7","C1qb",0.2,0.04
-3.84791712537224,5.28442126908085,0.509803921568627,1,"Zdhhc17","C1qb",0.2,0.04
-3.84791712537224,5.28442126908085,0.509803921568627,1,"Slc35e3","C1qb",0.2,0.04
-3.84791712537224,5.28442126908085,0.509803921568627,1,"Rassf3","C1qb",0.2,0.04
-3.84791712537224,5.28442126908085,0.509803921568627,1,"BC048403","C1qb",0.2,0.04
-3.84791712537224,5.28442126908085,0.509803921568627,1,"Arhgef25","C1qb",0.2,0.04
-3.84791712537224,5.28442126908085,0.509803921568627,1,"Zbtb39","C1qb",0.2,0.04
-3.84791712537224,5.28442126908085,0.509803921568627,1,"Rbms2","C1qb",0.2,0.04
-3.84791712537224,5.28442126908085,0.509803921568627,1,"A430046D13Rik","C1qb",0.2,0.04
-3.84791712537224,5.28442126908085,0.509803921568627,1,"Pex11g","C1qb",0.2,0.04
-3.84791712537224,5.28442126908085,0.509803921568627,1,"Evi5l","C1qb",0.2,0.04
-3.84791712537224,5.28442126908085,0.509803921568627,1,"Cers4","C1qb",0.2,0.04
-3.84791712537224,5.28442126908085,0.509803921568627,1,"Shcbp1","C1qb",0.2,0.04
-3.84791712537224,5.28442126908085,0.509803921568627,1,"Coprs","C1qb",0.2,0.04
-3.84791712537224,5.28442126908085,0.509803921568627,1,"Angpt2","C1qb",0.2,0.04
-3.84791712537224,5.28442126908085,0.509803921568627,1,"Sfrp1","C1qb",0.2,0.04
-3.84791712537224,5.28442126908085,0.509803921568627,1,"Slc7a2","C1qb",0.2,0.04
-3.84791712537224,5.28442126908085,0.509803921568627,1,"Fat1","C1qb",0.2,0.04
-3.84791712537224,5.28442126908085,0.509803921568627,1,"Snx25","C1qb",0.2,0.04
-3.84791712537224,5.28442126908085,0.509803921568627,1,"Nek1","C1qb",0.2,0.04
-3.84791712537224,5.28442126908085,0.509803921568627,1,"Palld","C1qb",0.2,0.04
-3.84791712537224,5.28442126908085,0.509803921568627,1,"Csgalnact1","C1qb",0.2,0.04
-3.84791712537224,5.28442126908085,0.509803921568627,1,"Ints10","C1qb",0.2,0.04
-3.84791712537224,5.28442126908085,0.509803921568627,1,"Zfp868","C1qb",0.2,0.04
-3.84791712537224,5.28442126908085,0.509803921568627,1,"Lpar2","C1qb",0.2,0.04
-3.84791712537224,5.28442126908085,0.509803921568627,1,"Homer3","C1qb",0.2,0.04
-3.84791712537224,5.28442126908085,0.509803921568627,1,"Ocel1","C1qb",0.2,0.04
-3.84791712537224,5.28442126908085,0.509803921568627,1,"Eps15l1","C1qb",0.2,0.04
-3.84791712537224,5.28442126908085,0.509803921568627,1,"Gab1","C1qb",0.2,0.04
-3.84791712537224,5.28442126908085,0.509803921568627,1,"Nkd1","C1qb",0.2,0.04
-3.84791712537224,5.28442126908085,0.509803921568627,1,"Gnao1","C1qb",0.2,0.04
-3.84791712537224,5.28442126908085,0.509803921568627,1,"Mt2","C1qb",0.2,0.04
-3.84791712537224,5.28442126908085,0.509803921568627,1,"Cmtm4","C1qb",0.2,0.04
-3.84791712537224,5.28442126908085,0.509803921568627,1,"Acd","C1qb",0.2,0.04
-3.84791712537224,5.28442126908085,0.509803921568627,1,"Enkd1","C1qb",0.2,0.04
-3.84791712537224,5.28442126908085,0.509803921568627,1,"Slc12a4","C1qb",0.2,0.04
-3.84791712537224,5.28442126908085,0.509803921568627,1,"Slc7a6","C1qb",0.2,0.04
-3.84791712537224,5.28442126908085,0.509803921568627,1,"Bcar1","C1qb",0.2,0.04
-3.84791712537224,5.28442126908085,0.509803921568627,1,"Cenpn","C1qb",0.2,0.04
-3.84791712537224,5.28442126908085,0.509803921568627,1,"Gm45353","C1qb",0.2,0.04
-3.84791712537224,5.28442126908085,0.509803921568627,1,"Spg7","C1qb",0.2,0.04
-3.84791712537224,5.28442126908085,0.509803921568627,1,"Def8","C1qb",0.2,0.04
-3.84791712537224,5.28442126908085,0.509803921568627,1,"Nup133","C1qb",0.2,0.04
-3.84791712537224,5.28442126908085,0.509803921568627,1,"Gm45890","C1qb",0.2,0.04
-3.84791712537224,5.28442126908085,0.509803921568627,1,"Abcb10","C1qb",0.2,0.04
-3.84791712537224,5.28442126908085,0.509803921568627,1,"Exoc8","C1qb",0.2,0.04
-3.84791712537224,5.28442126908085,0.509803921568627,1,"Pard3","C1qb",0.2,0.04
-3.84791712537224,5.28442126908085,0.509803921568627,1,"Dnase1l3","C1qb",0.2,0.04
-3.84791712537224,5.28442126908085,0.509803921568627,1,"Oxsm","C1qb",0.2,0.04
-3.84791712537224,5.28442126908085,0.509803921568627,1,"Nid2","C1qb",0.2,0.04
-3.84791712537224,5.28442126908085,0.509803921568627,1,"Fut11","C1qb",0.2,0.04
-3.84791712537224,5.28442126908085,0.509803921568627,1,"Zcchc24","C1qb",0.2,0.04
-3.84791712537224,5.28442126908085,0.509803921568627,1,"Pde12","C1qb",0.2,0.04
-3.84791712537224,5.28442126908085,0.509803921568627,1,"Sfmbt1","C1qb",0.2,0.04
-3.84791712537224,5.28442126908085,0.509803921568627,1,"Bap1","C1qb",0.2,0.04
-3.84791712537224,5.28442126908085,0.509803921568627,1,"Ercc6","C1qb",0.2,0.04
-3.84791712537224,5.28442126908085,0.509803921568627,1,"Ccser2","C1qb",0.2,0.04
-3.84791712537224,5.28442126908085,0.509803921568627,1,"Txndc16","C1qb",0.2,0.04
-3.84791712537224,5.28442126908085,0.509803921568627,1,"Ero1l","C1qb",0.2,0.04
-3.84791712537224,5.28442126908085,0.509803921568627,1,"Styx","C1qb",0.2,0.04
-3.84791712537224,5.28442126908085,0.509803921568627,1,"Ppp1r3e","C1qb",0.2,0.04
-3.84791712537224,5.28442126908085,0.509803921568627,1,"Ripk3","C1qb",0.2,0.04
-3.84791712537224,5.28442126908085,0.509803921568627,1,"Cab39l","C1qb",0.2,0.04
-3.84791712537224,5.28442126908085,0.509803921568627,1,"Mipep","C1qb",0.2,0.04
-3.84791712537224,5.28442126908085,0.509803921568627,1,"Sacs","C1qb",0.2,0.04
-3.84791712537224,5.28442126908085,0.509803921568627,1,"Pbk","C1qb",0.2,0.04
-3.84791712537224,5.28442126908085,0.509803921568627,1,"Sorbs3","C1qb",0.2,0.04
-3.84791712537224,5.28442126908085,0.509803921568627,1,"Slc39a14","C1qb",0.2,0.04
-3.84791712537224,5.28442126908085,0.509803921568627,1,"Nudt18","C1qb",0.2,0.04
-3.84791712537224,5.28442126908085,0.509803921568627,1,"Fam160b2","C1qb",0.2,0.04
-3.84791712537224,5.28442126908085,0.509803921568627,1,"Dgkh","C1qb",0.2,0.04
-3.84791712537224,5.28442126908085,0.509803921568627,1,"Spry2","C1qb",0.2,0.04
-3.84791712537224,5.28442126908085,0.509803921568627,1,"Cldn10","C1qb",0.2,0.04
-3.84791712537224,5.28442126908085,0.509803921568627,1,"Msantd4","C1qb",0.2,0.04
-3.84791712537224,5.28442126908085,0.509803921568627,1,"Mmp13","C1qb",0.2,0.04
-3.84791712537224,5.28442126908085,0.509803921568627,1,"Mtmr2","C1qb",0.2,0.04
-3.84791712537224,5.28442126908085,0.509803921568627,1,"Sesn3","C1qb",0.2,0.04
-3.84791712537224,5.28442126908085,0.509803921568627,1,"Cep295","C1qb",0.2,0.04
-3.84791712537224,5.28442126908085,0.509803921568627,1,"A230050P20Rik","C1qb",0.2,0.04
-3.84791712537224,5.28442126908085,0.509803921568627,1,"Acp5","C1qb",0.2,0.04
-3.84791712537224,5.28442126908085,0.509803921568627,1,"Rpusd4","C1qb",0.2,0.04
-3.84791712537224,5.28442126908085,0.509803921568627,1,"Siae","C1qb",0.2,0.04
-3.84791712537224,5.28442126908085,0.509803921568627,1,"Oaf","C1qb",0.2,0.04
-3.84791712537224,5.28442126908085,0.509803921568627,1,"Nectin1","C1qb",0.2,0.04
-3.84791712537224,5.28442126908085,0.509803921568627,1,"C2cd2l","C1qb",0.2,0.04
-3.84791712537224,5.28442126908085,0.509803921568627,1,"Gm16536","C1qb",0.2,0.04
-3.84791712537224,5.28442126908085,0.509803921568627,1,"Snupn","C1qb",0.2,0.04
-3.84791712537224,5.28442126908085,0.509803921568627,1,"Neil1","C1qb",0.2,0.04
-3.84791712537224,5.28442126908085,0.509803921568627,1,"Arid3b","C1qb",0.2,0.04
-3.84791712537224,5.28442126908085,0.509803921568627,1,"Parp6","C1qb",0.2,0.04
-3.84791712537224,5.28442126908085,0.509803921568627,1,"Ints14","C1qb",0.2,0.04
-3.84791712537224,5.28442126908085,0.509803921568627,1,"Tln2","C1qb",0.2,0.04
-3.84791712537224,5.28442126908085,0.509803921568627,1,"Gnb5","C1qb",0.2,0.04
-3.84791712537224,5.28442126908085,0.509803921568627,1,"Ick","C1qb",0.2,0.04
-3.84791712537224,5.28442126908085,0.509803921568627,1,"Mto1","C1qb",0.2,0.04
-3.84791712537224,5.28442126908085,0.509803921568627,1,"Gk5","C1qb",0.2,0.04
-3.84791712537224,5.28442126908085,0.509803921568627,1,"Amotl2","C1qb",0.2,0.04
-3.84791712537224,5.28442126908085,0.509803921568627,1,"Rab6b","C1qb",0.2,0.04
-3.84791712537224,5.28442126908085,0.509803921568627,1,"Ackr4","C1qb",0.2,0.04
-3.84791712537224,5.28442126908085,0.509803921568627,1,"Acy1","C1qb",0.2,0.04
-3.84791712537224,5.28442126908085,0.509803921568627,1,"Abhd14a","C1qb",0.2,0.04
-3.84791712537224,5.28442126908085,0.509803921568627,1,"Nprl2","C1qb",0.2,0.04
-3.84791712537224,5.28442126908085,0.509803921568627,1,"Slc25a20","C1qb",0.2,0.04
-3.84791712537224,5.28442126908085,0.509803921568627,1,"Ccdc51","C1qb",0.2,0.04
-3.84791712537224,5.28442126908085,0.509803921568627,1,"Cnot10","C1qb",0.2,0.04
-3.84791712537224,5.28442126908085,0.509803921568627,1,"Slc25a38","C1qb",0.2,0.04
-3.84791712537224,5.28442126908085,0.509803921568627,1,"Sec22c","C1qb",0.2,0.04
-3.84791712537224,5.28442126908085,0.509803921568627,1,"Lztfl1","C1qb",0.2,0.04
-3.84791712537224,5.28442126908085,0.509803921568627,1,"Mtfp1","C1qb",0.2,0.04
-3.84791712537224,5.28442126908085,0.509803921568627,1,"Rnf215","C1qb",0.2,0.04
-3.84791712537224,5.28442126908085,0.509803921568627,1,"Ehbp1","C1qb",0.2,0.04
-3.84791712537224,5.28442126908085,0.509803921568627,1,"Asb3","C1qb",0.2,0.04
-3.84791712537224,5.28442126908085,0.509803921568627,1,"Fbxw11","C1qb",0.2,0.04
-3.84791712537224,5.28442126908085,0.509803921568627,1,"Spdl1","C1qb",0.2,0.04
-3.84791712537224,5.28442126908085,0.509803921568627,1,"Slit3","C1qb",0.2,0.04
-3.84791712537224,5.28442126908085,0.509803921568627,1,"Lsm11","C1qb",0.2,0.04
-3.84791712537224,5.28442126908085,0.509803921568627,1,"Sgcd","C1qb",0.2,0.04
-3.84791712537224,5.28442126908085,0.509803921568627,1,"Trim7","C1qb",0.2,0.04
-3.84791712537224,5.28442126908085,0.509803921568627,1,"Mrnip","C1qb",0.2,0.04
-3.84791712537224,5.28442126908085,0.509803921568627,1,"Ltc4s","C1qb",0.2,0.04
-3.84791712537224,5.28442126908085,0.509803921568627,1,"Zcchc10","C1qb",0.2,0.04
-3.84791712537224,5.28442126908085,0.509803921568627,1,"Slc36a2","C1qb",0.2,0.04
-3.84791712537224,5.28442126908085,0.509803921568627,1,"Mfap3","C1qb",0.2,0.04
-3.84791712537224,5.28442126908085,0.509803921568627,1,"Zkscan17","C1qb",0.2,0.04
-3.84791712537224,5.28442126908085,0.509803921568627,1,"Nlrp3","C1qb",0.2,0.04
-3.84791712537224,5.28442126908085,0.509803921568627,1,"Mapk7","C1qb",0.2,0.04
-3.84791712537224,5.28442126908085,0.509803921568627,1,"Zswim7","C1qb",0.2,0.04
-3.84791712537224,5.28442126908085,0.509803921568627,1,"Cenpv","C1qb",0.2,0.04
-3.84791712537224,5.28442126908085,0.509803921568627,1,"Zfp286","C1qb",0.2,0.04
-3.84791712537224,5.28442126908085,0.509803921568627,1,"Trim16","C1qb",0.2,0.04
-3.84791712537224,5.28442126908085,0.509803921568627,1,"Rangrf","C1qb",0.2,0.04
-3.84791712537224,5.28442126908085,0.509803921568627,1,"Tnfsf13os","C1qb",0.2,0.04
-3.84791712537224,5.28442126908085,0.509803921568627,1,"Nlgn2","C1qb",0.2,0.04
-3.84791712537224,5.28442126908085,0.509803921568627,1,"0610010K14Rik","C1qb",0.2,0.04
-3.84791712537224,5.28442126908085,0.509803921568627,1,"Camta2","C1qb",0.2,0.04
-3.84791712537224,5.28442126908085,0.509803921568627,1,"Fam222b","C1qb",0.2,0.04
-3.84791712537224,5.28442126908085,0.509803921568627,1,"Nek8","C1qb",0.2,0.04
-3.84791712537224,5.28442126908085,0.509803921568627,1,"Rab34","C1qb",0.2,0.04
-3.84791712537224,5.28442126908085,0.509803921568627,1,"Nlk","C1qb",0.2,0.04
-3.84791712537224,5.28442126908085,0.509803921568627,1,"Tefm","C1qb",0.2,0.04
-3.84791712537224,5.28442126908085,0.509803921568627,1,"Rnf135","C1qb",0.2,0.04
-3.84791712537224,5.28442126908085,0.509803921568627,1,"Ccl7","C1qb",0.2,0.04
-3.84791712537224,5.28442126908085,0.509803921568627,1,"Hsf5","C1qb",0.2,0.04
-3.84791712537224,5.28442126908085,0.509803921568627,1,"Stxbp4","C1qb",0.2,0.04
-3.84791712537224,5.28442126908085,0.509803921568627,1,"Kat7","C1qb",0.2,0.04
-3.84791712537224,5.28442126908085,0.509803921568627,1,"Ormdl3","C1qb",0.2,0.04
-3.84791712537224,5.28442126908085,0.509803921568627,1,"Tubg1","C1qb",0.2,0.04
-3.84791712537224,5.28442126908085,0.509803921568627,1,"Ramp2","C1qb",0.2,0.04
-3.84791712537224,5.28442126908085,0.509803921568627,1,"Map3k14","C1qb",0.2,0.04
-3.84791712537224,5.28442126908085,0.509803921568627,1,"Fam20a","C1qb",0.2,0.04
-3.84791712537224,5.28442126908085,0.509803921568627,1,"Rab37","C1qb",0.2,0.04
-3.84791712537224,5.28442126908085,0.509803921568627,1,"Nup85","C1qb",0.2,0.04
-3.84791712537224,5.28442126908085,0.509803921568627,1,"Endov","C1qb",0.2,0.04
-3.84791712537224,5.28442126908085,0.509803921568627,1,"Gm11772","C1qb",0.2,0.04
-3.84791712537224,5.28442126908085,0.509803921568627,1,"Rfng","C1qb",0.2,0.04
-3.84791712537224,5.28442126908085,0.509803921568627,1,"Akr1c13","C1qb",0.2,0.04
-3.84791712537224,5.28442126908085,0.509803921568627,1,"AW209491","C1qb",0.2,0.04
-3.84791712537224,5.28442126908085,0.509803921568627,1,"Sfrp4","C1qb",0.2,0.04
-3.84791712537224,5.28442126908085,0.509803921568627,1,"Hist1h2ak","C1qb",0.2,0.04
-3.84791712537224,5.28442126908085,0.509803921568627,1,"Serpinb9","C1qb",0.2,0.04
-3.84791712537224,5.28442126908085,0.509803921568627,1,"Phactr1","C1qb",0.2,0.04
-3.84791712537224,5.28442126908085,0.509803921568627,1,"Kdm1b","C1qb",0.2,0.04
-3.84791712537224,5.28442126908085,0.509803921568627,1,"Fbxw17","C1qb",0.2,0.04
-3.84791712537224,5.28442126908085,0.509803921568627,1,"S1pr3","C1qb",0.2,0.04
-3.84791712537224,5.28442126908085,0.509803921568627,1,"Agtpbp1","C1qb",0.2,0.04
-3.84791712537224,5.28442126908085,0.509803921568627,1,"Isca1","C1qb",0.2,0.04
-3.84791712537224,5.28442126908085,0.509803921568627,1,"Zfp369","C1qb",0.2,0.04
-3.84791712537224,5.28442126908085,0.509803921568627,1,"Zfp874b","C1qb",0.2,0.04
-3.84791712537224,5.28442126908085,0.509803921568627,1,"Zfp273","C1qb",0.2,0.04
-3.84791712537224,5.28442126908085,0.509803921568627,1,"Adcy2","C1qb",0.2,0.04
-3.84791712537224,5.28442126908085,0.509803921568627,1,"Lpcat1","C1qb",0.2,0.04
-3.84791712537224,5.28442126908085,0.509803921568627,1,"Trip13","C1qb",0.2,0.04
-3.84791712537224,5.28442126908085,0.509803921568627,1,"Cep72","C1qb",0.2,0.04
-3.84791712537224,5.28442126908085,0.509803921568627,1,"Ttc37","C1qb",0.2,0.04
-3.84791712537224,5.28442126908085,0.509803921568627,1,"Mctp1","C1qb",0.2,0.04
-3.84791712537224,5.28442126908085,0.509803921568627,1,"Mblac2","C1qb",0.2,0.04
-3.84791712537224,5.28442126908085,0.509803921568627,1,"Rasa1","C1qb",0.2,0.04
-3.84791712537224,5.28442126908085,0.509803921568627,1,"Xrcc4","C1qb",0.2,0.04
-3.84791712537224,5.28442126908085,0.509803921568627,1,"Zfyve16","C1qb",0.2,0.04
-3.84791712537224,5.28442126908085,0.509803921568627,1,"Lhfpl2","C1qb",0.2,0.04
-3.84791712537224,5.28442126908085,0.509803921568627,1,"Cenph","C1qb",0.2,0.04
-3.84791712537224,5.28442126908085,0.509803921568627,1,"Nln","C1qb",0.2,0.04
-3.84791712537224,5.28442126908085,0.509803921568627,1,"Ercc8","C1qb",0.2,0.04
-3.84791712537224,5.28442126908085,0.509803921568627,1,"1110002L01Rik","C1qb",0.2,0.04
-3.84791712537224,5.28442126908085,0.509803921568627,1,"Dtnb","C1qb",0.2,0.04
-3.84791712537224,5.28442126908085,0.509803921568627,1,"Dnajc27","C1qb",0.2,0.04
-3.84791712537224,5.28442126908085,0.509803921568627,1,"Nbas","C1qb",0.2,0.04
-3.84791712537224,5.28442126908085,0.509803921568627,1,"Atp6v1c2","C1qb",0.2,0.04
-3.84791712537224,5.28442126908085,0.509803921568627,1,"Snx13","C1qb",0.2,0.04
-3.84791712537224,5.28442126908085,0.509803921568627,1,"Dtd2","C1qb",0.2,0.04
-3.84791712537224,5.28442126908085,0.509803921568627,1,"Egln3","C1qb",0.2,0.04
-3.84791712537224,5.28442126908085,0.509803921568627,1,"Mis18bp1","C1qb",0.2,0.04
-3.84791712537224,5.28442126908085,0.509803921568627,1,"Lrr1","C1qb",0.2,0.04
-3.84791712537224,5.28442126908085,0.509803921568627,1,"L2hgdh","C1qb",0.2,0.04
-3.84791712537224,5.28442126908085,0.509803921568627,1,"Frmd6","C1qb",0.2,0.04
-3.84791712537224,5.28442126908085,0.509803921568627,1,"Daam1","C1qb",0.2,0.04
-3.84791712537224,5.28442126908085,0.509803921568627,1,"Rhoj","C1qb",0.2,0.04
-3.84791712537224,5.28442126908085,0.509803921568627,1,"Gphn","C1qb",0.2,0.04
-3.84791712537224,5.28442126908085,0.509803921568627,1,"Rdh11","C1qb",0.2,0.04
-3.84791712537224,5.28442126908085,0.509803921568627,1,"Rad51b","C1qb",0.2,0.04
-3.84791712537224,5.28442126908085,0.509803921568627,1,"Cox16","C1qb",0.2,0.04
-3.84791712537224,5.28442126908085,0.509803921568627,1,"Acot1","C1qb",0.2,0.04
-3.84791712537224,5.28442126908085,0.509803921568627,1,"Pgf","C1qb",0.2,0.04
-3.84791712537224,5.28442126908085,0.509803921568627,1,"Tgfb3","C1qb",0.2,0.04
-3.84791712537224,5.28442126908085,0.509803921568627,1,"Nrde2","C1qb",0.2,0.04
-3.84791712537224,5.28442126908085,0.509803921568627,1,"Gm20604","C1qb",0.2,0.04
-3.84791712537224,5.28442126908085,0.509803921568627,1,"Serpina3f","C1qb",0.2,0.04
-3.84791712537224,5.28442126908085,0.509803921568627,1,"Tecpr2","C1qb",0.2,0.04
-3.84791712537224,5.28442126908085,0.509803921568627,1,"Ankrd9","C1qb",0.2,0.04
-3.84791712537224,5.28442126908085,0.509803921568627,1,"Rcor1","C1qb",0.2,0.04
-3.84791712537224,5.28442126908085,0.509803921568627,1,"Ppp1r13b","C1qb",0.2,0.04
-3.84791712537224,5.28442126908085,0.509803921568627,1,"Tmem121","C1qb",0.2,0.04
-3.84791712537224,5.28442126908085,0.509803921568627,1,"Nup155","C1qb",0.2,0.04
-3.84791712537224,5.28442126908085,0.509803921568627,1,"Matn2","C1qb",0.2,0.04
-3.84791712537224,5.28442126908085,0.509803921568627,1,"Dscc1","C1qb",0.2,0.04
-3.84791712537224,5.28442126908085,0.509803921568627,1,"Tatdn1","C1qb",0.2,0.04
-3.84791712537224,5.28442126908085,0.509803921568627,1,"Washc5","C1qb",0.2,0.04
-3.84791712537224,5.28442126908085,0.509803921568627,1,"Dgat1","C1qb",0.2,0.04
-3.84791712537224,5.28442126908085,0.509803921568627,1,"Cpsf1","C1qb",0.2,0.04
-3.84791712537224,5.28442126908085,0.509803921568627,1,"Tonsl","C1qb",0.2,0.04
-3.84791712537224,5.28442126908085,0.509803921568627,1,"C030006K11Rik","C1qb",0.2,0.04
-3.84791712537224,5.28442126908085,0.509803921568627,1,"Rbfox2","C1qb",0.2,0.04
-3.84791712537224,5.28442126908085,0.509803921568627,1,"Ift27","C1qb",0.2,0.04
-3.84791712537224,5.28442126908085,0.509803921568627,1,"Gcat","C1qb",0.2,0.04
-3.84791712537224,5.28442126908085,0.509803921568627,1,"Tef","C1qb",0.2,0.04
-3.84791712537224,5.28442126908085,0.509803921568627,1,"Fam109b","C1qb",0.2,0.04
-3.84791712537224,5.28442126908085,0.509803921568627,1,"Arfgap3","C1qb",0.2,0.04
-3.84791712537224,5.28442126908085,0.509803921568627,1,"Prr5","C1qb",0.2,0.04
-3.84791712537224,5.28442126908085,0.509803921568627,1,"Gxylt1","C1qb",0.2,0.04
-3.84791712537224,5.28442126908085,0.509803921568627,1,"Prkag1","C1qb",0.2,0.04
-3.84791712537224,5.28442126908085,0.509803921568627,1,"Fmnl3","C1qb",0.2,0.04
-3.84791712537224,5.28442126908085,0.509803921568627,1,"Racgap1","C1qb",0.2,0.04
-3.84791712537224,5.28442126908085,0.509803921568627,1,"Tns2","C1qb",0.2,0.04
-3.84791712537224,5.28442126908085,0.509803921568627,1,"Hoxc9","C1qb",0.2,0.04
-3.84791712537224,5.28442126908085,0.509803921568627,1,"Tfap4","C1qb",0.2,0.04
-3.84791712537224,5.28442126908085,0.509803921568627,1,"Glis2","C1qb",0.2,0.04
-3.84791712537224,5.28442126908085,0.509803921568627,1,"Cdip1","C1qb",0.2,0.04
-3.84791712537224,5.28442126908085,0.509803921568627,1,"Rogdi","C1qb",0.2,0.04
-3.84791712537224,5.28442126908085,0.509803921568627,1,"Mkl2","C1qb",0.2,0.04
-3.84791712537224,5.28442126908085,0.509803921568627,1,"Ppm1f","C1qb",0.2,0.04
-3.84791712537224,5.28442126908085,0.509803921568627,1,"Rtn4r","C1qb",0.2,0.04
-3.84791712537224,5.28442126908085,0.509803921568627,1,"1300002E11Rik","C1qb",0.2,0.04
-3.84791712537224,5.28442126908085,0.509803921568627,1,"Kng1","C1qb",0.2,0.04
-3.84791712537224,5.28442126908085,0.509803921568627,1,"Hes1","C1qb",0.2,0.04
-3.84791712537224,5.28442126908085,0.509803921568627,1,"Xxylt1","C1qb",0.2,0.04
-3.84791712537224,5.28442126908085,0.509803921568627,1,"Kalrn","C1qb",0.2,0.04
-3.84791712537224,5.28442126908085,0.509803921568627,1,"Gtf2e1","C1qb",0.2,0.04
-3.84791712537224,5.28442126908085,0.509803921568627,1,"Ccdc191","C1qb",0.2,0.04
-3.84791712537224,5.28442126908085,0.509803921568627,1,"Spice1","C1qb",0.2,0.04
-3.84791712537224,5.28442126908085,0.509803921568627,1,"Abhd10","C1qb",0.2,0.04
-3.84791712537224,5.28442126908085,0.509803921568627,1,"Phldb2","C1qb",0.2,0.04
-3.84791712537224,5.28442126908085,0.509803921568627,1,"Plcxd2","C1qb",0.2,0.04
-3.84791712537224,5.28442126908085,0.509803921568627,1,"Nectin3","C1qb",0.2,0.04
-3.84791712537224,5.28442126908085,0.509803921568627,1,"Cep97","C1qb",0.2,0.04
-3.84791712537224,5.28442126908085,0.509803921568627,1,"Btg3","C1qb",0.2,0.04
-3.84791712537224,5.28442126908085,0.509803921568627,1,"Hlcs","C1qb",0.2,0.04
-3.84791712537224,5.28442126908085,0.509803921568627,1,"Tulp4","C1qb",0.2,0.04
-3.84791712537224,5.28442126908085,0.509803921568627,1,"Rnaset2b","C1qb",0.2,0.04
-3.84791712537224,5.28442126908085,0.509803921568627,1,"Rps6ka2","C1qb",0.2,0.04
-3.84791712537224,5.28442126908085,0.509803921568627,1,"Igf2r","C1qb",0.2,0.04
-3.84791712537224,5.28442126908085,0.509803921568627,1,"Tbp","C1qb",0.2,0.04
-3.84791712537224,5.28442126908085,0.509803921568627,1,"Zfp213","C1qb",0.2,0.04
-3.84791712537224,5.28442126908085,0.509803921568627,1,"Pkmyt1","C1qb",0.2,0.04
-3.84791712537224,5.28442126908085,0.509803921568627,1,"Paqr4","C1qb",0.2,0.04
-3.84791712537224,5.28442126908085,0.509803921568627,1,"Nthl1","C1qb",0.2,0.04
-3.84791712537224,5.28442126908085,0.509803921568627,1,"Slc9a3r2","C1qb",0.2,0.04
-3.84791712537224,5.28442126908085,0.509803921568627,1,"Telo2","C1qb",0.2,0.04
-3.84791712537224,5.28442126908085,0.509803921568627,1,"Rpusd1","C1qb",0.2,0.04
-3.84791712537224,5.28442126908085,0.509803921568627,1,"Tmem8","C1qb",0.2,0.04
-3.84791712537224,5.28442126908085,0.509803921568627,1,"Fam234a","C1qb",0.2,0.04
-3.84791712537224,5.28442126908085,0.509803921568627,1,"AC127341.3","C1qb",0.2,0.04
-3.84791712537224,5.28442126908085,0.509803921568627,1,"Tbc1d22b","C1qb",0.2,0.04
-3.84791712537224,5.28442126908085,0.509803921568627,1,"Zfp952","C1qb",0.2,0.04
-3.84791712537224,5.28442126908085,0.509803921568627,1,"Zfp81","C1qb",0.2,0.04
-3.84791712537224,5.28442126908085,0.509803921568627,1,"H2-Oa","C1qb",0.2,0.04
-3.84791712537224,5.28442126908085,0.509803921568627,1,"Tcf19","C1qb",0.2,0.04
-3.84791712537224,5.28442126908085,0.509803921568627,1,"Gtf2h4","C1qb",0.2,0.04
-3.84791712537224,5.28442126908085,0.509803921568627,1,"Mrps18b","C1qb",0.2,0.04
-3.84791712537224,5.28442126908085,0.509803921568627,1,"Cenpq","C1qb",0.2,0.04
-3.84791712537224,5.28442126908085,0.509803921568627,1,"Dnph1","C1qb",0.2,0.04
-3.84791712537224,5.28442126908085,0.509803921568627,1,"Klc4","C1qb",0.2,0.04
-3.84791712537224,5.28442126908085,0.509803921568627,1,"Bicral","C1qb",0.2,0.04
-3.84791712537224,5.28442126908085,0.509803921568627,1,"Satb1","C1qb",0.2,0.04
-3.84791712537224,5.28442126908085,0.509803921568627,1,"Zfp119b","C1qb",0.2,0.04
-3.84791712537224,5.28442126908085,0.509803921568627,1,"Ccdc94","C1qb",0.2,0.04
-3.84791712537224,5.28442126908085,0.509803921568627,1,"Sh3gl1","C1qb",0.2,0.04
-3.84791712537224,5.28442126908085,0.509803921568627,1,"Kdm4b","C1qb",0.2,0.04
-3.84791712537224,5.28442126908085,0.509803921568627,1,"Slc25a23","C1qb",0.2,0.04
-3.84791712537224,5.28442126908085,0.509803921568627,1,"Twsg1","C1qb",0.2,0.04
-3.84791712537224,5.28442126908085,0.509803921568627,1,"Washc1","C1qb",0.2,0.04
-3.84791712537224,5.28442126908085,0.509803921568627,1,"Gm26510","C1qb",0.2,0.04
-3.84791712537224,5.28442126908085,0.509803921568627,1,"Ltbp1","C1qb",0.2,0.04
-3.84791712537224,5.28442126908085,0.509803921568627,1,"Crim1","C1qb",0.2,0.04
-3.84791712537224,5.28442126908085,0.509803921568627,1,"Tmem178","C1qb",0.2,0.04
-3.84791712537224,5.28442126908085,0.509803921568627,1,"Thada","C1qb",0.2,0.04
-3.84791712537224,5.28442126908085,0.509803921568627,1,"Rhoq","C1qb",0.2,0.04
-3.84791712537224,5.28442126908085,0.509803921568627,1,"Kcnk12","C1qb",0.2,0.04
-3.84791712537224,5.28442126908085,0.509803921568627,1,"Nrxn1","C1qb",0.2,0.04
-3.84791712537224,5.28442126908085,0.509803921568627,1,"Kdm5d","C1qb",0.2,0.04
-3.84791712537224,5.28442126908085,0.509803921568627,1,"Pik3c3","C1qb",0.2,0.04
-3.84791712537224,5.28442126908085,0.509803921568627,1,"Map3k2","C1qb",0.2,0.04
-3.84791712537224,5.28442126908085,0.509803921568627,1,"Ercc3","C1qb",0.2,0.04
-3.84791712537224,5.28442126908085,0.509803921568627,1,"Gypc","C1qb",0.2,0.04
-3.84791712537224,5.28442126908085,0.509803921568627,1,"Wdr36","C1qb",0.2,0.04
-3.84791712537224,5.28442126908085,0.509803921568627,1,"Stard4","C1qb",0.2,0.04
-3.84791712537224,5.28442126908085,0.509803921568627,1,"Sil1","C1qb",0.2,0.04
-3.84791712537224,5.28442126908085,0.509803921568627,1,"Pcdhb16","C1qb",0.2,0.04
-3.84791712537224,5.28442126908085,0.509803921568627,1,"Pcdhb19","C1qb",0.2,0.04
-3.84791712537224,5.28442126908085,0.509803921568627,1,"Prelid2","C1qb",0.2,0.04
-3.84791712537224,5.28442126908085,0.509803921568627,1,"Ppargc1b","C1qb",0.2,0.04
-3.84791712537224,5.28442126908085,0.509803921568627,1,"Napg","C1qb",0.2,0.04
-3.84791712537224,5.28442126908085,0.509803921568627,1,"Fech","C1qb",0.2,0.04
-3.84791712537224,5.28442126908085,0.509803921568627,1,"Tubb6","C1qb",0.2,0.04
-3.84791712537224,5.28442126908085,0.509803921568627,1,"Cep76","C1qb",0.2,0.04
-3.84791712537224,5.28442126908085,0.509803921568627,1,"Ldlrad4","C1qb",0.2,0.04
-3.84791712537224,5.28442126908085,0.509803921568627,1,"Poli","C1qb",0.2,0.04
-3.84791712537224,5.28442126908085,0.509803921568627,1,"Pias2","C1qb",0.2,0.04
-3.84791712537224,5.28442126908085,0.509803921568627,1,"Setbp1","C1qb",0.2,0.04
-3.84791712537224,5.28442126908085,0.509803921568627,1,"Pard6g","C1qb",0.2,0.04
-3.84791712537224,5.28442126908085,0.509803921568627,1,"Rttn","C1qb",0.2,0.04
-3.84791712537224,5.28442126908085,0.509803921568627,1,"Lrp5","C1qb",0.2,0.04
-3.84791712537224,5.28442126908085,0.509803921568627,1,"Ltbp3","C1qb",0.2,0.04
-3.84791712537224,5.28442126908085,0.509803921568627,1,"Dnajc4","C1qb",0.2,0.04
-3.84791712537224,5.28442126908085,0.509803921568627,1,"Ints5.1","C1qb",0.2,0.04
-3.84791712537224,5.28442126908085,0.509803921568627,1,"Tmem132a","C1qb",0.2,0.04
-3.84791712537224,5.28442126908085,0.509803921568627,1,"Ms4a4d","C1qb",0.2,0.04
-3.84791712537224,5.28442126908085,0.509803921568627,1,"Ric1","C1qb",0.2,0.04
-3.84791712537224,5.28442126908085,0.509803921568627,1,"Prkg1","C1qb",0.2,0.04
-3.84791712537224,5.28442126908085,0.509803921568627,1,"Myof","C1qb",0.2,0.04
-3.84791712537224,5.28442126908085,0.509803921568627,1,"Cep55","C1qb",0.2,0.04
-3.84791712537224,5.28442126908085,0.509803921568627,1,"Slc35g1","C1qb",0.2,0.04
-3.84791712537224,5.28442126908085,0.509803921568627,1,"Aldh18a1","C1qb",0.2,0.04
-3.84791712537224,5.28442126908085,0.509803921568627,1,"Avpi1","C1qb",0.2,0.04
-3.84791712537224,5.28442126908085,0.509803921568627,1,"Mfsd13a","C1qb",0.2,0.04
-3.84791712537224,5.28442126908085,0.509803921568627,1,"Cnnm2","C1qb",0.2,0.04
-3.84791712537224,5.28442126908085,0.509803921568627,1,"Stn1","C1qb",0.2,0.04
-3.84791712537224,5.28442126908085,0.509803921568627,1,"Nhlrc2","C1qb",0.2,0.04
-3.84791712537224,5.28442126908085,0.509803921568627,1,"Atrnl1","C1qb",0.2,0.04
0.563165345572422,7.98136510282692,0.509845741921987,1,"Actr2","C1qb",0.2,0.04
-0.554070269673771,7.97228590713607,0.509845741921988,1,"Caprin1","C1qb",0.2,0.04
0.45824678884554,8.59202660359229,0.510330691945991,1,"H2afj","C1qb",0.2,0.04
-0.32356951544895,10.1846346034352,0.513869388986278,1,"Rpl4","C1qb",0.2,0.04
-0.596532435250599,7.5960672154876,0.515477242664808,1,"Cacybp","C1qb",0.2,0.04
-0.596532435250599,7.5960672154876,0.515477242664808,1,"Bag1","C1qb",0.2,0.04
-0.596532435250599,7.5960672154876,0.515477242664808,1,"Sdc3","C1qb",0.2,0.04
-0.596532435250599,7.5960672154876,0.515477242664808,1,"Nudc","C1qb",0.2,0.04
-0.596532435250599,7.5960672154876,0.515477242664808,1,"Slc6a6","C1qb",0.2,0.04
-0.596532435250599,7.5960672154876,0.515477242664808,1,"Cnpy2","C1qb",0.2,0.04
-0.596532435250599,7.5960672154876,0.515477242664808,1,"Atp1b3","C1qb",0.2,0.04
-0.596532435250599,7.5960672154876,0.515477242664808,1,"Nol7","C1qb",0.2,0.04
-0.596532435250599,7.5960672154876,0.515477242664808,1,"Sfr1","C1qb",0.2,0.04
-0.596532435250599,7.5960672154876,0.515477242664808,1,"Smc3","C1qb",0.2,0.04
0.74751214760607,6.97605981405539,0.516292316661943,1,"Eloc","C1qb",0.2,0.04
0.74751214760607,6.97605981405539,0.516292316661943,1,"Wdr26","C1qb",0.2,0.04
0.74751214760607,6.97605981405539,0.516292316661943,1,"Arhgap15","C1qb",0.2,0.04
0.74751214760607,6.97605981405539,0.516292316661943,1,"Smim14","C1qb",0.2,0.04
0.74751214760607,6.97605981405539,0.516292316661943,1,"Cib1","C1qb",0.2,0.04
0.74751214760607,6.97605981405539,0.516292316661943,1,"2310011J03Rik","C1qb",0.2,0.04
0.74751214760607,6.97605981405539,0.516292316661943,1,"Tsnax","C1qb",0.2,0.04
0.74751214760607,6.97605981405539,0.516292316661943,1,"Lrrc59","C1qb",0.2,0.04
0.74751214760607,6.97605981405539,0.516292316661943,1,"Stat3","C1qb",0.2,0.04
0.74751214760607,6.97605981405539,0.516292316661943,1,"Muc13","C1qb",0.2,0.04
0.74751214760607,6.97605981405539,0.516292316661943,1,"Rock1","C1qb",0.2,0.04
-0.684837666386508,7.08443560520313,0.516292316661943,1,"Ndufa10","C1qb",0.2,0.04
-0.684837666386508,7.08443560520313,0.516292316661943,1,"Snrpb2","C1qb",0.2,0.04
-0.684837666386508,7.08443560520313,0.516292316661943,1,"Ube2k","C1qb",0.2,0.04
-0.684837666386508,7.08443560520313,0.516292316661943,1,"Arl6ip4","C1qb",0.2,0.04
-0.684837666386508,7.08443560520313,0.516292316661943,1,"Oat","C1qb",0.2,0.04
-0.684837666386508,7.08443560520313,0.516292316661943,1,"Epb41l2","C1qb",0.2,0.04
-0.684837666386508,7.08443560520313,0.516292316661943,1,"Stk11","C1qb",0.2,0.04
-0.684837666386508,7.08443560520313,0.516292316661943,1,"Map2k2","C1qb",0.2,0.04
-0.684837666386508,7.08443560520313,0.516292316661943,1,"Rex1bd","C1qb",0.2,0.04
-0.684837666386508,7.08443560520313,0.516292316661943,1,"Tpm4","C1qb",0.2,0.04
-0.684837666386508,7.08443560520313,0.516292316661943,1,"Vps35","C1qb",0.2,0.04
-0.684837666386508,7.08443560520313,0.516292316661943,1,"Arf4","C1qb",0.2,0.04
-0.684837666386508,7.08443560520313,0.516292316661943,1,"Tmem205","C1qb",0.2,0.04
-0.684837666386508,7.08443560520313,0.516292316661943,1,"Rbm5","C1qb",0.2,0.04
-0.684837666386508,7.08443560520313,0.516292316661943,1,"Rab1a","C1qb",0.2,0.04
-0.684837666386508,7.08443560520313,0.516292316661943,1,"Mrpl12","C1qb",0.2,0.04
-0.684837666386508,7.08443560520313,0.516292316661943,1,"B230219D22Rik","C1qb",0.2,0.04
-0.684837666386508,7.08443560520313,0.516292316661943,1,"Asxl2","C1qb",0.2,0.04
-0.684837666386508,7.08443560520313,0.516292316661943,1,"Siva1","C1qb",0.2,0.04
-0.684837666386508,7.08443560520313,0.516292316661943,1,"Emc2","C1qb",0.2,0.04
-0.684837666386508,7.08443560520313,0.516292316661943,1,"Ep300","C1qb",0.2,0.04
-0.684837666386508,7.08443560520313,0.516292316661943,1,"Usp7","C1qb",0.2,0.04
-0.684837666386508,7.08443560520313,0.516292316661943,1,"Galnt1","C1qb",0.2,0.04
-0.684837666386508,7.08443560520313,0.516292316661943,1,"Stip1","C1qb",0.2,0.04
-0.684837666386508,7.08443560520313,0.516292316661943,1,"Uhrf2","C1qb",0.2,0.04
0.55863707206577,7.04592677292829,0.516292316661943,1,"Dock10","C1qb",0.2,0.04
0.55863707206577,7.04592677292829,0.516292316661943,1,"Jtb","C1qb",0.2,0.04
0.55863707206577,7.04592677292829,0.516292316661943,1,"Clec4a1","C1qb",0.2,0.04
0.55863707206577,7.04592677292829,0.516292316661943,1,"Rhog","C1qb",0.2,0.04
0.55863707206577,7.04592677292829,0.516292316661943,1,"1110004F10Rik","C1qb",0.2,0.04
0.55863707206577,7.04592677292829,0.516292316661943,1,"Rrp1","C1qb",0.2,0.04
0.55863707206577,7.04592677292829,0.516292316661943,1,"Rab8a","C1qb",0.2,0.04
0.55863707206577,7.04592677292829,0.516292316661943,1,"Tmod3","C1qb",0.2,0.04
0.55863707206577,7.04592677292829,0.516292316661943,1,"Cyc1","C1qb",0.2,0.04
0.55863707206577,7.04592677292829,0.516292316661943,1,"Wac","C1qb",0.2,0.04
0.55863707206577,7.04592677292829,0.516292316661943,1,"Snx2","C1qb",0.2,0.04
0.28055050734289,11.697346665675,0.522688632857909,1,"Rps14","C1qb",0.2,0.04
0.481400955889252,8.0156256279579,0.526780019742479,1,"Bzw1","C1qb",0.2,0.04
0.404023051063373,8.04901742273613,0.526780019742479,1,"Serp1","C1qb",0.2,0.04
0.404023051063373,8.04901742273613,0.526780019742479,1,"Lman2","C1qb",0.2,0.04
-0.488167781604745,8.04634209747505,0.526780019742479,1,"Ost4","C1qb",0.2,0.04
-0.488167781604745,8.04634209747505,0.526780019742479,1,"Tbca","C1qb",0.2,0.04
0.439368721799517,8.37515270510886,0.53127816897589,1,"Cd81","C1qb",0.2,0.04
0.439368721799517,8.37515270510886,0.53127816897589,1,"Tmbim6","C1qb",0.2,0.04
-0.430871710610014,8.68622824926629,0.53314422822944,1,"Mbnl1","C1qb",0.2,0.04
0.356526216691078,8.92039242019188,0.533836831182692,1,"Atp5b","C1qb",0.2,0.04
-0.505980134317079,7.69125153260268,0.536893148539023,1,"Jak1","C1qb",0.2,0.04
-0.505980134317079,7.69125153260268,0.536893148539023,1,"Smarca5","C1qb",0.2,0.04
-0.505980134317079,7.69125153260268,0.536893148539023,1,"Ewsr1","C1qb",0.2,0.04
-0.505980134317079,7.69125153260268,0.536893148539023,1,"Pura","C1qb",0.2,0.04
-0.505980134317079,7.69125153260268,0.536893148539023,1,"Gm16286","C1qb",0.2,0.04
0.561919474333545,7.63672740278345,0.536893148539023,1,"Ndufa3","C1qb",0.2,0.04
0.561919474333545,7.63672740278345,0.536893148539023,1,"Timm13","C1qb",0.2,0.04
0.561919474333545,7.63672740278345,0.536893148539023,1,"Selenok","C1qb",0.2,0.04
0.561919474333545,7.63672740278345,0.536893148539023,1,"Pitpna","C1qb",0.2,0.04
0.561919474333545,7.63672740278345,0.536893148539023,1,"Psmb3","C1qb",0.2,0.04
0.456174503135711,7.68050994735637,0.536893148539023,1,"Rsu1","C1qb",0.2,0.04
0.456174503135711,7.68050994735637,0.536893148539023,1,"Psmd11","C1qb",0.2,0.04
0.456174503135711,7.68050994735637,0.536893148539023,1,"Snw1","C1qb",0.2,0.04
0.412574782542299,8.12032986601395,0.542566786355408,1,"Ndufa7","C1qb",0.2,0.04
-0.484011642556714,8.14751479251582,0.542566786355408,1,"Atp5o.1","C1qb",0.2,0.04
-1.19964526274024,6.39244021035073,0.543330377199178,1,"Dst","C1qb",0.2,0.04
-1.19964526274024,6.39244021035073,0.543330377199178,1,"Gigyf2","C1qb",0.2,0.04
-1.19964526274024,6.39244021035073,0.543330377199178,1,"Ddx18","C1qb",0.2,0.04
-1.19964526274024,6.39244021035073,0.543330377199178,1,"Prrc2b","C1qb",0.2,0.04
-1.19964526274024,6.39244021035073,0.543330377199178,1,"Lcn2","C1qb",0.2,0.04
-1.19964526274024,6.39244021035073,0.543330377199178,1,"Baz2b","C1qb",0.2,0.04
-1.19964526274024,6.39244021035073,0.543330377199178,1,"Hat1","C1qb",0.2,0.04
-1.19964526274024,6.39244021035073,0.543330377199178,1,"Pigu","C1qb",0.2,0.04
-1.19964526274024,6.39244021035073,0.543330377199178,1,"Rbl1","C1qb",0.2,0.04
-1.19964526274024,6.39244021035073,0.543330377199178,1,"Btk","C1qb",0.2,0.04
-1.19964526274024,6.39244021035073,0.543330377199178,1,"Exosc8","C1qb",0.2,0.04
-1.19964526274024,6.39244021035073,0.543330377199178,1,"Pmf1","C1qb",0.2,0.04
-1.19964526274024,6.39244021035073,0.543330377199178,1,"Shc1","C1qb",0.2,0.04
-1.19964526274024,6.39244021035073,0.543330377199178,1,"Taf13","C1qb",0.2,0.04
-1.19964526274024,6.39244021035073,0.543330377199178,1,"Slc35a1","C1qb",0.2,0.04
-1.19964526274024,6.39244021035073,0.543330377199178,1,"Ccdc107","C1qb",0.2,0.04
-1.19964526274024,6.39244021035073,0.543330377199178,1,"Rere","C1qb",0.2,0.04
-1.19964526274024,6.39244021035073,0.543330377199178,1,"Dmtf1","C1qb",0.2,0.04
-1.19964526274024,6.39244021035073,0.543330377199178,1,"Preb","C1qb",0.2,0.04
-1.19964526274024,6.39244021035073,0.543330377199178,1,"Tmem128","C1qb",0.2,0.04
-1.19964526274024,6.39244021035073,0.543330377199178,1,"Med13l","C1qb",0.2,0.04
-1.19964526274024,6.39244021035073,0.543330377199178,1,"Snd1","C1qb",0.2,0.04
-1.19964526274024,6.39244021035073,0.543330377199178,1,"Agk","C1qb",0.2,0.04
-1.19964526274024,6.39244021035073,0.543330377199178,1,"Ssbp1","C1qb",0.2,0.04
-1.19964526274024,6.39244021035073,0.543330377199178,1,"Tprkb","C1qb",0.2,0.04
-1.19964526274024,6.39244021035073,0.543330377199178,1,"Etv6","C1qb",0.2,0.04
-1.19964526274024,6.39244021035073,0.543330377199178,1,"Tomm40","C1qb",0.2,0.04
-1.19964526274024,6.39244021035073,0.543330377199178,1,"Lsm14a","C1qb",0.2,0.04
-1.19964526274024,6.39244021035073,0.543330377199178,1,"Uri1","C1qb",0.2,0.04
-1.19964526274024,6.39244021035073,0.543330377199178,1,"Smg1","C1qb",0.2,0.04
-1.19964526274024,6.39244021035073,0.543330377199178,1,"Hdac2","C1qb",0.2,0.04
-1.19964526274024,6.39244021035073,0.543330377199178,1,"Thap2","C1qb",0.2,0.04
-1.19964526274024,6.39244021035073,0.543330377199178,1,"Lsm1","C1qb",0.2,0.04
-1.19964526274024,6.39244021035073,0.543330377199178,1,"Cnot7","C1qb",0.2,0.04
-1.19964526274024,6.39244021035073,0.543330377199178,1,"Syce2","C1qb",0.2,0.04
-1.19964526274024,6.39244021035073,0.543330377199178,1,"Adgrg3","C1qb",0.2,0.04
-1.19964526274024,6.39244021035073,0.543330377199178,1,"Csnk2a2","C1qb",0.2,0.04
-1.19964526274024,6.39244021035073,0.543330377199178,1,"Pabpn1","C1qb",0.2,0.04
-1.19964526274024,6.39244021035073,0.543330377199178,1,"Pin1","C1qb",0.2,0.04
-1.19964526274024,6.39244021035073,0.543330377199178,1,"Smarca4","C1qb",0.2,0.04
-1.19964526274024,6.39244021035073,0.543330377199178,1,"Dpp8","C1qb",0.2,0.04
-1.19964526274024,6.39244021035073,0.543330377199178,1,"Zbtb38","C1qb",0.2,0.04
-1.19964526274024,6.39244021035073,0.543330377199178,1,"Cmc1","C1qb",0.2,0.04
-1.19964526274024,6.39244021035073,0.543330377199178,1,"Zdhhc3","C1qb",0.2,0.04
-1.19964526274024,6.39244021035073,0.543330377199178,1,"Med7","C1qb",0.2,0.04
-1.19964526274024,6.39244021035073,0.543330377199178,1,"Fnip1","C1qb",0.2,0.04
-1.19964526274024,6.39244021035073,0.543330377199178,1,"Map2k3","C1qb",0.2,0.04
-1.19964526274024,6.39244021035073,0.543330377199178,1,"Ulk2","C1qb",0.2,0.04
-1.19964526274024,6.39244021035073,0.543330377199178,1,"Mrps23","C1qb",0.2,0.04
-1.19964526274024,6.39244021035073,0.543330377199178,1,"Vat1","C1qb",0.2,0.04
-1.19964526274024,6.39244021035073,0.543330377199178,1,"Ftsj3","C1qb",0.2,0.04
-1.19964526274024,6.39244021035073,0.543330377199178,1,"Vps41","C1qb",0.2,0.04
-1.19964526274024,6.39244021035073,0.543330377199178,1,"Tdp2","C1qb",0.2,0.04
-1.19964526274024,6.39244021035073,0.543330377199178,1,"Eci2","C1qb",0.2,0.04
-1.19964526274024,6.39244021035073,0.543330377199178,1,"Riok1","C1qb",0.2,0.04
-1.19964526274024,6.39244021035073,0.543330377199178,1,"Jarid2","C1qb",0.2,0.04
-1.19964526274024,6.39244021035073,0.543330377199178,1,"Nop16","C1qb",0.2,0.04
-1.19964526274024,6.39244021035073,0.543330377199178,1,"Col4a3bp","C1qb",0.2,0.04
-1.19964526274024,6.39244021035073,0.543330377199178,1,"Mrps36","C1qb",0.2,0.04
-1.19964526274024,6.39244021035073,0.543330377199178,1,"Erh","C1qb",0.2,0.04
-1.19964526274024,6.39244021035073,0.543330377199178,1,"Esyt2","C1qb",0.2,0.04
-1.19964526274024,6.39244021035073,0.543330377199178,1,"Fam173b","C1qb",0.2,0.04
-1.19964526274024,6.39244021035073,0.543330377199178,1,"Rad21","C1qb",0.2,0.04
-1.19964526274024,6.39244021035073,0.543330377199178,1,"Nsmce2","C1qb",0.2,0.04
-1.19964526274024,6.39244021035073,0.543330377199178,1,"Poldip3","C1qb",0.2,0.04
-1.19964526274024,6.39244021035073,0.543330377199178,1,"Dlg1","C1qb",0.2,0.04
-1.19964526274024,6.39244021035073,0.543330377199178,1,"Hspa13","C1qb",0.2,0.04
-1.19964526274024,6.39244021035073,0.543330377199178,1,"Slc22a3","C1qb",0.2,0.04
-1.19964526274024,6.39244021035073,0.543330377199178,1,"Ptprs","C1qb",0.2,0.04
-1.19964526274024,6.39244021035073,0.543330377199178,1,"Acaa2","C1qb",0.2,0.04
-1.19964526274024,6.39244021035073,0.543330377199178,1,"Txnl4a","C1qb",0.2,0.04
0.86510421435728,6.42442142253027,0.543330377199178,1,"Tcea1","C1qb",0.2,0.04
0.86510421435728,6.42442142253027,0.543330377199178,1,"Timm17a","C1qb",0.2,0.04
0.86510421435728,6.42442142253027,0.543330377199178,1,"Swt1","C1qb",0.2,0.04
0.86510421435728,6.42442142253027,0.543330377199178,1,"Ier5","C1qb",0.2,0.04
0.86510421435728,6.42442142253027,0.543330377199178,1,"Aldh9a1","C1qb",0.2,0.04
0.86510421435728,6.42442142253027,0.543330377199178,1,"Fbxw2","C1qb",0.2,0.04
0.86510421435728,6.42442142253027,0.543330377199178,1,"Tank","C1qb",0.2,0.04
0.86510421435728,6.42442142253027,0.543330377199178,1,"Lin7c","C1qb",0.2,0.04
0.86510421435728,6.42442142253027,0.543330377199178,1,"Gtf2b","C1qb",0.2,0.04
0.86510421435728,6.42442142253027,0.543330377199178,1,"Syf2","C1qb",0.2,0.04
0.86510421435728,6.42442142253027,0.543330377199178,1,"Frmd4b","C1qb",0.2,0.04
0.86510421435728,6.42442142253027,0.543330377199178,1,"Cyfip1","C1qb",0.2,0.04
0.86510421435728,6.42442142253027,0.543330377199178,1,"Tlnrd1","C1qb",0.2,0.04
0.86510421435728,6.42442142253027,0.543330377199178,1,"Rwdd1","C1qb",0.2,0.04
0.86510421435728,6.42442142253027,0.543330377199178,1,"Ccdc59","C1qb",0.2,0.04
0.86510421435728,6.42442142253027,0.543330377199178,1,"Tmem5","C1qb",0.2,0.04
0.86510421435728,6.42442142253027,0.543330377199178,1,"Tspan31","C1qb",0.2,0.04
0.86510421435728,6.42442142253027,0.543330377199178,1,"Scoc","C1qb",0.2,0.04
0.86510421435728,6.42442142253027,0.543330377199178,1,"Dhrs4","C1qb",0.2,0.04
0.86510421435728,6.42442142253027,0.543330377199178,1,"Vwa5a","C1qb",0.2,0.04
0.86510421435728,6.42442142253027,0.543330377199178,1,"Ube2q2","C1qb",0.2,0.04
0.86510421435728,6.42442142253027,0.543330377199178,1,"Pias1","C1qb",0.2,0.04
0.86510421435728,6.42442142253027,0.543330377199178,1,"Fbxo9","C1qb",0.2,0.04
0.86510421435728,6.42442142253027,0.543330377199178,1,"Uba7","C1qb",0.2,0.04
0.86510421435728,6.42442142253027,0.543330377199178,1,"Tcn2","C1qb",0.2,0.04
0.86510421435728,6.42442142253027,0.543330377199178,1,"Zzef1","C1qb",0.2,0.04
0.86510421435728,6.42442142253027,0.543330377199178,1,"Ssh2","C1qb",0.2,0.04
0.86510421435728,6.42442142253027,0.543330377199178,1,"Ddx52","C1qb",0.2,0.04
0.86510421435728,6.42442142253027,0.543330377199178,1,"Usp36","C1qb",0.2,0.04
0.86510421435728,6.42442142253027,0.543330377199178,1,"Fasn","C1qb",0.2,0.04
0.86510421435728,6.42442142253027,0.543330377199178,1,"4833420G17Rik","C1qb",0.2,0.04
0.86510421435728,6.42442142253027,0.543330377199178,1,"Churc1","C1qb",0.2,0.04
0.86510421435728,6.42442142253027,0.543330377199178,1,"Max","C1qb",0.2,0.04
0.86510421435728,6.42442142253027,0.543330377199178,1,"Tmem251","C1qb",0.2,0.04
0.86510421435728,6.42442142253027,0.543330377199178,1,"Zc3h7a","C1qb",0.2,0.04
0.86510421435728,6.42442142253027,0.543330377199178,1,"Eci1","C1qb",0.2,0.04
0.86510421435728,6.42442142253027,0.543330377199178,1,"Fam173a","C1qb",0.2,0.04
0.86510421435728,6.42442142253027,0.543330377199178,1,"Rbfa","C1qb",0.2,0.04
0.86510421435728,6.42442142253027,0.543330377199178,1,"Ahnak","C1qb",0.2,0.04
0.559581326684243,7.18474661580312,0.546614290841344,1,"Xrn2","C1qb",0.2,0.04
0.559581326684243,7.18474661580312,0.546614290841344,1,"Fkbp8","C1qb",0.2,0.04
0.559581326684243,7.18474661580312,0.546614290841344,1,"Uqcrc1","C1qb",0.2,0.04
0.559581326684243,7.18474661580312,0.546614290841344,1,"Ndufs4","C1qb",0.2,0.04
0.559581326684243,7.18474661580312,0.546614290841344,1,"Ptp4a3","C1qb",0.2,0.04
-0.540673006932203,7.21795120123901,0.546614290841344,1,"Ufc1","C1qb",0.2,0.04
-0.540673006932203,7.21795120123901,0.546614290841344,1,"Dstn","C1qb",0.2,0.04
-0.540673006932203,7.21795120123901,0.546614290841344,1,"Fundc2","C1qb",0.2,0.04
-0.540673006932203,7.21795120123901,0.546614290841344,1,"Gng12","C1qb",0.2,0.04
-0.540673006932203,7.21795120123901,0.546614290841344,1,"U2af2","C1qb",0.2,0.04
-0.540673006932203,7.21795120123901,0.546614290841344,1,"Epn1","C1qb",0.2,0.04
-0.540673006932203,7.21795120123901,0.546614290841344,1,"Igf1r","C1qb",0.2,0.04
-0.540673006932203,7.21795120123901,0.546614290841344,1,"Dnaja2","C1qb",0.2,0.04
-0.540673006932203,7.21795120123901,0.546614290841344,1,"Hsbp1","C1qb",0.2,0.04
-0.540673006932203,7.21795120123901,0.546614290841344,1,"Gnl3","C1qb",0.2,0.04
-0.540673006932203,7.21795120123901,0.546614290841344,1,"Foxn3","C1qb",0.2,0.04
-0.540673006932203,7.21795120123901,0.546614290841344,1,"Npm3","C1qb",0.2,0.04
0.274865084577107,11.1036290438458,0.547008234699745,1,"Rpl10a","C1qb",0.2,0.04
0.279568912788478,10.8927713409469,0.547909786322536,1,"Rpl24","C1qb",0.2,0.04
-0.247885234425918,13.3291195842925,0.55515608347687,1,"mt-Atp6","C1qb",0.2,0.04
-0.390192598992256,8.522345862501,0.555948409189117,1,"2010107E04Rik","C1qb",0.2,0.04
0.463776391312586,7.77176489815857,0.556403055150942,1,"Lsm4","C1qb",0.2,0.04
-0.498893390323094,7.81965065741344,0.556403055150942,1,"Arid1a","C1qb",0.2,0.04
-0.429013069372413,7.78068135923482,0.556403055150942,1,"Bola2","C1qb",0.2,0.04
-0.429013069372413,7.78068135923482,0.556403055150942,1,"Xbp1","C1qb",0.2,0.04
-0.429013069372413,7.78068135923482,0.556403055150942,1,"Vapa","C1qb",0.2,0.04
-0.430073167184364,8.2134171645463,0.557319238044702,1,"BC005537","C1qb",0.2,0.04
-0.430073167184364,8.2134171645463,0.557319238044702,1,"Hnrnpa0","C1qb",0.2,0.04
-0.257656850829826,11.5102479812523,0.558121326123814,1,"Rpl37","C1qb",0.2,0.04
0.258936676420785,11.1109575774143,0.561617497794459,1,"Rpl7","C1qb",0.2,0.04
0.253160753183525,11.6774031892684,0.562712144780742,1,"Rpl17","C1qb",0.2,0.04
0.385197756309098,8.81908309890934,0.56372522479346,1,"Atp5j","C1qb",0.2,0.04
-0.367197084607571,8.83833469327062,0.56372522479346,1,"Hnrnpa1","C1qb",0.2,0.04
-0.324785511533178,9.08193351468062,0.568718250428858,1,"Dynll1","C1qb",0.2,0.04
0.427243111193372,8.2532925077988,0.571136298775435,1,"Park7","C1qb",0.2,0.04
-0.744938681604621,7.3316661964654,0.572981224910388,1,"Marc2","C1qb",0.2,0.04
-0.744938681604621,7.3316661964654,0.572981224910388,1,"Surf4","C1qb",0.2,0.04
-0.744938681604621,7.3316661964654,0.572981224910388,1,"Hnrnpdl","C1qb",0.2,0.04
-0.744938681604621,7.3316661964654,0.572981224910388,1,"Dctpp1","C1qb",0.2,0.04
-0.744938681604621,7.3316661964654,0.572981224910388,1,"Agpat5","C1qb",0.2,0.04
-0.744938681604621,7.3316661964654,0.572981224910388,1,"Higd1a","C1qb",0.2,0.04
0.560339060673838,7.3115127060589,0.572981224910388,1,"Glmp","C1qb",0.2,0.04
0.560339060673838,7.3115127060589,0.572981224910388,1,"Pdcd6","C1qb",0.2,0.04
0.560339060673838,7.3115127060589,0.572981224910388,1,"0610012G03Rik","C1qb",0.2,0.04
-0.292641594602176,9.48413590603139,0.574630011461154,1,"Hmgb1","C1qb",0.2,0.04
0.318577480038628,9.49939761157597,0.580776322611497,1,"Arhgdib","C1qb",0.2,0.04
-0.243353030201867,11.6765732830118,0.581518716293409,1,"Rpl41","C1qb",0.2,0.04
0.433580530944502,8.31549377494031,0.58410474260008,1,"Srp9","C1qb",0.2,0.04
0.433580530944502,8.31549377494031,0.58410474260008,1,"Ndufb9","C1qb",0.2,0.04
-0.328632628361589,9.13206788775839,0.584325358147378,1,"Rbm39","C1qb",0.2,0.04
0.312145908143625,8.6572150956526,0.588468868107536,1,"Tkt","C1qb",0.2,0.04
-0.8268048190595,6.60148224743074,0.588481328606039,1,"Unc50","C1qb",0.2,0.04
-0.8268048190595,6.60148224743074,0.588481328606039,1,"Wdfy1","C1qb",0.2,0.04
-0.8268048190595,6.60148224743074,0.588481328606039,1,"Cul3","C1qb",0.2,0.04
-0.8268048190595,6.60148224743074,0.588481328606039,1,"Ppp1r15b","C1qb",0.2,0.04
-0.8268048190595,6.60148224743074,0.588481328606039,1,"Ptpa","C1qb",0.2,0.04
-0.8268048190595,6.60148224743074,0.588481328606039,1,"Rtf1","C1qb",0.2,0.04
-0.8268048190595,6.60148224743074,0.588481328606039,1,"Dido1","C1qb",0.2,0.04
-0.8268048190595,6.60148224743074,0.588481328606039,1,"Vbp1","C1qb",0.2,0.04
-0.8268048190595,6.60148224743074,0.588481328606039,1,"Emilin1","C1qb",0.2,0.04
-0.8268048190595,6.60148224743074,0.588481328606039,1,"Anapc4","C1qb",0.2,0.04
-0.8268048190595,6.60148224743074,0.588481328606039,1,"Rfc1","C1qb",0.2,0.04
-0.8268048190595,6.60148224743074,0.588481328606039,1,"Ociad1","C1qb",0.2,0.04
-0.8268048190595,6.60148224743074,0.588481328606039,1,"Znhit1","C1qb",0.2,0.04
-0.8268048190595,6.60148224743074,0.588481328606039,1,"Raf1","C1qb",0.2,0.04
-0.8268048190595,6.60148224743074,0.588481328606039,1,"Gemin7","C1qb",0.2,0.04
-0.8268048190595,6.60148224743074,0.588481328606039,1,"Spn","C1qb",0.2,0.04
-0.8268048190595,6.60148224743074,0.588481328606039,1,"Polr2c","C1qb",0.2,0.04
-0.8268048190595,6.60148224743074,0.588481328606039,1,"Trappc2l","C1qb",0.2,0.04
-0.8268048190595,6.60148224743074,0.588481328606039,1,"Pdhb","C1qb",0.2,0.04
-0.8268048190595,6.60148224743074,0.588481328606039,1,"1700123O20Rik","C1qb",0.2,0.04
-0.8268048190595,6.60148224743074,0.588481328606039,1,"Fbxo22","C1qb",0.2,0.04
-0.8268048190595,6.60148224743074,0.588481328606039,1,"Snrk","C1qb",0.2,0.04
-0.8268048190595,6.60148224743074,0.588481328606039,1,"Suz12","C1qb",0.2,0.04
-0.8268048190595,6.60148224743074,0.588481328606039,1,"Eftud2","C1qb",0.2,0.04
-0.8268048190595,6.60148224743074,0.588481328606039,1,"Sec14l1","C1qb",0.2,0.04
-0.8268048190595,6.60148224743074,0.588481328606039,1,"Acp1","C1qb",0.2,0.04
-0.8268048190595,6.60148224743074,0.588481328606039,1,"Erg28","C1qb",0.2,0.04
-0.8268048190595,6.60148224743074,0.588481328606039,1,"Bag5","C1qb",0.2,0.04
-0.8268048190595,6.60148224743074,0.588481328606039,1,"Dap","C1qb",0.2,0.04
-0.8268048190595,6.60148224743074,0.588481328606039,1,"Ubr5","C1qb",0.2,0.04
-0.8268048190595,6.60148224743074,0.588481328606039,1,"Nup50","C1qb",0.2,0.04
-0.8268048190595,6.60148224743074,0.588481328606039,1,"Ntan1","C1qb",0.2,0.04
-0.8268048190595,6.60148224743074,0.588481328606039,1,"Cldnd1","C1qb",0.2,0.04
-0.8268048190595,6.60148224743074,0.588481328606039,1,"Hdgfl2","C1qb",0.2,0.04
0.811871138359446,6.63235471517891,0.588481328606039,1,"Ube2f","C1qb",0.2,0.04
0.811871138359446,6.63235471517891,0.588481328606039,1,"4930523C07Rik","C1qb",0.2,0.04
0.811871138359446,6.63235471517891,0.588481328606039,1,"Madd","C1qb",0.2,0.04
0.811871138359446,6.63235471517891,0.588481328606039,1,"Tubgcp4","C1qb",0.2,0.04
0.811871138359446,6.63235471517891,0.588481328606039,1,"Ebp","C1qb",0.2,0.04
0.811871138359446,6.63235471517891,0.588481328606039,1,"Mpp1","C1qb",0.2,0.04
0.811871138359446,6.63235471517891,0.588481328606039,1,"Kdm5c","C1qb",0.2,0.04
0.811871138359446,6.63235471517891,0.588481328606039,1,"Bcas2","C1qb",0.2,0.04
0.811871138359446,6.63235471517891,0.588481328606039,1,"Snrnp27","C1qb",0.2,0.04
0.811871138359446,6.63235471517891,0.588481328606039,1,"Arap1","C1qb",0.2,0.04
0.811871138359446,6.63235471517891,0.588481328606039,1,"Taok2","C1qb",0.2,0.04
0.811871138359446,6.63235471517891,0.588481328606039,1,"Mknk2","C1qb",0.2,0.04
0.811871138359446,6.63235471517891,0.588481328606039,1,"Arl1","C1qb",0.2,0.04
0.811871138359446,6.63235471517891,0.588481328606039,1,"Ier2","C1qb",0.2,0.04
0.811871138359446,6.63235471517891,0.588481328606039,1,"Cyb5r4","C1qb",0.2,0.04
0.811871138359446,6.63235471517891,0.588481328606039,1,"BC017643","C1qb",0.2,0.04
0.811871138359446,6.63235471517891,0.588481328606039,1,"Snx6","C1qb",0.2,0.04
0.811871138359446,6.63235471517891,0.588481328606039,1,"Btbd7","C1qb",0.2,0.04
0.811871138359446,6.63235471517891,0.588481328606039,1,"Arf3","C1qb",0.2,0.04
0.811871138359446,6.63235471517891,0.588481328606039,1,"Abcg1","C1qb",0.2,0.04
-0.493057371170435,7.93747705150753,0.590668431519789,1,"Arhgdia","C1qb",0.2,0.04
0.476233572787615,7.93877497542251,0.59066843151979,1,"Prrc2c","C1qb",0.2,0.04
0.476233572787615,7.93877497542251,0.59066843151979,1,"Mrpl52","C1qb",0.2,0.04
-0.61817417976391,7.44496003850908,0.596165028105906,1,"Eif1ax","C1qb",0.2,0.04
-0.61817417976391,7.44496003850908,0.596165028105906,1,"Prpf38b","C1qb",0.2,0.04
-0.61817417976391,7.44496003850908,0.596165028105906,1,"Paics","C1qb",0.2,0.04
-0.61817417976391,7.44496003850908,0.596165028105906,1,"Cycs","C1qb",0.2,0.04
-0.61817417976391,7.44496003850908,0.596165028105906,1,"Psmd7","C1qb",0.2,0.04
-0.61817417976391,7.44496003850908,0.596165028105906,1,"Acin1","C1qb",0.2,0.04
-0.61817417976391,7.44496003850908,0.596165028105906,1,"Ndufv2","C1qb",0.2,0.04
0.560960572106019,7.42815117650207,0.596165028105906,1,"Clk1","C1qb",0.2,0.04
0.560960572106019,7.42815117650207,0.596165028105906,1,"Sumo1","C1qb",0.2,0.04
0.560960572106019,7.42815117650207,0.596165028105906,1,"Wdr1","C1qb",0.2,0.04
0.560960572106019,7.42815117650207,0.596165028105906,1,"Rab7","C1qb",0.2,0.04
-0.360826721401089,8.7120823738754,0.598280716632924,1,"Morf4l1","C1qb",0.2,0.04
0.328141571977291,9.20613995690282,0.598869672222677,1,"Uqcrh","C1qb",0.2,0.04
-0.329518718863296,8.75720669147499,0.607637354435199,1,"Snrpe","C1qb",0.2,0.04
0.27496102180527,9.78457155941772,0.607713434914718,1,"Chchd2","C1qb",0.2,0.04
0.561479565738737,7.53616002944934,0.616742498947863,1,"Macf1","C1qb",0.2,0.04
0.561479565738737,7.53616002944934,0.616742498947863,1,"Elavl1","C1qb",0.2,0.04
0.561479565738737,7.53616002944934,0.616742498947863,1,"Fam105a","C1qb",0.2,0.04
-0.51476804556743,7.55019055890384,0.616742498947863,1,"Ddx3x","C1qb",0.2,0.04
-0.51476804556743,7.55019055890384,0.616742498947863,1,"Psmb2","C1qb",0.2,0.04
-0.51476804556743,7.55019055890384,0.616742498947863,1,"Git2","C1qb",0.2,0.04
-0.51476804556743,7.55019055890384,0.616742498947863,1,"Glrx3","C1qb",0.2,0.04
-0.51476804556743,7.55019055890384,0.616742498947863,1,"Ankrd11","C1qb",0.2,0.04
-0.51476804556743,7.55019055890384,0.616742498947863,1,"Lsm12","C1qb",0.2,0.04
-0.51476804556743,7.55019055890384,0.616742498947863,1,"Ssr1","C1qb",0.2,0.04
-0.51476804556743,7.55019055890384,0.616742498947863,1,"Mrpl36","C1qb",0.2,0.04
-0.51476804556743,7.55019055890384,0.616742498947863,1,"Eif5","C1qb",0.2,0.04
-0.51476804556743,7.55019055890384,0.616742498947863,1,"Birc6","C1qb",0.2,0.04
0.334279243344994,8.48153894206567,0.618639130878946,1,"Vdac2","C1qb",0.2,0.04
-0.429868892531589,8.11687239081871,0.619820092651577,1,"Gnb1","C1qb",0.2,0.04
-0.429868892531589,8.11687239081871,0.619820092651577,1,"Aes","C1qb",0.2,0.04
-0.429868892531589,8.11687239081871,0.619820092651577,1,"Ppp1r14b","C1qb",0.2,0.04
-0.373614728458284,8.08550914387691,0.619820092651577,1,"Tmem14c","C1qb",0.2,0.04
0.230892368038335,11.0644683531446,0.620130305717188,1,"Rpl36","C1qb",0.2,0.04
-0.230459068576254,10.627344365031,0.621466352375146,1,"Rpl36a","C1qb",0.2,0.04
0.774808788268616,6.81430714623828,0.624139855167107,1,"Idh3g","C1qb",0.2,0.04
0.774808788268616,6.81430714623828,0.624139855167107,1,"Erp44","C1qb",0.2,0.04
0.774808788268616,6.81430714623828,0.624139855167107,1,"Cops6","C1qb",0.2,0.04
0.774808788268616,6.81430714623828,0.624139855167107,1,"Rbm42","C1qb",0.2,0.04
0.774808788268616,6.81430714623828,0.624139855167107,1,"Mrpl17","C1qb",0.2,0.04
0.774808788268616,6.81430714623828,0.624139855167107,1,"Hpf1","C1qb",0.2,0.04
0.774808788268616,6.81430714623828,0.624139855167107,1,"Wapl","C1qb",0.2,0.04
0.774808788268616,6.81430714623828,0.624139855167107,1,"Hmbox1","C1qb",0.2,0.04
0.774808788268616,6.81430714623828,0.624139855167107,1,"Bnip2","C1qb",0.2,0.04
0.774808788268616,6.81430714623828,0.624139855167107,1,"Skp1a","C1qb",0.2,0.04
0.774808788268616,6.81430714623828,0.624139855167107,1,"Msl1","C1qb",0.2,0.04
0.774808788268616,6.81430714623828,0.624139855167107,1,"Dtnbp1","C1qb",0.2,0.04
0.774808788268616,6.81430714623828,0.624139855167107,1,"F2r","C1qb",0.2,0.04
0.774808788268616,6.81430714623828,0.624139855167107,1,"Pfdn6","C1qb",0.2,0.04
0.774808788268616,6.81430714623828,0.624139855167107,1,"Ddah2","C1qb",0.2,0.04
0.774808788268616,6.81430714623828,0.624139855167107,1,"Srp19","C1qb",0.2,0.04
0.774808788268616,6.81430714623828,0.624139855167107,1,"Capn1","C1qb",0.2,0.04
0.774808788268616,6.81430714623828,0.624139855167107,1,"Mrpl16","C1qb",0.2,0.04
-0.740166294263136,6.8632183733738,0.624139855167107,1,"Angel2","C1qb",0.2,0.04
-0.740166294263136,6.8632183733738,0.624139855167107,1,"Ppp2r5a","C1qb",0.2,0.04
-0.740166294263136,6.8632183733738,0.624139855167107,1,"Itih5","C1qb",0.2,0.04
-0.740166294263136,6.8632183733738,0.624139855167107,1,"Yme1l1","C1qb",0.2,0.04
-0.740166294263136,6.8632183733738,0.624139855167107,1,"Timm10","C1qb",0.2,0.04
-0.740166294263136,6.8632183733738,0.624139855167107,1,"Ndufs3","C1qb",0.2,0.04
-0.740166294263136,6.8632183733738,0.624139855167107,1,"Golim4","C1qb",0.2,0.04
-0.740166294263136,6.8632183733738,0.624139855167107,1,"Srsf11","C1qb",0.2,0.04
-0.740166294263136,6.8632183733738,0.624139855167107,1,"Zcchc7","C1qb",0.2,0.04
-0.740166294263136,6.8632183733738,0.624139855167107,1,"Ptpn11","C1qb",0.2,0.04
-0.740166294263136,6.8632183733738,0.624139855167107,1,"N4bp2l2","C1qb",0.2,0.04
-0.740166294263136,6.8632183733738,0.624139855167107,1,"Hnrnpl","C1qb",0.2,0.04
-0.740166294263136,6.8632183733738,0.624139855167107,1,"Tial1","C1qb",0.2,0.04
-0.740166294263136,6.8632183733738,0.624139855167107,1,"Ap2a2","C1qb",0.2,0.04
-0.740166294263136,6.8632183733738,0.624139855167107,1,"Cs","C1qb",0.2,0.04
-0.740166294263136,6.8632183733738,0.624139855167107,1,"Pcm1","C1qb",0.2,0.04
-0.740166294263136,6.8632183733738,0.624139855167107,1,"Nudt21","C1qb",0.2,0.04
-0.740166294263136,6.8632183733738,0.624139855167107,1,"Smarce1","C1qb",0.2,0.04
-0.740166294263136,6.8632183733738,0.624139855167107,1,"Acly","C1qb",0.2,0.04
-0.740166294263136,6.8632183733738,0.624139855167107,1,"Coa3","C1qb",0.2,0.04
-0.740166294263136,6.8632183733738,0.624139855167107,1,"Pitpnc1","C1qb",0.2,0.04
-0.740166294263136,6.8632183733738,0.624139855167107,1,"Snrnp48","C1qb",0.2,0.04
-0.740166294263136,6.8632183733738,0.624139855167107,1,"Rnps1","C1qb",0.2,0.04
-0.740166294263136,6.8632183733738,0.624139855167107,1,"Khsrp","C1qb",0.2,0.04
-0.740166294263136,6.8632183733738,0.624139855167107,1,"Cndp2","C1qb",0.2,0.04
-0.4286022294912,7.64842725661877,0.6351543637266,1,"Cd44","C1qb",0.2,0.04
-0.4286022294912,7.64842725661877,0.6351543637266,1,"Flna","C1qb",0.2,0.04
-0.4286022294912,7.64842725661877,0.6351543637266,1,"Lgals3bp","C1qb",0.2,0.04
-0.4286022294912,7.64842725661877,0.6351543637266,1,"Grk2","C1qb",0.2,0.04
0.341621449989251,7.62858080118646,0.6351543637266,1,"Nop53","C1qb",0.2,0.04
0.341621449989251,7.62858080118646,0.6351543637266,1,"Tm6sf1","C1qb",0.2,0.04
0.341621449989251,7.62858080118646,0.6351543637266,1,"Hspa4","C1qb",0.2,0.04
0.341621449989251,7.62858080118646,0.6351543637266,1,"Uqcc2","C1qb",0.2,0.04
-0.26215102311326,9.39251854914948,0.637084400910705,1,"Atpif1","C1qb",0.2,0.04
0.351523712476209,8.58619664469187,0.638605148907471,1,"Erp29","C1qb",0.2,0.04
-1.34713128571373,5.86757032357869,0.639289678135405,1,"Mob4","C1qb",0.2,0.04
-1.34713128571373,5.86757032357869,0.639289678135405,1,"Nif3l1","C1qb",0.2,0.04
-1.34713128571373,5.86757032357869,0.639289678135405,1,"Orc2","C1qb",0.2,0.04
-1.34713128571373,5.86757032357869,0.639289678135405,1,"Cnot9","C1qb",0.2,0.04
-1.34713128571373,5.86757032357869,0.639289678135405,1,"Farsb","C1qb",0.2,0.04
-1.34713128571373,5.86757032357869,0.639289678135405,1,"Atg16l1","C1qb",0.2,0.04
-1.34713128571373,5.86757032357869,0.639289678135405,1,"Gin1","C1qb",0.2,0.04
-1.34713128571373,5.86757032357869,0.639289678135405,1,"Clasp1","C1qb",0.2,0.04
-1.34713128571373,5.86757032357869,0.639289678135405,1,"Tmem37","C1qb",0.2,0.04
-1.34713128571373,5.86757032357869,0.639289678135405,1,"Atp2b4","C1qb",0.2,0.04
-1.34713128571373,5.86757032357869,0.639289678135405,1,"Kcnj10","C1qb",0.2,0.04
-1.34713128571373,5.86757032357869,0.639289678135405,1,"Sdccag8","C1qb",0.2,0.04
-1.34713128571373,5.86757032357869,0.639289678135405,1,"Iars2","C1qb",0.2,0.04
-1.34713128571373,5.86757032357869,0.639289678135405,1,"Lpgat1","C1qb",0.2,0.04
-1.34713128571373,5.86757032357869,0.639289678135405,1,"Man1b1","C1qb",0.2,0.04
-1.34713128571373,5.86757032357869,0.639289678135405,1,"Pmpca","C1qb",0.2,0.04
-1.34713128571373,5.86757032357869,0.639289678135405,1,"Egfl7","C1qb",0.2,0.04
-1.34713128571373,5.86757032357869,0.639289678135405,1,"Ttf1","C1qb",0.2,0.04
-1.34713128571373,5.86757032357869,0.639289678135405,1,"Dab2ip","C1qb",0.2,0.04
-1.34713128571373,5.86757032357869,0.639289678135405,1,"Strbp","C1qb",0.2,0.04
-1.34713128571373,5.86757032357869,0.639289678135405,1,"Gpd2","C1qb",0.2,0.04
-1.34713128571373,5.86757032357869,0.639289678135405,1,"Cat","C1qb",0.2,0.04
-1.34713128571373,5.86757032357869,0.639289678135405,1,"Emc4","C1qb",0.2,0.04
-1.34713128571373,5.86757032357869,0.639289678135405,1,"Gatm","C1qb",0.2,0.04
-1.34713128571373,5.86757032357869,0.639289678135405,1,"1700037H04Rik","C1qb",0.2,0.04
-1.34713128571373,5.86757032357869,0.639289678135405,1,"Kif16b","C1qb",0.2,0.04
-1.34713128571373,5.86757032357869,0.639289678135405,1,"Polr3f","C1qb",0.2,0.04
-1.34713128571373,5.86757032357869,0.639289678135405,1,"Ift52","C1qb",0.2,0.04
-1.34713128571373,5.86757032357869,0.639289678135405,1,"Arfrp1","C1qb",0.2,0.04
-1.34713128571373,5.86757032357869,0.639289678135405,1,"Cul4b","C1qb",0.2,0.04
-1.34713128571373,5.86757032357869,0.639289678135405,1,"Rbmx","C1qb",0.2,0.04
-1.34713128571373,5.86757032357869,0.639289678135405,1,"Fmr1","C1qb",0.2,0.04
-1.34713128571373,5.86757032357869,0.639289678135405,1,"Mtm1","C1qb",0.2,0.04
-1.34713128571373,5.86757032357869,0.639289678135405,1,"Mecp2","C1qb",0.2,0.04
-1.34713128571373,5.86757032357869,0.639289678135405,1,"Pdk3","C1qb",0.2,0.04
-1.34713128571373,5.86757032357869,0.639289678135405,1,"Las1l","C1qb",0.2,0.04
-1.34713128571373,5.86757032357869,0.639289678135405,1,"Pja1","C1qb",0.2,0.04
-1.34713128571373,5.86757032357869,0.639289678135405,1,"Rlim","C1qb",0.2,0.04
-1.34713128571373,5.86757032357869,0.639289678135405,1,"Pbdc1","C1qb",0.2,0.04
-1.34713128571373,5.86757032357869,0.639289678135405,1,"Jade1","C1qb",0.2,0.04
-1.34713128571373,5.86757032357869,0.639289678135405,1,"Them4","C1qb",0.2,0.04
-1.34713128571373,5.86757032357869,0.639289678135405,1,"Sort1","C1qb",0.2,0.04
-1.34713128571373,5.86757032357869,0.639289678135405,1,"Ints12","C1qb",0.2,0.04
-1.34713128571373,5.86757032357869,0.639289678135405,1,"Cenpe","C1qb",0.2,0.04
-1.34713128571373,5.86757032357869,0.639289678135405,1,"Znhit6","C1qb",0.2,0.04
-1.34713128571373,5.86757032357869,0.639289678135405,1,"2410004B18Rik","C1qb",0.2,0.04
-1.34713128571373,5.86757032357869,0.639289678135405,1,"Tmem55a","C1qb",0.2,0.04
-1.34713128571373,5.86757032357869,0.639289678135405,1,"Usp45","C1qb",0.2,0.04
-1.34713128571373,5.86757032357869,0.639289678135405,1,"Snx30","C1qb",0.2,0.04
-1.34713128571373,5.86757032357869,0.639289678135405,1,"Cc2d1b","C1qb",0.2,0.04
-1.34713128571373,5.86757032357869,0.639289678135405,1,"Faf1","C1qb",0.2,0.04
-1.34713128571373,5.86757032357869,0.639289678135405,1,"Ubr4","C1qb",0.2,0.04
-1.34713128571373,5.86757032357869,0.639289678135405,1,"2510039O18Rik","C1qb",0.2,0.04
-1.34713128571373,5.86757032357869,0.639289678135405,1,"Abcb8","C1qb",0.2,0.04
-1.34713128571373,5.86757032357869,0.639289678135405,1,"Smim20","C1qb",0.2,0.04
-1.34713128571373,5.86757032357869,0.639289678135405,1,"Guf1","C1qb",0.2,0.04
-1.34713128571373,5.86757032357869,0.639289678135405,1,"Atxn2","C1qb",0.2,0.04
-1.34713128571373,5.86757032357869,0.639289678135405,1,"Zfp68","C1qb",0.2,0.04
-1.34713128571373,5.86757032357869,0.639289678135405,1,"Aimp2","C1qb",0.2,0.04
-1.34713128571373,5.86757032357869,0.639289678135405,1,"Mdfic","C1qb",0.2,0.04
-1.34713128571373,5.86757032357869,0.639289678135405,1,"Slc35b4","C1qb",0.2,0.04
-1.34713128571373,5.86757032357869,0.639289678135405,1,"Smyd5","C1qb",0.2,0.04
-1.34713128571373,5.86757032357869,0.639289678135405,1,"Pcyox1","C1qb",0.2,0.04
-1.34713128571373,5.86757032357869,0.639289678135405,1,"Aak1","C1qb",0.2,0.04
-1.34713128571373,5.86757032357869,0.639289678135405,1,"Gm20696","C1qb",0.2,0.04
-1.34713128571373,5.86757032357869,0.639289678135405,1,"Brpf1","C1qb",0.2,0.04
-1.34713128571373,5.86757032357869,0.639289678135405,1,"Bcl2l13","C1qb",0.2,0.04
-1.34713128571373,5.86757032357869,0.639289678135405,1,"Foxj2","C1qb",0.2,0.04
-1.34713128571373,5.86757032357869,0.639289678135405,1,"Usp5","C1qb",0.2,0.04
-1.34713128571373,5.86757032357869,0.639289678135405,1,"Zfp384","C1qb",0.2,0.04
-1.34713128571373,5.86757032357869,0.639289678135405,1,"Akt1s1","C1qb",0.2,0.04
-1.34713128571373,5.86757032357869,0.639289678135405,1,"Gtf2h1","C1qb",0.2,0.04
-1.34713128571373,5.86757032357869,0.639289678135405,1,"Tarsl2","C1qb",0.2,0.04
-1.34713128571373,5.86757032357869,0.639289678135405,1,"Zfp592","C1qb",0.2,0.04
-1.34713128571373,5.86757032357869,0.639289678135405,1,"Ccp110","C1qb",0.2,0.04
-1.34713128571373,5.86757032357869,0.639289678135405,1,"Palb2","C1qb",0.2,0.04
-1.34713128571373,5.86757032357869,0.639289678135405,1,"Vkorc1","C1qb",0.2,0.04
-1.34713128571373,5.86757032357869,0.639289678135405,1,"Bckdk","C1qb",0.2,0.04
-1.34713128571373,5.86757032357869,0.639289678135405,1,"Cd151","C1qb",0.2,0.04
-1.34713128571373,5.86757032357869,0.639289678135405,1,"Ginm1","C1qb",0.2,0.04
-1.34713128571373,5.86757032357869,0.639289678135405,1,"Ascc1","C1qb",0.2,0.04
-1.34713128571373,5.86757032357869,0.639289678135405,1,"Gucd1","C1qb",0.2,0.04
-1.34713128571373,5.86757032357869,0.639289678135405,1,"Slc19a1","C1qb",0.2,0.04
-1.34713128571373,5.86757032357869,0.639289678135405,1,"Gna15","C1qb",0.2,0.04
-1.34713128571373,5.86757032357869,0.639289678135405,1,"Txnrd1","C1qb",0.2,0.04
-1.34713128571373,5.86757032357869,0.639289678135405,1,"Appl2","C1qb",0.2,0.04
-1.34713128571373,5.86757032357869,0.639289678135405,1,"Prdm4","C1qb",0.2,0.04
-1.34713128571373,5.86757032357869,0.639289678135405,1,"Utp20","C1qb",0.2,0.04
-1.34713128571373,5.86757032357869,0.639289678135405,1,"Ikbip","C1qb",0.2,0.04
-1.34713128571373,5.86757032357869,0.639289678135405,1,"R3hdm2","C1qb",0.2,0.04
-1.34713128571373,5.86757032357869,0.639289678135405,1,"Xab2","C1qb",0.2,0.04
-1.34713128571373,5.86757032357869,0.639289678135405,1,"Gpat4","C1qb",0.2,0.04
-1.34713128571373,5.86757032357869,0.639289678135405,1,"Tusc3","C1qb",0.2,0.04
-1.34713128571373,5.86757032357869,0.639289678135405,1,"Prkaca","C1qb",0.2,0.04
-1.34713128571373,5.86757032357869,0.639289678135405,1,"Nacc1","C1qb",0.2,0.04
-1.34713128571373,5.86757032357869,0.639289678135405,1,"G430095P16Rik","C1qb",0.2,0.04
-1.34713128571373,5.86757032357869,0.639289678135405,1,"Aars","C1qb",0.2,0.04
-1.34713128571373,5.86757032357869,0.639289678135405,1,"Vcl","C1qb",0.2,0.04
-1.34713128571373,5.86757032357869,0.639289678135405,1,"Capn7","C1qb",0.2,0.04
-1.34713128571373,5.86757032357869,0.639289678135405,1,"Mettl6","C1qb",0.2,0.04
-1.34713128571373,5.86757032357869,0.639289678135405,1,"Tep1","C1qb",0.2,0.04
-1.34713128571373,5.86757032357869,0.639289678135405,1,"Mettl3","C1qb",0.2,0.04
-1.34713128571373,5.86757032357869,0.639289678135405,1,"Bcl2l2","C1qb",0.2,0.04
-1.34713128571373,5.86757032357869,0.639289678135405,1,"Lats2","C1qb",0.2,0.04
-1.34713128571373,5.86757032357869,0.639289678135405,1,"Ebpl","C1qb",0.2,0.04
-1.34713128571373,5.86757032357869,0.639289678135405,1,"Slc25a37","C1qb",0.2,0.04
-1.34713128571373,5.86757032357869,0.639289678135405,1,"Gpalpp1","C1qb",0.2,0.04
-1.34713128571373,5.86757032357869,0.639289678135405,1,"Rpl36a-ps1","C1qb",0.2,0.04
-1.34713128571373,5.86757032357869,0.639289678135405,1,"Panx1","C1qb",0.2,0.04
-1.34713128571373,5.86757032357869,0.639289678135405,1,"Dnm2","C1qb",0.2,0.04
-1.34713128571373,5.86757032357869,0.639289678135405,1,"Timm29","C1qb",0.2,0.04
-1.34713128571373,5.86757032357869,0.639289678135405,1,"Npat","C1qb",0.2,0.04
-1.34713128571373,5.86757032357869,0.639289678135405,1,"Edc3","C1qb",0.2,0.04
-1.34713128571373,5.86757032357869,0.639289678135405,1,"Dopey1","C1qb",0.2,0.04
-1.34713128571373,5.86757032357869,0.639289678135405,1,"Pgm3","C1qb",0.2,0.04
-1.34713128571373,5.86757032357869,0.639289678135405,1,"Uba5","C1qb",0.2,0.04
-1.34713128571373,5.86757032357869,0.639289678135405,1,"Gmppb","C1qb",0.2,0.04
-1.34713128571373,5.86757032357869,0.639289678135405,1,"Dalrd3","C1qb",0.2,0.04
-1.34713128571373,5.86757032357869,0.639289678135405,1,"Map4","C1qb",0.2,0.04
-1.34713128571373,5.86757032357869,0.639289678135405,1,"Crtap","C1qb",0.2,0.04
-1.34713128571373,5.86757032357869,0.639289678135405,1,"Pik3ip1","C1qb",0.2,0.04
-1.34713128571373,5.86757032357869,0.639289678135405,1,"Spred2","C1qb",0.2,0.04
-1.34713128571373,5.86757032357869,0.639289678135405,1,"Pnpt1","C1qb",0.2,0.04
-1.34713128571373,5.86757032357869,0.639289678135405,1,"Sept8","C1qb",0.2,0.04
-1.34713128571373,5.86757032357869,0.639289678135405,1,"Fam114a2","C1qb",0.2,0.04
-1.34713128571373,5.86757032357869,0.639289678135405,1,"Trim11","C1qb",0.2,0.04
-1.34713128571373,5.86757032357869,0.639289678135405,1,"Drg2","C1qb",0.2,0.04
-1.34713128571373,5.86757032357869,0.639289678135405,1,"Spns2","C1qb",0.2,0.04
-1.34713128571373,5.86757032357869,0.639289678135405,1,"Mettl16","C1qb",0.2,0.04
-1.34713128571373,5.86757032357869,0.639289678135405,1,"Tmem199","C1qb",0.2,0.04
-1.34713128571373,5.86757032357869,0.639289678135405,1,"Utp6","C1qb",0.2,0.04
-1.34713128571373,5.86757032357869,0.639289678135405,1,"Cavin1","C1qb",0.2,0.04
-1.34713128571373,5.86757032357869,0.639289678135405,1,"Hexim1","C1qb",0.2,0.04
-1.34713128571373,5.86757032357869,0.639289678135405,1,"Icam2","C1qb",0.2,0.04
-1.34713128571373,5.86757032357869,0.639289678135405,1,"Ern1","C1qb",0.2,0.04
-1.34713128571373,5.86757032357869,0.639289678135405,1,"Smim5","C1qb",0.2,0.04
-1.34713128571373,5.86757032357869,0.639289678135405,1,"Trim65","C1qb",0.2,0.04
-1.34713128571373,5.86757032357869,0.639289678135405,1,"Baiap2","C1qb",0.2,0.04
-1.34713128571373,5.86757032357869,0.639289678135405,1,"Cdyl","C1qb",0.2,0.04
-1.34713128571373,5.86757032357869,0.639289678135405,1,"Nol8","C1qb",0.2,0.04
-1.34713128571373,5.86757032357869,0.639289678135405,1,"Slf1","C1qb",0.2,0.04
-1.34713128571373,5.86757032357869,0.639289678135405,1,"Ankra2","C1qb",0.2,0.04
-1.34713128571373,5.86757032357869,0.639289678135405,1,"Ipo11","C1qb",0.2,0.04
-1.34713128571373,5.86757032357869,0.639289678135405,1,"Skiv2l2","C1qb",0.2,0.04
-1.34713128571373,5.86757032357869,0.639289678135405,1,"Adcy3","C1qb",0.2,0.04
-1.34713128571373,5.86757032357869,0.639289678135405,1,"Wdcp","C1qb",0.2,0.04
-1.34713128571373,5.86757032357869,0.639289678135405,1,"Fbxo33","C1qb",0.2,0.04
-1.34713128571373,5.86757032357869,0.639289678135405,1,"Arf6","C1qb",0.2,0.04
-1.34713128571373,5.86757032357869,0.639289678135405,1,"Pcnx","C1qb",0.2,0.04
-1.34713128571373,5.86757032357869,0.639289678135405,1,"Numb","C1qb",0.2,0.04
-1.34713128571373,5.86757032357869,0.639289678135405,1,"Atp6v1c1","C1qb",0.2,0.04
-1.34713128571373,5.86757032357869,0.639289678135405,1,"Utp23","C1qb",0.2,0.04
-1.34713128571373,5.86757032357869,0.639289678135405,1,"Cyb5r3","C1qb",0.2,0.04
-1.34713128571373,5.86757032357869,0.639289678135405,1,"Zbed4","C1qb",0.2,0.04
-1.34713128571373,5.86757032357869,0.639289678135405,1,"Twf1","C1qb",0.2,0.04
-1.34713128571373,5.86757032357869,0.639289678135405,1,"Pdxdc1","C1qb",0.2,0.04
-1.34713128571373,5.86757032357869,0.639289678135405,1,"Prkdc","C1qb",0.2,0.04
-1.34713128571373,5.86757032357869,0.639289678135405,1,"Eif2b5","C1qb",0.2,0.04
-1.34713128571373,5.86757032357869,0.639289678135405,1,"Heg1","C1qb",0.2,0.04
-1.34713128571373,5.86757032357869,0.639289678135405,1,"Zbtb11","C1qb",0.2,0.04
-1.34713128571373,5.86757032357869,0.639289678135405,1,"Cmss1","C1qb",0.2,0.04
-1.34713128571373,5.86757032357869,0.639289678135405,1,"St3gal6","C1qb",0.2,0.04
-1.34713128571373,5.86757032357869,0.639289678135405,1,"Paxbp1","C1qb",0.2,0.04
-1.34713128571373,5.86757032357869,0.639289678135405,1,"Dscr3","C1qb",0.2,0.04
-1.34713128571373,5.86757032357869,0.639289678135405,1,"C2cd2","C1qb",0.2,0.04
-1.34713128571373,5.86757032357869,0.639289678135405,1,"Scaf8","C1qb",0.2,0.04
-1.34713128571373,5.86757032357869,0.639289678135405,1,"Map3k4","C1qb",0.2,0.04
-1.34713128571373,5.86757032357869,0.639289678135405,1,"Acat2","C1qb",0.2,0.04
-1.34713128571373,5.86757032357869,0.639289678135405,1,"BC004004","C1qb",0.2,0.04
-1.34713128571373,5.86757032357869,0.639289678135405,1,"Rgl2","C1qb",0.2,0.04
-1.34713128571373,5.86757032357869,0.639289678135405,1,"Vps52","C1qb",0.2,0.04
-1.34713128571373,5.86757032357869,0.639289678135405,1,"Runx2","C1qb",0.2,0.04
-1.34713128571373,5.86757032357869,0.639289678135405,1,"Prkd3","C1qb",0.2,0.04
-1.34713128571373,5.86757032357869,0.639289678135405,1,"Uty","C1qb",0.2,0.04
-1.34713128571373,5.86757032357869,0.639289678135405,1,"Rnf138","C1qb",0.2,0.04
-1.34713128571373,5.86757032357869,0.639289678135405,1,"Hsd17b4","C1qb",0.2,0.04
-1.34713128571373,5.86757032357869,0.639289678135405,1,"C330018D20Rik","C1qb",0.2,0.04
-1.34713128571373,5.86757032357869,0.639289678135405,1,"Dctn4","C1qb",0.2,0.04
-1.34713128571373,5.86757032357869,0.639289678135405,1,"Pcyox1l","C1qb",0.2,0.04
-1.34713128571373,5.86757032357869,0.639289678135405,1,"1500015A07Rik","C1qb",0.2,0.04
-1.34713128571373,5.86757032357869,0.639289678135405,1,"Zfp407","C1qb",0.2,0.04
-1.34713128571373,5.86757032357869,0.639289678135405,1,"Mrpl49","C1qb",0.2,0.04
-1.34713128571373,5.86757032357869,0.639289678135405,1,"Vegfb","C1qb",0.2,0.04
-1.34713128571373,5.86757032357869,0.639289678135405,1,"Smc5","C1qb",0.2,0.04
-1.34713128571373,5.86757032357869,0.639289678135405,1,"Minpp1","C1qb",0.2,0.04
-1.34713128571373,5.86757032357869,0.639289678135405,1,"Btaf1","C1qb",0.2,0.04
-1.34713128571373,5.86757032357869,0.639289678135405,1,"Hps1","C1qb",0.2,0.04
-1.34713128571373,5.86757032357869,0.639289678135405,1,"Slc25a28","C1qb",0.2,0.04
-1.34713128571373,5.86757032357869,0.639289678135405,1,"Twnk","C1qb",0.2,0.04
-1.34713128571373,5.86757032357869,0.639289678135405,1,"Gm17018","C1qb",0.2,0.04
0.244905058499769,9.93702639955764,0.643013479967632,1,"Eef2","C1qb",0.2,0.04
-0.331224776677331,8.24858815460291,0.644952898982354,1,"Mrfap1","C1qb",0.2,0.04
-0.318831793886008,8.62317124504474,0.647814597099578,1,"Eif3k","C1qb",0.2,0.04
0.357653799661127,7.72288863730064,0.65174391953749,1,"Eif5b","C1qb",0.2,0.04
-0.560917209381133,7.0175646554666,0.653224271136319,1,"Ube2r2","C1qb",0.2,0.04
-0.560917209381133,7.0175646554666,0.653224271136319,1,"Zfp644","C1qb",0.2,0.04
-0.560917209381133,7.0175646554666,0.653224271136319,1,"Camkk2","C1qb",0.2,0.04
-0.560917209381133,7.0175646554666,0.653224271136319,1,"Zc3hav1","C1qb",0.2,0.04
-0.560917209381133,7.0175646554666,0.653224271136319,1,"Cisd1","C1qb",0.2,0.04
-0.560917209381133,7.0175646554666,0.653224271136319,1,"Srek1","C1qb",0.2,0.04
-0.560917209381133,7.0175646554666,0.653224271136319,1,"Baz1a","C1qb",0.2,0.04
-0.560917209381133,7.0175646554666,0.653224271136319,1,"Trip11","C1qb",0.2,0.04
-0.560917209381133,7.0175646554666,0.653224271136319,1,"Pcnp","C1qb",0.2,0.04
-0.560917209381133,7.0175646554666,0.653224271136319,1,"Rab11b","C1qb",0.2,0.04
-0.560917209381133,7.0175646554666,0.653224271136319,1,"Abcf1","C1qb",0.2,0.04
-0.560917209381133,7.0175646554666,0.653224271136319,1,"Brd8","C1qb",0.2,0.04
-0.198802161670098,11.1312161512884,0.664414804524192,1,"Rps21","C1qb",0.2,0.04
0.371555671864515,7.81148592675037,0.666783082176848,1,"Pnisr","C1qb",0.2,0.04
0.372567632441166,8.34241896023593,0.666864838914518,1,"Ncor1","C1qb",0.2,0.04
0.3140306698721,8.3688049984869,0.666864838914518,1,"Rbm25","C1qb",0.2,0.04
0.269418786733563,9.08362770597892,0.669290945219036,1,"Selenop","C1qb",0.2,0.04
-0.198846624725216,11.0145173301003,0.67052685187331,1,"Rack1","C1qb",0.2,0.04
-0.185511700380151,12.0032543704376,0.673698997742264,1,"Rps12","C1qb",0.2,0.04
0.391651120924843,7.11232026262495,0.677528211107962,1,"Blvra","C1qb",0.2,0.04
0.391651120924843,7.11232026262495,0.677528211107962,1,"Ddrgk1","C1qb",0.2,0.04
0.391651120924843,7.11232026262495,0.677528211107962,1,"Arhgap45","C1qb",0.2,0.04
0.391651120924843,7.11232026262495,0.677528211107962,1,"Rps27rt","C1qb",0.2,0.04
0.391651120924843,7.11232026262495,0.677528211107962,1,"Fam104a","C1qb",0.2,0.04
0.391651120924843,7.11232026262495,0.677528211107962,1,"Clptm1l","C1qb",0.2,0.04
0.391651120924843,7.11232026262495,0.677528211107962,1,"Tmx1","C1qb",0.2,0.04
0.391651120924843,7.11232026262495,0.677528211107962,1,"Sptlc2","C1qb",0.2,0.04
0.391651120924843,7.11232026262495,0.677528211107962,1,"Bin2","C1qb",0.2,0.04
0.391651120924843,7.11232026262495,0.677528211107962,1,"Atp6v1a","C1qb",0.2,0.04
0.391651120924843,7.11232026262495,0.677528211107962,1,"Wtap","C1qb",0.2,0.04
0.391651120924843,7.11232026262495,0.677528211107962,1,"Mbd2","C1qb",0.2,0.04
-0.42655986238055,7.15726698926321,0.677528211107962,1,"Aamp","C1qb",0.2,0.04
-0.42655986238055,7.15726698926321,0.677528211107962,1,"Sh3bgrl","C1qb",0.2,0.04
-0.42655986238055,7.15726698926321,0.677528211107962,1,"Akap9","C1qb",0.2,0.04
-0.42655986238055,7.15726698926321,0.677528211107962,1,"Mlf2","C1qb",0.2,0.04
-0.42655986238055,7.15726698926321,0.677528211107962,1,"Ptov1","C1qb",0.2,0.04
-0.42655986238055,7.15726698926321,0.677528211107962,1,"Ddx21","C1qb",0.2,0.04
-0.42655986238055,7.15726698926321,0.677528211107962,1,"Nsd3","C1qb",0.2,0.04
-0.42655986238055,7.15726698926321,0.677528211107962,1,"Wdr83os","C1qb",0.2,0.04
-0.42655986238055,7.15726698926321,0.677528211107962,1,"Tsc22d1","C1qb",0.2,0.04
-0.42655986238055,7.15726698926321,0.677528211107962,1,"U2surp","C1qb",0.2,0.04
-0.42655986238055,7.15726698926321,0.677528211107962,1,"Ubtf","C1qb",0.2,0.04
-0.42655986238055,7.15726698926321,0.677528211107962,1,"Txndc5","C1qb",0.2,0.04
-0.42934980171264,7.90173593483336,0.680490405794444,1,"Eif4h","C1qb",0.2,0.04
-0.42934980171264,7.90173593483336,0.680490405794444,1,"Ndufb7","C1qb",0.2,0.04
-0.42934980171264,7.90173593483336,0.680490405794444,1,"Mdh1","C1qb",0.2,0.04
0.383725809758344,7.89502346764437,0.680490405794444,1,"Chd4","C1qb",0.2,0.04
-0.305674954004393,8.47527171815103,0.686152215775684,1,"Ldha","C1qb",0.2,0.04
0.263718608367712,8.87454179719035,0.687552485849701,1,"Runx1","C1qb",0.2,0.04
-0.259139456306236,9.18495198579148,0.687699309867483,1,"Cox6c","C1qb",0.2,0.04
-0.368617920532343,7.97950596725891,0.693043838343673,1,"Spcs2","C1qb",0.2,0.04
0.394469183104446,7.97404672516504,0.693043838343673,1,"Srp14","C1qb",0.2,0.04
0.394469183104446,7.97404672516504,0.693043838343673,1,"Akap13","C1qb",0.2,0.04
0.317091278278567,8.00839971613511,0.693043838343673,1,"Dapp1","C1qb",0.2,0.04
-0.279719325111601,8.90257470002426,0.694436956532315,1,"Son","C1qb",0.2,0.04
0.282095127065884,8.50540602420048,0.694958270327432,1,"Laptm4a","C1qb",0.2,0.04
0.40993379204613,7.24498461077999,0.698224161738347,1,"Rabgap1l","C1qb",0.2,0.04
0.40993379204613,7.24498461077999,0.698224161738347,1,"Eprs","C1qb",0.2,0.04
0.40993379204613,7.24498461077999,0.698224161738347,1,"Dynlrb1","C1qb",0.2,0.04
0.40993379204613,7.24498461077999,0.698224161738347,1,"Ndufa1","C1qb",0.2,0.04
0.40993379204613,7.24498461077999,0.698224161738347,1,"Rnh1","C1qb",0.2,0.04
0.40993379204613,7.24498461077999,0.698224161738347,1,"Ninj1","C1qb",0.2,0.04
0.40993379204613,7.24498461077999,0.698224161738347,1,"Prelid1","C1qb",0.2,0.04
0.40993379204613,7.24498461077999,0.698224161738347,1,"Ddx24","C1qb",0.2,0.04
-0.315077765889218,8.05338973167017,0.704589936857644,1,"Ywhab","C1qb",0.2,0.04
1.0960229367087,5.89058737813908,0.704873373019877,1,"Imp4","C1qb",0.2,0.04
1.0960229367087,5.89058737813908,0.704873373019877,1,"Il1rl1","C1qb",0.2,0.04
1.0960229367087,5.89058737813908,0.704873373019877,1,"Ppil3","C1qb",0.2,0.04
1.0960229367087,5.89058737813908,0.704873373019877,1,"Sp140","C1qb",0.2,0.04
1.0960229367087,5.89058737813908,0.704873373019877,1,"3110009E18Rik","C1qb",0.2,0.04
1.0960229367087,5.89058737813908,0.704873373019877,1,"Rab3gap1","C1qb",0.2,0.04
1.0960229367087,5.89058737813908,0.704873373019877,1,"Nuak2","C1qb",0.2,0.04
1.0960229367087,5.89058737813908,0.704873373019877,1,"Rabif","C1qb",0.2,0.04
1.0960229367087,5.89058737813908,0.704873373019877,1,"Tmem9","C1qb",0.2,0.04
1.0960229367087,5.89058737813908,0.704873373019877,1,"Nek7","C1qb",0.2,0.04
1.0960229367087,5.89058737813908,0.704873373019877,1,"Acbd3","C1qb",0.2,0.04
1.0960229367087,5.89058737813908,0.704873373019877,1,"Fbxo18","C1qb",0.2,0.04
1.0960229367087,5.89058737813908,0.704873373019877,1,"Stam","C1qb",0.2,0.04
1.0960229367087,5.89058737813908,0.704873373019877,1,"Acbd5","C1qb",0.2,0.04
1.0960229367087,5.89058737813908,0.704873373019877,1,"Rexo4","C1qb",0.2,0.04
1.0960229367087,5.89058737813908,0.704873373019877,1,"Galnt3","C1qb",0.2,0.04
1.0960229367087,5.89058737813908,0.704873373019877,1,"Wipf1","C1qb",0.2,0.04
1.0960229367087,5.89058737813908,0.704873373019877,1,"Phf21a","C1qb",0.2,0.04
1.0960229367087,5.89058737813908,0.704873373019877,1,"Vps18","C1qb",0.2,0.04
1.0960229367087,5.89058737813908,0.704873373019877,1,"Bloc1s6","C1qb",0.2,0.04
1.0960229367087,5.89058737813908,0.704873373019877,1,"Itpripl1","C1qb",0.2,0.04
1.0960229367087,5.89058737813908,0.704873373019877,1,"Stard7","C1qb",0.2,0.04
1.0960229367087,5.89058737813908,0.704873373019877,1,"Elmo2","C1qb",0.2,0.04
1.0960229367087,5.89058737813908,0.704873373019877,1,"Apool","C1qb",0.2,0.04
1.0960229367087,5.89058737813908,0.704873373019877,1,"Hax1","C1qb",0.2,0.04
1.0960229367087,5.89058737813908,0.704873373019877,1,"Chd1l","C1qb",0.2,0.04
1.0960229367087,5.89058737813908,0.704873373019877,1,"Wdr3","C1qb",0.2,0.04
1.0960229367087,5.89058737813908,0.704873373019877,1,"Rnpc3","C1qb",0.2,0.04
1.0960229367087,5.89058737813908,0.704873373019877,1,"Gbp2","C1qb",0.2,0.04
1.0960229367087,5.89058737813908,0.704873373019877,1,"Smim8","C1qb",0.2,0.04
1.0960229367087,5.89058737813908,0.704873373019877,1,"Xpa","C1qb",0.2,0.04
1.0960229367087,5.89058737813908,0.704873373019877,1,"Ttc39b","C1qb",0.2,0.04
1.0960229367087,5.89058737813908,0.704873373019877,1,"Mtap","C1qb",0.2,0.04
1.0960229367087,5.89058737813908,0.704873373019877,1,"Coa7","C1qb",0.2,0.04
1.0960229367087,5.89058737813908,0.704873373019877,1,"Ipo13","C1qb",0.2,0.04
1.0960229367087,5.89058737813908,0.704873373019877,1,"Slc2a1","C1qb",0.2,0.04
1.0960229367087,5.89058737813908,0.704873373019877,1,"Rragc","C1qb",0.2,0.04
1.0960229367087,5.89058737813908,0.704873373019877,1,"Smim12","C1qb",0.2,0.04
1.0960229367087,5.89058737813908,0.704873373019877,1,"Selenon","C1qb",0.2,0.04
1.0960229367087,5.89058737813908,0.704873373019877,1,"Plekhm2","C1qb",0.2,0.04
1.0960229367087,5.89058737813908,0.704873373019877,1,"Mthfr","C1qb",0.2,0.04
1.0960229367087,5.89058737813908,0.704873373019877,1,"Nop14","C1qb",0.2,0.04
1.0960229367087,5.89058737813908,0.704873373019877,1,"Slain2","C1qb",0.2,0.04
1.0960229367087,5.89058737813908,0.704873373019877,1,"5430416N02Rik","C1qb",0.2,0.04
1.0960229367087,5.89058737813908,0.704873373019877,1,"Nudt9","C1qb",0.2,0.04
1.0960229367087,5.89058737813908,0.704873373019877,1,"Oas1a","C1qb",0.2,0.04
1.0960229367087,5.89058737813908,0.704873373019877,1,"Dnajc30","C1qb",0.2,0.04
1.0960229367087,5.89058737813908,0.704873373019877,1,"Sun1","C1qb",0.2,0.04
1.0960229367087,5.89058737813908,0.704873373019877,1,"Slc46a3","C1qb",0.2,0.04
1.0960229367087,5.89058737813908,0.704873373019877,1,"Wasl","C1qb",0.2,0.04
1.0960229367087,5.89058737813908,0.704873373019877,1,"Aqp1","C1qb",0.2,0.04
1.0960229367087,5.89058737813908,0.704873373019877,1,"C87436","C1qb",0.2,0.04
1.0960229367087,5.89058737813908,0.704873373019877,1,"Itpr2","C1qb",0.2,0.04
1.0960229367087,5.89058737813908,0.704873373019877,1,"Mboat7","C1qb",0.2,0.04
1.0960229367087,5.89058737813908,0.704873373019877,1,"Irf3","C1qb",0.2,0.04
1.0960229367087,5.89058737813908,0.704873373019877,1,"Tjp1","C1qb",0.2,0.04
1.0960229367087,5.89058737813908,0.704873373019877,1,"Mrpl46","C1qb",0.2,0.04
1.0960229367087,5.89058737813908,0.704873373019877,1,"Aen","C1qb",0.2,0.04
1.0960229367087,5.89058737813908,0.704873373019877,1,"Tollip","C1qb",0.2,0.04
1.0960229367087,5.89058737813908,0.704873373019877,1,"Gm26740","C1qb",0.2,0.04
1.0960229367087,5.89058737813908,0.704873373019877,1,"Fyn","C1qb",0.2,0.04
1.0960229367087,5.89058737813908,0.704873373019877,1,"Rpf2","C1qb",0.2,0.04
1.0960229367087,5.89058737813908,0.704873373019877,1,"Sirt1","C1qb",0.2,0.04
1.0960229367087,5.89058737813908,0.704873373019877,1,"Cln8","C1qb",0.2,0.04
1.0960229367087,5.89058737813908,0.704873373019877,1,"Adam9","C1qb",0.2,0.04
1.0960229367087,5.89058737813908,0.704873373019877,1,"Bag4","C1qb",0.2,0.04
1.0960229367087,5.89058737813908,0.704873373019877,1,"Saraf","C1qb",0.2,0.04
1.0960229367087,5.89058737813908,0.704873373019877,1,"Cfap97","C1qb",0.2,0.04
1.0960229367087,5.89058737813908,0.704873373019877,1,"Dhps","C1qb",0.2,0.04
1.0960229367087,5.89058737813908,0.704873373019877,1,"Fhod1","C1qb",0.2,0.04
1.0960229367087,5.89058737813908,0.704873373019877,1,"Pskh1","C1qb",0.2,0.04
1.0960229367087,5.89058737813908,0.704873373019877,1,"Prmt7","C1qb",0.2,0.04
1.0960229367087,5.89058737813908,0.704873373019877,1,"Gcsh","C1qb",0.2,0.04
1.0960229367087,5.89058737813908,0.704873373019877,1,"Plcg2","C1qb",0.2,0.04
1.0960229367087,5.89058737813908,0.704873373019877,1,"Pxk","C1qb",0.2,0.04
1.0960229367087,5.89058737813908,0.704873373019877,1,"Tmem260","C1qb",0.2,0.04
1.0960229367087,5.89058737813908,0.704873373019877,1,"Rcbtb2","C1qb",0.2,0.04
1.0960229367087,5.89058737813908,0.704873373019877,1,"Mir17hg","C1qb",0.2,0.04
1.0960229367087,5.89058737813908,0.704873373019877,1,"Med17","C1qb",0.2,0.04
1.0960229367087,5.89058737813908,0.704873373019877,1,"Faim","C1qb",0.2,0.04
1.0960229367087,5.89058737813908,0.704873373019877,1,"Dusp7","C1qb",0.2,0.04
1.0960229367087,5.89058737813908,0.704873373019877,1,"Cyb561d2","C1qb",0.2,0.04
1.0960229367087,5.89058737813908,0.704873373019877,1,"Glb1","C1qb",0.2,0.04
1.0960229367087,5.89058737813908,0.704873373019877,1,"Ykt6","C1qb",0.2,0.04
1.0960229367087,5.89058737813908,0.704873373019877,1,"Prorsd1","C1qb",0.2,0.04
1.0960229367087,5.89058737813908,0.704873373019877,1,"Prpsap2","C1qb",0.2,0.04
1.0960229367087,5.89058737813908,0.704873373019877,1,"Mnt","C1qb",0.2,0.04
1.0960229367087,5.89058737813908,0.704873373019877,1,"Slfn8","C1qb",0.2,0.04
1.0960229367087,5.89058737813908,0.704873373019877,1,"Arhgap23","C1qb",0.2,0.04
1.0960229367087,5.89058737813908,0.704873373019877,1,"Strada","C1qb",0.2,0.04
1.0960229367087,5.89058737813908,0.704873373019877,1,"Helz","C1qb",0.2,0.04
1.0960229367087,5.89058737813908,0.704873373019877,1,"Slc16a6","C1qb",0.2,0.04
1.0960229367087,5.89058737813908,0.704873373019877,1,"Faap100","C1qb",0.2,0.04
1.0960229367087,5.89058737813908,0.704873373019877,1,"Secisbp2","C1qb",0.2,0.04
1.0960229367087,5.89058737813908,0.704873373019877,1,"Sema4d","C1qb",0.2,0.04
1.0960229367087,5.89058737813908,0.704873373019877,1,"Ddx41","C1qb",0.2,0.04
1.0960229367087,5.89058737813908,0.704873373019877,1,"Caml","C1qb",0.2,0.04
1.0960229367087,5.89058737813908,0.704873373019877,1,"Zfp738","C1qb",0.2,0.04
1.0960229367087,5.89058737813908,0.704873373019877,1,"Rsad2","C1qb",0.2,0.04
1.0960229367087,5.89058737813908,0.704873373019877,1,"Cog5","C1qb",0.2,0.04
1.0960229367087,5.89058737813908,0.704873373019877,1,"Actr10","C1qb",0.2,0.04
1.0960229367087,5.89058737813908,0.704873373019877,1,"Atxn3","C1qb",0.2,0.04
1.0960229367087,5.89058737813908,0.704873373019877,1,"Nadk2","C1qb",0.2,0.04
1.0960229367087,5.89058737813908,0.704873373019877,1,"Dnajc21","C1qb",0.2,0.04
1.0960229367087,5.89058737813908,0.704873373019877,1,"Rrm2b","C1qb",0.2,0.04
1.0960229367087,5.89058737813908,0.704873373019877,1,"Med30","C1qb",0.2,0.04
1.0960229367087,5.89058737813908,0.704873373019877,1,"Col14a1","C1qb",0.2,0.04
1.0960229367087,5.89058737813908,0.704873373019877,1,"Rnf139","C1qb",0.2,0.04
1.0960229367087,5.89058737813908,0.704873373019877,1,"Triobp","C1qb",0.2,0.04
1.0960229367087,5.89058737813908,0.704873373019877,1,"Senp7","C1qb",0.2,0.04
1.0960229367087,5.89058737813908,0.704873373019877,1,"Synj1","C1qb",0.2,0.04
1.0960229367087,5.89058737813908,0.704873373019877,1,"Ets2","C1qb",0.2,0.04
1.0960229367087,5.89058737813908,0.704873373019877,1,"Psmg1","C1qb",0.2,0.04
1.0960229367087,5.89058737813908,0.704873373019877,1,"Rnf5","C1qb",0.2,0.04
1.0960229367087,5.89058737813908,0.704873373019877,1,"Atf6b","C1qb",0.2,0.04
1.0960229367087,5.89058737813908,0.704873373019877,1,"Mdc1","C1qb",0.2,0.04
1.0960229367087,5.89058737813908,0.704873373019877,1,"Plin3","C1qb",0.2,0.04
1.0960229367087,5.89058737813908,0.704873373019877,1,"Ypel5","C1qb",0.2,0.04
1.0960229367087,5.89058737813908,0.704873373019877,1,"Cul2","C1qb",0.2,0.04
1.0960229367087,5.89058737813908,0.704873373019877,1,"Arhgap12","C1qb",0.2,0.04
1.0960229367087,5.89058737813908,0.704873373019877,1,"Ndst1","C1qb",0.2,0.04
1.0960229367087,5.89058737813908,0.704873373019877,1,"Tcof1","C1qb",0.2,0.04
1.0960229367087,5.89058737813908,0.704873373019877,1,"Adrb2","C1qb",0.2,0.04
1.0960229367087,5.89058737813908,0.704873373019877,1,"Wdr74","C1qb",0.2,0.04
1.0960229367087,5.89058737813908,0.704873373019877,1,"Cd274","C1qb",0.2,0.04
1.0960229367087,5.89058737813908,0.704873373019877,1,"Hhex","C1qb",0.2,0.04
1.0960229367087,5.89058737813908,0.704873373019877,1,"Ubtd1","C1qb",0.2,0.04
1.0960229367087,5.89058737813908,0.704873373019877,1,"CAAA01118383.1","C1qb",0.2,0.04
0.544850640046699,6.03780324435529,0.704873373019877,1,"Ube2w","C1qb",0.2,0.04
0.544850640046699,6.03780324435529,0.704873373019877,1,"Rnpepl1","C1qb",0.2,0.04
0.544850640046699,6.03780324435529,0.704873373019877,1,"Insig2","C1qb",0.2,0.04
0.544850640046699,6.03780324435529,0.704873373019877,1,"Dennd1b","C1qb",0.2,0.04
0.544850640046699,6.03780324435529,0.704873373019877,1,"Pycr2","C1qb",0.2,0.04
0.544850640046699,6.03780324435529,0.704873373019877,1,"Ankrd16","C1qb",0.2,0.04
0.544850640046699,6.03780324435529,0.704873373019877,1,"Dpm2","C1qb",0.2,0.04
0.544850640046699,6.03780324435529,0.704873373019877,1,"Mtch2","C1qb",0.2,0.04
0.544850640046699,6.03780324435529,0.704873373019877,1,"Nat10","C1qb",0.2,0.04
0.544850640046699,6.03780324435529,0.704873373019877,1,"Sord","C1qb",0.2,0.04
0.544850640046699,6.03780324435529,0.704873373019877,1,"Ciao1","C1qb",0.2,0.04
0.544850640046699,6.03780324435529,0.704873373019877,1,"Crnkl1","C1qb",0.2,0.04
0.544850640046699,6.03780324435529,0.704873373019877,1,"Znfx1","C1qb",0.2,0.04
0.544850640046699,6.03780324435529,0.704873373019877,1,"Mtg2","C1qb",0.2,0.04
0.544850640046699,6.03780324435529,0.704873373019877,1,"Ccdc22","C1qb",0.2,0.04
0.544850640046699,6.03780324435529,0.704873373019877,1,"Dynlt3","C1qb",0.2,0.04
0.544850640046699,6.03780324435529,0.704873373019877,1,"Mid1ip1","C1qb",0.2,0.04
0.544850640046699,6.03780324435529,0.704873373019877,1,"C1galt1c1","C1qb",0.2,0.04
0.544850640046699,6.03780324435529,0.704873373019877,1,"Sash3","C1qb",0.2,0.04
0.544850640046699,6.03780324435529,0.704873373019877,1,"Rap2c","C1qb",0.2,0.04
0.544850640046699,6.03780324435529,0.704873373019877,1,"Emd","C1qb",0.2,0.04
0.544850640046699,6.03780324435529,0.704873373019877,1,"Mrps28","C1qb",0.2,0.04
0.544850640046699,6.03780324435529,0.704873373019877,1,"Adar","C1qb",0.2,0.04
0.544850640046699,6.03780324435529,0.704873373019877,1,"Cdc42se1","C1qb",0.2,0.04
0.544850640046699,6.03780324435529,0.704873373019877,1,"Pde4dip","C1qb",0.2,0.04
0.544850640046699,6.03780324435529,0.704873373019877,1,"Slc16a1","C1qb",0.2,0.04
0.544850640046699,6.03780324435529,0.704873373019877,1,"Cept1","C1qb",0.2,0.04
0.544850640046699,6.03780324435529,0.704873373019877,1,"Tmem268","C1qb",0.2,0.04
0.544850640046699,6.03780324435529,0.704873373019877,1,"Usp24","C1qb",0.2,0.04
0.544850640046699,6.03780324435529,0.704873373019877,1,"0610037L13Rik","C1qb",0.2,0.04
0.544850640046699,6.03780324435529,0.704873373019877,1,"Tal1","C1qb",0.2,0.04
0.544850640046699,6.03780324435529,0.704873373019877,1,"Tmem51","C1qb",0.2,0.04
0.544850640046699,6.03780324435529,0.704873373019877,1,"Zfp992","C1qb",0.2,0.04
0.544850640046699,6.03780324435529,0.704873373019877,1,"Atad3a","C1qb",0.2,0.04
0.544850640046699,6.03780324435529,0.704873373019877,1,"Prr14l","C1qb",0.2,0.04
0.544850640046699,6.03780324435529,0.704873373019877,1,"2610001J05Rik","C1qb",0.2,0.04
0.544850640046699,6.03780324435529,0.704873373019877,1,"Nrf1","C1qb",0.2,0.04
0.544850640046699,6.03780324435529,0.704873373019877,1,"Malsu1","C1qb",0.2,0.04
0.544850640046699,6.03780324435529,0.704873373019877,1,"Vrk3","C1qb",0.2,0.04
0.544850640046699,6.03780324435529,0.704873373019877,1,"Mphosph10","C1qb",0.2,0.04
0.544850640046699,6.03780324435529,0.704873373019877,1,"Rab38","C1qb",0.2,0.04
0.544850640046699,6.03780324435529,0.704873373019877,1,"Ubfd1","C1qb",0.2,0.04
0.544850640046699,6.03780324435529,0.704873373019877,1,"Ino80e","C1qb",0.2,0.04
0.544850640046699,6.03780324435529,0.704873373019877,1,"Ric8a","C1qb",0.2,0.04
0.544850640046699,6.03780324435529,0.704873373019877,1,"Amd1","C1qb",0.2,0.04
0.544850640046699,6.03780324435529,0.704873373019877,1,"Ostm1","C1qb",0.2,0.04
0.544850640046699,6.03780324435529,0.704873373019877,1,"Sgpl1","C1qb",0.2,0.04
0.544850640046699,6.03780324435529,0.704873373019877,1,"Ipmk","C1qb",0.2,0.04
0.544850640046699,6.03780324435529,0.704873373019877,1,"Apaf1","C1qb",0.2,0.04
0.544850640046699,6.03780324435529,0.704873373019877,1,"Zfc3h1","C1qb",0.2,0.04
0.544850640046699,6.03780324435529,0.704873373019877,1,"Cdk2","C1qb",0.2,0.04
0.544850640046699,6.03780324435529,0.704873373019877,1,"Haus8","C1qb",0.2,0.04
0.544850640046699,6.03780324435529,0.704873373019877,1,"Prmt9","C1qb",0.2,0.04
0.544850640046699,6.03780324435529,0.704873373019877,1,"Wdr83","C1qb",0.2,0.04
0.544850640046699,6.03780324435529,0.704873373019877,1,"Lonp2","C1qb",0.2,0.04
0.544850640046699,6.03780324435529,0.704873373019877,1,"Chmp1a","C1qb",0.2,0.04
0.544850640046699,6.03780324435529,0.704873373019877,1,"Ntpcr","C1qb",0.2,0.04
0.544850640046699,6.03780324435529,0.704873373019877,1,"Coa6","C1qb",0.2,0.04
0.544850640046699,6.03780324435529,0.704873373019877,1,"Adk","C1qb",0.2,0.04
0.544850640046699,6.03780324435529,0.704873373019877,1,"Anxa11","C1qb",0.2,0.04
0.544850640046699,6.03780324435529,0.704873373019877,1,"Nop9","C1qb",0.2,0.04
0.544850640046699,6.03780324435529,0.704873373019877,1,"Kif13b","C1qb",0.2,0.04
0.544850640046699,6.03780324435529,0.704873373019877,1,"Ints9","C1qb",0.2,0.04
0.544850640046699,6.03780324435529,0.704873373019877,1,"Ccdc25","C1qb",0.2,0.04
0.544850640046699,6.03780324435529,0.704873373019877,1,"Birc2","C1qb",0.2,0.04
0.544850640046699,6.03780324435529,0.704873373019877,1,"Vps26b","C1qb",0.2,0.04
0.544850640046699,6.03780324435529,0.704873373019877,1,"Ei24","C1qb",0.2,0.04
0.544850640046699,6.03780324435529,0.704873373019877,1,"Cadm1","C1qb",0.2,0.04
0.544850640046699,6.03780324435529,0.704873373019877,1,"Acaa1a","C1qb",0.2,0.04
0.544850640046699,6.03780324435529,0.704873373019877,1,"Sf3a1","C1qb",0.2,0.04
0.544850640046699,6.03780324435529,0.704873373019877,1,"Bod1","C1qb",0.2,0.04
0.544850640046699,6.03780324435529,0.704873373019877,1,"Rars","C1qb",0.2,0.04
0.544850640046699,6.03780324435529,0.704873373019877,1,"Kdm6b","C1qb",0.2,0.04
0.544850640046699,6.03780324435529,0.704873373019877,1,"Mink1","C1qb",0.2,0.04
0.544850640046699,6.03780324435529,0.704873373019877,1,"Rpain","C1qb",0.2,0.04
0.544850640046699,6.03780324435529,0.704873373019877,1,"Nsrp1","C1qb",0.2,0.04
0.544850640046699,6.03780324435529,0.704873373019877,1,"Rnft1","C1qb",0.2,0.04
0.544850640046699,6.03780324435529,0.704873373019877,1,"Ppp1r9b","C1qb",0.2,0.04
0.544850640046699,6.03780324435529,0.704873373019877,1,"Psmd12","C1qb",0.2,0.04
0.544850640046699,6.03780324435529,0.704873373019877,1,"Ttyh2","C1qb",0.2,0.04
0.544850640046699,6.03780324435529,0.704873373019877,1,"Ten1","C1qb",0.2,0.04
0.544850640046699,6.03780324435529,0.704873373019877,1,"Rala","C1qb",0.2,0.04
0.544850640046699,6.03780324435529,0.704873373019877,1,"Rfesd","C1qb",0.2,0.04
0.544850640046699,6.03780324435529,0.704873373019877,1,"Cdk7","C1qb",0.2,0.04
0.544850640046699,6.03780324435529,0.704873373019877,1,"Trappc13","C1qb",0.2,0.04
0.544850640046699,6.03780324435529,0.704873373019877,1,"Cpsf3","C1qb",0.2,0.04
0.544850640046699,6.03780324435529,0.704873373019877,1,"Dnajb9","C1qb",0.2,0.04
0.544850640046699,6.03780324435529,0.704873373019877,1,"2410089E03Rik","C1qb",0.2,0.04
0.544850640046699,6.03780324435529,0.704873373019877,1,"Lmbrd2","C1qb",0.2,0.04
0.544850640046699,6.03780324435529,0.704873373019877,1,"Gpaa1","C1qb",0.2,0.04
0.544850640046699,6.03780324435529,0.704873373019877,1,"Rpap3","C1qb",0.2,0.04
0.544850640046699,6.03780324435529,0.704873373019877,1,"Zfp385a","C1qb",0.2,0.04
0.544850640046699,6.03780324435529,0.704873373019877,1,"Ubald1","C1qb",0.2,0.04
0.544850640046699,6.03780324435529,0.704873373019877,1,"Cpped1","C1qb",0.2,0.04
0.544850640046699,6.03780324435529,0.704873373019877,1,"Slc25a1","C1qb",0.2,0.04
0.544850640046699,6.03780324435529,0.704873373019877,1,"Cryzl1","C1qb",0.2,0.04
0.544850640046699,6.03780324435529,0.704873373019877,1,"Chd1","C1qb",0.2,0.04
0.544850640046699,6.03780324435529,0.704873373019877,1,"Pdpk1","C1qb",0.2,0.04
0.544850640046699,6.03780324435529,0.704873373019877,1,"Axin1","C1qb",0.2,0.04
0.544850640046699,6.03780324435529,0.704873373019877,1,"Neu1","C1qb",0.2,0.04
0.544850640046699,6.03780324435529,0.704873373019877,1,"Enpp4","C1qb",0.2,0.04
0.544850640046699,6.03780324435529,0.704873373019877,1,"Zfp397","C1qb",0.2,0.04
0.544850640046699,6.03780324435529,0.704873373019877,1,"Seh1l","C1qb",0.2,0.04
0.544850640046699,6.03780324435529,0.704873373019877,1,"Smad2","C1qb",0.2,0.04
0.544850640046699,6.03780324435529,0.704873373019877,1,"Atp9b","C1qb",0.2,0.04
0.544850640046699,6.03780324435529,0.704873373019877,1,"Rce1","C1qb",0.2,0.04
0.544850640046699,6.03780324435529,0.704873373019877,1,"AI837181","C1qb",0.2,0.04
0.544850640046699,6.03780324435529,0.704873373019877,1,"Rps6ka4","C1qb",0.2,0.04
0.544850640046699,6.03780324435529,0.704873373019877,1,"Pla2g16","C1qb",0.2,0.04
0.181565361992529,9.59235576359574,0.714513831612948,1,"Cox8a","C1qb",0.2,0.04
-0.32374630088013,8.15431822293141,0.715250647488022,1,"Cct4","C1qb",0.2,0.04
-0.32374630088013,8.15431822293141,0.715250647488022,1,"Srsf5","C1qb",0.2,0.04
0.26070452642965,8.11336629396628,0.715250647488022,1,"F630028O10Rik","C1qb",0.2,0.04
0.26070452642965,8.11336629396628,0.715250647488022,1,"Psma4","C1qb",0.2,0.04
-0.525953460315839,7.39369129198373,0.716116009856626,1,"Rab2a","C1qb",0.2,0.04
-0.525953460315839,7.39369129198373,0.716116009856626,1,"Aurkaip1","C1qb",0.2,0.04
-0.525953460315839,7.39369129198373,0.716116009856626,1,"Ccar1","C1qb",0.2,0.04
-0.525953460315839,7.39369129198373,0.716116009856626,1,"Csk","C1qb",0.2,0.04
-0.525953460315839,7.39369129198373,0.716116009856626,1,"Senp6","C1qb",0.2,0.04
-0.525953460315839,7.39369129198373,0.716116009856626,1,"Kpnb1","C1qb",0.2,0.04
-0.525953460315839,7.39369129198373,0.716116009856626,1,"H2-Q7","C1qb",0.2,0.04
-0.427432756841255,7.34038276165749,0.716116009856626,1,"1700020I14Rik","C1qb",0.2,0.04
-0.427432756841255,7.34038276165749,0.716116009856626,1,"G3bp2","C1qb",0.2,0.04
-0.427432756841255,7.34038276165749,0.716116009856626,1,"H1fx","C1qb",0.2,0.04
-0.427432756841255,7.34038276165749,0.716116009856626,1,"Mrpl34","C1qb",0.2,0.04
-0.427432756841255,7.34038276165749,0.716116009856626,1,"Tap2","C1qb",0.2,0.04
-0.427432756841255,7.34038276165749,0.716116009856626,1,"Mydgf","C1qb",0.2,0.04
0.424765677110398,7.3666128034414,0.716116009856626,1,"Sys1","C1qb",0.2,0.04
0.424765677110398,7.3666128034414,0.716116009856626,1,"Vps29","C1qb",0.2,0.04
0.424765677110398,7.3666128034414,0.716116009856626,1,"Gusb","C1qb",0.2,0.04
0.424765677110398,7.3666128034414,0.716116009856626,1,"Psmd13","C1qb",0.2,0.04
0.424765677110398,7.3666128034414,0.716116009856626,1,"Sin3b","C1qb",0.2,0.04
0.424765677110398,7.3666128034414,0.716116009856626,1,"Klf6","C1qb",0.2,0.04
0.424765677110398,7.3666128034414,0.716116009856626,1,"Mtch1","C1qb",0.2,0.04
0.424765677110398,7.3666128034414,0.716116009856626,1,"Txnl1","C1qb",0.2,0.04
0.424765677110398,7.3666128034414,0.716116009856626,1,"Slc3a2","C1qb",0.2,0.04
0.165906541309466,11.4754817839504,0.717950131531749,1,"Rps2","C1qb",0.2,0.04
-0.279040660398222,8.2200667236234,0.725128376010419,1,"Zfp706","C1qb",0.2,0.04
0.27604315520645,8.18152451115579,0.725128376010419,1,"Cct3","C1qb",0.2,0.04
0.27604315520645,8.18152451115579,0.725128376010419,1,"Sf3b6","C1qb",0.2,0.04
0.222367140542433,8.69895200390237,0.72563334405728,1,"Pcbp2","C1qb",0.2,0.04
-0.428089792954226,7.50268465858928,0.731776276918526,1,"Ifi47","C1qb",0.2,0.04
-0.428089792954226,7.50268465858928,0.731776276918526,1,"Bptf","C1qb",0.2,0.04
-0.428089792954226,7.50268465858928,0.731776276918526,1,"Tmem167","C1qb",0.2,0.04
-0.428089792954226,7.50268465858928,0.731776276918526,1,"Sec11c","C1qb",0.2,0.04
0.437040115100645,7.47889964526206,0.731776276918526,1,"Psmd4","C1qb",0.2,0.04
0.437040115100645,7.47889964526206,0.731776276918526,1,"Rbm8a","C1qb",0.2,0.04
0.437040115100645,7.47889964526206,0.731776276918526,1,"Dctn3","C1qb",0.2,0.04
0.437040115100645,7.47889964526206,0.731776276918526,1,"Mrpl20","C1qb",0.2,0.04
0.437040115100645,7.47889964526206,0.731776276918526,1,"Rsrc2","C1qb",0.2,0.04
0.437040115100645,7.47889964526206,0.731776276918526,1,"Psmd8","C1qb",0.2,0.04
0.437040115100645,7.47889964526206,0.731776276918526,1,"Comt","C1qb",0.2,0.04
0.437040115100645,7.47889964526206,0.731776276918526,1,"Ankrd12","C1qb",0.2,0.04
0.302522643232241,8.30900229124568,0.742869008999206,1,"Uqcrq","C1qb",0.2,0.04
0.302522643232241,8.30900229124568,0.742869008999206,1,"Rbx1","C1qb",0.2,0.04
0.243985680663175,8.33599881354942,0.742869008999206,1,"Emp3","C1qb",0.2,0.04
-0.195150366834705,9.23605256166338,0.74491891985112,1,"Prdx1","C1qb",0.2,0.04
0.447366421187084,7.58317684660894,0.745625552399024,1,"Cops9","C1qb",0.2,0.04
0.447366421187084,7.58317684660894,0.745625552399024,1,"Mrc1","C1qb",0.2,0.04
0.447366421187084,7.58317684660894,0.745625552399024,1,"Atp6ap2","C1qb",0.2,0.04
0.447366421187084,7.58317684660894,0.745625552399024,1,"S100a13","C1qb",0.2,0.04
0.447366421187084,7.58317684660894,0.745625552399024,1,"Tsc22d4","C1qb",0.2,0.04
0.447366421187084,7.58317684660894,0.745625552399024,1,"Arpc1a","C1qb",0.2,0.04
-0.34683783980803,7.60418421249046,0.745625552399024,1,"Klf13","C1qb",0.2,0.04
-0.34683783980803,7.60418421249046,0.745625552399024,1,"Rtn4","C1qb",0.2,0.04
-0.34683783980803,7.60418421249046,0.745625552399024,1,"Smdt1","C1qb",0.2,0.04
-0.982264235268008,6.28099623246755,0.746294653999543,1,"Wdr12","C1qb",0.2,0.04
-0.982264235268008,6.28099623246755,0.746294653999543,1,"Agfg1","C1qb",0.2,0.04
-0.982264235268008,6.28099623246755,0.746294653999543,1,"Rc3h1","C1qb",0.2,0.04
-0.982264235268008,6.28099623246755,0.746294653999543,1,"Sell","C1qb",0.2,0.04
-0.982264235268008,6.28099623246755,0.746294653999543,1,"Pou2f1","C1qb",0.2,0.04
-0.982264235268008,6.28099623246755,0.746294653999543,1,"Frmd4a","C1qb",0.2,0.04
-0.982264235268008,6.28099623246755,0.746294653999543,1,"Gle1","C1qb",0.2,0.04
-0.982264235268008,6.28099623246755,0.746294653999543,1,"Rbm43","C1qb",0.2,0.04
-0.982264235268008,6.28099623246755,0.746294653999543,1,"Agps","C1qb",0.2,0.04
-0.982264235268008,6.28099623246755,0.746294653999543,1,"Ctnnd1","C1qb",0.2,0.04
-0.982264235268008,6.28099623246755,0.746294653999543,1,"Ckap5","C1qb",0.2,0.04
-0.982264235268008,6.28099623246755,0.746294653999543,1,"Rcn1","C1qb",0.2,0.04
-0.982264235268008,6.28099623246755,0.746294653999543,1,"Aqr","C1qb",0.2,0.04
-0.982264235268008,6.28099623246755,0.746294653999543,1,"Ubr1","C1qb",0.2,0.04
-0.982264235268008,6.28099623246755,0.746294653999543,1,"Tmx4","C1qb",0.2,0.04
-0.982264235268008,6.28099623246755,0.746294653999543,1,"Oser1","C1qb",0.2,0.04
-0.982264235268008,6.28099623246755,0.746294653999543,1,"Tomm34","C1qb",0.2,0.04
-0.982264235268008,6.28099623246755,0.746294653999543,1,"Tbl1x","C1qb",0.2,0.04
-0.982264235268008,6.28099623246755,0.746294653999543,1,"Taf1","C1qb",0.2,0.04
-0.982264235268008,6.28099623246755,0.746294653999543,1,"Huwe1","C1qb",0.2,0.04
-0.982264235268008,6.28099623246755,0.746294653999543,1,"Tsc22d2","C1qb",0.2,0.04
-0.982264235268008,6.28099623246755,0.746294653999543,1,"Dhx36","C1qb",0.2,0.04
-0.982264235268008,6.28099623246755,0.746294653999543,1,"Rbm15","C1qb",0.2,0.04
-0.982264235268008,6.28099623246755,0.746294653999543,1,"Ahcyl1","C1qb",0.2,0.04
-0.982264235268008,6.28099623246755,0.746294653999543,1,"Rnf20","C1qb",0.2,0.04
-0.982264235268008,6.28099623246755,0.746294653999543,1,"Zyg11b","C1qb",0.2,0.04
-0.982264235268008,6.28099623246755,0.746294653999543,1,"Map7d1","C1qb",0.2,0.04
-0.982264235268008,6.28099623246755,0.746294653999543,1,"Stx12","C1qb",0.2,0.04
-0.982264235268008,6.28099623246755,0.746294653999543,1,"Mrto4","C1qb",0.2,0.04
-0.982264235268008,6.28099623246755,0.746294653999543,1,"H6pd","C1qb",0.2,0.04
-0.982264235268008,6.28099623246755,0.746294653999543,1,"Vamp3","C1qb",0.2,0.04
-0.982264235268008,6.28099623246755,0.746294653999543,1,"Kmt2c","C1qb",0.2,0.04
-0.982264235268008,6.28099623246755,0.746294653999543,1,"Gtf3c2","C1qb",0.2,0.04
-0.982264235268008,6.28099623246755,0.746294653999543,1,"Slc30a9","C1qb",0.2,0.04
-0.982264235268008,6.28099623246755,0.746294653999543,1,"Zcchc8","C1qb",0.2,0.04
-0.982264235268008,6.28099623246755,0.746294653999543,1,"Mphosph9","C1qb",0.2,0.04
-0.982264235268008,6.28099623246755,0.746294653999543,1,"Rasa4","C1qb",0.2,0.04
-0.982264235268008,6.28099623246755,0.746294653999543,1,"Impdh1","C1qb",0.2,0.04
-0.982264235268008,6.28099623246755,0.746294653999543,1,"Mrpl19","C1qb",0.2,0.04
-0.982264235268008,6.28099623246755,0.746294653999543,1,"Gmcl1","C1qb",0.2,0.04
-0.982264235268008,6.28099623246755,0.746294653999543,1,"Nfu1","C1qb",0.2,0.04
-0.982264235268008,6.28099623246755,0.746294653999543,1,"Iqsec1","C1qb",0.2,0.04
-0.982264235268008,6.28099623246755,0.746294653999543,1,"Rhno1","C1qb",0.2,0.04
-0.982264235268008,6.28099623246755,0.746294653999543,1,"Ddx47","C1qb",0.2,0.04
-0.982264235268008,6.28099623246755,0.746294653999543,1,"Med21","C1qb",0.2,0.04
-0.982264235268008,6.28099623246755,0.746294653999543,1,"Mrps11","C1qb",0.2,0.04
-0.982264235268008,6.28099623246755,0.746294653999543,1,"Mrpl48","C1qb",0.2,0.04
-0.982264235268008,6.28099623246755,0.746294653999543,1,"Pgap2","C1qb",0.2,0.04
-0.982264235268008,6.28099623246755,0.746294653999543,1,"Eef2k","C1qb",0.2,0.04
-0.982264235268008,6.28099623246755,0.746294653999543,1,"Nsmce1","C1qb",0.2,0.04
-0.982264235268008,6.28099623246755,0.746294653999543,1,"Setd1a","C1qb",0.2,0.04
-0.982264235268008,6.28099623246755,0.746294653999543,1,"Polr2l","C1qb",0.2,0.04
-0.982264235268008,6.28099623246755,0.746294653999543,1,"Ppil4","C1qb",0.2,0.04
-0.982264235268008,6.28099623246755,0.746294653999543,1,"Hbs1l","C1qb",0.2,0.04
-0.982264235268008,6.28099623246755,0.746294653999543,1,"Med23","C1qb",0.2,0.04
-0.982264235268008,6.28099623246755,0.746294653999543,1,"Eri1","C1qb",0.2,0.04
-0.982264235268008,6.28099623246755,0.746294653999543,1,"Dda1","C1qb",0.2,0.04
-0.982264235268008,6.28099623246755,0.746294653999543,1,"Terf2","C1qb",0.2,0.04
-0.982264235268008,6.28099623246755,0.746294653999543,1,"Comtd1","C1qb",0.2,0.04
-0.982264235268008,6.28099623246755,0.746294653999543,1,"Appl1","C1qb",0.2,0.04
-0.982264235268008,6.28099623246755,0.746294653999543,1,"Haus4","C1qb",0.2,0.04
-0.982264235268008,6.28099623246755,0.746294653999543,1,"Commd6","C1qb",0.2,0.04
-0.982264235268008,6.28099623246755,0.746294653999543,1,"Rnf219","C1qb",0.2,0.04
-0.982264235268008,6.28099623246755,0.746294653999543,1,"Ndfip2","C1qb",0.2,0.04
-0.982264235268008,6.28099623246755,0.746294653999543,1,"Slc44a2","C1qb",0.2,0.04
-0.982264235268008,6.28099623246755,0.746294653999543,1,"Rbm7","C1qb",0.2,0.04
-0.982264235268008,6.28099623246755,0.746294653999543,1,"Aagab","C1qb",0.2,0.04
-0.982264235268008,6.28099623246755,0.746294653999543,1,"Hmgn3","C1qb",0.2,0.04
-0.982264235268008,6.28099623246755,0.746294653999543,1,"Stag1","C1qb",0.2,0.04
-0.982264235268008,6.28099623246755,0.746294653999543,1,"Alas1","C1qb",0.2,0.04
-0.982264235268008,6.28099623246755,0.746294653999543,1,"Cops3","C1qb",0.2,0.04
-0.982264235268008,6.28099623246755,0.746294653999543,1,"Tsr1","C1qb",0.2,0.04
-0.982264235268008,6.28099623246755,0.746294653999543,1,"Rps6kb1","C1qb",0.2,0.04
-0.982264235268008,6.28099623246755,0.746294653999543,1,"Nbr1","C1qb",0.2,0.04
-0.982264235268008,6.28099623246755,0.746294653999543,1,"Gosr2","C1qb",0.2,0.04
-0.982264235268008,6.28099623246755,0.746294653999543,1,"Sptlc1","C1qb",0.2,0.04
-0.982264235268008,6.28099623246755,0.746294653999543,1,"Slc30a5","C1qb",0.2,0.04
-0.982264235268008,6.28099623246755,0.746294653999543,1,"Smim15","C1qb",0.2,0.04
-0.982264235268008,6.28099623246755,0.746294653999543,1,"Il6st","C1qb",0.2,0.04
-0.982264235268008,6.28099623246755,0.746294653999543,1,"Sav1","C1qb",0.2,0.04
-0.982264235268008,6.28099623246755,0.746294653999543,1,"Sipa1l1","C1qb",0.2,0.04
-0.982264235268008,6.28099623246755,0.746294653999543,1,"Zc3h14","C1qb",0.2,0.04
-0.982264235268008,6.28099623246755,0.746294653999543,1,"Psmc1","C1qb",0.2,0.04
-0.982264235268008,6.28099623246755,0.746294653999543,1,"Vps13b","C1qb",0.2,0.04
-0.982264235268008,6.28099623246755,0.746294653999543,1,"Adsl","C1qb",0.2,0.04
-0.982264235268008,6.28099623246755,0.746294653999543,1,"Rangap1","C1qb",0.2,0.04
-0.982264235268008,6.28099623246755,0.746294653999543,1,"Tcf20","C1qb",0.2,0.04
-0.982264235268008,6.28099623246755,0.746294653999543,1,"Parvg","C1qb",0.2,0.04
-0.982264235268008,6.28099623246755,0.746294653999543,1,"Cerk","C1qb",0.2,0.04
-0.982264235268008,6.28099623246755,0.746294653999543,1,"Ano6","C1qb",0.2,0.04
-0.982264235268008,6.28099623246755,0.746294653999543,1,"Nmral1","C1qb",0.2,0.04
-0.982264235268008,6.28099623246755,0.746294653999543,1,"Gm15657","C1qb",0.2,0.04
-0.982264235268008,6.28099623246755,0.746294653999543,1,"Phf10","C1qb",0.2,0.04
-0.982264235268008,6.28099623246755,0.746294653999543,1,"Ppp2r1a","C1qb",0.2,0.04
-0.982264235268008,6.28099623246755,0.746294653999543,1,"Ehmt2","C1qb",0.2,0.04
-0.982264235268008,6.28099623246755,0.746294653999543,1,"Oard1","C1qb",0.2,0.04
-0.982264235268008,6.28099623246755,0.746294653999543,1,"Kat2b","C1qb",0.2,0.04
-0.982264235268008,6.28099623246755,0.746294653999543,1,"Ddx3y","C1qb",0.2,0.04
-0.982264235268008,6.28099623246755,0.746294653999543,1,"Rbm27","C1qb",0.2,0.04
-0.982264235268008,6.28099623246755,0.746294653999543,1,"Atg12","C1qb",0.2,0.04
-0.982264235268008,6.28099623246755,0.746294653999543,1,"Nolc1","C1qb",0.2,0.04
-0.982264235268008,6.28099623246755,0.746294653999543,1,"Fam160b1","C1qb",0.2,0.04
0.550281745911836,6.30270557609576,0.746294653999543,1,"Lmbrd1","C1qb",0.2,0.04
0.550281745911836,6.30270557609576,0.746294653999543,1,"Mrps9","C1qb",0.2,0.04
0.550281745911836,6.30270557609576,0.746294653999543,1,"Pikfyve","C1qb",0.2,0.04
0.550281745911836,6.30270557609576,0.746294653999543,1,"Atg4b","C1qb",0.2,0.04
0.550281745911836,6.30270557609576,0.746294653999543,1,"Vamp4","C1qb",0.2,0.04
0.550281745911836,6.30270557609576,0.746294653999543,1,"Nvl","C1qb",0.2,0.04
0.550281745911836,6.30270557609576,0.746294653999543,1,"Stom","C1qb",0.2,0.04
0.550281745911836,6.30270557609576,0.746294653999543,1,"Epc2","C1qb",0.2,0.04
0.550281745911836,6.30270557609576,0.746294653999543,1,"Tlk1","C1qb",0.2,0.04
0.550281745911836,6.30270557609576,0.746294653999543,1,"Ptprj","C1qb",0.2,0.04
0.550281745911836,6.30270557609576,0.746294653999543,1,"Ptpra","C1qb",0.2,0.04
0.550281745911836,6.30270557609576,0.746294653999543,1,"Naa20","C1qb",0.2,0.04
0.550281745911836,6.30270557609576,0.746294653999543,1,"Rbm10","C1qb",0.2,0.04
0.550281745911836,6.30270557609576,0.746294653999543,1,"Aifm1","C1qb",0.2,0.04
0.550281745911836,6.30270557609576,0.746294653999543,1,"G6pdx","C1qb",0.2,0.04
0.550281745911836,6.30270557609576,0.746294653999543,1,"Pkn2","C1qb",0.2,0.04
0.550281745911836,6.30270557609576,0.746294653999543,1,"Dcaf12","C1qb",0.2,0.04
0.550281745911836,6.30270557609576,0.746294653999543,1,"Exosc3","C1qb",0.2,0.04
0.550281745911836,6.30270557609576,0.746294653999543,1,"Tusc1","C1qb",0.2,0.04
0.550281745911836,6.30270557609576,0.746294653999543,1,"Med8","C1qb",0.2,0.04
0.550281745911836,6.30270557609576,0.746294653999543,1,"Ppie","C1qb",0.2,0.04
0.550281745911836,6.30270557609576,0.746294653999543,1,"Fam213b","C1qb",0.2,0.04
0.550281745911836,6.30270557609576,0.746294653999543,1,"Nub1","C1qb",0.2,0.04
0.550281745911836,6.30270557609576,0.746294653999543,1,"Nelfa","C1qb",0.2,0.04
0.550281745911836,6.30270557609576,0.746294653999543,1,"Fam193a","C1qb",0.2,0.04
0.550281745911836,6.30270557609576,0.746294653999543,1,"Add1","C1qb",0.2,0.04
0.550281745911836,6.30270557609576,0.746294653999543,1,"Fip1l1","C1qb",0.2,0.04
0.550281745911836,6.30270557609576,0.746294653999543,1,"Rest","C1qb",0.2,0.04
0.550281745911836,6.30270557609576,0.746294653999543,1,"Lrrc8c","C1qb",0.2,0.04
0.550281745911836,6.30270557609576,0.746294653999543,1,"Sh2b3","C1qb",0.2,0.04
0.550281745911836,6.30270557609576,0.746294653999543,1,"Ncf1","C1qb",0.2,0.04
0.550281745911836,6.30270557609576,0.746294653999543,1,"Strn4","C1qb",0.2,0.04
0.550281745911836,6.30270557609576,0.746294653999543,1,"Cyth2","C1qb",0.2,0.04
0.550281745911836,6.30270557609576,0.746294653999543,1,"Blm","C1qb",0.2,0.04
0.550281745911836,6.30270557609576,0.746294653999543,1,"Pex7","C1qb",0.2,0.04
0.550281745911836,6.30270557609576,0.746294653999543,1,"Gtf3c6","C1qb",0.2,0.04
0.550281745911836,6.30270557609576,0.746294653999543,1,"Nus1","C1qb",0.2,0.04
0.550281745911836,6.30270557609576,0.746294653999543,1,"Arhgap9","C1qb",0.2,0.04
0.550281745911836,6.30270557609576,0.746294653999543,1,"Golga7","C1qb",0.2,0.04
0.550281745911836,6.30270557609576,0.746294653999543,1,"Plpbp","C1qb",0.2,0.04
0.550281745911836,6.30270557609576,0.746294653999543,1,"Ccdc124","C1qb",0.2,0.04
0.550281745911836,6.30270557609576,0.746294653999543,1,"Afg3l1","C1qb",0.2,0.04
0.550281745911836,6.30270557609576,0.746294653999543,1,"Dph3","C1qb",0.2,0.04
0.550281745911836,6.30270557609576,0.746294653999543,1,"Micu2","C1qb",0.2,0.04
0.550281745911836,6.30270557609576,0.746294653999543,1,"Med4","C1qb",0.2,0.04
0.550281745911836,6.30270557609576,0.746294653999543,1,"Mbnl2","C1qb",0.2,0.04
0.550281745911836,6.30270557609576,0.746294653999543,1,"Casp1","C1qb",0.2,0.04
0.550281745911836,6.30270557609576,0.746294653999543,1,"Usp4","C1qb",0.2,0.04
0.550281745911836,6.30270557609576,0.746294653999543,1,"Zfp445","C1qb",0.2,0.04
0.550281745911836,6.30270557609576,0.746294653999543,1,"Patz1","C1qb",0.2,0.04
0.550281745911836,6.30270557609576,0.746294653999543,1,"Ugp2","C1qb",0.2,0.04
0.550281745911836,6.30270557609576,0.746294653999543,1,"Aff4","C1qb",0.2,0.04
0.550281745911836,6.30270557609576,0.746294653999543,1,"Tmem11","C1qb",0.2,0.04
0.550281745911836,6.30270557609576,0.746294653999543,1,"Naa38","C1qb",0.2,0.04
0.550281745911836,6.30270557609576,0.746294653999543,1,"Synrg","C1qb",0.2,0.04
0.550281745911836,6.30270557609576,0.746294653999543,1,"Utp18","C1qb",0.2,0.04
0.550281745911836,6.30270557609576,0.746294653999543,1,"Socs3","C1qb",0.2,0.04
0.550281745911836,6.30270557609576,0.746294653999543,1,"Heatr1","C1qb",0.2,0.04
0.550281745911836,6.30270557609576,0.746294653999543,1,"Zfp322a","C1qb",0.2,0.04
0.550281745911836,6.30270557609576,0.746294653999543,1,"Grk6","C1qb",0.2,0.04
0.550281745911836,6.30270557609576,0.746294653999543,1,"Ccnh","C1qb",0.2,0.04
0.550281745911836,6.30270557609576,0.746294653999543,1,"Kidins220","C1qb",0.2,0.04
0.550281745911836,6.30270557609576,0.746294653999543,1,"Nfe2","C1qb",0.2,0.04
0.550281745911836,6.30270557609576,0.746294653999543,1,"Gabpa","C1qb",0.2,0.04
0.550281745911836,6.30270557609576,0.746294653999543,1,"BC003965","C1qb",0.2,0.04
0.550281745911836,6.30270557609576,0.746294653999543,1,"Crebrf","C1qb",0.2,0.04
0.550281745911836,6.30270557609576,0.746294653999543,1,"March2","C1qb",0.2,0.04
0.550281745911836,6.30270557609576,0.746294653999543,1,"Safb","C1qb",0.2,0.04
0.550281745911836,6.30270557609576,0.746294653999543,1,"Ppm1b","C1qb",0.2,0.04
0.550281745911836,6.30270557609576,0.746294653999543,1,"Ctnna1","C1qb",0.2,0.04
0.550281745911836,6.30270557609576,0.746294653999543,1,"Sipa1","C1qb",0.2,0.04
0.550281745911836,6.30270557609576,0.746294653999543,1,"Mms19","C1qb",0.2,0.04
0.550281745911836,6.30270557609576,0.746294653999543,1,"Mgea5","C1qb",0.2,0.04
-0.278196960863492,7.69915214011692,0.757980882711071,1,"Polr2k","C1qb",0.2,0.04
-0.278196960863492,7.69915214011692,0.757980882711071,1,"Rasgrp2","C1qb",0.2,0.04
0.243100746514666,7.67247969629725,0.757980882711072,1,"Lamp2","C1qb",0.2,0.04
-0.261483823009115,8.45109614440868,0.758366091697645,1,"Pcbp1","C1qb",0.2,0.04
-0.228095090195149,8.50499015984192,0.76540670674142,1,"Akr1a1","C1qb",0.2,0.04
0.218250728852912,8.47545724638291,0.76540670674142,1,"Fubp1","C1qb",0.2,0.04
-0.179373866385501,9.00234044135572,0.766468767346333,1,"Eif5a","C1qb",0.2,0.04
0.265433080213056,7.76395153324554,0.769086521859395,1,"Eif3m","C1qb",0.2,0.04
0.265433080213056,7.76395153324554,0.769086521859395,1,"Aprt","C1qb",0.2,0.04
-0.219379970693749,7.7883761923062,0.769086521859395,1,"Glul","C1qb",0.2,0.04
-0.219379970693749,7.7883761923062,0.769086521859395,1,"Krtcap2","C1qb",0.2,0.04
-0.219379970693749,7.7883761923062,0.769086521859395,1,"Mrps33","C1qb",0.2,0.04
-0.219379970693749,7.7883761923062,0.769086521859395,1,"Eif3c","C1qb",0.2,0.04
0.14262304719096,10.8033465655602,0.770029440985201,1,"B2m","C1qb",0.2,0.04
-0.197352645944622,8.55698571823834,0.772033044819964,1,"Ptp4a2","C1qb",0.2,0.04
0.553593334353489,6.52683147085099,0.775535270148748,1,"Tpp2","C1qb",0.2,0.04
0.553593334353489,6.52683147085099,0.775535270148748,1,"St8sia4","C1qb",0.2,0.04
0.553593334353489,6.52683147085099,0.775535270148748,1,"Cdc73","C1qb",0.2,0.04
0.553593334353489,6.52683147085099,0.775535270148748,1,"Tor1aip2","C1qb",0.2,0.04
0.553593334353489,6.52683147085099,0.775535270148748,1,"Soat1","C1qb",0.2,0.04
0.553593334353489,6.52683147085099,0.775535270148748,1,"Rrp15","C1qb",0.2,0.04
0.553593334353489,6.52683147085099,0.775535270148748,1,"Aph1a","C1qb",0.2,0.04
0.553593334353489,6.52683147085099,0.775535270148748,1,"Akirin1","C1qb",0.2,0.04
0.553593334353489,6.52683147085099,0.775535270148748,1,"Setd1b","C1qb",0.2,0.04
0.553593334353489,6.52683147085099,0.775535270148748,1,"Ttyh3","C1qb",0.2,0.04
0.553593334353489,6.52683147085099,0.775535270148748,1,"Bmt2","C1qb",0.2,0.04
0.553593334353489,6.52683147085099,0.775535270148748,1,"Akr1b10","C1qb",0.2,0.04
0.553593334353489,6.52683147085099,0.775535270148748,1,"Ndufb2","C1qb",0.2,0.04
0.553593334353489,6.52683147085099,0.775535270148748,1,"Kcmf1","C1qb",0.2,0.04
0.553593334353489,6.52683147085099,0.775535270148748,1,"Zfp710","C1qb",0.2,0.04
0.553593334353489,6.52683147085099,0.775535270148748,1,"Nip7","C1qb",0.2,0.04
0.553593334353489,6.52683147085099,0.775535270148748,1,"Nfat5","C1qb",0.2,0.04
0.553593334353489,6.52683147085099,0.775535270148748,1,"Socs4","C1qb",0.2,0.04
0.553593334353489,6.52683147085099,0.775535270148748,1,"Stk24","C1qb",0.2,0.04
0.553593334353489,6.52683147085099,0.775535270148748,1,"Zpr1","C1qb",0.2,0.04
0.553593334353489,6.52683147085099,0.775535270148748,1,"Gclc","C1qb",0.2,0.04
0.553593334353489,6.52683147085099,0.775535270148748,1,"Copb2","C1qb",0.2,0.04
0.553593334353489,6.52683147085099,0.775535270148748,1,"Usp19","C1qb",0.2,0.04
0.553593334353489,6.52683147085099,0.775535270148748,1,"Adap2","C1qb",0.2,0.04
0.553593334353489,6.52683147085099,0.775535270148748,1,"Taf15","C1qb",0.2,0.04
0.553593334353489,6.52683147085099,0.775535270148748,1,"Erbin","C1qb",0.2,0.04
0.553593334353489,6.52683147085099,0.775535270148748,1,"Sel1l","C1qb",0.2,0.04
0.553593334353489,6.52683147085099,0.775535270148748,1,"Ncapg2","C1qb",0.2,0.04
0.553593334353489,6.52683147085099,0.775535270148748,1,"2610037D02Rik","C1qb",0.2,0.04
0.553593334353489,6.52683147085099,0.775535270148748,1,"Bfar","C1qb",0.2,0.04
0.553593334353489,6.52683147085099,0.775535270148748,1,"Bak1","C1qb",0.2,0.04
0.553593334353489,6.52683147085099,0.775535270148748,1,"Nr3c1","C1qb",0.2,0.04
0.553593334353489,6.52683147085099,0.775535270148748,1,"Otub1","C1qb",0.2,0.04
-0.6379297435192,6.50588630222397,0.775535270148749,1,"Csrp1","C1qb",0.2,0.04
-0.6379297435192,6.50588630222397,0.775535270148749,1,"Nudt5","C1qb",0.2,0.04
-0.6379297435192,6.50588630222397,0.775535270148749,1,"Mfsd14a","C1qb",0.2,0.04
-0.6379297435192,6.50588630222397,0.775535270148749,1,"Wls","C1qb",0.2,0.04
-0.6379297435192,6.50588630222397,0.775535270148749,1,"Emc1","C1qb",0.2,0.04
-0.6379297435192,6.50588630222397,0.775535270148749,1,"Steap4","C1qb",0.2,0.04
-0.6379297435192,6.50588630222397,0.775535270148749,1,"Dnajc2","C1qb",0.2,0.04
-0.6379297435192,6.50588630222397,0.775535270148749,1,"Cdk2ap1","C1qb",0.2,0.04
-0.6379297435192,6.50588630222397,0.775535270148749,1,"Ccz1","C1qb",0.2,0.04
-0.6379297435192,6.50588630222397,0.775535270148749,1,"Mpp6","C1qb",0.2,0.04
-0.6379297435192,6.50588630222397,0.775535270148749,1,"Csgalnact2","C1qb",0.2,0.04
-0.6379297435192,6.50588630222397,0.775535270148749,1,"Kdm5a","C1qb",0.2,0.04
-0.6379297435192,6.50588630222397,0.775535270148749,1,"Bcat2","C1qb",0.2,0.04
-0.6379297435192,6.50588630222397,0.775535270148749,1,"AU020206","C1qb",0.2,0.04
-0.6379297435192,6.50588630222397,0.775535270148749,1,"Rsf1","C1qb",0.2,0.04
-0.6379297435192,6.50588630222397,0.775535270148749,1,"Fam168a","C1qb",0.2,0.04
-0.6379297435192,6.50588630222397,0.775535270148749,1,"Dennd5a","C1qb",0.2,0.04
-0.6379297435192,6.50588630222397,0.775535270148749,1,"Mapk3","C1qb",0.2,0.04
-0.6379297435192,6.50588630222397,0.775535270148749,1,"Fbrs","C1qb",0.2,0.04
-0.6379297435192,6.50588630222397,0.775535270148749,1,"Zranb1","C1qb",0.2,0.04
-0.6379297435192,6.50588630222397,0.775535270148749,1,"Bccip","C1qb",0.2,0.04
-0.6379297435192,6.50588630222397,0.775535270148749,1,"Anapc16","C1qb",0.2,0.04
-0.6379297435192,6.50588630222397,0.775535270148749,1,"Dazap1","C1qb",0.2,0.04
-0.6379297435192,6.50588630222397,0.775535270148749,1,"Shmt2","C1qb",0.2,0.04
-0.6379297435192,6.50588630222397,0.775535270148749,1,"Kat6a","C1qb",0.2,0.04
-0.6379297435192,6.50588630222397,0.775535270148749,1,"Ddhd2","C1qb",0.2,0.04
-0.6379297435192,6.50588630222397,0.775535270148749,1,"Mvb12a","C1qb",0.2,0.04
-0.6379297435192,6.50588630222397,0.775535270148749,1,"Cbfb","C1qb",0.2,0.04
-0.6379297435192,6.50588630222397,0.775535270148749,1,"Hmbs","C1qb",0.2,0.04
-0.6379297435192,6.50588630222397,0.775535270148749,1,"Sidt2","C1qb",0.2,0.04
-0.6379297435192,6.50588630222397,0.775535270148749,1,"Idh3a","C1qb",0.2,0.04
-0.6379297435192,6.50588630222397,0.775535270148749,1,"Mrpl3","C1qb",0.2,0.04
-0.6379297435192,6.50588630222397,0.775535270148749,1,"Scap","C1qb",0.2,0.04
-0.6379297435192,6.50588630222397,0.775535270148749,1,"Mrpl22","C1qb",0.2,0.04
-0.6379297435192,6.50588630222397,0.775535270148749,1,"Ankfy1","C1qb",0.2,0.04
-0.6379297435192,6.50588630222397,0.775535270148749,1,"G6pc3","C1qb",0.2,0.04
-0.6379297435192,6.50588630222397,0.775535270148749,1,"Anapc11","C1qb",0.2,0.04
-0.6379297435192,6.50588630222397,0.775535270148749,1,"Nsun2","C1qb",0.2,0.04
-0.6379297435192,6.50588630222397,0.775535270148749,1,"Brd9","C1qb",0.2,0.04
-0.6379297435192,6.50588630222397,0.775535270148749,1,"Rps19bp1","C1qb",0.2,0.04
-0.6379297435192,6.50588630222397,0.775535270148749,1,"Acap2","C1qb",0.2,0.04
-0.6379297435192,6.50588630222397,0.775535270148749,1,"Tctex1d2","C1qb",0.2,0.04
-0.6379297435192,6.50588630222397,0.775535270148749,1,"Anks1","C1qb",0.2,0.04
-0.6379297435192,6.50588630222397,0.775535270148749,1,"Csnk2b","C1qb",0.2,0.04
-0.6379297435192,6.50588630222397,0.775535270148749,1,"Treml2","C1qb",0.2,0.04
-0.6379297435192,6.50588630222397,0.775535270148749,1,"Eif1ad","C1qb",0.2,0.04
0.125658668874464,12.2424272737947,0.777595254108031,1,"Rpsa","C1qb",0.2,0.04
0.197132630294002,8.60256550675045,0.778281779821083,1,"Atp5f1","C1qb",0.2,0.04
-0.362698495327472,7.8650105592496,0.77913418111393,1,"Mgst1","C1qb",0.2,0.04
-0.362698495327472,7.8650105592496,0.77913418111393,1,"Ubxn1","C1qb",0.2,0.04
-0.209419448919383,8.6288556659134,0.784185272251921,1,"Atp5g1","C1qb",0.2,0.04
0.159708078235127,9.51469364208622,0.78438893244951,1,"Rpl31","C1qb",0.2,0.04
0.159708078235127,9.51469364208622,0.78438893244951,1,"Atp5l","C1qb",0.2,0.04
-0.304910351074548,7.94478740105156,0.788276774924029,1,"Tmem59","C1qb",0.2,0.04
-0.11876030250964,11.9056650319828,0.794844138500533,1,"Rplp1","C1qb",0.2,0.04
-0.193792876792108,8.74295087159042,0.795068066217873,1,"Cmtm7","C1qb",0.2,0.04
0.243653074595525,8.04188131077587,0.796638000010697,1,"Selenos","C1qb",0.2,0.04
-0.590518759625024,6.78447324784943,0.797613768166904,1,"Dcaf8","C1qb",0.2,0.04
-0.590518759625024,6.78447324784943,0.797613768166904,1,"Adss","C1qb",0.2,0.04
-0.590518759625024,6.78447324784943,0.797613768166904,1,"Polr3k","C1qb",0.2,0.04
-0.590518759625024,6.78447324784943,0.797613768166904,1,"Eif2s3x","C1qb",0.2,0.04
-0.590518759625024,6.78447324784943,0.797613768166904,1,"Capza1","C1qb",0.2,0.04
-0.590518759625024,6.78447324784943,0.797613768166904,1,"Gar1","C1qb",0.2,0.04
-0.590518759625024,6.78447324784943,0.797613768166904,1,"Tmem245","C1qb",0.2,0.04
-0.590518759625024,6.78447324784943,0.797613768166904,1,"Ssbp3","C1qb",0.2,0.04
-0.590518759625024,6.78447324784943,0.797613768166904,1,"Anxa3","C1qb",0.2,0.04
-0.590518759625024,6.78447324784943,0.797613768166904,1,"Setd5","C1qb",0.2,0.04
-0.590518759625024,6.78447324784943,0.797613768166904,1,"Tbcb","C1qb",0.2,0.04
-0.590518759625024,6.78447324784943,0.797613768166904,1,"Maz","C1qb",0.2,0.04
-0.590518759625024,6.78447324784943,0.797613768166904,1,"Cope","C1qb",0.2,0.04
-0.590518759625024,6.78447324784943,0.797613768166904,1,"Nudcd3","C1qb",0.2,0.04
-0.590518759625024,6.78447324784943,0.797613768166904,1,"Ggnbp2","C1qb",0.2,0.04
-0.590518759625024,6.78447324784943,0.797613768166904,1,"Dynll2","C1qb",0.2,0.04
-0.590518759625024,6.78447324784943,0.797613768166904,1,"Lgals8","C1qb",0.2,0.04
-0.590518759625024,6.78447324784943,0.797613768166904,1,"Elmo1","C1qb",0.2,0.04
-0.590518759625024,6.78447324784943,0.797613768166904,1,"Txndc15","C1qb",0.2,0.04
-0.590518759625024,6.78447324784943,0.797613768166904,1,"Jkamp","C1qb",0.2,0.04
-0.590518759625024,6.78447324784943,0.797613768166904,1,"Tob2","C1qb",0.2,0.04
-0.590518759625024,6.78447324784943,0.797613768166904,1,"Plxnb2","C1qb",0.2,0.04
-0.590518759625024,6.78447324784943,0.797613768166904,1,"Larp4","C1qb",0.2,0.04
-0.590518759625024,6.78447324784943,0.797613768166904,1,"Crebbp","C1qb",0.2,0.04
-0.590518759625024,6.78447324784943,0.797613768166904,1,"Txndc11","C1qb",0.2,0.04
-0.590518759625024,6.78447324784943,0.797613768166904,1,"Nfya","C1qb",0.2,0.04
-0.590518759625024,6.78447324784943,0.797613768166904,1,"Rab18","C1qb",0.2,0.04
-0.590518759625024,6.78447324784943,0.797613768166904,1,"Tcerg1","C1qb",0.2,0.04
0.555823566979835,6.72108926442733,0.797613768166904,1,"Rcsd1","C1qb",0.2,0.04
0.555823566979835,6.72108926442733,0.797613768166904,1,"Itch","C1qb",0.2,0.04
0.555823566979835,6.72108926442733,0.797613768166904,1,"Stk26","C1qb",0.2,0.04
0.555823566979835,6.72108926442733,0.797613768166904,1,"Akirin2","C1qb",0.2,0.04
0.555823566979835,6.72108926442733,0.797613768166904,1,"Leprot","C1qb",0.2,0.04
0.555823566979835,6.72108926442733,0.797613768166904,1,"Ebna1bp2","C1qb",0.2,0.04
0.555823566979835,6.72108926442733,0.797613768166904,1,"Smarcb1","C1qb",0.2,0.04
0.555823566979835,6.72108926442733,0.797613768166904,1,"Usp15","C1qb",0.2,0.04
0.555823566979835,6.72108926442733,0.797613768166904,1,"Mau2","C1qb",0.2,0.04
0.555823566979835,6.72108926442733,0.797613768166904,1,"Sap18","C1qb",0.2,0.04
0.555823566979835,6.72108926442733,0.797613768166904,1,"Cenpx","C1qb",0.2,0.04
0.555823566979835,6.72108926442733,0.797613768166904,1,"Rreb1","C1qb",0.2,0.04
0.555823566979835,6.72108926442733,0.797613768166904,1,"Iah1","C1qb",0.2,0.04
0.555823566979835,6.72108926442733,0.797613768166904,1,"Strn3","C1qb",0.2,0.04
0.555823566979835,6.72108926442733,0.797613768166904,1,"Papola","C1qb",0.2,0.04
0.555823566979835,6.72108926442733,0.797613768166904,1,"Cggbp1","C1qb",0.2,0.04
0.555823566979835,6.72108926442733,0.797613768166904,1,"Rpp21","C1qb",0.2,0.04
0.555823566979835,6.72108926442733,0.797613768166904,1,"Ss18","C1qb",0.2,0.04
0.555823566979835,6.72108926442733,0.797613768166904,1,"Pcgf5","C1qb",0.2,0.04
-0.423532808484097,6.70085930903197,0.797613768166904,1,"Ccdc115","C1qb",0.2,0.04
-0.423532808484097,6.70085930903197,0.797613768166904,1,"Mitd1","C1qb",0.2,0.04
-0.423532808484097,6.70085930903197,0.797613768166904,1,"Cflar","C1qb",0.2,0.04
-0.423532808484097,6.70085930903197,0.797613768166904,1,"Api5","C1qb",0.2,0.04
-0.423532808484097,6.70085930903197,0.797613768166904,1,"1500011K16Rik","C1qb",0.2,0.04
-0.423532808484097,6.70085930903197,0.797613768166904,1,"Adrm1","C1qb",0.2,0.04
-0.423532808484097,6.70085930903197,0.797613768166904,1,"Araf","C1qb",0.2,0.04
-0.423532808484097,6.70085930903197,0.797613768166904,1,"Dkc1","C1qb",0.2,0.04
-0.423532808484097,6.70085930903197,0.797613768166904,1,"Slc50a1","C1qb",0.2,0.04
-0.423532808484097,6.70085930903197,0.797613768166904,1,"Ilf2","C1qb",0.2,0.04
-0.423532808484097,6.70085930903197,0.797613768166904,1,"Tnfrsf1b","C1qb",0.2,0.04
-0.423532808484097,6.70085930903197,0.797613768166904,1,"Uso1","C1qb",0.2,0.04
-0.423532808484097,6.70085930903197,0.797613768166904,1,"Gcn1l1","C1qb",0.2,0.04
-0.423532808484097,6.70085930903197,0.797613768166904,1,"Lsm5","C1qb",0.2,0.04
-0.423532808484097,6.70085930903197,0.797613768166904,1,"BC035044","C1qb",0.2,0.04
-0.423532808484097,6.70085930903197,0.797613768166904,1,"Aebp2","C1qb",0.2,0.04
-0.423532808484097,6.70085930903197,0.797613768166904,1,"Ppp1r12c","C1qb",0.2,0.04
-0.423532808484097,6.70085930903197,0.797613768166904,1,"Ppp6r1","C1qb",0.2,0.04
-0.423532808484097,6.70085930903197,0.797613768166904,1,"Nup62","C1qb",0.2,0.04
-0.423532808484097,6.70085930903197,0.797613768166904,1,"Furin","C1qb",0.2,0.04
-0.423532808484097,6.70085930903197,0.797613768166904,1,"Emsy","C1qb",0.2,0.04
-0.423532808484097,6.70085930903197,0.797613768166904,1,"Mcmbp","C1qb",0.2,0.04
-0.423532808484097,6.70085930903197,0.797613768166904,1,"Utrn","C1qb",0.2,0.04
-0.423532808484097,6.70085930903197,0.797613768166904,1,"Serinc1","C1qb",0.2,0.04
-0.423532808484097,6.70085930903197,0.797613768166904,1,"Tbc1d15","C1qb",0.2,0.04
-0.423532808484097,6.70085930903197,0.797613768166904,1,"Ddx39","C1qb",0.2,0.04
-0.423532808484097,6.70085930903197,0.797613768166904,1,"Tmem208","C1qb",0.2,0.04
-0.423532808484097,6.70085930903197,0.797613768166904,1,"Ppp2r2a","C1qb",0.2,0.04
-0.423532808484097,6.70085930903197,0.797613768166904,1,"Ccdc82","C1qb",0.2,0.04
-0.423532808484097,6.70085930903197,0.797613768166904,1,"Chordc1","C1qb",0.2,0.04
-0.423532808484097,6.70085930903197,0.797613768166904,1,"Fam96a","C1qb",0.2,0.04
-0.423532808484097,6.70085930903197,0.797613768166904,1,"Setd2","C1qb",0.2,0.04
-0.423532808484097,6.70085930903197,0.797613768166904,1,"Mafg","C1qb",0.2,0.04
-0.423532808484097,6.70085930903197,0.797613768166904,1,"Zmynd11","C1qb",0.2,0.04
-0.423532808484097,6.70085930903197,0.797613768166904,1,"Glrx","C1qb",0.2,0.04
-0.423532808484097,6.70085930903197,0.797613768166904,1,"Ppm1a","C1qb",0.2,0.04
-0.423532808484097,6.70085930903197,0.797613768166904,1,"Wdr89","C1qb",0.2,0.04
-0.423532808484097,6.70085930903197,0.797613768166904,1,"Susd6","C1qb",0.2,0.04
-0.423532808484097,6.70085930903197,0.797613768166904,1,"Cpsf2","C1qb",0.2,0.04
-0.423532808484097,6.70085930903197,0.797613768166904,1,"Ckb","C1qb",0.2,0.04
-0.423532808484097,6.70085930903197,0.797613768166904,1,"Sp1","C1qb",0.2,0.04
-0.423532808484097,6.70085930903197,0.797613768166904,1,"Copz1","C1qb",0.2,0.04
-0.423532808484097,6.70085930903197,0.797613768166904,1,"Pam16","C1qb",0.2,0.04
-0.423532808484097,6.70085930903197,0.797613768166904,1,"Usp25","C1qb",0.2,0.04
-0.423532808484097,6.70085930903197,0.797613768166904,1,"Bag6","C1qb",0.2,0.04
-0.423532808484097,6.70085930903197,0.797613768166904,1,"Kdm2a","C1qb",0.2,0.04
-0.423532808484097,6.70085930903197,0.797613768166904,1,"Dock8","C1qb",0.2,0.04
-0.423532808484097,6.70085930903197,0.797613768166904,1,"Pdcd11","C1qb",0.2,0.04
0.11414443989479,11.6619881174111,0.802837029037683,1,"Rpl35a","C1qb",0.2,0.04
0.120413281276617,11.0549670877065,0.803310165643832,1,"Rpl14","C1qb",0.2,0.04
-0.208955174237759,8.09247353617373,0.80431916533537,1,"Snrpg","C1qb",0.2,0.04
-0.145078524516126,9.32919733329919,0.807202244897316,1,"Serinc3","C1qb",0.2,0.04
0.113018243011182,11.6202146310825,0.80800946838941,1,"Rpl30","C1qb",0.2,0.04
-0.224897910373097,8.19092053416152,0.811404161073228,1,"Snu13","C1qb",0.2,0.04
0.194053220044483,8.14440138603111,0.811404161073228,1,"Ndufc2","C1qb",0.2,0.04
-0.168643746299792,8.16112106098523,0.811404161073228,1,"Fbl","C1qb",0.2,0.04
-0.168643746299792,8.16112106098523,0.811404161073228,1,"Uqcrb","C1qb",0.2,0.04
0.557427760796386,6.89251816040616,0.815052944606036,1,"Uck2","C1qb",0.2,0.04
0.557427760796386,6.89251816040616,0.815052944606036,1,"Dnajc5","C1qb",0.2,0.04
0.557427760796386,6.89251816040616,0.815052944606036,1,"Eif2a","C1qb",0.2,0.04
0.557427760796386,6.89251816040616,0.815052944606036,1,"Rchy1","C1qb",0.2,0.04
0.557427760796386,6.89251816040616,0.815052944606036,1,"Arhgap17","C1qb",0.2,0.04
0.557427760796386,6.89251816040616,0.815052944606036,1,"Nsmce4a","C1qb",0.2,0.04
0.557427760796386,6.89251816040616,0.815052944606036,1,"Tm2d2","C1qb",0.2,0.04
0.557427760796386,6.89251816040616,0.815052944606036,1,"Irf2","C1qb",0.2,0.04
0.557427760796386,6.89251816040616,0.815052944606036,1,"Dnajb1","C1qb",0.2,0.04
0.557427760796386,6.89251816040616,0.815052944606036,1,"Ube2e1","C1qb",0.2,0.04
0.557427760796386,6.89251816040616,0.815052944606036,1,"Dcun1d5","C1qb",0.2,0.04
0.557427760796386,6.89251816040616,0.815052944606036,1,"Ccdc88a","C1qb",0.2,0.04
0.557427760796386,6.89251816040616,0.815052944606036,1,"Polr2a","C1qb",0.2,0.04
-0.425343825817692,6.94720036902587,0.815052944606036,1,"Dars","C1qb",0.2,0.04
-0.425343825817692,6.94720036902587,0.815052944606036,1,"Adipor1","C1qb",0.2,0.04
-0.425343825817692,6.94720036902587,0.815052944606036,1,"Mia3","C1qb",0.2,0.04
-0.425343825817692,6.94720036902587,0.815052944606036,1,"Ube2e3","C1qb",0.2,0.04
-0.425343825817692,6.94720036902587,0.815052944606036,1,"Rbck1","C1qb",0.2,0.04
-0.425343825817692,6.94720036902587,0.815052944606036,1,"Naa10","C1qb",0.2,0.04
-0.425343825817692,6.94720036902587,0.815052944606036,1,"Gclm","C1qb",0.2,0.04
-0.425343825817692,6.94720036902587,0.815052944606036,1,"Cdc26","C1qb",0.2,0.04
-0.425343825817692,6.94720036902587,0.815052944606036,1,"Stap1","C1qb",0.2,0.04
-0.425343825817692,6.94720036902587,0.815052944606036,1,"Tnfrsf1a","C1qb",0.2,0.04
-0.425343825817692,6.94720036902587,0.815052944606036,1,"Cnot3","C1qb",0.2,0.04
-0.425343825817692,6.94720036902587,0.815052944606036,1,"Numa1","C1qb",0.2,0.04
-0.425343825817692,6.94720036902587,0.815052944606036,1,"Lsm7","C1qb",0.2,0.04
-0.425343825817692,6.94720036902587,0.815052944606036,1,"Adgrg1","C1qb",0.2,0.04
-0.425343825817692,6.94720036902587,0.815052944606036,1,"Hyou1","C1qb",0.2,0.04
-0.425343825817692,6.94720036902587,0.815052944606036,1,"Tcf12","C1qb",0.2,0.04
-0.425343825817692,6.94720036902587,0.815052944606036,1,"Rnf7","C1qb",0.2,0.04
-0.425343825817692,6.94720036902587,0.815052944606036,1,"Slc25a36","C1qb",0.2,0.04
-0.425343825817692,6.94720036902587,0.815052944606036,1,"Sept9","C1qb",0.2,0.04
-0.425343825817692,6.94720036902587,0.815052944606036,1,"Ifi27","C1qb",0.2,0.04
-0.425343825817692,6.94720036902587,0.815052944606036,1,"Puf60","C1qb",0.2,0.04
-0.425343825817692,6.94720036902587,0.815052944606036,1,"Slc38a1","C1qb",0.2,0.04
-0.425343825817692,6.94720036902587,0.815052944606036,1,"Ube2v2","C1qb",0.2,0.04
-0.425343825817692,6.94720036902587,0.815052944606036,1,"Gm26917","C1qb",0.2,0.04
0.368552685256086,6.96641631081943,0.815052944606036,1,"Cep350","C1qb",0.2,0.04
0.368552685256086,6.96641631081943,0.815052944606036,1,"Timm8a1","C1qb",0.2,0.04
0.368552685256086,6.96641631081943,0.815052944606036,1,"Atp6v1e1","C1qb",0.2,0.04
0.368552685256086,6.96641631081943,0.815052944606036,1,"Reep3","C1qb",0.2,0.04
0.368552685256086,6.96641631081943,0.815052944606036,1,"Frg1","C1qb",0.2,0.04
0.368552685256086,6.96641631081943,0.815052944606036,1,"Nfix","C1qb",0.2,0.04
0.368552685256086,6.96641631081943,0.815052944606036,1,"Brd7","C1qb",0.2,0.04
0.368552685256086,6.96641631081943,0.815052944606036,1,"Gmfb","C1qb",0.2,0.04
0.368552685256086,6.96641631081943,0.815052944606036,1,"Ddx6","C1qb",0.2,0.04
0.368552685256086,6.96641631081943,0.815052944606036,1,"Rock2","C1qb",0.2,0.04
0.368552685256086,6.96641631081943,0.815052944606036,1,"Evl","C1qb",0.2,0.04
0.368552685256086,6.96641631081943,0.815052944606036,1,"Pgp","C1qb",0.2,0.04
0.212335585748654,8.2110894341501,0.817963138885021,1,"Dazap2","C1qb",0.2,0.04
-0.0996954463779825,12.0177155165676,0.818077615957564,1,"Rps20","C1qb",0.2,0.04
0.102922578835032,11.7353169943509,0.822206658357428,1,"Rps15a","C1qb",0.2,0.04
0.228902551054563,8.27487487206301,0.824055281589667,1,"Dbi","C1qb",0.2,0.04
0.228902551054563,8.27487487206301,0.824055281589667,1,"Tomm20","C1qb",0.2,0.04
-0.128926144665452,9.02343999718954,0.825639304109776,1,"Zfp36l2","C1qb",0.2,0.04
0.0997573732273638,12.0934253518318,0.827082699417854,1,"Rps3a1","C1qb",0.2,0.04
0.13630590578322,9.52603900717611,0.828105468699907,1,"Sec61b","C1qb",0.2,0.04
-0.302639405375176,7.09371064366872,0.829279641174803,1,"Cnih4","C1qb",0.2,0.04
-0.302639405375176,7.09371064366872,0.829279641174803,1,"Gapvd1","C1qb",0.2,0.04
-0.302639405375176,7.09371064366872,0.829279641174803,1,"Ash1l","C1qb",0.2,0.04
-0.302639405375176,7.09371064366872,0.829279641174803,1,"Magoh","C1qb",0.2,0.04
-0.302639405375176,7.09371064366872,0.829279641174803,1,"Med28","C1qb",0.2,0.04
-0.302639405375176,7.09371064366872,0.829279641174803,1,"Snf8","C1qb",0.2,0.04
-0.302639405375176,7.09371064366872,0.829279641174803,1,"Alyref","C1qb",0.2,0.04
-0.302639405375176,7.09371064366872,0.829279641174803,1,"Ctsl","C1qb",0.2,0.04
-0.202147498479327,8.34338662769181,0.82973091766742,1,"Calm3","C1qb",0.2,0.04
0.203633755773671,8.42004494849614,0.835033156634794,1,"Dnaja1","C1qb",0.2,0.04
0.203633755773671,8.42004494849614,0.835033156634794,1,"Etfb","C1qb",0.2,0.04
0.0914277416790045,12.1077990680589,0.836865092505499,1,"Rps29","C1qb",0.2,0.04
-0.0996174653598128,10.9249550970226,0.839143524748584,1,"Rpl38","C1qb",0.2,0.04
0.141519483623643,9.1444825162597,0.839258958120713,1,"Txn1","C1qb",0.2,0.04
-0.138316322593957,8.45719136217081,0.839999168826819,1,"Reep5","C1qb",0.2,0.04
0.151449639494561,8.44493841083527,0.83999916882682,1,"Rpl13a","C1qb",0.2,0.04
0.151449639494561,8.44493841083527,0.83999916882682,1,"Atp6v0e","C1qb",0.2,0.04
0.242003586286731,7.17556896661604,0.841170611441235,1,"Commd3","C1qb",0.2,0.04
0.242003586286731,7.17556896661604,0.841170611441235,1,"Wasf2","C1qb",0.2,0.04
0.242003586286731,7.17556896661604,0.841170611441235,1,"Pou2f2","C1qb",0.2,0.04
0.242003586286731,7.17556896661604,0.841170611441235,1,"Yeats4","C1qb",0.2,0.04
0.242003586286731,7.17556896661604,0.841170611441235,1,"Eif4ebp1","C1qb",0.2,0.04
0.242003586286731,7.17556896661604,0.841170611441235,1,"Cfdp1","C1qb",0.2,0.04
0.242003586286731,7.17556896661604,0.841170611441235,1,"Sdhd","C1qb",0.2,0.04
0.242003586286731,7.17556896661604,0.841170611441235,1,"Cetn3","C1qb",0.2,0.04
0.242003586286731,7.17556896661604,0.841170611441235,1,"Prkar2b","C1qb",0.2,0.04
0.242003586286731,7.17556896661604,0.841170611441235,1,"Stub1","C1qb",0.2,0.04
-0.0821047575264357,13.4730419276186,0.848107665680987,1,"mt-Co3","C1qb",0.2,0.04
0.135994246363969,8.57452423911713,0.849047368508971,1,"S100a11","C1qb",0.2,0.04
0.0809404698828691,11.9088958812286,0.850527682528529,1,"Rpl39","C1qb",0.2,0.04
0.124399492059286,9.30240660409566,0.850870317967257,1,"Slc25a3","C1qb",0.2,0.04
-0.0879909916923083,10.416570352218,0.850906411750356,1,"Rps25","C1qb",0.2,0.04
0.27436040848269,7.30261562002328,0.851298862305852,1,"Uqcrfs1","C1qb",0.2,0.04
0.27436040848269,7.30261562002328,0.851298862305852,1,"Tnfaip8","C1qb",0.2,0.04
-0.321687785643421,7.28486485620668,0.851298862305852,1,"Prpf40a","C1qb",0.2,0.04
-0.321687785643421,7.28486485620668,0.851298862305852,1,"Cisd2","C1qb",0.2,0.04
-0.321687785643421,7.28486485620668,0.851298862305852,1,"Hdac1","C1qb",0.2,0.04
-0.321687785643421,7.28486485620668,0.851298862305852,1,"mt-Nd4l","C1qb",0.2,0.04
0.151544993688088,8.62440199149353,0.853182340037331,1,"Taldo1","C1qb",0.2,0.04
-0.168947653796409,8.60721099174396,0.853182340037332,1,"Cnbp","C1qb",0.2,0.04
-0.168947653796409,8.60721099174396,0.853182340037332,1,"Sec61g","C1qb",0.2,0.04
0.117150554160891,9.3753095405073,0.858517875888543,1,"Cox7c","C1qb",0.2,0.04
-0.0847810258893518,11.6904574917939,0.859392010177123,1,"Rps23","C1qb",0.2,0.04
-0.335869073506155,7.453428800668,0.860057187957492,1,"R3hdm1","C1qb",0.2,0.04
-0.335869073506155,7.453428800668,0.860057187957492,1,"Ppig","C1qb",0.2,0.04
-0.335869073506155,7.453428800668,0.860057187957492,1,"Khdrbs1","C1qb",0.2,0.04
-0.335869073506155,7.453428800668,0.860057187957492,1,"Uqcrc2","C1qb",0.2,0.04
-0.335869073506155,7.453428800668,0.860057187957492,1,"Gns","C1qb",0.2,0.04
-0.335869073506155,7.453428800668,0.860057187957492,1,"Glud1","C1qb",0.2,0.04
-0.335869073506155,7.453428800668,0.860057187957492,1,"Sf1","C1qb",0.2,0.04
0.300845220105023,7.41951861748053,0.860057187957492,1,"Nenf","C1qb",0.2,0.04
0.300845220105023,7.41951861748053,0.860057187957492,1,"Dnajb6","C1qb",0.2,0.04
0.300845220105023,7.41951861748053,0.860057187957492,1,"Ppp1cc","C1qb",0.2,0.04
0.300845220105023,7.41951861748053,0.860057187957492,1,"Plekhj1","C1qb",0.2,0.04
0.300845220105023,7.41951861748053,0.860057187957492,1,"Vdac3","C1qb",0.2,0.04
-0.23734837003157,7.40228841661392,0.860057187957492,1,"Mrps14","C1qb",0.2,0.04
-0.23734837003157,7.40228841661392,0.860057187957492,1,"Ndufa5","C1qb",0.2,0.04
-0.23734837003157,7.40228841661392,0.860057187957492,1,"Uba2","C1qb",0.2,0.04
-0.23734837003157,7.40228841661392,0.860057187957492,1,"Taf1d","C1qb",0.2,0.04
-0.23734837003157,7.40228841661392,0.860057187957492,1,"Gspt1","C1qb",0.2,0.04
0.322926970548992,7.52777724622286,0.867725287247492,1,"Hmgb3","C1qb",0.2,0.04
0.322926970548992,7.52777724622286,0.867725287247492,1,"Nfkb1","C1qb",0.2,0.04
0.322926970548992,7.52777724622286,0.867725287247492,1,"Polr2e","C1qb",0.2,0.04
0.322926970548992,7.52777724622286,0.867725287247492,1,"Rnf130","C1qb",0.2,0.04
0.322926970548992,7.52777724622286,0.867725287247492,1,"Psma6","C1qb",0.2,0.04
0.322926970548992,7.52777724622286,0.867725287247492,1,"Eif4g1","C1qb",0.2,0.04
-0.260159587194827,7.5584243899432,0.867725287247492,1,"Phf3","C1qb",0.2,0.04
-0.260159587194827,7.5584243899432,0.867725287247492,1,"Rnf149","C1qb",0.2,0.04
-0.260159587194827,7.5584243899432,0.867725287247492,1,"Ndufs2","C1qb",0.2,0.04
-0.260159587194827,7.5584243899432,0.867725287247492,1,"Srsf9","C1qb",0.2,0.04
-0.260159587194827,7.5584243899432,0.867725287247492,1,"Tpi1","C1qb",0.2,0.04
0.217181999351159,7.57491777749191,0.867725287247492,1,"Srsf10","C1qb",0.2,0.04
0.217181999351159,7.57491777749191,0.867725287247492,1,"Ctbp1","C1qb",0.2,0.04
0.217181999351159,7.57491777749191,0.867725287247492,1,"Tra2a","C1qb",0.2,0.04
0.217181999351159,7.57491777749191,0.867725287247492,1,"Nudt4","C1qb",0.2,0.04
0.217181999351159,7.57491777749191,0.867725287247492,1,"Tecr","C1qb",0.2,0.04
0.126206170385083,8.8459031339755,0.870768991294647,1,"Sub1","C1qb",0.2,0.04
-0.196432571180322,7.65643811865081,0.874508605850185,1,"Ak2","C1qb",0.2,0.04
-0.196432571180322,7.65643811865081,0.874508605850185,1,"Cct7","C1qb",0.2,0.04
-0.196432571180322,7.65643811865081,0.874508605850185,1,"Rsl1d1","C1qb",0.2,0.04
-0.14200206586787,7.74833870719543,0.880561994065204,1,"Tsn","C1qb",0.2,0.04
-0.14200206586787,7.74833870719543,0.880561994065204,1,"1810037I17Rik","C1qb",0.2,0.04
0.150880027066595,7.71497091784078,0.880561994065204,1,"Pbrm1","C1qb",0.2,0.04
0.150880027066595,7.71497091784078,0.880561994065204,1,"Prpf4b","C1qb",0.2,0.04
0.150880027066595,7.71497091784078,0.880561994065204,1,"Ube2l3","C1qb",0.2,0.04
0.150880027066595,7.71497091784078,0.880561994065204,1,"Cyb5a","C1qb",0.2,0.04
0.0642121745917645,12.3445573511312,0.881227921566075,1,"Rps8","C1qb",0.2,0.04
0.094866234719673,9.00044475592436,0.881992196265434,1,"Ppib","C1qb",0.2,0.04
-0.292818174376791,7.82724446214559,0.886004738639448,1,"Phb2","C1qb",0.2,0.04
-0.292818174376791,7.82724446214559,0.886004738639448,1,"Rab10","C1qb",0.2,0.04
-0.292818174376791,7.82724446214559,0.886004738639448,1,"Paip2","C1qb",0.2,0.04
0.178754827599852,7.80377868884203,0.886004738639448,1,"Jpt1","C1qb",0.2,0.04
-0.23825904468938,7.90913920778195,0.890930459809348,1,"Sf3b1","C1qb",0.2,0.04
-0.23825904468938,7.90913920778195,0.890930459809348,1,"Ssb","C1qb",0.2,0.04
-0.23825904468938,7.90913920778195,0.890930459809348,1,"Srsf6","C1qb",0.2,0.04
-0.23825904468938,7.90913920778195,0.890930459809348,1,"Vcp","C1qb",0.2,0.04
0.203113029568141,7.88751617239044,0.890930459809348,1,"Akr1b3","C1qb",0.2,0.04
0.203113029568141,7.88751617239044,0.890930459809348,1,"Bsg","C1qb",0.2,0.04
0.203113029568141,7.88751617239044,0.890930459809348,1,"Eef1d","C1qb",0.2,0.04
0.224583515249295,7.96672957882444,0.89541382857693,1,"Ndufb5","C1qb",0.2,0.04
0.224583515249295,7.96672957882444,0.89541382857693,1,"Sri","C1qb",0.2,0.04
0.224583515249295,7.96672957882444,0.89541382857693,1,"Snx3","C1qb",0.2,0.04
0.151145311566253,8.00117461340004,0.89541382857693,1,"Esd","C1qb",0.2,0.04
0.173772753644844,8.07453530440459,0.899515247064109,1,"Nucks1","C1qb",0.2,0.04
0.173772753644844,8.07453530440459,0.899515247064109,1,"Polr1d","C1qb",0.2,0.04
0.173772753644844,8.07453530440459,0.899515247064109,1,"Bclaf1","C1qb",0.2,0.04
0.0975074763402152,9.3156091060393,0.901162626822504,1,"Sem1","C1qb",0.2,0.04
-0.110106783730726,8.13063777791433,0.903284185165758,1,"Psma3","C1qb",0.2,0.04
-0.110106783730726,8.13063777791433,0.903284185165758,1,"Tmem258","C1qb",0.2,0.04
-0.0724882734257023,10.5108358728109,0.906143808983079,1,"Eef1b2","C1qb",0.2,0.04
-0.101288106010716,9.41679068775754,0.907785173016141,1,"Gapdh","C1qb",0.2,0.04
0.0927857246762531,8.26830594840798,0.909981771976109,1,"Psme1","C1qb",0.2,0.04
-0.18653289736895,8.25516245478705,0.909981771976109,1,"Csde1","C1qb",0.2,0.04
0.114111424412192,8.32957608491186,0.912973580141126,1,"Csnk1a1","C1qb",0.2,0.04
0.0906104980743295,9.54844600897465,0.914894231748415,1,"Hnrnpf","C1qb",0.2,0.04
0.0772779247216961,9.58503715087089,0.916184582008294,1,"Myl6","C1qb",0.2,0.04
0.0514447586956809,10.9327986145218,0.928356291749149,1,"Rps15","C1qb",0.2,0.04
0.0580103446738958,8.77867469724744,0.932753890603557,1,"Ywhae","C1qb",0.2,0.04
-0.110390390803367,8.81154226841148,0.934390410964975,1,"Rsrp1","C1qb",0.2,0.04
-0.0699219319945455,8.89503519214006,0.937427750693481,1,"Hnrnpu","C1qb",0.2,0.04
0.0618127978150434,9.01683248455648,0.941475804651963,1,"Hint1","C1qb",0.2,0.04
-0.0362013183774337,11.0681591888748,0.950801286354605,1,"Rps6","C1qb",0.2,0.04
0.0301293184948553,11.8919171817384,0.952491587998204,1,"Rpl37a","C1qb",0.2,0.04
-0.0213591617154107,11.0825137468781,0.967475457903872,1,"Ppia","C1qb",0.2,0.04
-0.0362779574141646,10.3358010996416,0.973718371874375,1,"Rpl35","C1qb",0.2,0.04
0.338442539507605,6.80433390059085,0.999999999999999,1,"Sp110","C1qb",0.2,0.04
0.338442539507605,6.80433390059085,0.999999999999999,1,"Cop1","C1qb",0.2,0.04
0.338442539507605,6.80433390059085,0.999999999999999,1,"Cr1l","C1qb",0.2,0.04
0.338442539507605,6.80433390059085,0.999999999999999,1,"Esf1","C1qb",0.2,0.04
0.338442539507605,6.80433390059085,0.999999999999999,1,"Gm11808","C1qb",0.2,0.04
0.338442539507605,6.80433390059085,0.999999999999999,1,"Dmac1","C1qb",0.2,0.04
0.338442539507605,6.80433390059085,0.999999999999999,1,"Lsm8","C1qb",0.2,0.04
0.338442539507605,6.80433390059085,0.999999999999999,1,"Htra2","C1qb",0.2,0.04
0.338442539507605,6.80433390059085,0.999999999999999,1,"Dusp11","C1qb",0.2,0.04
0.338442539507605,6.80433390059085,0.999999999999999,1,"Clns1a","C1qb",0.2,0.04
0.338442539507605,6.80433390059085,0.999999999999999,1,"Timm10b","C1qb",0.2,0.04
0.338442539507605,6.80433390059085,0.999999999999999,1,"Bcl7c","C1qb",0.2,0.04
0.338442539507605,6.80433390059085,0.999999999999999,1,"Stx7","C1qb",0.2,0.04
0.338442539507605,6.80433390059085,0.999999999999999,1,"Pet100","C1qb",0.2,0.04
0.338442539507605,6.80433390059085,0.999999999999999,1,"Osgep","C1qb",0.2,0.04
0.338442539507605,6.80433390059085,0.999999999999999,1,"Mrpl4","C1qb",0.2,0.04
0.338442539507605,6.80433390059085,0.999999999999999,1,"Trappc4","C1qb",0.2,0.04
0.338442539507605,6.80433390059085,0.999999999999999,1,"Fam212a","C1qb",0.2,0.04
0.338442539507605,6.80433390059085,0.999999999999999,1,"Ift20","C1qb",0.2,0.04
0.338442539507605,6.80433390059085,0.999999999999999,1,"Rnf213","C1qb",0.2,0.04
0.338442539507605,6.80433390059085,0.999999999999999,1,"Nampt","C1qb",0.2,0.04
0.338442539507605,6.80433390059085,0.999999999999999,1,"Zfr","C1qb",0.2,0.04
0.338442539507605,6.80433390059085,0.999999999999999,1,"Trps1","C1qb",0.2,0.04
0.338442539507605,6.80433390059085,0.999999999999999,1,"Zcrb1","C1qb",0.2,0.04
0.338442539507605,6.80433390059085,0.999999999999999,1,"Hmox2","C1qb",0.2,0.04
0.338442539507605,6.80433390059085,0.999999999999999,1,"Litaf","C1qb",0.2,0.04
0.338442539507605,6.80433390059085,0.999999999999999,1,"Umps","C1qb",0.2,0.04
0.338442539507605,6.80433390059085,0.999999999999999,1,"Cdc5l","C1qb",0.2,0.04
0.338442539507605,6.80433390059085,0.999999999999999,1,"Acsl5","C1qb",0.2,0.04
-0.27569629117958,6.8729587197863,0.999999999999999,1,"Atp6v1h","C1qb",0.2,0.04
-0.27569629117958,6.8729587197863,0.999999999999999,1,"Uba1","C1qb",0.2,0.04
-0.27569629117958,6.8729587197863,0.999999999999999,1,"Clcc1","C1qb",0.2,0.04
-0.27569629117958,6.8729587197863,0.999999999999999,1,"Grpel1","C1qb",0.2,0.04
-0.27569629117958,6.8729587197863,0.999999999999999,1,"Ccni","C1qb",0.2,0.04
-0.27569629117958,6.8729587197863,0.999999999999999,1,"Anapc5","C1qb",0.2,0.04
-0.27569629117958,6.8729587197863,0.999999999999999,1,"Ltv1","C1qb",0.2,0.04
-0.27569629117958,6.8729587197863,0.999999999999999,1,"Cd164","C1qb",0.2,0.04
-0.27569629117958,6.8729587197863,0.999999999999999,1,"Ptbp1","C1qb",0.2,0.04
-0.27569629117958,6.8729587197863,0.999999999999999,1,"Ppp1r12a","C1qb",0.2,0.04
-0.27569629117958,6.8729587197863,0.999999999999999,1,"Ngdn","C1qb",0.2,0.04
-0.27569629117958,6.8729587197863,0.999999999999999,1,"Spag9","C1qb",0.2,0.04
-0.27569629117958,6.8729587197863,0.999999999999999,1,"Tnrc6c","C1qb",0.2,0.04
-0.27569629117958,6.8729587197863,0.999999999999999,1,"Nemf","C1qb",0.2,0.04
-0.27569629117958,6.8729587197863,0.999999999999999,1,"Ppil2","C1qb",0.2,0.04
-0.27569629117958,6.8729587197863,0.999999999999999,1,"Polr2h","C1qb",0.2,0.04
-0.27569629117958,6.8729587197863,0.999999999999999,1,"Tomm70a","C1qb",0.2,0.04
-0.27569629117958,6.8729587197863,0.999999999999999,1,"Usp14","C1qb",0.2,0.04
-0.108710340038653,6.7943891928323,0.999999999999999,1,"Coa5","C1qb",0.2,0.04
-0.108710340038653,6.7943891928323,0.999999999999999,1,"Pdrg1","C1qb",0.2,0.04
-0.108710340038653,6.7943891928323,0.999999999999999,1,"Ufm1","C1qb",0.2,0.04
-0.108710340038653,6.7943891928323,0.999999999999999,1,"Osbpl9","C1qb",0.2,0.04
-0.108710340038653,6.7943891928323,0.999999999999999,1,"Sf3a3","C1qb",0.2,0.04
-0.108710340038653,6.7943891928323,0.999999999999999,1,"Coro1c","C1qb",0.2,0.04
-0.108710340038653,6.7943891928323,0.999999999999999,1,"Leng8","C1qb",0.2,0.04
-0.108710340038653,6.7943891928323,0.999999999999999,1,"Rab6a","C1qb",0.2,0.04
-0.108710340038653,6.7943891928323,0.999999999999999,1,"Nap1l4","C1qb",0.2,0.04
-0.108710340038653,6.7943891928323,0.999999999999999,1,"Ranbp2","C1qb",0.2,0.04
-0.108710340038653,6.7943891928323,0.999999999999999,1,"Pttg1ip","C1qb",0.2,0.04
-0.108710340038653,6.7943891928323,0.999999999999999,1,"Zbtb7a","C1qb",0.2,0.04
-0.108710340038653,6.7943891928323,0.999999999999999,1,"Upf3a","C1qb",0.2,0.04
-0.108710340038653,6.7943891928323,0.999999999999999,1,"Ppp3cb","C1qb",0.2,0.04
-0.108710340038653,6.7943891928323,0.999999999999999,1,"Mrpl57","C1qb",0.2,0.04
-0.108710340038653,6.7943891928323,0.999999999999999,1,"Fdx1","C1qb",0.2,0.04
-0.108710340038653,6.7943891928323,0.999999999999999,1,"Adam10","C1qb",0.2,0.04
-0.108710340038653,6.7943891928323,0.999999999999999,1,"Tug1","C1qb",0.2,0.04
-0.108710340038653,6.7943891928323,0.999999999999999,1,"Tns3","C1qb",0.2,0.04
-0.108710340038653,6.7943891928323,0.999999999999999,1,"Sar1b","C1qb",0.2,0.04
-0.108710340038653,6.7943891928323,0.999999999999999,1,"Prpf8","C1qb",0.2,0.04
-0.108710340038653,6.7943891928323,0.999999999999999,1,"Med1","C1qb",0.2,0.04
-0.108710340038653,6.7943891928323,0.999999999999999,1,"Efr3a","C1qb",0.2,0.04
-0.108710340038653,6.7943891928323,0.999999999999999,1,"Vps28","C1qb",0.2,0.04
-0.108710340038653,6.7943891928323,0.999999999999999,1,"Abhd16a","C1qb",0.2,0.04
-0.108710340038653,6.7943891928323,0.999999999999999,1,"Dpf2","C1qb",0.2,0.04
-0.108710340038653,6.7943891928323,0.999999999999999,1,"Gnaq","C1qb",0.2,0.04
0.201566734115159,7.03645109486996,0.999999999999999,1,"Mfsd1","C1qb",0.2,0.04
0.201566734115159,7.03645109486996,0.999999999999999,1,"Atp13a2","C1qb",0.2,0.04
0.201566734115159,7.03645109486996,0.999999999999999,1,"Ankrd17","C1qb",0.2,0.04
0.201566734115159,7.03645109486996,0.999999999999999,1,"Mrps17","C1qb",0.2,0.04
0.201566734115159,7.03645109486996,0.999999999999999,1,"Uba52","C1qb",0.2,0.04
0.201566734115159,7.03645109486996,0.999999999999999,1,"Mgat2","C1qb",0.2,0.04
0.201566734115159,7.03645109486996,0.999999999999999,1,"Dlst","C1qb",0.2,0.04
0.201566734115159,7.03645109486996,0.999999999999999,1,"Tnrc6b","C1qb",0.2,0.04
0.201566734115159,7.03645109486996,0.999999999999999,1,"Zfp148","C1qb",0.2,0.04
0.201566734115159,7.03645109486996,0.999999999999999,1,"Zfp91","C1qb",0.2,0.04
0.297545762973878,6.62202947704825,0.999999999999999,1,"Ndufs1","C1qb",0.2,0.04
0.297545762973878,6.62202947704825,0.999999999999999,1,"Mgat5","C1qb",0.2,0.04
0.297545762973878,6.62202947704825,0.999999999999999,1,"Sdhc","C1qb",0.2,0.04
0.297545762973878,6.62202947704825,0.999999999999999,1,"Slc12a6","C1qb",0.2,0.04
0.297545762973878,6.62202947704825,0.999999999999999,1,"Commd7","C1qb",0.2,0.04
0.297545762973878,6.62202947704825,0.999999999999999,1,"Npepl1","C1qb",0.2,0.04
0.297545762973878,6.62202947704825,0.999999999999999,1,"Hnrnph2","C1qb",0.2,0.04
0.297545762973878,6.62202947704825,0.999999999999999,1,"Ankrd13c","C1qb",0.2,0.04
0.297545762973878,6.62202947704825,0.999999999999999,1,"Tgs1","C1qb",0.2,0.04
0.297545762973878,6.62202947704825,0.999999999999999,1,"Ggh","C1qb",0.2,0.04
0.297545762973878,6.62202947704825,0.999999999999999,1,"Stoml2","C1qb",0.2,0.04
0.297545762973878,6.62202947704825,0.999999999999999,1,"Zcchc11","C1qb",0.2,0.04
0.297545762973878,6.62202947704825,0.999999999999999,1,"Dhdds","C1qb",0.2,0.04
0.297545762973878,6.62202947704825,0.999999999999999,1,"Hscb","C1qb",0.2,0.04
0.297545762973878,6.62202947704825,0.999999999999999,1,"Kdelr2","C1qb",0.2,0.04
0.297545762973878,6.62202947704825,0.999999999999999,1,"Daglb","C1qb",0.2,0.04
0.297545762973878,6.62202947704825,0.999999999999999,1,"Eif2ak1","C1qb",0.2,0.04
0.297545762973878,6.62202947704825,0.999999999999999,1,"Tet3","C1qb",0.2,0.04
0.297545762973878,6.62202947704825,0.999999999999999,1,"Dguok","C1qb",0.2,0.04
0.297545762973878,6.62202947704825,0.999999999999999,1,"Thumpd3","C1qb",0.2,0.04
0.297545762973878,6.62202947704825,0.999999999999999,1,"Tmem9b","C1qb",0.2,0.04
0.297545762973878,6.62202947704825,0.999999999999999,1,"Tbc1d10b","C1qb",0.2,0.04
0.297545762973878,6.62202947704825,0.999999999999999,1,"Stx4a","C1qb",0.2,0.04
0.297545762973878,6.62202947704825,0.999999999999999,1,"Tsfm","C1qb",0.2,0.04
0.297545762973878,6.62202947704825,0.999999999999999,1,"Ing1","C1qb",0.2,0.04
0.297545762973878,6.62202947704825,0.999999999999999,1,"Itfg1","C1qb",0.2,0.04
0.297545762973878,6.62202947704825,0.999999999999999,1,"Amfr","C1qb",0.2,0.04
0.297545762973878,6.62202947704825,0.999999999999999,1,"Atp6v0d1","C1qb",0.2,0.04
0.297545762973878,6.62202947704825,0.999999999999999,1,"Sec24c","C1qb",0.2,0.04
0.297545762973878,6.62202947704825,0.999999999999999,1,"Chd8","C1qb",0.2,0.04
0.297545762973878,6.62202947704825,0.999999999999999,1,"Slc7a8","C1qb",0.2,0.04
0.297545762973878,6.62202947704825,0.999999999999999,1,"Tmem123","C1qb",0.2,0.04
0.297545762973878,6.62202947704825,0.999999999999999,1,"Pigyl","C1qb",0.2,0.04
0.297545762973878,6.62202947704825,0.999999999999999,1,"Ccr3","C1qb",0.2,0.04
0.297545762973878,6.62202947704825,0.999999999999999,1,"C1d","C1qb",0.2,0.04
0.297545762973878,6.62202947704825,0.999999999999999,1,"Sap30l","C1qb",0.2,0.04
0.297545762973878,6.62202947704825,0.999999999999999,1,"Arrb2","C1qb",0.2,0.04
0.297545762973878,6.62202947704825,0.999999999999999,1,"Ripk1","C1qb",0.2,0.04
0.297545762973878,6.62202947704825,0.999999999999999,1,"Exoc3","C1qb",0.2,0.04
0.297545762973878,6.62202947704825,0.999999999999999,1,"Fam91a1","C1qb",0.2,0.04
0.297545762973878,6.62202947704825,0.999999999999999,1,"Eml4","C1qb",0.2,0.04
0.297545762973878,6.62202947704825,0.999999999999999,1,"Fkbp2","C1qb",0.2,0.04
-0.167066021811735,7.0269969701154,0.999999999999999,1,"Fam168b","C1qb",0.2,0.04
-0.167066021811735,7.0269969701154,0.999999999999999,1,"Stk16","C1qb",0.2,0.04
-0.167066021811735,7.0269969701154,0.999999999999999,1,"Ubxn4","C1qb",0.2,0.04
-0.167066021811735,7.0269969701154,0.999999999999999,1,"Rgl1","C1qb",0.2,0.04
-0.167066021811735,7.0269969701154,0.999999999999999,1,"Tpd52l2","C1qb",0.2,0.04
-0.167066021811735,7.0269969701154,0.999999999999999,1,"Irak1","C1qb",0.2,0.04
-0.167066021811735,7.0269969701154,0.999999999999999,1,"Rad23b","C1qb",0.2,0.04
-0.167066021811735,7.0269969701154,0.999999999999999,1,"Rps6ka1","C1qb",0.2,0.04
-0.167066021811735,7.0269969701154,0.999999999999999,1,"Srp72","C1qb",0.2,0.04
-0.167066021811735,7.0269969701154,0.999999999999999,1,"Cmas","C1qb",0.2,0.04
-0.167066021811735,7.0269969701154,0.999999999999999,1,"Tmem147","C1qb",0.2,0.04
-0.167066021811735,7.0269969701154,0.999999999999999,1,"Snrpa1","C1qb",0.2,0.04
-0.167066021811735,7.0269969701154,0.999999999999999,1,"Ifitm1","C1qb",0.2,0.04
-0.167066021811735,7.0269969701154,0.999999999999999,1,"Gsr","C1qb",0.2,0.04
-0.167066021811735,7.0269969701154,0.999999999999999,1,"Psmd6","C1qb",0.2,0.04
-0.167066021811735,7.0269969701154,0.999999999999999,1,"Hdac7","C1qb",0.2,0.04
-0.167066021811735,7.0269969701154,0.999999999999999,1,"Brd4","C1qb",0.2,0.04
-0.167066021811735,7.0269969701154,0.999999999999999,1,"Ubr2","C1qb",0.2,0.04
-0.167066021811735,7.0269969701154,0.999999999999999,1,"Gsto1","C1qb",0.2,0.04
-0.234657732943797,6.61173859522895,1,1,"Rb1cc1","C1qb",0.2,0.04
-0.234657732943797,6.61173859522895,1,1,"Mff","C1qb",0.2,0.04
-0.234657732943797,6.61173859522895,1,1,"Fam174a","C1qb",0.2,0.04
-0.234657732943797,6.61173859522895,1,1,"Ncstn","C1qb",0.2,0.04
-0.234657732943797,6.61173859522895,1,1,"Hspa14","C1qb",0.2,0.04
-0.234657732943797,6.61173859522895,1,1,"Mllt10","C1qb",0.2,0.04
-0.234657732943797,6.61173859522895,1,1,"Mga","C1qb",0.2,0.04
-0.234657732943797,6.61173859522895,1,1,"Usp8","C1qb",0.2,0.04
-0.234657732943797,6.61173859522895,1,1,"Xiap","C1qb",0.2,0.04
-0.234657732943797,6.61173859522895,1,1,"Gnb4","C1qb",0.2,0.04
-0.234657732943797,6.61173859522895,1,1,"2810403A07Rik","C1qb",0.2,0.04
-0.234657732943797,6.61173859522895,1,1,"Gnai3","C1qb",0.2,0.04
-0.234657732943797,6.61173859522895,1,1,"B4galt1","C1qb",0.2,0.04
-0.234657732943797,6.61173859522895,1,1,"Klhl9","C1qb",0.2,0.04
-0.234657732943797,6.61173859522895,1,1,"Eps15","C1qb",0.2,0.04
-0.234657732943797,6.61173859522895,1,1,"Efcab14","C1qb",0.2,0.04
-0.234657732943797,6.61173859522895,1,1,"Rnf4","C1qb",0.2,0.04
-0.234657732943797,6.61173859522895,1,1,"Bcl7b","C1qb",0.2,0.04
-0.234657732943797,6.61173859522895,1,1,"Chmp3","C1qb",0.2,0.04
-0.234657732943797,6.61173859522895,1,1,"Lrp6","C1qb",0.2,0.04
-0.234657732943797,6.61173859522895,1,1,"Paf1","C1qb",0.2,0.04
-0.234657732943797,6.61173859522895,1,1,"Nomo1","C1qb",0.2,0.04
-0.234657732943797,6.61173859522895,1,1,"Prmt3","C1qb",0.2,0.04
-0.234657732943797,6.61173859522895,1,1,"Mef2a","C1qb",0.2,0.04
-0.234657732943797,6.61173859522895,1,1,"Copb1","C1qb",0.2,0.04
-0.234657732943797,6.61173859522895,1,1,"Rtcb","C1qb",0.2,0.04
-0.234657732943797,6.61173859522895,1,1,"Ankrd10","C1qb",0.2,0.04
-0.234657732943797,6.61173859522895,1,1,"Cnot1","C1qb",0.2,0.04
-0.234657732943797,6.61173859522895,1,1,"Zc3h18","C1qb",0.2,0.04
-0.234657732943797,6.61173859522895,1,1,"Tnip1","C1qb",0.2,0.04
-0.234657732943797,6.61173859522895,1,1,"Glod4","C1qb",0.2,0.04
-0.234657732943797,6.61173859522895,1,1,"Psmd3","C1qb",0.2,0.04
-0.234657732943797,6.61173859522895,1,1,"Dcaf7","C1qb",0.2,0.04
-0.234657732943797,6.61173859522895,1,1,"Ssbp2","C1qb",0.2,0.04
-0.234657732943797,6.61173859522895,1,1,"Ddx1","C1qb",0.2,0.04
-0.234657732943797,6.61173859522895,1,1,"Twistnb","C1qb",0.2,0.04
-0.234657732943797,6.61173859522895,1,1,"Actn1","C1qb",0.2,0.04
-0.234657732943797,6.61173859522895,1,1,"Slc45a4","C1qb",0.2,0.04
-0.234657732943797,6.61173859522895,1,1,"Tango2","C1qb",0.2,0.04
-0.234657732943797,6.61173859522895,1,1,"Rftn1","C1qb",0.2,0.04
-0.234657732943797,6.61173859522895,1,1,"Man2a1","C1qb",0.2,0.04
-0.234657732943797,6.61173859522895,1,1,"Ik","C1qb",0.2,0.04
-0.234657732943797,6.61173859522895,1,1,"Eif1a","C1qb",0.2,0.04
-0.234657732943797,6.61173859522895,1,1,"Zfp950","C1qb",0.2,0.04
0.186732075553371,7.47039885723521,1,1,"Itm2c","C1qb",0.2,0.04
0.186732075553371,7.47039885723521,1,1,"Scamp3","C1qb",0.2,0.04
0.186732075553371,7.47039885723521,1,1,"Snx10","C1qb",0.2,0.04
0.186732075553371,7.47039885723521,1,1,"Arhgef1","C1qb",0.2,0.04
0.186732075553371,7.47039885723521,1,1,"Nptn","C1qb",0.2,0.04
0.186732075553371,7.47039885723521,1,1,"Serpinb6a","C1qb",0.2,0.04
-0.167938867746756,7.51103931070699,1,1,"Ssr2","C1qb",0.2,0.04
-0.167938867746756,7.51103931070699,1,1,"Mrps21","C1qb",0.2,0.04
-0.167938867746756,7.51103931070699,1,1,"Ptms","C1qb",0.2,0.04
-0.167938867746756,7.51103931070699,1,1,"Ube2s","C1qb",0.2,0.04
-0.167938867746756,7.51103931070699,1,1,"Cwc15","C1qb",0.2,0.04
-0.167938867746756,7.51103931070699,1,1,"Scaf11","C1qb",0.2,0.04
-0.167938867746756,7.51103931070699,1,1,"Pten","C1qb",0.2,0.04
-0.123705991542919,7.95209972978067,1,1,"Rtraf","C1qb",0.2,0.04
-0.123705991542919,7.95209972978067,1,1,"2410015M20Rik","C1qb",0.2,0.04
0.0809871043555368,7.51940358950294,1,1,"Celf1","C1qb",0.2,0.04
0.0809871043555368,7.51940358950294,1,1,"Tomm5","C1qb",0.2,0.04
0.0809871043555368,7.51940358950294,1,1,"Arpc4","C1qb",0.2,0.04
0.0809871043555368,7.51940358950294,1,1,"Gsk3b","C1qb",0.2,0.04
-0.0694181642721713,7.46190849079532,1,1,"Eif3b","C1qb",0.2,0.04
-0.0694181642721713,7.46190849079532,1,1,"Cbl","C1qb",0.2,0.04
-0.0694181642721713,7.46190849079532,1,1,"Psmb6","C1qb",0.2,0.04
-0.0694181642721713,7.46190849079532,1,1,"Pak2","C1qb",0.2,0.04
0.0519191994770466,7.10300561588526,1,1,"Cxcr4","C1qb",0.2,0.04
0.0519191994770466,7.10300561588526,1,1,"Ywhag","C1qb",0.2,0.04
0.0519191994770466,7.10300561588526,1,1,"Tab2","C1qb",0.2,0.04
0.0519191994770466,7.10300561588526,1,1,"Peli1","C1qb",0.2,0.04
0.0519191994770466,7.10300561588526,1,1,"Ccl9","C1qb",0.2,0.04
0.0519191994770466,7.10300561588526,1,1,"Rab5c","C1qb",0.2,0.04
0.0519191994770466,7.10300561588526,1,1,"Eif4a3","C1qb",0.2,0.04
0.0519191994770466,7.10300561588526,1,1,"Samsn1","C1qb",0.2,0.04
-0.726216663888397,6.15965650280727,1,1,"Vcpip1","C1qb",0.2,0.04
-0.726216663888397,6.15965650280727,1,1,"Cyp20a1","C1qb",0.2,0.04
-0.726216663888397,6.15965650280727,1,1,"Idh1","C1qb",0.2,0.04
-0.726216663888397,6.15965650280727,1,1,"Ipo9","C1qb",0.2,0.04
-0.726216663888397,6.15965650280727,1,1,"Zfp281","C1qb",0.2,0.04
-0.726216663888397,6.15965650280727,1,1,"Atf6","C1qb",0.2,0.04
-0.726216663888397,6.15965650280727,1,1,"Dnajc1","C1qb",0.2,0.04
-0.726216663888397,6.15965650280727,1,1,"Bmi1","C1qb",0.2,0.04
-0.726216663888397,6.15965650280727,1,1,"Rapgef1","C1qb",0.2,0.04
-0.726216663888397,6.15965650280727,1,1,"Exosc2","C1qb",0.2,0.04
-0.726216663888397,6.15965650280727,1,1,"Rabepk","C1qb",0.2,0.04
-0.726216663888397,6.15965650280727,1,1,"Ext2","C1qb",0.2,0.04
-0.726216663888397,6.15965650280727,1,1,"Trim44","C1qb",0.2,0.04
-0.726216663888397,6.15965650280727,1,1,"Spred1","C1qb",0.2,0.04
-0.726216663888397,6.15965650280727,1,1,"Trmt6","C1qb",0.2,0.04
-0.726216663888397,6.15965650280727,1,1,"Nxt1","C1qb",0.2,0.04
-0.726216663888397,6.15965650280727,1,1,"Edem2","C1qb",0.2,0.04
-0.726216663888397,6.15965650280727,1,1,"Cdk16","C1qb",0.2,0.04
-0.726216663888397,6.15965650280727,1,1,"Dock11","C1qb",0.2,0.04
-0.726216663888397,6.15965650280727,1,1,"Nkap","C1qb",0.2,0.04
-0.726216663888397,6.15965650280727,1,1,"Htatsf1","C1qb",0.2,0.04
-0.726216663888397,6.15965650280727,1,1,"Ubl4a","C1qb",0.2,0.04
-0.726216663888397,6.15965650280727,1,1,"Zfx","C1qb",0.2,0.04
-0.726216663888397,6.15965650280727,1,1,"Snx12","C1qb",0.2,0.04
-0.726216663888397,6.15965650280727,1,1,"Rab9","C1qb",0.2,0.04
-0.726216663888397,6.15965650280727,1,1,"Dcun1d1","C1qb",0.2,0.04
-0.726216663888397,6.15965650280727,1,1,"Arfip1","C1qb",0.2,0.04
-0.726216663888397,6.15965650280727,1,1,"Clk2","C1qb",0.2,0.04
-0.726216663888397,6.15965650280727,1,1,"Pigk","C1qb",0.2,0.04
-0.726216663888397,6.15965650280727,1,1,"Chchd7","C1qb",0.2,0.04
-0.726216663888397,6.15965650280727,1,1,"Ndufaf4","C1qb",0.2,0.04
-0.726216663888397,6.15965650280727,1,1,"Ubap2","C1qb",0.2,0.04
-0.726216663888397,6.15965650280727,1,1,"Il11ra1","C1qb",0.2,0.04
-0.726216663888397,6.15965650280727,1,1,"Coro2a","C1qb",0.2,0.04
-0.726216663888397,6.15965650280727,1,1,"Mtf1","C1qb",0.2,0.04
-0.726216663888397,6.15965650280727,1,1,"Txlna","C1qb",0.2,0.04
-0.726216663888397,6.15965650280727,1,1,"Man1c1","C1qb",0.2,0.04
-0.726216663888397,6.15965650280727,1,1,"Tmem57","C1qb",0.2,0.04
-0.726216663888397,6.15965650280727,1,1,"Ube4b","C1qb",0.2,0.04
-0.726216663888397,6.15965650280727,1,1,"Slc4a2","C1qb",0.2,0.04
-0.726216663888397,6.15965650280727,1,1,"Mrpl1","C1qb",0.2,0.04
-0.726216663888397,6.15965650280727,1,1,"Zfp326","C1qb",0.2,0.04
-0.726216663888397,6.15965650280727,1,1,"Ncor2","C1qb",0.2,0.04
-0.726216663888397,6.15965650280727,1,1,"Cops7a","C1qb",0.2,0.04
-0.726216663888397,6.15965650280727,1,1,"Ndufa9","C1qb",0.2,0.04
-0.726216663888397,6.15965650280727,1,1,"Dera","C1qb",0.2,0.04
-0.726216663888397,6.15965650280727,1,1,"Ints13","C1qb",0.2,0.04
-0.726216663888397,6.15965650280727,1,1,"Rnf141","C1qb",0.2,0.04
-0.726216663888397,6.15965650280727,1,1,"Tmem159","C1qb",0.2,0.04
-0.726216663888397,6.15965650280727,1,1,"Cog7","C1qb",0.2,0.04
-0.726216663888397,6.15965650280727,1,1,"Hirip3","C1qb",0.2,0.04
-0.726216663888397,6.15965650280727,1,1,"Slc16a10","C1qb",0.2,0.04
-0.726216663888397,6.15965650280727,1,1,"Dna2","C1qb",0.2,0.04
-0.726216663888397,6.15965650280727,1,1,"Specc1l","C1qb",0.2,0.04
-0.726216663888397,6.15965650280727,1,1,"Wdr18","C1qb",0.2,0.04
-0.726216663888397,6.15965650280727,1,1,"Mum1","C1qb",0.2,0.04
-0.726216663888397,6.15965650280727,1,1,"Rexo1","C1qb",0.2,0.04
-0.726216663888397,6.15965650280727,1,1,"Ap3d1","C1qb",0.2,0.04
-0.726216663888397,6.15965650280727,1,1,"Matk","C1qb",0.2,0.04
-0.726216663888397,6.15965650280727,1,1,"1190007I07Rik","C1qb",0.2,0.04
-0.726216663888397,6.15965650280727,1,1,"Cand1","C1qb",0.2,0.04
-0.726216663888397,6.15965650280727,1,1,"Mon2","C1qb",0.2,0.04
-0.726216663888397,6.15965650280727,1,1,"Smarcc2","C1qb",0.2,0.04
-0.726216663888397,6.15965650280727,1,1,"Gins4","C1qb",0.2,0.04
-0.726216663888397,6.15965650280727,1,1,"Dctn6","C1qb",0.2,0.04
-0.726216663888397,6.15965650280727,1,1,"Znrf1","C1qb",0.2,0.04
-0.726216663888397,6.15965650280727,1,1,"Mphosph6","C1qb",0.2,0.04
-0.726216663888397,6.15965650280727,1,1,"Dcaf11","C1qb",0.2,0.04
-0.726216663888397,6.15965650280727,1,1,"Kpna3","C1qb",0.2,0.04
-0.726216663888397,6.15965650280727,1,1,"Xpo7","C1qb",0.2,0.04
-0.726216663888397,6.15965650280727,1,1,"Nufip1","C1qb",0.2,0.04
-0.726216663888397,6.15965650280727,1,1,"Ankrd49","C1qb",0.2,0.04
-0.726216663888397,6.15965650280727,1,1,"Herpud2","C1qb",0.2,0.04
-0.726216663888397,6.15965650280727,1,1,"Ube4a","C1qb",0.2,0.04
-0.726216663888397,6.15965650280727,1,1,"Rnf111","C1qb",0.2,0.04
-0.726216663888397,6.15965650280727,1,1,"Rasa2","C1qb",0.2,0.04
-0.726216663888397,6.15965650280727,1,1,"Wdr82","C1qb",0.2,0.04
-0.726216663888397,6.15965650280727,1,1,"Limd1","C1qb",0.2,0.04
-0.726216663888397,6.15965650280727,1,1,"Pno1","C1qb",0.2,0.04
-0.726216663888397,6.15965650280727,1,1,"Per1","C1qb",0.2,0.04
-0.726216663888397,6.15965650280727,1,1,"Ncbp3","C1qb",0.2,0.04
-0.726216663888397,6.15965650280727,1,1,"Tax1bp3","C1qb",0.2,0.04
-0.726216663888397,6.15965650280727,1,1,"Nle1","C1qb",0.2,0.04
-0.726216663888397,6.15965650280727,1,1,"Aatf","C1qb",0.2,0.04
-0.726216663888397,6.15965650280727,1,1,"Pip4k2b","C1qb",0.2,0.04
-0.726216663888397,6.15965650280727,1,1,"Stat5b","C1qb",0.2,0.04
-0.726216663888397,6.15965650280727,1,1,"Psme3","C1qb",0.2,0.04
-0.726216663888397,6.15965650280727,1,1,"Dcakd","C1qb",0.2,0.04
-0.726216663888397,6.15965650280727,1,1,"Slc9a3r1","C1qb",0.2,0.04
-0.726216663888397,6.15965650280727,1,1,"Trim27","C1qb",0.2,0.04
-0.726216663888397,6.15965650280727,1,1,"Ripor2","C1qb",0.2,0.04
-0.726216663888397,6.15965650280727,1,1,"Pak1ip1","C1qb",0.2,0.04
-0.726216663888397,6.15965650280727,1,1,"Zcchc9","C1qb",0.2,0.04
-0.726216663888397,6.15965650280727,1,1,"Cbll1","C1qb",0.2,0.04
-0.726216663888397,6.15965650280727,1,1,"Arl4a","C1qb",0.2,0.04
-0.726216663888397,6.15965650280727,1,1,"Eapp","C1qb",0.2,0.04
-0.726216663888397,6.15965650280727,1,1,"Zfyve21","C1qb",0.2,0.04
-0.726216663888397,6.15965650280727,1,1,"Brix1","C1qb",0.2,0.04
-0.726216663888397,6.15965650280727,1,1,"Stk3","C1qb",0.2,0.04
-0.726216663888397,6.15965650280727,1,1,"Azin1","C1qb",0.2,0.04
-0.726216663888397,6.15965650280727,1,1,"Ago2","C1qb",0.2,0.04
-0.726216663888397,6.15965650280727,1,1,"Ncaph2","C1qb",0.2,0.04
-0.726216663888397,6.15965650280727,1,1,"Atf7","C1qb",0.2,0.04
-0.726216663888397,6.15965650280727,1,1,"Nde1","C1qb",0.2,0.04
-0.726216663888397,6.15965650280727,1,1,"Rnf168","C1qb",0.2,0.04
-0.726216663888397,6.15965650280727,1,1,"4930453N24Rik","C1qb",0.2,0.04
-0.726216663888397,6.15965650280727,1,1,"Bach1","C1qb",0.2,0.04
-0.726216663888397,6.15965650280727,1,1,"Clcn7","C1qb",0.2,0.04
-0.726216663888397,6.15965650280727,1,1,"Ccdc167","C1qb",0.2,0.04
-0.726216663888397,6.15965650280727,1,1,"Ppp1r21","C1qb",0.2,0.04
-0.726216663888397,6.15965650280727,1,1,"Trappc8","C1qb",0.2,0.04
-0.726216663888397,6.15965650280727,1,1,"Slc25a46","C1qb",0.2,0.04
-0.726216663888397,6.15965650280727,1,1,"Polr2d","C1qb",0.2,0.04
-0.726216663888397,6.15965650280727,1,1,"Yipf5","C1qb",0.2,0.04
-0.726216663888397,6.15965650280727,1,1,"Psmg2","C1qb",0.2,0.04
-0.726216663888397,6.15965650280727,1,1,"Ppp6r3","C1qb",0.2,0.04
-0.726216663888397,6.15965650280727,1,1,"Mta2","C1qb",0.2,0.04
-0.726216663888397,6.15965650280727,1,1,"Bloc1s2","C1qb",0.2,0.04
0.147009735336433,6.17071213024971,1,1,"Lypla1","C1qb",0.2,0.04
0.147009735336433,6.17071213024971,1,1,"Uggt1","C1qb",0.2,0.04
0.147009735336433,6.17071213024971,1,1,"Ino80d","C1qb",0.2,0.04
0.147009735336433,6.17071213024971,1,1,"Gmppa","C1qb",0.2,0.04
0.147009735336433,6.17071213024971,1,1,"Rassf5","C1qb",0.2,0.04
0.147009735336433,6.17071213024971,1,1,"Tmem183a","C1qb",0.2,0.04
0.147009735336433,6.17071213024971,1,1,"Ly9","C1qb",0.2,0.04
0.147009735336433,6.17071213024971,1,1,"Sde2","C1qb",0.2,0.04
0.147009735336433,6.17071213024971,1,1,"Capn2","C1qb",0.2,0.04
0.147009735336433,6.17071213024971,1,1,"Sh3glb2","C1qb",0.2,0.04
0.147009735336433,6.17071213024971,1,1,"Tor1a","C1qb",0.2,0.04
0.147009735336433,6.17071213024971,1,1,"Trpm7","C1qb",0.2,0.04
0.147009735336433,6.17071213024971,1,1,"Idh3b","C1qb",0.2,0.04
0.147009735336433,6.17071213024971,1,1,"Prnp","C1qb",0.2,0.04
0.147009735336433,6.17071213024971,1,1,"Dtd1","C1qb",0.2,0.04
0.147009735336433,6.17071213024971,1,1,"Zmynd8","C1qb",0.2,0.04
0.147009735336433,6.17071213024971,1,1,"Cse1l","C1qb",0.2,0.04
0.147009735336433,6.17071213024971,1,1,"Tmem189","C1qb",0.2,0.04
0.147009735336433,6.17071213024971,1,1,"Bcor","C1qb",0.2,0.04
0.147009735336433,6.17071213024971,1,1,"Elf4","C1qb",0.2,0.04
0.147009735336433,6.17071213024971,1,1,"Fam50a","C1qb",0.2,0.04
0.147009735336433,6.17071213024971,1,1,"Pdzd11","C1qb",0.2,0.04
0.147009735336433,6.17071213024971,1,1,"Ap1s2","C1qb",0.2,0.04
0.147009735336433,6.17071213024971,1,1,"Gyg","C1qb",0.2,0.04
0.147009735336433,6.17071213024971,1,1,"Atp11b","C1qb",0.2,0.04
0.147009735336433,6.17071213024971,1,1,"Kpna4","C1qb",0.2,0.04
0.147009735336433,6.17071213024971,1,1,"Mtx1","C1qb",0.2,0.04
0.147009735336433,6.17071213024971,1,1,"Vps72","C1qb",0.2,0.04
0.147009735336433,6.17071213024971,1,1,"Setdb1","C1qb",0.2,0.04
0.147009735336433,6.17071213024971,1,1,"BC028528","C1qb",0.2,0.04
0.147009735336433,6.17071213024971,1,1,"Notch2","C1qb",0.2,0.04
0.147009735336433,6.17071213024971,1,1,"Dram2","C1qb",0.2,0.04
0.147009735336433,6.17071213024971,1,1,"Alad","C1qb",0.2,0.04
0.147009735336433,6.17071213024971,1,1,"Lrrc41","C1qb",0.2,0.04
0.147009735336433,6.17071213024971,1,1,"Eif2b3","C1qb",0.2,0.04
0.147009735336433,6.17071213024971,1,1,"Ppih","C1qb",0.2,0.04
0.147009735336433,6.17071213024971,1,1,"Smap2","C1qb",0.2,0.04
0.147009735336433,6.17071213024971,1,1,"Ppt1","C1qb",0.2,0.04
0.147009735336433,6.17071213024971,1,1,"Adprhl2","C1qb",0.2,0.04
0.147009735336433,6.17071213024971,1,1,"Trnau1ap","C1qb",0.2,0.04
0.147009735336433,6.17071213024971,1,1,"Agtrap","C1qb",0.2,0.04
0.147009735336433,6.17071213024971,1,1,"Cox19","C1qb",0.2,0.04
0.147009735336433,6.17071213024971,1,1,"Fmc1","C1qb",0.2,0.04
0.147009735336433,6.17071213024971,1,1,"Hipk2","C1qb",0.2,0.04
0.147009735336433,6.17071213024971,1,1,"Jagn1","C1qb",0.2,0.04
0.147009735336433,6.17071213024971,1,1,"Dusp16","C1qb",0.2,0.04
0.147009735336433,6.17071213024971,1,1,"Fam98c","C1qb",0.2,0.04
0.147009735336433,6.17071213024971,1,1,"Ap2a1","C1qb",0.2,0.04
0.147009735336433,6.17071213024971,1,1,"Eed","C1qb",0.2,0.04
0.147009735336433,6.17071213024971,1,1,"Uvrag","C1qb",0.2,0.04
0.147009735336433,6.17071213024971,1,1,"Ppp4c","C1qb",0.2,0.04
0.147009735336433,6.17071213024971,1,1,"Rab32","C1qb",0.2,0.04
0.147009735336433,6.17071213024971,1,1,"Sesn1","C1qb",0.2,0.04
0.147009735336433,6.17071213024971,1,1,"Cd24a","C1qb",0.2,0.04
0.147009735336433,6.17071213024971,1,1,"Arid5b","C1qb",0.2,0.04
0.147009735336433,6.17071213024971,1,1,"Abca7","C1qb",0.2,0.04
0.147009735336433,6.17071213024971,1,1,"Tbk1","C1qb",0.2,0.04
0.147009735336433,6.17071213024971,1,1,"Erlin2","C1qb",0.2,0.04
0.147009735336433,6.17071213024971,1,1,"Gtf2e2","C1qb",0.2,0.04
0.147009735336433,6.17071213024971,1,1,"Tmem192","C1qb",0.2,0.04
0.147009735336433,6.17071213024971,1,1,"Ap1m1","C1qb",0.2,0.04
0.147009735336433,6.17071213024971,1,1,"Usp38","C1qb",0.2,0.04
0.147009735336433,6.17071213024971,1,1,"Gm26532","C1qb",0.2,0.04
0.147009735336433,6.17071213024971,1,1,"Rad23a","C1qb",0.2,0.04
0.147009735336433,6.17071213024971,1,1,"Emc8","C1qb",0.2,0.04
0.147009735336433,6.17071213024971,1,1,"Atxn7","C1qb",0.2,0.04
0.147009735336433,6.17071213024971,1,1,"Parg","C1qb",0.2,0.04
0.147009735336433,6.17071213024971,1,1,"Rpgrip1","C1qb",0.2,0.04
0.147009735336433,6.17071213024971,1,1,"Dok2","C1qb",0.2,0.04
0.147009735336433,6.17071213024971,1,1,"Wbp4","C1qb",0.2,0.04
0.147009735336433,6.17071213024971,1,1,"Keap1","C1qb",0.2,0.04
0.147009735336433,6.17071213024971,1,1,"Tle3","C1qb",0.2,0.04
0.147009735336433,6.17071213024971,1,1,"Snx1","C1qb",0.2,0.04
0.147009735336433,6.17071213024971,1,1,"Ndufaf3","C1qb",0.2,0.04
0.147009735336433,6.17071213024971,1,1,"Golga4","C1qb",0.2,0.04
0.147009735336433,6.17071213024971,1,1,"Ccm2","C1qb",0.2,0.04
0.147009735336433,6.17071213024971,1,1,"Mgat1","C1qb",0.2,0.04
0.147009735336433,6.17071213024971,1,1,"Usp22","C1qb",0.2,0.04
0.147009735336433,6.17071213024971,1,1,"Tnfsf12","C1qb",0.2,0.04
0.147009735336433,6.17071213024971,1,1,"Mir142hg","C1qb",0.2,0.04
0.147009735336433,6.17071213024971,1,1,"Zfp652","C1qb",0.2,0.04
0.147009735336433,6.17071213024971,1,1,"Nfe2l1","C1qb",0.2,0.04
0.147009735336433,6.17071213024971,1,1,"Dnajc7","C1qb",0.2,0.04
0.147009735336433,6.17071213024971,1,1,"Utp15","C1qb",0.2,0.04
0.147009735336433,6.17071213024971,1,1,"Map3k1","C1qb",0.2,0.04
0.147009735336433,6.17071213024971,1,1,"Mrps30","C1qb",0.2,0.04
0.147009735336433,6.17071213024971,1,1,"Paip1","C1qb",0.2,0.04
0.147009735336433,6.17071213024971,1,1,"Gdap10","C1qb",0.2,0.04
0.147009735336433,6.17071213024971,1,1,"Nin","C1qb",0.2,0.04
0.147009735336433,6.17071213024971,1,1,"Sgpp1","C1qb",0.2,0.04
0.147009735336433,6.17071213024971,1,1,"Isca2","C1qb",0.2,0.04
0.147009735336433,6.17071213024971,1,1,"Gtf2a1","C1qb",0.2,0.04
0.147009735336433,6.17071213024971,1,1,"Cdca4","C1qb",0.2,0.04
0.147009735336433,6.17071213024971,1,1,"Skp2","C1qb",0.2,0.04
0.147009735336433,6.17071213024971,1,1,"March6","C1qb",0.2,0.04
0.147009735336433,6.17071213024971,1,1,"Oxr1","C1qb",0.2,0.04
0.147009735336433,6.17071213024971,1,1,"Mtss1","C1qb",0.2,0.04
0.147009735336433,6.17071213024971,1,1,"Bop1","C1qb",0.2,0.04
0.147009735336433,6.17071213024971,1,1,"Ccdc134","C1qb",0.2,0.04
0.147009735336433,6.17071213024971,1,1,"Arid2","C1qb",0.2,0.04
0.147009735336433,6.17071213024971,1,1,"Cela1","C1qb",0.2,0.04
0.147009735336433,6.17071213024971,1,1,"Top3b","C1qb",0.2,0.04
0.147009735336433,6.17071213024971,1,1,"Mapk1","C1qb",0.2,0.04
0.147009735336433,6.17071213024971,1,1,"Ifnar1","C1qb",0.2,0.04
0.147009735336433,6.17071213024971,1,1,"Hcfc1r1","C1qb",0.2,0.04
0.147009735336433,6.17071213024971,1,1,"Nubp2","C1qb",0.2,0.04
0.147009735336433,6.17071213024971,1,1,"Gm8186","C1qb",0.2,0.04
0.147009735336433,6.17071213024971,1,1,"Pknox1","C1qb",0.2,0.04
0.147009735336433,6.17071213024971,1,1,"Rxrb","C1qb",0.2,0.04
0.147009735336433,6.17071213024971,1,1,"Skiv2l","C1qb",0.2,0.04
0.147009735336433,6.17071213024971,1,1,"Gpank1","C1qb",0.2,0.04
0.147009735336433,6.17071213024971,1,1,"Mea1","C1qb",0.2,0.04
0.147009735336433,6.17071213024971,1,1,"Pja2","C1qb",0.2,0.04
0.147009735336433,6.17071213024971,1,1,"Isoc1","C1qb",0.2,0.04
0.147009735336433,6.17071213024971,1,1,"Sart1","C1qb",0.2,0.04
0.147009735336433,6.17071213024971,1,1,"Frat2","C1qb",0.2,0.04
0.0599686743870678,8.35610108263027,1,1,"Tgfb1","C1qb",0.2,0.04
-0.207574641091769,7.2269460596412,1,1,"Dnajc19","C1qb",0.2,0.04
-0.207574641091769,7.2269460596412,1,1,"Hadha","C1qb",0.2,0.04
-0.207574641091769,7.2269460596412,1,1,"Mrpl51","C1qb",0.2,0.04
-0.207574641091769,7.2269460596412,1,1,"Prmt1","C1qb",0.2,0.04
-0.207574641091769,7.2269460596412,1,1,"Txn2","C1qb",0.2,0.04
-0.207574641091769,7.2269460596412,1,1,"Snrpc","C1qb",0.2,0.04
0.150439951477315,7.3578563247528,1,1,"Pgd","C1qb",0.2,0.04
0.150439951477315,7.3578563247528,1,1,"Gltp","C1qb",0.2,0.04
0.150439951477315,7.3578563247528,1,1,"Polr2f","C1qb",0.2,0.04
0.150439951477315,7.3578563247528,1,1,"Banf1","C1qb",0.2,0.04
0.150439951477315,7.3578563247528,1,1,"Rnaseh2c","C1qb",0.2,0.04
0.125735124742262,7.92395294297077,1,1,"Ndufa6","C1qb",0.2,0.04
0.10643020272329,7.2359572840915,1,1,"Pcmtd1","C1qb",0.2,0.04
0.10643020272329,7.2359572840915,1,1,"Pkig","C1qb",0.2,0.04
0.10643020272329,7.2359572840915,1,1,"Dpm3","C1qb",0.2,0.04
0.10643020272329,7.2359572840915,1,1,"Cers2","C1qb",0.2,0.04
0.10643020272329,7.2359572840915,1,1,"Eif4g3","C1qb",0.2,0.04
0.10643020272329,7.2359572840915,1,1,"Dhx15","C1qb",0.2,0.04
0.10643020272329,7.2359572840915,1,1,"Wbp11","C1qb",0.2,0.04
0.10643020272329,7.2359572840915,1,1,"Supt5","C1qb",0.2,0.04
0.10643020272329,7.2359572840915,1,1,"Actn4","C1qb",0.2,0.04
0.10643020272329,7.2359572840915,1,1,"Rab21","C1qb",0.2,0.04
0.10643020272329,7.2359572840915,1,1,"Etfa","C1qb",0.2,0.04
0.10643020272329,7.2359572840915,1,1,"Mplkip","C1qb",0.2,0.04
0.10643020272329,7.2359572840915,1,1,"Phf5a","C1qb",0.2,0.04
0.10643020272329,7.2359572840915,1,1,"Zmat2","C1qb",0.2,0.04
0.10643020272329,7.2359572840915,1,1,"Lman1","C1qb",0.2,0.04
0.10643020272329,7.2359572840915,1,1,"Nxf1","C1qb",0.2,0.04
0.10643020272329,7.2359572840915,1,1,"Hnrnpul2","C1qb",0.2,0.04
-0.099601124584144,8.28951398166162,1,1,"Minos1","C1qb",0.2,0.04
-0.099601124584144,8.28951398166162,1,1,"Nedd8","C1qb",0.2,0.04
-0.099601124584144,8.28951398166162,1,1,"Tmed10","C1qb",0.2,0.04
-0.0697953057012862,8.34974511248551,1,1,"Celf2","C1qb",0.2,0.04
-0.0697953057012862,8.34974511248551,1,1,"Uqcr11","C1qb",0.2,0.04
0.0522969210592203,7.95941385130572,1,1,"Ogt","C1qb",0.2,0.04
0.0365315606029478,8.29601226534337,1,1,"Snrpd2","C1qb",0.2,0.04
0.0265622115450835,8.5686819661322,1,1,"Selenow","C1qb",0.2,0.04
-0.131603398833737,7.3491128903007,1,1,"Eno1","C1qb",0.2,0.04
-0.131603398833737,7.3491128903007,1,1,"Mrpl14","C1qb",0.2,0.04
-0.131603398833737,7.3491128903007,1,1,"BC031181","C1qb",0.2,0.04
0.118661295876574,7.62044124248962,1,1,"Ndufb3","C1qb",0.2,0.04
0.118661295876574,7.62044124248962,1,1,"Emg1","C1qb",0.2,0.04
0.118661295876574,7.62044124248962,1,1,"Kif5b","C1qb",0.2,0.04
-0.109754318567118,7.6123089668655,1,1,"Plgrkt","C1qb",0.2,0.04
-0.0842347062766282,8.02761051210952,1,1,"Anp32a","C1qb",0.2,0.04
0.0812649906155726,8.03474561574881,1,1,"Srrm2","C1qb",0.2,0.04
-0.0605065673773459,8.61294543665224,1,1,"Eif3a","C1qb",0.2,0.04
-0.0602376761847006,7.70705867673834,1,1,"Pgk1","C1qb",0.2,0.04
-0.0602376761847006,7.70705867673834,1,1,"Pdcd5","C1qb",0.2,0.04
-0.0602376761847006,7.70705867673834,1,1,"Rpl36al","C1qb",0.2,0.04
1.43744069750485,5.52615177845978,1,1,"Inpp4a","C1qb",0.2,0.04
1.43744069750485,5.52615177845978,1,1,"Cavin2","C1qb",0.2,0.04
1.43744069750485,5.52615177845978,1,1,"Dnpep","C1qb",0.2,0.04
1.43744069750485,5.52615177845978,1,1,"Dis3l2","C1qb",0.2,0.04
1.43744069750485,5.52615177845978,1,1,"Tnfrsf11a","C1qb",0.2,0.04
1.43744069750485,5.52615177845978,1,1,"Eif2d","C1qb",0.2,0.04
1.43744069750485,5.52615177845978,1,1,"Rab7b","C1qb",0.2,0.04
1.43744069750485,5.52615177845978,1,1,"Klhl12","C1qb",0.2,0.04
1.43744069750485,5.52615177845978,1,1,"Edem3","C1qb",0.2,0.04
1.43744069750485,5.52615177845978,1,1,"Klhl20","C1qb",0.2,0.04
1.43744069750485,5.52615177845978,1,1,"Dusp12","C1qb",0.2,0.04
1.43744069750485,5.52615177845978,1,1,"Brox","C1qb",0.2,0.04
1.43744069750485,5.52615177845978,1,1,"Camsap1","C1qb",0.2,0.04
1.43744069750485,5.52615177845978,1,1,"Zdhhc12","C1qb",0.2,0.04
1.43744069750485,5.52615177845978,1,1,"Rbm18","C1qb",0.2,0.04
1.43744069750485,5.52615177845978,1,1,"Orc4","C1qb",0.2,0.04
1.43744069750485,5.52615177845978,1,1,"Nup35","C1qb",0.2,0.04
1.43744069750485,5.52615177845978,1,1,"Zscan29","C1qb",0.2,0.04
1.43744069750485,5.52615177845978,1,1,"Ppip5k1","C1qb",0.2,0.04
1.43744069750485,5.52615177845978,1,1,"Mfap1b","C1qb",0.2,0.04
1.43744069750485,5.52615177845978,1,1,"Galk2","C1qb",0.2,0.04
1.43744069750485,5.52615177845978,1,1,"Crls1","C1qb",0.2,0.04
1.43744069750485,5.52615177845978,1,1,"Zfp120","C1qb",0.2,0.04
1.43744069750485,5.52615177845978,1,1,"Entpd6","C1qb",0.2,0.04
1.43744069750485,5.52615177845978,1,1,"Bcl2l1","C1qb",0.2,0.04
1.43744069750485,5.52615177845978,1,1,"Pxmp4","C1qb",0.2,0.04
1.43744069750485,5.52615177845978,1,1,"Phf20","C1qb",0.2,0.04
1.43744069750485,5.52615177845978,1,1,"Cd40","C1qb",0.2,0.04
1.43744069750485,5.52615177845978,1,1,"B4galt5","C1qb",0.2,0.04
1.43744069750485,5.52615177845978,1,1,"Rnf114","C1qb",0.2,0.04
1.43744069750485,5.52615177845978,1,1,"Fam210b","C1qb",0.2,0.04
1.43744069750485,5.52615177845978,1,1,"Ppp1r3d","C1qb",0.2,0.04
1.43744069750485,5.52615177845978,1,1,"Zgpat","C1qb",0.2,0.04
1.43744069750485,5.52615177845978,1,1,"Tfe3","C1qb",0.2,0.04
1.43744069750485,5.52615177845978,1,1,"Gripap1","C1qb",0.2,0.04
1.43744069750485,5.52615177845978,1,1,"Dnase1l1","C1qb",0.2,0.04
1.43744069750485,5.52615177845978,1,1,"Cmc4","C1qb",0.2,0.04
1.43744069750485,5.52615177845978,1,1,"Foxo4","C1qb",0.2,0.04
1.43744069750485,5.52615177845978,1,1,"Phf8","C1qb",0.2,0.04
1.43744069750485,5.52615177845978,1,1,"Phka2","C1qb",0.2,0.04
1.43744069750485,5.52615177845978,1,1,"Trappc2","C1qb",0.2,0.04
1.43744069750485,5.52615177845978,1,1,"Prps2","C1qb",0.2,0.04
1.43744069750485,5.52615177845978,1,1,"Hltf","C1qb",0.2,0.04
1.43744069750485,5.52615177845978,1,1,"Tnik","C1qb",0.2,0.04
1.43744069750485,5.52615177845978,1,1,"Ankrd50","C1qb",0.2,0.04
1.43744069750485,5.52615177845978,1,1,"Nbea","C1qb",0.2,0.04
1.43744069750485,5.52615177845978,1,1,"P2ry14","C1qb",0.2,0.04
1.43744069750485,5.52615177845978,1,1,"Tiparp","C1qb",0.2,0.04
1.43744069750485,5.52615177845978,1,1,"Gfm1","C1qb",0.2,0.04
1.43744069750485,5.52615177845978,1,1,"Il12a","C1qb",0.2,0.04
1.43744069750485,5.52615177845978,1,1,"Zbtb7b","C1qb",0.2,0.04
1.43744069750485,5.52615177845978,1,1,"Snapin","C1qb",0.2,0.04
1.43744069750485,5.52615177845978,1,1,"Vps45","C1qb",0.2,0.04
1.43744069750485,5.52615177845978,1,1,"Polr3c","C1qb",0.2,0.04
1.43744069750485,5.52615177845978,1,1,"Bcl9","C1qb",0.2,0.04
1.43744069750485,5.52615177845978,1,1,"Prmt6","C1qb",0.2,0.04
1.43744069750485,5.52615177845978,1,1,"Ctbs","C1qb",0.2,0.04
1.43744069750485,5.52615177845978,1,1,"Decr1","C1qb",0.2,0.04
1.43744069750485,5.52615177845978,1,1,"Aptx","C1qb",0.2,0.04
1.43744069750485,5.52615177845978,1,1,"Gne","C1qb",0.2,0.04
1.43744069750485,5.52615177845978,1,1,"Mknk1","C1qb",0.2,0.04
1.43744069750485,5.52615177845978,1,1,"Gpbp1l1","C1qb",0.2,0.04
1.43744069750485,5.52615177845978,1,1,"Kdm4a","C1qb",0.2,0.04
1.43744069750485,5.52615177845978,1,1,"Zfp691","C1qb",0.2,0.04
1.43744069750485,5.52615177845978,1,1,"Rlf","C1qb",0.2,0.04
1.43744069750485,5.52615177845978,1,1,"Rnf19b","C1qb",0.2,0.04
1.43744069750485,5.52615177845978,1,1,"Mecr","C1qb",0.2,0.04
1.43744069750485,5.52615177845978,1,1,"Zdhhc18","C1qb",0.2,0.04
1.43744069750485,5.52615177845978,1,1,"Nipal3","C1qb",0.2,0.04
1.43744069750485,5.52615177845978,1,1,"Cnr2","C1qb",0.2,0.04
1.43744069750485,5.52615177845978,1,1,"4930455G09Rik","C1qb",0.2,0.04
1.43744069750485,5.52615177845978,1,1,"Cep104","C1qb",0.2,0.04
1.43744069750485,5.52615177845978,1,1,"Rbm33","C1qb",0.2,0.04
1.43744069750485,5.52615177845978,1,1,"Tmem214","C1qb",0.2,0.04
1.43744069750485,5.52615177845978,1,1,"Gpn1","C1qb",0.2,0.04
1.43744069750485,5.52615177845978,1,1,"D5Ertd579e","C1qb",0.2,0.04
1.43744069750485,5.52615177845978,1,1,"Rab28","C1qb",0.2,0.04
1.43744069750485,5.52615177845978,1,1,"Tlr1","C1qb",0.2,0.04
1.43744069750485,5.52615177845978,1,1,"Rbm47","C1qb",0.2,0.04
1.43744069750485,5.52615177845978,1,1,"Chek2","C1qb",0.2,0.04
1.43744069750485,5.52615177845978,1,1,"Kctd10","C1qb",0.2,0.04
1.43744069750485,5.52615177845978,1,1,"P2rx7","C1qb",0.2,0.04
1.43744069750485,5.52615177845978,1,1,"Diablo","C1qb",0.2,0.04
1.43744069750485,5.52615177845978,1,1,"Stx2","C1qb",0.2,0.04
1.43744069750485,5.52615177845978,1,1,"Abhd11","C1qb",0.2,0.04
1.43744069750485,5.52615177845978,1,1,"Slc12a9","C1qb",0.2,0.04
1.43744069750485,5.52615177845978,1,1,"2900089D17Rik","C1qb",0.2,0.04
1.43744069750485,5.52615177845978,1,1,"Cpsf4","C1qb",0.2,0.04
1.43744069750485,5.52615177845978,1,1,"Igf2bp3","C1qb",0.2,0.04
1.43744069750485,5.52615177845978,1,1,"Lancl2","C1qb",0.2,0.04
1.43744069750485,5.52615177845978,1,1,"Slc41a3","C1qb",0.2,0.04
1.43744069750485,5.52615177845978,1,1,"Tatdn2","C1qb",0.2,0.04
1.43744069750485,5.52615177845978,1,1,"Sec13","C1qb",0.2,0.04
1.43744069750485,5.52615177845978,1,1,"Magohb","C1qb",0.2,0.04
1.43744069750485,5.52615177845978,1,1,"Recql","C1qb",0.2,0.04
1.43744069750485,5.52615177845978,1,1,"Etfrf1","C1qb",0.2,0.04
1.43744069750485,5.52615177845978,1,1,"Ipo8","C1qb",0.2,0.04
1.43744069750485,5.52615177845978,1,1,"Amn1","C1qb",0.2,0.04
1.43744069750485,5.52615177845978,1,1,"Zfp865","C1qb",0.2,0.04
1.43744069750485,5.52615177845978,1,1,"Prkd2","C1qb",0.2,0.04
1.43744069750485,5.52615177845978,1,1,"Dmwd","C1qb",0.2,0.04
1.43744069750485,5.52615177845978,1,1,"Dmpk","C1qb",0.2,0.04
1.43744069750485,5.52615177845978,1,1,"Zfp94","C1qb",0.2,0.04
1.43744069750485,5.52615177845978,1,1,"Sertad3","C1qb",0.2,0.04
1.43744069750485,5.52615177845978,1,1,"Zfp84","C1qb",0.2,0.04
1.43744069750485,5.52615177845978,1,1,"Pop4","C1qb",0.2,0.04
1.43744069750485,5.52615177845978,1,1,"Scaf1","C1qb",0.2,0.04
1.43744069750485,5.52615177845978,1,1,"Dbp","C1qb",0.2,0.04
1.43744069750485,5.52615177845978,1,1,"Homer2","C1qb",0.2,0.04
1.43744069750485,5.52615177845978,1,1,"Ppme1","C1qb",0.2,0.04
1.43744069750485,5.52615177845978,1,1,"Fam160a2","C1qb",0.2,0.04
1.43744069750485,5.52615177845978,1,1,"Il4ra","C1qb",0.2,0.04
1.43744069750485,5.52615177845978,1,1,"Cln3","C1qb",0.2,0.04
1.43744069750485,5.52615177845978,1,1,"Fam53b","C1qb",0.2,0.04
1.43744069750485,5.52615177845978,1,1,"Fuom","C1qb",0.2,0.04
1.43744069750485,5.52615177845978,1,1,"Deaf1","C1qb",0.2,0.04
1.43744069750485,5.52615177845978,1,1,"Tmem80","C1qb",0.2,0.04
1.43744069750485,5.52615177845978,1,1,"Epm2a","C1qb",0.2,0.04
1.43744069750485,5.52615177845978,1,1,"Tnfaip3","C1qb",0.2,0.04
1.43744069750485,5.52615177845978,1,1,"Qrsl1","C1qb",0.2,0.04
1.43744069750485,5.52615177845978,1,1,"Ddit4","C1qb",0.2,0.04
1.43744069750485,5.52615177845978,1,1,"Fam207a","C1qb",0.2,0.04
1.43744069750485,5.52615177845978,1,1,"D10Wsu102e","C1qb",0.2,0.04
1.43744069750485,5.52615177845978,1,1,"Phlda1","C1qb",0.2,0.04
1.43744069750485,5.52615177845978,1,1,"Helb","C1qb",0.2,0.04
1.43744069750485,5.52615177845978,1,1,"1700006J14Rik","C1qb",0.2,0.04
1.43744069750485,5.52615177845978,1,1,"Ddit3","C1qb",0.2,0.04
1.43744069750485,5.52615177845978,1,1,"Nemp1","C1qb",0.2,0.04
1.43744069750485,5.52615177845978,1,1,"Zfp358","C1qb",0.2,0.04
1.43744069750485,5.52615177845978,1,1,"Slc20a2","C1qb",0.2,0.04
1.43744069750485,5.52615177845978,1,1,"Letm2","C1qb",0.2,0.04
1.43744069750485,5.52615177845978,1,1,"Ing2","C1qb",0.2,0.04
1.43744069750485,5.52615177845978,1,1,"Borcs8","C1qb",0.2,0.04
1.43744069750485,5.52615177845978,1,1,"Pgpep1","C1qb",0.2,0.04
1.43744069750485,5.52615177845978,1,1,"Nr2f6","C1qb",0.2,0.04
1.43744069750485,5.52615177845978,1,1,"Mylk3","C1qb",0.2,0.04
1.43744069750485,5.52615177845978,1,1,"4921524J17Rik","C1qb",0.2,0.04
1.43744069750485,5.52615177845978,1,1,"Ddx28","C1qb",0.2,0.04
1.43744069750485,5.52615177845978,1,1,"Wwox","C1qb",0.2,0.04
1.43744069750485,5.52615177845978,1,1,"6430548M08Rik","C1qb",0.2,0.04
1.43744069750485,5.52615177845978,1,1,"Rab4a","C1qb",0.2,0.04
1.43744069750485,5.52615177845978,1,1,"Tm9sf1","C1qb",0.2,0.04
1.43744069750485,5.52615177845978,1,1,"Extl3","C1qb",0.2,0.04
1.43744069750485,5.52615177845978,1,1,"Pdlim2","C1qb",0.2,0.04
1.43744069750485,5.52615177845978,1,1,"Rb1","C1qb",0.2,0.04
1.43744069750485,5.52615177845978,1,1,"Fam76b","C1qb",0.2,0.04
1.43744069750485,5.52615177845978,1,1,"Tmed1","C1qb",0.2,0.04
1.43744069750485,5.52615177845978,1,1,"Esam","C1qb",0.2,0.04
1.43744069750485,5.52615177845978,1,1,"Rnf214","C1qb",0.2,0.04
1.43744069750485,5.52615177845978,1,1,"Bud13","C1qb",0.2,0.04
1.43744069750485,5.52615177845978,1,1,"Rpl10-ps3","C1qb",0.2,0.04
1.43744069750485,5.52615177845978,1,1,"Sik2","C1qb",0.2,0.04
1.43744069750485,5.52615177845978,1,1,"Ubl7","C1qb",0.2,0.04
1.43744069750485,5.52615177845978,1,1,"Smad3","C1qb",0.2,0.04
1.43744069750485,5.52615177845978,1,1,"Mapk6","C1qb",0.2,0.04
1.43744069750485,5.52615177845978,1,1,"Snx14","C1qb",0.2,0.04
1.43744069750485,5.52615177845978,1,1,"Plscr1","C1qb",0.2,0.04
1.43744069750485,5.52615177845978,1,1,"Tfdp2","C1qb",0.2,0.04
1.43744069750485,5.52615177845978,1,1,"Mrps22","C1qb",0.2,0.04
1.43744069750485,5.52615177845978,1,1,"Cep63","C1qb",0.2,0.04
1.43744069750485,5.52615177845978,1,1,"Tmem115","C1qb",0.2,0.04
1.43744069750485,5.52615177845978,1,1,"Ccdc71","C1qb",0.2,0.04
1.43744069750485,5.52615177845978,1,1,"Azi2","C1qb",0.2,0.04
1.43744069750485,5.52615177845978,1,1,"Nf2","C1qb",0.2,0.04
1.43744069750485,5.52615177845978,1,1,"Myo1g","C1qb",0.2,0.04
1.43744069750485,5.52615177845978,1,1,"Tbrg4","C1qb",0.2,0.04
1.43744069750485,5.52615177845978,1,1,"Vps54","C1qb",0.2,0.04
1.43744069750485,5.52615177845978,1,1,"Psme4","C1qb",0.2,0.04
1.43744069750485,5.52615177845978,1,1,"Phykpl","C1qb",0.2,0.04
1.43744069750485,5.52615177845978,1,1,"Borcs6","C1qb",0.2,0.04
1.43744069750485,5.52615177845978,1,1,"Fam58b","C1qb",0.2,0.04
1.43744069750485,5.52615177845978,1,1,"Ksr1","C1qb",0.2,0.04
1.43744069750485,5.52615177845978,1,1,"Rffl","C1qb",0.2,0.04
1.43744069750485,5.52615177845978,1,1,"Ypel2","C1qb",0.2,0.04
1.43744069750485,5.52615177845978,1,1,"Gm45716","C1qb",0.2,0.04
1.43744069750485,5.52615177845978,1,1,"Fbxl20","C1qb",0.2,0.04
1.43744069750485,5.52615177845978,1,1,"Nkiras2","C1qb",0.2,0.04
1.43744069750485,5.52615177845978,1,1,"Dhx58","C1qb",0.2,0.04
1.43744069750485,5.52615177845978,1,1,"Psmc3ip","C1qb",0.2,0.04
1.43744069750485,5.52615177845978,1,1,"Smurf2","C1qb",0.2,0.04
1.43744069750485,5.52615177845978,1,1,"Cd300ld","C1qb",0.2,0.04
1.43744069750485,5.52615177845978,1,1,"Sap30bp","C1qb",0.2,0.04
1.43744069750485,5.52615177845978,1,1,"Pgs1","C1qb",0.2,0.04
1.43744069750485,5.52615177845978,1,1,"Oxld1","C1qb",0.2,0.04
1.43744069750485,5.52615177845978,1,1,"Arl16","C1qb",0.2,0.04
1.43744069750485,5.52615177845978,1,1,"Slc25a10","C1qb",0.2,0.04
1.43744069750485,5.52615177845978,1,1,"Dus1l","C1qb",0.2,0.04
1.43744069750485,5.52615177845978,1,1,"Hfe","C1qb",0.2,0.04
1.43744069750485,5.52615177845978,1,1,"Acot13","C1qb",0.2,0.04
1.43744069750485,5.52615177845978,1,1,"Thoc3","C1qb",0.2,0.04
1.43744069750485,5.52615177845978,1,1,"Rab24","C1qb",0.2,0.04
1.43744069750485,5.52615177845978,1,1,"Pdlim7","C1qb",0.2,0.04
1.43744069750485,5.52615177845978,1,1,"Aaed1","C1qb",0.2,0.04
1.43744069750485,5.52615177845978,1,1,"Med10","C1qb",0.2,0.04
1.43744069750485,5.52615177845978,1,1,"Mccc2","C1qb",0.2,0.04
1.43744069750485,5.52615177845978,1,1,"Ccdc71l","C1qb",0.2,0.04
1.43744069750485,5.52615177845978,1,1,"Sos2","C1qb",0.2,0.04
1.43744069750485,5.52615177845978,1,1,"Mpp5","C1qb",0.2,0.04
1.43744069750485,5.52615177845978,1,1,"Cipc","C1qb",0.2,0.04
1.43744069750485,5.52615177845978,1,1,"Cdc42bpb","C1qb",0.2,0.04
1.43744069750485,5.52615177845978,1,1,"Nudcd1","C1qb",0.2,0.04
1.43744069750485,5.52615177845978,1,1,"Fbxl6","C1qb",0.2,0.04
1.43744069750485,5.52615177845978,1,1,"Ppp1r16a","C1qb",0.2,0.04
1.43744069750485,5.52615177845978,1,1,"Mief1","C1qb",0.2,0.04
1.43744069750485,5.52615177845978,1,1,"C730034F03Rik","C1qb",0.2,0.04
1.43744069750485,5.52615177845978,1,1,"Atg101","C1qb",0.2,0.04
1.43744069750485,5.52615177845978,1,1,"Dexi","C1qb",0.2,0.04
1.43744069750485,5.52615177845978,1,1,"Snx29","C1qb",0.2,0.04
1.43744069750485,5.52615177845978,1,1,"Crkl","C1qb",0.2,0.04
1.43744069750485,5.52615177845978,1,1,"Lztr1","C1qb",0.2,0.04
1.43744069750485,5.52615177845978,1,1,"Dgcr14","C1qb",0.2,0.04
1.43744069750485,5.52615177845978,1,1,"Abcc5","C1qb",0.2,0.04
1.43744069750485,5.52615177845978,1,1,"Fyttd1","C1qb",0.2,0.04
1.43744069750485,5.52615177845978,1,1,"Usf3","C1qb",0.2,0.04
1.43744069750485,5.52615177845978,1,1,"Gtpbp8","C1qb",0.2,0.04
1.43744069750485,5.52615177845978,1,1,"Trmt10c","C1qb",0.2,0.04
1.43744069750485,5.52615177845978,1,1,"Filip1l","C1qb",0.2,0.04
1.43744069750485,5.52615177845978,1,1,"N6amt1","C1qb",0.2,0.04
1.43744069750485,5.52615177845978,1,1,"1110004E09Rik","C1qb",0.2,0.04
1.43744069750485,5.52615177845978,1,1,"Zfp942","C1qb",0.2,0.04
1.43744069750485,5.52615177845978,1,1,"E4f1","C1qb",0.2,0.04
1.43744069750485,5.52615177845978,1,1,"Fahd1","C1qb",0.2,0.04
1.43744069750485,5.52615177845978,1,1,"Spsb3","C1qb",0.2,0.04
1.43744069750485,5.52615177845978,1,1,"Gnptg","C1qb",0.2,0.04
1.43744069750485,5.52615177845978,1,1,"Rhot2","C1qb",0.2,0.04
1.43744069750485,5.52615177845978,1,1,"Bnip1","C1qb",0.2,0.04
1.43744069750485,5.52615177845978,1,1,"Gm26724","C1qb",0.2,0.04
1.43744069750485,5.52615177845978,1,1,"Atat1","C1qb",0.2,0.04
1.43744069750485,5.52615177845978,1,1,"Prr3","C1qb",0.2,0.04
1.43744069750485,5.52615177845978,1,1,"Adgre4","C1qb",0.2,0.04
1.43744069750485,5.52615177845978,1,1,"Sos1","C1qb",0.2,0.04
1.43744069750485,5.52615177845978,1,1,"Map3k8","C1qb",0.2,0.04
1.43744069750485,5.52615177845978,1,1,"Epc1","C1qb",0.2,0.04
1.43744069750485,5.52615177845978,1,1,"Ctdp1","C1qb",0.2,0.04
1.43744069750485,5.52615177845978,1,1,"Rbm4b","C1qb",0.2,0.04
1.43744069750485,5.52615177845978,1,1,"Znhit2","C1qb",0.2,0.04
1.43744069750485,5.52615177845978,1,1,"Arhgap19","C1qb",0.2,0.04
1.43744069750485,5.52615177845978,1,1,"Zdhhc16","C1qb",0.2,0.04
1.43744069750485,5.52615177845978,1,1,"R3hcc1l","C1qb",0.2,0.04
1.43744069750485,5.52615177845978,1,1,"Pcgf6","C1qb",0.2,0.04
-0.949290381003465,5.70212264265708,1,1,"Rrs1","C1qb",0.2,0.04
-0.949290381003465,5.70212264265708,1,1,"Lactb2","C1qb",0.2,0.04
-0.949290381003465,5.70212264265708,1,1,"Kansl3","C1qb",0.2,0.04
-0.949290381003465,5.70212264265708,1,1,"AI597479","C1qb",0.2,0.04
-0.949290381003465,5.70212264265708,1,1,"Mfsd6","C1qb",0.2,0.04
-0.949290381003465,5.70212264265708,1,1,"Lrrfip1","C1qb",0.2,0.04
-0.949290381003465,5.70212264265708,1,1,"Yod1","C1qb",0.2,0.04
-0.949290381003465,5.70212264265708,1,1,"Slc45a3","C1qb",0.2,0.04
-0.949290381003465,5.70212264265708,1,1,"Ppp1r12b","C1qb",0.2,0.04
-0.949290381003465,5.70212264265708,1,1,"Phlda3","C1qb",0.2,0.04
-0.949290381003465,5.70212264265708,1,1,"Abl2","C1qb",0.2,0.04
-0.949290381003465,5.70212264265708,1,1,"Zbtb37","C1qb",0.2,0.04
-0.949290381003465,5.70212264265708,1,1,"Pigc","C1qb",0.2,0.04
-0.949290381003465,5.70212264265708,1,1,"Pex19","C1qb",0.2,0.04
-0.949290381003465,5.70212264265708,1,1,"Pigm","C1qb",0.2,0.04
-0.949290381003465,5.70212264265708,1,1,"Akt3","C1qb",0.2,0.04
-0.949290381003465,5.70212264265708,1,1,"Zbtb18","C1qb",0.2,0.04
-0.949290381003465,5.70212264265708,1,1,"Trp53bp2","C1qb",0.2,0.04
-0.949290381003465,5.70212264265708,1,1,"Kctd3","C1qb",0.2,0.04
-0.949290381003465,5.70212264265708,1,1,"Ints7","C1qb",0.2,0.04
-0.949290381003465,5.70212264265708,1,1,"A130010J15Rik","C1qb",0.2,0.04
-0.949290381003465,5.70212264265708,1,1,"Phyh","C1qb",0.2,0.04
-0.949290381003465,5.70212264265708,1,1,"Psd4","C1qb",0.2,0.04
-0.949290381003465,5.70212264265708,1,1,"Sdccag3","C1qb",0.2,0.04
-0.949290381003465,5.70212264265708,1,1,"Surf2","C1qb",0.2,0.04
-0.949290381003465,5.70212264265708,1,1,"Wdr5","C1qb",0.2,0.04
-0.949290381003465,5.70212264265708,1,1,"Tsc1","C1qb",0.2,0.04
-0.949290381003465,5.70212264265708,1,1,"Odf2","C1qb",0.2,0.04
-0.949290381003465,5.70212264265708,1,1,"Dolpp1","C1qb",0.2,0.04
-0.949290381003465,5.70212264265708,1,1,"Ciz1","C1qb",0.2,0.04
-0.949290381003465,5.70212264265708,1,1,"Ppp6c","C1qb",0.2,0.04
-0.949290381003465,5.70212264265708,1,1,"Atf2","C1qb",0.2,0.04
-0.949290381003465,5.70212264265708,1,1,"Mtx2","C1qb",0.2,0.04
-0.949290381003465,5.70212264265708,1,1,"Slc43a1","C1qb",0.2,0.04
-0.949290381003465,5.70212264265708,1,1,"Atg13","C1qb",0.2,0.04
-0.949290381003465,5.70212264265708,1,1,"Prdm11","C1qb",0.2,0.04
-0.949290381003465,5.70212264265708,1,1,"Cops2","C1qb",0.2,0.04
-0.949290381003465,5.70212264265708,1,1,"Tmem127","C1qb",0.2,0.04
-0.949290381003465,5.70212264265708,1,1,"Tmem87b","C1qb",0.2,0.04
-0.949290381003465,5.70212264265708,1,1,"Slc20a1","C1qb",0.2,0.04
-0.949290381003465,5.70212264265708,1,1,"Plcb4","C1qb",0.2,0.04
-0.949290381003465,5.70212264265708,1,1,"Apmap","C1qb",0.2,0.04
-0.949290381003465,5.70212264265708,1,1,"Id1","C1qb",0.2,0.04
-0.949290381003465,5.70212264265708,1,1,"Dnmt3b","C1qb",0.2,0.04
-0.949290381003465,5.70212264265708,1,1,"Trp53inp2","C1qb",0.2,0.04
-0.949290381003465,5.70212264265708,1,1,"Ada","C1qb",0.2,0.04
-0.949290381003465,5.70212264265708,1,1,"Dnttip1","C1qb",0.2,0.04
-0.949290381003465,5.70212264265708,1,1,"Trp53rkb","C1qb",0.2,0.04
-0.949290381003465,5.70212264265708,1,1,"Slc9a8","C1qb",0.2,0.04
-0.949290381003465,5.70212264265708,1,1,"Zfp64","C1qb",0.2,0.04
-0.949290381003465,5.70212264265708,1,1,"Cstf1","C1qb",0.2,0.04
-0.949290381003465,5.70212264265708,1,1,"Pqbp1","C1qb",0.2,0.04
-0.949290381003465,5.70212264265708,1,1,"Bcorl1","C1qb",0.2,0.04
-0.949290381003465,5.70212264265708,1,1,"Cd99l2","C1qb",0.2,0.04
-0.949290381003465,5.70212264265708,1,1,"Maged1","C1qb",0.2,0.04
-0.949290381003465,5.70212264265708,1,1,"Zxdb","C1qb",0.2,0.04
-0.949290381003465,5.70212264265708,1,1,"Ophn1","C1qb",0.2,0.04
-0.949290381003465,5.70212264265708,1,1,"Bclaf3","C1qb",0.2,0.04
-0.949290381003465,5.70212264265708,1,1,"Arhgap6","C1qb",0.2,0.04
-0.949290381003465,5.70212264265708,1,1,"Fxr1","C1qb",0.2,0.04
-0.949290381003465,5.70212264265708,1,1,"Exosc9","C1qb",0.2,0.04
-0.949290381003465,5.70212264265708,1,1,"Plrg1","C1qb",0.2,0.04
-0.949290381003465,5.70212264265708,1,1,"Lrba","C1qb",0.2,0.04
-0.949290381003465,5.70212264265708,1,1,"Pear1","C1qb",0.2,0.04
-0.949290381003465,5.70212264265708,1,1,"Isg20l2","C1qb",0.2,0.04
-0.949290381003465,5.70212264265708,1,1,"Ubqln4","C1qb",0.2,0.04
-0.949290381003465,5.70212264265708,1,1,"Gba","C1qb",0.2,0.04
-0.949290381003465,5.70212264265708,1,1,"Lrif1","C1qb",0.2,0.04
-0.949290381003465,5.70212264265708,1,1,"Agl","C1qb",0.2,0.04
-0.949290381003465,5.70212264265708,1,1,"Adgrl4","C1qb",0.2,0.04
-0.949290381003465,5.70212264265708,1,1,"Dpy19l4","C1qb",0.2,0.04
-0.949290381003465,5.70212264265708,1,1,"Nudt2","C1qb",0.2,0.04
-0.949290381003465,5.70212264265708,1,1,"Fam206a","C1qb",0.2,0.04
-0.949290381003465,5.70212264265708,1,1,"Hspb11","C1qb",0.2,0.04
-0.949290381003465,5.70212264265708,1,1,"Pithd1","C1qb",0.2,0.04
-0.949290381003465,5.70212264265708,1,1,"Ece1","C1qb",0.2,0.04
-0.949290381003465,5.70212264265708,1,1,"Miip","C1qb",0.2,0.04
-0.949290381003465,5.70212264265708,1,1,"Cyp51","C1qb",0.2,0.04
-0.949290381003465,5.70212264265708,1,1,"Tmem60","C1qb",0.2,0.04
-0.949290381003465,5.70212264265708,1,1,"Insig1","C1qb",0.2,0.04
-0.949290381003465,5.70212264265708,1,1,"Nfxl1","C1qb",0.2,0.04
-0.949290381003465,5.70212264265708,1,1,"Rufy3","C1qb",0.2,0.04
-0.949290381003465,5.70212264265708,1,1,"Nup54","C1qb",0.2,0.04
-0.949290381003465,5.70212264265708,1,1,"Gm42595","C1qb",0.2,0.04
-0.949290381003465,5.70212264265708,1,1,"Wsb2","C1qb",0.2,0.04
-0.949290381003465,5.70212264265708,1,1,"Naa25","C1qb",0.2,0.04
-0.949290381003465,5.70212264265708,1,1,"Gpn3","C1qb",0.2,0.04
-0.949290381003465,5.70212264265708,1,1,"Vps37b","C1qb",0.2,0.04
-0.949290381003465,5.70212264265708,1,1,"Atp6v0a2","C1qb",0.2,0.04
-0.949290381003465,5.70212264265708,1,1,"Trim56","C1qb",0.2,0.04
-0.949290381003465,5.70212264265708,1,1,"Pdgfa","C1qb",0.2,0.04
-0.949290381003465,5.70212264265708,1,1,"Zfp282","C1qb",0.2,0.04
-0.949290381003465,5.70212264265708,1,1,"Zfp746","C1qb",0.2,0.04
-0.949290381003465,5.70212264265708,1,1,"Kdm3a","C1qb",0.2,0.04
-0.949290381003465,5.70212264265708,1,1,"Nagk","C1qb",0.2,0.04
-0.949290381003465,5.70212264265708,1,1,"Uba3","C1qb",0.2,0.04
-0.949290381003465,5.70212264265708,1,1,"Rybp","C1qb",0.2,0.04
-0.949290381003465,5.70212264265708,1,1,"2310001H17Rik","C1qb",0.2,0.04
-0.949290381003465,5.70212264265708,1,1,"Smim10l1","C1qb",0.2,0.04
-0.949290381003465,5.70212264265708,1,1,"Mrps35","C1qb",0.2,0.04
-0.949290381003465,5.70212264265708,1,1,"Bicd1","C1qb",0.2,0.04
-0.949290381003465,5.70212264265708,1,1,"Tsen34","C1qb",0.2,0.04
-0.949290381003465,5.70212264265708,1,1,"Zfp110","C1qb",0.2,0.04
-0.949290381003465,5.70212264265708,1,1,"Fkrp","C1qb",0.2,0.04
-0.949290381003465,5.70212264265708,1,1,"AI987944","C1qb",0.2,0.04
-0.949290381003465,5.70212264265708,1,1,"Svip","C1qb",0.2,0.04
-0.949290381003465,5.70212264265708,1,1,"Abhd2","C1qb",0.2,0.04
-0.949290381003465,5.70212264265708,1,1,"Wdr73","C1qb",0.2,0.04
-0.949290381003465,5.70212264265708,1,1,"Il16","C1qb",0.2,0.04
-0.949290381003465,5.70212264265708,1,1,"Gab2","C1qb",0.2,0.04
-0.949290381003465,5.70212264265708,1,1,"Stim1","C1qb",0.2,0.04
-0.949290381003465,5.70212264265708,1,1,"Mosmo","C1qb",0.2,0.04
-0.949290381003465,5.70212264265708,1,1,"Spns1","C1qb",0.2,0.04
-0.949290381003465,5.70212264265708,1,1,"Rabep2","C1qb",0.2,0.04
-0.949290381003465,5.70212264265708,1,1,"Sult1a1","C1qb",0.2,0.04
-0.949290381003465,5.70212264265708,1,1,"Kctd13","C1qb",0.2,0.04
-0.949290381003465,5.70212264265708,1,1,"Wdr11","C1qb",0.2,0.04
-0.949290381003465,5.70212264265708,1,1,"Bet1l","C1qb",0.2,0.04
-0.949290381003465,5.70212264265708,1,1,"Sgk1","C1qb",0.2,0.04
-0.949290381003465,5.70212264265708,1,1,"L3mbtl3","C1qb",0.2,0.04
-0.949290381003465,5.70212264265708,1,1,"Rev3l","C1qb",0.2,0.04
-0.949290381003465,5.70212264265708,1,1,"Asf1a","C1qb",0.2,0.04
-0.949290381003465,5.70212264265708,1,1,"Ado","C1qb",0.2,0.04
-0.949290381003465,5.70212264265708,1,1,"Cabin1","C1qb",0.2,0.04
-0.949290381003465,5.70212264265708,1,1,"Pdxk","C1qb",0.2,0.04
-0.949290381003465,5.70212264265708,1,1,"Dot1l","C1qb",0.2,0.04
-0.949290381003465,5.70212264265708,1,1,"Lmnb2","C1qb",0.2,0.04
-0.949290381003465,5.70212264265708,1,1,"Gadd45b","C1qb",0.2,0.04
-0.949290381003465,5.70212264265708,1,1,"Washc4","C1qb",0.2,0.04
-0.949290381003465,5.70212264265708,1,1,"Slc16a7","C1qb",0.2,0.04
-0.949290381003465,5.70212264265708,1,1,"Dtx3","C1qb",0.2,0.04
-0.949290381003465,5.70212264265708,1,1,"A430078G23Rik","C1qb",0.2,0.04
-0.949290381003465,5.70212264265708,1,1,"Map2k7","C1qb",0.2,0.04
-0.949290381003465,5.70212264265708,1,1,"Timm44","C1qb",0.2,0.04
-0.949290381003465,5.70212264265708,1,1,"Rab20","C1qb",0.2,0.04
-0.949290381003465,5.70212264265708,1,1,"Primpol","C1qb",0.2,0.04
-0.949290381003465,5.70212264265708,1,1,"Psd3","C1qb",0.2,0.04
-0.949290381003465,5.70212264265708,1,1,"Upf1","C1qb",0.2,0.04
-0.949290381003465,5.70212264265708,1,1,"Adgrl1","C1qb",0.2,0.04
-0.949290381003465,5.70212264265708,1,1,"Rfx1","C1qb",0.2,0.04
-0.949290381003465,5.70212264265708,1,1,"Cfap20","C1qb",0.2,0.04
-0.949290381003465,5.70212264265708,1,1,"Thap11","C1qb",0.2,0.04
-0.949290381003465,5.70212264265708,1,1,"2310022B05Rik","C1qb",0.2,0.04
-0.949290381003465,5.70212264265708,1,1,"Samd8","C1qb",0.2,0.04
-0.949290381003465,5.70212264265708,1,1,"Actr8","C1qb",0.2,0.04
-0.949290381003465,5.70212264265708,1,1,"Hacl1","C1qb",0.2,0.04
-0.949290381003465,5.70212264265708,1,1,"Arhgef40","C1qb",0.2,0.04
-0.949290381003465,5.70212264265708,1,1,"Abhd4","C1qb",0.2,0.04
-0.949290381003465,5.70212264265708,1,1,"Mmp14","C1qb",0.2,0.04
-0.949290381003465,5.70212264265708,1,1,"Xpo4","C1qb",0.2,0.04
-0.949290381003465,5.70212264265708,1,1,"Ints6","C1qb",0.2,0.04
-0.949290381003465,5.70212264265708,1,1,"Ccar2","C1qb",0.2,0.04
-0.949290381003465,5.70212264265708,1,1,"Vwa8","C1qb",0.2,0.04
-0.949290381003465,5.70212264265708,1,1,"Pcca","C1qb",0.2,0.04
-0.949290381003465,5.70212264265708,1,1,"4931406C07Rik","C1qb",0.2,0.04
-0.949290381003465,5.70212264265708,1,1,"Zfp26","C1qb",0.2,0.04
-0.949290381003465,5.70212264265708,1,1,"Kri1","C1qb",0.2,0.04
-0.949290381003465,5.70212264265708,1,1,"Cul5","C1qb",0.2,0.04
-0.949290381003465,5.70212264265708,1,1,"Hmg20a","C1qb",0.2,0.04
-0.949290381003465,5.70212264265708,1,1,"Scamp5","C1qb",0.2,0.04
-0.949290381003465,5.70212264265708,1,1,"Kif23","C1qb",0.2,0.04
-0.949290381003465,5.70212264265708,1,1,"Csnk1g1","C1qb",0.2,0.04
-0.949290381003465,5.70212264265708,1,1,"Msl2","C1qb",0.2,0.04
-0.949290381003465,5.70212264265708,1,1,"Dcaf1","C1qb",0.2,0.04
-0.949290381003465,5.70212264265708,1,1,"Ifrd2","C1qb",0.2,0.04
-0.949290381003465,5.70212264265708,1,1,"Lrrfip2","C1qb",0.2,0.04
-0.949290381003465,5.70212264265708,1,1,"Epm2aip1","C1qb",0.2,0.04
-0.949290381003465,5.70212264265708,1,1,"Ss18l2","C1qb",0.2,0.04
-0.949290381003465,5.70212264265708,1,1,"Abhd5","C1qb",0.2,0.04
-0.949290381003465,5.70212264265708,1,1,"Sacm1l","C1qb",0.2,0.04
-0.949290381003465,5.70212264265708,1,1,"Fyco1","C1qb",0.2,0.04
-0.949290381003465,5.70212264265708,1,1,"2010315B03Rik","C1qb",0.2,0.04
-0.949290381003465,5.70212264265708,1,1,"Morc2a","C1qb",0.2,0.04
-0.949290381003465,5.70212264265708,1,1,"Hus1","C1qb",0.2,0.04
-0.949290381003465,5.70212264265708,1,1,"Mtif2","C1qb",0.2,0.04
-0.949290381003465,5.70212264265708,1,1,"Ttc1","C1qb",0.2,0.04
-0.949290381003465,5.70212264265708,1,1,"Ublcp1","C1qb",0.2,0.04
-0.949290381003465,5.70212264265708,1,1,"Rnf145","C1qb",0.2,0.04
-0.949290381003465,5.70212264265708,1,1,"Adam19","C1qb",0.2,0.04
-0.949290381003465,5.70212264265708,1,1,"Tbc1d9b","C1qb",0.2,0.04
-0.949290381003465,5.70212264265708,1,1,"Sqstm1","C1qb",0.2,0.04
-0.949290381003465,5.70212264265708,1,1,"Ccdc69","C1qb",0.2,0.04
-0.949290381003465,5.70212264265708,1,1,"2310033P09Rik","C1qb",0.2,0.04
-0.949290381003465,5.70212264265708,1,1,"Ttc19","C1qb",0.2,0.04
-0.949290381003465,5.70212264265708,1,1,"Map2k4","C1qb",0.2,0.04
-0.949290381003465,5.70212264265708,1,1,"Spns3","C1qb",0.2,0.04
-0.949290381003465,5.70212264265708,1,1,"Inpp5k","C1qb",0.2,0.04
-0.949290381003465,5.70212264265708,1,1,"Acsf2","C1qb",0.2,0.04
-0.949290381003465,5.70212264265708,1,1,"Mrpl10","C1qb",0.2,0.04
-0.949290381003465,5.70212264265708,1,1,"Med24","C1qb",0.2,0.04
-0.949290381003465,5.70212264265708,1,1,"Tex2","C1qb",0.2,0.04
-0.949290381003465,5.70212264265708,1,1,"Slc39a11","C1qb",0.2,0.04
-0.949290381003465,5.70212264265708,1,1,"Kctd2","C1qb",0.2,0.04
-0.949290381003465,5.70212264265708,1,1,"Slc25a19","C1qb",0.2,0.04
-0.949290381003465,5.70212264265708,1,1,"Unk","C1qb",0.2,0.04
-0.949290381003465,5.70212264265708,1,1,"Cant1","C1qb",0.2,0.04
-0.949290381003465,5.70212264265708,1,1,"Ccdc137","C1qb",0.2,0.04
-0.949290381003465,5.70212264265708,1,1,"Aspscr1","C1qb",0.2,0.04
-0.949290381003465,5.70212264265708,1,1,"Idi1","C1qb",0.2,0.04
-0.949290381003465,5.70212264265708,1,1,"Wrnip1","C1qb",0.2,0.04
-0.949290381003465,5.70212264265708,1,1,"Gfod1","C1qb",0.2,0.04
-0.949290381003465,5.70212264265708,1,1,"Atxn1","C1qb",0.2,0.04
-0.949290381003465,5.70212264265708,1,1,"Spin1","C1qb",0.2,0.04
-0.949290381003465,5.70212264265708,1,1,"Faf2","C1qb",0.2,0.04
-0.949290381003465,5.70212264265708,1,1,"Hk3","C1qb",0.2,0.04
-0.949290381003465,5.70212264265708,1,1,"2010111I01Rik","C1qb",0.2,0.04
-0.949290381003465,5.70212264265708,1,1,"Zfp87","C1qb",0.2,0.04
-0.949290381003465,5.70212264265708,1,1,"Arsk","C1qb",0.2,0.04
-0.949290381003465,5.70212264265708,1,1,"Arsb","C1qb",0.2,0.04
-0.949290381003465,5.70212264265708,1,1,"Hmgcr","C1qb",0.2,0.04
-0.949290381003465,5.70212264265708,1,1,"Ppwd1","C1qb",0.2,0.04
-0.949290381003465,5.70212264265708,1,1,"Mier3","C1qb",0.2,0.04
-0.949290381003465,5.70212264265708,1,1,"Ncoa1","C1qb",0.2,0.04
-0.949290381003465,5.70212264265708,1,1,"Ttc32","C1qb",0.2,0.04
-0.949290381003465,5.70212264265708,1,1,"Rnaseh1","C1qb",0.2,0.04
-0.949290381003465,5.70212264265708,1,1,"Rnf113a2","C1qb",0.2,0.04
-0.949290381003465,5.70212264265708,1,1,"Itpk1","C1qb",0.2,0.04
-0.949290381003465,5.70212264265708,1,1,"Ccnk","C1qb",0.2,0.04
-0.949290381003465,5.70212264265708,1,1,"Zfp839","C1qb",0.2,0.04
-0.949290381003465,5.70212264265708,1,1,"AW549877","C1qb",0.2,0.04
-0.949290381003465,5.70212264265708,1,1,"Taf2","C1qb",0.2,0.04
-0.949290381003465,5.70212264265708,1,1,"Sun2","C1qb",0.2,0.04
-0.949290381003465,5.70212264265708,1,1,"Sgsm3","C1qb",0.2,0.04
-0.949290381003465,5.70212264265708,1,1,"Pus7l","C1qb",0.2,0.04
-0.949290381003465,5.70212264265708,1,1,"Aaas","C1qb",0.2,0.04
-0.949290381003465,5.70212264265708,1,1,"Zfp263","C1qb",0.2,0.04
-0.949290381003465,5.70212264265708,1,1,"Naa60","C1qb",0.2,0.04
-0.949290381003465,5.70212264265708,1,1,"Nagpa","C1qb",0.2,0.04
-0.949290381003465,5.70212264265708,1,1,"Thap7","C1qb",0.2,0.04
-0.949290381003465,5.70212264265708,1,1,"Prodh","C1qb",0.2,0.04
-0.949290381003465,5.70212264265708,1,1,"Txnrd2","C1qb",0.2,0.04
-0.949290381003465,5.70212264265708,1,1,"Hira","C1qb",0.2,0.04
-0.949290381003465,5.70212264265708,1,1,"Il1rap","C1qb",0.2,0.04
-0.949290381003465,5.70212264265708,1,1,"Rabl3","C1qb",0.2,0.04
-0.949290381003465,5.70212264265708,1,1,"Qtrt2","C1qb",0.2,0.04
-0.949290381003465,5.70212264265708,1,1,"Nxpe3","C1qb",0.2,0.04
-0.949290381003465,5.70212264265708,1,1,"Nit2","C1qb",0.2,0.04
-0.949290381003465,5.70212264265708,1,1,"Rcan1","C1qb",0.2,0.04
-0.949290381003465,5.70212264265708,1,1,"Brwd1","C1qb",0.2,0.04
-0.949290381003465,5.70212264265708,1,1,"Dynlt1a","C1qb",0.2,0.04
-0.949290381003465,5.70212264265708,1,1,"Riok2","C1qb",0.2,0.04
-0.949290381003465,5.70212264265708,1,1,"Pkd1","C1qb",0.2,0.04
-0.949290381003465,5.70212264265708,1,1,"Gfer","C1qb",0.2,0.04
-0.949290381003465,5.70212264265708,1,1,"Hagh","C1qb",0.2,0.04
-0.949290381003465,5.70212264265708,1,1,"Ring1","C1qb",0.2,0.04
-0.949290381003465,5.70212264265708,1,1,"2310061I04Rik","C1qb",0.2,0.04
-0.949290381003465,5.70212264265708,1,1,"Tjap1","C1qb",0.2,0.04
-0.949290381003465,5.70212264265708,1,1,"Pex6","C1qb",0.2,0.04
-0.949290381003465,5.70212264265708,1,1,"Bysl","C1qb",0.2,0.04
-0.949290381003465,5.70212264265708,1,1,"Tbc1d5","C1qb",0.2,0.04
-0.949290381003465,5.70212264265708,1,1,"Ttc27","C1qb",0.2,0.04
-0.949290381003465,5.70212264265708,1,1,"Mapre2","C1qb",0.2,0.04
-0.949290381003465,5.70212264265708,1,1,"Sft2d3","C1qb",0.2,0.04
-0.949290381003465,5.70212264265708,1,1,"Cxxc5","C1qb",0.2,0.04
-0.949290381003465,5.70212264265708,1,1,"Gnpda1","C1qb",0.2,0.04
-0.949290381003465,5.70212264265708,1,1,"Prrc1","C1qb",0.2,0.04
-0.949290381003465,5.70212264265708,1,1,"Nfatc1","C1qb",0.2,0.04
-0.949290381003465,5.70212264265708,1,1,"Map3k11","C1qb",0.2,0.04
-0.949290381003465,5.70212264265708,1,1,"Frmd8","C1qb",0.2,0.04
-0.949290381003465,5.70212264265708,1,1,"Arl2","C1qb",0.2,0.04
-0.949290381003465,5.70212264265708,1,1,"Men1","C1qb",0.2,0.04
-0.949290381003465,5.70212264265708,1,1,"Rfk","C1qb",0.2,0.04
-0.949290381003465,5.70212264265708,1,1,"Sgms1","C1qb",0.2,0.04
-0.949290381003465,5.70212264265708,1,1,"Zfyve27","C1qb",0.2,0.04
-0.949290381003465,5.70212264265708,1,1,"As3mt","C1qb",0.2,0.04
-0.949290381003465,5.70212264265708,1,1,"Fam45a","C1qb",0.2,0.04
-0.949290381003465,5.70212264265708,1,1,"mt-Nd6","C1qb",0.2,0.04
-0.949290381003465,5.70212264265708,1,1,"Vamp7","C1qb",0.2,0.04
-0.414705783884606,6.02651261962971,1,1,"Sdhaf4","C1qb",0.2,0.04
-0.414705783884606,6.02651261962971,1,1,"Ormdl1","C1qb",0.2,0.04
-0.414705783884606,6.02651261962971,1,1,"Rpe","C1qb",0.2,0.04
-0.414705783884606,6.02651261962971,1,1,"Pde6d","C1qb",0.2,0.04
-0.414705783884606,6.02651261962971,1,1,"Cops8","C1qb",0.2,0.04
-0.414705783884606,6.02651261962971,1,1,"Srgap2","C1qb",0.2,0.04
-0.414705783884606,6.02651261962971,1,1,"BC003331","C1qb",0.2,0.04
-0.414705783884606,6.02651261962971,1,1,"Trmt1l","C1qb",0.2,0.04
-0.414705783884606,6.02651261962971,1,1,"Psen2","C1qb",0.2,0.04
-0.414705783884606,6.02651261962971,1,1,"Lin9","C1qb",0.2,0.04
-0.414705783884606,6.02651261962971,1,1,"Cdc123","C1qb",0.2,0.04
-0.414705783884606,6.02651261962971,1,1,"Uap1l1","C1qb",0.2,0.04
-0.414705783884606,6.02651261962971,1,1,"Tmem141","C1qb",0.2,0.04
-0.414705783884606,6.02651261962971,1,1,"Surf1","C1qb",0.2,0.04
-0.414705783884606,6.02651261962971,1,1,"Gfi1b","C1qb",0.2,0.04
-0.414705783884606,6.02651261962971,1,1,"Setx","C1qb",0.2,0.04
-0.414705783884606,6.02651261962971,1,1,"1110008P14Rik","C1qb",0.2,0.04
-0.414705783884606,6.02651261962971,1,1,"Eng","C1qb",0.2,0.04
-0.414705783884606,6.02651261962971,1,1,"Clp1","C1qb",0.2,0.04
-0.414705783884606,6.02651261962971,1,1,"Aven","C1qb",0.2,0.04
-0.414705783884606,6.02651261962971,1,1,"Anapc1","C1qb",0.2,0.04
-0.414705783884606,6.02651261962971,1,1,"Fastkd5","C1qb",0.2,0.04
-0.414705783884606,6.02651261962971,1,1,"Smim26","C1qb",0.2,0.04
-0.414705783884606,6.02651261962971,1,1,"Ctnnbl1","C1qb",0.2,0.04
-0.414705783884606,6.02651261962971,1,1,"Slpi","C1qb",0.2,0.04
-0.414705783884606,6.02651261962971,1,1,"Pltp","C1qb",0.2,0.04
-0.414705783884606,6.02651261962971,1,1,"Prex1","C1qb",0.2,0.04
-0.414705783884606,6.02651261962971,1,1,"Brcc3","C1qb",0.2,0.04
-0.414705783884606,6.02651261962971,1,1,"Hmgn5","C1qb",0.2,0.04
-0.414705783884606,6.02651261962971,1,1,"Nbdy","C1qb",0.2,0.04
-0.414705783884606,6.02651261962971,1,1,"Alg5","C1qb",0.2,0.04
-0.414705783884606,6.02651261962971,1,1,"Lxn","C1qb",0.2,0.04
-0.414705783884606,6.02651261962971,1,1,"Gon4l","C1qb",0.2,0.04
-0.414705783884606,6.02651261962971,1,1,"Ints3","C1qb",0.2,0.04
-0.414705783884606,6.02651261962971,1,1,"Sf3b4","C1qb",0.2,0.04
-0.414705783884606,6.02651261962971,1,1,"Wdr77","C1qb",0.2,0.04
-0.414705783884606,6.02651261962971,1,1,"Ampd2","C1qb",0.2,0.04
-0.414705783884606,6.02651261962971,1,1,"Sec24d","C1qb",0.2,0.04
-0.414705783884606,6.02651261962971,1,1,"Plekhf2","C1qb",0.2,0.04
-0.414705783884606,6.02651261962971,1,1,"Rars2","C1qb",0.2,0.04
-0.414705783884606,6.02651261962971,1,1,"Topors","C1qb",0.2,0.04
-0.414705783884606,6.02651261962971,1,1,"Tstd2","C1qb",0.2,0.04
-0.414705783884606,6.02651261962971,1,1,"Mysm1","C1qb",0.2,0.04
-0.414705783884606,6.02651261962971,1,1,"Foxj3","C1qb",0.2,0.04
-0.414705783884606,6.02651261962971,1,1,"Tmem39b","C1qb",0.2,0.04
-0.414705783884606,6.02651261962971,1,1,"Clstn1","C1qb",0.2,0.04
-0.414705783884606,6.02651261962971,1,1,"Noc2l","C1qb",0.2,0.04
-0.414705783884606,6.02651261962971,1,1,"Selenoi","C1qb",0.2,0.04
-0.414705783884606,6.02651261962971,1,1,"Tbc1d1","C1qb",0.2,0.04
-0.414705783884606,6.02651261962971,1,1,"Sgcb","C1qb",0.2,0.04
-0.414705783884606,6.02651261962971,1,1,"Uba6","C1qb",0.2,0.04
-0.414705783884606,6.02651261962971,1,1,"Chfr","C1qb",0.2,0.04
-0.414705783884606,6.02651261962971,1,1,"Pitpnb","C1qb",0.2,0.04
-0.414705783884606,6.02651261962971,1,1,"Fam216a","C1qb",0.2,0.04
-0.414705783884606,6.02651261962971,1,1,"Vkorc1l1","C1qb",0.2,0.04
-0.414705783884606,6.02651261962971,1,1,"Limk1","C1qb",0.2,0.04
-0.414705783884606,6.02651261962971,1,1,"Bud23","C1qb",0.2,0.04
-0.414705783884606,6.02651261962971,1,1,"Prkrip1","C1qb",0.2,0.04
-0.414705783884606,6.02651261962971,1,1,"Micall2","C1qb",0.2,0.04
-0.414705783884606,6.02651261962971,1,1,"Nup205","C1qb",0.2,0.04
-0.414705783884606,6.02651261962971,1,1,"Casp2","C1qb",0.2,0.04
-0.414705783884606,6.02651261962971,1,1,"Gimap1","C1qb",0.2,0.04
-0.414705783884606,6.02651261962971,1,1,"Stambp","C1qb",0.2,0.04
-0.414705783884606,6.02651261962971,1,1,"Eif4e3","C1qb",0.2,0.04
-0.414705783884606,6.02651261962971,1,1,"B9d2","C1qb",0.2,0.04
-0.414705783884606,6.02651261962971,1,1,"Hnrnpul1","C1qb",0.2,0.04
-0.414705783884606,6.02651261962971,1,1,"Sphk2","C1qb",0.2,0.04
-0.414705783884606,6.02651261962971,1,1,"Ngrn","C1qb",0.2,0.04
-0.414705783884606,6.02651261962971,1,1,"Coq7","C1qb",0.2,0.04
-0.414705783884606,6.02651261962971,1,1,"Sh2b1","C1qb",0.2,0.04
-0.414705783884606,6.02651261962971,1,1,"Zfp771","C1qb",0.2,0.04
-0.414705783884606,6.02651261962971,1,1,"Phrf1","C1qb",0.2,0.04
-0.414705783884606,6.02651261962971,1,1,"Tssc4","C1qb",0.2,0.04
-0.414705783884606,6.02651261962971,1,1,"Rnf146","C1qb",0.2,0.04
-0.414705783884606,6.02651261962971,1,1,"Bcr","C1qb",0.2,0.04
-0.414705783884606,6.02651261962971,1,1,"Ddt","C1qb",0.2,0.04
-0.414705783884606,6.02651261962971,1,1,"Trappc10","C1qb",0.2,0.04
-0.414705783884606,6.02651261962971,1,1,"Sf3a2","C1qb",0.2,0.04
-0.414705783884606,6.02651261962971,1,1,"Tcp11l2","C1qb",0.2,0.04
-0.414705783884606,6.02651261962971,1,1,"Gnptab","C1qb",0.2,0.04
-0.414705783884606,6.02651261962971,1,1,"Nedd1","C1qb",0.2,0.04
-0.414705783884606,6.02651261962971,1,1,"Elk3","C1qb",0.2,0.04
-0.414705783884606,6.02651261962971,1,1,"Dnajc14","C1qb",0.2,0.04
-0.414705783884606,6.02651261962971,1,1,"Ash2l","C1qb",0.2,0.04
-0.414705783884606,6.02651261962971,1,1,"Vps37a","C1qb",0.2,0.04
-0.414705783884606,6.02651261962971,1,1,"Msmo1","C1qb",0.2,0.04
-0.414705783884606,6.02651261962971,1,1,"Zfp930","C1qb",0.2,0.04
-0.414705783884606,6.02651261962971,1,1,"Isyna1","C1qb",0.2,0.04
-0.414705783884606,6.02651261962971,1,1,"Zfhx3","C1qb",0.2,0.04
-0.414705783884606,6.02651261962971,1,1,"Rfwd3","C1qb",0.2,0.04
-0.414705783884606,6.02651261962971,1,1,"Dennd6a","C1qb",0.2,0.04
-0.414705783884606,6.02651261962971,1,1,"Ankrd28","C1qb",0.2,0.04
-0.414705783884606,6.02651261962971,1,1,"Wdfy4","C1qb",0.2,0.04
-0.414705783884606,6.02651261962971,1,1,"Tspan14","C1qb",0.2,0.04
-0.414705783884606,6.02651261962971,1,1,"Mre11a","C1qb",0.2,0.04
-0.414705783884606,6.02651261962971,1,1,"Smco4","C1qb",0.2,0.04
-0.414705783884606,6.02651261962971,1,1,"Zbtb44","C1qb",0.2,0.04
-0.414705783884606,6.02651261962971,1,1,"Arhgef12","C1qb",0.2,0.04
-0.414705783884606,6.02651261962971,1,1,"Sik3","C1qb",0.2,0.04
-0.414705783884606,6.02651261962971,1,1,"Rcn2","C1qb",0.2,0.04
-0.414705783884606,6.02651261962971,1,1,"Pdcd7","C1qb",0.2,0.04
-0.414705783884606,6.02651261962971,1,1,"Nudt16","C1qb",0.2,0.04
-0.414705783884606,6.02651261962971,1,1,"Dhx30","C1qb",0.2,0.04
-0.414705783884606,6.02651261962971,1,1,"Dync1li1","C1qb",0.2,0.04
-0.414705783884606,6.02651261962971,1,1,"Gpd1l","C1qb",0.2,0.04
-0.414705783884606,6.02651261962971,1,1,"Wdr48","C1qb",0.2,0.04
-0.414705783884606,6.02651261962971,1,1,"Ap1b1","C1qb",0.2,0.04
-0.414705783884606,6.02651261962971,1,1,"Pttg1","C1qb",0.2,0.04
-0.414705783884606,6.02651261962971,1,1,"Med9","C1qb",0.2,0.04
-0.414705783884606,6.02651261962971,1,1,"Vamp2","C1qb",0.2,0.04
-0.414705783884606,6.02651261962971,1,1,"Trappc1","C1qb",0.2,0.04
-0.414705783884606,6.02651261962971,1,1,"Dlg4","C1qb",0.2,0.04
-0.414705783884606,6.02651261962971,1,1,"Pelp1","C1qb",0.2,0.04
-0.414705783884606,6.02651261962971,1,1,"Trp53i13","C1qb",0.2,0.04
-0.414705783884606,6.02651261962971,1,1,"Stard3","C1qb",0.2,0.04
-0.414705783884606,6.02651261962971,1,1,"Cdc27","C1qb",0.2,0.04
-0.414705783884606,6.02651261962971,1,1,"Fdxr","C1qb",0.2,0.04
-0.414705783884606,6.02651261962971,1,1,"Mrpl38","C1qb",0.2,0.04
-0.414705783884606,6.02651261962971,1,1,"Mfsd11","C1qb",0.2,0.04
-0.414705783884606,6.02651261962971,1,1,"Rptor","C1qb",0.2,0.04
-0.414705783884606,6.02651261962971,1,1,"Fam208b","C1qb",0.2,0.04
-0.414705783884606,6.02651261962971,1,1,"Pitrm1","C1qb",0.2,0.04
-0.414705783884606,6.02651261962971,1,1,"Smn1","C1qb",0.2,0.04
-0.414705783884606,6.02651261962971,1,1,"Zfp131","C1qb",0.2,0.04
-0.414705783884606,6.02651261962971,1,1,"Ap4s1","C1qb",0.2,0.04
-0.414705783884606,6.02651261962971,1,1,"Mark3","C1qb",0.2,0.04
-0.414705783884606,6.02651261962971,1,1,"Zc3h7b","C1qb",0.2,0.04
-0.414705783884606,6.02651261962971,1,1,"Polr3h","C1qb",0.2,0.04
-0.414705783884606,6.02651261962971,1,1,"5031439G07Rik","C1qb",0.2,0.04
-0.414705783884606,6.02651261962971,1,1,"Sbf1","C1qb",0.2,0.04
-0.414705783884606,6.02651261962971,1,1,"Csad","C1qb",0.2,0.04
-0.414705783884606,6.02651261962971,1,1,"Fopnl","C1qb",0.2,0.04
-0.414705783884606,6.02651261962971,1,1,"Ydjc","C1qb",0.2,0.04
-0.414705783884606,6.02651261962971,1,1,"Chmp2b","C1qb",0.2,0.04
-0.414705783884606,6.02651261962971,1,1,"Pigp","C1qb",0.2,0.04
-0.414705783884606,6.02651261962971,1,1,"H2-Q6","C1qb",0.2,0.04
-0.414705783884606,6.02651261962971,1,1,"Ubxn6","C1qb",0.2,0.04
-0.414705783884606,6.02651261962971,1,1,"Dpp9","C1qb",0.2,0.04
-0.414705783884606,6.02651261962971,1,1,"Fez2","C1qb",0.2,0.04
-0.414705783884606,6.02651261962971,1,1,"Cebpzos","C1qb",0.2,0.04
-0.414705783884606,6.02651261962971,1,1,"Elp2","C1qb",0.2,0.04
-0.414705783884606,6.02651261962971,1,1,"Dcp2","C1qb",0.2,0.04
-0.414705783884606,6.02651261962971,1,1,"Slc26a2","C1qb",0.2,0.04
-0.414705783884606,6.02651261962971,1,1,"Mbp","C1qb",0.2,0.04
-0.414705783884606,6.02651261962971,1,1,"Tmx3","C1qb",0.2,0.04
-0.414705783884606,6.02651261962971,1,1,"Rela","C1qb",0.2,0.04
-0.414705783884606,6.02651261962971,1,1,"Cpsf7","C1qb",0.2,0.04
-0.414705783884606,6.02651261962971,1,1,"9930021J03Rik","C1qb",0.2,0.04
-0.414705783884606,6.02651261962971,1,1,"Exosc1","C1qb",0.2,0.04
-0.414705783884606,6.02651261962971,1,1,"Hif1an","C1qb",0.2,0.04
-0.414705783884606,6.02651261962971,1,1,"Sfxn3","C1qb",0.2,0.04
-0.414705783884606,6.02651261962971,1,1,"Wbp1l","C1qb",0.2,0.04
-0.414705783884606,6.02651261962971,1,1,"Zdhhc6","C1qb",0.2,0.04
-0.414705783884606,6.02651261962971,1,1,"Pdzd8","C1qb",0.2,0.04
-0.39811808434146,5.51414777873214,1,1,"Terf1","C1qb",0.2,0.04
-0.39811808434146,5.51414777873214,1,1,"Cnot11","C1qb",0.2,0.04
-0.39811808434146,5.51414777873214,1,1,"Nabp1","C1qb",0.2,0.04
-0.39811808434146,5.51414777873214,1,1,"Gtf3c3","C1qb",0.2,0.04
-0.39811808434146,5.51414777873214,1,1,"Carf","C1qb",0.2,0.04
-0.39811808434146,5.51414777873214,1,1,"D1Ertd622e","C1qb",0.2,0.04
-0.39811808434146,5.51414777873214,1,1,"2310035C23Rik","C1qb",0.2,0.04
-0.39811808434146,5.51414777873214,1,1,"Zcchc2","C1qb",0.2,0.04
-0.39811808434146,5.51414777873214,1,1,"Tmem185b","C1qb",0.2,0.04
-0.39811808434146,5.51414777873214,1,1,"Cd55","C1qb",0.2,0.04
-0.39811808434146,5.51414777873214,1,1,"Ikbke","C1qb",0.2,0.04
-0.39811808434146,5.51414777873214,1,1,"Dstyk","C1qb",0.2,0.04
-0.39811808434146,5.51414777873214,1,1,"Gm10138","C1qb",0.2,0.04
-0.39811808434146,5.51414777873214,1,1,"Blzf1","C1qb",0.2,0.04
-0.39811808434146,5.51414777873214,1,1,"Tada1","C1qb",0.2,0.04
-0.39811808434146,5.51414777873214,1,1,"Cdc42bpa","C1qb",0.2,0.04
-0.39811808434146,5.51414777873214,1,1,"Rcor3","C1qb",0.2,0.04
-0.39811808434146,5.51414777873214,1,1,"Prpf18","C1qb",0.2,0.04
-0.39811808434146,5.51414777873214,1,1,"Optn","C1qb",0.2,0.04
-0.39811808434146,5.51414777873214,1,1,"Usp6nl","C1qb",0.2,0.04
-0.39811808434146,5.51414777873214,1,1,"Pdss1","C1qb",0.2,0.04
-0.39811808434146,5.51414777873214,1,1,"Fbxw5","C1qb",0.2,0.04
-0.39811808434146,5.51414777873214,1,1,"Ralgds","C1qb",0.2,0.04
-0.39811808434146,5.51414777873214,1,1,"Lrrc8a","C1qb",0.2,0.04
-0.39811808434146,5.51414777873214,1,1,"Slc25a25","C1qb",0.2,0.04
-0.39811808434146,5.51414777873214,1,1,"Fpgs","C1qb",0.2,0.04
-0.39811808434146,5.51414777873214,1,1,"Psmd5","C1qb",0.2,0.04
-0.39811808434146,5.51414777873214,1,1,"Zeb2os","C1qb",0.2,0.04
-0.39811808434146,5.51414777873214,1,1,"Sestd1","C1qb",0.2,0.04
-0.39811808434146,5.51414777873214,1,1,"Fnbp4","C1qb",0.2,0.04
-0.39811808434146,5.51414777873214,1,1,"Alkbh3","C1qb",0.2,0.04
-0.39811808434146,5.51414777873214,1,1,"Lgr4","C1qb",0.2,0.04
-0.39811808434146,5.51414777873214,1,1,"Lrrc57","C1qb",0.2,0.04
-0.39811808434146,5.51414777873214,1,1,"Usp50","C1qb",0.2,0.04
-0.39811808434146,5.51414777873214,1,1,"Chchd5","C1qb",0.2,0.04
-0.39811808434146,5.51414777873214,1,1,"Pced1a","C1qb",0.2,0.04
-0.39811808434146,5.51414777873214,1,1,"Acss1","C1qb",0.2,0.04
-0.39811808434146,5.51414777873214,1,1,"Pygb","C1qb",0.2,0.04
-0.39811808434146,5.51414777873214,1,1,"Tgif2","C1qb",0.2,0.04
-0.39811808434146,5.51414777873214,1,1,"2900093K20Rik","C1qb",0.2,0.04
-0.39811808434146,5.51414777873214,1,1,"Dpm1","C1qb",0.2,0.04
-0.39811808434146,5.51414777873214,1,1,"Rae1","C1qb",0.2,0.04
-0.39811808434146,5.51414777873214,1,1,"Gmeb2","C1qb",0.2,0.04
-0.39811808434146,5.51414777873214,1,1,"Jade3","C1qb",0.2,0.04
-0.39811808434146,5.51414777873214,1,1,"Wdr44","C1qb",0.2,0.04
-0.39811808434146,5.51414777873214,1,1,"Mbnl3","C1qb",0.2,0.04
-0.39811808434146,5.51414777873214,1,1,"Rtl8a","C1qb",0.2,0.04
-0.39811808434146,5.51414777873214,1,1,"Mtmr1","C1qb",0.2,0.04
-0.39811808434146,5.51414777873214,1,1,"Haus7","C1qb",0.2,0.04
-0.39811808434146,5.51414777873214,1,1,"Taz","C1qb",0.2,0.04
-0.39811808434146,5.51414777873214,1,1,"Gdi1","C1qb",0.2,0.04
-0.39811808434146,5.51414777873214,1,1,"Fam3a","C1qb",0.2,0.04
-0.39811808434146,5.51414777873214,1,1,"Gab3","C1qb",0.2,0.04
-0.39811808434146,5.51414777873214,1,1,"Prkx","C1qb",0.2,0.04
-0.39811808434146,5.51414777873214,1,1,"Diaph2","C1qb",0.2,0.04
-0.39811808434146,5.51414777873214,1,1,"Gemin8","C1qb",0.2,0.04
-0.39811808434146,5.51414777873214,1,1,"Cog6","C1qb",0.2,0.04
-0.39811808434146,5.51414777873214,1,1,"Etv3","C1qb",0.2,0.04
-0.39811808434146,5.51414777873214,1,1,"Prcc","C1qb",0.2,0.04
-0.39811808434146,5.51414777873214,1,1,"Gpatch4","C1qb",0.2,0.04
-0.39811808434146,5.51414777873214,1,1,"Naxe","C1qb",0.2,0.04
-0.39811808434146,5.51414777873214,1,1,"Tsacc","C1qb",0.2,0.04
-0.39811808434146,5.51414777873214,1,1,"Rit1","C1qb",0.2,0.04
-0.39811808434146,5.51414777873214,1,1,"Pygo2","C1qb",0.2,0.04
-0.39811808434146,5.51414777873214,1,1,"Dennd4b","C1qb",0.2,0.04
-0.39811808434146,5.51414777873214,1,1,"Pi4kb","C1qb",0.2,0.04
-0.39811808434146,5.51414777873214,1,1,"Zfp687","C1qb",0.2,0.04
-0.39811808434146,5.51414777873214,1,1,"Arnt","C1qb",0.2,0.04
-0.39811808434146,5.51414777873214,1,1,"Golph3l","C1qb",0.2,0.04
-0.39811808434146,5.51414777873214,1,1,"Slc22a15","C1qb",0.2,0.04
-0.39811808434146,5.51414777873214,1,1,"Phtf1","C1qb",0.2,0.04
-0.39811808434146,5.51414777873214,1,1,"I830077J02Rik","C1qb",0.2,0.04
-0.39811808434146,5.51414777873214,1,1,"Stxbp3","C1qb",0.2,0.04
-0.39811808434146,5.51414777873214,1,1,"Slc30a7","C1qb",0.2,0.04
-0.39811808434146,5.51414777873214,1,1,"Cdc14a","C1qb",0.2,0.04
-0.39811808434146,5.51414777873214,1,1,"Fpgt","C1qb",0.2,0.04
-0.39811808434146,5.51414777873214,1,1,"Trp53inp1","C1qb",0.2,0.04
-0.39811808434146,5.51414777873214,1,1,"Osgin2","C1qb",0.2,0.04
-0.39811808434146,5.51414777873214,1,1,"Ubap1","C1qb",0.2,0.04
-0.39811808434146,5.51414777873214,1,1,"Galt","C1qb",0.2,0.04
-0.39811808434146,5.51414777873214,1,1,"Polr1e","C1qb",0.2,0.04
-0.39811808434146,5.51414777873214,1,1,"Tlr4","C1qb",0.2,0.04
-0.39811808434146,5.51414777873214,1,1,"Cdk5rap2","C1qb",0.2,0.04
-0.39811808434146,5.51414777873214,1,1,"Megf9","C1qb",0.2,0.04
-0.39811808434146,5.51414777873214,1,1,"Tle1","C1qb",0.2,0.04
-0.39811808434146,5.51414777873214,1,1,"Cntln","C1qb",0.2,0.04
-0.39811808434146,5.51414777873214,1,1,"Haus6","C1qb",0.2,0.04
-0.39811808434146,5.51414777873214,1,1,"Pgm2","C1qb",0.2,0.04
-0.39811808434146,5.51414777873214,1,1,"Slc35d1","C1qb",0.2,0.04
-0.39811808434146,5.51414777873214,1,1,"Cpt2","C1qb",0.2,0.04
-0.39811808434146,5.51414777873214,1,1,"Dph2","C1qb",0.2,0.04
-0.39811808434146,5.51414777873214,1,1,"Trit1","C1qb",0.2,0.04
-0.39811808434146,5.51414777873214,1,1,"Gnl2","C1qb",0.2,0.04
-0.39811808434146,5.51414777873214,1,1,"Snip1","C1qb",0.2,0.04
-0.39811808434146,5.51414777873214,1,1,"Lsm10","C1qb",0.2,0.04
-0.39811808434146,5.51414777873214,1,1,"Ago3","C1qb",0.2,0.04
-0.39811808434146,5.51414777873214,1,1,"S100pbp","C1qb",0.2,0.04
-0.39811808434146,5.51414777873214,1,1,"Themis2","C1qb",0.2,0.04
-0.39811808434146,5.51414777873214,1,1,"Ppp1r8","C1qb",0.2,0.04
-0.39811808434146,5.51414777873214,1,1,"Tmem222","C1qb",0.2,0.04
-0.39811808434146,5.51414777873214,1,1,"Gpn2","C1qb",0.2,0.04
-0.39811808434146,5.51414777873214,1,1,"Pdik1l","C1qb",0.2,0.04
-0.39811808434146,5.51414777873214,1,1,"2810405F17Rik","C1qb",0.2,0.04
-0.39811808434146,5.51414777873214,1,1,"Arhgef10l","C1qb",0.2,0.04
-0.39811808434146,5.51414777873214,1,1,"Zbtb17","C1qb",0.2,0.04
-0.39811808434146,5.51414777873214,1,1,"Zfp991","C1qb",0.2,0.04
-0.39811808434146,5.51414777873214,1,1,"Lrrc47","C1qb",0.2,0.04
-0.39811808434146,5.51414777873214,1,1,"Ints11","C1qb",0.2,0.04
-0.39811808434146,5.51414777873214,1,1,"Pex1","C1qb",0.2,0.04
-0.39811808434146,5.51414777873214,1,1,"Fam185a","C1qb",0.2,0.04
-0.39811808434146,5.51414777873214,1,1,"Rint1","C1qb",0.2,0.04
-0.39811808434146,5.51414777873214,1,1,"2700038G22Rik","C1qb",0.2,0.04
-0.39811808434146,5.51414777873214,1,1,"Fastk","C1qb",0.2,0.04
-0.39811808434146,5.51414777873214,1,1,"Xrcc2","C1qb",0.2,0.04
-0.39811808434146,5.51414777873214,1,1,"Nom1","C1qb",0.2,0.04
-0.39811808434146,5.51414777873214,1,1,"Tbc1d14","C1qb",0.2,0.04
-0.39811808434146,5.51414777873214,1,1,"Man2b2","C1qb",0.2,0.04
-0.39811808434146,5.51414777873214,1,1,"Lias","C1qb",0.2,0.04
-0.39811808434146,5.51414777873214,1,1,"Ugdh","C1qb",0.2,0.04
-0.39811808434146,5.51414777873214,1,1,"Commd8","C1qb",0.2,0.04
-0.39811808434146,5.51414777873214,1,1,"Antxr2","C1qb",0.2,0.04
-0.39811808434146,5.51414777873214,1,1,"Dgkq","C1qb",0.2,0.04
-0.39811808434146,5.51414777873214,1,1,"Tfip11","C1qb",0.2,0.04
-0.39811808434146,5.51414777873214,1,1,"Hps4","C1qb",0.2,0.04
-0.39811808434146,5.51414777873214,1,1,"Sart3","C1qb",0.2,0.04
-0.39811808434146,5.51414777873214,1,1,"2610524H06Rik","C1qb",0.2,0.04
-0.39811808434146,5.51414777873214,1,1,"Rbm19","C1qb",0.2,0.04
-0.39811808434146,5.51414777873214,1,1,"Eif2b1","C1qb",0.2,0.04
-0.39811808434146,5.51414777873214,1,1,"Gtf2ird2","C1qb",0.2,0.04
-0.39811808434146,5.51414777873214,1,1,"Gtf2ird1","C1qb",0.2,0.04
-0.39811808434146,5.51414777873214,1,1,"Hip1","C1qb",0.2,0.04
-0.39811808434146,5.51414777873214,1,1,"Rbak","C1qb",0.2,0.04
-0.39811808434146,5.51414777873214,1,1,"Klhdc10","C1qb",0.2,0.04
-0.39811808434146,5.51414777873214,1,1,"Copg2","C1qb",0.2,0.04
-0.39811808434146,5.51414777873214,1,1,"Agbl3","C1qb",0.2,0.04
-0.39811808434146,5.51414777873214,1,1,"Creb3l2","C1qb",0.2,0.04
-0.39811808434146,5.51414777873214,1,1,"Trim24","C1qb",0.2,0.04
-0.39811808434146,5.51414777873214,1,1,"Ccdc126","C1qb",0.2,0.04
-0.39811808434146,5.51414777873214,1,1,"Avl9","C1qb",0.2,0.04
-0.39811808434146,5.51414777873214,1,1,"Kbtbd2","C1qb",0.2,0.04
-0.39811808434146,5.51414777873214,1,1,"Prdm5","C1qb",0.2,0.04
-0.39811808434146,5.51414777873214,1,1,"Tmem150a","C1qb",0.2,0.04
-0.39811808434146,5.51414777873214,1,1,"Wbp1","C1qb",0.2,0.04
-0.39811808434146,5.51414777873214,1,1,"Eefsec","C1qb",0.2,0.04
-0.39811808434146,5.51414777873214,1,1,"Tmem43","C1qb",0.2,0.04
-0.39811808434146,5.51414777873214,1,1,"Itpr1","C1qb",0.2,0.04
-0.39811808434146,5.51414777873214,1,1,"Acrbp","C1qb",0.2,0.04
-0.39811808434146,5.51414777873214,1,1,"Ncapd2","C1qb",0.2,0.04
-0.39811808434146,5.51414777873214,1,1,"D6Wsu163e","C1qb",0.2,0.04
-0.39811808434146,5.51414777873214,1,1,"Itfg2","C1qb",0.2,0.04
-0.39811808434146,5.51414777873214,1,1,"Zfp606","C1qb",0.2,0.04
-0.39811808434146,5.51414777873214,1,1,"Zfp329","C1qb",0.2,0.04
-0.39811808434146,5.51414777873214,1,1,"Cd3eap","C1qb",0.2,0.04
-0.39811808434146,5.51414777873214,1,1,"Xrcc1","C1qb",0.2,0.04
-0.39811808434146,5.51414777873214,1,1,"BC024978","C1qb",0.2,0.04
-0.39811808434146,5.51414777873214,1,1,"Akt2","C1qb",0.2,0.04
-0.39811808434146,5.51414777873214,1,1,"Eid2","C1qb",0.2,0.04
-0.39811808434146,5.51414777873214,1,1,"Rinl","C1qb",0.2,0.04
-0.39811808434146,5.51414777873214,1,1,"Saal1","C1qb",0.2,0.04
-0.39811808434146,5.51414777873214,1,1,"Htatip2","C1qb",0.2,0.04
-0.39811808434146,5.51414777873214,1,1,"Tmem126b","C1qb",0.2,0.04
-0.39811808434146,5.51414777873214,1,1,"Pcf11","C1qb",0.2,0.04
-0.39811808434146,5.51414777873214,1,1,"Trim5","C1qb",0.2,0.04
-0.39811808434146,5.51414777873214,1,1,"Prkcb","C1qb",0.2,0.04
-0.39811808434146,5.51414777873214,1,1,"Lat","C1qb",0.2,0.04
-0.39811808434146,5.51414777873214,1,1,"AI467606","C1qb",0.2,0.04
-0.39811808434146,5.51414777873214,1,1,"Zfp553","C1qb",0.2,0.04
-0.39811808434146,5.51414777873214,1,1,"Ikzf5","C1qb",0.2,0.04
-0.39811808434146,5.51414777873214,1,1,"Chst15","C1qb",0.2,0.04
-0.39811808434146,5.51414777873214,1,1,"Tubgcp2","C1qb",0.2,0.04
-0.39811808434146,5.51414777873214,1,1,"Mtg1","C1qb",0.2,0.04
-0.39811808434146,5.51414777873214,1,1,"Cars","C1qb",0.2,0.04
-0.39811808434146,5.51414777873214,1,1,"Armt1","C1qb",0.2,0.04
-0.39811808434146,5.51414777873214,1,1,"Amd2","C1qb",0.2,0.04
-0.39811808434146,5.51414777873214,1,1,"Lrrc20","C1qb",0.2,0.04
-0.39811808434146,5.51414777873214,1,1,"Kif1bp","C1qb",0.2,0.04
-0.39811808434146,5.51414777873214,1,1,"Mcm3ap","C1qb",0.2,0.04
-0.39811808434146,5.51414777873214,1,1,"Adarb1","C1qb",0.2,0.04
-0.39811808434146,5.51414777873214,1,1,"Pwp2","C1qb",0.2,0.04
-0.39811808434146,5.51414777873214,1,1,"1600002K03Rik","C1qb",0.2,0.04
-0.39811808434146,5.51414777873214,1,1,"Sppl2b","C1qb",0.2,0.04
-0.39811808434146,5.51414777873214,1,1,"Dapk3","C1qb",0.2,0.04
-0.39811808434146,5.51414777873214,1,1,"Actr6","C1qb",0.2,0.04
-0.39811808434146,5.51414777873214,1,1,"Mbd6","C1qb",0.2,0.04
-0.39811808434146,5.51414777873214,1,1,"Lig4","C1qb",0.2,0.04
-0.39811808434146,5.51414777873214,1,1,"Abhd13","C1qb",0.2,0.04
-0.39811808434146,5.51414777873214,1,1,"Atp11a","C1qb",0.2,0.04
-0.39811808434146,5.51414777873214,1,1,"Tmco3","C1qb",0.2,0.04
-0.39811808434146,5.51414777873214,1,1,"Gm26853","C1qb",0.2,0.04
-0.39811808434146,5.51414777873214,1,1,"Plpp5","C1qb",0.2,0.04
-0.39811808434146,5.51414777873214,1,1,"Ubxn8","C1qb",0.2,0.04
-0.39811808434146,5.51414777873214,1,1,"Micu3","C1qb",0.2,0.04
-0.39811808434146,5.51414777873214,1,1,"Dctd","C1qb",0.2,0.04
-0.39811808434146,5.51414777873214,1,1,"Galnt7","C1qb",0.2,0.04
-0.39811808434146,5.51414777873214,1,1,"Cbr4","C1qb",0.2,0.04
-0.39811808434146,5.51414777873214,1,1,"Zfp866","C1qb",0.2,0.04
-0.39811808434146,5.51414777873214,1,1,"Crtc1","C1qb",0.2,0.04
-0.39811808434146,5.51414777873214,1,1,"Fcho1","C1qb",0.2,0.04
-0.39811808434146,5.51414777873214,1,1,"Zfp617","C1qb",0.2,0.04
-0.39811808434146,5.51414777873214,1,1,"Hmgxb4","C1qb",0.2,0.04
-0.39811808434146,5.51414777873214,1,1,"Tom1","C1qb",0.2,0.04
-0.39811808434146,5.51414777873214,1,1,"Phkb","C1qb",0.2,0.04
-0.39811808434146,5.51414777873214,1,1,"Cklf","C1qb",0.2,0.04
-0.39811808434146,5.51414777873214,1,1,"Utp4","C1qb",0.2,0.04
-0.39811808434146,5.51414777873214,1,1,"Dhx38","C1qb",0.2,0.04
-0.39811808434146,5.51414777873214,1,1,"Fuk","C1qb",0.2,0.04
-0.39811808434146,5.51414777873214,1,1,"Zfp1","C1qb",0.2,0.04
-0.39811808434146,5.51414777873214,1,1,"Galns","C1qb",0.2,0.04
-0.39811808434146,5.51414777873214,1,1,"Fanca","C1qb",0.2,0.04
-0.39811808434146,5.51414777873214,1,1,"Gas8","C1qb",0.2,0.04
-0.39811808434146,5.51414777873214,1,1,"Urb2","C1qb",0.2,0.04
-0.39811808434146,5.51414777873214,1,1,"Kctd6","C1qb",0.2,0.04
-0.39811808434146,5.51414777873214,1,1,"Nkiras1","C1qb",0.2,0.04
-0.39811808434146,5.51414777873214,1,1,"Ccdc66","C1qb",0.2,0.04
-0.39811808434146,5.51414777873214,1,1,"Gch1","C1qb",0.2,0.04
-0.39811808434146,5.51414777873214,1,1,"Ap5m1","C1qb",0.2,0.04
-0.39811808434146,5.51414777873214,1,1,"Zfp219","C1qb",0.2,0.04
-0.39811808434146,5.51414777873214,1,1,"Rabggta","C1qb",0.2,0.04
-0.39811808434146,5.51414777873214,1,1,"Khnyn","C1qb",0.2,0.04
-0.39811808434146,5.51414777873214,1,1,"Cryl1","C1qb",0.2,0.04
-0.39811808434146,5.51414777873214,1,1,"Slc25a30","C1qb",0.2,0.04
-0.39811808434146,5.51414777873214,1,1,"Lacc1","C1qb",0.2,0.04
-0.39811808434146,5.51414777873214,1,1,"Abcc4","C1qb",0.2,0.04
-0.39811808434146,5.51414777873214,1,1,"Rap2a","C1qb",0.2,0.04
-0.39811808434146,5.51414777873214,1,1,"Cep57","C1qb",0.2,0.04
-0.39811808434146,5.51414777873214,1,1,"Pus3","C1qb",0.2,0.04
-0.39811808434146,5.51414777873214,1,1,"Msantd2","C1qb",0.2,0.04
-0.39811808434146,5.51414777873214,1,1,"Sc5d","C1qb",0.2,0.04
-0.39811808434146,5.51414777873214,1,1,"Hinfp","C1qb",0.2,0.04
-0.39811808434146,5.51414777873214,1,1,"Bcl9l","C1qb",0.2,0.04
-0.39811808434146,5.51414777873214,1,1,"Zw10","C1qb",0.2,0.04
-0.39811808434146,5.51414777873214,1,1,"Fdxacb1","C1qb",0.2,0.04
-0.39811808434146,5.51414777873214,1,1,"Ddx10","C1qb",0.2,0.04
-0.39811808434146,5.51414777873214,1,1,"Glce","C1qb",0.2,0.04
-0.39811808434146,5.51414777873214,1,1,"2300009A05Rik","C1qb",0.2,0.04
-0.39811808434146,5.51414777873214,1,1,"Map2k1","C1qb",0.2,0.04
-0.39811808434146,5.51414777873214,1,1,"Fam214a","C1qb",0.2,0.04
-0.39811808434146,5.51414777873214,1,1,"Nt5e","C1qb",0.2,0.04
-0.39811808434146,5.51414777873214,1,1,"Abhd14b","C1qb",0.2,0.04
-0.39811808434146,5.51414777873214,1,1,"Rbm15b","C1qb",0.2,0.04
-0.39811808434146,5.51414777873214,1,1,"Klhdc8b","C1qb",0.2,0.04
-0.39811808434146,5.51414777873214,1,1,"Clasp2","C1qb",0.2,0.04
-0.39811808434146,5.51414777873214,1,1,"Itga9","C1qb",0.2,0.04
-0.39811808434146,5.51414777873214,1,1,"Pes1","C1qb",0.2,0.04
-0.39811808434146,5.51414777873214,1,1,"Ccdc117","C1qb",0.2,0.04
-0.39811808434146,5.51414777873214,1,1,"Acyp2","C1qb",0.2,0.04
-0.39811808434146,5.51414777873214,1,1,"Erlec1","C1qb",0.2,0.04
-0.39811808434146,5.51414777873214,1,1,"Stk10","C1qb",0.2,0.04
-0.39811808434146,5.51414777873214,1,1,"Cdkn2aipnl","C1qb",0.2,0.04
-0.39811808434146,5.51414777873214,1,1,"Galnt10","C1qb",0.2,0.04
-0.39811808434146,5.51414777873214,1,1,"Aldh3a2","C1qb",0.2,0.04
-0.39811808434146,5.51414777873214,1,1,"Adprm","C1qb",0.2,0.04
-0.39811808434146,5.51414777873214,1,1,"Acap1","C1qb",0.2,0.04
-0.39811808434146,5.51414777873214,1,1,"Acadvl","C1qb",0.2,0.04
-0.39811808434146,5.51414777873214,1,1,"Mis12","C1qb",0.2,0.04
-0.39811808434146,5.51414777873214,1,1,"Ctns","C1qb",0.2,0.04
-0.39811808434146,5.51414777873214,1,1,"Git1","C1qb",0.2,0.04
-0.39811808434146,5.51414777873214,1,1,"Pigs","C1qb",0.2,0.04
-0.39811808434146,5.51414777873214,1,1,"Tnfaip1","C1qb",0.2,0.04
-0.39811808434146,5.51414777873214,1,1,"Nf1","C1qb",0.2,0.04
-0.39811808434146,5.51414777873214,1,1,"Zfp830","C1qb",0.2,0.04
-0.39811808434146,5.51414777873214,1,1,"Pigw","C1qb",0.2,0.04
-0.39811808434146,5.51414777873214,1,1,"Znhit3","C1qb",0.2,0.04
-0.39811808434146,5.51414777873214,1,1,"Akap1","C1qb",0.2,0.04
-0.39811808434146,5.51414777873214,1,1,"Cox11","C1qb",0.2,0.04
-0.39811808434146,5.51414777873214,1,1,"Snx11","C1qb",0.2,0.04
-0.39811808434146,5.51414777873214,1,1,"Osbpl7","C1qb",0.2,0.04
-0.39811808434146,5.51414777873214,1,1,"Gm11713","C1qb",0.2,0.04
-0.39811808434146,5.51414777873214,1,1,"Prkca","C1qb",0.2,0.04
-0.39811808434146,5.51414777873214,1,1,"Exoc7","C1qb",0.2,0.04
-0.39811808434146,5.51414777873214,1,1,"Rnf157","C1qb",0.2,0.04
-0.39811808434146,5.51414777873214,1,1,"Dcxr","C1qb",0.2,0.04
-0.39811808434146,5.51414777873214,1,1,"Wdr45b","C1qb",0.2,0.04
-0.39811808434146,5.51414777873214,1,1,"Tbcd","C1qb",0.2,0.04
-0.39811808434146,5.51414777873214,1,1,"Mtr","C1qb",0.2,0.04
-0.39811808434146,5.51414777873214,1,1,"Aoah","C1qb",0.2,0.04
-0.39811808434146,5.51414777873214,1,1,"Zfp184","C1qb",0.2,0.04
-0.39811808434146,5.51414777873214,1,1,"Abt1","C1qb",0.2,0.04
-0.39811808434146,5.51414777873214,1,1,"Hist1h1c","C1qb",0.2,0.04
-0.39811808434146,5.51414777873214,1,1,"Mrs2","C1qb",0.2,0.04
-0.39811808434146,5.51414777873214,1,1,"Nqo2","C1qb",0.2,0.04
-0.39811808434146,5.51414777873214,1,1,"Smim13","C1qb",0.2,0.04
-0.39811808434146,5.51414777873214,1,1,"Hivep1","C1qb",0.2,0.04
-0.39811808434146,5.51414777873214,1,1,"Rnf44","C1qb",0.2,0.04
-0.39811808434146,5.51414777873214,1,1,"Zfp874a","C1qb",0.2,0.04
-0.39811808434146,5.51414777873214,1,1,"Zfp65","C1qb",0.2,0.04
-0.39811808434146,5.51414777873214,1,1,"Papd7","C1qb",0.2,0.04
-0.39811808434146,5.51414777873214,1,1,"Ell2","C1qb",0.2,0.04
-0.39811808434146,5.51414777873214,1,1,"Homer1","C1qb",0.2,0.04
-0.39811808434146,5.51414777873214,1,1,"Enc1","C1qb",0.2,0.04
-0.39811808434146,5.51414777873214,1,1,"Mast4","C1qb",0.2,0.04
-0.39811808434146,5.51414777873214,1,1,"Trim23","C1qb",0.2,0.04
-0.39811808434146,5.51414777873214,1,1,"Atxn7l1","C1qb",0.2,0.04
-0.39811808434146,5.51414777873214,1,1,"Slc38a6","C1qb",0.2,0.04
-0.39811808434146,5.51414777873214,1,1,"Eif2b2","C1qb",0.2,0.04
-0.39811808434146,5.51414777873214,1,1,"Ttll5","C1qb",0.2,0.04
-0.39811808434146,5.51414777873214,1,1,"Spata7","C1qb",0.2,0.04
-0.39811808434146,5.51414777873214,1,1,"Rps6ka5","C1qb",0.2,0.04
-0.39811808434146,5.51414777873214,1,1,"Atg2b","C1qb",0.2,0.04
-0.39811808434146,5.51414777873214,1,1,"Gpr132","C1qb",0.2,0.04
-0.39811808434146,5.51414777873214,1,1,"Rai14","C1qb",0.2,0.04
-0.39811808434146,5.51414777873214,1,1,"Tars","C1qb",0.2,0.04
-0.39811808434146,5.51414777873214,1,1,"Zfp622","C1qb",0.2,0.04
-0.39811808434146,5.51414777873214,1,1,"Ebag9","C1qb",0.2,0.04
-0.39811808434146,5.51414777873214,1,1,"Wdyhv1","C1qb",0.2,0.04
-0.39811808434146,5.51414777873214,1,1,"Ptk2","C1qb",0.2,0.04
-0.39811808434146,5.51414777873214,1,1,"Zfp41","C1qb",0.2,0.04
-0.39811808434146,5.51414777873214,1,1,"Ccdc166","C1qb",0.2,0.04
-0.39811808434146,5.51414777873214,1,1,"Adck5","C1qb",0.2,0.04
-0.39811808434146,5.51414777873214,1,1,"Lrrc14","C1qb",0.2,0.04
-0.39811808434146,5.51414777873214,1,1,"Csf2rb2","C1qb",0.2,0.04
-0.39811808434146,5.51414777873214,1,1,"Pla2g6","C1qb",0.2,0.04
-0.39811808434146,5.51414777873214,1,1,"Xpnpep3","C1qb",0.2,0.04
-0.39811808434146,5.51414777873214,1,1,"Pmm1","C1qb",0.2,0.04
-0.39811808434146,5.51414777873214,1,1,"Serhl","C1qb",0.2,0.04
-0.39811808434146,5.51414777873214,1,1,"Hdac10","C1qb",0.2,0.04
-0.39811808434146,5.51414777873214,1,1,"Arsa","C1qb",0.2,0.04
-0.39811808434146,5.51414777873214,1,1,"Mefv","C1qb",0.2,0.04
-0.39811808434146,5.51414777873214,1,1,"Dnaja3","C1qb",0.2,0.04
-0.39811808434146,5.51414777873214,1,1,"Pi4ka","C1qb",0.2,0.04
-0.39811808434146,5.51414777873214,1,1,"Tbccd1","C1qb",0.2,0.04
-0.39811808434146,5.51414777873214,1,1,"Wdr53","C1qb",0.2,0.04
-0.39811808434146,5.51414777873214,1,1,"Tfrc","C1qb",0.2,0.04
-0.39811808434146,5.51414777873214,1,1,"Tnk2","C1qb",0.2,0.04
-0.39811808434146,5.51414777873214,1,1,"Rubcn","C1qb",0.2,0.04
-0.39811808434146,5.51414777873214,1,1,"Lrch3","C1qb",0.2,0.04
-0.39811808434146,5.51414777873214,1,1,"Cd200r1","C1qb",0.2,0.04
-0.39811808434146,5.51414777873214,1,1,"Nfkbiz","C1qb",0.2,0.04
-0.39811808434146,5.51414777873214,1,1,"Nsun3","C1qb",0.2,0.04
-0.39811808434146,5.51414777873214,1,1,"Cbr1","C1qb",0.2,0.04
-0.39811808434146,5.51414777873214,1,1,"Chaf1b","C1qb",0.2,0.04
-0.39811808434146,5.51414777873214,1,1,"Ermard","C1qb",0.2,0.04
-0.39811808434146,5.51414777873214,1,1,"Zfp945","C1qb",0.2,0.04
-0.39811808434146,5.51414777873214,1,1,"Flywch1","C1qb",0.2,0.04
-0.39811808434146,5.51414777873214,1,1,"Tsr3","C1qb",0.2,0.04
-0.39811808434146,5.51414777873214,1,1,"Haghl","C1qb",0.2,0.04
-0.39811808434146,5.51414777873214,1,1,"Lemd2","C1qb",0.2,0.04
-0.39811808434146,5.51414777873214,1,1,"Fgd2","C1qb",0.2,0.04
-0.39811808434146,5.51414777873214,1,1,"Btbd9","C1qb",0.2,0.04
-0.39811808434146,5.51414777873214,1,1,"Slc37a1","C1qb",0.2,0.04
-0.39811808434146,5.51414777873214,1,1,"Dxo","C1qb",0.2,0.04
-0.39811808434146,5.51414777873214,1,1,"Ier3","C1qb",0.2,0.04
-0.39811808434146,5.51414777873214,1,1,"Trim39","C1qb",0.2,0.04
-0.39811808434146,5.51414777873214,1,1,"Morn2","C1qb",0.2,0.04
-0.39811808434146,5.51414777873214,1,1,"Rbbp8","C1qb",0.2,0.04
-0.39811808434146,5.51414777873214,1,1,"Riok3","C1qb",0.2,0.04
-0.39811808434146,5.51414777873214,1,1,"Fam53c","C1qb",0.2,0.04
-0.39811808434146,5.51414777873214,1,1,"0610009O20Rik","C1qb",0.2,0.04
-0.39811808434146,5.51414777873214,1,1,"Aldh7a1","C1qb",0.2,0.04
-0.39811808434146,5.51414777873214,1,1,"Slc12a2","C1qb",0.2,0.04
-0.39811808434146,5.51414777873214,1,1,"Hmgxb3","C1qb",0.2,0.04
-0.39811808434146,5.51414777873214,1,1,"Grpel2","C1qb",0.2,0.04
-0.39811808434146,5.51414777873214,1,1,"Chmp1b","C1qb",0.2,0.04
-0.39811808434146,5.51414777873214,1,1,"Cxxc1","C1qb",0.2,0.04
-0.39811808434146,5.51414777873214,1,1,"Dym","C1qb",0.2,0.04
-0.39811808434146,5.51414777873214,1,1,"Adnp2","C1qb",0.2,0.04
-0.39811808434146,5.51414777873214,1,1,"Zadh2","C1qb",0.2,0.04
-0.39811808434146,5.51414777873214,1,1,"Socs6","C1qb",0.2,0.04
-0.39811808434146,5.51414777873214,1,1,"Aip","C1qb",0.2,0.04
-0.39811808434146,5.51414777873214,1,1,"Vps51","C1qb",0.2,0.04
-0.39811808434146,5.51414777873214,1,1,"Macrod1","C1qb",0.2,0.04
-0.39811808434146,5.51414777873214,1,1,"Fads1","C1qb",0.2,0.04
-0.39811808434146,5.51414777873214,1,1,"1110059E24Rik","C1qb",0.2,0.04
-0.39811808434146,5.51414777873214,1,1,"Jak2","C1qb",0.2,0.04
-0.39811808434146,5.51414777873214,1,1,"Papss2","C1qb",0.2,0.04
-0.39811808434146,5.51414777873214,1,1,"Rpp30","C1qb",0.2,0.04
-0.39811808434146,5.51414777873214,1,1,"Cpeb3","C1qb",0.2,0.04
-0.39811808434146,5.51414777873214,1,1,"Noc3l","C1qb",0.2,0.04
-0.39811808434146,5.51414777873214,1,1,"Cutc","C1qb",0.2,0.04
-0.39811808434146,5.51414777873214,1,1,"Taf5","C1qb",0.2,0.04
-0.168378723738699,7.87250951832891,1,1,"Myh9","C1qb",0.2,0.04
0.0969904379166823,7.842443089154,1,1,"Grb2","C1qb",0.2,0.04
0.0969904379166823,7.842443089154,1,1,"Snrpd1","C1qb",0.2,0.04
0.0642017744533914,7.75614272946388,1,1,"Tmem256","C1qb",0.2,0.04
3.44979904103078,5.03869924191337,1,1,"Arid5a","C1qb",0.2,0.04
3.44979904103078,5.03869924191337,1,1,"Gm16152","C1qb",0.2,0.04
3.44979904103078,5.03869924191337,1,1,"Tbc1d8","C1qb",0.2,0.04
3.44979904103078,5.03869924191337,1,1,"Il1r2","C1qb",0.2,0.04
3.44979904103078,5.03869924191337,1,1,"Kdelc1","C1qb",0.2,0.04
3.44979904103078,5.03869924191337,1,1,"Slc39a10","C1qb",0.2,0.04
3.44979904103078,5.03869924191337,1,1,"Osgepl1","C1qb",0.2,0.04
3.44979904103078,5.03869924191337,1,1,"Aox2","C1qb",0.2,0.04
3.44979904103078,5.03869924191337,1,1,"Fastkd2","C1qb",0.2,0.04
3.44979904103078,5.03869924191337,1,1,"Pecr","C1qb",0.2,0.04
3.44979904103078,5.03869924191337,1,1,"Xrcc5","C1qb",0.2,0.04
3.44979904103078,5.03869924191337,1,1,"Cyp27a1","C1qb",0.2,0.04
3.44979904103078,5.03869924191337,1,1,"Wnt6","C1qb",0.2,0.04
3.44979904103078,5.03869924191337,1,1,"Ankzf1","C1qb",0.2,0.04
3.44979904103078,5.03869924191337,1,1,"Epha4","C1qb",0.2,0.04
3.44979904103078,5.03869924191337,1,1,"Rhbdd1","C1qb",0.2,0.04
3.44979904103078,5.03869924191337,1,1,"Fbxo36","C1qb",0.2,0.04
3.44979904103078,5.03869924191337,1,1,"C130026I21Rik","C1qb",0.2,0.04
3.44979904103078,5.03869924191337,1,1,"Armc9","C1qb",0.2,0.04
3.44979904103078,5.03869924191337,1,1,"Dnajb3","C1qb",0.2,0.04
3.44979904103078,5.03869924191337,1,1,"Serpinb8","C1qb",0.2,0.04
3.44979904103078,5.03869924191337,1,1,"Pfkfb2","C1qb",0.2,0.04
3.44979904103078,5.03869924191337,1,1,"F5","C1qb",0.2,0.04
3.44979904103078,5.03869924191337,1,1,"Fcrlb","C1qb",0.2,0.04
3.44979904103078,5.03869924191337,1,1,"Nectin4","C1qb",0.2,0.04
3.44979904103078,5.03869924191337,1,1,"Tstd1","C1qb",0.2,0.04
3.44979904103078,5.03869924191337,1,1,"Alyref2","C1qb",0.2,0.04
3.44979904103078,5.03869924191337,1,1,"Slamf7","C1qb",0.2,0.04
3.44979904103078,5.03869924191337,1,1,"Slamf1","C1qb",0.2,0.04
3.44979904103078,5.03869924191337,1,1,"Slamf6","C1qb",0.2,0.04
3.44979904103078,5.03869924191337,1,1,"Ifi214","C1qb",0.2,0.04
3.44979904103078,5.03869924191337,1,1,"Ifi208","C1qb",0.2,0.04
3.44979904103078,5.03869924191337,1,1,"Chml","C1qb",0.2,0.04
3.44979904103078,5.03869924191337,1,1,"Fbxo28","C1qb",0.2,0.04
3.44979904103078,5.03869924191337,1,1,"Lamb3","C1qb",0.2,0.04
3.44979904103078,5.03869924191337,1,1,"Dclre1c","C1qb",0.2,0.04
3.44979904103078,5.03869924191337,1,1,"Itga8","C1qb",0.2,0.04
3.44979904103078,5.03869924191337,1,1,"Nsun6","C1qb",0.2,0.04
3.44979904103078,5.03869924191337,1,1,"Thnsl1","C1qb",0.2,0.04
3.44979904103078,5.03869924191337,1,1,"Tor4a","C1qb",0.2,0.04
3.44979904103078,5.03869924191337,1,1,"Dpp7","C1qb",0.2,0.04
3.44979904103078,5.03869924191337,1,1,"1810012K08Rik","C1qb",0.2,0.04
3.44979904103078,5.03869924191337,1,1,"Coq4","C1qb",0.2,0.04
3.44979904103078,5.03869924191337,1,1,"Urm1","C1qb",0.2,0.04
3.44979904103078,5.03869924191337,1,1,"Asb6","C1qb",0.2,0.04
3.44979904103078,5.03869924191337,1,1,"Fam102a","C1qb",0.2,0.04
3.44979904103078,5.03869924191337,1,1,"Zbtb43","C1qb",0.2,0.04
3.44979904103078,5.03869924191337,1,1,"Gm13431","C1qb",0.2,0.04
3.44979904103078,5.03869924191337,1,1,"Zbtb6","C1qb",0.2,0.04
3.44979904103078,5.03869924191337,1,1,"Pkp4","C1qb",0.2,0.04
3.44979904103078,5.03869924191337,1,1,"Mettl5os","C1qb",0.2,0.04
3.44979904103078,5.03869924191337,1,1,"Ttc30b","C1qb",0.2,0.04
3.44979904103078,5.03869924191337,1,1,"Ttc30a1","C1qb",0.2,0.04
3.44979904103078,5.03869924191337,1,1,"Cerkl","C1qb",0.2,0.04
3.44979904103078,5.03869924191337,1,1,"Rapsn","C1qb",0.2,0.04
3.44979904103078,5.03869924191337,1,1,"Gm13889","C1qb",0.2,0.04
3.44979904103078,5.03869924191337,1,1,"Ttc17","C1qb",0.2,0.04
3.44979904103078,5.03869924191337,1,1,"Arl14ep","C1qb",0.2,0.04
3.44979904103078,5.03869924191337,1,1,"Chst14","C1qb",0.2,0.04
3.44979904103078,5.03869924191337,1,1,"Mapkbp1","C1qb",0.2,0.04
3.44979904103078,5.03869924191337,1,1,"Jmjd7","C1qb",0.2,0.04
3.44979904103078,5.03869924191337,1,1,"Capn3","C1qb",0.2,0.04
3.44979904103078,5.03869924191337,1,1,"Haus2","C1qb",0.2,0.04
3.44979904103078,5.03869924191337,1,1,"Lcmt2","C1qb",0.2,0.04
3.44979904103078,5.03869924191337,1,1,"Patl2","C1qb",0.2,0.04
3.44979904103078,5.03869924191337,1,1,"Dtwd1","C1qb",0.2,0.04
3.44979904103078,5.03869924191337,1,1,"Gabpb1","C1qb",0.2,0.04
3.44979904103078,5.03869924191337,1,1,"Ap5s1","C1qb",0.2,0.04
3.44979904103078,5.03869924191337,1,1,"Btbd3","C1qb",0.2,0.04
3.44979904103078,5.03869924191337,1,1,"Ralgapa2","C1qb",0.2,0.04
3.44979904103078,5.03869924191337,1,1,"Thbd","C1qb",0.2,0.04
3.44979904103078,5.03869924191337,1,1,"Napb","C1qb",0.2,0.04
3.44979904103078,5.03869924191337,1,1,"Gm21994","C1qb",0.2,0.04
3.44979904103078,5.03869924191337,1,1,"Gm14154","C1qb",0.2,0.04
3.44979904103078,5.03869924191337,1,1,"Srxn1","C1qb",0.2,0.04
3.44979904103078,5.03869924191337,1,1,"Mcts2","C1qb",0.2,0.04
3.44979904103078,5.03869924191337,1,1,"Tspyl3","C1qb",0.2,0.04
3.44979904103078,5.03869924191337,1,1,"Procr","C1qb",0.2,0.04
3.44979904103078,5.03869924191337,1,1,"Cnbd2","C1qb",0.2,0.04
3.44979904103078,5.03869924191337,1,1,"Zswim3","C1qb",0.2,0.04
3.44979904103078,5.03869924191337,1,1,"Slc13a3","C1qb",0.2,0.04
3.44979904103078,5.03869924191337,1,1,"A530013C23Rik","C1qb",0.2,0.04
3.44979904103078,5.03869924191337,1,1,"Ripor3","C1qb",0.2,0.04
3.44979904103078,5.03869924191337,1,1,"Sycp2","C1qb",0.2,0.04
3.44979904103078,5.03869924191337,1,1,"Fam217b","C1qb",0.2,0.04
3.44979904103078,5.03869924191337,1,1,"Taf4","C1qb",0.2,0.04
3.44979904103078,5.03869924191337,1,1,"Zfp512b","C1qb",0.2,0.04
3.44979904103078,5.03869924191337,1,1,"Usp27x","C1qb",0.2,0.04
3.44979904103078,5.03869924191337,1,1,"Cask","C1qb",0.2,0.04
3.44979904103078,5.03869924191337,1,1,"Usp11","C1qb",0.2,0.04
3.44979904103078,5.03869924191337,1,1,"Zfp182","C1qb",0.2,0.04
3.44979904103078,5.03869924191337,1,1,"Rnf113a1","C1qb",0.2,0.04
3.44979904103078,5.03869924191337,1,1,"Fam122b","C1qb",0.2,0.04
3.44979904103078,5.03869924191337,1,1,"Nsdhl","C1qb",0.2,0.04
3.44979904103078,5.03869924191337,1,1,"F8a","C1qb",0.2,0.04
3.44979904103078,5.03869924191337,1,1,"Plxnb3","C1qb",0.2,0.04
3.44979904103078,5.03869924191337,1,1,"Efnb1","C1qb",0.2,0.04
3.44979904103078,5.03869924191337,1,1,"Awat1","C1qb",0.2,0.04
3.44979904103078,5.03869924191337,1,1,"Slc16a2","C1qb",0.2,0.04
3.44979904103078,5.03869924191337,1,1,"Sytl4","C1qb",0.2,0.04
3.44979904103078,5.03869924191337,1,1,"Rbm41","C1qb",0.2,0.04
3.44979904103078,5.03869924191337,1,1,"Atg4a","C1qb",0.2,0.04
3.44979904103078,5.03869924191337,1,1,"A230072E10Rik","C1qb",0.2,0.04
3.44979904103078,5.03869924191337,1,1,"Ribc1","C1qb",0.2,0.04
3.44979904103078,5.03869924191337,1,1,"Map3k15","C1qb",0.2,0.04
3.44979904103078,5.03869924191337,1,1,"Gm8797","C1qb",0.2,0.04
3.44979904103078,5.03869924191337,1,1,"Zbtb10","C1qb",0.2,0.04
3.44979904103078,5.03869924191337,1,1,"Sirpb1a","C1qb",0.2,0.04
3.44979904103078,5.03869924191337,1,1,"Sirpb1b","C1qb",0.2,0.04
3.44979904103078,5.03869924191337,1,1,"Gm43672","C1qb",0.2,0.04
3.44979904103078,5.03869924191337,1,1,"Eif5a2","C1qb",0.2,0.04
3.44979904103078,5.03869924191337,1,1,"Prkci","C1qb",0.2,0.04
3.44979904103078,5.03869924191337,1,1,"Zmat3","C1qb",0.2,0.04
3.44979904103078,5.03869924191337,1,1,"Mfsd8","C1qb",0.2,0.04
3.44979904103078,5.03869924191337,1,1,"Maml3","C1qb",0.2,0.04
3.44979904103078,5.03869924191337,1,1,"Gm43570","C1qb",0.2,0.04
3.44979904103078,5.03869924191337,1,1,"Gm37035","C1qb",0.2,0.04
3.44979904103078,5.03869924191337,1,1,"Mlf1","C1qb",0.2,0.04
3.44979904103078,5.03869924191337,1,1,"Tmem154","C1qb",0.2,0.04
3.44979904103078,5.03869924191337,1,1,"Arhgef11","C1qb",0.2,0.04
3.44979904103078,5.03869924191337,1,1,"Sema4a","C1qb",0.2,0.04
3.44979904103078,5.03869924191337,1,1,"Msto1","C1qb",0.2,0.04
3.44979904103078,5.03869924191337,1,1,"Efna1","C1qb",0.2,0.04
3.44979904103078,5.03869924191337,1,1,"Flad1","C1qb",0.2,0.04
3.44979904103078,5.03869924191337,1,1,"6330562C20Rik","C1qb",0.2,0.04
3.44979904103078,5.03869924191337,1,1,"Gm26594","C1qb",0.2,0.04
3.44979904103078,5.03869924191337,1,1,"Gm42743","C1qb",0.2,0.04
3.44979904103078,5.03869924191337,1,1,"Wars2","C1qb",0.2,0.04
3.44979904103078,5.03869924191337,1,1,"Cd101","C1qb",0.2,0.04
3.44979904103078,5.03869924191337,1,1,"St7l","C1qb",0.2,0.04
3.44979904103078,5.03869924191337,1,1,"Ddx20","C1qb",0.2,0.04
3.44979904103078,5.03869924191337,1,1,"Ovgp1","C1qb",0.2,0.04
3.44979904103078,5.03869924191337,1,1,"Kcna2","C1qb",0.2,0.04
3.44979904103078,5.03869924191337,1,1,"Gstm7","C1qb",0.2,0.04
3.44979904103078,5.03869924191337,1,1,"Gstm4","C1qb",0.2,0.04
3.44979904103078,5.03869924191337,1,1,"Cyb561d1","C1qb",0.2,0.04
3.44979904103078,5.03869924191337,1,1,"Atxn7l2","C1qb",0.2,0.04
3.44979904103078,5.03869924191337,1,1,"Dbt","C1qb",0.2,0.04
3.44979904103078,5.03869924191337,1,1,"Snx7","C1qb",0.2,0.04
3.44979904103078,5.03869924191337,1,1,"Alg14","C1qb",0.2,0.04
3.44979904103078,5.03869924191337,1,1,"Slc39a8","C1qb",0.2,0.04
3.44979904103078,5.03869924191337,1,1,"Trmt10a","C1qb",0.2,0.04
3.44979904103078,5.03869924191337,1,1,"Gbp5","C1qb",0.2,0.04
3.44979904103078,5.03869924191337,1,1,"Kyat3","C1qb",0.2,0.04
3.44979904103078,5.03869924191337,1,1,"Cryz","C1qb",0.2,0.04
3.44979904103078,5.03869924191337,1,1,"Ndufaf6","C1qb",0.2,0.04
3.44979904103078,5.03869924191337,1,1,"Rragd","C1qb",0.2,0.04
3.44979904103078,5.03869924191337,1,1,"3110043O21Rik","C1qb",0.2,0.04
3.44979904103078,5.03869924191337,1,1,"Nol6","C1qb",0.2,0.04
3.44979904103078,5.03869924191337,1,1,"Rusc2","C1qb",0.2,0.04
3.44979904103078,5.03869924191337,1,1,"Ccdc180","C1qb",0.2,0.04
3.44979904103078,5.03869924191337,1,1,"Tdrd7","C1qb",0.2,0.04
3.44979904103078,5.03869924191337,1,1,"Galnt12","C1qb",0.2,0.04
3.44979904103078,5.03869924191337,1,1,"Slc31a2","C1qb",0.2,0.04
3.44979904103078,5.03869924191337,1,1,"Caap1","C1qb",0.2,0.04
3.44979904103078,5.03869924191337,1,1,"Efcab7","C1qb",0.2,0.04
3.44979904103078,5.03869924191337,1,1,"Ipp","C1qb",0.2,0.04
3.44979904103078,5.03869924191337,1,1,"Ermap","C1qb",0.2,0.04
3.44979904103078,5.03869924191337,1,1,"Zc3h12a","C1qb",0.2,0.04
3.44979904103078,5.03869924191337,1,1,"Ncdn","C1qb",0.2,0.04
3.44979904103078,5.03869924191337,1,1,"Sesn2","C1qb",0.2,0.04
3.44979904103078,5.03869924191337,1,1,"Sfn","C1qb",0.2,0.04
3.44979904103078,5.03869924191337,1,1,"Pigv","C1qb",0.2,0.04
3.44979904103078,5.03869924191337,1,1,"Rhd","C1qb",0.2,0.04
3.44979904103078,5.03869924191337,1,1,"Wnt4","C1qb",0.2,0.04
3.44979904103078,5.03869924191337,1,1,"2310026L22Rik","C1qb",0.2,0.04
3.44979904103078,5.03869924191337,1,1,"Otud3","C1qb",0.2,0.04
3.44979904103078,5.03869924191337,1,1,"2700016F22Rik","C1qb",0.2,0.04
3.44979904103078,5.03869924191337,1,1,"Dnajc16","C1qb",0.2,0.04
3.44979904103078,5.03869924191337,1,1,"Fhad1","C1qb",0.2,0.04
3.44979904103078,5.03869924191337,1,1,"Pramef8","C1qb",0.2,0.04
3.44979904103078,5.03869924191337,1,1,"Vps13d","C1qb",0.2,0.04
3.44979904103078,5.03869924191337,1,1,"Masp2","C1qb",0.2,0.04
3.44979904103078,5.03869924191337,1,1,"Gm13203","C1qb",0.2,0.04
3.44979904103078,5.03869924191337,1,1,"Gm13205","C1qb",0.2,0.04
3.44979904103078,5.03869924191337,1,1,"Slc35e2","C1qb",0.2,0.04
3.44979904103078,5.03869924191337,1,1,"Tmem240","C1qb",0.2,0.04
3.44979904103078,5.03869924191337,1,1,"Plekhn1","C1qb",0.2,0.04
3.44979904103078,5.03869924191337,1,1,"2510017J16Rik","C1qb",0.2,0.04
3.44979904103078,5.03869924191337,1,1,"Mterf1a","C1qb",0.2,0.04
3.44979904103078,5.03869924191337,1,1,"Gm8953","C1qb",0.2,0.04
3.44979904103078,5.03869924191337,1,1,"Orc5","C1qb",0.2,0.04
3.44979904103078,5.03869924191337,1,1,"Actr3b","C1qb",0.2,0.04
3.44979904103078,5.03869924191337,1,1,"Gm43660","C1qb",0.2,0.04
3.44979904103078,5.03869924191337,1,1,"Afap1","C1qb",0.2,0.04
3.44979904103078,5.03869924191337,1,1,"Zbtb49","C1qb",0.2,0.04
3.44979904103078,5.03869924191337,1,1,"Clnk","C1qb",0.2,0.04
3.44979904103078,5.03869924191337,1,1,"5730480H06Rik","C1qb",0.2,0.04
3.44979904103078,5.03869924191337,1,1,"Zcchc4","C1qb",0.2,0.04
3.44979904103078,5.03869924191337,1,1,"Pcdh7","C1qb",0.2,0.04
3.44979904103078,5.03869924191337,1,1,"0610040J01Rik","C1qb",0.2,0.04
3.44979904103078,5.03869924191337,1,1,"Rasl11b","C1qb",0.2,0.04
3.44979904103078,5.03869924191337,1,1,"C530008M17Rik","C1qb",0.2,0.04
3.44979904103078,5.03869924191337,1,1,"Gm9958","C1qb",0.2,0.04
3.44979904103078,5.03869924191337,1,1,"Gbp8","C1qb",0.2,0.04
3.44979904103078,5.03869924191337,1,1,"Lrrc8d","C1qb",0.2,0.04
3.44979904103078,5.03869924191337,1,1,"Gm17655","C1qb",0.2,0.04
3.44979904103078,5.03869924191337,1,1,"Srrd","C1qb",0.2,0.04
3.44979904103078,5.03869924191337,1,1,"Ficd","C1qb",0.2,0.04
3.44979904103078,5.03869924191337,1,1,"Tmem119","C1qb",0.2,0.04
3.44979904103078,5.03869924191337,1,1,"Coq5","C1qb",0.2,0.04
3.44979904103078,5.03869924191337,1,1,"1110006O24Rik","C1qb",0.2,0.04
3.44979904103078,5.03869924191337,1,1,"Gm14508","C1qb",0.2,0.04
3.44979904103078,5.03869924191337,1,1,"Vsig10","C1qb",0.2,0.04
3.44979904103078,5.03869924191337,1,1,"Fbxw8","C1qb",0.2,0.04
3.44979904103078,5.03869924191337,1,1,"Rnf34","C1qb",0.2,0.04
3.44979904103078,5.03869924191337,1,1,"AI480526","C1qb",0.2,0.04
3.44979904103078,5.03869924191337,1,1,"Gm38102","C1qb",0.2,0.04
3.44979904103078,5.03869924191337,1,1,"Ccdc62","C1qb",0.2,0.04
3.44979904103078,5.03869924191337,1,1,"Pitpnm2","C1qb",0.2,0.04
3.44979904103078,5.03869924191337,1,1,"Psph","C1qb",0.2,0.04
3.44979904103078,5.03869924191337,1,1,"Nupr1l","C1qb",0.2,0.04
3.44979904103078,5.03869924191337,1,1,"Dtx2","C1qb",0.2,0.04
3.44979904103078,5.03869924191337,1,1,"Fam20c","C1qb",0.2,0.04
3.44979904103078,5.03869924191337,1,1,"3110082I17Rik","C1qb",0.2,0.04
3.44979904103078,5.03869924191337,1,1,"Zfand2a","C1qb",0.2,0.04
3.44979904103078,5.03869924191337,1,1,"Snx8","C1qb",0.2,0.04
3.44979904103078,5.03869924191337,1,1,"Chst12","C1qb",0.2,0.04
3.44979904103078,5.03869924191337,1,1,"Lfng","C1qb",0.2,0.04
3.44979904103078,5.03869924191337,1,1,"Brat1","C1qb",0.2,0.04
3.44979904103078,5.03869924191337,1,1,"Rasl11a","C1qb",0.2,0.04
3.44979904103078,5.03869924191337,1,1,"Flt1","C1qb",0.2,0.04
3.44979904103078,5.03869924191337,1,1,"Gm15408","C1qb",0.2,0.04
3.44979904103078,5.03869924191337,1,1,"Uspl1","C1qb",0.2,0.04
3.44979904103078,5.03869924191337,1,1,"Gcc1","C1qb",0.2,0.04
3.44979904103078,5.03869924191337,1,1,"Mkln1os","C1qb",0.2,0.04
3.44979904103078,5.03869924191337,1,1,"4930599N23Rik","C1qb",0.2,0.04
3.44979904103078,5.03869924191337,1,1,"Arhgef5","C1qb",0.2,0.04
3.44979904103078,5.03869924191337,1,1,"Lrrc61","C1qb",0.2,0.04
3.44979904103078,5.03869924191337,1,1,"Gimap6","C1qb",0.2,0.04
3.44979904103078,5.03869924191337,1,1,"Nod1","C1qb",0.2,0.04
3.44979904103078,5.03869924191337,1,1,"Herc6","C1qb",0.2,0.04
3.44979904103078,5.03869924191337,1,1,"Snca","C1qb",0.2,0.04
3.44979904103078,5.03869924191337,1,1,"St3gal5","C1qb",0.2,0.04
3.44979904103078,5.03869924191337,1,1,"Lbx2","C1qb",0.2,0.04
3.44979904103078,5.03869924191337,1,1,"Rab11fip5","C1qb",0.2,0.04
3.44979904103078,5.03869924191337,1,1,"Gm43936","C1qb",0.2,0.04
3.44979904103078,5.03869924191337,1,1,"Aldh1l1","C1qb",0.2,0.04
3.44979904103078,5.03869924191337,1,1,"Kbtbd8","C1qb",0.2,0.04
3.44979904103078,5.03869924191337,1,1,"Chl1","C1qb",0.2,0.04
3.44979904103078,5.03869924191337,1,1,"Bhlhe40","C1qb",0.2,0.04
3.44979904103078,5.03869924191337,1,1,"Vhl","C1qb",0.2,0.04
3.44979904103078,5.03869924191337,1,1,"Gm26982","C1qb",0.2,0.04
3.44979904103078,5.03869924191337,1,1,"Ccdc77","C1qb",0.2,0.04
3.44979904103078,5.03869924191337,1,1,"Pex26","C1qb",0.2,0.04
3.44979904103078,5.03869924191337,1,1,"Slc2a3","C1qb",0.2,0.04
3.44979904103078,5.03869924191337,1,1,"Necap1","C1qb",0.2,0.04
3.44979904103078,5.03869924191337,1,1,"Iffo1","C1qb",0.2,0.04
3.44979904103078,5.03869924191337,1,1,"Vamp1","C1qb",0.2,0.04
3.44979904103078,5.03869924191337,1,1,"Tulp3","C1qb",0.2,0.04
3.44979904103078,5.03869924191337,1,1,"Gm15987","C1qb",0.2,0.04
3.44979904103078,5.03869924191337,1,1,"Klra17","C1qb",0.2,0.04
3.44979904103078,5.03869924191337,1,1,"Fam234b","C1qb",0.2,0.04
3.44979904103078,5.03869924191337,1,1,"Leng9","C1qb",0.2,0.04
3.44979904103078,5.03869924191337,1,1,"Dnaaf3","C1qb",0.2,0.04
3.44979904103078,5.03869924191337,1,1,"Dhx34","C1qb",0.2,0.04
3.44979904103078,5.03869924191337,1,1,"Ccdc9","C1qb",0.2,0.04
3.44979904103078,5.03869924191337,1,1,"Ccdc8","C1qb",0.2,0.04
3.44979904103078,5.03869924191337,1,1,"1700058P15Rik","C1qb",0.2,0.04
3.44979904103078,5.03869924191337,1,1,"Ercc1","C1qb",0.2,0.04
3.44979904103078,5.03869924191337,1,1,"Bloc1s3","C1qb",0.2,0.04
3.44979904103078,5.03869924191337,1,1,"Relb","C1qb",0.2,0.04
3.44979904103078,5.03869924191337,1,1,"Zfp61","C1qb",0.2,0.04
3.44979904103078,5.03869924191337,1,1,"Plaur","C1qb",0.2,0.04
3.44979904103078,5.03869924191337,1,1,"Cd177","C1qb",0.2,0.04
3.44979904103078,5.03869924191337,1,1,"Ceacam10","C1qb",0.2,0.04
3.44979904103078,5.03869924191337,1,1,"9130221H12Rik","C1qb",0.2,0.04
3.44979904103078,5.03869924191337,1,1,"Erf","C1qb",0.2,0.04
3.44979904103078,5.03869924191337,1,1,"Lipe","C1qb",0.2,0.04
3.44979904103078,5.03869924191337,1,1,"Tmem91","C1qb",0.2,0.04
3.44979904103078,5.03869924191337,1,1,"Rab4b","C1qb",0.2,0.04
3.44979904103078,5.03869924191337,1,1,"Itpkc","C1qb",0.2,0.04
3.44979904103078,5.03869924191337,1,1,"Dyrk1b","C1qb",0.2,0.04
3.44979904103078,5.03869924191337,1,1,"Rasgrp4","C1qb",0.2,0.04
3.44979904103078,5.03869924191337,1,1,"1110035H17Rik","C1qb",0.2,0.04
3.44979904103078,5.03869924191337,1,1,"Spred3","C1qb",0.2,0.04
3.44979904103078,5.03869924191337,1,1,"Sipa1l3","C1qb",0.2,0.04
3.44979904103078,5.03869924191337,1,1,"Lin37","C1qb",0.2,0.04
3.44979904103078,5.03869924191337,1,1,"Zfp619","C1qb",0.2,0.04
3.44979904103078,5.03869924191337,1,1,"Gm37494","C1qb",0.2,0.04
3.44979904103078,5.03869924191337,1,1,"Siglecf","C1qb",0.2,0.04
3.44979904103078,5.03869924191337,1,1,"Josd2","C1qb",0.2,0.04
3.44979904103078,5.03869924191337,1,1,"Prrg2","C1qb",0.2,0.04
3.44979904103078,5.03869924191337,1,1,"Mrgpra2b","C1qb",0.2,0.04
3.44979904103078,5.03869924191337,1,1,"Nav2","C1qb",0.2,0.04
3.44979904103078,5.03869924191337,1,1,"Mctp2","C1qb",0.2,0.04
3.44979904103078,5.03869924191337,1,1,"Det1","C1qb",0.2,0.04
3.44979904103078,5.03869924191337,1,1,"Isg20","C1qb",0.2,0.04
3.44979904103078,5.03869924191337,1,1,"Pex11a","C1qb",0.2,0.04
3.44979904103078,5.03869924191337,1,1,"Fsd2","C1qb",0.2,0.04
3.44979904103078,5.03869924191337,1,1,"Dlg2","C1qb",0.2,0.04
3.44979904103078,5.03869924191337,1,1,"Usp35","C1qb",0.2,0.04
3.44979904103078,5.03869924191337,1,1,"Dgat2","C1qb",0.2,0.04
3.44979904103078,5.03869924191337,1,1,"Neu3","C1qb",0.2,0.04
3.44979904103078,5.03869924191337,1,1,"Ucp3","C1qb",0.2,0.04
3.44979904103078,5.03869924191337,1,1,"Pde2a","C1qb",0.2,0.04
3.44979904103078,5.03869924191337,1,1,"Trim68","C1qb",0.2,0.04
3.44979904103078,5.03869924191337,1,1,"Trim3","C1qb",0.2,0.04
3.44979904103078,5.03869924191337,1,1,"Rrp8","C1qb",0.2,0.04
3.44979904103078,5.03869924191337,1,1,"Zfp768","C1qb",0.2,0.04
3.44979904103078,5.03869924191337,1,1,"Zfp646","C1qb",0.2,0.04
3.44979904103078,5.03869924191337,1,1,"Kat8","C1qb",0.2,0.04
3.44979904103078,5.03869924191337,1,1,"Gm49368","C1qb",0.2,0.04
3.44979904103078,5.03869924191337,1,1,"Itgax","C1qb",0.2,0.04
3.44979904103078,5.03869924191337,1,1,"9130023H24Rik","C1qb",0.2,0.04
3.44979904103078,5.03869924191337,1,1,"Bag3","C1qb",0.2,0.04
3.44979904103078,5.03869924191337,1,1,"Gm10584","C1qb",0.2,0.04
3.44979904103078,5.03869924191337,1,1,"Pkp3","C1qb",0.2,0.04
3.44979904103078,5.03869924191337,1,1,"Prr33","C1qb",0.2,0.04
3.44979904103078,5.03869924191337,1,1,"Oprm1","C1qb",0.2,0.04
3.44979904103078,5.03869924191337,1,1,"Cnksr3","C1qb",0.2,0.04
3.44979904103078,5.03869924191337,1,1,"Slc2a12","C1qb",0.2,0.04
3.44979904103078,5.03869924191337,1,1,"Arg1","C1qb",0.2,0.04
3.44979904103078,5.03869924191337,1,1,"Hddc2","C1qb",0.2,0.04
3.44979904103078,5.03869924191337,1,1,"Smpd2","C1qb",0.2,0.04
3.44979904103078,5.03869924191337,1,1,"Afg1l","C1qb",0.2,0.04
3.44979904103078,5.03869924191337,1,1,"Pdss2","C1qb",0.2,0.04
3.44979904103078,5.03869924191337,1,1,"Gm9803","C1qb",0.2,0.04
3.44979904103078,5.03869924191337,1,1,"Crybg1","C1qb",0.2,0.04
3.44979904103078,5.03869924191337,1,1,"Gm35154","C1qb",0.2,0.04
3.44979904103078,5.03869924191337,1,1,"Gm49339","C1qb",0.2,0.04
3.44979904103078,5.03869924191337,1,1,"Hsf2","C1qb",0.2,0.04
3.44979904103078,5.03869924191337,1,1,"Dnajc12","C1qb",0.2,0.04
3.44979904103078,5.03869924191337,1,1,"Icosl","C1qb",0.2,0.04
3.44979904103078,5.03869924191337,1,1,"Mier2","C1qb",0.2,0.04
3.44979904103078,5.03869924191337,1,1,"Gzmm","C1qb",0.2,0.04
3.44979904103078,5.03869924191337,1,1,"Gm48551","C1qb",0.2,0.04
3.44979904103078,5.03869924191337,1,1,"Cfap54","C1qb",0.2,0.04
3.44979904103078,5.03869924191337,1,1,"Lemd3","C1qb",0.2,0.04
3.44979904103078,5.03869924191337,1,1,"Atp23","C1qb",0.2,0.04
3.44979904103078,5.03869924191337,1,1,"Ankrd52","C1qb",0.2,0.04
3.44979904103078,5.03869924191337,1,1,"Erbb3","C1qb",0.2,0.04
3.44979904103078,5.03869924191337,1,1,"Insr","C1qb",0.2,0.04
3.44979904103078,5.03869924191337,1,1,"Mcoln1","C1qb",0.2,0.04
3.44979904103078,5.03869924191337,1,1,"Retn","C1qb",0.2,0.04
3.44979904103078,5.03869924191337,1,1,"Fcor","C1qb",0.2,0.04
3.44979904103078,5.03869924191337,1,1,"Gm5608","C1qb",0.2,0.04
3.44979904103078,5.03869924191337,1,1,"Erich1","C1qb",0.2,0.04
3.44979904103078,5.03869924191337,1,1,"Xkr5","C1qb",0.2,0.04
3.44979904103078,5.03869924191337,1,1,"Ckap2","C1qb",0.2,0.04
3.44979904103078,5.03869924191337,1,1,"Smim19","C1qb",0.2,0.04
3.44979904103078,5.03869924191337,1,1,"Polb","C1qb",0.2,0.04
3.44979904103078,5.03869924191337,1,1,"Gm26909","C1qb",0.2,0.04
3.44979904103078,5.03869924191337,1,1,"Plekha2","C1qb",0.2,0.04
3.44979904103078,5.03869924191337,1,1,"Gm45250","C1qb",0.2,0.04
3.44979904103078,5.03869924191337,1,1,"Zfp703","C1qb",0.2,0.04
3.44979904103078,5.03869924191337,1,1,"Brf2","C1qb",0.2,0.04
3.44979904103078,5.03869924191337,1,1,"Tti2","C1qb",0.2,0.04
3.44979904103078,5.03869924191337,1,1,"Ppp1r3b","C1qb",0.2,0.04
3.44979904103078,5.03869924191337,1,1,"Rfxank","C1qb",0.2,0.04
3.44979904103078,5.03869924191337,1,1,"Slc25a42","C1qb",0.2,0.04
3.44979904103078,5.03869924191337,1,1,"2010320M18Rik","C1qb",0.2,0.04
3.44979904103078,5.03869924191337,1,1,"Med26","C1qb",0.2,0.04
3.44979904103078,5.03869924191337,1,1,"Gypa","C1qb",0.2,0.04
3.44979904103078,5.03869924191337,1,1,"Rnf150","C1qb",0.2,0.04
3.44979904103078,5.03869924191337,1,1,"Adgre5","C1qb",0.2,0.04
3.44979904103078,5.03869924191337,1,1,"Gcdh","C1qb",0.2,0.04
3.44979904103078,5.03869924191337,1,1,"Tk2","C1qb",0.2,0.04
3.44979904103078,5.03869924191337,1,1,"Rrad","C1qb",0.2,0.04
3.44979904103078,5.03869924191337,1,1,"Pard6a","C1qb",0.2,0.04
3.44979904103078,5.03869924191337,1,1,"Txnl4b","C1qb",0.2,0.04
3.44979904103078,5.03869924191337,1,1,"Osgin1","C1qb",0.2,0.04
3.44979904103078,5.03869924191337,1,1,"Spata2l","C1qb",0.2,0.04
3.44979904103078,5.03869924191337,1,1,"Rhou","C1qb",0.2,0.04
3.44979904103078,5.03869924191337,1,1,"Sipa1l2","C1qb",0.2,0.04
3.44979904103078,5.03869924191337,1,1,"2610044O15Rik8","C1qb",0.2,0.04
3.44979904103078,5.03869924191337,1,1,"Gm32856","C1qb",0.2,0.04
3.44979904103078,5.03869924191337,1,1,"Nudt13","C1qb",0.2,0.04
3.44979904103078,5.03869924191337,1,1,"2810402E24Rik","C1qb",0.2,0.04
3.44979904103078,5.03869924191337,1,1,"Hesx1","C1qb",0.2,0.04
3.44979904103078,5.03869924191337,1,1,"Nrg3","C1qb",0.2,0.04
3.44979904103078,5.03869924191337,1,1,"Ptger2","C1qb",0.2,0.04
3.44979904103078,5.03869924191337,1,1,"Dlgap5","C1qb",0.2,0.04
3.44979904103078,5.03869924191337,1,1,"Fbxo34","C1qb",0.2,0.04
3.44979904103078,5.03869924191337,1,1,"Atg14","C1qb",0.2,0.04
3.44979904103078,5.03869924191337,1,1,"Ang","C1qb",0.2,0.04
3.44979904103078,5.03869924191337,1,1,"Tinf2","C1qb",0.2,0.04
3.44979904103078,5.03869924191337,1,1,"Sdr39u1","C1qb",0.2,0.04
3.44979904103078,5.03869924191337,1,1,"Rcbtb1","C1qb",0.2,0.04
3.44979904103078,5.03869924191337,1,1,"Phf11a","C1qb",0.2,0.04
3.44979904103078,5.03869924191337,1,1,"Gm5464","C1qb",0.2,0.04
3.44979904103078,5.03869924191337,1,1,"Ppp3cc","C1qb",0.2,0.04
3.44979904103078,5.03869924191337,1,1,"Rubcnl","C1qb",0.2,0.04
3.44979904103078,5.03869924191337,1,1,"Kbtbd6","C1qb",0.2,0.04
3.44979904103078,5.03869924191337,1,1,"Acod1","C1qb",0.2,0.04
3.44979904103078,5.03869924191337,1,1,"AC114585.1","C1qb",0.2,0.04
3.44979904103078,5.03869924191337,1,1,"Tgds","C1qb",0.2,0.04
3.44979904103078,5.03869924191337,1,1,"Dzip1","C1qb",0.2,0.04
3.44979904103078,5.03869924191337,1,1,"Tmtc4","C1qb",0.2,0.04
3.44979904103078,5.03869924191337,1,1,"Mmp27","C1qb",0.2,0.04
3.44979904103078,5.03869924191337,1,1,"Trpc6","C1qb",0.2,0.04
3.44979904103078,5.03869924191337,1,1,"Jrkl","C1qb",0.2,0.04
3.44979904103078,5.03869924191337,1,1,"Endod1","C1qb",0.2,0.04
3.44979904103078,5.03869924191337,1,1,"Slc36a4","C1qb",0.2,0.04
3.44979904103078,5.03869924191337,1,1,"Zfp560","C1qb",0.2,0.04
3.44979904103078,5.03869924191337,1,1,"Gm16845","C1qb",0.2,0.04
3.44979904103078,5.03869924191337,1,1,"Prdm10","C1qb",0.2,0.04
3.44979904103078,5.03869924191337,1,1,"Foxred1","C1qb",0.2,0.04
3.44979904103078,5.03869924191337,1,1,"Fam118b","C1qb",0.2,0.04
3.44979904103078,5.03869924191337,1,1,"Pate2","C1qb",0.2,0.04
3.44979904103078,5.03869924191337,1,1,"Spa17","C1qb",0.2,0.04
3.44979904103078,5.03869924191337,1,1,"Tbcel","C1qb",0.2,0.04
3.44979904103078,5.03869924191337,1,1,"Gm48604","C1qb",0.2,0.04
3.44979904103078,5.03869924191337,1,1,"Ccdc84","C1qb",0.2,0.04
3.44979904103078,5.03869924191337,1,1,"1110032A03Rik","C1qb",0.2,0.04
3.44979904103078,5.03869924191337,1,1,"Gm16124","C1qb",0.2,0.04
3.44979904103078,5.03869924191337,1,1,"9230112J17Rik","C1qb",0.2,0.04
3.44979904103078,5.03869924191337,1,1,"Zfp609","C1qb",0.2,0.04
3.44979904103078,5.03869924191337,1,1,"Ccnb2","C1qb",0.2,0.04
3.44979904103078,5.03869924191337,1,1,"Ccpg1os","C1qb",0.2,0.04
3.44979904103078,5.03869924191337,1,1,"1190002N15Rik","C1qb",0.2,0.04
3.44979904103078,5.03869924191337,1,1,"BC043934","C1qb",0.2,0.04
3.44979904103078,5.03869924191337,1,1,"Gm1123","C1qb",0.2,0.04
3.44979904103078,5.03869924191337,1,1,"Acad11","C1qb",0.2,0.04
3.44979904103078,5.03869924191337,1,1,"Aste1","C1qb",0.2,0.04
3.44979904103078,5.03869924191337,1,1,"Ppm1m","C1qb",0.2,0.04
3.44979904103078,5.03869924191337,1,1,"Poc1a","C1qb",0.2,0.04
3.44979904103078,5.03869924191337,1,1,"Traip","C1qb",0.2,0.04
3.44979904103078,5.03869924191337,1,1,"Ccrl2","C1qb",0.2,0.04
3.44979904103078,5.03869924191337,1,1,"Cmtm8","C1qb",0.2,0.04
3.44979904103078,5.03869924191337,1,1,"Csrnp1","C1qb",0.2,0.04
3.44979904103078,5.03869924191337,1,1,"Vipr1","C1qb",0.2,0.04
3.44979904103078,5.03869924191337,1,1,"Polm","C1qb",0.2,0.04
3.44979904103078,5.03869924191337,1,1,"Gm16140","C1qb",0.2,0.04
3.44979904103078,5.03869924191337,1,1,"Wdpcp","C1qb",0.2,0.04
3.44979904103078,5.03869924191337,1,1,"Nprl3","C1qb",0.2,0.04
3.44979904103078,5.03869924191337,1,1,"Mpg","C1qb",0.2,0.04
3.44979904103078,5.03869924191337,1,1,"4933415A04Rik","C1qb",0.2,0.04
3.44979904103078,5.03869924191337,1,1,"Havcr2","C1qb",0.2,0.04
3.44979904103078,5.03869924191337,1,1,"Psme2b","C1qb",0.2,0.04
3.44979904103078,5.03869924191337,1,1,"Tgtp2","C1qb",0.2,0.04
3.44979904103078,5.03869924191337,1,1,"Gm12216","C1qb",0.2,0.04
3.44979904103078,5.03869924191337,1,1,"Iba57","C1qb",0.2,0.04
3.44979904103078,5.03869924191337,1,1,"Grap","C1qb",0.2,0.04
3.44979904103078,5.03869924191337,1,1,"Gm26964","C1qb",0.2,0.04
3.44979904103078,5.03869924191337,1,1,"Gm12278","C1qb",0.2,0.04
3.44979904103078,5.03869924191337,1,1,"2810001G20Rik","C1qb",0.2,0.04
3.44979904103078,5.03869924191337,1,1,"Gas7","C1qb",0.2,0.04
3.44979904103078,5.03869924191337,1,1,"Pik3r6","C1qb",0.2,0.04
3.44979904103078,5.03869924191337,1,1,"Chd3os","C1qb",0.2,0.04
3.44979904103078,5.03869924191337,1,1,"Zmynd15","C1qb",0.2,0.04
3.44979904103078,5.03869924191337,1,1,"Kif1c","C1qb",0.2,0.04
3.44979904103078,5.03869924191337,1,1,"Scarf1","C1qb",0.2,0.04
3.44979904103078,5.03869924191337,1,1,"Gemin4","C1qb",0.2,0.04
3.44979904103078,5.03869924191337,1,1,"Tlcd1","C1qb",0.2,0.04
3.44979904103078,5.03869924191337,1,1,"BC030499","C1qb",0.2,0.04
3.44979904103078,5.03869924191337,1,1,"Aldoc","C1qb",0.2,0.04
3.44979904103078,5.03869924191337,1,1,"Adap2os","C1qb",0.2,0.04
3.44979904103078,5.03869924191337,1,1,"Gm11423","C1qb",0.2,0.04
3.44979904103078,5.03869924191337,1,1,"Lig3","C1qb",0.2,0.04
3.44979904103078,5.03869924191337,1,1,"Wfdc21","C1qb",0.2,0.04
3.44979904103078,5.03869924191337,1,1,"Usp32","C1qb",0.2,0.04
3.44979904103078,5.03869924191337,1,1,"Tbx2","C1qb",0.2,0.04
3.44979904103078,5.03869924191337,1,1,"Gdpd1","C1qb",0.2,0.04
3.44979904103078,5.03869924191337,1,1,"Trim37","C1qb",0.2,0.04
3.44979904103078,5.03869924191337,1,1,"Ppm1e","C1qb",0.2,0.04
3.44979904103078,5.03869924191337,1,1,"Nme2","C1qb",0.2,0.04
3.44979904103078,5.03869924191337,1,1,"Abcc3","C1qb",0.2,0.04
3.44979904103078,5.03869924191337,1,1,"Hoxb3","C1qb",0.2,0.04
3.44979904103078,5.03869924191337,1,1,"Sp2","C1qb",0.2,0.04
3.44979904103078,5.03869924191337,1,1,"Mllt6","C1qb",0.2,0.04
3.44979904103078,5.03869924191337,1,1,"Plxdc1","C1qb",0.2,0.04
3.44979904103078,5.03869924191337,1,1,"Gm12359","C1qb",0.2,0.04
3.44979904103078,5.03869924191337,1,1,"Rara","C1qb",0.2,0.04
3.44979904103078,5.03869924191337,1,1,"Tns4","C1qb",0.2,0.04
3.44979904103078,5.03869924191337,1,1,"Hap1","C1qb",0.2,0.04
3.44979904103078,5.03869924191337,1,1,"Nt5c3b","C1qb",0.2,0.04
3.44979904103078,5.03869924191337,1,1,"Arhgap27","C1qb",0.2,0.04
3.44979904103078,5.03869924191337,1,1,"Taco1os","C1qb",0.2,0.04
3.44979904103078,5.03869924191337,1,1,"Kpna2","C1qb",0.2,0.04
3.44979904103078,5.03869924191337,1,1,"Tsen54","C1qb",0.2,0.04
3.44979904103078,5.03869924191337,1,1,"Tha1","C1qb",0.2,0.04
3.44979904103078,5.03869924191337,1,1,"Sgsh","C1qb",0.2,0.04
3.44979904103078,5.03869924191337,1,1,"Tspan10","C1qb",0.2,0.04
3.44979904103078,5.03869924191337,1,1,"Slc16a3","C1qb",0.2,0.04
3.44979904103078,5.03869924191337,1,1,"Ogfod3","C1qb",0.2,0.04
3.44979904103078,5.03869924191337,1,1,"Hexdc","C1qb",0.2,0.04
3.44979904103078,5.03869924191337,1,1,"Wdr37","C1qb",0.2,0.04
3.44979904103078,5.03869924191337,1,1,"Hist1h3d","C1qb",0.2,0.04
3.44979904103078,5.03869924191337,1,1,"Hist1h1e","C1qb",0.2,0.04
3.44979904103078,5.03869924191337,1,1,"Cmah","C1qb",0.2,0.04
3.44979904103078,5.03869924191337,1,1,"Rpp40","C1qb",0.2,0.04
3.44979904103078,5.03869924191337,1,1,"Lyrm4","C1qb",0.2,0.04
3.44979904103078,5.03869924191337,1,1,"Bloc1s5","C1qb",0.2,0.04
3.44979904103078,5.03869924191337,1,1,"Sirt5","C1qb",0.2,0.04
3.44979904103078,5.03869924191337,1,1,"4930453C13Rik","C1qb",0.2,0.04
3.44979904103078,5.03869924191337,1,1,"Fam8a1","C1qb",0.2,0.04
3.44979904103078,5.03869924191337,1,1,"Nfil3","C1qb",0.2,0.04
3.44979904103078,5.03869924191337,1,1,"Cplx2","C1qb",0.2,0.04
3.44979904103078,5.03869924191337,1,1,"Fancc","C1qb",0.2,0.04
3.44979904103078,5.03869924191337,1,1,"Zfp748","C1qb",0.2,0.04
3.44979904103078,5.03869924191337,1,1,"Mtrr","C1qb",0.2,0.04
3.44979904103078,5.03869924191337,1,1,"Adamts6","C1qb",0.2,0.04
3.44979904103078,5.03869924191337,1,1,"Plpp1","C1qb",0.2,0.04
3.44979904103078,5.03869924191337,1,1,"Mocs2","C1qb",0.2,0.04
3.44979904103078,5.03869924191337,1,1,"Itga2","C1qb",0.2,0.04
3.44979904103078,5.03869924191337,1,1,"Parp8","C1qb",0.2,0.04
3.44979904103078,5.03869924191337,1,1,"Tmem267","C1qb",0.2,0.04
3.44979904103078,5.03869924191337,1,1,"BC147527","C1qb",0.2,0.04
3.44979904103078,5.03869924191337,1,1,"E2f6","C1qb",0.2,0.04
3.44979904103078,5.03869924191337,1,1,"Ahr","C1qb",0.2,0.04
3.44979904103078,5.03869924191337,1,1,"Togaram1","C1qb",0.2,0.04
3.44979904103078,5.03869924191337,1,1,"Pole2","C1qb",0.2,0.04
3.44979904103078,5.03869924191337,1,1,"Klhdc1","C1qb",0.2,0.04
3.44979904103078,5.03869924191337,1,1,"Vcpkmt","C1qb",0.2,0.04
3.44979904103078,5.03869924191337,1,1,"Pcnx4","C1qb",0.2,0.04
3.44979904103078,5.03869924191337,1,1,"Trmt5","C1qb",0.2,0.04
3.44979904103078,5.03869924191337,1,1,"Ppp2r5e","C1qb",0.2,0.04
3.44979904103078,5.03869924191337,1,1,"Abcd4","C1qb",0.2,0.04
3.44979904103078,5.03869924191337,1,1,"Mlh3","C1qb",0.2,0.04
3.44979904103078,5.03869924191337,1,1,"Ttc7b","C1qb",0.2,0.04
3.44979904103078,5.03869924191337,1,1,"Gpr68","C1qb",0.2,0.04
3.44979904103078,5.03869924191337,1,1,"Serpina3b","C1qb",0.2,0.04
3.44979904103078,5.03869924191337,1,1,"Exoc3l4","C1qb",0.2,0.04
3.44979904103078,5.03869924191337,1,1,"Zbtb42","C1qb",0.2,0.04
3.44979904103078,5.03869924191337,1,1,"Ighv1-23","C1qb",0.2,0.04
3.44979904103078,5.03869924191337,1,1,"Zfp386","C1qb",0.2,0.04
3.44979904103078,5.03869924191337,1,1,"Fbxo4","C1qb",0.2,0.04
3.44979904103078,5.03869924191337,1,1,"Retreg1","C1qb",0.2,0.04
3.44979904103078,5.03869924191337,1,1,"Pop1","C1qb",0.2,0.04
3.44979904103078,5.03869924191337,1,1,"Gm48960","C1qb",0.2,0.04
3.44979904103078,5.03869924191337,1,1,"Slc25a32","C1qb",0.2,0.04
3.44979904103078,5.03869924191337,1,1,"Trib1","C1qb",0.2,0.04
3.44979904103078,5.03869924191337,1,1,"Fam84b","C1qb",0.2,0.04
3.44979904103078,5.03869924191337,1,1,"Tmem71","C1qb",0.2,0.04
3.44979904103078,5.03869924191337,1,1,"Jrk","C1qb",0.2,0.04
3.44979904103078,5.03869924191337,1,1,"Ankrd54","C1qb",0.2,0.04
3.44979904103078,5.03869924191337,1,1,"Cby1","C1qb",0.2,0.04
3.44979904103078,5.03869924191337,1,1,"Tab1","C1qb",0.2,0.04
3.44979904103078,5.03869924191337,1,1,"Grap2","C1qb",0.2,0.04
3.44979904103078,5.03869924191337,1,1,"Gm20324","C1qb",0.2,0.04
3.44979904103078,5.03869924191337,1,1,"Tbc1d22a","C1qb",0.2,0.04
3.44979904103078,5.03869924191337,1,1,"1810021B22Rik","C1qb",0.2,0.04
3.44979904103078,5.03869924191337,1,1,"Shank3","C1qb",0.2,0.04
3.44979904103078,5.03869924191337,1,1,"Lrrk2","C1qb",0.2,0.04
3.44979904103078,5.03869924191337,1,1,"AC161165.6","C1qb",0.2,0.04
3.44979904103078,5.03869924191337,1,1,"Spryd3","C1qb",0.2,0.04
3.44979904103078,5.03869924191337,1,1,"Gpr84","C1qb",0.2,0.04
3.44979904103078,5.03869924191337,1,1,"Mettl22","C1qb",0.2,0.04
3.44979904103078,5.03869924191337,1,1,"Socs1","C1qb",0.2,0.04
3.44979904103078,5.03869924191337,1,1,"Mpv17l","C1qb",0.2,0.04
3.44979904103078,5.03869924191337,1,1,"Smpd4","C1qb",0.2,0.04
3.44979904103078,5.03869924191337,1,1,"Alg3","C1qb",0.2,0.04
3.44979904103078,5.03869924191337,1,1,"Igf2bp2","C1qb",0.2,0.04
3.44979904103078,5.03869924191337,1,1,"Dgkg","C1qb",0.2,0.04
3.44979904103078,5.03869924191337,1,1,"Bcl6","C1qb",0.2,0.04
3.44979904103078,5.03869924191337,1,1,"A230028O05Rik","C1qb",0.2,0.04
3.44979904103078,5.03869924191337,1,1,"Fam43a","C1qb",0.2,0.04
3.44979904103078,5.03869924191337,1,1,"Bdh1","C1qb",0.2,0.04
3.44979904103078,5.03869924191337,1,1,"Cep19","C1qb",0.2,0.04
3.44979904103078,5.03869924191337,1,1,"BC100530","C1qb",0.2,0.04
3.44979904103078,5.03869924191337,1,1,"Zdhhc23","C1qb",0.2,0.04
3.44979904103078,5.03869924191337,1,1,"Gramd1c","C1qb",0.2,0.04
3.44979904103078,5.03869924191337,1,1,"Cd200r4","C1qb",0.2,0.04
3.44979904103078,5.03869924191337,1,1,"Slc35a5","C1qb",0.2,0.04
3.44979904103078,5.03869924191337,1,1,"Tmprss7","C1qb",0.2,0.04
3.44979904103078,5.03869924191337,1,1,"Retnlb","C1qb",0.2,0.04
3.44979904103078,5.03869924191337,1,1,"Tfb1m","C1qb",0.2,0.04
3.44979904103078,5.03869924191337,1,1,"Serac1","C1qb",0.2,0.04
3.44979904103078,5.03869924191337,1,1,"Rsph3b","C1qb",0.2,0.04
3.44979904103078,5.03869924191337,1,1,"Tagap1","C1qb",0.2,0.04
3.44979904103078,5.03869924191337,1,1,"4732491K20Rik","C1qb",0.2,0.04
3.44979904103078,5.03869924191337,1,1,"9030025P20Rik","C1qb",0.2,0.04
3.44979904103078,5.03869924191337,1,1,"BC002059","C1qb",0.2,0.04
3.44979904103078,5.03869924191337,1,1,"Vmn2r96","C1qb",0.2,0.04
3.44979904103078,5.03869924191337,1,1,"Zfp943","C1qb",0.2,0.04
3.44979904103078,5.03869924191337,1,1,"Rab40c","C1qb",0.2,0.04
3.44979904103078,5.03869924191337,1,1,"Uhrf1bp1","C1qb",0.2,0.04
3.44979904103078,5.03869924191337,1,1,"Rasal3","C1qb",0.2,0.04
3.44979904103078,5.03869924191337,1,1,"Platr17","C1qb",0.2,0.04
3.44979904103078,5.03869924191337,1,1,"Atp6v1g2","C1qb",0.2,0.04
3.44979904103078,5.03869924191337,1,1,"H2-T24","C1qb",0.2,0.04
3.44979904103078,5.03869924191337,1,1,"Pot1b","C1qb",0.2,0.04
3.44979904103078,5.03869924191337,1,1,"Fem1a","C1qb",0.2,0.04
3.44979904103078,5.03869924191337,1,1,"Ticam1","C1qb",0.2,0.04
3.44979904103078,5.03869924191337,1,1,"Gm11110","C1qb",0.2,0.04
3.44979904103078,5.03869924191337,1,1,"Tnfsf14","C1qb",0.2,0.04
3.44979904103078,5.03869924191337,1,1,"Rpl7a-ps5","C1qb",0.2,0.04
3.44979904103078,5.03869924191337,1,1,"A930029G22Rik","C1qb",0.2,0.04
3.44979904103078,5.03869924191337,1,1,"Myom1","C1qb",0.2,0.04
3.44979904103078,5.03869924191337,1,1,"Rmdn2","C1qb",0.2,0.04
3.44979904103078,5.03869924191337,1,1,"Dhx57","C1qb",0.2,0.04
3.44979904103078,5.03869924191337,1,1,"Thumpd2","C1qb",0.2,0.04
3.44979904103078,5.03869924191337,1,1,"Prepl","C1qb",0.2,0.04
3.44979904103078,5.03869924191337,1,1,"Gm26734","C1qb",0.2,0.04
3.44979904103078,5.03869924191337,1,1,"Zfp438","C1qb",0.2,0.04
3.44979904103078,5.03869924191337,1,1,"Rnf125","C1qb",0.2,0.04
3.44979904103078,5.03869924191337,1,1,"Sap130","C1qb",0.2,0.04
3.44979904103078,5.03869924191337,1,1,"Fam13b","C1qb",0.2,0.04
3.44979904103078,5.03869924191337,1,1,"Dnajc18","C1qb",0.2,0.04
3.44979904103078,5.03869924191337,1,1,"Tmco6","C1qb",0.2,0.04
3.44979904103078,5.03869924191337,1,1,"Ythdc2","C1qb",0.2,0.04
3.44979904103078,5.03869924191337,1,1,"Trim36","C1qb",0.2,0.04
3.44979904103078,5.03869924191337,1,1,"Ccdc112","C1qb",0.2,0.04
3.44979904103078,5.03869924191337,1,1,"Srfbp1","C1qb",0.2,0.04
3.44979904103078,5.03869924191337,1,1,"Cep120","C1qb",0.2,0.04
3.44979904103078,5.03869924191337,1,1,"Wdr7","C1qb",0.2,0.04
3.44979904103078,5.03869924191337,1,1,"Spire1","C1qb",0.2,0.04
3.44979904103078,5.03869924191337,1,1,"4930503L19Rik","C1qb",0.2,0.04
3.44979904103078,5.03869924191337,1,1,"Elac1","C1qb",0.2,0.04
3.44979904103078,5.03869924191337,1,1,"Tshz1","C1qb",0.2,0.04
3.44979904103078,5.03869924191337,1,1,"Nudt8.1","C1qb",0.2,0.04
3.44979904103078,5.03869924191337,1,1,"Carns1","C1qb",0.2,0.04
3.44979904103078,5.03869924191337,1,1,"Gm14966","C1qb",0.2,0.04
3.44979904103078,5.03869924191337,1,1,"Plcb3","C1qb",0.2,0.04
3.44979904103078,5.03869924191337,1,1,"Lpxn","C1qb",0.2,0.04
3.44979904103078,5.03869924191337,1,1,"Rpl9-ps6","C1qb",0.2,0.04
3.44979904103078,5.03869924191337,1,1,"Tctn3","C1qb",0.2,0.04
3.44979904103078,5.03869924191337,1,1,"Blnk","C1qb",0.2,0.04
3.44979904103078,5.03869924191337,1,1,"Frat1","C1qb",0.2,0.04
3.44979904103078,5.03869924191337,1,1,"Got1","C1qb",0.2,0.04
3.44979904103078,5.03869924191337,1,1,"Erlin1","C1qb",0.2,0.04
3.44979904103078,5.03869924191337,1,1,"Hps6","C1qb",0.2,0.04
3.44979904103078,5.03869924191337,1,1,"Fbxl15","C1qb",0.2,0.04
-2.94478384535505,5.02619293433906,1,1,"St18","C1qb",0.2,0.04
-2.94478384535505,5.02619293433906,1,1,"Mybl1","C1qb",0.2,0.04
-2.94478384535505,5.02619293433906,1,1,"Gm29107","C1qb",0.2,0.04
-2.94478384535505,5.02619293433906,1,1,"Prim2","C1qb",0.2,0.04
-2.94478384535505,5.02619293433906,1,1,"Arhgef4","C1qb",0.2,0.04
-2.94478384535505,5.02619293433906,1,1,"Cnnm4","C1qb",0.2,0.04
-2.94478384535505,5.02619293433906,1,1,"Cnnm3","C1qb",0.2,0.04
-2.94478384535505,5.02619293433906,1,1,"Ankrd39","C1qb",0.2,0.04
-2.94478384535505,5.02619293433906,1,1,"Sema4c","C1qb",0.2,0.04
-2.94478384535505,5.02619293433906,1,1,"Gm16894","C1qb",0.2,0.04
-2.94478384535505,5.02619293433906,1,1,"Ercc5","C1qb",0.2,0.04
-2.94478384535505,5.02619293433906,1,1,"Stat4","C1qb",0.2,0.04
-2.94478384535505,5.02619293433906,1,1,"Tyw5","C1qb",0.2,0.04
-2.94478384535505,5.02619293433906,1,1,"Kctd18","C1qb",0.2,0.04
-2.94478384535505,5.02619293433906,1,1,"Tmem237","C1qb",0.2,0.04
-2.94478384535505,5.02619293433906,1,1,"Ino80dos","C1qb",0.2,0.04
-2.94478384535505,5.02619293433906,1,1,"Adam23","C1qb",0.2,0.04
-2.94478384535505,5.02619293433906,1,1,"Plekhm3","C1qb",0.2,0.04
-2.94478384535505,5.02619293433906,1,1,"Lancl1","C1qb",0.2,0.04
-2.94478384535505,5.02619293433906,1,1,"D230017M19Rik","C1qb",0.2,0.04
-2.94478384535505,5.02619293433906,1,1,"Stk11ip","C1qb",0.2,0.04
-2.94478384535505,5.02619293433906,1,1,"Slc4a3","C1qb",0.2,0.04
-2.94478384535505,5.02619293433906,1,1,"Kcnj13","C1qb",0.2,0.04
-2.94478384535505,5.02619293433906,1,1,"Per2","C1qb",0.2,0.04
-2.94478384535505,5.02619293433906,1,1,"Traf3ip1","C1qb",0.2,0.04
-2.94478384535505,5.02619293433906,1,1,"Otos","C1qb",0.2,0.04
-2.94478384535505,5.02619293433906,1,1,"Gpc1","C1qb",0.2,0.04
-2.94478384535505,5.02619293433906,1,1,"Dusp28","C1qb",0.2,0.04
-2.94478384535505,5.02619293433906,1,1,"Sept2","C1qb",0.2,0.04
-2.94478384535505,5.02619293433906,1,1,"Stk25","C1qb",0.2,0.04
-2.94478384535505,5.02619293433906,1,1,"Bok","C1qb",0.2,0.04
-2.94478384535505,5.02619293433906,1,1,"Rnf152","C1qb",0.2,0.04
-2.94478384535505,5.02619293433906,1,1,"Pign","C1qb",0.2,0.04
-2.94478384535505,5.02619293433906,1,1,"Phlpp1","C1qb",0.2,0.04
-2.94478384535505,5.02619293433906,1,1,"Gm27184","C1qb",0.2,0.04
-2.94478384535505,5.02619293433906,1,1,"Tmem177","C1qb",0.2,0.04
-2.94478384535505,5.02619293433906,1,1,"Steap3","C1qb",0.2,0.04
-2.94478384535505,5.02619293433906,1,1,"Dyrk3","C1qb",0.2,0.04
-2.94478384535505,5.02619293433906,1,1,"Slc41a1","C1qb",0.2,0.04
-2.94478384535505,5.02619293433906,1,1,"Rab29","C1qb",0.2,0.04
-2.94478384535505,5.02619293433906,1,1,"Rbbp5","C1qb",0.2,0.04
-2.94478384535505,5.02619293433906,1,1,"Kdm5b","C1qb",0.2,0.04
-2.94478384535505,5.02619293433906,1,1,"Kif21b","C1qb",0.2,0.04
-2.94478384535505,5.02619293433906,1,1,"Ddx59","C1qb",0.2,0.04
-2.94478384535505,5.02619293433906,1,1,"Cenpl","C1qb",0.2,0.04
-2.94478384535505,5.02619293433906,1,1,"Dnm3","C1qb",0.2,0.04
-2.94478384535505,5.02619293433906,1,1,"Mettl13","C1qb",0.2,0.04
-2.94478384535505,5.02619293433906,1,1,"Fmo1","C1qb",0.2,0.04
-2.94478384535505,5.02619293433906,1,1,"BC055324","C1qb",0.2,0.04
-2.94478384535505,5.02619293433906,1,1,"Selp","C1qb",0.2,0.04
-2.94478384535505,5.02619293433906,1,1,"Nme7","C1qb",0.2,0.04
-2.94478384535505,5.02619293433906,1,1,"Fam78b","C1qb",0.2,0.04
-2.94478384535505,5.02619293433906,1,1,"4930500M09Rik","C1qb",0.2,0.04
-2.94478384535505,5.02619293433906,1,1,"Sh2d1b1","C1qb",0.2,0.04
-2.94478384535505,5.02619293433906,1,1,"Olfml2b","C1qb",0.2,0.04
-2.94478384535505,5.02619293433906,1,1,"Adamts4","C1qb",0.2,0.04
-2.94478384535505,5.02619293433906,1,1,"B4galt3","C1qb",0.2,0.04
-2.94478384535505,5.02619293433906,1,1,"Klhdc9","C1qb",0.2,0.04
-2.94478384535505,5.02619293433906,1,1,"Cd244","C1qb",0.2,0.04
-2.94478384535505,5.02619293433906,1,1,"Vangl2","C1qb",0.2,0.04
-2.94478384535505,5.02619293433906,1,1,"Aim2","C1qb",0.2,0.04
-2.94478384535505,5.02619293433906,1,1,"Olfr417","C1qb",0.2,0.04
-2.94478384535505,5.02619293433906,1,1,"Kmo","C1qb",0.2,0.04
-2.94478384535505,5.02619293433906,1,1,"Cnst","C1qb",0.2,0.04
-2.94478384535505,5.02619293433906,1,1,"Enah","C1qb",0.2,0.04
-2.94478384535505,5.02619293433906,1,1,"Bpnt1","C1qb",0.2,0.04
-2.94478384535505,5.02619293433906,1,1,"Tgfb2","C1qb",0.2,0.04
-2.94478384535505,5.02619293433906,1,1,"Nsl1","C1qb",0.2,0.04
-2.94478384535505,5.02619293433906,1,1,"Tmem206","C1qb",0.2,0.04
-2.94478384535505,5.02619293433906,1,1,"Hhat","C1qb",0.2,0.04
-2.94478384535505,5.02619293433906,1,1,"Fam171a1","C1qb",0.2,0.04
-2.94478384535505,5.02619293433906,1,1,"Suv39h2","C1qb",0.2,0.04
-2.94478384535505,5.02619293433906,1,1,"Pter","C1qb",0.2,0.04
-2.94478384535505,5.02619293433906,1,1,"Trdmt1","C1qb",0.2,0.04
-2.94478384535505,5.02619293433906,1,1,"St8sia6","C1qb",0.2,0.04
-2.94478384535505,5.02619293433906,1,1,"Msrb2","C1qb",0.2,0.04
-2.94478384535505,5.02619293433906,1,1,"Hnmt","C1qb",0.2,0.04
-2.94478384535505,5.02619293433906,1,1,"Dph7","C1qb",0.2,0.04
-2.94478384535505,5.02619293433906,1,1,"Rnf208","C1qb",0.2,0.04
-2.94478384535505,5.02619293433906,1,1,"Nacc2","C1qb",0.2,0.04
-2.94478384535505,5.02619293433906,1,1,"Inpp5e","C1qb",0.2,0.04
-2.94478384535505,5.02619293433906,1,1,"Notch1","C1qb",0.2,0.04
-2.94478384535505,5.02619293433906,1,1,"Fam69b","C1qb",0.2,0.04
-2.94478384535505,5.02619293433906,1,1,"Pomt1","C1qb",0.2,0.04
-2.94478384535505,5.02619293433906,1,1,"Ptges2","C1qb",0.2,0.04
-2.94478384535505,5.02619293433906,1,1,"Ak1","C1qb",0.2,0.04
-2.94478384535505,5.02619293433906,1,1,"Ptrh1","C1qb",0.2,0.04
-2.94478384535505,5.02619293433906,1,1,"Stxbp1","C1qb",0.2,0.04
-2.94478384535505,5.02619293433906,1,1,"Ralgps1","C1qb",0.2,0.04
-2.94478384535505,5.02619293433906,1,1,"Olfml2a","C1qb",0.2,0.04
-2.94478384535505,5.02619293433906,1,1,"Golga1","C1qb",0.2,0.04
-2.94478384535505,5.02619293433906,1,1,"Scai","C1qb",0.2,0.04
-2.94478384535505,5.02619293433906,1,1,"Tnfaip6","C1qb",0.2,0.04
-2.94478384535505,5.02619293433906,1,1,"Stam2","C1qb",0.2,0.04
-2.94478384535505,5.02619293433906,1,1,"Acvr1","C1qb",0.2,0.04
-2.94478384535505,5.02619293433906,1,1,"Ccdc148","C1qb",0.2,0.04
-2.94478384535505,5.02619293433906,1,1,"Pla2r1","C1qb",0.2,0.04
-2.94478384535505,5.02619293433906,1,1,"Dpp4","C1qb",0.2,0.04
-2.94478384535505,5.02619293433906,1,1,"Fap","C1qb",0.2,0.04
-2.94478384535505,5.02619293433906,1,1,"Ttc21b","C1qb",0.2,0.04
-2.94478384535505,5.02619293433906,1,1,"Fastkd1","C1qb",0.2,0.04
-2.94478384535505,5.02619293433906,1,1,"Slc25a12","C1qb",0.2,0.04
-2.94478384535505,5.02619293433906,1,1,"Pdk1","C1qb",0.2,0.04
-2.94478384535505,5.02619293433906,1,1,"Ssfa2","C1qb",0.2,0.04
-2.94478384535505,5.02619293433906,1,1,"Calcrl","C1qb",0.2,0.04
-2.94478384535505,5.02619293433906,1,1,"Gm13710","C1qb",0.2,0.04
-2.94478384535505,5.02619293433906,1,1,"Prg2","C1qb",0.2,0.04
-2.94478384535505,5.02619293433906,1,1,"Olfr1152","C1qb",0.2,0.04
-2.94478384535505,5.02619293433906,1,1,"Nup160","C1qb",0.2,0.04
-2.94478384535505,5.02619293433906,1,1,"C1qtnf4","C1qb",0.2,0.04
-2.94478384535505,5.02619293433906,1,1,"Lrp4","C1qb",0.2,0.04
-2.94478384535505,5.02619293433906,1,1,"Arhgap1","C1qb",0.2,0.04
-2.94478384535505,5.02619293433906,1,1,"Creb3l1","C1qb",0.2,0.04
-2.94478384535505,5.02619293433906,1,1,"Cry2","C1qb",0.2,0.04
-2.94478384535505,5.02619293433906,1,1,"Traf6","C1qb",0.2,0.04
-2.94478384535505,5.02619293433906,1,1,"Ldlrad3","C1qb",0.2,0.04
-2.94478384535505,5.02619293433906,1,1,"Ehf","C1qb",0.2,0.04
-2.94478384535505,5.02619293433906,1,1,"Prrg4","C1qb",0.2,0.04
-2.94478384535505,5.02619293433906,1,1,"Elp4","C1qb",0.2,0.04
-2.94478384535505,5.02619293433906,1,1,"Mpped2","C1qb",0.2,0.04
-2.94478384535505,5.02619293433906,1,1,"Meis2","C1qb",0.2,0.04
-2.94478384535505,5.02619293433906,1,1,"Eif2ak4","C1qb",0.2,0.04
-2.94478384535505,5.02619293433906,1,1,"Bahd1","C1qb",0.2,0.04
-2.94478384535505,5.02619293433906,1,1,"Ndufaf1","C1qb",0.2,0.04
-2.94478384535505,5.02619293433906,1,1,"Itpka","C1qb",0.2,0.04
-2.94478384535505,5.02619293433906,1,1,"Rpap1","C1qb",0.2,0.04
-2.94478384535505,5.02619293433906,1,1,"Tmem87a","C1qb",0.2,0.04
-2.94478384535505,5.02619293433906,1,1,"Tmem62","C1qb",0.2,0.04
-2.94478384535505,5.02619293433906,1,1,"Adal","C1qb",0.2,0.04
-2.94478384535505,5.02619293433906,1,1,"Catsper2","C1qb",0.2,0.04
-2.94478384535505,5.02619293433906,1,1,"AA467197","C1qb",0.2,0.04
-2.94478384535505,5.02619293433906,1,1,"Gm27003","C1qb",0.2,0.04
-2.94478384535505,5.02619293433906,1,1,"Ap4e1","C1qb",0.2,0.04
-2.94478384535505,5.02619293433906,1,1,"Nphp1","C1qb",0.2,0.04
-2.94478384535505,5.02619293433906,1,1,"Gm10762","C1qb",0.2,0.04
-2.94478384535505,5.02619293433906,1,1,"Zc3h6","C1qb",0.2,0.04
-2.94478384535505,5.02619293433906,1,1,"Ttl","C1qb",0.2,0.04
-2.94478384535505,5.02619293433906,1,1,"Polr1b","C1qb",0.2,0.04
-2.94478384535505,5.02619293433906,1,1,"Stk35","C1qb",0.2,0.04
-2.94478384535505,5.02619293433906,1,1,"Gfra4","C1qb",0.2,0.04
-2.94478384535505,5.02619293433906,1,1,"Cdc25b","C1qb",0.2,0.04
-2.94478384535505,5.02619293433906,1,1,"Mkks","C1qb",0.2,0.04
-2.94478384535505,5.02619293433906,1,1,"Tasp1","C1qb",0.2,0.04
-2.94478384535505,5.02619293433906,1,1,"Mgme1","C1qb",0.2,0.04
-2.94478384535505,5.02619293433906,1,1,"Rbbp9","C1qb",0.2,0.04
-2.94478384535505,5.02619293433906,1,1,"Gm14161","C1qb",0.2,0.04
-2.94478384535505,5.02619293433906,1,1,"Foxs1","C1qb",0.2,0.04
-2.94478384535505,5.02619293433906,1,1,"Ttll9","C1qb",0.2,0.04
-2.94478384535505,5.02619293433906,1,1,"1700003F12Rik","C1qb",0.2,0.04
-2.94478384535505,5.02619293433906,1,1,"Ggt7","C1qb",0.2,0.04
-2.94478384535505,5.02619293433906,1,1,"6430550D23Rik","C1qb",0.2,0.04
-2.94478384535505,5.02619293433906,1,1,"Myl9","C1qb",0.2,0.04
-2.94478384535505,5.02619293433906,1,1,"4930518I15Rik","C1qb",0.2,0.04
-2.94478384535505,5.02619293433906,1,1,"Rprd1b","C1qb",0.2,0.04
-2.94478384535505,5.02619293433906,1,1,"Snhg11","C1qb",0.2,0.04
-2.94478384535505,5.02619293433906,1,1,"Ralgapb","C1qb",0.2,0.04
-2.94478384535505,5.02619293433906,1,1,"Zhx3","C1qb",0.2,0.04
-2.94478384535505,5.02619293433906,1,1,"Mybl2","C1qb",0.2,0.04
-2.94478384535505,5.02619293433906,1,1,"Dbndd2","C1qb",0.2,0.04
-2.94478384535505,5.02619293433906,1,1,"Ube2c","C1qb",0.2,0.04
-2.94478384535505,5.02619293433906,1,1,"Zswim1","C1qb",0.2,0.04
-2.94478384535505,5.02619293433906,1,1,"Neurl2","C1qb",0.2,0.04
-2.94478384535505,5.02619293433906,1,1,"Zfp335","C1qb",0.2,0.04
-2.94478384535505,5.02619293433906,1,1,"Slc2a10","C1qb",0.2,0.04
-2.94478384535505,5.02619293433906,1,1,"Tshz2","C1qb",0.2,0.04
-2.94478384535505,5.02619293433906,1,1,"Nespas","C1qb",0.2,0.04
-2.94478384535505,5.02619293433906,1,1,"Gm14296","C1qb",0.2,0.04
-2.94478384535505,5.02619293433906,1,1,"Gm14322","C1qb",0.2,0.04
-2.94478384535505,5.02619293433906,1,1,"Cables2","C1qb",0.2,0.04
-2.94478384535505,5.02619293433906,1,1,"Slco4a1","C1qb",0.2,0.04
-2.94478384535505,5.02619293433906,1,1,"Arfgap1","C1qb",0.2,0.04
-2.94478384535505,5.02619293433906,1,1,"Zbtb46","C1qb",0.2,0.04
-2.94478384535505,5.02619293433906,1,1,"Samd10","C1qb",0.2,0.04
-2.94478384535505,5.02619293433906,1,1,"Kcnd1","C1qb",0.2,0.04
-2.94478384535505,5.02619293433906,1,1,"Hdac6","C1qb",0.2,0.04
-2.94478384535505,5.02619293433906,1,1,"Srpx","C1qb",0.2,0.04
-2.94478384535505,5.02619293433906,1,1,"Rpgr","C1qb",0.2,0.04
-2.94478384535505,5.02619293433906,1,1,"1810030O07Rik","C1qb",0.2,0.04
-2.94478384535505,5.02619293433906,1,1,"Gm26652","C1qb",0.2,0.04
-2.94478384535505,5.02619293433906,1,1,"Elk1","C1qb",0.2,0.04
-2.94478384535505,5.02619293433906,1,1,"Gm14569","C1qb",0.2,0.04
-2.94478384535505,5.02619293433906,1,1,"Akap17b","C1qb",0.2,0.04
-2.94478384535505,5.02619293433906,1,1,"Nkrf","C1qb",0.2,0.04
-2.94478384535505,5.02619293433906,1,1,"6030498E09Rik","C1qb",0.2,0.04
-2.94478384535505,5.02619293433906,1,1,"Rbmx2","C1qb",0.2,0.04
-2.94478384535505,5.02619293433906,1,1,"Gpc4","C1qb",0.2,0.04
-2.94478384535505,5.02619293433906,1,1,"Map7d3","C1qb",0.2,0.04
-2.94478384535505,5.02619293433906,1,1,"Tmem185a","C1qb",0.2,0.04
-2.94478384535505,5.02619293433906,1,1,"Slc6a8","C1qb",0.2,0.04
-2.94478384535505,5.02619293433906,1,1,"Arhgap4","C1qb",0.2,0.04
-2.94478384535505,5.02619293433906,1,1,"Pls3","C1qb",0.2,0.04
-2.94478384535505,5.02619293433906,1,1,"Tmem47","C1qb",0.2,0.04
-2.94478384535505,5.02619293433906,1,1,"Klhl15","C1qb",0.2,0.04
-2.94478384535505,5.02619293433906,1,1,"Apoo","C1qb",0.2,0.04
-2.94478384535505,5.02619293433906,1,1,"Gspt2","C1qb",0.2,0.04
-2.94478384535505,5.02619293433906,1,1,"Kif4","C1qb",0.2,0.04
-2.94478384535505,5.02619293433906,1,1,"Med12","C1qb",0.2,0.04
-2.94478384535505,5.02619293433906,1,1,"Rtl5","C1qb",0.2,0.04
-2.94478384535505,5.02619293433906,1,1,"Zdhhc15","C1qb",0.2,0.04
-2.94478384535505,5.02619293433906,1,1,"Itm2a","C1qb",0.2,0.04
-2.94478384535505,5.02619293433906,1,1,"Srpx2","C1qb",0.2,0.04
-2.94478384535505,5.02619293433906,1,1,"Cenpi","C1qb",0.2,0.04
-2.94478384535505,5.02619293433906,1,1,"Gla","C1qb",0.2,0.04
-2.94478384535505,5.02619293433906,1,1,"Armcx1","C1qb",0.2,0.04
-2.94478384535505,5.02619293433906,1,1,"Armcx6","C1qb",0.2,0.04
-2.94478384535505,5.02619293433906,1,1,"Armcx5","C1qb",0.2,0.04
-2.94478384535505,5.02619293433906,1,1,"Arxes1","C1qb",0.2,0.04
-2.94478384535505,5.02619293433906,1,1,"Tceal1","C1qb",0.2,0.04
-2.94478384535505,5.02619293433906,1,1,"Mid2","C1qb",0.2,0.04
-2.94478384535505,5.02619293433906,1,1,"Nxt2","C1qb",0.2,0.04
-2.94478384535505,5.02619293433906,1,1,"Acsl4","C1qb",0.2,0.04
-2.94478384535505,5.02619293433906,1,1,"Amot","C1qb",0.2,0.04
-2.94478384535505,5.02619293433906,1,1,"Wnk3","C1qb",0.2,0.04
-2.94478384535505,5.02619293433906,1,1,"Tspyl2","C1qb",0.2,0.04
-2.94478384535505,5.02619293433906,1,1,"Pir","C1qb",0.2,0.04
-2.94478384535505,5.02619293433906,1,1,"Piga","C1qb",0.2,0.04
-2.94478384535505,5.02619293433906,1,1,"Gm15247","C1qb",0.2,0.04
-2.94478384535505,5.02619293433906,1,1,"Hey1","C1qb",0.2,0.04
-2.94478384535505,5.02619293433906,1,1,"Car13","C1qb",0.2,0.04
-2.94478384535505,5.02619293433906,1,1,"Pld1","C1qb",0.2,0.04
-2.94478384535505,5.02619293433906,1,1,"Mrpl47","C1qb",0.2,0.04
-2.94478384535505,5.02619293433906,1,1,"Mccc1os","C1qb",0.2,0.04
-2.94478384535505,5.02619293433906,1,1,"D3Ertd254e","C1qb",0.2,0.04
-2.94478384535505,5.02619293433906,1,1,"1700034I23Rik","C1qb",0.2,0.04
-2.94478384535505,5.02619293433906,1,1,"Pcdh18","C1qb",0.2,0.04
-2.94478384535505,5.02619293433906,1,1,"Rab33b","C1qb",0.2,0.04
-2.94478384535505,5.02619293433906,1,1,"Nhlrc3","C1qb",0.2,0.04
-2.94478384535505,5.02619293433906,1,1,"P2ry13","C1qb",0.2,0.04
-2.94478384535505,5.02619293433906,1,1,"Igsf10","C1qb",0.2,0.04
-2.94478384535505,5.02619293433906,1,1,"Ppm1l","C1qb",0.2,0.04
-2.94478384535505,5.02619293433906,1,1,"Gucy1b1","C1qb",0.2,0.04
-2.94478384535505,5.02619293433906,1,1,"Gucy1a1","C1qb",0.2,0.04
-2.94478384535505,5.02619293433906,1,1,"Fbxw7","C1qb",0.2,0.04
-2.94478384535505,5.02619293433906,1,1,"Gatb","C1qb",0.2,0.04
-2.94478384535505,5.02619293433906,1,1,"Rusc1","C1qb",0.2,0.04
-2.94478384535505,5.02619293433906,1,1,"Gm15417","C1qb",0.2,0.04
-2.94478384535505,5.02619293433906,1,1,"4930537H20Rik","C1qb",0.2,0.04
-2.94478384535505,5.02619293433906,1,1,"Tuft1","C1qb",0.2,0.04
-2.94478384535505,5.02619293433906,1,1,"A730011C13Rik","C1qb",0.2,0.04
-2.94478384535505,5.02619293433906,1,1,"Scnm1","C1qb",0.2,0.04
-2.94478384535505,5.02619293433906,1,1,"Lysmd1","C1qb",0.2,0.04
-2.94478384535505,5.02619293433906,1,1,"Mllt11","C1qb",0.2,0.04
-2.94478384535505,5.02619293433906,1,1,"C920021L13Rik","C1qb",0.2,0.04
-2.94478384535505,5.02619293433906,1,1,"Ciart","C1qb",0.2,0.04
-2.94478384535505,5.02619293433906,1,1,"Prkab2","C1qb",0.2,0.04
-2.94478384535505,5.02619293433906,1,1,"Gm5544","C1qb",0.2,0.04
-2.94478384535505,5.02619293433906,1,1,"Zfp697","C1qb",0.2,0.04
-2.94478384535505,5.02619293433906,1,1,"Tbx15","C1qb",0.2,0.04
-2.94478384535505,5.02619293433906,1,1,"Trim45","C1qb",0.2,0.04
-2.94478384535505,5.02619293433906,1,1,"Igsf3","C1qb",0.2,0.04
-2.94478384535505,5.02619293433906,1,1,"Olfml3","C1qb",0.2,0.04
-2.94478384535505,5.02619293433906,1,1,"Dclre1b","C1qb",0.2,0.04
-2.94478384535505,5.02619293433906,1,1,"Phtf1os","C1qb",0.2,0.04
-2.94478384535505,5.02619293433906,1,1,"Mov10","C1qb",0.2,0.04
-2.94478384535505,5.02619293433906,1,1,"Gnat2","C1qb",0.2,0.04
-2.94478384535505,5.02619293433906,1,1,"Wdr47","C1qb",0.2,0.04
-2.94478384535505,5.02619293433906,1,1,"Amy1","C1qb",0.2,0.04
-2.94478384535505,5.02619293433906,1,1,"Gpr88","C1qb",0.2,0.04
-2.94478384535505,5.02619293433906,1,1,"4933405D12Rik","C1qb",0.2,0.04
-2.94478384535505,5.02619293433906,1,1,"Cyp2u1","C1qb",0.2,0.04
-2.94478384535505,5.02619293433906,1,1,"Sgms2","C1qb",0.2,0.04
-2.94478384535505,5.02619293433906,1,1,"4930519L02Rik","C1qb",0.2,0.04
-2.94478384535505,5.02619293433906,1,1,"Spata1","C1qb",0.2,0.04
-2.94478384535505,5.02619293433906,1,1,"Adgrl2","C1qb",0.2,0.04
-2.94478384535505,5.02619293433906,1,1,"4930555A03Rik","C1qb",0.2,0.04
-2.94478384535505,5.02619293433906,1,1,"Miga1","C1qb",0.2,0.04
-2.94478384535505,5.02619293433906,1,1,"Ak5","C1qb",0.2,0.04
-2.94478384535505,5.02619293433906,1,1,"St6galnac3","C1qb",0.2,0.04
-2.94478384535505,5.02619293433906,1,1,"Tyw3","C1qb",0.2,0.04
-2.94478384535505,5.02619293433906,1,1,"2610301B20Rik","C1qb",0.2,0.04
-2.94478384535505,5.02619293433906,1,1,"Ints8","C1qb",0.2,0.04
-2.94478384535505,5.02619293433906,1,1,"Pdp1","C1qb",0.2,0.04
-2.94478384535505,5.02619293433906,1,1,"Tmem64","C1qb",0.2,0.04
-2.94478384535505,5.02619293433906,1,1,"Ttpa","C1qb",0.2,0.04
-2.94478384535505,5.02619293433906,1,1,"Fbxl4","C1qb",0.2,0.04
-2.94478384535505,5.02619293433906,1,1,"Bach2","C1qb",0.2,0.04
-2.94478384535505,5.02619293433906,1,1,"Gm6297","C1qb",0.2,0.04
-2.94478384535505,5.02619293433906,1,1,"Enho","C1qb",0.2,0.04
-2.94478384535505,5.02619293433906,1,1,"Pigo","C1qb",0.2,0.04
-2.94478384535505,5.02619293433906,1,1,"Cd72","C1qb",0.2,0.04
-2.94478384535505,5.02619293433906,1,1,"Creb3","C1qb",0.2,0.04
-2.94478384535505,5.02619293433906,1,1,"Rgp1","C1qb",0.2,0.04
-2.94478384535505,5.02619293433906,1,1,"Reck","C1qb",0.2,0.04
-2.94478384535505,5.02619293433906,1,1,"Glipr2","C1qb",0.2,0.04
-2.94478384535505,5.02619293433906,1,1,"Tmod1","C1qb",0.2,0.04
-2.94478384535505,5.02619293433906,1,1,"Tmeff1","C1qb",0.2,0.04
-2.94478384535505,5.02619293433906,1,1,"Fsd1l","C1qb",0.2,0.04
-2.94478384535505,5.02619293433906,1,1,"Klf4","C1qb",0.2,0.04
-2.94478384535505,5.02619293433906,1,1,"Ikbkap","C1qb",0.2,0.04
-2.94478384535505,5.02619293433906,1,1,"Ctnnal1","C1qb",0.2,0.04
-2.94478384535505,5.02619293433906,1,1,"Epb41l4b","C1qb",0.2,0.04
-2.94478384535505,5.02619293433906,1,1,"Lpar1","C1qb",0.2,0.04
-2.94478384535505,5.02619293433906,1,1,"Ptgr1","C1qb",0.2,0.04
-2.94478384535505,5.02619293433906,1,1,"E130308A19Rik","C1qb",0.2,0.04
-2.94478384535505,5.02619293433906,1,1,"Hdhd3","C1qb",0.2,0.04
-2.94478384535505,5.02619293433906,1,1,"Col27a1","C1qb",0.2,0.04
-2.94478384535505,5.02619293433906,1,1,"Kdm4c","C1qb",0.2,0.04
-2.94478384535505,5.02619293433906,1,1,"Ccdc171","C1qb",0.2,0.04
-2.94478384535505,5.02619293433906,1,1,"Adamtsl1","C1qb",0.2,0.04
-2.94478384535505,5.02619293433906,1,1,"Mllt3","C1qb",0.2,0.04
-2.94478384535505,5.02619293433906,1,1,"Ift74","C1qb",0.2,0.04
-2.94478384535505,5.02619293433906,1,1,"Cachd1","C1qb",0.2,0.04
-2.94478384535505,5.02619293433906,1,1,"Ak4","C1qb",0.2,0.04
-2.94478384535505,5.02619293433906,1,1,"Prkaa2","C1qb",0.2,0.04
-2.94478384535505,5.02619293433906,1,1,"Dhcr24","C1qb",0.2,0.04
-2.94478384535505,5.02619293433906,1,1,"Ttc4","C1qb",0.2,0.04
-2.94478384535505,5.02619293433906,1,1,"Cyb5rl","C1qb",0.2,0.04
-2.94478384535505,5.02619293433906,1,1,"Lrrc42","C1qb",0.2,0.04
-2.94478384535505,5.02619293433906,1,1,"Lrp8","C1qb",0.2,0.04
-2.94478384535505,5.02619293433906,1,1,"Gpx7","C1qb",0.2,0.04
-2.94478384535505,5.02619293433906,1,1,"Stil","C1qb",0.2,0.04
-2.94478384535505,5.02619293433906,1,1,"Tmem69","C1qb",0.2,0.04
-2.94478384535505,5.02619293433906,1,1,"Tesk2","C1qb",0.2,0.04
-2.94478384535505,5.02619293433906,1,1,"Kif2c","C1qb",0.2,0.04
-2.94478384535505,5.02619293433906,1,1,"Tmem53","C1qb",0.2,0.04
-2.94478384535505,5.02619293433906,1,1,"9530034E10Rik","C1qb",0.2,0.04
-2.94478384535505,5.02619293433906,1,1,"Szt2","C1qb",0.2,0.04
-2.94478384535505,5.02619293433906,1,1,"9930104L06Rik","C1qb",0.2,0.04
-2.94478384535505,5.02619293433906,1,1,"Oscp1","C1qb",0.2,0.04
-2.94478384535505,5.02619293433906,1,1,"Tmem35b","C1qb",0.2,0.04
-2.94478384535505,5.02619293433906,1,1,"Yars","C1qb",0.2,0.04
-2.94478384535505,5.02619293433906,1,1,"Kpna6","C1qb",0.2,0.04
-2.94478384535505,5.02619293433906,1,1,"Col16a1","C1qb",0.2,0.04
-2.94478384535505,5.02619293433906,1,1,"Med18","C1qb",0.2,0.04
-2.94478384535505,5.02619293433906,1,1,"Sytl1","C1qb",0.2,0.04
-2.94478384535505,5.02619293433906,1,1,"E2f2","C1qb",0.2,0.04
-2.94478384535505,5.02619293433906,1,1,"Ephb2","C1qb",0.2,0.04
-2.94478384535505,5.02619293433906,1,1,"Gm13012","C1qb",0.2,0.04
-2.94478384535505,5.02619293433906,1,1,"Tmco4","C1qb",0.2,0.04
-2.94478384535505,5.02619293433906,1,1,"Aldh4a1","C1qb",0.2,0.04
-2.94478384535505,5.02619293433906,1,1,"Mfap2","C1qb",0.2,0.04
-2.94478384535505,5.02619293433906,1,1,"Crocc","C1qb",0.2,0.04
-2.94478384535505,5.02619293433906,1,1,"Rsg1","C1qb",0.2,0.04
-2.94478384535505,5.02619293433906,1,1,"Kazn","C1qb",0.2,0.04
-2.94478384535505,5.02619293433906,1,1,"Gm13212","C1qb",0.2,0.04
-2.94478384535505,5.02619293433906,1,1,"Zfp985","C1qb",0.2,0.04
-2.94478384535505,5.02619293433906,1,1,"Zfp984","C1qb",0.2,0.04
-2.94478384535505,5.02619293433906,1,1,"Pex14","C1qb",0.2,0.04
-2.94478384535505,5.02619293433906,1,1,"Thap3","C1qb",0.2,0.04
-2.94478384535505,5.02619293433906,1,1,"Klhl21","C1qb",0.2,0.04
-2.94478384535505,5.02619293433906,1,1,"Dffb","C1qb",0.2,0.04
-2.94478384535505,5.02619293433906,1,1,"Atad3aos","C1qb",0.2,0.04
-2.94478384535505,5.02619293433906,1,1,"Agrn","C1qb",0.2,0.04
-2.94478384535505,5.02619293433906,1,1,"AW011738","C1qb",0.2,0.04
-2.94478384535505,5.02619293433906,1,1,"Rbm48","C1qb",0.2,0.04
-2.94478384535505,5.02619293433906,1,1,"Fbxl13","C1qb",0.2,0.04
-2.94478384535505,5.02619293433906,1,1,"Armc10","C1qb",0.2,0.04
-2.94478384535505,5.02619293433906,1,1,"Nupl2","C1qb",0.2,0.04
-2.94478384535505,5.02619293433906,1,1,"Nos3","C1qb",0.2,0.04
-2.94478384535505,5.02619293433906,1,1,"Cdk5","C1qb",0.2,0.04
-2.94478384535505,5.02619293433906,1,1,"Chpf2","C1qb",0.2,0.04
-2.94478384535505,5.02619293433906,1,1,"Smarcd3","C1qb",0.2,0.04
-2.94478384535505,5.02619293433906,1,1,"Prkag2","C1qb",0.2,0.04
-2.94478384535505,5.02619293433906,1,1,"Slc35f6","C1qb",0.2,0.04
-2.94478384535505,5.02619293433906,1,1,"Slc5a6","C1qb",0.2,0.04
-2.94478384535505,5.02619293433906,1,1,"Eif2b4","C1qb",0.2,0.04
-2.94478384535505,5.02619293433906,1,1,"Krtcap3","C1qb",0.2,0.04
-2.94478384535505,5.02619293433906,1,1,"Fndc4","C1qb",0.2,0.04
-2.94478384535505,5.02619293433906,1,1,"Poln","C1qb",0.2,0.04
-2.94478384535505,5.02619293433906,1,1,"Tnip2","C1qb",0.2,0.04
-2.94478384535505,5.02619293433906,1,1,"Sh3bp2","C1qb",0.2,0.04
-2.94478384535505,5.02619293433906,1,1,"Dok7","C1qb",0.2,0.04
-2.94478384535505,5.02619293433906,1,1,"Tada2b","C1qb",0.2,0.04
-2.94478384535505,5.02619293433906,1,1,"Wfs1","C1qb",0.2,0.04
-2.94478384535505,5.02619293433906,1,1,"Evc","C1qb",0.2,0.04
-2.94478384535505,5.02619293433906,1,1,"Prom1","C1qb",0.2,0.04
-2.94478384535505,5.02619293433906,1,1,"Ldb2","C1qb",0.2,0.04
-2.94478384535505,5.02619293433906,1,1,"Uchl1","C1qb",0.2,0.04
-2.94478384535505,5.02619293433906,1,1,"Bend4","C1qb",0.2,0.04
-2.94478384535505,5.02619293433906,1,1,"Tec","C1qb",0.2,0.04
-2.94478384535505,5.02619293433906,1,1,"Dcun1d4","C1qb",0.2,0.04
-2.94478384535505,5.02619293433906,1,1,"Exoc1","C1qb",0.2,0.04
-2.94478384535505,5.02619293433906,1,1,"Aasdh","C1qb",0.2,0.04
-2.94478384535505,5.02619293433906,1,1,"1700016F12Rik","C1qb",0.2,0.04
-2.94478384535505,5.02619293433906,1,1,"Gm17092","C1qb",0.2,0.04
-2.94478384535505,5.02619293433906,1,1,"Gm35315","C1qb",0.2,0.04
-2.94478384535505,5.02619293433906,1,1,"Ssh1","C1qb",0.2,0.04
-2.94478384535505,5.02619293433906,1,1,"Fam222a","C1qb",0.2,0.04
-2.94478384535505,5.02619293433906,1,1,"1500011B03Rik","C1qb",0.2,0.04
-2.94478384535505,5.02619293433906,1,1,"Bicdl1","C1qb",0.2,0.04
-2.94478384535505,5.02619293433906,1,1,"Gm10399","C1qb",0.2,0.04
-2.94478384535505,5.02619293433906,1,1,"2410131K14Rik","C1qb",0.2,0.04
-2.94478384535505,5.02619293433906,1,1,"Tctn1","C1qb",0.2,0.04
-2.94478384535505,5.02619293433906,1,1,"Ift81","C1qb",0.2,0.04
-2.94478384535505,5.02619293433906,1,1,"2810006K23Rik","C1qb",0.2,0.04
-2.94478384535505,5.02619293433906,1,1,"Rilpl1","C1qb",0.2,0.04
-2.94478384535505,5.02619293433906,1,1,"Nipsnap2","C1qb",0.2,0.04
-2.94478384535505,5.02619293433906,1,1,"Rabgef1","C1qb",0.2,0.04
-2.94478384535505,5.02619293433906,1,1,"Gatsl2","C1qb",0.2,0.04
-2.94478384535505,5.02619293433906,1,1,"Nsun5","C1qb",0.2,0.04
-2.94478384535505,5.02619293433906,1,1,"Myl10","C1qb",0.2,0.04
-2.94478384535505,5.02619293433906,1,1,"6330418K02Rik","C1qb",0.2,0.04
-2.94478384535505,5.02619293433906,1,1,"Dnaaf5","C1qb",0.2,0.04
-2.94478384535505,5.02619293433906,1,1,"Gper1","C1qb",0.2,0.04
-2.94478384535505,5.02619293433906,1,1,"Mafk","C1qb",0.2,0.04
-2.94478384535505,5.02619293433906,1,1,"Mrm2","C1qb",0.2,0.04
-2.94478384535505,5.02619293433906,1,1,"Fbxl18","C1qb",0.2,0.04
-2.94478384535505,5.02619293433906,1,1,"Smurf1","C1qb",0.2,0.04
-2.94478384535505,5.02619293433906,1,1,"Zkscan14","C1qb",0.2,0.04
-2.94478384535505,5.02619293433906,1,1,"D5Ertd605e","C1qb",0.2,0.04
-2.94478384535505,5.02619293433906,1,1,"Slc7a1","C1qb",0.2,0.04
-2.94478384535505,5.02619293433906,1,1,"Brca2","C1qb",0.2,0.04
-2.94478384535505,5.02619293433906,1,1,"Stard13","C1qb",0.2,0.04
-2.94478384535505,5.02619293433906,1,1,"Pon3","C1qb",0.2,0.04
-2.94478384535505,5.02619293433906,1,1,"Slc25a13","C1qb",0.2,0.04
-2.94478384535505,5.02619293433906,1,1,"Glcci1","C1qb",0.2,0.04
-2.94478384535505,5.02619293433906,1,1,"Cttnbp2","C1qb",0.2,0.04
-2.94478384535505,5.02619293433906,1,1,"3110062M04Rik","C1qb",0.2,0.04
-2.94478384535505,5.02619293433906,1,1,"Wdr91","C1qb",0.2,0.04
-2.94478384535505,5.02619293433906,1,1,"D630045J12Rik","C1qb",0.2,0.04
-2.94478384535505,5.02619293433906,1,1,"Ttc26","C1qb",0.2,0.04
-2.94478384535505,5.02619293433906,1,1,"Gm10244","C1qb",0.2,0.04
-2.94478384535505,5.02619293433906,1,1,"Ephb6","C1qb",0.2,0.04
-2.94478384535505,5.02619293433906,1,1,"Zfp956","C1qb",0.2,0.04
-2.94478384535505,5.02619293433906,1,1,"Zfp777","C1qb",0.2,0.04
-2.94478384535505,5.02619293433906,1,1,"Krba1","C1qb",0.2,0.04
-2.94478384535505,5.02619293433906,1,1,"Gimap8","C1qb",0.2,0.04
-2.94478384535505,5.02619293433906,1,1,"Hoxa2","C1qb",0.2,0.04
-2.94478384535505,5.02619293433906,1,1,"Hoxa3","C1qb",0.2,0.04
-2.94478384535505,5.02619293433906,1,1,"Hoxaas3","C1qb",0.2,0.04
-2.94478384535505,5.02619293433906,1,1,"Hoxa5","C1qb",0.2,0.04
-2.94478384535505,5.02619293433906,1,1,"Hoxa7","C1qb",0.2,0.04
-2.94478384535505,5.02619293433906,1,1,"Chn2","C1qb",0.2,0.04
-2.94478384535505,5.02619293433906,1,1,"Mturn","C1qb",0.2,0.04
-2.94478384535505,5.02619293433906,1,1,"Ppm1k","C1qb",0.2,0.04
-2.94478384535505,5.02619293433906,1,1,"Vopp1","C1qb",0.2,0.04
-2.94478384535505,5.02619293433906,1,1,"Herc3","C1qb",0.2,0.04
-2.94478384535505,5.02619293433906,1,1,"Thnsl2","C1qb",0.2,0.04
-2.94478384535505,5.02619293433906,1,1,"Ggcx","C1qb",0.2,0.04
-2.94478384535505,5.02619293433906,1,1,"Retsat","C1qb",0.2,0.04
-2.94478384535505,5.02619293433906,1,1,"Gcfc2","C1qb",0.2,0.04
-2.94478384535505,5.02619293433906,1,1,"Sema4f","C1qb",0.2,0.04
-2.94478384535505,5.02619293433906,1,1,"Loxl3","C1qb",0.2,0.04
-2.94478384535505,5.02619293433906,1,1,"Ccdc142os","C1qb",0.2,0.04
-2.94478384535505,5.02619293433906,1,1,"Mthfd2","C1qb",0.2,0.04
-2.94478384535505,5.02619293433906,1,1,"Paip2b","C1qb",0.2,0.04
-2.94478384535505,5.02619293433906,1,1,"Spr","C1qb",0.2,0.04
-2.94478384535505,5.02619293433906,1,1,"Alms1","C1qb",0.2,0.04
-2.94478384535505,5.02619293433906,1,1,"Tgfa","C1qb",0.2,0.04
-2.94478384535505,5.02619293433906,1,1,"Abtb1","C1qb",0.2,0.04
-2.94478384535505,5.02619293433906,1,1,"Zxdc","C1qb",0.2,0.04
-2.94478384535505,5.02619293433906,1,1,"Rbsn","C1qb",0.2,0.04
-2.94478384535505,5.02619293433906,1,1,"Slc25a26","C1qb",0.2,0.04
-2.94478384535505,5.02619293433906,1,1,"Lrig1","C1qb",0.2,0.04
-2.94478384535505,5.02619293433906,1,1,"Eogt","C1qb",0.2,0.04
-2.94478384535505,5.02619293433906,1,1,"Pdzrn3","C1qb",0.2,0.04
-2.94478384535505,5.02619293433906,1,1,"Lhfpl4","C1qb",0.2,0.04
-2.94478384535505,5.02619293433906,1,1,"Tada3","C1qb",0.2,0.04
-2.94478384535505,5.02619293433906,1,1,"Il17rc","C1qb",0.2,0.04
-2.94478384535505,5.02619293433906,1,1,"Tamm41","C1qb",0.2,0.04
-2.94478384535505,5.02619293433906,1,1,"Cand2","C1qb",0.2,0.04
-2.94478384535505,5.02619293433906,1,1,"Ift122","C1qb",0.2,0.04
-2.94478384535505,5.02619293433906,1,1,"Alox5","C1qb",0.2,0.04
-2.94478384535505,5.02619293433906,1,1,"Ret","C1qb",0.2,0.04
-2.94478384535505,5.02619293433906,1,1,"Wnt5b","C1qb",0.2,0.04
-2.94478384535505,5.02619293433906,1,1,"Tuba8","C1qb",0.2,0.04
-2.94478384535505,5.02619293433906,1,1,"Lag3","C1qb",0.2,0.04
-2.94478384535505,5.02619293433906,1,1,"Tspan9","C1qb",0.2,0.04
-2.94478384535505,5.02619293433906,1,1,"Gm44067","C1qb",0.2,0.04
-2.94478384535505,5.02619293433906,1,1,"Olr1","C1qb",0.2,0.04
-2.94478384535505,5.02619293433906,1,1,"Klrc1","C1qb",0.2,0.04
-2.94478384535505,5.02619293433906,1,1,"Borcs5","C1qb",0.2,0.04
-2.94478384535505,5.02619293433906,1,1,"Eps8","C1qb",0.2,0.04
-2.94478384535505,5.02619293433906,1,1,"Sox5","C1qb",0.2,0.04
-2.94478384535505,5.02619293433906,1,1,"Gm15706","C1qb",0.2,0.04
-2.94478384535505,5.02619293433906,1,1,"Sspn","C1qb",0.2,0.04
-2.94478384535505,5.02619293433906,1,1,"Ccdc91","C1qb",0.2,0.04
-2.94478384535505,5.02619293433906,1,1,"Etfbkmt","C1qb",0.2,0.04
-2.94478384535505,5.02619293433906,1,1,"Tmem150b","C1qb",0.2,0.04
-2.94478384535505,5.02619293433906,1,1,"Isoc2b","C1qb",0.2,0.04
-2.94478384535505,5.02619293433906,1,1,"Zfp580","C1qb",0.2,0.04
-2.94478384535505,5.02619293433906,1,1,"Gm45844","C1qb",0.2,0.04
-2.94478384535505,5.02619293433906,1,1,"Zscan22","C1qb",0.2,0.04
-2.94478384535505,5.02619293433906,1,1,"Zfp446","C1qb",0.2,0.04
-2.94478384535505,5.02619293433906,1,1,"Mzf1","C1qb",0.2,0.04
-2.94478384535505,5.02619293433906,1,1,"Zswim9","C1qb",0.2,0.04
-2.94478384535505,5.02619293433906,1,1,"Pla2g4c","C1qb",0.2,0.04
-2.94478384535505,5.02619293433906,1,1,"Bicra","C1qb",0.2,0.04
-2.94478384535505,5.02619293433906,1,1,"Kptn","C1qb",0.2,0.04
-2.94478384535505,5.02619293433906,1,1,"Zc3h4","C1qb",0.2,0.04
-2.94478384535505,5.02619293433906,1,1,"Dact3","C1qb",0.2,0.04
-2.94478384535505,5.02619293433906,1,1,"Ccdc61","C1qb",0.2,0.04
-2.94478384535505,5.02619293433906,1,1,"Six5","C1qb",0.2,0.04
-2.94478384535505,5.02619293433906,1,1,"Fosb","C1qb",0.2,0.04
-2.94478384535505,5.02619293433906,1,1,"Ercc2","C1qb",0.2,0.04
-2.94478384535505,5.02619293433906,1,1,"Ckm","C1qb",0.2,0.04
-2.94478384535505,5.02619293433906,1,1,"Nectin2","C1qb",0.2,0.04
-2.94478384535505,5.02619293433906,1,1,"Zfp114","C1qb",0.2,0.04
-2.94478384535505,5.02619293433906,1,1,"Dedd2","C1qb",0.2,0.04
-2.94478384535505,5.02619293433906,1,1,"4732471J01Rik","C1qb",0.2,0.04
-2.94478384535505,5.02619293433906,1,1,"Ceacam1","C1qb",0.2,0.04
-2.94478384535505,5.02619293433906,1,1,"B3gnt8","C1qb",0.2,0.04
-2.94478384535505,5.02619293433906,1,1,"Coq8b","C1qb",0.2,0.04
-2.94478384535505,5.02619293433906,1,1,"Numbl","C1qb",0.2,0.04
-2.94478384535505,5.02619293433906,1,1,"Zfp60","C1qb",0.2,0.04
-2.94478384535505,5.02619293433906,1,1,"Zfp607a","C1qb",0.2,0.04
-2.94478384535505,5.02619293433906,1,1,"Zfp780b","C1qb",0.2,0.04
-2.94478384535505,5.02619293433906,1,1,"Eid2b","C1qb",0.2,0.04
-2.94478384535505,5.02619293433906,1,1,"Zfp790","C1qb",0.2,0.04
-2.94478384535505,5.02619293433906,1,1,"Zfp146","C1qb",0.2,0.04
-2.94478384535505,5.02619293433906,1,1,"Gm5113","C1qb",0.2,0.04
-2.94478384535505,5.02619293433906,1,1,"Gm4673","C1qb",0.2,0.04
-2.94478384535505,5.02619293433906,1,1,"Hpn","C1qb",0.2,0.04
-2.94478384535505,5.02619293433906,1,1,"Lrp3","C1qb",0.2,0.04
-2.94478384535505,5.02619293433906,1,1,"Gpatch1","C1qb",0.2,0.04
-2.94478384535505,5.02619293433906,1,1,"Cep89","C1qb",0.2,0.04
-2.94478384535505,5.02619293433906,1,1,"Tshz3","C1qb",0.2,0.04
-2.94478384535505,5.02619293433906,1,1,"Zfp976","C1qb",0.2,0.04
-2.94478384535505,5.02619293433906,1,1,"Zfp975","C1qb",0.2,0.04
-2.94478384535505,5.02619293433906,1,1,"Fuz","C1qb",0.2,0.04
-2.94478384535505,5.02619293433906,1,1,"Cpt1c","C1qb",0.2,0.04
-2.94478384535505,5.02619293433906,1,1,"Prr12","C1qb",0.2,0.04
-2.94478384535505,5.02619293433906,1,1,"Flt3l","C1qb",0.2,0.04
-2.94478384535505,5.02619293433906,1,1,"Dkkl1","C1qb",0.2,0.04
-2.94478384535505,5.02619293433906,1,1,"Sergef","C1qb",0.2,0.04
-2.94478384535505,5.02619293433906,1,1,"Fancf","C1qb",0.2,0.04
-2.94478384535505,5.02619293433906,1,1,"Lins1","C1qb",0.2,0.04
-2.94478384535505,5.02619293433906,1,1,"Lrrc28","C1qb",0.2,0.04
-2.94478384535505,5.02619293433906,1,1,"Nr2f2","C1qb",0.2,0.04
-2.94478384535505,5.02619293433906,1,1,"Anpep","C1qb",0.2,0.04
-2.94478384535505,5.02619293433906,1,1,"Hdgfl3","C1qb",0.2,0.04
-2.94478384535505,5.02619293433906,1,1,"Tenm4","C1qb",0.2,0.04
-2.94478384535505,5.02619293433906,1,1,"Nars2","C1qb",0.2,0.04
-2.94478384535505,5.02619293433906,1,1,"Ints4","C1qb",0.2,0.04
-2.94478384535505,5.02619293433906,1,1,"Map6","C1qb",0.2,0.04
-2.94478384535505,5.02619293433906,1,1,"Atg16l2","C1qb",0.2,0.04
-2.94478384535505,5.02619293433906,1,1,"Gm10602","C1qb",0.2,0.04
-2.94478384535505,5.02619293433906,1,1,"Apbb1","C1qb",0.2,0.04
-2.94478384535505,5.02619293433906,1,1,"Gde1","C1qb",0.2,0.04
-2.94478384535505,5.02619293433906,1,1,"Sbk1","C1qb",0.2,0.04
-2.94478384535505,5.02619293433906,1,1,"Slx1b","C1qb",0.2,0.04
-2.94478384535505,5.02619293433906,1,1,"Kif22","C1qb",0.2,0.04
-2.94478384535505,5.02619293433906,1,1,"Sept1","C1qb",0.2,0.04
-2.94478384535505,5.02619293433906,1,1,"9130019O22Rik","C1qb",0.2,0.04
-2.94478384535505,5.02619293433906,1,1,"Armc5","C1qb",0.2,0.04
-2.94478384535505,5.02619293433906,1,1,"Tgfb1i1","C1qb",0.2,0.04
-2.94478384535505,5.02619293433906,1,1,"Sigirr","C1qb",0.2,0.04
-2.94478384535505,5.02619293433906,1,1,"Pidd1","C1qb",0.2,0.04
-2.94478384535505,5.02619293433906,1,1,"Cracr2b","C1qb",0.2,0.04
-2.94478384535505,5.02619293433906,1,1,"Tnni2","C1qb",0.2,0.04
-2.94478384535505,5.02619293433906,1,1,"Slc22a18","C1qb",0.2,0.04
-2.94478384535505,5.02619293433906,1,1,"Osbpl5","C1qb",0.2,0.04
-2.94478384535505,5.02619293433906,1,1,"Dhcr7","C1qb",0.2,0.04
-2.94478384535505,5.02619293433906,1,1,"Cttn","C1qb",0.2,0.04
-2.94478384535505,5.02619293433906,1,1,"Akap12","C1qb",0.2,0.04
-2.94478384535505,5.02619293433906,1,1,"Esr1","C1qb",0.2,0.04
-2.94478384535505,5.02619293433906,1,1,"Ust","C1qb",0.2,0.04
-2.94478384535505,5.02619293433906,1,1,"Plagl1","C1qb",0.2,0.04
-2.94478384535505,5.02619293433906,1,1,"Hebp2","C1qb",0.2,0.04
-2.94478384535505,5.02619293433906,1,1,"Perp","C1qb",0.2,0.04
-2.94478384535505,5.02619293433906,1,1,"Il22ra2","C1qb",0.2,0.04
-2.94478384535505,5.02619293433906,1,1,"Mtfr2","C1qb",0.2,0.04
-2.94478384535505,5.02619293433906,1,1,"Enpp3","C1qb",0.2,0.04
-2.94478384535505,5.02619293433906,1,1,"Echdc1","C1qb",0.2,0.04
-2.94478384535505,5.02619293433906,1,1,"Rnf217","C1qb",0.2,0.04
-2.94478384535505,5.02619293433906,1,1,"Gm47512","C1qb",0.2,0.04
-2.94478384535505,5.02619293433906,1,1,"Tspyl4","C1qb",0.2,0.04
-2.94478384535505,5.02619293433906,1,1,"Tube1","C1qb",0.2,0.04
-2.94478384535505,5.02619293433906,1,1,"BC048559","C1qb",0.2,0.04
-2.94478384535505,5.02619293433906,1,1,"Rtn4ip1","C1qb",0.2,0.04
-2.94478384535505,5.02619293433906,1,1,"Gopc","C1qb",0.2,0.04
-2.94478384535505,5.02619293433906,1,1,"Fam184a","C1qb",0.2,0.04
-2.94478384535505,5.02619293433906,1,1,"Pcbd1","C1qb",0.2,0.04
-2.94478384535505,5.02619293433906,1,1,"Pald1","C1qb",0.2,0.04
-2.94478384535505,5.02619293433906,1,1,"Aifm2","C1qb",0.2,0.04
-2.94478384535505,5.02619293433906,1,1,"Rufy2","C1qb",0.2,0.04
-2.94478384535505,5.02619293433906,1,1,"Ank3","C1qb",0.2,0.04
-2.94478384535505,5.02619293433906,1,1,"Gnaz","C1qb",0.2,0.04
-2.94478384535505,5.02619293433906,1,1,"Mmp11","C1qb",0.2,0.04
-2.94478384535505,5.02619293433906,1,1,"Zfp280b","C1qb",0.2,0.04
-2.94478384535505,5.02619293433906,1,1,"Ube2g2","C1qb",0.2,0.04
-2.94478384535505,5.02619293433906,1,1,"Lrrc3","C1qb",0.2,0.04
-2.94478384535505,5.02619293433906,1,1,"2610008E11Rik","C1qb",0.2,0.04
-2.94478384535505,5.02619293433906,1,1,"Hcn2","C1qb",0.2,0.04
-2.94478384535505,5.02619293433906,1,1,"Polrmt","C1qb",0.2,0.04
-2.94478384535505,5.02619293433906,1,1,"Palm","C1qb",0.2,0.04
-2.94478384535505,5.02619293433906,1,1,"Efna2","C1qb",0.2,0.04
-2.94478384535505,5.02619293433906,1,1,"Gamt","C1qb",0.2,0.04
-2.94478384535505,5.02619293433906,1,1,"Adamtsl5","C1qb",0.2,0.04
-2.94478384535505,5.02619293433906,1,1,"Mex3d","C1qb",0.2,0.04
-2.94478384535505,5.02619293433906,1,1,"Jsrp1","C1qb",0.2,0.04
-2.94478384535505,5.02619293433906,1,1,"Pias4","C1qb",0.2,0.04
-2.94478384535505,5.02619293433906,1,1,"Tle2","C1qb",0.2,0.04
-2.94478384535505,5.02619293433906,1,1,"Sirt6","C1qb",0.2,0.04
-2.94478384535505,5.02619293433906,1,1,"Ankrd24","C1qb",0.2,0.04
-2.94478384535505,5.02619293433906,1,1,"Zfp938","C1qb",0.2,0.04
-2.94478384535505,5.02619293433906,1,1,"Tdg","C1qb",0.2,0.04
-2.94478384535505,5.02619293433906,1,1,"Hcfc2","C1qb",0.2,0.04
-2.94478384535505,5.02619293433906,1,1,"Stab2","C1qb",0.2,0.04
-2.94478384535505,5.02619293433906,1,1,"Gm17745","C1qb",0.2,0.04
-2.94478384535505,5.02619293433906,1,1,"Fgd6","C1qb",0.2,0.04
-2.94478384535505,5.02619293433906,1,1,"Cradd","C1qb",0.2,0.04
-2.94478384535505,5.02619293433906,1,1,"Galnt4","C1qb",0.2,0.04
-2.94478384535505,5.02619293433906,1,1,"Cep290","C1qb",0.2,0.04
-2.94478384535505,5.02619293433906,1,1,"Pawr","C1qb",0.2,0.04
-2.94478384535505,5.02619293433906,1,1,"Bbs10","C1qb",0.2,0.04
-2.94478384535505,5.02619293433906,1,1,"Frs2","C1qb",0.2,0.04
-2.94478384535505,5.02619293433906,1,1,"Hmga2","C1qb",0.2,0.04
-2.94478384535505,5.02619293433906,1,1,"4930471E19Rik","C1qb",0.2,0.04
-2.94478384535505,5.02619293433906,1,1,"Srgap1","C1qb",0.2,0.04
-2.94478384535505,5.02619293433906,1,1,"Eef1akmt3","C1qb",0.2,0.04
-2.94478384535505,5.02619293433906,1,1,"Agap2","C1qb",0.2,0.04
-2.94478384535505,5.02619293433906,1,1,"Stac3","C1qb",0.2,0.04
-2.94478384535505,5.02619293433906,1,1,"Nab2","C1qb",0.2,0.04
-2.94478384535505,5.02619293433906,1,1,"Spryd4","C1qb",0.2,0.04
-2.94478384535505,5.02619293433906,1,1,"Il23a","C1qb",0.2,0.04
-2.94478384535505,5.02619293433906,1,1,"Gdf11","C1qb",0.2,0.04
-2.94478384535505,5.02619293433906,1,1,"Prr36","C1qb",0.2,0.04
-2.94478384535505,5.02619293433906,1,1,"Tnfsf13b","C1qb",0.2,0.04
-2.94478384535505,5.02619293433906,1,1,"Irs2","C1qb",0.2,0.04
-2.94478384535505,5.02619293433906,1,1,"Arhgef7","C1qb",0.2,0.04
-2.94478384535505,5.02619293433906,1,1,"Dcun1d2","C1qb",0.2,0.04
-2.94478384535505,5.02619293433906,1,1,"Mcph1","C1qb",0.2,0.04
-2.94478384535505,5.02619293433906,1,1,"Slc25a15","C1qb",0.2,0.04
-2.94478384535505,5.02619293433906,1,1,"Ank1","C1qb",0.2,0.04
-2.94478384535505,5.02619293433906,1,1,"Pomk","C1qb",0.2,0.04
-2.94478384535505,5.02619293433906,1,1,"Thap1","C1qb",0.2,0.04
-2.94478384535505,5.02619293433906,1,1,"Adgra2","C1qb",0.2,0.04
-2.94478384535505,5.02619293433906,1,1,"Prag1","C1qb",0.2,0.04
-2.94478384535505,5.02619293433906,1,1,"Tlr3","C1qb",0.2,0.04
-2.94478384535505,5.02619293433906,1,1,"1700029J07Rik","C1qb",0.2,0.04
-2.94478384535505,5.02619293433906,1,1,"Cenpu","C1qb",0.2,0.04
-2.94478384535505,5.02619293433906,1,1,"Sh2d4a","C1qb",0.2,0.04
-2.94478384535505,5.02619293433906,1,1,"Pbx4","C1qb",0.2,0.04
-2.94478384535505,5.02619293433906,1,1,"Tmem161a","C1qb",0.2,0.04
-2.94478384535505,5.02619293433906,1,1,"Armc6","C1qb",0.2,0.04
-2.94478384535505,5.02619293433906,1,1,"Klhl26","C1qb",0.2,0.04
-2.94478384535505,5.02619293433906,1,1,"Rab3a","C1qb",0.2,0.04
-2.94478384535505,5.02619293433906,1,1,"Ankle1","C1qb",0.2,0.04
-2.94478384535505,5.02619293433906,1,1,"Unc13a","C1qb",0.2,0.04
-2.94478384535505,5.02619293433906,1,1,"Jak3","C1qb",0.2,0.04
-2.94478384535505,5.02619293433906,1,1,"Zfp709","C1qb",0.2,0.04
-2.94478384535505,5.02619293433906,1,1,"Zfp961","C1qb",0.2,0.04
-2.94478384535505,5.02619293433906,1,1,"Gm10282","C1qb",0.2,0.04
-2.94478384535505,5.02619293433906,1,1,"1700030K09Rik","C1qb",0.2,0.04
-2.94478384535505,5.02619293433906,1,1,"Mmaa","C1qb",0.2,0.04
-2.94478384535505,5.02619293433906,1,1,"Il15","C1qb",0.2,0.04
-2.94478384535505,5.02619293433906,1,1,"Gm26664","C1qb",0.2,0.04
-2.94478384535505,5.02619293433906,1,1,"Neto2","C1qb",0.2,0.04
-2.94478384535505,5.02619293433906,1,1,"Siah1a","C1qb",0.2,0.04
-2.94478384535505,5.02619293433906,1,1,"Aktip","C1qb",0.2,0.04
-2.94478384535505,5.02619293433906,1,1,"Ogfod1","C1qb",0.2,0.04
-2.94478384535505,5.02619293433906,1,1,"9330175E14Rik","C1qb",0.2,0.04
-2.94478384535505,5.02619293433906,1,1,"Dok4","C1qb",0.2,0.04
-2.94478384535505,5.02619293433906,1,1,"Katnb1","C1qb",0.2,0.04
-2.94478384535505,5.02619293433906,1,1,"Kifc3","C1qb",0.2,0.04
-2.94478384535505,5.02619293433906,1,1,"Usb1","C1qb",0.2,0.04
-2.94478384535505,5.02619293433906,1,1,"Pdp2","C1qb",0.2,0.04
-2.94478384535505,5.02619293433906,1,1,"D230025D16Rik","C1qb",0.2,0.04
-2.94478384535505,5.02619293433906,1,1,"Nol3","C1qb",0.2,0.04
-2.94478384535505,5.02619293433906,1,1,"Slc9a5","C1qb",0.2,0.04
-2.94478384535505,5.02619293433906,1,1,"Lrrc36","C1qb",0.2,0.04
-2.94478384535505,5.02619293433906,1,1,"Cenpt","C1qb",0.2,0.04
-2.94478384535505,5.02619293433906,1,1,"Wwp2","C1qb",0.2,0.04
-2.94478384535505,5.02619293433906,1,1,"Zfp821","C1qb",0.2,0.04
-2.94478384535505,5.02619293433906,1,1,"Phlpp2","C1qb",0.2,0.04
-2.94478384535505,5.02619293433906,1,1,"Cmtr2","C1qb",0.2,0.04
-2.94478384535505,5.02619293433906,1,1,"Ddx19b","C1qb",0.2,0.04
-2.94478384535505,5.02619293433906,1,1,"Adat1","C1qb",0.2,0.04
-2.94478384535505,5.02619293433906,1,1,"Tldc1","C1qb",0.2,0.04
-2.94478384535505,5.02619293433906,1,1,"Cdk10","C1qb",0.2,0.04
-2.94478384535505,5.02619293433906,1,1,"Cog2","C1qb",0.2,0.04
-2.94478384535505,5.02619293433906,1,1,"Tarbp1","C1qb",0.2,0.04
-2.94478384535505,5.02619293433906,1,1,"Gm31718","C1qb",0.2,0.04
-2.94478384535505,5.02619293433906,1,1,"Flnb","C1qb",0.2,0.04
-2.94478384535505,5.02619293433906,1,1,"Nr1d2","C1qb",0.2,0.04
-2.94478384535505,5.02619293433906,1,1,"Ube2e2","C1qb",0.2,0.04
-2.94478384535505,5.02619293433906,1,1,"Fam149b","C1qb",0.2,0.04
-2.94478384535505,5.02619293433906,1,1,"Gm30054","C1qb",0.2,0.04
-2.94478384535505,5.02619293433906,1,1,"Mss51","C1qb",0.2,0.04
-2.94478384535505,5.02619293433906,1,1,"Usp54","C1qb",0.2,0.04
-2.94478384535505,5.02619293433906,1,1,"6230400D17Rik","C1qb",0.2,0.04
-2.94478384535505,5.02619293433906,1,1,"Zfp503","C1qb",0.2,0.04
-2.94478384535505,5.02619293433906,1,1,"Lrmda","C1qb",0.2,0.04
-2.94478384535505,5.02619293433906,1,1,"Tmem254a","C1qb",0.2,0.04
-2.94478384535505,5.02619293433906,1,1,"Arhgef3","C1qb",0.2,0.04
-2.94478384535505,5.02619293433906,1,1,"Il17rb","C1qb",0.2,0.04
-2.94478384535505,5.02619293433906,1,1,"Btd","C1qb",0.2,0.04
-2.94478384535505,5.02619293433906,1,1,"Oxnad1","C1qb",0.2,0.04
-2.94478384535505,5.02619293433906,1,1,"Timm23","C1qb",0.2,0.04
-2.94478384535505,5.02619293433906,1,1,"Vstm4","C1qb",0.2,0.04
-2.94478384535505,5.02619293433906,1,1,"Gm49201","C1qb",0.2,0.04
-2.94478384535505,5.02619293433906,1,1,"Fam35a","C1qb",0.2,0.04
-2.94478384535505,5.02619293433906,1,1,"Gm7324","C1qb",0.2,0.04
-2.94478384535505,5.02619293433906,1,1,"A530076I17Rik","C1qb",0.2,0.04
-2.94478384535505,5.02619293433906,1,1,"Samd4","C1qb",0.2,0.04
-2.94478384535505,5.02619293433906,1,1,"Peli2","C1qb",0.2,0.04
-2.94478384535505,5.02619293433906,1,1,"Ccnb1ip1","C1qb",0.2,0.04
-2.94478384535505,5.02619293433906,1,1,"Gm26782","C1qb",0.2,0.04
-2.94478384535505,5.02619293433906,1,1,"Cebpe","C1qb",0.2,0.04
-2.94478384535505,5.02619293433906,1,1,"Slc22a17","C1qb",0.2,0.04
-2.94478384535505,5.02619293433906,1,1,"Zfhx2","C1qb",0.2,0.04
-2.94478384535505,5.02619293433906,1,1,"Rec8","C1qb",0.2,0.04
-2.94478384535505,5.02619293433906,1,1,"Ipo4","C1qb",0.2,0.04
-2.94478384535505,5.02619293433906,1,1,"Tgm1","C1qb",0.2,0.04
-2.94478384535505,5.02619293433906,1,1,"Ltb4r1","C1qb",0.2,0.04
-2.94478384535505,5.02619293433906,1,1,"Mcpt8","C1qb",0.2,0.04
-2.94478384535505,5.02619293433906,1,1,"Cenpj","C1qb",0.2,0.04
-2.94478384535505,5.02619293433906,1,1,"Ift88","C1qb",0.2,0.04
-2.94478384535505,5.02619293433906,1,1,"Phf11c","C1qb",0.2,0.04
-2.94478384535505,5.02619293433906,1,1,"Atp8a2","C1qb",0.2,0.04
-2.94478384535505,5.02619293433906,1,1,"Scara5","C1qb",0.2,0.04
-2.94478384535505,5.02619293433906,1,1,"Adam2","C1qb",0.2,0.04
-2.94478384535505,5.02619293433906,1,1,"Ephx2","C1qb",0.2,0.04
-2.94478384535505,5.02619293433906,1,1,"Cdca2","C1qb",0.2,0.04
-2.94478384535505,5.02619293433906,1,1,"Kctd9","C1qb",0.2,0.04
-2.94478384535505,5.02619293433906,1,1,"Dock5","C1qb",0.2,0.04
-2.94478384535505,5.02619293433906,1,1,"R3hcc1","C1qb",0.2,0.04
-2.94478384535505,5.02619293433906,1,1,"Reep4","C1qb",0.2,0.04
-2.94478384535505,5.02619293433906,1,1,"Tnfsf11","C1qb",0.2,0.04
-2.94478384535505,5.02619293433906,1,1,"Kbtbd7","C1qb",0.2,0.04
-2.94478384535505,5.02619293433906,1,1,"Diaph3","C1qb",0.2,0.04
-2.94478384535505,5.02619293433906,1,1,"Tdrd3","C1qb",0.2,0.04
-2.94478384535505,5.02619293433906,1,1,"Bora","C1qb",0.2,0.04
-2.94478384535505,5.02619293433906,1,1,"Klf5","C1qb",0.2,0.04
-2.94478384535505,5.02619293433906,1,1,"Gm26778","C1qb",0.2,0.04
-2.94478384535505,5.02619293433906,1,1,"Uggt2","C1qb",0.2,0.04
-2.94478384535505,5.02619293433906,1,1,"Farp1","C1qb",0.2,0.04
-2.94478384535505,5.02619293433906,1,1,"Gpr18","C1qb",0.2,0.04
-2.94478384535505,5.02619293433906,1,1,"Dync2h1","C1qb",0.2,0.04
-2.94478384535505,5.02619293433906,1,1,"9230110C19Rik","C1qb",0.2,0.04
-2.94478384535505,5.02619293433906,1,1,"Zfp317","C1qb",0.2,0.04
-2.94478384535505,5.02619293433906,1,1,"Fbxl12os","C1qb",0.2,0.04
-2.94478384535505,5.02619293433906,1,1,"Kank2","C1qb",0.2,0.04
-2.94478384535505,5.02619293433906,1,1,"Swsap1","C1qb",0.2,0.04
-2.94478384535505,5.02619293433906,1,1,"Anln","C1qb",0.2,0.04
-2.94478384535505,5.02619293433906,1,1,"Bmper","C1qb",0.2,0.04
-2.94478384535505,5.02619293433906,1,1,"Nfrkb","C1qb",0.2,0.04
-2.94478384535505,5.02619293433906,1,1,"Arhgap32","C1qb",0.2,0.04
-2.94478384535505,5.02619293433906,1,1,"Cdon","C1qb",0.2,0.04
-2.94478384535505,5.02619293433906,1,1,"Fez1","C1qb",0.2,0.04
-2.94478384535505,5.02619293433906,1,1,"Tmem218","C1qb",0.2,0.04
-2.94478384535505,5.02619293433906,1,1,"Ccdc15","C1qb",0.2,0.04
-2.94478384535505,5.02619293433906,1,1,"Rnf26","C1qb",0.2,0.04
-2.94478384535505,5.02619293433906,1,1,"Ttc12","C1qb",0.2,0.04
-2.94478384535505,5.02619293433906,1,1,"Ncam1","C1qb",0.2,0.04
-2.94478384535505,5.02619293433906,1,1,"Gm11149","C1qb",0.2,0.04
-2.94478384535505,5.02619293433906,1,1,"AU019823","C1qb",0.2,0.04
-2.94478384535505,5.02619293433906,1,1,"Arhgap20","C1qb",0.2,0.04
-2.94478384535505,5.02619293433906,1,1,"Zc3h12c","C1qb",0.2,0.04
-2.94478384535505,5.02619293433906,1,1,"Dmxl2","C1qb",0.2,0.04
-2.94478384535505,5.02619293433906,1,1,"Scaper","C1qb",0.2,0.04
-2.94478384535505,5.02619293433906,1,1,"Man2c1os","C1qb",0.2,0.04
-2.94478384535505,5.02619293433906,1,1,"Mpi","C1qb",0.2,0.04
-2.94478384535505,5.02619293433906,1,1,"Clk3","C1qb",0.2,0.04
-2.94478384535505,5.02619293433906,1,1,"Stoml1","C1qb",0.2,0.04
-2.94478384535505,5.02619293433906,1,1,"Lrrc49","C1qb",0.2,0.04
-2.94478384535505,5.02619293433906,1,1,"Gm26609","C1qb",0.2,0.04
-2.94478384535505,5.02619293433906,1,1,"Smad6","C1qb",0.2,0.04
-2.94478384535505,5.02619293433906,1,1,"Zwilch","C1qb",0.2,0.04
-2.94478384535505,5.02619293433906,1,1,"Uchl4","C1qb",0.2,0.04
-2.94478384535505,5.02619293433906,1,1,"Igdcc4","C1qb",0.2,0.04
-2.94478384535505,5.02619293433906,1,1,"Dapk2","C1qb",0.2,0.04
-2.94478384535505,5.02619293433906,1,1,"Aph1b","C1qb",0.2,0.04
-2.94478384535505,5.02619293433906,1,1,"Aph1c","C1qb",0.2,0.04
-2.94478384535505,5.02619293433906,1,1,"Aqp9","C1qb",0.2,0.04
-2.94478384535505,5.02619293433906,1,1,"Gm27253","C1qb",0.2,0.04
-2.94478384535505,5.02619293433906,1,1,"Dyx1c1","C1qb",0.2,0.04
-2.94478384535505,5.02619293433906,1,1,"4933433G15Rik","C1qb",0.2,0.04
-2.94478384535505,5.02619293433906,1,1,"Bmp5","C1qb",0.2,0.04
-2.94478384535505,5.02619293433906,1,1,"C920006O11Rik","C1qb",0.2,0.04
-2.94478384535505,5.02619293433906,1,1,"Gsta4","C1qb",0.2,0.04
-2.94478384535505,5.02619293433906,1,1,"Col12a1","C1qb",0.2,0.04
-2.94478384535505,5.02619293433906,1,1,"Lca5","C1qb",0.2,0.04
-2.94478384535505,5.02619293433906,1,1,"Bckdhb","C1qb",0.2,0.04
-2.94478384535505,5.02619293433906,1,1,"Tpbg","C1qb",0.2,0.04
-2.94478384535505,5.02619293433906,1,1,"Trpc1","C1qb",0.2,0.04
-2.94478384535505,5.02619293433906,1,1,"Spsb4","C1qb",0.2,0.04
-2.94478384535505,5.02619293433906,1,1,"Cep70","C1qb",0.2,0.04
-2.94478384535505,5.02619293433906,1,1,"Pccb","C1qb",0.2,0.04
-2.94478384535505,5.02619293433906,1,1,"Rrp9","C1qb",0.2,0.04
-2.94478384535505,5.02619293433906,1,1,"Cdhr4","C1qb",0.2,0.04
-2.94478384535505,5.02619293433906,1,1,"Rnf123","C1qb",0.2,0.04
-2.94478384535505,5.02619293433906,1,1,"Amigo3","C1qb",0.2,0.04
-2.94478384535505,5.02619293433906,1,1,"P4htm","C1qb",0.2,0.04
-2.94478384535505,5.02619293433906,1,1,"Nckipsd","C1qb",0.2,0.04
-2.94478384535505,5.02619293433906,1,1,"Pfkfb4","C1qb",0.2,0.04
-2.94478384535505,5.02619293433906,1,1,"Atrip","C1qb",0.2,0.04
-2.94478384535505,5.02619293433906,1,1,"Plcd1","C1qb",0.2,0.04
-2.94478384535505,5.02619293433906,1,1,"Exog","C1qb",0.2,0.04
-2.94478384535505,5.02619293433906,1,1,"Gorasp1","C1qb",0.2,0.04
-2.94478384535505,5.02619293433906,1,1,"Ulk4","C1qb",0.2,0.04
-2.94478384535505,5.02619293433906,1,1,"Ano10","C1qb",0.2,0.04
-2.94478384535505,5.02619293433906,1,1,"Tcaim","C1qb",0.2,0.04
-2.94478384535505,5.02619293433906,1,1,"Kif15","C1qb",0.2,0.04
-2.94478384535505,5.02619293433906,1,1,"Tmem42","C1qb",0.2,0.04
-2.94478384535505,5.02619293433906,1,1,"Sfi1","C1qb",0.2,0.04
-2.94478384535505,5.02619293433906,1,1,"Rnf185","C1qb",0.2,0.04
-2.94478384535505,5.02619293433906,1,1,"Smtn","C1qb",0.2,0.04
-2.94478384535505,5.02619293433906,1,1,"Sec14l2","C1qb",0.2,0.04
-2.94478384535505,5.02619293433906,1,1,"Tbc1d10a","C1qb",0.2,0.04
-2.94478384535505,5.02619293433906,1,1,"Znrf3","C1qb",0.2,0.04
-2.94478384535505,5.02619293433906,1,1,"Urgcp","C1qb",0.2,0.04
-2.94478384535505,5.02619293433906,1,1,"Aebp1","C1qb",0.2,0.04
-2.94478384535505,5.02619293433906,1,1,"Egfr","C1qb",0.2,0.04
-2.94478384535505,5.02619293433906,1,1,"Zrsr1","C1qb",0.2,0.04
-2.94478384535505,5.02619293433906,1,1,"Chac2","C1qb",0.2,0.04
-2.94478384535505,5.02619293433906,1,1,"Ubtd2","C1qb",0.2,0.04
-2.94478384535505,5.02619293433906,1,1,"Hmmr","C1qb",0.2,0.04
-2.94478384535505,5.02619293433906,1,1,"Gm12184","C1qb",0.2,0.04
-2.94478384535505,5.02619293433906,1,1,"Btnl9","C1qb",0.2,0.04
-2.94478384535505,5.02619293433906,1,1,"Cdkl3","C1qb",0.2,0.04
-2.94478384535505,5.02619293433906,1,1,"Gm17334","C1qb",0.2,0.04
-2.94478384535505,5.02619293433906,1,1,"Sh3bp5l","C1qb",0.2,0.04
-2.94478384535505,5.02619293433906,1,1,"Gm12258","C1qb",0.2,0.04
-2.94478384535505,5.02619293433906,1,1,"Zfp39","C1qb",0.2,0.04
-2.94478384535505,5.02619293433906,1,1,"Jmjd4","C1qb",0.2,0.04
-2.94478384535505,5.02619293433906,1,1,"Gm16062","C1qb",0.2,0.04
-2.94478384535505,5.02619293433906,1,1,"Tom1l2","C1qb",0.2,0.04
-2.94478384535505,5.02619293433906,1,1,"Llgl1","C1qb",0.2,0.04
-2.94478384535505,5.02619293433906,1,1,"Natd1","C1qb",0.2,0.04
-2.94478384535505,5.02619293433906,1,1,"Map2k3os","C1qb",0.2,0.04
-2.94478384535505,5.02619293433906,1,1,"Epn2","C1qb",0.2,0.04
-2.94478384535505,5.02619293433906,1,1,"A530017D24Rik","C1qb",0.2,0.04
-2.94478384535505,5.02619293433906,1,1,"Specc1","C1qb",0.2,0.04
-2.94478384535505,5.02619293433906,1,1,"Trpv2","C1qb",0.2,0.04
-2.94478384535505,5.02619293433906,1,1,"Cox10","C1qb",0.2,0.04
-2.94478384535505,5.02619293433906,1,1,"Tmem107","C1qb",0.2,0.04
-2.94478384535505,5.02619293433906,1,1,"Wrap53","C1qb",0.2,0.04
-2.94478384535505,5.02619293433906,1,1,"Neurl4","C1qb",0.2,0.04
-2.94478384535505,5.02619293433906,1,1,"Mgl2","C1qb",0.2,0.04
-2.94478384535505,5.02619293433906,1,1,"Clec10a","C1qb",0.2,0.04
-2.94478384535505,5.02619293433906,1,1,"Med11","C1qb",0.2,0.04
-2.94478384535505,5.02619293433906,1,1,"4933427D14Rik","C1qb",0.2,0.04
-2.94478384535505,5.02619293433906,1,1,"Haspin","C1qb",0.2,0.04
-2.94478384535505,5.02619293433906,1,1,"Shpk","C1qb",0.2,0.04
-2.94478384535505,5.02619293433906,1,1,"Sgsm2","C1qb",0.2,0.04
-2.94478384535505,5.02619293433906,1,1,"Fam57a","C1qb",0.2,0.04
-2.94478384535505,5.02619293433906,1,1,"Gm10392","C1qb",0.2,0.04
-2.94478384535505,5.02619293433906,1,1,"Dhrs13","C1qb",0.2,0.04
-2.94478384535505,5.02619293433906,1,1,"Spag5","C1qb",0.2,0.04
-2.94478384535505,5.02619293433906,1,1,"Slc46a1","C1qb",0.2,0.04
-2.94478384535505,5.02619293433906,1,1,"9130204K15Rik","C1qb",0.2,0.04
-2.94478384535505,5.02619293433906,1,1,"Ccl2","C1qb",0.2,0.04
-2.94478384535505,5.02619293433906,1,1,"Myo19","C1qb",0.2,0.04
-2.94478384535505,5.02619293433906,1,1,"Brip1","C1qb",0.2,0.04
-2.94478384535505,5.02619293433906,1,1,"Tubd1","C1qb",0.2,0.04
-2.94478384535505,5.02619293433906,1,1,"Ska2","C1qb",0.2,0.04
-2.94478384535505,5.02619293433906,1,1,"Cuedc1","C1qb",0.2,0.04
-2.94478384535505,5.02619293433906,1,1,"Pctp","C1qb",0.2,0.04
-2.94478384535505,5.02619293433906,1,1,"Hlf","C1qb",0.2,0.04
-2.94478384535505,5.02619293433906,1,1,"Xylt2","C1qb",0.2,0.04
-2.94478384535505,5.02619293433906,1,1,"Hoxb2","C1qb",0.2,0.04
-2.94478384535505,5.02619293433906,1,1,"Copz2","C1qb",0.2,0.04
-2.94478384535505,5.02619293433906,1,1,"Mrpl45","C1qb",0.2,0.04
-2.94478384535505,5.02619293433906,1,1,"Socs7","C1qb",0.2,0.04
-2.94478384535505,5.02619293433906,1,1,"Epop","C1qb",0.2,0.04
-2.94478384535505,5.02619293433906,1,1,"Cisd3","C1qb",0.2,0.04
-2.94478384535505,5.02619293433906,1,1,"Gm12355","C1qb",0.2,0.04
-2.94478384535505,5.02619293433906,1,1,"Nr1d1","C1qb",0.2,0.04
-2.94478384535505,5.02619293433906,1,1,"Krt10","C1qb",0.2,0.04
-2.94478384535505,5.02619293433906,1,1,"P3h4","C1qb",0.2,0.04
-2.94478384535505,5.02619293433906,1,1,"Vps25","C1qb",0.2,0.04
-2.94478384535505,5.02619293433906,1,1,"Aarsd1","C1qb",0.2,0.04
-2.94478384535505,5.02619293433906,1,1,"Ptges3l","C1qb",0.2,0.04
-2.94478384535505,5.02619293433906,1,1,"Rdm1","C1qb",0.2,0.04
-2.94478384535505,5.02619293433906,1,1,"Arl4d","C1qb",0.2,0.04
-2.94478384535505,5.02619293433906,1,1,"Cd300lg","C1qb",0.2,0.04
-2.94478384535505,5.02619293433906,1,1,"Tmem101","C1qb",0.2,0.04
-2.94478384535505,5.02619293433906,1,1,"Tmub2","C1qb",0.2,0.04
-2.94478384535505,5.02619293433906,1,1,"Kif18b","C1qb",0.2,0.04
-2.94478384535505,5.02619293433906,1,1,"Arhgap27os3","C1qb",0.2,0.04
-2.94478384535505,5.02619293433906,1,1,"Arhgap27os2","C1qb",0.2,0.04
-2.94478384535505,5.02619293433906,1,1,"Myl4","C1qb",0.2,0.04
-2.94478384535505,5.02619293433906,1,1,"1700052K11Rik","C1qb",0.2,0.04
-2.94478384535505,5.02619293433906,1,1,"Milr1","C1qb",0.2,0.04
-2.94478384535505,5.02619293433906,1,1,"1810010H24Rik","C1qb",0.2,0.04
-2.94478384535505,5.02619293433906,1,1,"Gm11697","C1qb",0.2,0.04
-2.94478384535505,5.02619293433906,1,1,"Abca9","C1qb",0.2,0.04
-2.94478384535505,5.02619293433906,1,1,"Abca5","C1qb",0.2,0.04
-2.94478384535505,5.02619293433906,1,1,"2610035D17Rik","C1qb",0.2,0.04
-2.94478384535505,5.02619293433906,1,1,"Cdc42ep4","C1qb",0.2,0.04
-2.94478384535505,5.02619293433906,1,1,"Nat9","C1qb",0.2,0.04
-2.94478384535505,5.02619293433906,1,1,"Fads6","C1qb",0.2,0.04
-2.94478384535505,5.02619293433906,1,1,"Cdr2l","C1qb",0.2,0.04
-2.94478384535505,5.02619293433906,1,1,"Tmc6","C1qb",0.2,0.04
-2.94478384535505,5.02619293433906,1,1,"Tmc8","C1qb",0.2,0.04
-2.94478384535505,5.02619293433906,1,1,"Cbx2","C1qb",0.2,0.04
-2.94478384535505,5.02619293433906,1,1,"Tbc1d16","C1qb",0.2,0.04
-2.94478384535505,5.02619293433906,1,1,"Gaa","C1qb",0.2,0.04
-2.94478384535505,5.02619293433906,1,1,"Slc26a11","C1qb",0.2,0.04
-2.94478384535505,5.02619293433906,1,1,"Bahcc1","C1qb",0.2,0.04
-2.94478384535505,5.02619293433906,1,1,"Gm17586","C1qb",0.2,0.04
-2.94478384535505,5.02619293433906,1,1,"Rac3","C1qb",0.2,0.04
-2.94478384535505,5.02619293433906,1,1,"Fn3krp","C1qb",0.2,0.04
-2.94478384535505,5.02619293433906,1,1,"Akr1c12","C1qb",0.2,0.04
-2.94478384535505,5.02619293433906,1,1,"Gm47802","C1qb",0.2,0.04
-2.94478384535505,5.02619293433906,1,1,"Ero1lb","C1qb",0.2,0.04
-2.94478384535505,5.02619293433906,1,1,"Zscan12","C1qb",0.2,0.04
-2.94478384535505,5.02619293433906,1,1,"Pgbd1","C1qb",0.2,0.04
-2.94478384535505,5.02619293433906,1,1,"Gm11273","C1qb",0.2,0.04
-2.94478384535505,5.02619293433906,1,1,"Hist1h2bm","C1qb",0.2,0.04
-2.94478384535505,5.02619293433906,1,1,"Hist1h2bj","C1qb",0.2,0.04
-2.94478384535505,5.02619293433906,1,1,"Hist1h4h","C1qb",0.2,0.04
-2.94478384535505,5.02619293433906,1,1,"Hist1h4f","C1qb",0.2,0.04
-2.94478384535505,5.02619293433906,1,1,"Hist1h4d","C1qb",0.2,0.04
-2.94478384535505,5.02619293433906,1,1,"Hist1h3c","C1qb",0.2,0.04
-2.94478384535505,5.02619293433906,1,1,"Aldh5a1","C1qb",0.2,0.04
-2.94478384535505,5.02619293433906,1,1,"E2f3","C1qb",0.2,0.04
-2.94478384535505,5.02619293433906,1,1,"Mboat1","C1qb",0.2,0.04
-2.94478384535505,5.02619293433906,1,1,"Pxdc1","C1qb",0.2,0.04
-2.94478384535505,5.02619293433906,1,1,"AI463229","C1qb",0.2,0.04
-2.94478384535505,5.02619293433906,1,1,"Slc35b3","C1qb",0.2,0.04
-2.94478384535505,5.02619293433906,1,1,"Tpmt","C1qb",0.2,0.04
-2.94478384535505,5.02619293433906,1,1,"6720427I07Rik","C1qb",0.2,0.04
-2.94478384535505,5.02619293433906,1,1,"Ptpdc1","C1qb",0.2,0.04
-2.94478384535505,5.02619293433906,1,1,"Fam120aos","C1qb",0.2,0.04
-2.94478384535505,5.02619293433906,1,1,"Ecm2","C1qb",0.2,0.04
-2.94478384535505,5.02619293433906,1,1,"Ogn","C1qb",0.2,0.04
-2.94478384535505,5.02619293433906,1,1,"Diras2","C1qb",0.2,0.04
-2.94478384535505,5.02619293433906,1,1,"Simc1","C1qb",0.2,0.04
-2.94478384535505,5.02619293433906,1,1,"Unc5a","C1qb",0.2,0.04
-2.94478384535505,5.02619293433906,1,1,"Gas1","C1qb",0.2,0.04
-2.94478384535505,5.02619293433906,1,1,"Zfp934","C1qb",0.2,0.04
-2.94478384535505,5.02619293433906,1,1,"6720489N17Rik","C1qb",0.2,0.04
-2.94478384535505,5.02619293433906,1,1,"Platr25","C1qb",0.2,0.04
-2.94478384535505,5.02619293433906,1,1,"Gm5141","C1qb",0.2,0.04
-2.94478384535505,5.02619293433906,1,1,"Ptch1","C1qb",0.2,0.04
-2.94478384535505,5.02619293433906,1,1,"Zfp759","C1qb",0.2,0.04
-2.94478384535505,5.02619293433906,1,1,"Zfp455","C1qb",0.2,0.04
-2.94478384535505,5.02619293433906,1,1,"Zfp595","C1qb",0.2,0.04
-2.94478384535505,5.02619293433906,1,1,"Zfp953","C1qb",0.2,0.04
-2.94478384535505,5.02619293433906,1,1,"Zfp58","C1qb",0.2,0.04
-2.94478384535505,5.02619293433906,1,1,"Zfp729b","C1qb",0.2,0.04
-2.94478384535505,5.02619293433906,1,1,"Zfp729a","C1qb",0.2,0.04
-2.94478384535505,5.02619293433906,1,1,"Tert","C1qb",0.2,0.04
-2.94478384535505,5.02619293433906,1,1,"Nkd2","C1qb",0.2,0.04
-2.94478384535505,5.02619293433906,1,1,"Gm47469","C1qb",0.2,0.04
-2.94478384535505,5.02619293433906,1,1,"Gm46430","C1qb",0.2,0.04
-2.94478384535505,5.02619293433906,1,1,"Tmem161b","C1qb",0.2,0.04
-2.94478384535505,5.02619293433906,1,1,"Gm4117","C1qb",0.2,0.04
-2.94478384535505,5.02619293433906,1,1,"Atg10","C1qb",0.2,0.04
-2.94478384535505,5.02619293433906,1,1,"Mtx3","C1qb",0.2,0.04
-2.94478384535505,5.02619293433906,1,1,"Gm10320","C1qb",0.2,0.04
-2.94478384535505,5.02619293433906,1,1,"Mrps27","C1qb",0.2,0.04
-2.94478384535505,5.02619293433906,1,1,"Cwc27","C1qb",0.2,0.04
-2.94478384535505,5.02619293433906,1,1,"Rgs7bp","C1qb",0.2,0.04
-2.94478384535505,5.02619293433906,1,1,"Depdc1b","C1qb",0.2,0.04
-2.94478384535505,5.02619293433906,1,1,"Pelo","C1qb",0.2,0.04
-2.94478384535505,5.02619293433906,1,1,"Klhl29","C1qb",0.2,0.04
-2.94478384535505,5.02619293433906,1,1,"Hs1bp3","C1qb",0.2,0.04
-2.94478384535505,5.02619293433906,1,1,"Wdr35","C1qb",0.2,0.04
-2.94478384535505,5.02619293433906,1,1,"Asap2","C1qb",0.2,0.04
-2.94478384535505,5.02619293433906,1,1,"Grhl1","C1qb",0.2,0.04
-2.94478384535505,5.02619293433906,1,1,"Twist1","C1qb",0.2,0.04
-2.94478384535505,5.02619293433906,1,1,"Hdac9","C1qb",0.2,0.04
-2.94478384535505,5.02619293433906,1,1,"Etv1","C1qb",0.2,0.04
-2.94478384535505,5.02619293433906,1,1,"Gm17056","C1qb",0.2,0.04
-2.94478384535505,5.02619293433906,1,1,"Nrcam","C1qb",0.2,0.04
-2.94478384535505,5.02619293433906,1,1,"Srp54a","C1qb",0.2,0.04
-2.94478384535505,5.02619293433906,1,1,"Prps1l3","C1qb",0.2,0.04
-2.94478384535505,5.02619293433906,1,1,"Mipol1","C1qb",0.2,0.04
-2.94478384535505,5.02619293433906,1,1,"Klhl28","C1qb",0.2,0.04
-2.94478384535505,5.02619293433906,1,1,"Atp5s","C1qb",0.2,0.04
-2.94478384535505,5.02619293433906,1,1,"Six4","C1qb",0.2,0.04
-2.94478384535505,5.02619293433906,1,1,"Gm47689","C1qb",0.2,0.04
-2.94478384535505,5.02619293433906,1,1,"Zbtb25","C1qb",0.2,0.04
-2.94478384535505,5.02619293433906,1,1,"Fntb","C1qb",0.2,0.04
-2.94478384535505,5.02619293433906,1,1,"Zfyve26","C1qb",0.2,0.04
-2.94478384535505,5.02619293433906,1,1,"Gm26669","C1qb",0.2,0.04
-2.94478384535505,5.02619293433906,1,1,"Dcaf5","C1qb",0.2,0.04
-2.94478384535505,5.02619293433906,1,1,"Gm30025","C1qb",0.2,0.04
-2.94478384535505,5.02619293433906,1,1,"Exd2","C1qb",0.2,0.04
-2.94478384535505,5.02619293433906,1,1,"Dnal1","C1qb",0.2,0.04
-2.94478384535505,5.02619293433906,1,1,"Entpd5","C1qb",0.2,0.04
-2.94478384535505,5.02619293433906,1,1,"Aldh6a1","C1qb",0.2,0.04
-2.94478384535505,5.02619293433906,1,1,"Batf","C1qb",0.2,0.04
-2.94478384535505,5.02619293433906,1,1,"Cep128","C1qb",0.2,0.04
-2.94478384535505,5.02619293433906,1,1,"Ston2","C1qb",0.2,0.04
-2.94478384535505,5.02619293433906,1,1,"Kcnk13","C1qb",0.2,0.04
-2.94478384535505,5.02619293433906,1,1,"Gm26723","C1qb",0.2,0.04
-2.94478384535505,5.02619293433906,1,1,"Dglucy","C1qb",0.2,0.04
-2.94478384535505,5.02619293433906,1,1,"Syne3","C1qb",0.2,0.04
-2.94478384535505,5.02619293433906,1,1,"Eml1","C1qb",0.2,0.04
-2.94478384535505,5.02619293433906,1,1,"Begain","C1qb",0.2,0.04
-2.94478384535505,5.02619293433906,1,1,"Gm35558.1","C1qb",0.2,0.04
-2.94478384535505,5.02619293433906,1,1,"Traf3","C1qb",0.2,0.04
-2.94478384535505,5.02619293433906,1,1,"Trmt61a","C1qb",0.2,0.04
-2.94478384535505,5.02619293433906,1,1,"Xrcc3","C1qb",0.2,0.04
-2.94478384535505,5.02619293433906,1,1,"Wdr60","C1qb",0.2,0.04
-2.94478384535505,5.02619293433906,1,1,"Osmr","C1qb",0.2,0.04
-2.94478384535505,5.02619293433906,1,1,"Gm49207","C1qb",0.2,0.04
-2.94478384535505,5.02619293433906,1,1,"Adamts12","C1qb",0.2,0.04
-2.94478384535505,5.02619293433906,1,1,"Pdzd2","C1qb",0.2,0.04
-2.94478384535505,5.02619293433906,1,1,"Drosha","C1qb",0.2,0.04
-2.94478384535505,5.02619293433906,1,1,"Fbxl7","C1qb",0.2,0.04
-2.94478384535505,5.02619293433906,1,1,"Cmbl","C1qb",0.2,0.04
-2.94478384535505,5.02619293433906,1,1,"Gm17473","C1qb",0.2,0.04
-2.94478384535505,5.02619293433906,1,1,"Mtbp","C1qb",0.2,0.04
-2.94478384535505,5.02619293433906,1,1,"Zhx2","C1qb",0.2,0.04
-2.94478384535505,5.02619293433906,1,1,"Trmt12","C1qb",0.2,0.04
-2.94478384535505,5.02619293433906,1,1,"Sqle","C1qb",0.2,0.04
-2.94478384535505,5.02619293433906,1,1,"Pvt1","C1qb",0.2,0.04
-2.94478384535505,5.02619293433906,1,1,"Them6","C1qb",0.2,0.04
-2.94478384535505,5.02619293433906,1,1,"Top1mt","C1qb",0.2,0.04
-2.94478384535505,5.02619293433906,1,1,"Nrbp2","C1qb",0.2,0.04
-2.94478384535505,5.02619293433906,1,1,"Foxred2","C1qb",0.2,0.04
-2.94478384535505,5.02619293433906,1,1,"AL590144.2","C1qb",0.2,0.04
-2.94478384535505,5.02619293433906,1,1,"Card10","C1qb",0.2,0.04
-2.94478384535505,5.02619293433906,1,1,"Pdxp","C1qb",0.2,0.04
-2.94478384535505,5.02619293433906,1,1,"Kdelr3","C1qb",0.2,0.04
-2.94478384535505,5.02619293433906,1,1,"Cbx7","C1qb",0.2,0.04
-2.94478384535505,5.02619293433906,1,1,"Mkl1","C1qb",0.2,0.04
-2.94478384535505,5.02619293433906,1,1,"L3mbtl2","C1qb",0.2,0.04
-2.94478384535505,5.02619293433906,1,1,"Shisa8","C1qb",0.2,0.04
-2.94478384535505,5.02619293433906,1,1,"Sept3","C1qb",0.2,0.04
-2.94478384535505,5.02619293433906,1,1,"1700001L05Rik","C1qb",0.2,0.04
-2.94478384535505,5.02619293433906,1,1,"Ttll1","C1qb",0.2,0.04
-2.94478384535505,5.02619293433906,1,1,"Mcat","C1qb",0.2,0.04
-2.94478384535505,5.02619293433906,1,1,"Parvb","C1qb",0.2,0.04
-2.94478384535505,5.02619293433906,1,1,"Rtl6","C1qb",0.2,0.04
-2.94478384535505,5.02619293433906,1,1,"Gm29666","C1qb",0.2,0.04
-2.94478384535505,5.02619293433906,1,1,"AC162302.1","C1qb",0.2,0.04
-2.94478384535505,5.02619293433906,1,1,"Gtse1","C1qb",0.2,0.04
-2.94478384535505,5.02619293433906,1,1,"Trmu","C1qb",0.2,0.04
-2.94478384535505,5.02619293433906,1,1,"Celsr1","C1qb",0.2,0.04
-2.94478384535505,5.02619293433906,1,1,"Gramd4","C1qb",0.2,0.04
-2.94478384535505,5.02619293433906,1,1,"Alg12","C1qb",0.2,0.04
-2.94478384535505,5.02619293433906,1,1,"Tubgcp6","C1qb",0.2,0.04
-2.94478384535505,5.02619293433906,1,1,"Mapk12","C1qb",0.2,0.04
-2.94478384535505,5.02619293433906,1,1,"Dennd6b","C1qb",0.2,0.04
-2.94478384535505,5.02619293433906,1,1,"Ppp6r2","C1qb",0.2,0.04
-2.94478384535505,5.02619293433906,1,1,"Lmf2","C1qb",0.2,0.04
-2.94478384535505,5.02619293433906,1,1,"Rabl2","C1qb",0.2,0.04
-2.94478384535505,5.02619293433906,1,1,"Pphln1","C1qb",0.2,0.04
-2.94478384535505,5.02619293433906,1,1,"Pced1b","C1qb",0.2,0.04
-2.94478384535505,5.02619293433906,1,1,"Rhebl1","C1qb",0.2,0.04
-2.94478384535505,5.02619293433906,1,1,"Spats2","C1qb",0.2,0.04
-2.94478384535505,5.02619293433906,1,1,"Nckap5l","C1qb",0.2,0.04
-2.94478384535505,5.02619293433906,1,1,"Pou6f1","C1qb",0.2,0.04
-2.94478384535505,5.02619293433906,1,1,"Galnt6","C1qb",0.2,0.04
-2.94478384535505,5.02619293433906,1,1,"AC163018.1","C1qb",0.2,0.04
-2.94478384535505,5.02619293433906,1,1,"Zfp740","C1qb",0.2,0.04
-2.94478384535505,5.02619293433906,1,1,"Map3k12","C1qb",0.2,0.04
-2.94478384535505,5.02619293433906,1,1,"Calcoco1","C1qb",0.2,0.04
-2.94478384535505,5.02619293433906,1,1,"Zfp597","C1qb",0.2,0.04
-2.94478384535505,5.02619293433906,1,1,"1700037C18Rik","C1qb",0.2,0.04
-2.94478384535505,5.02619293433906,1,1,"Cluap1","C1qb",0.2,0.04
-2.94478384535505,5.02619293433906,1,1,"Slx4","C1qb",0.2,0.04
-2.94478384535505,5.02619293433906,1,1,"Vasn","C1qb",0.2,0.04
-2.94478384535505,5.02619293433906,1,1,"Anks3","C1qb",0.2,0.04
-2.94478384535505,5.02619293433906,1,1,"Abat","C1qb",0.2,0.04
-2.94478384535505,5.02619293433906,1,1,"Carhsp1","C1qb",0.2,0.04
-2.94478384535505,5.02619293433906,1,1,"Rpl39l","C1qb",0.2,0.04
-2.94478384535505,5.02619293433906,1,1,"Ifitm7","C1qb",0.2,0.04
-2.94478384535505,5.02619293433906,1,1,"Mzt2","C1qb",0.2,0.04
-2.94478384535505,5.02619293433906,1,1,"Yars2","C1qb",0.2,0.04
-2.94478384535505,5.02619293433906,1,1,"Vpreb1","C1qb",0.2,0.04
-2.94478384535505,5.02619293433906,1,1,"2610318N02Rik","C1qb",0.2,0.04
-2.94478384535505,5.02619293433906,1,1,"Cdc45","C1qb",0.2,0.04
-2.94478384535505,5.02619293433906,1,1,"Map6d1","C1qb",0.2,0.04
-2.94478384535505,5.02619293433906,1,1,"Abcf3","C1qb",0.2,0.04
-2.94478384535505,5.02619293433906,1,1,"Eef1akmt4","C1qb",0.2,0.04
-2.94478384535505,5.02619293433906,1,1,"Ephb3","C1qb",0.2,0.04
-2.94478384535505,5.02619293433906,1,1,"Lppos","C1qb",0.2,0.04
-2.94478384535505,5.02619293433906,1,1,"P3h2","C1qb",0.2,0.04
-2.94478384535505,5.02619293433906,1,1,"Cldn1","C1qb",0.2,0.04
-2.94478384535505,5.02619293433906,1,1,"4632428C04Rik","C1qb",0.2,0.04
-2.94478384535505,5.02619293433906,1,1,"Apod","C1qb",0.2,0.04
-2.94478384535505,5.02619293433906,1,1,"Senp5","C1qb",0.2,0.04
-2.94478384535505,5.02619293433906,1,1,"Bex6","C1qb",0.2,0.04
-2.94478384535505,5.02619293433906,1,1,"Lmln","C1qb",0.2,0.04
-2.94478384535505,5.02619293433906,1,1,"Ccdc14","C1qb",0.2,0.04
-2.94478384535505,5.02619293433906,1,1,"AC110166.2","C1qb",0.2,0.04
-2.94478384535505,5.02619293433906,1,1,"Pdia5","C1qb",0.2,0.04
-2.94478384535505,5.02619293433906,1,1,"Polq","C1qb",0.2,0.04
-2.94478384535505,5.02619293433906,1,1,"Arhgap31","C1qb",0.2,0.04
-2.94478384535505,5.02619293433906,1,1,"B4galt4","C1qb",0.2,0.04
-2.94478384535505,5.02619293433906,1,1,"AC161607.1","C1qb",0.2,0.04
-2.94478384535505,5.02619293433906,1,1,"Boc","C1qb",0.2,0.04
-2.94478384535505,5.02619293433906,1,1,"Cd200","C1qb",0.2,0.04
-2.94478384535505,5.02619293433906,1,1,"Cblb","C1qb",0.2,0.04
-2.94478384535505,5.02619293433906,1,1,"Abi3bp","C1qb",0.2,0.04
-2.94478384535505,5.02619293433906,1,1,"Dcbld2","C1qb",0.2,0.04
-2.94478384535505,5.02619293433906,1,1,"Arl6","C1qb",0.2,0.04
-2.94478384535505,5.02619293433906,1,1,"Zfp654","C1qb",0.2,0.04
-2.94478384535505,5.02619293433906,1,1,"Gbe1","C1qb",0.2,0.04
-2.94478384535505,5.02619293433906,1,1,"Eva1c","C1qb",0.2,0.04
-2.94478384535505,5.02619293433906,1,1,"Donson","C1qb",0.2,0.04
-2.94478384535505,5.02619293433906,1,1,"Wrb","C1qb",0.2,0.04
-2.94478384535505,5.02619293433906,1,1,"A630089N07Rik","C1qb",0.2,0.04
-2.94478384535505,5.02619293433906,1,1,"Tiam2","C1qb",0.2,0.04
-2.94478384535505,5.02619293433906,1,1,"Fgfr1op","C1qb",0.2,0.04
-2.94478384535505,5.02619293433906,1,1,"Thbs2","C1qb",0.2,0.04
-2.94478384535505,5.02619293433906,1,1,"Wdr27","C1qb",0.2,0.04
-2.94478384535505,5.02619293433906,1,1,"Lix1","C1qb",0.2,0.04
-2.94478384535505,5.02619293433906,1,1,"Zfp948","C1qb",0.2,0.04
-2.94478384535505,5.02619293433906,1,1,"Zfp758","C1qb",0.2,0.04
-2.94478384535505,5.02619293433906,1,1,"Zfp13","C1qb",0.2,0.04
-2.94478384535505,5.02619293433906,1,1,"Tnfrsf12a","C1qb",0.2,0.04
-2.94478384535505,5.02619293433906,1,1,"Tedc2","C1qb",0.2,0.04
-2.94478384535505,5.02619293433906,1,1,"Ccnf","C1qb",0.2,0.04
-2.94478384535505,5.02619293433906,1,1,"Rab26os","C1qb",0.2,0.04
-2.94478384535505,5.02619293433906,1,1,"Tbl3","C1qb",0.2,0.04
-2.94478384535505,5.02619293433906,1,1,"Ift140","C1qb",0.2,0.04
-2.94478384535505,5.02619293433906,1,1,"Unkl","C1qb",0.2,0.04
-2.94478384535505,5.02619293433906,1,1,"Chtf18","C1qb",0.2,0.04
-2.94478384535505,5.02619293433906,1,1,"Phf1","C1qb",0.2,0.04
-2.94478384535505,5.02619293433906,1,1,"Syngap1","C1qb",0.2,0.04
-2.94478384535505,5.02619293433906,1,1,"Ggnbp1","C1qb",0.2,0.04
-2.94478384535505,5.02619293433906,1,1,"Itpr3","C1qb",0.2,0.04
-2.94478384535505,5.02619293433906,1,1,"Zfp523","C1qb",0.2,0.04
-2.94478384535505,5.02619293433906,1,1,"Brpf3","C1qb",0.2,0.04
-2.94478384535505,5.02619293433906,1,1,"Cpne5","C1qb",0.2,0.04
-2.94478384535505,5.02619293433906,1,1,"1700097N02Rik","C1qb",0.2,0.04
-2.94478384535505,5.02619293433906,1,1,"Rrp1b","C1qb",0.2,0.04
-2.94478384535505,5.02619293433906,1,1,"Akap8l","C1qb",0.2,0.04
-2.94478384535505,5.02619293433906,1,1,"Zfp870","C1qb",0.2,0.04
-2.94478384535505,5.02619293433906,1,1,"Cyp4f13","C1qb",0.2,0.04
-2.94478384535505,5.02619293433906,1,1,"Zfp472","C1qb",0.2,0.04
-2.94478384535505,5.02619293433906,1,1,"Zfp763","C1qb",0.2,0.04
-2.94478384535505,5.02619293433906,1,1,"Adamts10","C1qb",0.2,0.04
-2.94478384535505,5.02619293433906,1,1,"Zfp414","C1qb",0.2,0.04
-2.94478384535505,5.02619293433906,1,1,"Gm20506","C1qb",0.2,0.04
-2.94478384535505,5.02619293433906,1,1,"Zbtb12","C1qb",0.2,0.04
-2.94478384535505,5.02619293433906,1,1,"Sapcd1","C1qb",0.2,0.04
-2.94478384535505,5.02619293433906,1,1,"Ly6g6d","C1qb",0.2,0.04
-2.94478384535505,5.02619293433906,1,1,"Tnf","C1qb",0.2,0.04
-2.94478384535505,5.02619293433906,1,1,"Vars2","C1qb",0.2,0.04
-2.94478384535505,5.02619293433906,1,1,"Ddr1","C1qb",0.2,0.04
-2.94478384535505,5.02619293433906,1,1,"Dhx16","C1qb",0.2,0.04
-2.94478384535505,5.02619293433906,1,1,"Gnl1","C1qb",0.2,0.04
-2.94478384535505,5.02619293433906,1,1,"Gabbr1","C1qb",0.2,0.04
-2.94478384535505,5.02619293433906,1,1,"Ubd","C1qb",0.2,0.04
-2.94478384535505,5.02619293433906,1,1,"Runx2os1","C1qb",0.2,0.04
-2.94478384535505,5.02619293433906,1,1,"Supt3","C1qb",0.2,0.04
-2.94478384535505,5.02619293433906,1,1,"Aars2","C1qb",0.2,0.04
-2.94478384535505,5.02619293433906,1,1,"Capn11","C1qb",0.2,0.04
-2.94478384535505,5.02619293433906,1,1,"Vegfa","C1qb",0.2,0.04
-2.94478384535505,5.02619293433906,1,1,"Mad2l1bp","C1qb",0.2,0.04
-2.94478384535505,5.02619293433906,1,1,"Polh","C1qb",0.2,0.04
-2.94478384535505,5.02619293433906,1,1,"Mdfi","C1qb",0.2,0.04
-2.94478384535505,5.02619293433906,1,1,"Foxp4","C1qb",0.2,0.04
-2.94478384535505,5.02619293433906,1,1,"Daam2","C1qb",0.2,0.04
-2.94478384535505,5.02619293433906,1,1,"Sgo1","C1qb",0.2,0.04
-2.94478384535505,5.02619293433906,1,1,"Vmac","C1qb",0.2,0.04
-2.94478384535505,5.02619293433906,1,1,"Trip10","C1qb",0.2,0.04
-2.94478384535505,5.02619293433906,1,1,"Efna5","C1qb",0.2,0.04
-2.94478384535505,5.02619293433906,1,1,"Ddx11","C1qb",0.2,0.04
-2.94478384535505,5.02619293433906,1,1,"Ndc80","C1qb",0.2,0.04
-2.94478384535505,5.02619293433906,1,1,"Ehd3","C1qb",0.2,0.04
-2.94478384535505,5.02619293433906,1,1,"Ndufaf7","C1qb",0.2,0.04
-2.94478384535505,5.02619293433906,1,1,"Map4k3","C1qb",0.2,0.04
-2.94478384535505,5.02619293433906,1,1,"Kcng3","C1qb",0.2,0.04
-2.94478384535505,5.02619293433906,1,1,"Haao","C1qb",0.2,0.04
-2.94478384535505,5.02619293433906,1,1,"Plekhh2","C1qb",0.2,0.04
-2.94478384535505,5.02619293433906,1,1,"Crem","C1qb",0.2,0.04
-2.94478384535505,5.02619293433906,1,1,"Bambi","C1qb",0.2,0.04
-2.94478384535505,5.02619293433906,1,1,"Fzd8","C1qb",0.2,0.04
-2.94478384535505,5.02619293433906,1,1,"Abhd3","C1qb",0.2,0.04
-2.94478384535505,5.02619293433906,1,1,"Ankrd29","C1qb",0.2,0.04
-2.94478384535505,5.02619293433906,1,1,"Zfp521","C1qb",0.2,0.04
-2.94478384535505,5.02619293433906,1,1,"Kctd1","C1qb",0.2,0.04
-2.94478384535505,5.02619293433906,1,1,"Garem1","C1qb",0.2,0.04
-2.94478384535505,5.02619293433906,1,1,"2700062C07Rik","C1qb",0.2,0.04
-2.94478384535505,5.02619293433906,1,1,"AW554918","C1qb",0.2,0.04
-2.94478384535505,5.02619293433906,1,1,"Lims2","C1qb",0.2,0.04
-2.94478384535505,5.02619293433906,1,1,"Tslp","C1qb",0.2,0.04
-2.94478384535505,5.02619293433906,1,1,"Cdc25c","C1qb",0.2,0.04
-2.94478384535505,5.02619293433906,1,1,"Gm28285","C1qb",0.2,0.04
-2.94478384535505,5.02619293433906,1,1,"Spata24","C1qb",0.2,0.04
-2.94478384535505,5.02619293433906,1,1,"Pcdhb22","C1qb",0.2,0.04
-2.94478384535505,5.02619293433906,1,1,"Pcdhga10","C1qb",0.2,0.04
-2.94478384535505,5.02619293433906,1,1,"Fchsd1","C1qb",0.2,0.04
-2.94478384535505,5.02619293433906,1,1,"1700086O06Rik","C1qb",0.2,0.04
-2.94478384535505,5.02619293433906,1,1,"Ndfip1","C1qb",0.2,0.04
-2.94478384535505,5.02619293433906,1,1,"Pggt1b","C1qb",0.2,0.04
-2.94478384535505,5.02619293433906,1,1,"Commd10","C1qb",0.2,0.04
-2.94478384535505,5.02619293433906,1,1,"Dtwd2","C1qb",0.2,0.04
-2.94478384535505,5.02619293433906,1,1,"Sncaip","C1qb",0.2,0.04
-2.94478384535505,5.02619293433906,1,1,"Snx24","C1qb",0.2,0.04
-2.94478384535505,5.02619293433906,1,1,"Gramd3","C1qb",0.2,0.04
-2.94478384535505,5.02619293433906,1,1,"Fbn2","C1qb",0.2,0.04
-2.94478384535505,5.02619293433906,1,1,"Camk2a","C1qb",0.2,0.04
-2.94478384535505,5.02619293433906,1,1,"Afap1l1","C1qb",0.2,0.04
-2.94478384535505,5.02619293433906,1,1,"Spink10","C1qb",0.2,0.04
-2.94478384535505,5.02619293433906,1,1,"Zfp532","C1qb",0.2,0.04
-2.94478384535505,5.02619293433906,1,1,"Ccbe1","C1qb",0.2,0.04
-2.94478384535505,5.02619293433906,1,1,"Fam210a","C1qb",0.2,0.04
-2.94478384535505,5.02619293433906,1,1,"Ska1","C1qb",0.2,0.04
-2.94478384535505,5.02619293433906,1,1,"Ctif","C1qb",0.2,0.04
-2.94478384535505,5.02619293433906,1,1,"8030462N17Rik","C1qb",0.2,0.04
-2.94478384535505,5.02619293433906,1,1,"Epg5","C1qb",0.2,0.04
-2.94478384535505,5.02619293433906,1,1,"Gm6133","C1qb",0.2,0.04
-2.94478384535505,5.02619293433906,1,1,"Cabp4","C1qb",0.2,0.04
-2.94478384535505,5.02619293433906,1,1,"Zdhhc24","C1qb",0.2,0.04
-2.94478384535505,5.02619293433906,1,1,"4930481A15Rik","C1qb",0.2,0.04
-2.94478384535505,5.02619293433906,1,1,"Mus81","C1qb",0.2,0.04
-2.94478384535505,5.02619293433906,1,1,"Gm42067","C1qb",0.2,0.04
-2.94478384535505,5.02619293433906,1,1,"Cdc42ep2","C1qb",0.2,0.04
-2.94478384535505,5.02619293433906,1,1,"Batf2","C1qb",0.2,0.04
-2.94478384535505,5.02619293433906,1,1,"Esrra","C1qb",0.2,0.04
-2.94478384535505,5.02619293433906,1,1,"Gpr137","C1qb",0.2,0.04
-2.94478384535505,5.02619293433906,1,1,"Fads3","C1qb",0.2,0.04
-2.94478384535505,5.02619293433906,1,1,"Dagla","C1qb",0.2,0.04
-2.94478384535505,5.02619293433906,1,1,"Tmem138","C1qb",0.2,0.04
-2.94478384535505,5.02619293433906,1,1,"Ccdc86","C1qb",0.2,0.04
-2.94478384535505,5.02619293433906,1,1,"Oosp1","C1qb",0.2,0.04
-2.94478384535505,5.02619293433906,1,1,"Cep78","C1qb",0.2,0.04
-2.94478384535505,5.02619293433906,1,1,"Prune2","C1qb",0.2,0.04
-2.94478384535505,5.02619293433906,1,1,"D030056L22Rik","C1qb",0.2,0.04
-2.94478384535505,5.02619293433906,1,1,"Apba1","C1qb",0.2,0.04
-2.94478384535505,5.02619293433906,1,1,"Pip5k1b","C1qb",0.2,0.04
-2.94478384535505,5.02619293433906,1,1,"Glis3","C1qb",0.2,0.04
-2.94478384535505,5.02619293433906,1,1,"Ranbp6","C1qb",0.2,0.04
-2.94478384535505,5.02619293433906,1,1,"2700046G09Rik","C1qb",0.2,0.04
-2.94478384535505,5.02619293433906,1,1,"Stambpl1","C1qb",0.2,0.04
-2.94478384535505,5.02619293433906,1,1,"Fas","C1qb",0.2,0.04
-2.94478384535505,5.02619293433906,1,1,"Ifit2","C1qb",0.2,0.04
-2.94478384535505,5.02619293433906,1,1,"Ifit3","C1qb",0.2,0.04
-2.94478384535505,5.02619293433906,1,1,"Ifit1","C1qb",0.2,0.04
-2.94478384535505,5.02619293433906,1,1,"Hectd2","C1qb",0.2,0.04
-2.94478384535505,5.02619293433906,1,1,"Plce1","C1qb",0.2,0.04
-2.94478384535505,5.02619293433906,1,1,"Entpd1","C1qb",0.2,0.04
-2.94478384535505,5.02619293433906,1,1,"Ccnj","C1qb",0.2,0.04
-2.94478384535505,5.02619293433906,1,1,"Zfp518a","C1qb",0.2,0.04
-2.94478384535505,5.02619293433906,1,1,"Gm340","C1qb",0.2,0.04
-2.94478384535505,5.02619293433906,1,1,"Rrp12","C1qb",0.2,0.04
-2.94478384535505,5.02619293433906,1,1,"Cnnm1","C1qb",0.2,0.04
-2.94478384535505,5.02619293433906,1,1,"Cox15","C1qb",0.2,0.04
-2.94478384535505,5.02619293433906,1,1,"Dnmbp","C1qb",0.2,0.04
-2.94478384535505,5.02619293433906,1,1,"Scd4","C1qb",0.2,0.04
-2.94478384535505,5.02619293433906,1,1,"Calhm2","C1qb",0.2,0.04
-2.94478384535505,5.02619293433906,1,1,"Gsto2","C1qb",0.2,0.04
-2.94478384535505,5.02619293433906,1,1,"Shoc2","C1qb",0.2,0.04
-2.94478384535505,5.02619293433906,1,1,"Hspa12a","C1qb",0.2,0.04
-2.94478384535505,5.02619293433906,1,1,"E330013P04Rik","C1qb",0.2,0.04
-2.94478384535505,5.02619293433906,1,1,"Fam204a","C1qb",0.2,0.04
-2.94478384535505,5.02619293433906,1,1,"Nanos1","C1qb",0.2,0.04
-2.94478384535505,5.02619293433906,1,1,"Grk5","C1qb",0.2,0.04
0.534307417487666,5.71385699426352,1,1,"Sgk3","C1qb",0.2,0.04
0.534307417487666,5.71385699426352,1,1,"Tsga10","C1qb",0.2,0.04
0.534307417487666,5.71385699426352,1,1,"Coq10b","C1qb",0.2,0.04
0.534307417487666,5.71385699426352,1,1,"Maip1","C1qb",0.2,0.04
0.534307417487666,5.71385699426352,1,1,"Raph1","C1qb",0.2,0.04
0.534307417487666,5.71385699426352,1,1,"Xpr1","C1qb",0.2,0.04
0.534307417487666,5.71385699426352,1,1,"Pogk","C1qb",0.2,0.04
0.534307417487666,5.71385699426352,1,1,"Flvcr1","C1qb",0.2,0.04
0.534307417487666,5.71385699426352,1,1,"Camk1d","C1qb",0.2,0.04
0.534307417487666,5.71385699426352,1,1,"Fam78a","C1qb",0.2,0.04
0.534307417487666,5.71385699426352,1,1,"Zbtb26","C1qb",0.2,0.04
0.534307417487666,5.71385699426352,1,1,"Nmi","C1qb",0.2,0.04
0.534307417487666,5.71385699426352,1,1,"Itgav","C1qb",0.2,0.04
0.534307417487666,5.71385699426352,1,1,"Med19","C1qb",0.2,0.04
0.534307417487666,5.71385699426352,1,1,"Pdhx","C1qb",0.2,0.04
0.534307417487666,5.71385699426352,1,1,"Dnajc24","C1qb",0.2,0.04
0.534307417487666,5.71385699426352,1,1,"Inafm2","C1qb",0.2,0.04
0.534307417487666,5.71385699426352,1,1,"Hdc","C1qb",0.2,0.04
0.534307417487666,5.71385699426352,1,1,"Rassf2","C1qb",0.2,0.04
0.534307417487666,5.71385699426352,1,1,"Plagl2","C1qb",0.2,0.04
0.534307417487666,5.71385699426352,1,1,"Pofut1","C1qb",0.2,0.04
0.534307417487666,5.71385699426352,1,1,"Cep250","C1qb",0.2,0.04
0.534307417487666,5.71385699426352,1,1,"Rbm12","C1qb",0.2,0.04
0.534307417487666,5.71385699426352,1,1,"Stau1","C1qb",0.2,0.04
0.534307417487666,5.71385699426352,1,1,"Mocs3","C1qb",0.2,0.04
0.534307417487666,5.71385699426352,1,1,"Lsm14b","C1qb",0.2,0.04
0.534307417487666,5.71385699426352,1,1,"Prpf6","C1qb",0.2,0.04
0.534307417487666,5.71385699426352,1,1,"Wdr45","C1qb",0.2,0.04
0.534307417487666,5.71385699426352,1,1,"Kdm6a","C1qb",0.2,0.04
0.534307417487666,5.71385699426352,1,1,"Vma21","C1qb",0.2,0.04
0.534307417487666,5.71385699426352,1,1,"Renbp","C1qb",0.2,0.04
0.534307417487666,5.71385699426352,1,1,"Yipf6","C1qb",0.2,0.04
0.534307417487666,5.71385699426352,1,1,"Rfx5","C1qb",0.2,0.04
0.534307417487666,5.71385699426352,1,1,"Tars2","C1qb",0.2,0.04
0.534307417487666,5.71385699426352,1,1,"Prpf3","C1qb",0.2,0.04
0.534307417487666,5.71385699426352,1,1,"Gpr89","C1qb",0.2,0.04
0.534307417487666,5.71385699426352,1,1,"Acp6","C1qb",0.2,0.04
0.534307417487666,5.71385699426352,1,1,"Dennd2d","C1qb",0.2,0.04
0.534307417487666,5.71385699426352,1,1,"Sass6","C1qb",0.2,0.04
0.534307417487666,5.71385699426352,1,1,"Bank1","C1qb",0.2,0.04
0.534307417487666,5.71385699426352,1,1,"Map3k7","C1qb",0.2,0.04
0.534307417487666,5.71385699426352,1,1,"Lyrm2","C1qb",0.2,0.04
0.534307417487666,5.71385699426352,1,1,"Ddx58","C1qb",0.2,0.04
0.534307417487666,5.71385699426352,1,1,"Nipsnap3b","C1qb",0.2,0.04
0.534307417487666,5.71385699426352,1,1,"Susd1","C1qb",0.2,0.04
0.534307417487666,5.71385699426352,1,1,"Scmh1","C1qb",0.2,0.04
0.534307417487666,5.71385699426352,1,1,"Ago1","C1qb",0.2,0.04
0.534307417487666,5.71385699426352,1,1,"Zmym1","C1qb",0.2,0.04
0.534307417487666,5.71385699426352,1,1,"Wdtc1","C1qb",0.2,0.04
0.534307417487666,5.71385699426352,1,1,"Hmgcl","C1qb",0.2,0.04
0.534307417487666,5.71385699426352,1,1,"Zfp46","C1qb",0.2,0.04
0.534307417487666,5.71385699426352,1,1,"Dffa","C1qb",0.2,0.04
0.534307417487666,5.71385699426352,1,1,"Lzic","C1qb",0.2,0.04
0.534307417487666,5.71385699426352,1,1,"Per3","C1qb",0.2,0.04
0.534307417487666,5.71385699426352,1,1,"Wrap73","C1qb",0.2,0.04
0.534307417487666,5.71385699426352,1,1,"A630072M18Rik","C1qb",0.2,0.04
0.534307417487666,5.71385699426352,1,1,"Ptpn12","C1qb",0.2,0.04
0.534307417487666,5.71385699426352,1,1,"Zfp512","C1qb",0.2,0.04
0.534307417487666,5.71385699426352,1,1,"N4bp2","C1qb",0.2,0.04
0.534307417487666,5.71385699426352,1,1,"Enoph1","C1qb",0.2,0.04
0.534307417487666,5.71385699426352,1,1,"Evi5","C1qb",0.2,0.04
0.534307417487666,5.71385699426352,1,1,"Rab35","C1qb",0.2,0.04
0.534307417487666,5.71385699426352,1,1,"Brap","C1qb",0.2,0.04
0.534307417487666,5.71385699426352,1,1,"Asl","C1qb",0.2,0.04
0.534307417487666,5.71385699426352,1,1,"Zfp12","C1qb",0.2,0.04
0.534307417487666,5.71385699426352,1,1,"Fam220a","C1qb",0.2,0.04
0.534307417487666,5.71385699426352,1,1,"Cyth3","C1qb",0.2,0.04
0.534307417487666,5.71385699426352,1,1,"N4bp2l1","C1qb",0.2,0.04
0.534307417487666,5.71385699426352,1,1,"Casd1","C1qb",0.2,0.04
0.534307417487666,5.71385699426352,1,1,"Gimap9","C1qb",0.2,0.04
0.534307417487666,5.71385699426352,1,1,"Rmnd5a","C1qb",0.2,0.04
0.534307417487666,5.71385699426352,1,1,"Ptcd3","C1qb",0.2,0.04
0.534307417487666,5.71385699426352,1,1,"Ino80b","C1qb",0.2,0.04
0.534307417487666,5.71385699426352,1,1,"Dctn1","C1qb",0.2,0.04
0.534307417487666,5.71385699426352,1,1,"Bms1","C1qb",0.2,0.04
0.534307417487666,5.71385699426352,1,1,"Lpcat3","C1qb",0.2,0.04
0.534307417487666,5.71385699426352,1,1,"Grcc10","C1qb",0.2,0.04
0.534307417487666,5.71385699426352,1,1,"Nop2","C1qb",0.2,0.04
0.534307417487666,5.71385699426352,1,1,"Tm7sf3","C1qb",0.2,0.04
0.534307417487666,5.71385699426352,1,1,"Fiz1","C1qb",0.2,0.04
0.534307417487666,5.71385699426352,1,1,"Inafm1","C1qb",0.2,0.04
0.534307417487666,5.71385699426352,1,1,"Zfp180","C1qb",0.2,0.04
0.534307417487666,5.71385699426352,1,1,"Ethe1","C1qb",0.2,0.04
0.534307417487666,5.71385699426352,1,1,"Atp1a3","C1qb",0.2,0.04
0.534307417487666,5.71385699426352,1,1,"Dmac2","C1qb",0.2,0.04
0.534307417487666,5.71385699426352,1,1,"Ccdc97","C1qb",0.2,0.04
0.534307417487666,5.71385699426352,1,1,"Nfkbid","C1qb",0.2,0.04
0.534307417487666,5.71385699426352,1,1,"4931406P16Rik","C1qb",0.2,0.04
0.534307417487666,5.71385699426352,1,1,"Pepd","C1qb",0.2,0.04
0.534307417487666,5.71385699426352,1,1,"Aldh16a1","C1qb",0.2,0.04
0.534307417487666,5.71385699426352,1,1,"Ap3s2","C1qb",0.2,0.04
0.534307417487666,5.71385699426352,1,1,"Vps33b","C1qb",0.2,0.04
0.534307417487666,5.71385699426352,1,1,"Rnf169","C1qb",0.2,0.04
0.534307417487666,5.71385699426352,1,1,"Swap70","C1qb",0.2,0.04
0.534307417487666,5.71385699426352,1,1,"Il21r","C1qb",0.2,0.04
0.534307417487666,5.71385699426352,1,1,"Phkg2","C1qb",0.2,0.04
0.534307417487666,5.71385699426352,1,1,"Lats1","C1qb",0.2,0.04
0.534307417487666,5.71385699426352,1,1,"Arhgap18","C1qb",0.2,0.04
0.534307417487666,5.71385699426352,1,1,"Cep57l1","C1qb",0.2,0.04
0.534307417487666,5.71385699426352,1,1,"Thop1","C1qb",0.2,0.04
0.534307417487666,5.71385699426352,1,1,"Pip5k1c","C1qb",0.2,0.04
0.534307417487666,5.71385699426352,1,1,"Smim24","C1qb",0.2,0.04
0.534307417487666,5.71385699426352,1,1,"Nfyb","C1qb",0.2,0.04
0.534307417487666,5.71385699426352,1,1,"Chpt1","C1qb",0.2,0.04
0.534307417487666,5.71385699426352,1,1,"Cdk17","C1qb",0.2,0.04
0.534307417487666,5.71385699426352,1,1,"Cnot2","C1qb",0.2,0.04
0.534307417487666,5.71385699426352,1,1,"Baz2a","C1qb",0.2,0.04
0.534307417487666,5.71385699426352,1,1,"Champ1","C1qb",0.2,0.04
0.534307417487666,5.71385699426352,1,1,"Cdkn2aip","C1qb",0.2,0.04
0.534307417487666,5.71385699426352,1,1,"Tmem184c","C1qb",0.2,0.04
0.534307417487666,5.71385699426352,1,1,"Anapc10","C1qb",0.2,0.04
0.534307417487666,5.71385699426352,1,1,"Cnep1r1","C1qb",0.2,0.04
0.534307417487666,5.71385699426352,1,1,"Rbl2","C1qb",0.2,0.04
0.534307417487666,5.71385699426352,1,1,"Fam96b","C1qb",0.2,0.04
0.534307417487666,5.71385699426352,1,1,"Nob1","C1qb",0.2,0.04
0.534307417487666,5.71385699426352,1,1,"Ap1g1","C1qb",0.2,0.04
0.534307417487666,5.71385699426352,1,1,"Mthfsd","C1qb",0.2,0.04
0.534307417487666,5.71385699426352,1,1,"Mvd","C1qb",0.2,0.04
0.534307417487666,5.71385699426352,1,1,"Saysd1","C1qb",0.2,0.04
0.534307417487666,5.71385699426352,1,1,"Tmem110","C1qb",0.2,0.04
0.534307417487666,5.71385699426352,1,1,"Glt8d1","C1qb",0.2,0.04
0.534307417487666,5.71385699426352,1,1,"Gnpnat1","C1qb",0.2,0.04
0.534307417487666,5.71385699426352,1,1,"Wdfy2","C1qb",0.2,0.04
0.534307417487666,5.71385699426352,1,1,"Pinx1","C1qb",0.2,0.04
0.534307417487666,5.71385699426352,1,1,"Elp3","C1qb",0.2,0.04
0.534307417487666,5.71385699426352,1,1,"Chmp7","C1qb",0.2,0.04
0.534307417487666,5.71385699426352,1,1,"Icam1","C1qb",0.2,0.04
0.534307417487666,5.71385699426352,1,1,"Rab27a","C1qb",0.2,0.04
0.534307417487666,5.71385699426352,1,1,"Nmnat3","C1qb",0.2,0.04
0.534307417487666,5.71385699426352,1,1,"Pik3r4","C1qb",0.2,0.04
0.534307417487666,5.71385699426352,1,1,"Rassf1","C1qb",0.2,0.04
0.534307417487666,5.71385699426352,1,1,"Nat6","C1qb",0.2,0.04
0.534307417487666,5.71385699426352,1,1,"Prkar2a","C1qb",0.2,0.04
0.534307417487666,5.71385699426352,1,1,"Ubp1","C1qb",0.2,0.04
0.534307417487666,5.71385699426352,1,1,"Vill","C1qb",0.2,0.04
0.534307417487666,5.71385699426352,1,1,"Eif4enif1","C1qb",0.2,0.04
0.534307417487666,5.71385699426352,1,1,"Cnrip1","C1qb",0.2,0.04
0.534307417487666,5.71385699426352,1,1,"Cep68","C1qb",0.2,0.04
0.534307417487666,5.71385699426352,1,1,"Snrnp25","C1qb",0.2,0.04
0.534307417487666,5.71385699426352,1,1,"Zfp62","C1qb",0.2,0.04
0.534307417487666,5.71385699426352,1,1,"Rufy1","C1qb",0.2,0.04
0.534307417487666,5.71385699426352,1,1,"Jade2","C1qb",0.2,0.04
0.534307417487666,5.71385699426352,1,1,"Flii","C1qb",0.2,0.04
0.534307417487666,5.71385699426352,1,1,"Ndel1","C1qb",0.2,0.04
0.534307417487666,5.71385699426352,1,1,"Elp5","C1qb",0.2,0.04
0.534307417487666,5.71385699426352,1,1,"Dhx33","C1qb",0.2,0.04
0.534307417487666,5.71385699426352,1,1,"Gosr1","C1qb",0.2,0.04
0.534307417487666,5.71385699426352,1,1,"Evi2","C1qb",0.2,0.04
0.534307417487666,5.71385699426352,1,1,"Scpep1","C1qb",0.2,0.04
0.534307417487666,5.71385699426352,1,1,"Naglu","C1qb",0.2,0.04
0.534307417487666,5.71385699426352,1,1,"Arf2","C1qb",0.2,0.04
0.534307417487666,5.71385699426352,1,1,"Jmjd6","C1qb",0.2,0.04
0.534307417487666,5.71385699426352,1,1,"Sirt7","C1qb",0.2,0.04
0.534307417487666,5.71385699426352,1,1,"Narf","C1qb",0.2,0.04
0.534307417487666,5.71385699426352,1,1,"Asb13","C1qb",0.2,0.04
0.534307417487666,5.71385699426352,1,1,"Pfkp","C1qb",0.2,0.04
0.534307417487666,5.71385699426352,1,1,"Tbce","C1qb",0.2,0.04
0.534307417487666,5.71385699426352,1,1,"Exoc2","C1qb",0.2,0.04
0.534307417487666,5.71385699426352,1,1,"Bphl","C1qb",0.2,0.04
0.534307417487666,5.71385699426352,1,1,"Mcur1","C1qb",0.2,0.04
0.534307417487666,5.71385699426352,1,1,"Rgs14","C1qb",0.2,0.04
0.534307417487666,5.71385699426352,1,1,"Naa35","C1qb",0.2,0.04
0.534307417487666,5.71385699426352,1,1,"Zfp367","C1qb",0.2,0.04
0.534307417487666,5.71385699426352,1,1,"Ice1","C1qb",0.2,0.04
0.534307417487666,5.71385699426352,1,1,"Ftl1-ps1","C1qb",0.2,0.04
0.534307417487666,5.71385699426352,1,1,"Serinc5","C1qb",0.2,0.04
0.534307417487666,5.71385699426352,1,1,"Ndufaf2","C1qb",0.2,0.04
0.534307417487666,5.71385699426352,1,1,"Gapt","C1qb",0.2,0.04
0.534307417487666,5.71385699426352,1,1,"Dhx29","C1qb",0.2,0.04
0.534307417487666,5.71385699426352,1,1,"Rab10os","C1qb",0.2,0.04
0.534307417487666,5.71385699426352,1,1,"Trappc12","C1qb",0.2,0.04
0.534307417487666,5.71385699426352,1,1,"2700049A03Rik","C1qb",0.2,0.04
0.534307417487666,5.71385699426352,1,1,"Mnat1","C1qb",0.2,0.04
0.534307417487666,5.71385699426352,1,1,"Slc39a9","C1qb",0.2,0.04
0.534307417487666,5.71385699426352,1,1,"Ttc33","C1qb",0.2,0.04
0.534307417487666,5.71385699426352,1,1,"Ptger4","C1qb",0.2,0.04
0.534307417487666,5.71385699426352,1,1,"Deptor","C1qb",0.2,0.04
0.534307417487666,5.71385699426352,1,1,"Tbc1d31","C1qb",0.2,0.04
0.534307417487666,5.71385699426352,1,1,"Tmem65","C1qb",0.2,0.04
0.534307417487666,5.71385699426352,1,1,"Trappc9","C1qb",0.2,0.04
0.534307417487666,5.71385699426352,1,1,"Mpst","C1qb",0.2,0.04
0.534307417487666,5.71385699426352,1,1,"Ttll12","C1qb",0.2,0.04
0.534307417487666,5.71385699426352,1,1,"Ddx23","C1qb",0.2,0.04
0.534307417487666,5.71385699426352,1,1,"Pmm2","C1qb",0.2,0.04
0.534307417487666,5.71385699426352,1,1,"Snap29","C1qb",0.2,0.04
0.534307417487666,5.71385699426352,1,1,"Dvl3","C1qb",0.2,0.04
0.534307417487666,5.71385699426352,1,1,"Mis18a","C1qb",0.2,0.04
0.534307417487666,5.71385699426352,1,1,"Cramp1l","C1qb",0.2,0.04
0.534307417487666,5.71385699426352,1,1,"Cdkn1a","C1qb",0.2,0.04
0.534307417487666,5.71385699426352,1,1,"B230354K17Rik","C1qb",0.2,0.04
0.534307417487666,5.71385699426352,1,1,"Lonp1","C1qb",0.2,0.04
0.534307417487666,5.71385699426352,1,1,"Atl2","C1qb",0.2,0.04
0.534307417487666,5.71385699426352,1,1,"Taf4b","C1qb",0.2,0.04
0.534307417487666,5.71385699426352,1,1,"Arap3","C1qb",0.2,0.04
0.534307417487666,5.71385699426352,1,1,"Rnf14","C1qb",0.2,0.04
0.534307417487666,5.71385699426352,1,1,"Scyl1","C1qb",0.2,0.04
0.534307417487666,5.71385699426352,1,1,"Bscl2","C1qb",0.2,0.04
0.534307417487666,5.71385699426352,1,1,"Fam122a","C1qb",0.2,0.04
0.534307417487666,5.71385699426352,1,1,"Borcs7","C1qb",0.2,0.04
0.505015195675726,5.29663285632845,1,1,"Tmem14a","C1qb",0.2,0.04
0.505015195675726,5.29663285632845,1,1,"Mgat4a","C1qb",0.2,0.04
0.505015195675726,5.29663285632845,1,1,"Lipt1","C1qb",0.2,0.04
0.505015195675726,5.29663285632845,1,1,"Abi2","C1qb",0.2,0.04
0.505015195675726,5.29663285632845,1,1,"Utp14b","C1qb",0.2,0.04
0.505015195675726,5.29663285632845,1,1,"Arl4c","C1qb",0.2,0.04
0.505015195675726,5.29663285632845,1,1,"Sh3bp4","C1qb",0.2,0.04
0.505015195675726,5.29663285632845,1,1,"Agap1","C1qb",0.2,0.04
0.505015195675726,5.29663285632845,1,1,"Thap4","C1qb",0.2,0.04
0.505015195675726,5.29663285632845,1,1,"Ccdc93","C1qb",0.2,0.04
0.505015195675726,5.29663285632845,1,1,"Gm15675","C1qb",0.2,0.04
0.505015195675726,5.29663285632845,1,1,"Fam129a","C1qb",0.2,0.04
0.505015195675726,5.29663285632845,1,1,"Cryzl2","C1qb",0.2,0.04
0.505015195675726,5.29663285632845,1,1,"Dars2","C1qb",0.2,0.04
0.505015195675726,5.29663285632845,1,1,"Hsd17b7","C1qb",0.2,0.04
0.505015195675726,5.29663285632845,1,1,"Nos1ap","C1qb",0.2,0.04
0.505015195675726,5.29663285632845,1,1,"Nit1","C1qb",0.2,0.04
0.505015195675726,5.29663285632845,1,1,"Cenpf","C1qb",0.2,0.04
0.505015195675726,5.29663285632845,1,1,"Rps6kc1","C1qb",0.2,0.04
0.505015195675726,5.29663285632845,1,1,"D730003I15Rik","C1qb",0.2,0.04
0.505015195675726,5.29663285632845,1,1,"Slc30a1","C1qb",0.2,0.04
0.505015195675726,5.29663285632845,1,1,"Diexf","C1qb",0.2,0.04
0.505015195675726,5.29663285632845,1,1,"Sephs1","C1qb",0.2,0.04
0.505015195675726,5.29663285632845,1,1,"Hacd1","C1qb",0.2,0.04
0.505015195675726,5.29663285632845,1,1,"Traf2","C1qb",0.2,0.04
0.505015195675726,5.29663285632845,1,1,"Card9","C1qb",0.2,0.04
0.505015195675726,5.29663285632845,1,1,"Snapc4","C1qb",0.2,0.04
0.505015195675726,5.29663285632845,1,1,"Med22","C1qb",0.2,0.04
0.505015195675726,5.29663285632845,1,1,"Mrps2","C1qb",0.2,0.04
0.505015195675726,5.29663285632845,1,1,"Gtf3c4","C1qb",0.2,0.04
0.505015195675726,5.29663285632845,1,1,"Ddx31","C1qb",0.2,0.04
0.505015195675726,5.29663285632845,1,1,"Med27","C1qb",0.2,0.04
0.505015195675726,5.29663285632845,1,1,"Nup188","C1qb",0.2,0.04
0.505015195675726,5.29663285632845,1,1,"Uck1","C1qb",0.2,0.04
0.505015195675726,5.29663285632845,1,1,"Pbx3","C1qb",0.2,0.04
0.505015195675726,5.29663285632845,1,1,"Lhx2","C1qb",0.2,0.04
0.505015195675726,5.29663285632845,1,1,"Nr4a2","C1qb",0.2,0.04
0.505015195675726,5.29663285632845,1,1,"Tanc1","C1qb",0.2,0.04
0.505015195675726,5.29663285632845,1,1,"Wdsub1","C1qb",0.2,0.04
0.505015195675726,5.29663285632845,1,1,"Nostrin","C1qb",0.2,0.04
0.505015195675726,5.29663285632845,1,1,"Scrn3","C1qb",0.2,0.04
0.505015195675726,5.29663285632845,1,1,"Gpr155","C1qb",0.2,0.04
0.505015195675726,5.29663285632845,1,1,"Rbm45","C1qb",0.2,0.04
0.505015195675726,5.29663285632845,1,1,"Plekha3","C1qb",0.2,0.04
0.505015195675726,5.29663285632845,1,1,"Ambra1","C1qb",0.2,0.04
0.505015195675726,5.29663285632845,1,1,"Commd9","C1qb",0.2,0.04
0.505015195675726,5.29663285632845,1,1,"Ivd","C1qb",0.2,0.04
0.505015195675726,5.29663285632845,1,1,"Dnajc17","C1qb",0.2,0.04
0.505015195675726,5.29663285632845,1,1,"Zfyve19","C1qb",0.2,0.04
0.505015195675726,5.29663285632845,1,1,"Nusap1","C1qb",0.2,0.04
0.505015195675726,5.29663285632845,1,1,"Sqor","C1qb",0.2,0.04
0.505015195675726,5.29663285632845,1,1,"Zc3h8","C1qb",0.2,0.04
0.505015195675726,5.29663285632845,1,1,"Siglec1","C1qb",0.2,0.04
0.505015195675726,5.29663285632845,1,1,"Cds2","C1qb",0.2,0.04
0.505015195675726,5.29663285632845,1,1,"Slx4ip","C1qb",0.2,0.04
0.505015195675726,5.29663285632845,1,1,"Kat14","C1qb",0.2,0.04
0.505015195675726,5.29663285632845,1,1,"Acss2","C1qb",0.2,0.04
0.505015195675726,5.29663285632845,1,1,"Epb41l1","C1qb",0.2,0.04
0.505015195675726,5.29663285632845,1,1,"Dsn1","C1qb",0.2,0.04
0.505015195675726,5.29663285632845,1,1,"Snx21","C1qb",0.2,0.04
0.505015195675726,5.29663285632845,1,1,"Zfp335os","C1qb",0.2,0.04
0.505015195675726,5.29663285632845,1,1,"Arfgef2","C1qb",0.2,0.04
0.505015195675726,5.29663285632845,1,1,"Nfatc2","C1qb",0.2,0.04
0.505015195675726,5.29663285632845,1,1,"Osbpl2","C1qb",0.2,0.04
0.505015195675726,5.29663285632845,1,1,"Helz2","C1qb",0.2,0.04
0.505015195675726,5.29663285632845,1,1,"Rtel1","C1qb",0.2,0.04
0.505015195675726,5.29663285632845,1,1,"Uckl1","C1qb",0.2,0.04
0.505015195675726,5.29663285632845,1,1,"Pcmtd2","C1qb",0.2,0.04
0.505015195675726,5.29663285632845,1,1,"Tbc1d25","C1qb",0.2,0.04
0.505015195675726,5.29663285632845,1,1,"Ftsj1","C1qb",0.2,0.04
0.505015195675726,5.29663285632845,1,1,"Sept6","C1qb",0.2,0.04
0.505015195675726,5.29663285632845,1,1,"Zmym3","C1qb",0.2,0.04
0.505015195675726,5.29663285632845,1,1,"Hdac8","C1qb",0.2,0.04
0.505015195675726,5.29663285632845,1,1,"Phka1","C1qb",0.2,0.04
0.505015195675726,5.29663285632845,1,1,"Ftx","C1qb",0.2,0.04
0.505015195675726,5.29663285632845,1,1,"Tsr2","C1qb",0.2,0.04
0.505015195675726,5.29663285632845,1,1,"Iqsec2","C1qb",0.2,0.04
0.505015195675726,5.29663285632845,1,1,"Kctd12b","C1qb",0.2,0.04
0.505015195675726,5.29663285632845,1,1,"Txlng","C1qb",0.2,0.04
0.505015195675726,5.29663285632845,1,1,"Mospd2","C1qb",0.2,0.04
0.505015195675726,5.29663285632845,1,1,"Hccs","C1qb",0.2,0.04
0.505015195675726,5.29663285632845,1,1,"Zfand1","C1qb",0.2,0.04
0.505015195675726,5.29663285632845,1,1,"Pde7a","C1qb",0.2,0.04
0.505015195675726,5.29663285632845,1,1,"Bbs12","C1qb",0.2,0.04
0.505015195675726,5.29663285632845,1,1,"Spata5","C1qb",0.2,0.04
0.505015195675726,5.29663285632845,1,1,"Rapgef2","C1qb",0.2,0.04
0.505015195675726,5.29663285632845,1,1,"Pdgfc","C1qb",0.2,0.04
0.505015195675726,5.29663285632845,1,1,"Slc25a44","C1qb",0.2,0.04
0.505015195675726,5.29663285632845,1,1,"Fam189b","C1qb",0.2,0.04
0.505015195675726,5.29663285632845,1,1,"Selenbp1","C1qb",0.2,0.04
0.505015195675726,5.29663285632845,1,1,"Mindy1","C1qb",0.2,0.04
0.505015195675726,5.29663285632845,1,1,"Otud7b","C1qb",0.2,0.04
0.505015195675726,5.29663285632845,1,1,"Pias3","C1qb",0.2,0.04
0.505015195675726,5.29663285632845,1,1,"Lrig2","C1qb",0.2,0.04
0.505015195675726,5.29663285632845,1,1,"Rwdd3","C1qb",0.2,0.04
0.505015195675726,5.29663285632845,1,1,"Mttp","C1qb",0.2,0.04
0.505015195675726,5.29663285632845,1,1,"Gbp3","C1qb",0.2,0.04
0.505015195675726,5.29663285632845,1,1,"Usp33","C1qb",0.2,0.04
0.505015195675726,5.29663285632845,1,1,"Rad54b","C1qb",0.2,0.04
0.505015195675726,5.29663285632845,1,1,"Triqk","C1qb",0.2,0.04
0.505015195675726,5.29663285632845,1,1,"Rmdn1","C1qb",0.2,0.04
0.505015195675726,5.29663285632845,1,1,"Rngtt","C1qb",0.2,0.04
0.505015195675726,5.29663285632845,1,1,"Orc3","C1qb",0.2,0.04
0.505015195675726,5.29663285632845,1,1,"Fam219a","C1qb",0.2,0.04
0.505015195675726,5.29663285632845,1,1,"Tesk1","C1qb",0.2,0.04
0.505015195675726,5.29663285632845,1,1,"Gba2","C1qb",0.2,0.04
0.505015195675726,5.29663285632845,1,1,"Invs","C1qb",0.2,0.04
0.505015195675726,5.29663285632845,1,1,"Slc44a1","C1qb",0.2,0.04
0.505015195675726,5.29663285632845,1,1,"Rgs3","C1qb",0.2,0.04
0.505015195675726,5.29663285632845,1,1,"Trim32","C1qb",0.2,0.04
0.505015195675726,5.29663285632845,1,1,"Plaa","C1qb",0.2,0.04
0.505015195675726,5.29663285632845,1,1,"Dnajc6","C1qb",0.2,0.04
0.505015195675726,5.29663285632845,1,1,"Pars2","C1qb",0.2,0.04
0.505015195675726,5.29663285632845,1,1,"Tceanc2","C1qb",0.2,0.04
0.505015195675726,5.29663285632845,1,1,"Orc1","C1qb",0.2,0.04
0.505015195675726,5.29663285632845,1,1,"Atpaf1","C1qb",0.2,0.04
0.505015195675726,5.29663285632845,1,1,"Pomgnt1","C1qb",0.2,0.04
0.505015195675726,5.29663285632845,1,1,"Hectd3","C1qb",0.2,0.04
0.505015195675726,5.29663285632845,1,1,"Mpl","C1qb",0.2,0.04
0.505015195675726,5.29663285632845,1,1,"Zmpste24","C1qb",0.2,0.04
0.505015195675726,5.29663285632845,1,1,"Inpp5b","C1qb",0.2,0.04
0.505015195675726,5.29663285632845,1,1,"Zfp362","C1qb",0.2,0.04
0.505015195675726,5.29663285632845,1,1,"Pef1","C1qb",0.2,0.04
0.505015195675726,5.29663285632845,1,1,"Gm28874","C1qb",0.2,0.04
0.505015195675726,5.29663285632845,1,1,"Pafah2","C1qb",0.2,0.04
0.505015195675726,5.29663285632845,1,1,"Rcan3","C1qb",0.2,0.04
0.505015195675726,5.29663285632845,1,1,"Sh2d5","C1qb",0.2,0.04
0.505015195675726,5.29663285632845,1,1,"Pink1","C1qb",0.2,0.04
0.505015195675726,5.29663285632845,1,1,"Akr7a5","C1qb",0.2,0.04
0.505015195675726,5.29663285632845,1,1,"Prdm2","C1qb",0.2,0.04
0.505015195675726,5.29663285632845,1,1,"Plod1","C1qb",0.2,0.04
0.505015195675726,5.29663285632845,1,1,"Fbxo6","C1qb",0.2,0.04
0.505015195675726,5.29663285632845,1,1,"Slc25a33","C1qb",0.2,0.04
0.505015195675726,5.29663285632845,1,1,"Phf13","C1qb",0.2,0.04
0.505015195675726,5.29663285632845,1,1,"Zbtb48","C1qb",0.2,0.04
0.505015195675726,5.29663285632845,1,1,"Icmt","C1qb",0.2,0.04
0.505015195675726,5.29663285632845,1,1,"Pex10","C1qb",0.2,0.04
0.505015195675726,5.29663285632845,1,1,"Prkcz","C1qb",0.2,0.04
0.505015195675726,5.29663285632845,1,1,"Cptp","C1qb",0.2,0.04
0.505015195675726,5.29663285632845,1,1,"Adam22","C1qb",0.2,0.04
0.505015195675726,5.29663285632845,1,1,"Dbf4","C1qb",0.2,0.04
0.505015195675726,5.29663285632845,1,1,"Abcb1b","C1qb",0.2,0.04
0.505015195675726,5.29663285632845,1,1,"Tmem243","C1qb",0.2,0.04
0.505015195675726,5.29663285632845,1,1,"1700096K18Rik","C1qb",0.2,0.04
0.505015195675726,5.29663285632845,1,1,"Yes1","C1qb",0.2,0.04
0.505015195675726,5.29663285632845,1,1,"Pisd","C1qb",0.2,0.04
0.505015195675726,5.29663285632845,1,1,"Nat8l","C1qb",0.2,0.04
0.505015195675726,5.29663285632845,1,1,"Trmt44","C1qb",0.2,0.04
0.505015195675726,5.29663285632845,1,1,"Stx18","C1qb",0.2,0.04
0.505015195675726,5.29663285632845,1,1,"Sepsecs","C1qb",0.2,0.04
0.505015195675726,5.29663285632845,1,1,"Tlr6","C1qb",0.2,0.04
0.505015195675726,5.29663285632845,1,1,"Fam114a1","C1qb",0.2,0.04
0.505015195675726,5.29663285632845,1,1,"Gnpda2","C1qb",0.2,0.04
0.505015195675726,5.29663285632845,1,1,"Txk","C1qb",0.2,0.04
0.505015195675726,5.29663285632845,1,1,"Usp46","C1qb",0.2,0.04
0.505015195675726,5.29663285632845,1,1,"Cep135","C1qb",0.2,0.04
0.505015195675726,5.29663285632845,1,1,"Cenpc1","C1qb",0.2,0.04
0.505015195675726,5.29663285632845,1,1,"Mthfd2l","C1qb",0.2,0.04
0.505015195675726,5.29663285632845,1,1,"Glmn","C1qb",0.2,0.04
0.505015195675726,5.29663285632845,1,1,"Tmem175","C1qb",0.2,0.04
0.505015195675726,5.29663285632845,1,1,"Zfp932","C1qb",0.2,0.04
0.505015195675726,5.29663285632845,1,1,"Ddx51","C1qb",0.2,0.04
0.505015195675726,5.29663285632845,1,1,"Ulk1","C1qb",0.2,0.04
0.505015195675726,5.29663285632845,1,1,"Prkab1","C1qb",0.2,0.04
0.505015195675726,5.29663285632845,1,1,"Slc8b1","C1qb",0.2,0.04
0.505015195675726,5.29663285632845,1,1,"Snrnp35","C1qb",0.2,0.04
0.505015195675726,5.29663285632845,1,1,"Clip2","C1qb",0.2,0.04
0.505015195675726,5.29663285632845,1,1,"Tmem120a","C1qb",0.2,0.04
0.505015195675726,5.29663285632845,1,1,"Sh2b2","C1qb",0.2,0.04
0.505015195675726,5.29663285632845,1,1,"Tfr2","C1qb",0.2,0.04
0.505015195675726,5.29663285632845,1,1,"Agfg2","C1qb",0.2,0.04
0.505015195675726,5.29663285632845,1,1,"Iqce","C1qb",0.2,0.04
0.505015195675726,5.29663285632845,1,1,"Amz1","C1qb",0.2,0.04
0.505015195675726,5.29663285632845,1,1,"Ap5z1","C1qb",0.2,0.04
0.505015195675726,5.29663285632845,1,1,"Pms2","C1qb",0.2,0.04
0.505015195675726,5.29663285632845,1,1,"Lmtk2","C1qb",0.2,0.04
0.505015195675726,5.29663285632845,1,1,"Tecpr1","C1qb",0.2,0.04
0.505015195675726,5.29663285632845,1,1,"Hilpda","C1qb",0.2,0.04
0.505015195675726,5.29663285632845,1,1,"Tmem209","C1qb",0.2,0.04
0.505015195675726,5.29663285632845,1,1,"Cep41","C1qb",0.2,0.04
0.505015195675726,5.29663285632845,1,1,"Gars","C1qb",0.2,0.04
0.505015195675726,5.29663285632845,1,1,"Ndnf","C1qb",0.2,0.04
0.505015195675726,5.29663285632845,1,1,"Rpia","C1qb",0.2,0.04
0.505015195675726,5.29663285632845,1,1,"Pradc1","C1qb",0.2,0.04
0.505015195675726,5.29663285632845,1,1,"Mgll","C1qb",0.2,0.04
0.505015195675726,5.29663285632845,1,1,"Tpra1","C1qb",0.2,0.04
0.505015195675726,5.29663285632845,1,1,"Plxna1","C1qb",0.2,0.04
0.505015195675726,5.29663285632845,1,1,"Clec4e","C1qb",0.2,0.04
0.505015195675726,5.29663285632845,1,1,"Gpr162","C1qb",0.2,0.04
0.505015195675726,5.29663285632845,1,1,"2810454H06Rik","C1qb",0.2,0.04
0.505015195675726,5.29663285632845,1,1,"Art4","C1qb",0.2,0.04
0.505015195675726,5.29663285632845,1,1,"Golt1b","C1qb",0.2,0.04
0.505015195675726,5.29663285632845,1,1,"Klhl42","C1qb",0.2,0.04
0.505015195675726,5.29663285632845,1,1,"3010003L21Rik","C1qb",0.2,0.04
0.505015195675726,5.29663285632845,1,1,"Leng1","C1qb",0.2,0.04
0.505015195675726,5.29663285632845,1,1,"Zik1","C1qb",0.2,0.04
0.505015195675726,5.29663285632845,1,1,"Zbtb45","C1qb",0.2,0.04
0.505015195675726,5.29663285632845,1,1,"C5ar2","C1qb",0.2,0.04
0.505015195675726,5.29663285632845,1,1,"Clasrp","C1qb",0.2,0.04
0.505015195675726,5.29663285632845,1,1,"Pak4","C1qb",0.2,0.04
0.505015195675726,5.29663285632845,1,1,"Map4k1","C1qb",0.2,0.04
0.505015195675726,5.29663285632845,1,1,"Kcnk6","C1qb",0.2,0.04
0.505015195675726,5.29663285632845,1,1,"Alkbh6","C1qb",0.2,0.04
0.505015195675726,5.29663285632845,1,1,"Pdcd2l","C1qb",0.2,0.04
0.505015195675726,5.29663285632845,1,1,"Faap24","C1qb",0.2,0.04
0.505015195675726,5.29663285632845,1,1,"2610021A01Rik","C1qb",0.2,0.04
0.505015195675726,5.29663285632845,1,1,"Klk8","C1qb",0.2,0.04
0.505015195675726,5.29663285632845,1,1,"Nosip","C1qb",0.2,0.04
0.505015195675726,5.29663285632845,1,1,"Gys1","C1qb",0.2,0.04
0.505015195675726,5.29663285632845,1,1,"Tubgcp5","C1qb",0.2,0.04
0.505015195675726,5.29663285632845,1,1,"Mtmr10","C1qb",0.2,0.04
0.505015195675726,5.29663285632845,1,1,"Lysmd4","C1qb",0.2,0.04
0.505015195675726,5.29663285632845,1,1,"Gdpgp1","C1qb",0.2,0.04
0.505015195675726,5.29663285632845,1,1,"Efl1","C1qb",0.2,0.04
0.505015195675726,5.29663285632845,1,1,"Pak1","C1qb",0.2,0.04
0.505015195675726,5.29663285632845,1,1,"Myo7a","C1qb",0.2,0.04
0.505015195675726,5.29663285632845,1,1,"Stard10","C1qb",0.2,0.04
0.505015195675726,5.29663285632845,1,1,"Inppl1","C1qb",0.2,0.04
0.505015195675726,5.29663285632845,1,1,"Hbb-bs","C1qb",0.2,0.04
0.505015195675726,5.29663285632845,1,1,"Trim30d","C1qb",0.2,0.04
0.505015195675726,5.29663285632845,1,1,"Pde3b","C1qb",0.2,0.04
0.505015195675726,5.29663285632845,1,1,"Pik3c2a","C1qb",0.2,0.04
0.505015195675726,5.29663285632845,1,1,"Gga2","C1qb",0.2,0.04
0.505015195675726,5.29663285632845,1,1,"Lcmt1","C1qb",0.2,0.04
0.505015195675726,5.29663285632845,1,1,"Nfatc2ip","C1qb",0.2,0.04
0.505015195675726,5.29663285632845,1,1,"Sgf29","C1qb",0.2,0.04
0.505015195675726,5.29663285632845,1,1,"Cd2bp2","C1qb",0.2,0.04
0.505015195675726,5.29663285632845,1,1,"Gm42715","C1qb",0.2,0.04
0.505015195675726,5.29663285632845,1,1,"Ctbp2","C1qb",0.2,0.04
0.505015195675726,5.29663285632845,1,1,"Mapk1ip1","C1qb",0.2,0.04
0.505015195675726,5.29663285632845,1,1,"Ppp2r2d","C1qb",0.2,0.04
0.505015195675726,5.29663285632845,1,1,"Bnip3","C1qb",0.2,0.04
0.505015195675726,5.29663285632845,1,1,"Chid1","C1qb",0.2,0.04
0.505015195675726,5.29663285632845,1,1,"E230032D23Rik","C1qb",0.2,0.04
0.505015195675726,5.29663285632845,1,1,"Mthfd1l","C1qb",0.2,0.04
0.505015195675726,5.29663285632845,1,1,"Gm21781","C1qb",0.2,0.04
0.505015195675726,5.29663285632845,1,1,"Mtrf1l","C1qb",0.2,0.04
0.505015195675726,5.29663285632845,1,1,"Hivep2","C1qb",0.2,0.04
0.505015195675726,5.29663285632845,1,1,"Ahi1","C1qb",0.2,0.04
0.505015195675726,5.29663285632845,1,1,"E030030I06Rik","C1qb",0.2,0.04
0.505015195675726,5.29663285632845,1,1,"Enpp1","C1qb",0.2,0.04
0.505015195675726,5.29663285632845,1,1,"Gm20300","C1qb",0.2,0.04
0.505015195675726,5.29663285632845,1,1,"Nt5dc1","C1qb",0.2,0.04
0.505015195675726,5.29663285632845,1,1,"Zbtb24","C1qb",0.2,0.04
0.505015195675726,5.29663285632845,1,1,"Slc16a9","C1qb",0.2,0.04
0.505015195675726,5.29663285632845,1,1,"Ube2d1","C1qb",0.2,0.04
0.505015195675726,5.29663285632845,1,1,"Gstt2","C1qb",0.2,0.04
0.505015195675726,5.29663285632845,1,1,"Plpp2","C1qb",0.2,0.04
0.505015195675726,5.29663285632845,1,1,"Izumo4","C1qb",0.2,0.04
0.505015195675726,5.29663285632845,1,1,"Nuak1","C1qb",0.2,0.04
0.505015195675726,5.29663285632845,1,1,"Gm15915","C1qb",0.2,0.04
0.505015195675726,5.29663285632845,1,1,"Mettl25","C1qb",0.2,0.04
0.505015195675726,5.29663285632845,1,1,"Rnf41","C1qb",0.2,0.04
0.505015195675726,5.29663285632845,1,1,"Snapc2","C1qb",0.2,0.04
0.505015195675726,5.29663285632845,1,1,"Ccl25","C1qb",0.2,0.04
0.505015195675726,5.29663285632845,1,1,"F10","C1qb",0.2,0.04
0.505015195675726,5.29663285632845,1,1,"Mrps31","C1qb",0.2,0.04
0.505015195675726,5.29663285632845,1,1,"Wrn","C1qb",0.2,0.04
0.505015195675726,5.29663285632845,1,1,"Cyp4v3","C1qb",0.2,0.04
0.505015195675726,5.29663285632845,1,1,"Fbxo8","C1qb",0.2,0.04
0.505015195675726,5.29663285632845,1,1,"Clcn3","C1qb",0.2,0.04
0.505015195675726,5.29663285632845,1,1,"Ddx60","C1qb",0.2,0.04
0.505015195675726,5.29663285632845,1,1,"Slc35e1","C1qb",0.2,0.04
0.505015195675726,5.29663285632845,1,1,"Nwd1","C1qb",0.2,0.04
0.505015195675726,5.29663285632845,1,1,"Tbc1d9","C1qb",0.2,0.04
0.505015195675726,5.29663285632845,1,1,"Cc2d1a","C1qb",0.2,0.04
0.505015195675726,5.29663285632845,1,1,"Ccdc130","C1qb",0.2,0.04
0.505015195675726,5.29663285632845,1,1,"Papd5","C1qb",0.2,0.04
0.505015195675726,5.29663285632845,1,1,"Gfod2","C1qb",0.2,0.04
0.505015195675726,5.29663285632845,1,1,"Edc4","C1qb",0.2,0.04
0.505015195675726,5.29663285632845,1,1,"Zfp90","C1qb",0.2,0.04
0.505015195675726,5.29663285632845,1,1,"Dhodh","C1qb",0.2,0.04
0.505015195675726,5.29663285632845,1,1,"Atxn1l","C1qb",0.2,0.04
0.505015195675726,5.29663285632845,1,1,"St3gal2","C1qb",0.2,0.04
0.505015195675726,5.29663285632845,1,1,"Kars","C1qb",0.2,0.04
0.505015195675726,5.29663285632845,1,1,"Nudt7","C1qb",0.2,0.04
0.505015195675726,5.29663285632845,1,1,"Klhl36","C1qb",0.2,0.04
0.505015195675726,5.29663285632845,1,1,"Vps9d1","C1qb",0.2,0.04
0.505015195675726,5.29663285632845,1,1,"Sprtn","C1qb",0.2,0.04
0.505015195675726,5.29663285632845,1,1,"Rbm34","C1qb",0.2,0.04
0.505015195675726,5.29663285632845,1,1,"Kat6b","C1qb",0.2,0.04
0.505015195675726,5.29663285632845,1,1,"Rft1","C1qb",0.2,0.04
0.505015195675726,5.29663285632845,1,1,"Nek4","C1qb",0.2,0.04
0.505015195675726,5.29663285632845,1,1,"Rnase6","C1qb",0.2,0.04
0.505015195675726,5.29663285632845,1,1,"Rab2b","C1qb",0.2,0.04
0.505015195675726,5.29663285632845,1,1,"Ap1g2","C1qb",0.2,0.04
0.505015195675726,5.29663285632845,1,1,"Gm16973","C1qb",0.2,0.04
0.505015195675726,5.29663285632845,1,1,"Eef1akmt1","C1qb",0.2,0.04
0.505015195675726,5.29663285632845,1,1,"Setdb2","C1qb",0.2,0.04
0.505015195675726,5.29663285632845,1,1,"Spata13","C1qb",0.2,0.04
0.505015195675726,5.29663285632845,1,1,"Rhobtb2","C1qb",0.2,0.04
0.505015195675726,5.29663285632845,1,1,"Ccdc122","C1qb",0.2,0.04
0.505015195675726,5.29663285632845,1,1,"Fbxl12","C1qb",0.2,0.04
0.505015195675726,5.29663285632845,1,1,"S1pr2","C1qb",0.2,0.04
0.505015195675726,5.29663285632845,1,1,"Qtrt1","C1qb",0.2,0.04
0.505015195675726,5.29663285632845,1,1,"Yipf2","C1qb",0.2,0.04
0.505015195675726,5.29663285632845,1,1,"Zfp809","C1qb",0.2,0.04
0.505015195675726,5.29663285632845,1,1,"Bbs9","C1qb",0.2,0.04
0.505015195675726,5.29663285632845,1,1,"Slc37a2","C1qb",0.2,0.04
0.505015195675726,5.29663285632845,1,1,"Gramd1b","C1qb",0.2,0.04
0.505015195675726,5.29663285632845,1,1,"Nlrx1","C1qb",0.2,0.04
0.505015195675726,5.29663285632845,1,1,"Dpagt1","C1qb",0.2,0.04
0.505015195675726,5.29663285632845,1,1,"Vps11","C1qb",0.2,0.04
0.505015195675726,5.29663285632845,1,1,"Dlat","C1qb",0.2,0.04
0.505015195675726,5.29663285632845,1,1,"Snx33","C1qb",0.2,0.04
0.505015195675726,5.29663285632845,1,1,"Adpgk","C1qb",0.2,0.04
0.505015195675726,5.29663285632845,1,1,"Dis3l","C1qb",0.2,0.04
0.505015195675726,5.29663285632845,1,1,"Clpx","C1qb",0.2,0.04
0.505015195675726,5.29663285632845,1,1,"Trip4","C1qb",0.2,0.04
0.505015195675726,5.29663285632845,1,1,"Ice2","C1qb",0.2,0.04
0.505015195675726,5.29663285632845,1,1,"Tex9","C1qb",0.2,0.04
0.505015195675726,5.29663285632845,1,1,"Pigb","C1qb",0.2,0.04
0.505015195675726,5.29663285632845,1,1,"Slc17a5","C1qb",0.2,0.04
0.505015195675726,5.29663285632845,1,1,"Rwdd2a","C1qb",0.2,0.04
0.505015195675726,5.29663285632845,1,1,"Cep162","C1qb",0.2,0.04
0.505015195675726,5.29663285632845,1,1,"Paqr9","C1qb",0.2,0.04
0.505015195675726,5.29663285632845,1,1,"Cish","C1qb",0.2,0.04
0.505015195675726,5.29663285632845,1,1,"Hyal3","C1qb",0.2,0.04
0.505015195675726,5.29663285632845,1,1,"Apeh","C1qb",0.2,0.04
0.505015195675726,5.29663285632845,1,1,"Arih2","C1qb",0.2,0.04
0.505015195675726,5.29663285632845,1,1,"Ip6k2","C1qb",0.2,0.04
0.505015195675726,5.29663285632845,1,1,"Mlh1","C1qb",0.2,0.04
0.505015195675726,5.29663285632845,1,1,"Mtmr3","C1qb",0.2,0.04
0.505015195675726,5.29663285632845,1,1,"Nipsnap1","C1qb",0.2,0.04
0.505015195675726,5.29663285632845,1,1,"Gas2l1","C1qb",0.2,0.04
0.505015195675726,5.29663285632845,1,1,"Wdr92","C1qb",0.2,0.04
0.505015195675726,5.29663285632845,1,1,"Sertad2","C1qb",0.2,0.04
0.505015195675726,5.29663285632845,1,1,"Lgalsl","C1qb",0.2,0.04
0.505015195675726,5.29663285632845,1,1,"Rel","C1qb",0.2,0.04
0.505015195675726,5.29663285632845,1,1,"Il4","C1qb",0.2,0.04
0.505015195675726,5.29663285632845,1,1,"Slc22a4","C1qb",0.2,0.04
0.505015195675726,5.29663285632845,1,1,"Zfp672","C1qb",0.2,0.04
0.505015195675726,5.29663285632845,1,1,"Mief2","C1qb",0.2,0.04
0.505015195675726,5.29663285632845,1,1,"Akap10","C1qb",0.2,0.04
0.505015195675726,5.29663285632845,1,1,"Pigl","C1qb",0.2,0.04
0.505015195675726,5.29663285632845,1,1,"Tmem220","C1qb",0.2,0.04
0.505015195675726,5.29663285632845,1,1,"Sco1","C1qb",0.2,0.04
0.505015195675726,5.29663285632845,1,1,"Pik3r5","C1qb",0.2,0.04
0.505015195675726,5.29663285632845,1,1,"Zbtb4","C1qb",0.2,0.04
0.505015195675726,5.29663285632845,1,1,"Rtn4rl1","C1qb",0.2,0.04
0.505015195675726,5.29663285632845,1,1,"Rflnb","C1qb",0.2,0.04
0.505015195675726,5.29663285632845,1,1,"Lyrm9","C1qb",0.2,0.04
0.505015195675726,5.29663285632845,1,1,"Rab11fip4","C1qb",0.2,0.04
0.505015195675726,5.29663285632845,1,1,"Gm20234","C1qb",0.2,0.04
0.505015195675726,5.29663285632845,1,1,"Ppm1d","C1qb",0.2,0.04
0.505015195675726,5.29663285632845,1,1,"Med13","C1qb",0.2,0.04
0.505015195675726,5.29663285632845,1,1,"Dhx40","C1qb",0.2,0.04
0.505015195675726,5.29663285632845,1,1,"Smg8","C1qb",0.2,0.04
0.505015195675726,5.29663285632845,1,1,"Coil","C1qb",0.2,0.04
0.505015195675726,5.29663285632845,1,1,"Tom1l1","C1qb",0.2,0.04
0.505015195675726,5.29663285632845,1,1,"Rsad1","C1qb",0.2,0.04
0.505015195675726,5.29663285632845,1,1,"Cdk5rap3","C1qb",0.2,0.04
0.505015195675726,5.29663285632845,1,1,"Pnpo","C1qb",0.2,0.04
0.505015195675726,5.29663285632845,1,1,"Scrn2","C1qb",0.2,0.04
0.505015195675726,5.29663285632845,1,1,"Wipf2","C1qb",0.2,0.04
0.505015195675726,5.29663285632845,1,1,"Jup","C1qb",0.2,0.04
0.505015195675726,5.29663285632845,1,1,"Ccdc43","C1qb",0.2,0.04
0.505015195675726,5.29663285632845,1,1,"Plekhm1","C1qb",0.2,0.04
0.505015195675726,5.29663285632845,1,1,"Tmem104","C1qb",0.2,0.04
0.505015195675726,5.29663285632845,1,1,"Recql5","C1qb",0.2,0.04
0.505015195675726,5.29663285632845,1,1,"Trim47","C1qb",0.2,0.04
0.505015195675726,5.29663285632845,1,1,"Gpr137b","C1qb",0.2,0.04
0.505015195675726,5.29663285632845,1,1,"Sugct","C1qb",0.2,0.04
0.505015195675726,5.29663285632845,1,1,"Hist1h3a","C1qb",0.2,0.04
0.505015195675726,5.29663285632845,1,1,"Gm26735","C1qb",0.2,0.04
0.505015195675726,5.29663285632845,1,1,"Tmem170b","C1qb",0.2,0.04
0.505015195675726,5.29663285632845,1,1,"Tbc1d7","C1qb",0.2,0.04
0.505015195675726,5.29663285632845,1,1,"Cenpp","C1qb",0.2,0.04
0.505015195675726,5.29663285632845,1,1,"Golm1","C1qb",0.2,0.04
0.505015195675726,5.29663285632845,1,1,"Mterf3","C1qb",0.2,0.04
0.505015195675726,5.29663285632845,1,1,"Zfp72","C1qb",0.2,0.04
0.505015195675726,5.29663285632845,1,1,"Fam151b","C1qb",0.2,0.04
0.505015195675726,5.29663285632845,1,1,"Scamp1","C1qb",0.2,0.04
0.505015195675726,5.29663285632845,1,1,"Wdr41","C1qb",0.2,0.04
0.505015195675726,5.29663285632845,1,1,"Naip2","C1qb",0.2,0.04
0.505015195675726,5.29663285632845,1,1,"Cenpo","C1qb",0.2,0.04
0.505015195675726,5.29663285632845,1,1,"Ptrhd1","C1qb",0.2,0.04
0.505015195675726,5.29663285632845,1,1,"Rdh14","C1qb",0.2,0.04
0.505015195675726,5.29663285632845,1,1,"Pqlc3","C1qb",0.2,0.04
0.505015195675726,5.29663285632845,1,1,"Nol10","C1qb",0.2,0.04
0.505015195675726,5.29663285632845,1,1,"Itgb1bp1","C1qb",0.2,0.04
0.505015195675726,5.29663285632845,1,1,"Rnf144a","C1qb",0.2,0.04
0.505015195675726,5.29663285632845,1,1,"Agmo","C1qb",0.2,0.04
0.505015195675726,5.29663285632845,1,1,"Mbip","C1qb",0.2,0.04
0.505015195675726,5.29663285632845,1,1,"Map4k5","C1qb",0.2,0.04
0.505015195675726,5.29663285632845,1,1,"Elmsan1","C1qb",0.2,0.04
0.505015195675726,5.29663285632845,1,1,"Jdp2","C1qb",0.2,0.04
0.505015195675726,5.29663285632845,1,1,"Gpatch2l","C1qb",0.2,0.04
0.505015195675726,5.29663285632845,1,1,"Pomt2","C1qb",0.2,0.04
0.505015195675726,5.29663285632845,1,1,"Gstz1","C1qb",0.2,0.04
0.505015195675726,5.29663285632845,1,1,"Tmed8","C1qb",0.2,0.04
0.505015195675726,5.29663285632845,1,1,"Inf2","C1qb",0.2,0.04
0.505015195675726,5.29663285632845,1,1,"Brf1","C1qb",0.2,0.04
0.505015195675726,5.29663285632845,1,1,"Btbd6","C1qb",0.2,0.04
0.505015195675726,5.29663285632845,1,1,"Tedc1","C1qb",0.2,0.04
0.505015195675726,5.29663285632845,1,1,"Sp4","C1qb",0.2,0.04
0.505015195675726,5.29663285632845,1,1,"Slc1a3","C1qb",0.2,0.04
0.505015195675726,5.29663285632845,1,1,"Ank","C1qb",0.2,0.04
0.505015195675726,5.29663285632845,1,1,"Trio","C1qb",0.2,0.04
0.505015195675726,5.29663285632845,1,1,"Klf10","C1qb",0.2,0.04
0.505015195675726,5.29663285632845,1,1,"Ext1","C1qb",0.2,0.04
0.505015195675726,5.29663285632845,1,1,"Ndrg1","C1qb",0.2,0.04
0.505015195675726,5.29663285632845,1,1,"Dennd3","C1qb",0.2,0.04
0.505015195675726,5.29663285632845,1,1,"Hsf1","C1qb",0.2,0.04
0.505015195675726,5.29663285632845,1,1,"Mfng","C1qb",0.2,0.04
0.505015195675726,5.29663285632845,1,1,"Micall1","C1qb",0.2,0.04
0.505015195675726,5.29663285632845,1,1,"Tmem184b","C1qb",0.2,0.04
0.505015195675726,5.29663285632845,1,1,"Gtpbp1","C1qb",0.2,0.04
0.505015195675726,5.29663285632845,1,1,"Dnal4","C1qb",0.2,0.04
0.505015195675726,5.29663285632845,1,1,"Naga","C1qb",0.2,0.04
0.505015195675726,5.29663285632845,1,1,"Ttc38","C1qb",0.2,0.04
0.505015195675726,5.29663285632845,1,1,"Lmbr1l","C1qb",0.2,0.04
0.505015195675726,5.29663285632845,1,1,"Prpf40b","C1qb",0.2,0.04
0.505015195675726,5.29663285632845,1,1,"Bcdin3d","C1qb",0.2,0.04
0.505015195675726,5.29663285632845,1,1,"Letmd1","C1qb",0.2,0.04
0.505015195675726,5.29663285632845,1,1,"Tarbp2","C1qb",0.2,0.04
0.505015195675726,5.29663285632845,1,1,"Nudt16l1","C1qb",0.2,0.04
0.505015195675726,5.29663285632845,1,1,"Hic2","C1qb",0.2,0.04
0.505015195675726,5.29663285632845,1,1,"Slc7a4","C1qb",0.2,0.04
0.505015195675726,5.29663285632845,1,1,"2510002D24Rik","C1qb",0.2,0.04
0.505015195675726,5.29663285632845,1,1,"Etv5","C1qb",0.2,0.04
0.505015195675726,5.29663285632845,1,1,"Osbpl11","C1qb",0.2,0.04
0.505015195675726,5.29663285632845,1,1,"Hacd2","C1qb",0.2,0.04
0.505015195675726,5.29663285632845,1,1,"Iqcb1","C1qb",0.2,0.04
0.505015195675726,5.29663285632845,1,1,"Dzip3","C1qb",0.2,0.04
0.505015195675726,5.29663285632845,1,1,"Ift57","C1qb",0.2,0.04
0.505015195675726,5.29663285632845,1,1,"Riox2","C1qb",0.2,0.04
0.505015195675726,5.29663285632845,1,1,"Mrpl39","C1qb",0.2,0.04
0.505015195675726,5.29663285632845,1,1,"Tagap","C1qb",0.2,0.04
0.505015195675726,5.29663285632845,1,1,"1700010I14Rik","C1qb",0.2,0.04
0.505015195675726,5.29663285632845,1,1,"Gm3448","C1qb",0.2,0.04
0.505015195675726,5.29663285632845,1,1,"Zfp52","C1qb",0.2,0.04
0.505015195675726,5.29663285632845,1,1,"Mapk8ip3","C1qb",0.2,0.04
0.505015195675726,5.29663285632845,1,1,"Metrn","C1qb",0.2,0.04
0.505015195675726,5.29663285632845,1,1,"Capn15","C1qb",0.2,0.04
0.505015195675726,5.29663285632845,1,1,"Wiz","C1qb",0.2,0.04
0.505015195675726,5.29663285632845,1,1,"Cyp4f16","C1qb",0.2,0.04
0.505015195675726,5.29663285632845,1,1,"Zfp101","C1qb",0.2,0.04
0.505015195675726,5.29663285632845,1,1,"Pram1","C1qb",0.2,0.04
0.505015195675726,5.29663285632845,1,1,"Kank3","C1qb",0.2,0.04
0.505015195675726,5.29663285632845,1,1,"Egfl8","C1qb",0.2,0.04
0.505015195675726,5.29663285632845,1,1,"Nfkbil1","C1qb",0.2,0.04
0.505015195675726,5.29663285632845,1,1,"Enpp5","C1qb",0.2,0.04
0.505015195675726,5.29663285632845,1,1,"Tmem63b","C1qb",0.2,0.04
0.505015195675726,5.29663285632845,1,1,"Cul7","C1qb",0.2,0.04
0.505015195675726,5.29663285632845,1,1,"Taf8","C1qb",0.2,0.04
0.505015195675726,5.29663285632845,1,1,"Tfeb","C1qb",0.2,0.04
0.505015195675726,5.29663285632845,1,1,"Zfp959","C1qb",0.2,0.04
0.505015195675726,5.29663285632845,1,1,"Tnfsf9","C1qb",0.2,0.04
0.505015195675726,5.29663285632845,1,1,"Gm4707","C1qb",0.2,0.04
0.505015195675726,5.29663285632845,1,1,"Srbd1","C1qb",0.2,0.04
0.505015195675726,5.29663285632845,1,1,"Tmem241","C1qb",0.2,0.04
0.505015195675726,5.29663285632845,1,1,"B4galt6","C1qb",0.2,0.04
0.505015195675726,5.29663285632845,1,1,"Slc39a6","C1qb",0.2,0.04
0.505015195675726,5.29663285632845,1,1,"Epb41l4aos","C1qb",0.2,0.04
0.505015195675726,5.29663285632845,1,1,"1700066B19Rik","C1qb",0.2,0.04
0.505015195675726,5.29663285632845,1,1,"Fbxo38","C1qb",0.2,0.04
0.505015195675726,5.29663285632845,1,1,"Nedd4l","C1qb",0.2,0.04
0.505015195675726,5.29663285632845,1,1,"Afg3l2","C1qb",0.2,0.04
0.505015195675726,5.29663285632845,1,1,"Ptpn2","C1qb",0.2,0.04
0.505015195675726,5.29663285632845,1,1,"Mex3c","C1qb",0.2,0.04
0.505015195675726,5.29663285632845,1,1,"Tbc1d10c","C1qb",0.2,0.04
0.505015195675726,5.29663285632845,1,1,"Brms1","C1qb",0.2,0.04
0.505015195675726,5.29663285632845,1,1,"Klc2","C1qb",0.2,0.04
0.505015195675726,5.29663285632845,1,1,"Snx32","C1qb",0.2,0.04
0.505015195675726,5.29663285632845,1,1,"Ap5b1","C1qb",0.2,0.04
0.505015195675726,5.29663285632845,1,1,"Tmem2","C1qb",0.2,0.04
0.505015195675726,5.29663285632845,1,1,"Gm6563","C1qb",0.2,0.04
0.505015195675726,5.29663285632845,1,1,"Pank1","C1qb",0.2,0.04
0.505015195675726,5.29663285632845,1,1,"Exoc6","C1qb",0.2,0.04
0.505015195675726,5.29663285632845,1,1,"Btrc","C1qb",0.2,0.04
0.505015195675726,5.29663285632845,1,1,"Trim8","C1qb",0.2,0.04
0.505015195675726,5.29663285632845,1,1,"Sfxn2","C1qb",0.2,0.04
0.505015195675726,5.29663285632845,1,1,"Nt5c2","C1qb",0.2,0.04
0.505015195675726,5.29663285632845,1,1,"Xpnpep1","C1qb",0.2,0.04
0.505015195675726,5.29663285632845,1,1,"Vti1a","C1qb",0.2,0.04
0.505015195675726,5.29663285632845,1,1,"Shtn1","C1qb",0.2,0.04
-0.420548716046969,6.40305930765796,1,1,"Mrpl15","C1qb",0.2,0.04
-0.420548716046969,6.40305930765796,1,1,"Tmem70","C1qb",0.2,0.04
-0.420548716046969,6.40305930765796,1,1,"Smap1","C1qb",0.2,0.04
-0.420548716046969,6.40305930765796,1,1,"Ptp4a1","C1qb",0.2,0.04
-0.420548716046969,6.40305930765796,1,1,"Inpp5d","C1qb",0.2,0.04
-0.420548716046969,6.40305930765796,1,1,"1700025G04Rik","C1qb",0.2,0.04
-0.420548716046969,6.40305930765796,1,1,"Tsen15","C1qb",0.2,0.04
-0.420548716046969,6.40305930765796,1,1,"Tiprl","C1qb",0.2,0.04
-0.420548716046969,6.40305930765796,1,1,"Gpatch2","C1qb",0.2,0.04
-0.420548716046969,6.40305930765796,1,1,"Mrpl41","C1qb",0.2,0.04
-0.420548716046969,6.40305930765796,1,1,"Rc3h2","C1qb",0.2,0.04
-0.420548716046969,6.40305930765796,1,1,"Hypk","C1qb",0.2,0.04
-0.420548716046969,6.40305930765796,1,1,"Mrps5","C1qb",0.2,0.04
-0.420548716046969,6.40305930765796,1,1,"Mrps26","C1qb",0.2,0.04
-0.420548716046969,6.40305930765796,1,1,"Ythdf1","C1qb",0.2,0.04
-0.420548716046969,6.40305930765796,1,1,"Cetn2","C1qb",0.2,0.04
-0.420548716046969,6.40305930765796,1,1,"Pin4","C1qb",0.2,0.04
-0.420548716046969,6.40305930765796,1,1,"Phc3","C1qb",0.2,0.04
-0.420548716046969,6.40305930765796,1,1,"Adam15","C1qb",0.2,0.04
-0.420548716046969,6.40305930765796,1,1,"Dnttip2","C1qb",0.2,0.04
-0.420548716046969,6.40305930765796,1,1,"Hadh","C1qb",0.2,0.04
-0.420548716046969,6.40305930765796,1,1,"Tet2","C1qb",0.2,0.04
-0.420548716046969,6.40305930765796,1,1,"Nfx1","C1qb",0.2,0.04
-0.420548716046969,6.40305930765796,1,1,"Rnf38","C1qb",0.2,0.04
-0.420548716046969,6.40305930765796,1,1,"Ddi2","C1qb",0.2,0.04
-0.420548716046969,6.40305930765796,1,1,"Kif1b","C1qb",0.2,0.04
-0.420548716046969,6.40305930765796,1,1,"Triap1","C1qb",0.2,0.04
-0.420548716046969,6.40305930765796,1,1,"Ddx54","C1qb",0.2,0.04
-0.420548716046969,6.40305930765796,1,1,"Cnot4","C1qb",0.2,0.04
-0.420548716046969,6.40305930765796,1,1,"Krcc1","C1qb",0.2,0.04
-0.420548716046969,6.40305930765796,1,1,"Gfpt1","C1qb",0.2,0.04
-0.420548716046969,6.40305930765796,1,1,"Suclg2","C1qb",0.2,0.04
-0.420548716046969,6.40305930765796,1,1,"Pih1d1","C1qb",0.2,0.04
-0.420548716046969,6.40305930765796,1,1,"Tsg101","C1qb",0.2,0.04
-0.420548716046969,6.40305930765796,1,1,"Sema4b","C1qb",0.2,0.04
-0.420548716046969,6.40305930765796,1,1,"Far1","C1qb",0.2,0.04
-0.420548716046969,6.40305930765796,1,1,"Nrbf2","C1qb",0.2,0.04
-0.420548716046969,6.40305930765796,1,1,"Pwp1","C1qb",0.2,0.04
-0.420548716046969,6.40305930765796,1,1,"Mettl1","C1qb",0.2,0.04
-0.420548716046969,6.40305930765796,1,1,"Mak16","C1qb",0.2,0.04
-0.420548716046969,6.40305930765796,1,1,"Sugp2","C1qb",0.2,0.04
-0.420548716046969,6.40305930765796,1,1,"Chd9","C1qb",0.2,0.04
-0.420548716046969,6.40305930765796,1,1,"Chtf8","C1qb",0.2,0.04
-0.420548716046969,6.40305930765796,1,1,"Slmap","C1qb",0.2,0.04
-0.420548716046969,6.40305930765796,1,1,"Zmym5","C1qb",0.2,0.04
-0.420548716046969,6.40305930765796,1,1,"Rnaseh2b","C1qb",0.2,0.04
-0.420548716046969,6.40305930765796,1,1,"Rfx7","C1qb",0.2,0.04
-0.420548716046969,6.40305930765796,1,1,"Nck1","C1qb",0.2,0.04
-0.420548716046969,6.40305930765796,1,1,"Tmed4","C1qb",0.2,0.04
-0.420548716046969,6.40305930765796,1,1,"Aftph","C1qb",0.2,0.04
-0.420548716046969,6.40305930765796,1,1,"Rad50","C1qb",0.2,0.04
-0.420548716046969,6.40305930765796,1,1,"Tvp23b","C1qb",0.2,0.04
-0.420548716046969,6.40305930765796,1,1,"Derl2","C1qb",0.2,0.04
-0.420548716046969,6.40305930765796,1,1,"Stat5a","C1qb",0.2,0.04
-0.420548716046969,6.40305930765796,1,1,"Coasy","C1qb",0.2,0.04
-0.420548716046969,6.40305930765796,1,1,"Ggps1","C1qb",0.2,0.04
-0.420548716046969,6.40305930765796,1,1,"Ccdc127","C1qb",0.2,0.04
-0.420548716046969,6.40305930765796,1,1,"Papd4","C1qb",0.2,0.04
-0.420548716046969,6.40305930765796,1,1,"Aggf1","C1qb",0.2,0.04
-0.420548716046969,6.40305930765796,1,1,"Ptcd2","C1qb",0.2,0.04
-0.420548716046969,6.40305930765796,1,1,"Rad17","C1qb",0.2,0.04
-0.420548716046969,6.40305930765796,1,1,"Rrp7a","C1qb",0.2,0.04
-0.420548716046969,6.40305930765796,1,1,"Parl","C1qb",0.2,0.04
-0.420548716046969,6.40305930765796,1,1,"Snx4","C1qb",0.2,0.04
-0.420548716046969,6.40305930765796,1,1,"Dtx3l","C1qb",0.2,0.04
-0.420548716046969,6.40305930765796,1,1,"Tbc1d23","C1qb",0.2,0.04
-0.420548716046969,6.40305930765796,1,1,"Slc39a7","C1qb",0.2,0.04
-0.420548716046969,6.40305930765796,1,1,"Yipf3","C1qb",0.2,0.04
-0.420548716046969,6.40305930765796,1,1,"Nars","C1qb",0.2,0.04
-0.420548716046969,6.40305930765796,1,1,"Tle4","C1qb",0.2,0.04
-0.420548716046969,6.40305930765796,1,1,"Rps12-ps3","C1qb",0.2,0.04
0.238770865908045,6.41371974581222,1,1,"Ankrd44","C1qb",0.2,0.04
0.238770865908045,6.41371974581222,1,1,"Acadl","C1qb",0.2,0.04
0.238770865908045,6.41371974581222,1,1,"Ctdsp1","C1qb",0.2,0.04
0.238770865908045,6.41371974581222,1,1,"Dgkd","C1qb",0.2,0.04
0.238770865908045,6.41371974581222,1,1,"Tor3a","C1qb",0.2,0.04
0.238770865908045,6.41371974581222,1,1,"Rbm17","C1qb",0.2,0.04
0.238770865908045,6.41371974581222,1,1,"Sec16a","C1qb",0.2,0.04
0.238770865908045,6.41371974581222,1,1,"Dync1i2","C1qb",0.2,0.04
0.238770865908045,6.41371974581222,1,1,"Apip","C1qb",0.2,0.04
0.238770865908045,6.41371974581222,1,1,"Mfap1a","C1qb",0.2,0.04
0.238770865908045,6.41371974581222,1,1,"Sec23b","C1qb",0.2,0.04
0.238770865908045,6.41371974581222,1,1,"Ythdf3","C1qb",0.2,0.04
0.238770865908045,6.41371974581222,1,1,"Urod","C1qb",0.2,0.04
0.238770865908045,6.41371974581222,1,1,"Ythdf2","C1qb",0.2,0.04
0.238770865908045,6.41371974581222,1,1,"Pnrc2","C1qb",0.2,0.04
0.238770865908045,6.41371974581222,1,1,"Cad","C1qb",0.2,0.04
0.238770865908045,6.41371974581222,1,1,"BC005561","C1qb",0.2,0.04
0.238770865908045,6.41371974581222,1,1,"Gak","C1qb",0.2,0.04
0.238770865908045,6.41371974581222,1,1,"Pop7","C1qb",0.2,0.04
0.238770865908045,6.41371974581222,1,1,"Rnf6","C1qb",0.2,0.04
0.238770865908045,6.41371974581222,1,1,"Usp12","C1qb",0.2,0.04
0.238770865908045,6.41371974581222,1,1,"Rbm28","C1qb",0.2,0.04
0.238770865908045,6.41371974581222,1,1,"Hibadh","C1qb",0.2,0.04
0.238770865908045,6.41371974581222,1,1,"2810474O19Rik","C1qb",0.2,0.04
0.238770865908045,6.41371974581222,1,1,"Napa","C1qb",0.2,0.04
0.238770865908045,6.41371974581222,1,1,"Cebpg","C1qb",0.2,0.04
0.238770865908045,6.41371974581222,1,1,"Rras","C1qb",0.2,0.04
0.238770865908045,6.41371974581222,1,1,"Tm2d3","C1qb",0.2,0.04
0.238770865908045,6.41371974581222,1,1,"Trim12a","C1qb",0.2,0.04
0.238770865908045,6.41371974581222,1,1,"Sbf2","C1qb",0.2,0.04
0.238770865908045,6.41371974581222,1,1,"Mettl9","C1qb",0.2,0.04
0.238770865908045,6.41371974581222,1,1,"Tufm","C1qb",0.2,0.04
0.238770865908045,6.41371974581222,1,1,"Tmem219","C1qb",0.2,0.04
0.238770865908045,6.41371974581222,1,1,"Mvp","C1qb",0.2,0.04
0.238770865908045,6.41371974581222,1,1,"Pcmt1","C1qb",0.2,0.04
0.238770865908045,6.41371974581222,1,1,"Katna1","C1qb",0.2,0.04
0.238770865908045,6.41371974581222,1,1,"Mob3a","C1qb",0.2,0.04
0.238770865908045,6.41371974581222,1,1,"Plxnc1","C1qb",0.2,0.04
0.238770865908045,6.41371974581222,1,1,"Dusp6","C1qb",0.2,0.04
0.238770865908045,6.41371974581222,1,1,"Ikbkb","C1qb",0.2,0.04
0.238770865908045,6.41371974581222,1,1,"Smim7","C1qb",0.2,0.04
0.238770865908045,6.41371974581222,1,1,"Zfp330","C1qb",0.2,0.04
0.238770865908045,6.41371974581222,1,1,"Phf23","C1qb",0.2,0.04
0.238770865908045,6.41371974581222,1,1,"Becn1","C1qb",0.2,0.04
0.238770865908045,6.41371974581222,1,1,"Srp68","C1qb",0.2,0.04
0.238770865908045,6.41371974581222,1,1,"Dnmt3a","C1qb",0.2,0.04
0.238770865908045,6.41371974581222,1,1,"Vti1b","C1qb",0.2,0.04
0.238770865908045,6.41371974581222,1,1,"Vrk1","C1qb",0.2,0.04
0.238770865908045,6.41371974581222,1,1,"Dcaf13","C1qb",0.2,0.04
0.238770865908045,6.41371974581222,1,1,"Nubp1","C1qb",0.2,0.04
0.238770865908045,6.41371974581222,1,1,"Gtf2h5","C1qb",0.2,0.04
0.238770865908045,6.41371974581222,1,1,"Lbh","C1qb",0.2,0.04
0.238770865908045,6.41371974581222,1,1,"Rpl27-ps3","C1qb",0.2,0.04
0.238770865908045,6.41371974581222,1,1,"Mib1","C1qb",0.2,0.04
0.238770865908045,6.41371974581222,1,1,"Fibp","C1qb",0.2,0.04
-0.164501144667358,6.29182831809504,1,1,"A630001G21Rik","C1qb",0.2,0.04
-0.164501144667358,6.29182831809504,1,1,"Elk4","C1qb",0.2,0.04
-0.164501144667358,6.29182831809504,1,1,"Acbd6","C1qb",0.2,0.04
-0.164501144667358,6.29182831809504,1,1,"Gm2000","C1qb",0.2,0.04
-0.164501144667358,6.29182831809504,1,1,"Fh1","C1qb",0.2,0.04
-0.164501144667358,6.29182831809504,1,1,"Dnlz","C1qb",0.2,0.04
-0.164501144667358,6.29182831809504,1,1,"Spout1","C1qb",0.2,0.04
-0.164501144667358,6.29182831809504,1,1,"Fubp3","C1qb",0.2,0.04
-0.164501144667358,6.29182831809504,1,1,"Gorasp2","C1qb",0.2,0.04
-0.164501144667358,6.29182831809504,1,1,"Sdc4","C1qb",0.2,0.04
-0.164501144667358,6.29182831809504,1,1,"Rbm38","C1qb",0.2,0.04
-0.164501144667358,6.29182831809504,1,1,"Prelid3b","C1qb",0.2,0.04
-0.164501144667358,6.29182831809504,1,1,"Stag2","C1qb",0.2,0.04
-0.164501144667358,6.29182831809504,1,1,"Utp14a","C1qb",0.2,0.04
-0.164501144667358,6.29182831809504,1,1,"Acot9","C1qb",0.2,0.04
-0.164501144667358,6.29182831809504,1,1,"Commd2","C1qb",0.2,0.04
-0.164501144667358,6.29182831809504,1,1,"Tmem131l","C1qb",0.2,0.04
-0.164501144667358,6.29182831809504,1,1,"Snx27","C1qb",0.2,0.04
-0.164501144667358,6.29182831809504,1,1,"Sars","C1qb",0.2,0.04
-0.164501144667358,6.29182831809504,1,1,"Camk2d","C1qb",0.2,0.04
-0.164501144667358,6.29182831809504,1,1,"Larp7","C1qb",0.2,0.04
-0.164501144667358,6.29182831809504,1,1,"Adh5","C1qb",0.2,0.04
-0.164501144667358,6.29182831809504,1,1,"Aco1","C1qb",0.2,0.04
-0.164501144667358,6.29182831809504,1,1,"Smim27","C1qb",0.2,0.04
-0.164501144667358,6.29182831809504,1,1,"Hint2","C1qb",0.2,0.04
-0.164501144667358,6.29182831809504,1,1,"Nans","C1qb",0.2,0.04
-0.164501144667358,6.29182831809504,1,1,"Tgfbr1","C1qb",0.2,0.04
-0.164501144667358,6.29182831809504,1,1,"Mrpl50","C1qb",0.2,0.04
-0.164501144667358,6.29182831809504,1,1,"Slc31a1","C1qb",0.2,0.04
-0.164501144667358,6.29182831809504,1,1,"Prpf38a","C1qb",0.2,0.04
-0.164501144667358,6.29182831809504,1,1,"Phc2","C1qb",0.2,0.04
-0.164501144667358,6.29182831809504,1,1,"Srsf4","C1qb",0.2,0.04
-0.164501144667358,6.29182831809504,1,1,"A430005L14Rik","C1qb",0.2,0.04
-0.164501144667358,6.29182831809504,1,1,"Faap20","C1qb",0.2,0.04
-0.164501144667358,6.29182831809504,1,1,"Ankib1","C1qb",0.2,0.04
-0.164501144667358,6.29182831809504,1,1,"Letm1","C1qb",0.2,0.04
-0.164501144667358,6.29182831809504,1,1,"Noa1","C1qb",0.2,0.04
-0.164501144667358,6.29182831809504,1,1,"Dck","C1qb",0.2,0.04
-0.164501144667358,6.29182831809504,1,1,"2210016L21Rik","C1qb",0.2,0.04
-0.164501144667358,6.29182831809504,1,1,"Acads","C1qb",0.2,0.04
-0.164501144667358,6.29182831809504,1,1,"BC037034","C1qb",0.2,0.04
-0.164501144667358,6.29182831809504,1,1,"Zfp800","C1qb",0.2,0.04
-0.164501144667358,6.29182831809504,1,1,"Usp39","C1qb",0.2,0.04
-0.164501144667358,6.29182831809504,1,1,"Tgoln1","C1qb",0.2,0.04
-0.164501144667358,6.29182831809504,1,1,"Ppp4r2","C1qb",0.2,0.04
-0.164501144667358,6.29182831809504,1,1,"Creld1","C1qb",0.2,0.04
-0.164501144667358,6.29182831809504,1,1,"Ing4","C1qb",0.2,0.04
-0.164501144667358,6.29182831809504,1,1,"Kmt5c","C1qb",0.2,0.04
-0.164501144667358,6.29182831809504,1,1,"Kmt2b","C1qb",0.2,0.04
-0.164501144667358,6.29182831809504,1,1,"Herc2","C1qb",0.2,0.04
-0.164501144667358,6.29182831809504,1,1,"Mcee","C1qb",0.2,0.04
-0.164501144667358,6.29182831809504,1,1,"Zfand6","C1qb",0.2,0.04
-0.164501144667358,6.29182831809504,1,1,"Tmem126a","C1qb",0.2,0.04
-0.164501144667358,6.29182831809504,1,1,"Thumpd1","C1qb",0.2,0.04
-0.164501144667358,6.29182831809504,1,1,"Sephs2","C1qb",0.2,0.04
-0.164501144667358,6.29182831809504,1,1,"Gatd1","C1qb",0.2,0.04
-0.164501144667358,6.29182831809504,1,1,"Zufsp","C1qb",0.2,0.04
-0.164501144667358,6.29182831809504,1,1,"Cdc40","C1qb",0.2,0.04
-0.164501144667358,6.29182831809504,1,1,"Hk1","C1qb",0.2,0.04
-0.164501144667358,6.29182831809504,1,1,"Herc4","C1qb",0.2,0.04
-0.164501144667358,6.29182831809504,1,1,"Tmem26","C1qb",0.2,0.04
-0.164501144667358,6.29182831809504,1,1,"Pfkl","C1qb",0.2,0.04
-0.164501144667358,6.29182831809504,1,1,"D10Jhu81e","C1qb",0.2,0.04
-0.164501144667358,6.29182831809504,1,1,"Atp13a1","C1qb",0.2,0.04
-0.164501144667358,6.29182831809504,1,1,"Use1","C1qb",0.2,0.04
-0.164501144667358,6.29182831809504,1,1,"Rnaseh2a","C1qb",0.2,0.04
-0.164501144667358,6.29182831809504,1,1,"Got2","C1qb",0.2,0.04
-0.164501144667358,6.29182831809504,1,1,"Rpp14","C1qb",0.2,0.04
-0.164501144667358,6.29182831809504,1,1,"Apex1","C1qb",0.2,0.04
-0.164501144667358,6.29182831809504,1,1,"Pck2","C1qb",0.2,0.04
-0.164501144667358,6.29182831809504,1,1,"Dpysl2","C1qb",0.2,0.04
-0.164501144667358,6.29182831809504,1,1,"Mzt1","C1qb",0.2,0.04
-0.164501144667358,6.29182831809504,1,1,"Cwf19l2","C1qb",0.2,0.04
-0.164501144667358,6.29182831809504,1,1,"Fem1b","C1qb",0.2,0.04
-0.164501144667358,6.29182831809504,1,1,"Ctdspl","C1qb",0.2,0.04
-0.164501144667358,6.29182831809504,1,1,"Lars2","C1qb",0.2,0.04
-0.164501144667358,6.29182831809504,1,1,"Vrk2","C1qb",0.2,0.04
-0.164501144667358,6.29182831809504,1,1,"Cdc42se2","C1qb",0.2,0.04
-0.164501144667358,6.29182831809504,1,1,"Fxr2","C1qb",0.2,0.04
-0.164501144667358,6.29182831809504,1,1,"Crk","C1qb",0.2,0.04
-0.164501144667358,6.29182831809504,1,1,"Ddx42","C1qb",0.2,0.04
-0.164501144667358,6.29182831809504,1,1,"Prpsap1","C1qb",0.2,0.04
-0.164501144667358,6.29182831809504,1,1,"B3galnt2","C1qb",0.2,0.04
-0.164501144667358,6.29182831809504,1,1,"Nup153","C1qb",0.2,0.04
-0.164501144667358,6.29182831809504,1,1,"Iars","C1qb",0.2,0.04
-0.164501144667358,6.29182831809504,1,1,"Ubqln1","C1qb",0.2,0.04
-0.164501144667358,6.29182831809504,1,1,"Adam17","C1qb",0.2,0.04
-0.164501144667358,6.29182831809504,1,1,"Atp6v1d","C1qb",0.2,0.04
-0.164501144667358,6.29182831809504,1,1,"Synj2bp","C1qb",0.2,0.04
-0.164501144667358,6.29182831809504,1,1,"Setd3","C1qb",0.2,0.04
-0.164501144667358,6.29182831809504,1,1,"Pacsin2","C1qb",0.2,0.04
-0.164501144667358,6.29182831809504,1,1,"Mcrs1","C1qb",0.2,0.04
-0.164501144667358,6.29182831809504,1,1,"Parn","C1qb",0.2,0.04
-0.164501144667358,6.29182831809504,1,1,"Rrn3","C1qb",0.2,0.04
-0.164501144667358,6.29182831809504,1,1,"Adprh","C1qb",0.2,0.04
-0.164501144667358,6.29182831809504,1,1,"Morc3","C1qb",0.2,0.04
-0.164501144667358,6.29182831809504,1,1,"Znrd1","C1qb",0.2,0.04
-0.164501144667358,6.29182831809504,1,1,"Tnfrsf21","C1qb",0.2,0.04
-0.164501144667358,6.29182831809504,1,1,"Gtpbp2","C1qb",0.2,0.04
-0.164501144667358,6.29182831809504,1,1,"Zfp24","C1qb",0.2,0.04
-0.164501144667358,6.29182831809504,1,1,"Wdr33","C1qb",0.2,0.04
-0.164501144667358,6.29182831809504,1,1,"Tmem173","C1qb",0.2,0.04
-0.164501144667358,6.29182831809504,1,1,"Dmxl1","C1qb",0.2,0.04
-0.164501144667358,6.29182831809504,1,1,"Phax","C1qb",0.2,0.04
-0.164501144667358,6.29182831809504,1,1,"Rnmt","C1qb",0.2,0.04
-0.164501144667358,6.29182831809504,1,1,"Mark2","C1qb",0.2,0.04
-0.164501144667358,6.29182831809504,1,1,"Rcl1","C1qb",0.2,0.04
0.149567463967304,6.88272539432106,1,1,"Pdcl3","C1qb",0.2,0.04
0.149567463967304,6.88272539432106,1,1,"Psmd1","C1qb",0.2,0.04
0.149567463967304,6.88272539432106,1,1,"Hsd17b12","C1qb",0.2,0.04
0.149567463967304,6.88272539432106,1,1,"Zfp106","C1qb",0.2,0.04
0.149567463967304,6.88272539432106,1,1,"Cenpb","C1qb",0.2,0.04
0.149567463967304,6.88272539432106,1,1,"Gatad2b","C1qb",0.2,0.04
0.149567463967304,6.88272539432106,1,1,"Man1a2","C1qb",0.2,0.04
0.149567463967304,6.88272539432106,1,1,"Eif4e","C1qb",0.2,0.04
0.149567463967304,6.88272539432106,1,1,"Elovl1","C1qb",0.2,0.04
0.149567463967304,6.88272539432106,1,1,"Snrpa","C1qb",0.2,0.04
0.149567463967304,6.88272539432106,1,1,"Vta1","C1qb",0.2,0.04
0.149567463967304,6.88272539432106,1,1,"Samd1","C1qb",0.2,0.04
0.149567463967304,6.88272539432106,1,1,"Anxa7","C1qb",0.2,0.04
0.149567463967304,6.88272539432106,1,1,"Dnajc15","C1qb",0.2,0.04
0.149567463967304,6.88272539432106,1,1,"Snapc5","C1qb",0.2,0.04
0.149567463967304,6.88272539432106,1,1,"Gtf2a2","C1qb",0.2,0.04
0.149567463967304,6.88272539432106,1,1,"Clint1","C1qb",0.2,0.04
0.149567463967304,6.88272539432106,1,1,"Nmt1","C1qb",0.2,0.04
0.149567463967304,6.88272539432106,1,1,"Gtpbp4","C1qb",0.2,0.04
0.149567463967304,6.88272539432106,1,1,"Mia2","C1qb",0.2,0.04
0.149567463967304,6.88272539432106,1,1,"Phf20l1","C1qb",0.2,0.04
0.149567463967304,6.88272539432106,1,1,"Golgb1","C1qb",0.2,0.04
0.149567463967304,6.88272539432106,1,1,"Smim11","C1qb",0.2,0.04
0.149567463967304,6.88272539432106,1,1,"Rpl7l1","C1qb",0.2,0.04
-0.132390147343826,8.22671500214607,1,1,"1110008F13Rik","C1qb",0.2,0.04
-0.0836541840863941,7.16640900268004,1,1,"H13","C1qb",0.2,0.04
-0.0836541840863941,7.16640900268004,1,1,"Mrpl24","C1qb",0.2,0.04
-0.0836541840863941,7.16640900268004,1,1,"4933434E20Rik","C1qb",0.2,0.04
-0.0836541840863941,7.16640900268004,1,1,"Cd53","C1qb",0.2,0.04
-0.0836541840863941,7.16640900268004,1,1,"Hp1bp3","C1qb",0.2,0.04
-0.0836541840863941,7.16640900268004,1,1,"Tmem165","C1qb",0.2,0.04
-0.0836541840863941,7.16640900268004,1,1,"Etnk1","C1qb",0.2,0.04
-0.0836541840863941,7.16640900268004,1,1,"Mrpl42","C1qb",0.2,0.04
-0.0836541840863941,7.16640900268004,1,1,"Acat1","C1qb",0.2,0.04
-0.0836541840863941,7.16640900268004,1,1,"Herc1","C1qb",0.2,0.04
-0.0836541840863941,7.16640900268004,1,1,"Ap2m1","C1qb",0.2,0.04
-0.0836541840863941,7.16640900268004,1,1,"Mrpl28","C1qb",0.2,0.04
0.0801647355016472,6.71095857199246,1,1,"Arl8a","C1qb",0.2,0.04
0.0801647355016472,6.71095857199246,1,1,"Fnbp1","C1qb",0.2,0.04
0.0801647355016472,6.71095857199246,1,1,"Psmb7","C1qb",0.2,0.04
0.0801647355016472,6.71095857199246,1,1,"Nfe2l2","C1qb",0.2,0.04
0.0801647355016472,6.71095857199246,1,1,"Ergic3","C1qb",0.2,0.04
0.0801647355016472,6.71095857199246,1,1,"Stx16","C1qb",0.2,0.04
0.0801647355016472,6.71095857199246,1,1,"Rnf13","C1qb",0.2,0.04
0.0801647355016472,6.71095857199246,1,1,"Acadm","C1qb",0.2,0.04
0.0801647355016472,6.71095857199246,1,1,"Asph","C1qb",0.2,0.04
0.0801647355016472,6.71095857199246,1,1,"Chmp5","C1qb",0.2,0.04
0.0801647355016472,6.71095857199246,1,1,"Rraga","C1qb",0.2,0.04
0.0801647355016472,6.71095857199246,1,1,"Ppm1g","C1qb",0.2,0.04
0.0801647355016472,6.71095857199246,1,1,"Lap3","C1qb",0.2,0.04
0.0801647355016472,6.71095857199246,1,1,"Sbno1","C1qb",0.2,0.04
0.0801647355016472,6.71095857199246,1,1,"Scarb1","C1qb",0.2,0.04
0.0801647355016472,6.71095857199246,1,1,"Lrwd1","C1qb",0.2,0.04
0.0801647355016472,6.71095857199246,1,1,"Ubn2","C1qb",0.2,0.04
0.0801647355016472,6.71095857199246,1,1,"Atf7ip","C1qb",0.2,0.04
0.0801647355016472,6.71095857199246,1,1,"Polr2i","C1qb",0.2,0.04
0.0801647355016472,6.71095857199246,1,1,"Rbbp6","C1qb",0.2,0.04
0.0801647355016472,6.71095857199246,1,1,"Cdipt","C1qb",0.2,0.04
0.0801647355016472,6.71095857199246,1,1,"Tspan4","C1qb",0.2,0.04
0.0801647355016472,6.71095857199246,1,1,"Tspan32","C1qb",0.2,0.04
0.0801647355016472,6.71095857199246,1,1,"Sar1a","C1qb",0.2,0.04
0.0801647355016472,6.71095857199246,1,1,"Sbno2","C1qb",0.2,0.04
0.0801647355016472,6.71095857199246,1,1,"Spic","C1qb",0.2,0.04
0.0801647355016472,6.71095857199246,1,1,"Vps36","C1qb",0.2,0.04
0.0801647355016472,6.71095857199246,1,1,"Kxd1","C1qb",0.2,0.04
0.0801647355016472,6.71095857199246,1,1,"Ripor1","C1qb",0.2,0.04
0.0801647355016472,6.71095857199246,1,1,"Mrps16","C1qb",0.2,0.04
0.0801647355016472,6.71095857199246,1,1,"Prkcsh","C1qb",0.2,0.04
0.0801647355016472,6.71095857199246,1,1,"Slu7","C1qb",0.2,0.04
0.0801647355016472,6.71095857199246,1,1,"Cnot6","C1qb",0.2,0.04
0.0801647355016472,6.71095857199246,1,1,"Vezf1","C1qb",0.2,0.04
0.0801647355016472,6.71095857199246,1,1,"Zkscan3","C1qb",0.2,0.04
0.0801647355016472,6.71095857199246,1,1,"Tspan13","C1qb",0.2,0.04
0.0801647355016472,6.71095857199246,1,1,"Atxn10","C1qb",0.2,0.04
0.0801647355016472,6.71095857199246,1,1,"Psmd2","C1qb",0.2,0.04
0.0801647355016472,6.71095857199246,1,1,"Ppp1r2","C1qb",0.2,0.04
0.0801647355016472,6.71095857199246,1,1,"Nrip1","C1qb",0.2,0.04
0.0801647355016472,6.71095857199246,1,1,"Lsm2","C1qb",0.2,0.04
0.0801647355016472,6.71095857199246,1,1,"Dpy30","C1qb",0.2,0.04
0.0801647355016472,6.71095857199246,1,1,"Mrpl21","C1qb",0.2,0.04
0.0801647355016472,6.71095857199246,1,1,"Abhd17b","C1qb",0.2,0.04
-0.0761359832705206,8.19764471632048,1,1,"Aldh2","C1qb",0.2,0.04
-0.0761359832705206,8.19764471632048,1,1,"Mtdh","C1qb",0.2,0.04
-0.0761359832705206,8.19764471632048,1,1,"Myl12a","C1qb",0.2,0.04
0.0693327520833515,8.20436773141928,1,1,"Prdx2","C1qb",0.2,0.04
-0.0570029331757271,8.72849395579652,1,1,"Tmed2","C1qb",0.2,0.04
-0.0538256705922387,7.91654494145263,1,1,"Tax1bp1","C1qb",0.2,0.04
0.0434138778018807,8.13751988259931,1,1,"Tmed9","C1qb",0.2,0.04
0.0363268069256624,7.41089761073919,1,1,"Ctsa","C1qb",0.2,0.04
0.0363268069256624,7.41089761073919,1,1,"Hprt","C1qb",0.2,0.04
0.0363268069256624,7.41089761073919,1,1,"Ube2m","C1qb",0.2,0.04
0.0363268069256624,7.41089761073919,1,1,"Psma1","C1qb",0.2,0.04
0.0363268069256624,7.41089761073919,1,1,"Imp3","C1qb",0.2,0.04
0.0363268069256624,7.41089761073919,1,1,"Apobec3","C1qb",0.2,0.04
-0.0340802784601612,8.97404152271412,1,1,"Rps27l","C1qb",0.2,0.04
-0.0330330683902474,9.06481998089857,1,1,"Atp5h","C1qb",0.2,0.04
0.0310423926695632,8.43878659387104,1,1,"Tpm3","C1qb",0.2,0.04
0.0264405764285034,7.66445567568051,1,1,"Ndufab1","C1qb",0.2,0.04
0.0264405764285034,7.66445567568051,1,1,"Mrpl23","C1qb",0.2,0.04
0.0264405764285034,7.66445567568051,1,1,"Lrp1","C1qb",0.2,0.04
0.0264405764285034,7.66445567568051,1,1,"Mef2c","C1qb",0.2,0.04
0.0264405764285034,7.66445567568051,1,1,"Eif2s1","C1qb",0.2,0.04
0.0228362177049472,8.68783153141387,1,1,"Eif3f","C1qb",0.2,0.04
0.0196125330908033,7.8800114558855,1,1,"Rer1","C1qb",0.2,0.04
0.0196125330908033,7.8800114558855,1,1,"Trir","C1qb",0.2,0.04
-0.0176460501058412,8.91770750074983,1,1,"Cox5a","C1qb",0.2,0.04
-0.0176111894221765,8.32315089864912,1,1,"Tln1","C1qb",0.2,0.04
-0.0175990207014547,8.16792315561774,1,1,"Cox7b","C1qb",0.2,0.04
-0.0175990207014547,8.16792315561774,1,1,"Selenof","C1qb",0.2,0.04
-0.0175990207014547,8.16792315561774,1,1,"Irf8","C1qb",0.2,0.04
-0.0175626152297782,7.79607537292765,1,1,"Mafb","C1qb",0.2,0.04
-0.0175626152297782,7.79607537292765,1,1,"Smc1a","C1qb",0.2,0.04
-0.0175626152297782,7.79607537292765,1,1,"Mdh2","C1qb",0.2,0.04
-0.0175626152297782,7.79607537292765,1,1,"Dnajc3","C1qb",0.2,0.04
-0.0175626152297782,7.79607537292765,1,1,"Nhp2","C1qb",0.2,0.04
-0.0175626152297782,7.79607537292765,1,1,"Eif4b","C1qb",0.2,0.04
-0.0175335991190474,7.56666687698111,1,1,"Chchd1","C1qb",0.2,0.04
-0.0175335991190474,7.56666687698111,1,1,"Sept7","C1qb",0.2,0.04
-0.0175335991190474,7.56666687698111,1,1,"Eif1b","C1qb",0.2,0.04
-0.0175335991190474,7.56666687698111,1,1,"Ube2d2a","C1qb",0.2,0.04
-0.0175335991190474,7.56666687698111,1,1,"Ptprcap","C1qb",0.2,0.04
-0.0174902542820842,7.29373291487977,1,1,"Mpc2","C1qb",0.2,0.04
-0.0174902542820842,7.29373291487977,1,1,"Mob1a","C1qb",0.2,0.04
-0.0174902542820842,7.29373291487977,1,1,"Sec11a","C1qb",0.2,0.04
-0.0174902542820842,7.29373291487977,1,1,"Ddx46","C1qb",0.2,0.04
-0.0174902542820842,7.29373291487977,1,1,"Eif3d","C1qb",0.2,0.04
-0.0174902542820842,7.29373291487977,1,1,"Sod2","C1qb",0.2,0.04
-0.0174184871736225,6.95679641177859,1,1,"Pdha1","C1qb",0.2,0.04
-0.0174184871736225,6.95679641177859,1,1,"Aimp1","C1qb",0.2,0.04
-0.0174184871736225,6.95679641177859,1,1,"Thrap3","C1qb",0.2,0.04
-0.0174184871736225,6.95679641177859,1,1,"Chic2","C1qb",0.2,0.04
-0.0174184871736225,6.95679641177859,1,1,"R3hdm4","C1qb",0.2,0.04
-0.0174184871736225,6.95679641177859,1,1,"Eea1","C1qb",0.2,0.04
-0.0174184871736225,6.95679641177859,1,1,"Herpud1","C1qb",0.2,0.04
-0.0174184871736225,6.95679641177859,1,1,"Elof1","C1qb",0.2,0.04
-0.0174184871736225,6.95679641177859,1,1,"Twf2","C1qb",0.2,0.04
-0.0174184871736225,6.95679641177859,1,1,"Ctnnb1","C1qb",0.2,0.04
-0.0174184871736225,6.95679641177859,1,1,"Zmiz2","C1qb",0.2,0.04
-0.0174184871736225,6.95679641177859,1,1,"Mrpl13","C1qb",0.2,0.04
-0.0174184871736225,6.95679641177859,1,1,"Aco2","C1qb",0.2,0.04
-0.0174184871736225,6.95679641177859,1,1,"Brd1","C1qb",0.2,0.04
-0.0174184871736225,6.95679641177859,1,1,"Cnpy3","C1qb",0.2,0.04
-0.0174184871736225,6.95679641177859,1,1,"Bin1","C1qb",0.2,0.04
-0.0172767054715661,6.51634002396111,1,1,"Cops5","C1qb",0.2,0.04
-0.0172767054715661,6.51634002396111,1,1,"Usp40","C1qb",0.2,0.04
-0.0172767054715661,6.51634002396111,1,1,"Ahctf1","C1qb",0.2,0.04
-0.0172767054715661,6.51634002396111,1,1,"Abl1","C1qb",0.2,0.04
-0.0172767054715661,6.51634002396111,1,1,"Zfp217","C1qb",0.2,0.04
-0.0172767054715661,6.51634002396111,1,1,"Mcts1","C1qb",0.2,0.04
-0.0172767054715661,6.51634002396111,1,1,"Arhgef6","C1qb",0.2,0.04
-0.0172767054715661,6.51634002396111,1,1,"S100a1","C1qb",0.2,0.04
-0.0172767054715661,6.51634002396111,1,1,"Bola1","C1qb",0.2,0.04
-0.0172767054715661,6.51634002396111,1,1,"Sec22b","C1qb",0.2,0.04
-0.0172767054715661,6.51634002396111,1,1,"Dnajb14","C1qb",0.2,0.04
-0.0172767054715661,6.51634002396111,1,1,"Clic4","C1qb",0.2,0.04
-0.0172767054715661,6.51634002396111,1,1,"Ube2j2","C1qb",0.2,0.04
-0.0172767054715661,6.51634002396111,1,1,"Srpk2","C1qb",0.2,0.04
-0.0172767054715661,6.51634002396111,1,1,"Lrpap1","C1qb",0.2,0.04
-0.0172767054715661,6.51634002396111,1,1,"Mrps18c","C1qb",0.2,0.04
-0.0172767054715661,6.51634002396111,1,1,"Mepce","C1qb",0.2,0.04
-0.0172767054715661,6.51634002396111,1,1,"Psmg3","C1qb",0.2,0.04
-0.0172767054715661,6.51634002396111,1,1,"Emc3","C1qb",0.2,0.04
-0.0172767054715661,6.51634002396111,1,1,"Bub3","C1qb",0.2,0.04
-0.0172767054715661,6.51634002396111,1,1,"Arid3a","C1qb",0.2,0.04
-0.0172767054715661,6.51634002396111,1,1,"Hook3","C1qb",0.2,0.04
-0.0172767054715661,6.51634002396111,1,1,"Sugt1","C1qb",0.2,0.04
-0.0172767054715661,6.51634002396111,1,1,"Wdr61","C1qb",0.2,0.04
-0.0172767054715661,6.51634002396111,1,1,"Drg1","C1qb",0.2,0.04
-0.0172767054715661,6.51634002396111,1,1,"Commd1","C1qb",0.2,0.04
-0.0172767054715661,6.51634002396111,1,1,"Nufip2","C1qb",0.2,0.04
-0.0172767054715661,6.51634002396111,1,1,"Supt6","C1qb",0.2,0.04
-0.0172767054715661,6.51634002396111,1,1,"Ndufaf8","C1qb",0.2,0.04
-0.0172767054715661,6.51634002396111,1,1,"Gmnn","C1qb",0.2,0.04
-0.0172767054715661,6.51634002396111,1,1,"Tubb2a","C1qb",0.2,0.04
-0.0172767054715661,6.51634002396111,1,1,"Heatr5a","C1qb",0.2,0.04
-0.0172767054715661,6.51634002396111,1,1,"Nol12","C1qb",0.2,0.04
-0.0172767054715661,6.51634002396111,1,1,"Lima1","C1qb",0.2,0.04
-0.0172767054715661,6.51634002396111,1,1,"Traf7","C1qb",0.2,0.04
-0.0172767054715661,6.51634002396111,1,1,"2310039H08Rik","C1qb",0.2,0.04
-0.0172767054715661,6.51634002396111,1,1,"Fbxo11","C1qb",0.2,0.04
-0.0172767054715661,6.51634002396111,1,1,"Npc1","C1qb",0.2,0.04
-0.0172767054715661,6.51634002396111,1,1,"Mrpl11","C1qb",0.2,0.04
-0.0172767054715661,6.51634002396111,1,1,"Rab1b","C1qb",0.2,0.04
-0.0172767054715661,6.51634002396111,1,1,"Atad1","C1qb",0.2,0.04
-0.0172767054715661,6.51634002396111,1,1,"Ldb1","C1qb",0.2,0.04
-0.0168648791743398,5.8790492858113,1,1,"Lman2l","C1qb",0.2,0.04
-0.0168648791743398,5.8790492858113,1,1,"Fam126b","C1qb",0.2,0.04
-0.0168648791743398,5.8790492858113,1,1,"Creb1","C1qb",0.2,0.04
-0.0168648791743398,5.8790492858113,1,1,"Scly","C1qb",0.2,0.04
-0.0168648791743398,5.8790492858113,1,1,"Btg2","C1qb",0.2,0.04
-0.0168648791743398,5.8790492858113,1,1,"Fcgr4","C1qb",0.2,0.04
-0.0168648791743398,5.8790492858113,1,1,"Usf1","C1qb",0.2,0.04
-0.0168648791743398,5.8790492858113,1,1,"Pea15a","C1qb",0.2,0.04
-0.0168648791743398,5.8790492858113,1,1,"Cep170","C1qb",0.2,0.04
-0.0168648791743398,5.8790492858113,1,1,"Upf2","C1qb",0.2,0.04
-0.0168648791743398,5.8790492858113,1,1,"Pfkfb3","C1qb",0.2,0.04
-0.0168648791743398,5.8790492858113,1,1,"Mindy3","C1qb",0.2,0.04
-0.0168648791743398,5.8790492858113,1,1,"Arrdc1","C1qb",0.2,0.04
-0.0168648791743398,5.8790492858113,1,1,"Tmem203","C1qb",0.2,0.04
-0.0168648791743398,5.8790492858113,1,1,"Paxx","C1qb",0.2,0.04
-0.0168648791743398,5.8790492858113,1,1,"Rabl6","C1qb",0.2,0.04
-0.0168648791743398,5.8790492858113,1,1,"Endog","C1qb",0.2,0.04
-0.0168648791743398,5.8790492858113,1,1,"Ntmt1","C1qb",0.2,0.04
-0.0168648791743398,5.8790492858113,1,1,"Tor2a","C1qb",0.2,0.04
-0.0168648791743398,5.8790492858113,1,1,"Cntrl","C1qb",0.2,0.04
-0.0168648791743398,5.8790492858113,1,1,"Ggta1","C1qb",0.2,0.04
-0.0168648791743398,5.8790492858113,1,1,"Dennd1a","C1qb",0.2,0.04
-0.0168648791743398,5.8790492858113,1,1,"Chst1","C1qb",0.2,0.04
-0.0168648791743398,5.8790492858113,1,1,"Thbs1","C1qb",0.2,0.04
-0.0168648791743398,5.8790492858113,1,1,"Plcb2","C1qb",0.2,0.04
-0.0168648791743398,5.8790492858113,1,1,"Cdan1","C1qb",0.2,0.04
-0.0168648791743398,5.8790492858113,1,1,"Psmf1","C1qb",0.2,0.04
-0.0168648791743398,5.8790492858113,1,1,"Mrgbp","C1qb",0.2,0.04
-0.0168648791743398,5.8790492858113,1,1,"Stard8","C1qb",0.2,0.04
-0.0168648791743398,5.8790492858113,1,1,"Atp7a","C1qb",0.2,0.04
-0.0168648791743398,5.8790492858113,1,1,"Sh3kbp1","C1qb",0.2,0.04
-0.0168648791743398,5.8790492858113,1,1,"Pex2","C1qb",0.2,0.04
-0.0168648791743398,5.8790492858113,1,1,"Lrrcc1","C1qb",0.2,0.04
-0.0168648791743398,5.8790492858113,1,1,"Etfdh","C1qb",0.2,0.04
-0.0168648791743398,5.8790492858113,1,1,"Lmna","C1qb",0.2,0.04
-0.0168648791743398,5.8790492858113,1,1,"Trim33","C1qb",0.2,0.04
-0.0168648791743398,5.8790492858113,1,1,"Trmt13","C1qb",0.2,0.04
-0.0168648791743398,5.8790492858113,1,1,"Fnbp1l","C1qb",0.2,0.04
-0.0168648791743398,5.8790492858113,1,1,"Ppa2","C1qb",0.2,0.04
-0.0168648791743398,5.8790492858113,1,1,"Rpf1","C1qb",0.2,0.04
-0.0168648791743398,5.8790492858113,1,1,"Virma","C1qb",0.2,0.04
-0.0168648791743398,5.8790492858113,1,1,"Nbn","C1qb",0.2,0.04
-0.0168648791743398,5.8790492858113,1,1,"Ccnc","C1qb",0.2,0.04
-0.0168648791743398,5.8790492858113,1,1,"Rpp25l","C1qb",0.2,0.04
-0.0168648791743398,5.8790492858113,1,1,"Rnf11","C1qb",0.2,0.04
-0.0168648791743398,5.8790492858113,1,1,"Phactr4","C1qb",0.2,0.04
-0.0168648791743398,5.8790492858113,1,1,"Tmem201","C1qb",0.2,0.04
-0.0168648791743398,5.8790492858113,1,1,"Nol9","C1qb",0.2,0.04
-0.0168648791743398,5.8790492858113,1,1,"C1qtnf12","C1qb",0.2,0.04
-0.0168648791743398,5.8790492858113,1,1,"5031425E22Rik","C1qb",0.2,0.04
-0.0168648791743398,5.8790492858113,1,1,"Tapt1","C1qb",0.2,0.04
-0.0168648791743398,5.8790492858113,1,1,"Pgm1","C1qb",0.2,0.04
-0.0168648791743398,5.8790492858113,1,1,"Grsf1","C1qb",0.2,0.04
-0.0168648791743398,5.8790492858113,1,1,"Sdad1","C1qb",0.2,0.04
-0.0168648791743398,5.8790492858113,1,1,"Aff1","C1qb",0.2,0.04
-0.0168648791743398,5.8790492858113,1,1,"Lrrc8b","C1qb",0.2,0.04
-0.0168648791743398,5.8790492858113,1,1,"Sfswap","C1qb",0.2,0.04
-0.0168648791743398,5.8790492858113,1,1,"Plod3","C1qb",0.2,0.04
-0.0168648791743398,5.8790492858113,1,1,"Ppp1r35","C1qb",0.2,0.04
-0.0168648791743398,5.8790492858113,1,1,"Taf6","C1qb",0.2,0.04
-0.0168648791743398,5.8790492858113,1,1,"Zfp157","C1qb",0.2,0.04
-0.0168648791743398,5.8790492858113,1,1,"Mad1l1","C1qb",0.2,0.04
-0.0168648791743398,5.8790492858113,1,1,"B3glct","C1qb",0.2,0.04
-0.0168648791743398,5.8790492858113,1,1,"Tmem106b","C1qb",0.2,0.04
-0.0168648791743398,5.8790492858113,1,1,"Tmem168","C1qb",0.2,0.04
-0.0168648791743398,5.8790492858113,1,1,"Ing3","C1qb",0.2,0.04
-0.0168648791743398,5.8790492858113,1,1,"Ahcyl2","C1qb",0.2,0.04
-0.0168648791743398,5.8790492858113,1,1,"Kdm7a","C1qb",0.2,0.04
-0.0168648791743398,5.8790492858113,1,1,"Adck2","C1qb",0.2,0.04
-0.0168648791743398,5.8790492858113,1,1,"Ggct","C1qb",0.2,0.04
-0.0168648791743398,5.8790492858113,1,1,"Gadd45a","C1qb",0.2,0.04
-0.0168648791743398,5.8790492858113,1,1,"Isy1","C1qb",0.2,0.04
-0.0168648791743398,5.8790492858113,1,1,"March8","C1qb",0.2,0.04
-0.0168648791743398,5.8790492858113,1,1,"Bid","C1qb",0.2,0.04
-0.0168648791743398,5.8790492858113,1,1,"Hspbp1","C1qb",0.2,0.04
-0.0168648791743398,5.8790492858113,1,1,"Ppp5c","C1qb",0.2,0.04
-0.0168648791743398,5.8790492858113,1,1,"Trappc6a","C1qb",0.2,0.04
-0.0168648791743398,5.8790492858113,1,1,"Smg9","C1qb",0.2,0.04
-0.0168648791743398,5.8790492858113,1,1,"Sertad1","C1qb",0.2,0.04
-0.0168648791743398,5.8790492858113,1,1,"Hcst","C1qb",0.2,0.04
-0.0168648791743398,5.8790492858113,1,1,"Crebzf","C1qb",0.2,0.04
-0.0168648791743398,5.8790492858113,1,1,"Wee1","C1qb",0.2,0.04
-0.0168648791743398,5.8790492858113,1,1,"Itgad","C1qb",0.2,0.04
-0.0168648791743398,5.8790492858113,1,1,"Sec23ip","C1qb",0.2,0.04
-0.0168648791743398,5.8790492858113,1,1,"Zfp511","C1qb",0.2,0.04
-0.0168648791743398,5.8790492858113,1,1,"Ppfia1","C1qb",0.2,0.04
-0.0168648791743398,5.8790492858113,1,1,"Pkib","C1qb",0.2,0.04
-0.0168648791743398,5.8790492858113,1,1,"Slc29a3","C1qb",0.2,0.04
-0.0168648791743398,5.8790492858113,1,1,"Ggt5","C1qb",0.2,0.04
-0.0168648791743398,5.8790492858113,1,1,"Med16","C1qb",0.2,0.04
-0.0168648791743398,5.8790492858113,1,1,"Midn","C1qb",0.2,0.04
-0.0168648791743398,5.8790492858113,1,1,"Cactin","C1qb",0.2,0.04
-0.0168648791743398,5.8790492858113,1,1,"Fzr1","C1qb",0.2,0.04
-0.0168648791743398,5.8790492858113,1,1,"Tmem263","C1qb",0.2,0.04
-0.0168648791743398,5.8790492858113,1,1,"Uhrf1bp1l","C1qb",0.2,0.04
-0.0168648791743398,5.8790492858113,1,1,"Coq10a","C1qb",0.2,0.04
-0.0168648791743398,5.8790492858113,1,1,"Hgsnat","C1qb",0.2,0.04
-0.0168648791743398,5.8790492858113,1,1,"Acsl1","C1qb",0.2,0.04
-0.0168648791743398,5.8790492858113,1,1,"Mpv17l2","C1qb",0.2,0.04
-0.0168648791743398,5.8790492858113,1,1,"Babam1","C1qb",0.2,0.04
-0.0168648791743398,5.8790492858113,1,1,"Nae1","C1qb",0.2,0.04
-0.0168648791743398,5.8790492858113,1,1,"Ranbp10","C1qb",0.2,0.04
-0.0168648791743398,5.8790492858113,1,1,"Cog4","C1qb",0.2,0.04
-0.0168648791743398,5.8790492858113,1,1,"Ddx19a","C1qb",0.2,0.04
-0.0168648791743398,5.8790492858113,1,1,"3830406C13Rik","C1qb",0.2,0.04
-0.0168648791743398,5.8790492858113,1,1,"Mapk8","C1qb",0.2,0.04
-0.0168648791743398,5.8790492858113,1,1,"Cgrrf1","C1qb",0.2,0.04
-0.0168648791743398,5.8790492858113,1,1,"Dhrs1","C1qb",0.2,0.04
-0.0168648791743398,5.8790492858113,1,1,"Zmym2","C1qb",0.2,0.04
-0.0168648791743398,5.8790492858113,1,1,"Lpar6","C1qb",0.2,0.04
-0.0168648791743398,5.8790492858113,1,1,"Gtf2f2","C1qb",0.2,0.04
-0.0168648791743398,5.8790492858113,1,1,"Dis3","C1qb",0.2,0.04
-0.0168648791743398,5.8790492858113,1,1,"Pcsk7","C1qb",0.2,0.04
-0.0168648791743398,5.8790492858113,1,1,"Pml","C1qb",0.2,0.04
-0.0168648791743398,5.8790492858113,1,1,"Myo9a","C1qb",0.2,0.04
-0.0168648791743398,5.8790492858113,1,1,"Cln6","C1qb",0.2,0.04
-0.0168648791743398,5.8790492858113,1,1,"Zfp280d","C1qb",0.2,0.04
-0.0168648791743398,5.8790492858113,1,1,"Myo5a","C1qb",0.2,0.04
-0.0168648791743398,5.8790492858113,1,1,"Tbc1d2b","C1qb",0.2,0.04
-0.0168648791743398,5.8790492858113,1,1,"Xrn1","C1qb",0.2,0.04
-0.0168648791743398,5.8790492858113,1,1,"Srprb","C1qb",0.2,0.04
-0.0168648791743398,5.8790492858113,1,1,"Atp2c1","C1qb",0.2,0.04
-0.0168648791743398,5.8790492858113,1,1,"Klhl18","C1qb",0.2,0.04
-0.0168648791743398,5.8790492858113,1,1,"Selenom","C1qb",0.2,0.04
-0.0168648791743398,5.8790492858113,1,1,"Ahsa2","C1qb",0.2,0.04
-0.0168648791743398,5.8790492858113,1,1,"Cfap36","C1qb",0.2,0.04
-0.0168648791743398,5.8790492858113,1,1,"Pdlim4","C1qb",0.2,0.04
-0.0168648791743398,5.8790492858113,1,1,"Srebf1","C1qb",0.2,0.04
-0.0168648791743398,5.8790492858113,1,1,"Mmgt2","C1qb",0.2,0.04
-0.0168648791743398,5.8790492858113,1,1,"Pmp22","C1qb",0.2,0.04
-0.0168648791743398,5.8790492858113,1,1,"Mpdu1","C1qb",0.2,0.04
-0.0168648791743398,5.8790492858113,1,1,"Ube2g1","C1qb",0.2,0.04
-0.0168648791743398,5.8790492858113,1,1,"Atp2a3","C1qb",0.2,0.04
-0.0168648791743398,5.8790492858113,1,1,"Rad51d","C1qb",0.2,0.04
-0.0168648791743398,5.8790492858113,1,1,"Mtmr4","C1qb",0.2,0.04
-0.0168648791743398,5.8790492858113,1,1,"Samd14","C1qb",0.2,0.04
-0.0168648791743398,5.8790492858113,1,1,"Atp6v0a1","C1qb",0.2,0.04
-0.0168648791743398,5.8790492858113,1,1,"Fmnl1","C1qb",0.2,0.04
-0.0168648791743398,5.8790492858113,1,1,"Map3k3","C1qb",0.2,0.04
-0.0168648791743398,5.8790492858113,1,1,"Amz2","C1qb",0.2,0.04
-0.0168648791743398,5.8790492858113,1,1,"Chmp6","C1qb",0.2,0.04
-0.0168648791743398,5.8790492858113,1,1,"Aatk","C1qb",0.2,0.04
-0.0168648791743398,5.8790492858113,1,1,"Foxk2","C1qb",0.2,0.04
-0.0168648791743398,5.8790492858113,1,1,"Hist1h2ae","C1qb",0.2,0.04
-0.0168648791743398,5.8790492858113,1,1,"Cltb","C1qb",0.2,0.04
-0.0168648791743398,5.8790492858113,1,1,"Dapk1","C1qb",0.2,0.04
-0.0168648791743398,5.8790492858113,1,1,"Fam172a","C1qb",0.2,0.04
-0.0168648791743398,5.8790492858113,1,1,"Gtf2h2","C1qb",0.2,0.04
-0.0168648791743398,5.8790492858113,1,1,"Slc38a9","C1qb",0.2,0.04
-0.0168648791743398,5.8790492858113,1,1,"Lpin1","C1qb",0.2,0.04
-0.0168648791743398,5.8790492858113,1,1,"Scfd1","C1qb",0.2,0.04
-0.0168648791743398,5.8790492858113,1,1,"Pygl","C1qb",0.2,0.04
-0.0168648791743398,5.8790492858113,1,1,"Prkch","C1qb",0.2,0.04
-0.0168648791743398,5.8790492858113,1,1,"Plekhg3","C1qb",0.2,0.04
-0.0168648791743398,5.8790492858113,1,1,"Acyp1","C1qb",0.2,0.04
-0.0168648791743398,5.8790492858113,1,1,"Cinp","C1qb",0.2,0.04
-0.0168648791743398,5.8790492858113,1,1,"Lifr","C1qb",0.2,0.04
-0.0168648791743398,5.8790492858113,1,1,"Pycrl","C1qb",0.2,0.04
-0.0168648791743398,5.8790492858113,1,1,"Plec","C1qb",0.2,0.04
-0.0168648791743398,5.8790492858113,1,1,"Smarcd1","C1qb",0.2,0.04
-0.0168648791743398,5.8790492858113,1,1,"Cers5","C1qb",0.2,0.04
-0.0168648791743398,5.8790492858113,1,1,"Dip2b","C1qb",0.2,0.04
-0.0168648791743398,5.8790492858113,1,1,"Spidr","C1qb",0.2,0.04
-0.0168648791743398,5.8790492858113,1,1,"Mrap","C1qb",0.2,0.04
-0.0168648791743398,5.8790492858113,1,1,"Tmem50b","C1qb",0.2,0.04
-0.0168648791743398,5.8790492858113,1,1,"Dyrk1a","C1qb",0.2,0.04
-0.0168648791743398,5.8790492858113,1,1,"Prdm15","C1qb",0.2,0.04
-0.0168648791743398,5.8790492858113,1,1,"Fam120b","C1qb",0.2,0.04
-0.0168648791743398,5.8790492858113,1,1,"Zfp994","C1qb",0.2,0.04
-0.0168648791743398,5.8790492858113,1,1,"Tsc2","C1qb",0.2,0.04
-0.0168648791743398,5.8790492858113,1,1,"Wdr24","C1qb",0.2,0.04
-0.0168648791743398,5.8790492858113,1,1,"Mcrip2","C1qb",0.2,0.04
-0.0168648791743398,5.8790492858113,1,1,"Taf11","C1qb",0.2,0.04
-0.0168648791743398,5.8790492858113,1,1,"Def6","C1qb",0.2,0.04
-0.0168648791743398,5.8790492858113,1,1,"Zfand3","C1qb",0.2,0.04
-0.0168648791743398,5.8790492858113,1,1,"Flot1","C1qb",0.2,0.04
-0.0168648791743398,5.8790492858113,1,1,"Gpr108","C1qb",0.2,0.04
-0.0168648791743398,5.8790492858113,1,1,"Fbxl17","C1qb",0.2,0.04
-0.0168648791743398,5.8790492858113,1,1,"Lrpprc","C1qb",0.2,0.04
-0.0168648791743398,5.8790492858113,1,1,"Prkce","C1qb",0.2,0.04
-0.0168648791743398,5.8790492858113,1,1,"Svil","C1qb",0.2,0.04
-0.0168648791743398,5.8790492858113,1,1,"Impact","C1qb",0.2,0.04
-0.0168648791743398,5.8790492858113,1,1,"Rprd1a","C1qb",0.2,0.04
-0.0168648791743398,5.8790492858113,1,1,"Apc","C1qb",0.2,0.04
-0.0168648791743398,5.8790492858113,1,1,"Kdm3b","C1qb",0.2,0.04
-0.0168648791743398,5.8790492858113,1,1,"Ankhd1","C1qb",0.2,0.04
-0.0168648791743398,5.8790492858113,1,1,"Rbm14","C1qb",0.2,0.04
-0.0168648791743398,5.8790492858113,1,1,"Yif1a","C1qb",0.2,0.04
-0.0168648791743398,5.8790492858113,1,1,"Kat5","C1qb",0.2,0.04
-0.0168648791743398,5.8790492858113,1,1,"Syvn1","C1qb",0.2,0.04
-0.0168648791743398,5.8790492858113,1,1,"Gcnt1","C1qb",0.2,0.04
-0.0168648791743398,5.8790492858113,1,1,"Cfap43","C1qb",0.2,0.04
-0.0168648791743398,5.8790492858113,1,1,"Dclre1a","C1qb",0.2,0.04
0.0146136842304049,8.06748650330028,1,1,"Cct2","C1qb",0.2,0.04
0.00716088460524915,11.317246514425,1,1,"Rpl12","C1qb",0.2,0.04
-0.00389216152403425,9.21684010360688,1,1,"Zeb2","C1qb",0.2,0.04
